t,mode,pitch,roll,th,thd,th_kin,th_bias,l_pend,v,v_ref,x_err,lifted,a0,a1,a2,a3,hL,hR,IhL,IhR,tauwL,tauwR,IwL,IwR,fault
1791370085.3412366,disarmed,-0.015578249602873637,-0.005400650721106634,0.0,0.0,-0.08126060329150546,0.0,0.1291563573025948,0.0,0.0,0.0,False,0.0,0.0,0.0,0.0,0.1224791,0.1224791,0.0,0.0,0.0,0.0,0.0,0.0,
1791370085.3512099,disarmed,-0.017229052314582258,-0.00550905040078144,0.0,0.0,-0.08126060329150546,0.0,0.1291563573025948,0.0,0.0,0.0,False,0.0,0.0,0.0,0.0,0.1224791,0.1224791,0.0,0.0,0.0,0.0,0.0,0.0,
1791370085.3611932,disarmed,-0.018976045310743216,-0.005604203153236074,0.0,0.0,-0.08126060329150546,0.0,0.1291563573025948,0.0,0.0,0.0,False,0.0,0.0,0.0,0.0,0.1224791,0.1224791,0.0,0.0,0.0,0.0,0.0,0.0,
1791370085.3712256,disarmed,-0.021122131058351767,-0.0054774439149007535,0.0,0.0,-0.08126060329150546,0.0,0.1291563573025948,0.0,0.0,0.0,False,0.0,0.0,0.0,0.0,0.1224791,0.1224791,0.0,0.0,0.0,0.0,0.0,0.0,
1791370085.3812163,disarmed,-0.023230257509752713,-0.005004768330651828,0.0,0.0,-0.08126060329150546,0.0,0.1291563573025948,0.0,0.0,0.0,False,0.0,0.0,0.0,0.0,0.1224791,0.1224791,0.0,0.0,0.0,0.0,0.0,0.0,
1791370085.3912218,disarmed,-0.024836289035083354,-0.004532067309734254,0.0,0.0,-0.08126060329150546,0.0,0.1291563573025948,0.0,0.0,0.0,False,0.0,0.0,0.0,0.0,0.1224791,0.1224791,0.0,0.0,0.0,0.0,0.0,0.0,
1791370085.4011993,disarmed,-0.026382969456385064,-0.0042053717727033235,0.0,0.0,-0.08126060329150546,0.0,0.1291563573025948,0.0,0.0,0.0,False,0.0,0.0,0.0,0.0,0.1224791,0.1224791,0.0,0.0,0.0,0.0,0.0,0.0,
1791370085.4113212,disarmed,-0.028331522964684813,-0.00382247164184279,0.0,0.0,-0.08126060329150546,0.0,0.1291563573025948,0.0,0.0,0.0,False,0.0,0.0,0.0,0.0,0.1224791,0.1224791,0.0,0.0,0.0,0.0,0.0,0.0,
1791370085.4212773,disarmed,-0.030881821575113926,-0.003326154345475976,0.0,0.0,-0.08126060329150546,0.0,0.1291563573025948,0.0,0.0,0.0,False,0.0,0.0,0.0,0.0,0.1224791,0.1224791,0.0,0.0,0.0,0.0,0.0,0.0,
1791370085.4312513,disarmed,-0.033426118590086734,-0.0028355876605567964,0.0,0.0,-0.08126060329150546,0.0,0.1291563573025948,0.0,0.0,0.0,False,0.0,0.0,0.0,0.0,0.1224791,0.1224791,0.0,0.0,0.0,0.0,0.0,0.0,
1791370085.441213,disarmed,-0.035491682876176774,-0.002522631172159893,0.0,0.0,-0.08126060329150546,0.0,0.1291563573025948,0.0,0.0,0.0,False,0.0,0.0,0.0,0.0,0.1224791,0.1224791,0.0,0.0,0.0,0.0,0.0,0.0,
1791370085.451328,disarmed,-0.03711121511995095,-0.0022932452184596806,0.0,0.0,-0.08126060329150546,0.0,0.1291563573025948,0.0,0.0,0.0,False,0.0,0.0,0.0,0.0,0.1224791,0.1224791,0.0,0.0,0.0,0.0,0.0,0.0,
1791370085.4612737,disarmed,-0.03857702890115783,-0.00203698690169849,0.0,0.0,-0.08126060329150546,0.0,0.1291563573025948,0.0,0.0,0.0,False,0.0,0.0,0.0,0.0,0.1224791,0.1224791,0.0,0.0,0.0,0.0,0.0,0.0,
1791370085.471224,disarmed,-0.04024907844163599,-0.001863715625600788,0.0,0.0,-0.08126060329150546,0.0,0.1291563573025948,0.0,0.0,0.0,False,0.0,0.0,0.0,0.0,0.1224791,0.1224791,0.0,0.0,0.0,0.0,0.0,0.0,
1791370085.481213,disarmed,-0.042433715351884345,-0.001883389010077831,0.0,0.0,-0.08126060329150546,0.0,0.1291563573025948,0.0,0.0,0.0,False,0.0,0.0,0.0,0.0,0.1224791,0.1224791,0.0,0.0,0.0,0.0,0.0,0.0,
1791370085.4912395,disarmed,-0.044552357457299116,-0.0020239439299742537,0.0,0.0,-0.08126060329150546,0.0,0.1291563573025948,0.0,0.0,0.0,False,0.0,0.0,0.0,0.0,0.1224791,0.1224791,0.0,0.0,0.0,0.0,0.0,0.0,
1791370085.5012257,disarmed,-0.04631784217818906,-0.0022678605069050496,0.0,0.0,-0.08126060329150546,0.0,0.1291563573025948,0.0,0.0,0.0,False,0.0,0.0,0.0,0.0,0.1224791,0.1224791,0.0,0.0,0.0,0.0,0.0,0.0,
1791370085.5112734,disarmed,-0.04766971912843422,-0.002515744799458614,0.0,0.0,-0.08126060329150546,0.0,0.1291563573025948,0.0,0.0,0.0,False,0.0,0.0,0.0,0.0,0.1224791,0.1224791,0.0,0.0,0.0,0.0,0.0,0.0,
1791370085.521205,disarmed,-0.048616122439332735,-0.0027344956926875674,0.0,0.0,-0.08126060329150546,0.0,0.1291563573025948,0.0,0.0,0.0,False,0.0,0.0,0.0,0.0,0.1224791,0.1224791,0.0,0.0,0.0,0.0,0.0,0.0,
1791370085.5312192,disarmed,-0.049103760814938384,-0.003029646705207519,0.0,0.0,-0.08126060329150546,0.0,0.1291563573025948,0.0,0.0,0.0,False,0.0,0.0,0.0,0.0,0.1224791,0.1224791,0.0,0.0,0.0,0.0,0.0,0.0,
1791370085.541206,disarmed,-0.04945350864997214,-0.003325588597179725,0.0,0.0,-0.08126060329150546,0.0,0.1291563573025948,0.0,0.0,0.0,False,0.0,0.0,0.0,0.0,0.1224791,0.1224791,0.0,0.0,0.0,0.0,0.0,0.0,
1791370085.5512226,disarmed,-0.04990580322213537,-0.0035106115679068013,0.0,0.0,-0.08126060329150546,0.0,0.1291563573025948,0.0,0.0,0.0,False,0.0,0.0,0.0,0.0,0.1224791,0.1224791,0.0,0.0,0.0,0.0,0.0,0.0,
1791370085.5612724,disarmed,-0.05017459610355651,-0.0035813525299498213,0.0,0.0,-0.08126060329150546,0.0,0.1291563573025948,0.0,0.0,0.0,False,0.0,0.0,0.0,0.0,0.1224791,0.1224791,0.0,0.0,0.0,0.0,0.0,0.0,
1791370085.5712032,disarmed,-0.05009151615311041,-0.003589272531057663,0.0,0.0,-0.08126060329150546,0.0,0.1291563573025948,0.0,0.0,0.0,False,0.0,0.0,0.0,0.0,0.1224791,0.1224791,0.0,0.0,0.0,0.0,0.0,0.0,
1791370085.5812984,disarmed,-0.0499137882209894,-0.0034996656339566813,0.0,0.0,-0.08126060329150546,0.0,0.1291563573025948,0.0,0.0,0.0,False,0.0,0.0,0.0,0.0,0.1224791,0.1224791,0.0,0.0,0.0,0.0,0.0,0.0,
1791370085.5912745,disarmed,-0.04983189112772783,-0.003288822813675938,0.0,0.0,-0.08126060329150546,0.0,0.1291563573025948,0.0,0.0,0.0,False,0.0,0.0,0.0,0.0,0.1224791,0.1224791,0.0,0.0,0.0,0.0,0.0,0.0,
1791370085.6012268,disarmed,-0.04972191499361143,-0.0031039445155559274,0.0,0.0,-0.08126060329150546,0.0,0.1291563573025948,0.0,0.0,0.0,False,0.0,0.0,0.0,0.0,0.1224791,0.1224791,0.0,0.0,0.0,0.0,0.0,0.0,
1791370085.611355,disarmed,-0.04909798991741403,-0.0030013989827124025,0.0,0.0,-0.08126060329150546,0.0,0.1291563573025948,0.0,0.0,0.0,False,0.0,0.0,0.0,0.0,0.1224791,0.1224791,0.0,0.0,0.0,0.0,0.0,0.0,
1791370085.6212137,disarmed,-0.04767084772986131,-0.0028821039748553406,0.0,0.0,-0.08126060329150546,0.0,0.1291563573025948,0.0,0.0,0.0,False,0.0,0.0,0.0,0.0,0.1224791,0.1224791,0.0,0.0,0.0,0.0,0.0,0.0,
1791370085.6312184,disarmed,-0.046001317457882884,-0.0027012447089093594,0.0,0.0,-0.08126060329150546,0.0,0.1291563573025948,0.0,0.0,0.0,False,0.0,0.0,0.0,0.0,0.1224791,0.1224791,0.0,0.0,0.0,0.0,0.0,0.0,
1791370085.6412115,disarmed,-0.044405966887371216,-0.002526743173990474,0.0,0.0,-0.08126060329150546,0.0,0.1291563573025948,0.0,0.0,0.0,False,0.0,0.0,0.0,0.0,0.1224791,0.1224791,0.0,0.0,0.0,0.0,0.0,0.0,
1791370085.6512213,disarmed,-0.04311207611611062,-0.002575753403118362,0.0,0.0,-0.08126060329150546,0.0,0.1291563573025948,0.0,0.0,0.0,False,0.0,0.0,0.0,0.0,0.1224791,0.1224791,0.0,0.0,0.0,0.0,0.0,0.0,
1791370085.661206,disarmed,-0.04208508740196986,-0.002266549444480901,0.0,0.0,-0.08126060329150546,0.0,0.1291563573025948,0.0,0.0,0.0,False,0.0,0.0,0.0,0.0,0.1224791,0.1224791,0.0,0.0,0.0,0.0,0.0,0.0,
1791370085.671261,disarmed,-0.040622760605636805,-0.0024978254650177994,0.0,0.0,-0.08126060329150546,0.0,0.1291563573025948,0.0,0.0,0.0,False,0.0,0.0,0.0,0.0,0.1224791,0.1224791,0.0,0.0,0.0,0.0,0.0,0.0,
1791370085.6812277,disarmed,-0.03907025982315253,-0.00268988148836273,0.0,0.0,-0.08126060329150546,0.0,0.1291563573025948,0.0,0.0,0.0,False,0.0,0.0,0.0,0.0,0.1224791,0.1224791,0.0,0.0,0.0,0.0,0.0,0.0,
1791370085.6912384,disarmed,-0.03753461738418544,-0.002900590794350943,0.0,0.0,-0.08126060329150546,0.0,0.1291563573025948,0.0,0.0,0.0,False,0.0,0.0,0.0,0.0,0.1224791,0.1224791,0.0,0.0,0.0,0.0,0.0,0.0,
1791370085.7012134,disarmed,-0.036057365159362816,-0.003022100123256689,0.0,0.0,-0.08126060329150546,0.0,0.1291563573025948,0.0,0.0,0.0,False,0.0,0.0,0.0,0.0,0.1224791,0.1224791,0.0,0.0,0.0,0.0,0.0,0.0,
1791370085.7112668,disarmed,-0.03463291141742823,-0.003503218099166412,0.0,0.0,-0.08126060329150546,0.0,0.1291563573025948,0.0,0.0,0.0,False,0.0,0.0,0.0,0.0,0.1224791,0.1224791,0.0,0.0,0.0,0.0,0.0,0.0,
1791370085.7212212,disarmed,-0.03318007052663695,-0.004564430546494466,0.0,0.0,-0.08126060329150546,0.0,0.1291563573025948,0.0,0.0,0.0,False,0.0,0.0,0.0,0.0,0.1224791,0.1224791,0.0,0.0,0.0,0.0,0.0,0.0,
1791370085.731243,disarmed,-0.031865057462688,-0.004989502676428955,0.0,0.0,-0.08126060329150546,0.0,0.1291563573025948,0.0,0.0,0.0,False,0.0,0.0,0.0,0.0,0.1224791,0.1224791,0.0,0.0,0.0,0.0,0.0,0.0,
1791370085.7412224,disarmed,-0.030403215182203826,-0.005597626691530024,0.0,0.0,-0.08126060329150546,0.0,0.1291563573025948,0.0,0.0,0.0,False,0.0,0.0,0.0,0.0,0.1224791,0.1224791,0.0,0.0,0.0,0.0,0.0,0.0,
1791370085.7512424,disarmed,-0.02882838594378901,-0.006207916521162526,0.0,0.0,-0.08126060329150546,0.0,0.1291563573025948,0.0,0.0,0.0,False,0.0,0.0,0.0,0.0,0.1224791,0.1224791,0.0,0.0,0.0,0.0,0.0,0.0,
1791370085.7612033,disarmed,-0.02737739541171423,-0.006351653573958202,0.0,0.0,-0.08126060329150546,0.0,0.1291563573025948,0.0,0.0,0.0,False,0.0,0.0,0.0,0.0,0.1224791,0.1224791,0.0,0.0,0.0,0.0,0.0,0.0,
1791370085.7712266,disarmed,-0.02595341990035217,-0.00704834828422034,0.0,0.0,-0.08126060329150546,0.0,0.1291563573025948,0.0,0.0,0.0,False,0.0,0.0,0.0,0.0,0.1224791,0.1224791,0.0,0.0,0.0,0.0,0.0,0.0,
1791370085.781208,disarmed,-0.02459471932200447,-0.007233022103865036,0.0,0.0,-0.08126060329150546,0.0,0.1291563573025948,0.0,0.0,0.0,False,0.0,0.0,0.0,0.0,0.1224791,0.1224791,0.0,0.0,0.0,0.0,0.0,0.0,
1791370085.7912989,disarmed,-0.023245730348430436,-0.006919456569852664,0.0,0.0,-0.08126060329150546,0.0,0.1291563573025948,0.0,0.0,0.0,False,0.0,0.0,0.0,0.0,0.1224791,0.1224791,0.0,0.0,0.0,0.0,0.0,0.0,
1791370085.8012235,disarmed,-0.021943519632962937,-0.006518346994629348,0.0,0.0,-0.08126060329150546,0.0,0.1291563573025948,0.0,0.0,0.0,False,0.0,0.0,0.0,0.0,0.1224791,0.1224791,0.0,0.0,0.0,0.0,0.0,0.0,
1791370085.8112633,disarmed,-0.020666774347127426,-0.00558192359633169,0.0,0.0,-0.08126060329150546,0.0,0.1291563573025948,0.0,0.0,0.0,False,0.0,0.0,0.0,0.0,0.1224791,0.1224791,0.0,0.0,0.0,0.0,0.0,0.0,
1791370085.821256,disarmed,-0.019330238261278068,-0.004845341251831761,0.0,0.0,-0.08126060329150546,0.0,0.1291563573025948,0.0,0.0,0.0,False,0.0,0.0,0.0,0.0,0.1224791,0.1224791,0.0,0.0,0.0,0.0,0.0,0.0,
1791370085.8312218,disarmed,-0.01809780749512115,-0.004793226712979067,0.0,0.0,-0.08126060329150546,0.0,0.1291563573025948,0.0,0.0,0.0,False,0.0,0.0,0.0,0.0,0.1224791,0.1224791,0.0,0.0,0.0,0.0,0.0,0.0,
1791370085.8412075,disarmed,-0.016790554378257657,-0.004459514880407614,0.0,0.0,-0.08126060329150546,0.0,0.1291563573025948,0.0,0.0,0.0,False,0.0,0.0,0.0,0.0,0.1224791,0.1224791,0.0,0.0,0.0,0.0,0.0,0.0,
1791370085.8512502,disarmed,-0.015488662135660592,-0.004533720303424885,0.0,0.0,-0.08126060329150546,0.0,0.1291563573025948,0.0,0.0,0.0,False,0.0,0.0,0.0,0.0,0.1224791,0.1224791,0.0,0.0,0.0,0.0,0.0,0.0,
1791370085.861237,disarmed,-0.014183117536055459,-0.004624964640120659,0.0,0.0,-0.08126060329150546,0.0,0.1291563573025948,0.0,0.0,0.0,False,0.0,0.0,0.0,0.0,0.1224791,0.1224791,0.0,0.0,0.0,0.0,0.0,0.0,
1791370085.8711557,disarmed,-0.013103469648099435,-0.004702894696543791,0.0,0.0,-0.08126060329150546,0.0,0.1291563573025948,0.0,0.0,0.0,False,0.0,0.0,0.0,0.0,0.1224791,0.1224791,0.0,0.0,0.0,0.0,0.0,0.0,
1791370085.8812053,disarmed,-0.012203391892474573,-0.004802793827422091,0.0,0.0,-0.08126060329150546,0.0,0.1291563573025948,0.0,0.0,0.0,False,0.0,0.0,0.0,0.0,0.1224791,0.1224791,0.0,0.0,0.0,0.0,0.0,0.0,
1791370085.8912919,disarmed,-0.010684100581770339,-0.004854176352230231,0.0,0.0,-0.08126060329150546,0.0,0.1291563573025948,0.0,0.0,0.0,False,0.0,0.0,0.0,0.0,0.1224791,0.1224791,0.0,0.0,0.0,0.0,0.0,0.0,
1791370085.9012291,disarmed,-0.009117924384149038,-0.004946451459393586,0.0,0.0,-0.08126060329150546,0.0,0.1291563573025948,0.0,0.0,0.0,False,0.0,0.0,0.0,0.0,0.1224791,0.1224791,0.0,0.0,0.0,0.0,0.0,0.0,
1791370085.9112394,disarmed,-0.0076307882772836825,-0.00498075980564467,0.0,0.0,-0.08126060329150546,0.0,0.1291563573025948,0.0,0.0,0.0,False,0.0,0.0,0.0,0.0,0.1224791,0.1224791,0.0,0.0,0.0,0.0,0.0,0.0,
1791370085.921212,disarmed,-0.006334767610804619,-0.0051952164737967595,0.0,0.0,-0.08126060329150546,0.0,0.1291563573025948,0.0,0.0,0.0,False,0.0,0.0,0.0,0.0,0.1224791,0.1224791,0.0,0.0,0.0,0.0,0.0,0.0,
1791370085.9312646,disarmed,-0.005207921947862433,-0.005201943486800303,0.0,0.0,-0.08126060329150546,0.0,0.1291563573025948,0.0,0.0,0.0,False,0.0,0.0,0.0,0.0,0.1224791,0.1224791,0.0,0.0,0.0,0.0,0.0,0.0,
1791370085.9412358,disarmed,-0.00420771804247624,-0.005158710091832099,0.0,0.0,-0.08126060329150546,0.0,0.1291563573025948,0.0,0.0,0.0,False,0.0,0.0,0.0,0.0,0.1224791,0.1224791,0.0,0.0,0.0,0.0,0.0,0.0,
1791370085.951245,disarmed,-0.0029929989125484007,-0.005049552281745263,0.0,0.0,-0.08126060329150546,0.0,0.1291563573025948,0.0,0.0,0.0,False,0.0,0.0,0.0,0.0,0.1224791,0.1224791,0.0,0.0,0.0,0.0,0.0,0.0,
1791370085.9612448,disarmed,-0.001982493032932965,-0.004986668859591118,0.0,0.0,-0.08126060329150546,0.0,0.1291563573025948,0.0,0.0,0.0,False,0.0,0.0,0.0,0.0,0.1224791,0.1224791,0.0,0.0,0.0,0.0,0.0,0.0,
1791370085.9712424,disarmed,-0.0006028387110349798,-0.0049811712397151275,0.0,0.0,-0.08126060329150546,0.0,0.1291563573025948,0.0,0.0,0.0,False,0.0,0.0,0.0,0.0,0.1224791,0.1224791,0.0,0.0,0.0,0.0,0.0,0.0,
1791370085.9812233,disarmed,0.0006190608487302394,-0.004884205977925683,0.0,0.0,-0.08126060329150546,0.0,0.1291563573025948,0.0,0.0,0.0,False,0.0,0.0,0.0,0.0,0.1224791,0.1224791,0.0,0.0,0.0,0.0,0.0,0.0,
1791370085.9913263,disarmed,0.0019214761940162517,-0.004507708343350614,0.0,0.0,-0.08126060329150546,0.0,0.1291563573025948,0.0,0.0,0.0,False,0.0,0.0,0.0,0.0,0.1224791,0.1224791,0.0,0.0,0.0,0.0,0.0,0.0,
1791370086.0012112,disarmed,0.0032548747948287307,-0.00411460206950321,0.0,0.0,-0.08126060329150546,0.0,0.1291563573025948,0.0,0.0,0.0,False,0.0,0.0,0.0,0.0,0.1224791,0.1224791,0.0,0.0,0.0,0.0,0.0,0.0,
1791370086.0112739,disarmed,0.004575271907226903,-0.0037340774987232182,0.0,0.0,-0.08126060329150546,0.0,0.1291563573025948,0.0,0.0,0.0,False,0.0,0.0,0.0,0.0,0.1224791,0.1224791,0.0,0.0,0.0,0.0,0.0,0.0,
1791370086.0212052,disarmed,0.005469379681803835,-0.0035906365927857037,0.0,0.0,-0.08126060329150546,0.0,0.1291563573025948,0.0,0.0,0.0,False,0.0,0.0,0.0,0.0,0.1224791,0.1224791,0.0,0.0,0.0,0.0,0.0,0.0,
1791370086.0312428,disarmed,0.006023335883282352,-0.0036508312839253136,0.0,0.0,-0.08126060329150546,0.0,0.1291563573025948,0.0,0.0,0.0,False,0.0,0.0,0.0,0.0,0.1224791,0.1224791,0.0,0.0,0.0,0.0,0.0,0.0,
1791370086.041205,disarmed,0.006572208761630473,-0.003714342884462563,0.0,0.0,-0.08126060329150546,0.0,0.1291563573025948,0.0,0.0,0.0,False,0.0,0.0,0.0,0.0,0.1224791,0.1224791,0.0,0.0,0.0,0.0,0.0,0.0,
1791370086.0512161,disarmed,0.007146855024554302,-0.003813423573514141,0.0,0.0,-0.08126060329150546,0.0,0.1291563573025948,0.0,0.0,0.0,False,0.0,0.0,0.0,0.0,0.1224791,0.1224791,0.0,0.0,0.0,0.0,0.0,0.0,
1791370086.0612383,disarmed,0.007749639335507662,-0.003970670519171788,0.0,0.0,-0.08126060329150546,0.0,0.1291563573025948,0.0,0.0,0.0,False,0.0,0.0,0.0,0.0,0.1224791,0.1224791,0.0,0.0,0.0,0.0,0.0,0.0,
1791370086.0712893,disarmed,0.008189252752070723,-0.0040662759697291185,0.0,0.0,-0.08126060329150546,0.0,0.1291563573025948,0.0,0.0,0.0,False,0.0,0.0,0.0,0.0,0.1224791,0.1224791,0.0,0.0,0.0,0.0,0.0,0.0,
1791370086.0812116,disarmed,0.008623528902892605,-0.0040913394496530225,0.0,0.0,-0.08126060329150546,0.0,0.1291563573025948,0.0,0.0,0.0,False,0.0,0.0,0.0,0.0,0.1224791,0.1224791,0.0,0.0,0.0,0.0,0.0,0.0,
1791370086.091248,disarmed,0.009150803769466056,-0.004178679467816157,0.0,0.0,-0.08126060329150546,0.0,0.1291563573025948,0.0,0.0,0.0,False,0.0,0.0,0.0,0.0,0.1224791,0.1224791,0.0,0.0,0.0,0.0,0.0,0.0,
1791370086.1012268,disarmed,0.009721948706315112,-0.004191265228581791,0.0,0.0,-0.08126060329150546,0.0,0.1291563573025948,0.0,0.0,0.0,False,0.0,0.0,0.0,0.0,0.1224791,0.1224791,0.0,0.0,0.0,0.0,0.0,0.0,
1791370086.1112018,disarmed,0.010357869770609554,-0.004263431316924695,0.0,0.0,-0.08126060329150546,0.0,0.1291563573025948,0.0,0.0,0.0,False,0.0,0.0,0.0,0.0,0.1224791,0.1224791,0.0,0.0,0.0,0.0,0.0,0.0,
1791370086.121245,disarmed,0.010809689195855406,-0.004584994659260934,0.0,0.0,-0.08126060329150546,0.0,0.1291563573025948,0.0,0.0,0.0,False,0.0,0.0,0.0,0.0,0.1224791,0.1224791,0.0,0.0,0.0,0.0,0.0,0.0,
1791370086.1312346,disarmed,0.011335057152816219,-0.004598636690770951,0.0,0.0,-0.08126060329150546,0.0,0.1291563573025948,0.0,0.0,0.0,False,0.0,0.0,0.0,0.0,0.1224791,0.1224791,0.0,0.0,0.0,0.0,0.0,0.0,
1791370086.1412084,disarmed,0.011719445102232325,-0.004878605713468457,0.0,0.0,-0.08126060329150546,0.0,0.1291563573025948,0.0,0.0,0.0,False,0.0,0.0,0.0,0.0,0.1224791,0.1224791,0.0,0.0,0.0,0.0,0.0,0.0,
1791370086.1512024,disarmed,0.012327866064545211,-0.00485125109438284,0.0,0.0,-0.08126060329150546,0.0,0.1291563573025948,0.0,0.0,0.0,False,0.0,0.0,0.0,0.0,0.1224791,0.1224791,0.0,0.0,0.0,0.0,0.0,0.0,
1791370086.1612058,disarmed,0.012957649455934903,-0.004800226891170025,0.0,0.0,-0.08126060329150546,0.0,0.1291563573025948,0.0,0.0,0.0,False,0.0,0.0,0.0,0.0,0.1224791,0.1224791,0.0,0.0,0.0,0.0,0.0,0.0,
1791370086.1712205,disarmed,0.01361273072407065,-0.004697832802713954,0.0,0.0,-0.08126060329150546,0.0,0.1291563573025948,0.0,0.0,0.0,False,0.0,0.0,0.0,0.0,0.1224791,0.1224791,0.0,0.0,0.0,0.0,0.0,0.0,
1791370086.1812088,disarmed,0.013877030494215764,-0.004589452314271622,0.0,0.0,-0.08126060329150546,0.0,0.1291563573025948,0.0,0.0,0.0,False,0.0,0.0,0.0,0.0,0.1224791,0.1224791,0.0,0.0,0.0,0.0,0.0,0.0,
1791370086.1912782,disarmed,0.014290508659495799,-0.004598298208469238,0.0,0.0,-0.08126060329150546,0.0,0.1291563573025948,0.0,0.0,0.0,False,0.0,0.0,0.0,0.0,0.1224791,0.1224791,0.0,0.0,0.0,0.0,0.0,0.0,
1791370086.201203,disarmed,0.014709054348151713,-0.004380322035013388,0.0,0.0,-0.08126060329150546,0.0,0.1291563573025948,0.0,0.0,0.0,False,0.0,0.0,0.0,0.0,0.1224791,0.1224791,0.0,0.0,0.0,0.0,0.0,0.0,
1791370086.2112103,disarmed,0.014974167918753415,-0.00392883974310956,0.0,0.0,-0.08126060329150546,0.0,0.1291563573025948,0.0,0.0,0.0,False,0.0,0.0,0.0,0.0,0.1224791,0.1224791,0.0,0.0,0.0,0.0,0.0,0.0,
1791370086.2212515,disarmed,0.015822930859351818,-0.003728041390453628,0.0,0.0,-0.08126060329150546,0.0,0.1291563573025948,0.0,0.0,0.0,False,0.0,0.0,0.0,0.0,0.1224791,0.1224791,0.0,0.0,0.0,0.0,0.0,0.0,
1791370086.2312336,disarmed,0.01698597620312724,-0.0036565042621308844,0.0,0.0,-0.08126060329150546,0.0,0.1291563573025948,0.0,0.0,0.0,False,0.0,0.0,0.0,0.0,0.1224791,0.1224791,0.0,0.0,0.0,0.0,0.0,0.0,
1791370086.2412045,disarmed,0.018077533843657564,-0.0036584702787591824,0.0,0.0,-0.08126060329150546,0.0,0.1291563573025948,0.0,0.0,0.0,False,0.0,0.0,0.0,0.0,0.1224791,0.1224791,0.0,0.0,0.0,0.0,0.0,0.0,
1791370086.251231,disarmed,0.019091028053721194,-0.003713332945143352,0.0,0.0,-0.08126060329150546,0.0,0.1291563573025948,0.0,0.0,0.0,False,0.0,0.0,0.0,0.0,0.1224791,0.1224791,0.0,0.0,0.0,0.0,0.0,0.0,
1791370086.2612216,disarmed,0.020102980103728966,-0.0037775729400104257,0.0,0.0,-0.08126060329150546,0.0,0.1291563573025948,0.0,0.0,0.0,False,0.0,0.0,0.0,0.0,0.1224791,0.1224791,0.0,0.0,0.0,0.0,0.0,0.0,
1791370086.2712452,disarmed,0.02102217350802104,-0.0037599182987227216,0.0,0.0,-0.08126060329150546,0.0,0.1291563573025948,0.0,0.0,0.0,False,0.0,0.0,0.0,0.0,0.1224791,0.1224791,0.0,0.0,0.0,0.0,0.0,0.0,
1791370086.2812655,disarmed,0.022015994489074472,-0.0037636252560851436,0.0,0.0,-0.08126060329150546,0.0,0.1291563573025948,0.0,0.0,0.0,False,0.0,0.0,0.0,0.0,0.1224791,0.1224791,0.0,0.0,0.0,0.0,0.0,0.0,
1791370086.2912605,disarmed,0.023070244440274317,-0.003789851775203361,0.0,0.0,-0.08126060329150546,0.0,0.1291563573025948,0.0,0.0,0.0,False,0.0,0.0,0.0,0.0,0.1224791,0.1224791,0.0,0.0,0.0,0.0,0.0,0.0,
1791370086.3011773,disarmed,0.02396384552049419,-0.0038584717172058507,0.0,0.0,-0.08126060329150546,0.0,0.1291563573025948,0.0,0.0,0.0,False,0.0,0.0,0.0,0.0,0.1224791,0.1224791,0.0,0.0,0.0,0.0,0.0,0.0,
1791370086.3112376,disarmed,0.024740648469807877,-0.003940513586012563,0.0,0.0,-0.08126060329150546,0.0,0.1291563573025948,0.0,0.0,0.0,False,0.0,0.0,0.0,0.0,0.1224791,0.1224791,0.0,0.0,0.0,0.0,0.0,0.0,
1791370086.3212354,disarmed,0.025853228644227597,-0.004179380319293858,0.0,0.0,-0.08126060329150546,0.0,0.1291563573025948,0.0,0.0,0.0,False,0.0,0.0,0.0,0.0,0.1224791,0.1224791,0.0,0.0,0.0,0.0,0.0,0.0,
1791370086.331215,disarmed,0.026502717443900658,-0.0042133309262792785,0.0,0.0,-0.08126060329150546,0.0,0.1291563573025948,0.0,0.0,0.0,False,0.0,0.0,0.0,0.0,0.1224791,0.1224791,0.0,0.0,0.0,0.0,0.0,0.0,
1791370086.3412812,disarmed,0.027623324224603996,-0.004574700125874281,0.0,0.0,-0.08126060329150546,0.0,0.1291563573025948,0.0,0.0,0.0,False,0.0,0.0,0.0,0.0,0.1224791,0.1224791,0.0,0.0,0.0,0.0,0.0,0.0,
1791370086.3512192,disarmed,0.028412250180145118,-0.004724009346056626,0.0,0.0,-0.08126060329150546,0.0,0.1291563573025948,0.0,0.0,0.0,False,0.0,0.0,0.0,0.0,0.1224791,0.1224791,0.0,0.0,0.0,0.0,0.0,0.0,
1791370086.3612041,disarmed,0.02895889192943919,-0.004725147253009379,0.0,0.0,-0.08126060329150546,0.0,0.1291563573025948,0.0,0.0,0.0,False,0.0,0.0,0.0,0.0,0.1224791,0.1224791,0.0,0.0,0.0,0.0,0.0,0.0,
1791370086.371233,disarmed,0.029242063437644145,-0.004658368665082965,0.0,0.0,-0.08126060329150546,0.0,0.1291563573025948,0.0,0.0,0.0,False,0.0,0.0,0.0,0.0,0.1224791,0.1224791,0.0,0.0,0.0,0.0,0.0,0.0,
1791370086.3812244,disarmed,0.029540126225640843,-0.004611190026648828,0.0,0.0,-0.08126060329150546,0.0,0.1291563573025948,0.0,0.0,0.0,False,0.0,0.0,0.0,0.0,0.1224791,0.1224791,0.0,0.0,0.0,0.0,0.0,0.0,
1791370086.391254,disarmed,0.029756496771263165,-0.004598133128947234,0.0,0.0,-0.08126060329150546,0.0,0.1291563573025948,0.0,0.0,0.0,False,0.0,0.0,0.0,0.0,0.1224791,0.1224791,0.0,0.0,0.0,0.0,0.0,0.0,
1791370086.4012406,disarmed,0.030775013377517035,-0.004269711134017505,0.0,0.0,-0.08126060329150546,0.0,0.1291563573025948,0.0,0.0,0.0,False,0.0,0.0,0.0,0.0,0.1224791,0.1224791,0.0,0.0,0.0,0.0,0.0,0.0,
1791370086.4113708,disarmed,0.03156301687649869,-0.0040072111514878606,0.0,0.0,-0.08126060329150546,0.0,0.1291563573025948,0.0,0.0,0.0,False,0.0,0.0,0.0,0.0,0.1224791,0.1224791,0.0,0.0,0.0,0.0,0.0,0.0,
1791370086.4212081,disarmed,0.031779835148919335,-0.003816807481221056,0.0,0.0,-0.08126060329150546,0.0,0.1291563573025948,0.0,0.0,0.0,False,0.0,0.0,0.0,0.0,0.1224791,0.1224791,0.0,0.0,0.0,0.0,0.0,0.0,
1791370086.4312432,disarmed,0.03169354688840476,-0.003676210020006342,0.0,0.0,-0.08126060329150546,0.0,0.1291563573025948,0.0,0.0,0.0,False,0.0,0.0,0.0,0.0,0.1224791,0.1224791,0.0,0.0,0.0,0.0,0.0,0.0,
1791370086.4412282,disarmed,0.03135379480331737,-0.0035453463955534632,0.0,0.0,-0.08126060329150546,0.0,0.1291563573025948,0.0,0.0,0.0,False,0.0,0.0,0.0,0.0,0.1224791,0.1224791,0.0,0.0,0.0,0.0,0.0,0.0,
1791370086.4512286,disarmed,0.030948880631827082,-0.0035451033204169625,0.0,0.0,-0.08126060329150546,0.0,0.1291563573025948,0.0,0.0,0.0,False,0.0,0.0,0.0,0.0,0.1224791,0.1224791,0.0,0.0,0.0,0.0,0.0,0.0,
1791370086.4612105,disarmed,0.030624406050948363,-0.003093407363003996,0.0,0.0,-0.08126060329150546,0.0,0.1291563573025948,0.0,0.0,0.0,False,0.0,0.0,0.0,0.0,0.1224791,0.1224791,0.0,0.0,0.0,0.0,0.0,0.0,
1791370086.471277,disarmed,0.0303331206461621,-0.0027246712263493717,0.0,0.0,-0.08126060329150546,0.0,0.1291563573025948,0.0,0.0,0.0,False,0.0,0.0,0.0,0.0,0.1224791,0.1224791,0.0,0.0,0.0,0.0,0.0,0.0,
1791370086.4812086,disarmed,0.0300241163078038,-0.0027849097423378257,0.0,0.0,-0.08126060329150546,0.0,0.1291563573025948,0.0,0.0,0.0,False,0.0,0.0,0.0,0.0,0.1224791,0.1224791,0.0,0.0,0.0,0.0,0.0,0.0,
1791370086.4912505,disarmed,0.029639624212439618,-0.002454726650677506,0.0,0.0,-0.08126060329150546,0.0,0.1291563573025948,0.0,0.0,0.0,False,0.0,0.0,0.0,0.0,0.1224791,0.1224791,0.0,0.0,0.0,0.0,0.0,0.0,
1791370086.5012348,disarmed,0.029267052722362272,-0.0019122976335027464,0.0,0.0,-0.08126060329150546,0.0,0.1291563573025948,0.0,0.0,0.0,False,0.0,0.0,0.0,0.0,0.1224791,0.1224791,0.0,0.0,0.0,0.0,0.0,0.0,
1791370086.5112357,disarmed,0.02895045809545788,-0.0019685659585231548,0.0,0.0,-0.08126060329150546,0.0,0.1291563573025948,0.0,0.0,0.0,False,0.0,0.0,0.0,0.0,0.1224791,0.1224791,0.0,0.0,0.0,0.0,0.0,0.0,
1791370086.5212064,disarmed,0.028480541276947755,-0.0021068015921419337,0.0,0.0,-0.08126060329150546,0.0,0.1291563573025948,0.0,0.0,0.0,False,0.0,0.0,0.0,0.0,0.1224791,0.1224791,0.0,0.0,0.0,0.0,0.0,0.0,
1791370086.5312736,disarmed,0.02793035175327382,-0.0021839204480705006,0.0,0.0,-0.08126060329150546,0.0,0.1291563573025948,0.0,0.0,0.0,False,0.0,0.0,0.0,0.0,0.1224791,0.1224791,0.0,0.0,0.0,0.0,0.0,0.0,
1791370086.5412123,disarmed,0.027441744139909775,-0.002665343165328443,0.0,0.0,-0.08126060329150546,0.0,0.1291563573025948,0.0,0.0,0.0,False,0.0,0.0,0.0,0.0,0.1224791,0.1224791,0.0,0.0,0.0,0.0,0.0,0.0,
1791370086.5512917,disarmed,0.02683579308772953,-0.003448622903659186,0.0,0.0,-0.08126060329150546,0.0,0.1291563573025948,0.0,0.0,0.0,False,0.0,0.0,0.0,0.0,0.1224791,0.1224791,0.0,0.0,0.0,0.0,0.0,0.0,
1791370086.5612695,disarmed,0.02616379365641704,-0.003505100429405822,0.0,0.0,-0.08126060329150546,0.0,0.1291563573025948,0.0,0.0,0.0,False,0.0,0.0,0.0,0.0,0.1224791,0.1224791,0.0,0.0,0.0,0.0,0.0,0.0,
1791370086.5712147,disarmed,0.02543752470976821,-0.003505331768743101,0.0,0.0,-0.08126060329150546,0.0,0.1291563573025948,0.0,0.0,0.0,False,0.0,0.0,0.0,0.0,0.1224791,0.1224791,0.0,0.0,0.0,0.0,0.0,0.0,
1791370086.5812082,disarmed,0.02464604226981737,-0.003455567728475657,0.0,0.0,-0.08126060329150546,0.0,0.1291563573025948,0.0,0.0,0.0,False,0.0,0.0,0.0,0.0,0.1224791,0.1224791,0.0,0.0,0.0,0.0,0.0,0.0,
1791370086.5912445,disarmed,0.023938802305751284,-0.0034649190805220594,0.0,0.0,-0.08126060329150546,0.0,0.1291563573025948,0.0,0.0,0.0,False,0.0,0.0,0.0,0.0,0.1224791,0.1224791,0.0,0.0,0.0,0.0,0.0,0.0,
1791370086.6012378,disarmed,0.02291571227019819,-0.003386446042572505,0.0,0.0,-0.08126060329150546,0.0,0.1291563573025948,0.0,0.0,0.0,False,0.0,0.0,0.0,0.0,0.1224791,0.1224791,0.0,0.0,0.0,0.0,0.0,0.0,
1791370086.611238,disarmed,0.021998949661903595,-0.0035291583978019504,0.0,0.0,-0.08126060329150546,0.0,0.1291563573025948,0.0,0.0,0.0,False,0.0,0.0,0.0,0.0,0.1224791,0.1224791,0.0,0.0,0.0,0.0,0.0,0.0,
1791370086.6212115,disarmed,0.02113552303882723,-0.0037582867710830976,0.0,0.0,-0.08126060329150546,0.0,0.1291563573025948,0.0,0.0,0.0,False,0.0,0.0,0.0,0.0,0.1224791,0.1224791,0.0,0.0,0.0,0.0,0.0,0.0,
1791370086.631284,disarmed,0.02044438332806409,-0.0038181515322602646,0.0,0.0,-0.08126060329150546,0.0,0.1291563573025948,0.0,0.0,0.0,False,0.0,0.0,0.0,0.0,0.1224791,0.1224791,0.0,0.0,0.0,0.0,0.0,0.0,
1791370086.6412055,disarmed,0.019688964607283022,-0.0038215958040915938,0.0,0.0,-0.08126060329150546,0.0,0.1291563573025948,0.0,0.0,0.0,False,0.0,0.0,0.0,0.0,0.1224791,0.1224791,0.0,0.0,0.0,0.0,0.0,0.0,
1791370086.6512973,disarmed,0.018663016499241222,-0.0037695644497848712,0.0,0.0,-0.08126060329150546,0.0,0.1291563573025948,0.0,0.0,0.0,False,0.0,0.0,0.0,0.0,0.1224791,0.1224791,0.0,0.0,0.0,0.0,0.0,0.0,
1791370086.66124,disarmed,0.017939521601795978,-0.0036451197291990363,0.0,0.0,-0.08126060329150546,0.0,0.1291563573025948,0.0,0.0,0.0,False,0.0,0.0,0.0,0.0,0.1224791,0.1224791,0.0,0.0,0.0,0.0,0.0,0.0,
1791370086.6712036,disarmed,0.017215091677111737,-0.0033685930561074373,0.0,0.0,-0.08126060329150546,0.0,0.1291563573025948,0.0,0.0,0.0,False,0.0,0.0,0.0,0.0,0.1224791,0.1224791,0.0,0.0,0.0,0.0,0.0,0.0,
1791370086.6812453,disarmed,0.0162797125424808,-0.0029456982643925136,0.0,0.0,-0.08126060329150546,0.0,0.1291563573025948,0.0,0.0,0.0,False,0.0,0.0,0.0,0.0,0.1224791,0.1224791,0.0,0.0,0.0,0.0,0.0,0.0,
1791370086.691254,disarmed,0.015379609288762145,-0.0026511971778350857,0.0,0.0,-0.08126060329150546,0.0,0.1291563573025948,0.0,0.0,0.0,False,0.0,0.0,0.0,0.0,0.1224791,0.1224791,0.0,0.0,0.0,0.0,0.0,0.0,
1791370086.7012148,disarmed,0.015050250049435646,-0.00268424997969432,0.0,0.0,-0.08126060329150546,0.0,0.1291563573025948,0.0,0.0,0.0,False,0.0,0.0,0.0,0.0,0.1224791,0.1224791,0.0,0.0,0.0,0.0,0.0,0.0,
1791370086.7112167,disarmed,0.01490236444248225,-0.0028014866347142323,0.0,0.0,-0.08126060329150546,0.0,0.1291563573025948,0.0,0.0,0.0,False,0.0,0.0,0.0,0.0,0.1224791,0.1224791,0.0,0.0,0.0,0.0,0.0,0.0,
1791370086.7212167,disarmed,0.01483929513370605,-0.0028867965747216584,0.0,0.0,-0.08126060329150546,0.0,0.1291563573025948,0.0,0.0,0.0,False,0.0,0.0,0.0,0.0,0.1224791,0.1224791,0.0,0.0,0.0,0.0,0.0,0.0,
1791370086.7312407,disarmed,0.014650182598215128,-0.0030940565732676993,0.0,0.0,-0.08126060329150546,0.0,0.1291563573025948,0.0,0.0,0.0,False,0.0,0.0,0.0,0.0,0.1224791,0.1224791,0.0,0.0,0.0,0.0,0.0,0.0,
1791370086.741256,disarmed,0.01459064485512152,-0.003302773723329554,0.0,0.0,-0.08126060329150546,0.0,0.1291563573025948,0.0,0.0,0.0,False,0.0,0.0,0.0,0.0,0.1224791,0.1224791,0.0,0.0,0.0,0.0,0.0,0.0,
1791370086.7511969,disarmed,0.014653127139370503,-0.0033401422899397475,0.0,0.0,-0.08126060329150546,0.0,0.1291563573025948,0.0,0.0,0.0,False,0.0,0.0,0.0,0.0,0.1224791,0.1224791,0.0,0.0,0.0,0.0,0.0,0.0,
1791370086.761222,disarmed,0.014621779870489392,-0.003366267773830946,0.0,0.0,-0.08126060329150546,0.0,0.1291563573025948,0.0,0.0,0.0,False,0.0,0.0,0.0,0.0,0.1224791,0.1224791,0.0,0.0,0.0,0.0,0.0,0.0,
1791370086.771222,disarmed,0.014384385139856974,-0.0035655157588567747,0.0,0.0,-0.08126060329150546,0.0,0.1291563573025948,0.0,0.0,0.0,False,0.0,0.0,0.0,0.0,0.1224791,0.1224791,0.0,0.0,0.0,0.0,0.0,0.0,
1791370086.7812157,disarmed,0.014121102887284284,-0.0037747575863823117,0.0,0.0,-0.08126060329150546,0.0,0.1291563573025948,0.0,0.0,0.0,False,0.0,0.0,0.0,0.0,0.1224791,0.1224791,0.0,0.0,0.0,0.0,0.0,0.0,
1791370086.7912152,disarmed,0.013980603131256542,-0.0037927445590286647,0.0,0.0,-0.08126060329150546,0.0,0.1291563573025948,0.0,0.0,0.0,False,0.0,0.0,0.0,0.0,0.1224791,0.1224791,0.0,0.0,0.0,0.0,0.0,0.0,
1791370086.8012094,disarmed,0.014273899898240239,-0.003717895698516152,0.0,0.0,-0.08126060329150546,0.0,0.1291563573025948,0.0,0.0,0.0,False,0.0,0.0,0.0,0.0,0.1224791,0.1224791,0.0,0.0,0.0,0.0,0.0,0.0,
1791370086.8112235,disarmed,0.014650478745686688,-0.0035842277253727785,0.0,0.0,-0.08126060329150546,0.0,0.1291563573025948,0.0,0.0,0.0,False,0.0,0.0,0.0,0.0,0.1224791,0.1224791,0.0,0.0,0.0,0.0,0.0,0.0,
1791370086.8212445,disarmed,0.015203059794970756,-0.003512370585012613,0.0,0.0,-0.08126060329150546,0.0,0.1291563573025948,0.0,0.0,0.0,False,0.0,0.0,0.0,0.0,0.1224791,0.1224791,0.0,0.0,0.0,0.0,0.0,0.0,
1791370086.83125,disarmed,0.01586809638709991,-0.0034923384994807747,0.0,0.0,-0.08126060329150546,0.0,0.1291563573025948,0.0,0.0,0.0,False,0.0,0.0,0.0,0.0,0.1224791,0.1224791,0.0,0.0,0.0,0.0,0.0,0.0,
1791370086.8412192,disarmed,0.016517818533256828,-0.003449735633566826,0.0,0.0,-0.08126060329150546,0.0,0.1291563573025948,0.0,0.0,0.0,False,0.0,0.0,0.0,0.0,0.1224791,0.1224791,0.0,0.0,0.0,0.0,0.0,0.0,
1791370086.8512046,disarmed,0.017162276100239442,-0.003410608428983595,0.0,0.0,-0.08126060329150546,0.0,0.1291563573025948,0.0,0.0,0.0,False,0.0,0.0,0.0,0.0,0.1224791,0.1224791,0.0,0.0,0.0,0.0,0.0,0.0,
1791370086.8612282,disarmed,0.017791523269926002,-0.003426049634887777,0.0,0.0,-0.08126060329150546,0.0,0.1291563573025948,0.0,0.0,0.0,False,0.0,0.0,0.0,0.0,0.1224791,0.1224791,0.0,0.0,0.0,0.0,0.0,0.0,
1791370086.871204,disarmed,0.01873775858261875,-0.00347565962222752,0.0,0.0,-0.08126060329150546,0.0,0.1291563573025948,0.0,0.0,0.0,False,0.0,0.0,0.0,0.0,0.1224791,0.1224791,0.0,0.0,0.0,0.0,0.0,0.0,
1791370086.8812063,disarmed,0.01976047733642787,-0.0033252879623705805,0.0,0.0,-0.08126060329150546,0.0,0.1291563573025948,0.0,0.0,0.0,False,0.0,0.0,0.0,0.0,0.1224791,0.1224791,0.0,0.0,0.0,0.0,0.0,0.0,
1791370086.891247,disarmed,0.020647434272773102,-0.0030658819269787077,0.0,0.0,-0.08126060329150546,0.0,0.1291563573025948,0.0,0.0,0.0,False,0.0,0.0,0.0,0.0,0.1224791,0.1224791,0.0,0.0,0.0,0.0,0.0,0.0,
1791370086.9012167,disarmed,0.02117627822733293,-0.002931494990364941,0.0,0.0,-0.08126060329150546,0.0,0.1291563573025948,0.0,0.0,0.0,False,0.0,0.0,0.0,0.0,0.1224791,0.1224791,0.0,0.0,0.0,0.0,0.0,0.0,
1791370086.9112947,disarmed,0.021446184405665914,-0.002996588890604901,0.0,0.0,-0.08126060329150546,0.0,0.1291563573025948,0.0,0.0,0.0,False,0.0,0.0,0.0,0.0,0.1224791,0.1224791,0.0,0.0,0.0,0.0,0.0,0.0,
1791370086.9212208,disarmed,0.0217223160947069,-0.003058324812740017,0.0,0.0,-0.08126060329150546,0.0,0.1291563573025948,0.0,0.0,0.0,False,0.0,0.0,0.0,0.0,0.1224791,0.1224791,0.0,0.0,0.0,0.0,0.0,0.0,
1791370086.931228,disarmed,0.021859974536454333,-0.003170120231575083,0.0,0.0,-0.08126060329150546,0.0,0.1291563573025948,0.0,0.0,0.0,False,0.0,0.0,0.0,0.0,0.1224791,0.1224791,0.0,0.0,0.0,0.0,0.0,0.0,
1791370086.9412081,disarmed,0.021920911513680957,-0.0032690680956788155,0.0,0.0,-0.08126060329150546,0.0,0.1291563573025948,0.0,0.0,0.0,False,0.0,0.0,0.0,0.0,0.1224791,0.1224791,0.0,0.0,0.0,0.0,0.0,0.0,
1791370086.9511995,disarmed,0.02201317551041535,-0.003622029113343301,0.0,0.0,-0.08126060329150546,0.0,0.1291563573025948,0.0,0.0,0.0,False,0.0,0.0,0.0,0.0,0.1224791,0.1224791,0.0,0.0,0.0,0.0,0.0,0.0,
1791370086.9612372,disarmed,0.022281046787953635,-0.004221820371780995,0.0,0.0,-0.08126060329150546,0.0,0.1291563573025948,0.0,0.0,0.0,False,0.0,0.0,0.0,0.0,0.1224791,0.1224791,0.0,0.0,0.0,0.0,0.0,0.0,
1791370086.9712124,disarmed,0.022362646463947335,-0.004802071447913357,0.0,0.0,-0.08126060329150546,0.0,0.1291563573025948,0.0,0.0,0.0,False,0.0,0.0,0.0,0.0,0.1224791,0.1224791,0.0,0.0,0.0,0.0,0.0,0.0,
1791370086.981274,disarmed,0.022320418235422593,-0.004860251182715446,0.0,0.0,-0.08126060329150546,0.0,0.1291563573025948,0.0,0.0,0.0,False,0.0,0.0,0.0,0.0,0.1224791,0.1224791,0.0,0.0,0.0,0.0,0.0,0.0,
1791370086.9912128,disarmed,0.022110230601694,-0.004775499376335891,0.0,0.0,-0.08126060329150546,0.0,0.1291563573025948,0.0,0.0,0.0,False,0.0,0.0,0.0,0.0,0.1224791,0.1224791,0.0,0.0,0.0,0.0,0.0,0.0,
1791370087.0012155,disarmed,0.021932588462550518,-0.00454917242726513,0.0,0.0,-0.08126060329150546,0.0,0.1291563573025948,0.0,0.0,0.0,False,0.0,0.0,0.0,0.0,0.1224791,0.1224791,0.0,0.0,0.0,0.0,0.0,0.0,
1791370087.0112283,disarmed,0.02185445964692931,-0.004262997843932957,0.0,0.0,-0.08126060329150546,0.0,0.1291563573025948,0.0,0.0,0.0,False,0.0,0.0,0.0,0.0,0.1224791,0.1224791,0.0,0.0,0.0,0.0,0.0,0.0,
1791370087.0212069,disarmed,0.021576651481990814,-0.004174673517175874,0.0,0.0,-0.08126060329150546,0.0,0.1291563573025948,0.0,0.0,0.0,False,0.0,0.0,0.0,0.0,0.1224791,0.1224791,0.0,0.0,0.0,0.0,0.0,0.0,
1791370087.0312345,disarmed,0.02110472714441193,-0.00417617262412502,0.0,0.0,-0.08126060329150546,0.0,0.1291563573025948,0.0,0.0,0.0,False,0.0,0.0,0.0,0.0,0.1224791,0.1224791,0.0,0.0,0.0,0.0,0.0,0.0,
1791370087.0412219,disarmed,0.020773144554066855,-0.004239117396591665,0.0,0.0,-0.08126060329150546,0.0,0.1291563573025948,0.0,0.0,0.0,False,0.0,0.0,0.0,0.0,0.1224791,0.1224791,0.0,0.0,0.0,0.0,0.0,0.0,
1791370087.0512073,disarmed,0.02023986797940266,-0.00442014277258208,0.0,0.0,-0.08126060329150546,0.0,0.1291563573025948,0.0,0.0,0.0,False,0.0,0.0,0.0,0.0,0.1224791,0.1224791,0.0,0.0,0.0,0.0,0.0,0.0,
1791370087.0612466,disarmed,0.019569934904162135,-0.004699895353674586,0.0,0.0,-0.08126060329150546,0.0,0.1291563573025948,0.0,0.0,0.0,False,0.0,0.0,0.0,0.0,0.1224791,0.1224791,0.0,0.0,0.0,0.0,0.0,0.0,
1791370087.071221,disarmed,0.01885578420123509,-0.004726921973994628,0.0,0.0,-0.08126060329150546,0.0,0.1291563573025948,0.0,0.0,0.0,False,0.0,0.0,0.0,0.0,0.1224791,0.1224791,0.0,0.0,0.0,0.0,0.0,0.0,
1791370087.0812063,disarmed,0.018074650356359308,-0.004826325704083383,0.0,0.0,-0.08126060329150546,0.0,0.1291563573025948,0.0,0.0,0.0,False,0.0,0.0,0.0,0.0,0.1224791,0.1224791,0.0,0.0,0.0,0.0,0.0,0.0,
1791370087.091241,disarmed,0.017293744684013065,-0.004795227394127195,0.0,0.0,-0.08126060329150546,0.0,0.1291563573025948,0.0,0.0,0.0,False,0.0,0.0,0.0,0.0,0.1224791,0.1224791,0.0,0.0,0.0,0.0,0.0,0.0,
1791370087.1012113,disarmed,0.016479011399382456,-0.004713714633626541,0.0,0.0,-0.08126060329150546,0.0,0.1291563573025948,0.0,0.0,0.0,False,0.0,0.0,0.0,0.0,0.1224791,0.1224791,0.0,0.0,0.0,0.0,0.0,0.0,
1791370087.1112452,disarmed,0.01557022421815749,-0.004502415734878046,0.0,0.0,-0.08126060329150546,0.0,0.1291563573025948,0.0,0.0,0.0,False,0.0,0.0,0.0,0.0,0.1224791,0.1224791,0.0,0.0,0.0,0.0,0.0,0.0,
1791370087.1212394,disarmed,0.01495677297725233,-0.004458735576554476,0.0,0.0,-0.08126060329150546,0.0,0.1291563573025948,0.0,0.0,0.0,False,0.0,0.0,0.0,0.0,0.1224791,0.1224791,0.0,0.0,0.0,0.0,0.0,0.0,
1791370087.1312153,disarmed,0.014462144037230283,-0.004464206209141293,0.0,0.0,-0.08126060329150546,0.0,0.1291563573025948,0.0,0.0,0.0,False,0.0,0.0,0.0,0.0,0.1224791,0.1224791,0.0,0.0,0.0,0.0,0.0,0.0,
1791370087.1412055,disarmed,0.013730080431023162,-0.0044354805546411614,0.0,0.0,-0.08126060329150546,0.0,0.1291563573025948,0.0,0.0,0.0,False,0.0,0.0,0.0,0.0,0.1224791,0.1224791,0.0,0.0,0.0,0.0,0.0,0.0,
1791370087.1512368,disarmed,0.012921808291424416,-0.004543198096754126,0.0,0.0,-0.08126060329150546,0.0,0.1291563573025948,0.0,0.0,0.0,False,0.0,0.0,0.0,0.0,0.1224791,0.1224791,0.0,0.0,0.0,0.0,0.0,0.0,
1791370087.1612031,disarmed,0.012069326038852829,-0.004712985597412434,0.0,0.0,-0.08126060329150546,0.0,0.1291563573025948,0.0,0.0,0.0,False,0.0,0.0,0.0,0.0,0.1224791,0.1224791,0.0,0.0,0.0,0.0,0.0,0.0,
1791370087.171204,disarmed,0.011215107842940542,-0.004981401413548956,0.0,0.0,-0.08126060329150546,0.0,0.1291563573025948,0.0,0.0,0.0,False,0.0,0.0,0.0,0.0,0.1224791,0.1224791,0.0,0.0,0.0,0.0,0.0,0.0,
1791370087.1812112,disarmed,0.010454509550964056,-0.00514018767465144,0.0,0.0,-0.08126060329150546,0.0,0.1291563573025948,0.0,0.0,0.0,False,0.0,0.0,0.0,0.0,0.1224791,0.1224791,0.0,0.0,0.0,0.0,0.0,0.0,
1791370087.1912377,disarmed,0.009667489938431887,-0.005172430622305677,0.0,0.0,-0.08126060329150546,0.0,0.1291563573025948,0.0,0.0,0.0,False,0.0,0.0,0.0,0.0,0.1224791,0.1224791,0.0,0.0,0.0,0.0,0.0,0.0,
1791370087.201231,disarmed,0.009004482009595421,-0.005101408192859548,0.0,0.0,-0.08126060329150546,0.0,0.1291563573025948,0.0,0.0,0.0,False,0.0,0.0,0.0,0.0,0.1224791,0.1224791,0.0,0.0,0.0,0.0,0.0,0.0,
1791370087.2112155,disarmed,0.008525766365515816,-0.005062781673055514,0.0,0.0,-0.08126060329150546,0.0,0.1291563573025948,0.0,0.0,0.0,False,0.0,0.0,0.0,0.0,0.1224791,0.1224791,0.0,0.0,0.0,0.0,0.0,0.0,
1791370087.2212505,disarmed,0.008634716657859708,-0.005065258629055584,0.0,0.0,-0.08126060329150546,0.0,0.1291563573025948,0.0,0.0,0.0,False,0.0,0.0,0.0,0.0,0.1224791,0.1224791,0.0,0.0,0.0,0.0,0.0,0.0,
1791370087.2312312,disarmed,0.008811862501536026,-0.00504315960959186,0.0,0.0,-0.08126060329150546,0.0,0.1291563573025948,0.0,0.0,0.0,False,0.0,0.0,0.0,0.0,0.1224791,0.1224791,0.0,0.0,0.0,0.0,0.0,0.0,
1791370087.241228,disarmed,0.008978782194014321,-0.005046350814646436,0.0,0.0,-0.08126060329150546,0.0,0.1291563573025948,0.0,0.0,0.0,False,0.0,0.0,0.0,0.0,0.1224791,0.1224791,0.0,0.0,0.0,0.0,0.0,0.0,
1791370087.251216,disarmed,0.009233128859242101,-0.005122471334400402,0.0,0.0,-0.08126060329150546,0.0,0.1291563573025948,0.0,0.0,0.0,False,0.0,0.0,0.0,0.0,0.1224791,0.1224791,0.0,0.0,0.0,0.0,0.0,0.0,
1791370087.261202,disarmed,0.00947467254773751,-0.005198546995073213,0.0,0.0,-0.08126060329150546,0.0,0.1291563573025948,0.0,0.0,0.0,False,0.0,0.0,0.0,0.0,0.1224791,0.1224791,0.0,0.0,0.0,0.0,0.0,0.0,
1791370087.271232,disarmed,0.009638150739852152,-0.005301662077829824,0.0,0.0,-0.08126060329150546,0.0,0.1291563573025948,0.0,0.0,0.0,False,0.0,0.0,0.0,0.0,0.1224791,0.1224791,0.0,0.0,0.0,0.0,0.0,0.0,
1791370087.2812133,disarmed,0.009880618869996503,-0.005214163768467644,0.0,0.0,-0.08126060329150546,0.0,0.1291563573025948,0.0,0.0,0.0,False,0.0,0.0,0.0,0.0,0.1224791,0.1224791,0.0,0.0,0.0,0.0,0.0,0.0,
1791370087.2912316,disarmed,0.010241991291621639,-0.005068236388694206,0.0,0.0,-0.08126060329150546,0.0,0.1291563573025948,0.0,0.0,0.0,False,0.0,0.0,0.0,0.0,0.1224791,0.1224791,0.0,0.0,0.0,0.0,0.0,0.0,
1791370087.3012152,disarmed,0.01073794336105797,-0.004981710375725025,0.0,0.0,-0.08126060329150546,0.0,0.1291563573025948,0.0,0.0,0.0,False,0.0,0.0,0.0,0.0,0.1224791,0.1224791,0.0,0.0,0.0,0.0,0.0,0.0,
1791370087.3112972,disarmed,0.011208633687362923,-0.004936476989084086,0.0,0.0,-0.08126060329150546,0.0,0.1291563573025948,0.0,0.0,0.0,False,0.0,0.0,0.0,0.0,0.1224791,0.1224791,0.0,0.0,0.0,0.0,0.0,0.0,
1791370087.3212132,disarmed,0.011667781814888516,-0.004902556047088963,0.0,0.0,-0.08126060329150546,0.0,0.1291563573025948,0.0,0.0,0.0,False,0.0,0.0,0.0,0.0,0.1224791,0.1224791,0.0,0.0,0.0,0.0,0.0,0.0,
1791370087.3312147,disarmed,0.012090218240757048,-0.004898232479527783,0.0,0.0,-0.08126060329150546,0.0,0.1291563573025948,0.0,0.0,0.0,False,0.0,0.0,0.0,0.0,0.1224791,0.1224791,0.0,0.0,0.0,0.0,0.0,0.0,
1791370087.3412278,disarmed,0.012486872394768096,-0.004906607645555428,0.0,0.0,-0.08126060329150546,0.0,0.1291563573025948,0.0,0.0,0.0,False,0.0,0.0,0.0,0.0,0.1224791,0.1224791,0.0,0.0,0.0,0.0,0.0,0.0,
1791370087.3512146,stand,0.013296512600433833,-0.004851902113395405,0.0,0.0,-0.08126060329150546,0.0,0.1291563573025948,0.0,0.0,0.0,False,0.0,0.0,0.0,0.0,0.1224791,0.1224791,0.0,0.0,0.0,0.0,0.0,-0.0,
1791370087.3612113,stand,0.014014501046181689,-0.004792871358921375,0.0,0.0,-0.08126060329150546,0.0,0.1291563573025948,0.0,0.0,0.0,False,0.0,0.0,0.0,0.0,0.1224791,0.1224791,0.78,-0.99,0.0,0.0,0.0,-0.0,
1791370087.371224,stand,0.016786748671410615,-0.004602528465693439,0.0,0.0,-0.08126060329150546,0.0,0.1291563573025948,0.0,0.0,0.0,False,0.0,0.0,0.0,0.0,0.1224791,0.1224791,1.24,-0.8300000000000001,0.0,0.0,0.0,-0.0,
1791370087.3812137,stand,0.016234628676862276,-0.004594378173243207,0.0,0.0,-0.08126060329150546,0.0,0.1291563573025948,0.0,0.0,0.0,False,0.0,0.0,0.0,0.0,0.1224791,0.1224791,1.24,-1.55,0.0,0.0,0.0,-0.0,
1791370087.3912382,stand,0.016983703807159658,-0.0048470625757166316,0.0,0.0,-0.08126060329150546,0.0,0.1291563573025948,0.0,0.0,0.0,False,0.0,0.0,0.0,0.0,0.1224791,0.1224791,1.58,-1.72,0.0,0.0,0.0,-0.0,
1791370087.4012175,stand,0.01663735441170677,-0.0057300156188075674,0.0,0.0,-0.08126060329150546,0.0,0.1291563573025948,0.0,0.0,0.0,False,0.0,0.0,0.0,0.0,0.1224791,0.1224791,1.42,-1.73,0.0,0.0,0.0,-0.0,
1791370087.4112773,stand,0.01713241440992307,-0.006521716226781138,0.0,0.0,-0.08126060329150546,0.0,0.1291563573025948,0.0,0.0,0.0,False,0.0,0.0,0.0,0.0,0.1224791,0.1224791,1.42,-1.74,0.0,0.0,0.0,-0.0,
1791370087.4212017,stand,0.0169942252063685,-0.006692435336329179,0.0,0.0,-0.08126060329150546,0.0,0.1291563573025948,0.0,0.0,0.0,False,0.0,0.0,0.0,0.0,0.1224791,0.1224791,1.49,-1.94,0.0,0.0,0.0,-0.0,
1791370087.4312177,stand,0.017249642611675955,-0.0071306804456219034,0.0,0.0,-0.08126060329150546,0.0,0.1291563573025948,0.0,0.0,0.0,False,0.0,0.0,0.0,0.0,0.1224791,0.1224791,1.53,-2.0300000000000002,0.0,0.0,0.0,-0.0,
1791370087.4412074,stand,0.017499679696283073,-0.0077542626311210144,0.0,0.0,-0.08126060329150546,0.0,0.1291563573025948,0.0,0.0,0.0,False,0.0,0.0,0.0,0.0,0.1224791,0.1224791,1.57,-1.96,0.0,0.0,0.0,-0.0,
1791370087.4512851,stand,0.018001550273262362,-0.008494887690003436,0.0,0.0,-0.08126060329150546,0.0,0.1291563573025948,0.0,0.0,0.0,False,0.0,0.0,0.0,0.0,0.1224791,0.1224791,1.54,-2.13,0.0,0.0,0.0,-0.0,
1791370087.4612055,stand,0.01837903569921565,-0.009099033953210786,0.0,0.0,-0.08126060329150546,0.0,0.1291563573025948,0.0,0.0,0.0,False,0.0,0.0,0.0,0.0,0.1224791,0.1224791,1.51,-2.18,0.0,0.0,0.0,-0.0,
1791370087.4712334,stand,0.018652824248051474,-0.009689625030101187,0.0,0.0,-0.08126060329150546,0.0,0.1291563573025948,0.0,0.0,0.0,False,0.0,0.0,0.0,0.0,0.1224791,0.1224791,1.56,-2.24,0.0,0.0,0.0,-0.0,
1791370087.4812143,stand,0.018963544044901467,-0.010317258941038784,0.0,0.0,-0.08126060329150546,0.0,0.1291563573025948,0.0,0.0,0.0,False,0.0,0.0,0.0,0.0,0.1224791,0.1224791,1.49,-2.34,0.0,0.0,0.0,-0.0,
1791370087.4912467,stand,0.01950060951101744,-0.011125688871217882,0.0,0.0,-0.08126060329150546,0.0,0.1291563573025948,0.0,0.0,0.0,False,0.0,0.0,0.0,0.0,0.1224791,0.1224791,1.4000000000000001,-2.25,0.0,0.0,0.0,-0.0,
1791370087.501205,stand,0.019812926557720358,-0.011700780204097396,0.0,0.0,-0.08126060329150546,0.0,0.1291563573025948,0.0,0.0,0.0,False,0.0,0.0,0.0,0.0,0.1224791,0.1224791,1.49,-2.31,0.0,0.0,0.0,-0.0,
1791370087.5112264,stand,0.020242398518269627,-0.012267735687692271,0.0,0.0,-0.08126060329150546,0.0,0.1291563573025948,0.0,0.0,0.0,False,0.0,0.0,0.0,0.0,0.1224791,0.1224791,1.4000000000000001,-2.27,0.0,0.0,0.0,-0.0,
1791370087.5212154,stand,0.020674520137728702,-0.01274210061172687,0.0,0.0,-0.08126060329150546,0.0,0.1291563573025948,0.0,0.0,0.0,False,0.0,0.0,0.0,0.0,0.1224791,0.1224791,1.28,-2.16,0.0,0.0,0.0,-0.0,
1791370087.531235,stand,0.0210176526838954,-0.01306887853884697,0.0,0.0,-0.08126060329150546,0.0,0.1291563573025948,0.0,0.0,0.0,False,0.0,0.0,0.0,0.0,0.1224791,0.1224791,1.28,-2.2800000000000002,0.0,0.0,0.0,-0.0,
1791370087.541207,stand,0.021481462690617206,-0.013213916385987578,0.0,0.0,-0.08126060329150546,0.0,0.1291563573025948,0.0,0.0,0.0,False,0.0,0.0,0.0,0.0,0.1224791,0.1224791,1.35,-2.23,0.0,0.0,0.0,-0.0,
1791370087.551236,stand,0.021896934302490137,-0.013307311443560328,0.0,0.0,-0.08126060329150546,0.0,0.1291563573025948,0.0,0.0,0.0,False,0.0,0.0,0.0,0.0,0.1224791,0.1224791,1.29,-2.21,0.0,0.0,0.0,-0.0,
1791370087.5612297,stand,0.022349628384757552,-0.013477841295861043,0.0,0.0,-0.08126060329150546,0.0,0.1291563573025948,0.0,0.0,0.0,False,0.0,0.0,0.0,0.0,0.1224791,0.1224791,1.28,-2.2,0.0,0.0,0.0,-0.0,
1791370087.571221,stand,0.02278691272250031,-0.013634855520827877,0.0,0.0,-0.08126060329150546,0.0,0.1291563573025948,0.0,0.0,0.0,False,0.0,0.0,0.0,0.0,0.1224791,0.1224791,1.31,-2.09,0.0,0.0,0.0,-0.0,
1791370087.5812345,stand,0.02334985519082059,-0.013522805881826286,0.0,0.0,-0.08126060329150546,0.0,0.1291563573025948,0.0,0.0,0.0,False,0.0,0.0,0.0,0.0,0.1224791,0.1224791,1.27,-2.08,0.0,0.0,0.0,-0.0,
1791370087.5912442,stand,0.023915769838850586,-0.013256658048660464,0.0,0.0,-0.08125266106304192,0.0,0.12915929621793415,0.0,0.0,0.0,False,0.0,0.0,0.0,0.0,0.1224791,0.1224791,1.32,-2.1,0.0,0.0,0.0,-0.0,
1791370087.6012056,stand,0.024485877126842068,-0.01309378253889043,0.0,0.0,-0.08086117724443603,0.0,0.12930433564534963,0.0,0.0,0.0,False,0.0,0.0,0.0,0.0,0.12263927397189649,0.12263925733028717,1.3900000000000001,-2.19,0.0,0.0,0.0,-0.0,
1791370087.6112177,stand,0.02502494902620831,-0.012922310072808215,0.0,0.0,-0.0800808387490047,0.0,0.12959447375194064,0.0,0.0,0.0,False,0.0,0.0,0.0,0.0,0.1230347425509885,0.12303472588195265,1.44,-2.22,0.0,0.0,0.0,-0.0,
1791370087.6212168,stand,0.02528280451386017,-0.012719043769481811,0.0,0.0,-0.07949793513291248,0.0,0.12981213310509235,0.0,0.0,0.0,False,0.0,0.0,0.0,0.0,0.12323275052406013,0.12343074182809585,1.52,-2.17,0.0,0.0,0.0,-0.0,
1791370087.6312416,stand,0.025790126193423853,-0.011863307372449302,0.0,0.0,-0.07892305511878007,0.0,0.13003025443554148,0.0,0.0,0.0,False,0.0,0.0,0.0,0.0,0.12343075849713173,0.12382733714926288,1.58,-2.21,0.0,0.0,0.0,-0.0,
1791370087.641241,stand,0.0259717462484743,-0.011356409587682298,0.0,0.0,-0.07854285353453021,0.0,0.13017582889799992,0.0,0.0,0.0,False,0.0,0.0,0.0,0.0,0.12362902918889938,0.12402577230341232,1.57,-2.23,0.0,0.0,0.0,-0.0,
1791370087.6512756,stand,0.02611845652516794,-0.011138985187518548,0.0,0.0,-0.07778505656640847,0.0,0.13046704142722163,0.0,0.0,0.0,False,0.0,0.0,0.0,0.0,0.12402578902653548,0.12442307323335965,1.6600000000000001,-2.24,0.0,0.0,0.0,-0.0,
1791370087.6612334,stand,0.02628963514826266,-0.010872546340230957,0.0,0.0,-0.0772248138730086,0.0,0.1306862139529339,0.0,0.0,0.0,False,0.0,0.0,0.0,0.0,0.12422443949150917,0.12482088539403735,1.73,-2.17,0.0,0.0,0.0,-0.0,
1791370087.6712468,stand,0.026440251645437857,-0.010341576312759596,0.0,0.0,-0.07666650803659673,0.0,0.1309054347227114,0.0,0.0,0.0,False,0.0,0.0,0.0,0.0,0.12462197516207928,0.12501992917502977,1.71,-2.14,0.0,0.0,0.0,-0.0,
1791370087.6812234,stand,0.02643873084126315,-0.009732835045715036,0.0,0.0,-0.07611302052743464,0.0,0.13112505010887143,0.0,0.0,0.0,False,0.0,0.0,0.0,0.0,0.12482090214043844,0.12541843477729353,1.79,-2.24,0.0,0.0,0.0,-0.0,
1791370087.6912472,stand,0.026532559965852055,-0.009226838288812664,0.0,0.0,-0.07538297963814843,0.0,0.1314181190593597,0.0,0.0,0.0,False,0.0,0.0,0.0,0.0,0.1252191987499917,0.12581745693083524,1.78,-2.23,0.0,0.0,0.0,-0.0,
1791370087.7012057,stand,0.026516263471653763,-0.008934784483035859,0.0,0.0,-0.0748389158078815,0.0,0.13163801555818574,0.0,0.0,0.0,False,0.0,0.0,0.0,0.0,0.12541845155112358,0.12621685382169395,1.79,-2.18,0.0,0.0,0.0,-0.0,
1791370087.7112296,stand,0.02658758908454399,-0.008649448070455232,0.0,0.0,-0.07429922388825227,0.0,0.13185804640416307,0.0,0.0,0.0,False,0.0,0.0,0.0,0.0,0.12581747372794203,0.12641662864749625,1.82,-2.12,0.0,0.0,0.0,-0.0,
1791370087.7212346,stand,0.026567862811299026,-0.008192215108457473,0.0,0.0,-0.07358735488719388,0.0,0.13215181721887145,0.0,0.0,0.0,False,0.0,0.0,0.0,0.0,0.12621687063946996,0.12681670017387825,1.8,-2.06,0.0,0.0,0.0,-0.0,
1791370087.7312443,stand,0.026376771503579848,-0.0077518867587443975,0.0,0.0,-0.0730568228471689,0.0,0.1323722777903198,0.0,0.0,0.0,False,0.0,0.0,0.0,0.0,0.12641664546527226,0.12721719551822186,1.82,-2.24,0.0,0.0,0.0,-0.0,
1791370087.741233,stand,0.026156315601623997,-0.00744435892022464,0.0,0.0,-0.07235847256465924,0.0,0.13266680068811262,0.0,0.0,0.0,False,0.0,0.0,0.0,0.0,0.12681671701492997,0.12761811938294831,1.81,-2.19,0.0,0.0,0.0,-0.0,
1791370087.751239,stand,0.02571654176611748,-0.00726501208041633,0.0,0.0,-0.07166612327141626,0.0,0.132961671193986,0.0,0.0,0.0,False,0.0,0.0,0.0,0.0,0.12721721238293626,0.1280194372739812,1.81,-2.07,0.0,0.0,0.0,-0.0,
1791370087.7612116,stand,0.025261891583097364,-0.006959626226340684,0.0,0.0,-0.07097992107310595,0.0,0.13325690447200966,0.0,0.0,0.0,False,0.0,0.0,0.0,0.0,0.1276181362717139,0.12842106578378096,1.83,-2.05,0.0,0.0,0.0,-0.0,
1791370087.7712522,stand,0.024754405517464904,-0.006479449884469896,0.0,0.0,-0.0704753395555185,0.0,0.1334790360613685,0.0,0.0,0.0,False,0.0,0.0,0.0,0.0,0.12781875436813772,0.12882324460895508,1.87,-2.0,0.0,0.0,0.0,-0.0,
1791370087.7812517,stand,0.024345534434267492,-0.006056894436782867,0.0,0.0,-0.06980319156538091,0.0,0.13377511200479097,0.0,0.0,0.0,False,0.0,0.0,0.0,0.0,0.12822026843416004,0.12922572617315906,1.84,-1.96,0.0,0.0,0.0,-0.0,
1791370087.7912598,stand,0.023789633015335453,-0.005750795623895073,0.0,0.0,-0.06913960442316225,0.0,0.13407155164396392,0.0,0.0,0.0,False,0.0,0.0,0.0,0.0,0.1286221615729358,0.1296285885383086,1.83,-1.92,0.0,0.0,0.0,-0.0,
1791370087.8012283,stand,0.023135800188221492,-0.0054754485196573935,0.0,0.0,-0.06848430656896343,0.0,0.13436834111258894,0.0,0.0,0.0,False,0.0,0.0,0.0,0.0,0.12902444700626245,0.13003184148047553,1.85,-1.85,0.0,0.0,0.0,-0.0,
1791370087.811202,stand,0.022413292177565533,-0.005211034286155268,0.0,0.0,-0.06783200733390556,0.0,0.13466519525277387,0.0,0.0,0.0,False,0.0,0.0,0.0,0.0,0.12942703923174265,0.13043539742163604,1.79,-1.85,0.0,0.0,0.0,-0.0,
1791370087.8212106,stand,0.021729263894053857,-0.005000826725003856,0.0,0.0,-0.06735420630905689,0.0,0.13488854591429256,0.0,0.0,0.0,False,0.0,0.0,0.0,0.0,0.1296286055082052,0.13083935697424984,1.78,-1.83,0.0,0.0,0.0,-0.0,
1791370087.831239,stand,0.021085554314684257,-0.004779879094661092,0.0,0.0,-0.0668750558346271,0.0,0.13511164014922605,0.0,0.0,0.0,False,0.0,0.0,0.0,0.0,0.1300318584668836,0.1310414524808385,1.84,-1.81,0.0,0.0,0.0,-0.0,
1791370087.8412526,stand,0.020357358804998324,-0.004750637915241454,0.0,0.0,-0.0664004562430442,0.0,0.13533505402703325,0.0,0.0,0.0,False,0.0,0.0,0.0,0.0,0.13023363643746386,0.13144589182803942,1.85,-1.9000000000000001,0.0,0.0,0.0,-0.0,
1791370087.851214,stand,0.019679138824675806,-0.004638839890677643,0.0,0.0,-0.06592969966212398,0.0,0.13555859145753968,0.0,0.0,0.0,False,0.0,0.0,0.0,0.0,0.13063739058623525,0.13164831367381408,1.94,-1.8900000000000001,0.0,0.0,0.0,-0.0,
1791370087.861142,stand,0.01901126904292854,-0.004525368055401692,0.0,0.0,-0.06546561246827313,0.0,0.13578252851164205,0.0,0.0,0.0,False,0.0,0.0,0.0,0.0,0.13083937397795098,0.13205326073230556,2.0,-1.96,0.0,0.0,0.0,-0.0,
1791370087.8712256,stand,0.018457373596615576,-0.004290373359995145,0.0,0.0,-0.06515631762606645,0.0,0.13593180645843753,0.0,0.0,0.0,False,0.0,0.0,0.0,0.0,0.1310414695044307,0.13225588195410617,2.0100000000000002,-1.98,0.0,0.0,0.0,-0.0,
1791370087.8812149,stand,0.01779623419710196,-0.004155998244869005,0.0,0.0,-0.06484777881680445,0.0,0.13608110160494613,0.0,0.0,0.0,False,0.0,0.0,0.0,0.0,0.1312436891780312,0.13245850388886682,2.09,-2.09,0.0,0.0,0.0,-0.0,
1791370087.8912334,stand,0.017020396830825013,-0.004095444816717321,0.0,0.0,-0.06439117624394525,0.0,0.13630532022235736,0.0,0.0,0.0,False,0.0,0.0,0.0,0.0,0.13164833071470025,0.13266133055120402,2.18,-2.17,0.0,0.0,0.0,-0.0,
1791370087.9012215,stand,0.016032007451063916,-0.004001470330095868,0.0,0.0,-0.06394215422028543,0.0,0.1365298655333995,0.0,0.0,0.0,False,0.0,0.0,0.0,0.0,0.13185075581959868,0.13306708451178828,2.24,-2.2,0.0,0.0,0.0,-0.0,
1791370087.9112084,stand,0.015493098823010188,-0.0036582668843566533,0.0,0.0,-0.0634946376495931,0.0,0.13675444040450754,0.0,0.0,0.0,False,0.0,0.0,0.0,0.0,0.1320532777897016,0.13347313382141587,2.34,-2.14,0.0,0.0,0.0,-0.0,
1791370087.9212134,stand,0.015301306853772675,-0.0034901211117842764,0.0,0.0,-0.0630462866794692,0.0,0.13697893806981107,0.0,0.0,0.0,False,0.0,0.0,0.0,0.0,0.1324585209635576,0.13367632188544798,2.3000000000000003,-2.16,0.0,0.0,0.0,-0.0,
1791370087.931277,stand,0.014967966191192344,-0.0034827163566175197,0.0,0.0,-0.0627538038094256,0.0,0.13712893183081054,0.0,0.0,0.0,False,0.0,0.0,0.0,0.0,0.13266134762589477,0.13387950994948009,2.3000000000000003,-2.2600000000000002,0.0,0.0,0.0,-0.0,
1791370087.9412162,stand,0.014474249275148048,-0.0034460529026211564,0.0,0.0,-0.06231703389824976,0.0,0.1373539966208294,0.0,0.0,0.0,False,0.0,0.0,0.0,0.0,0.13286417428823197,0.13428618660015285,2.37,-2.33,0.0,0.0,0.0,-0.0,
1791370087.9512455,stand,0.013864733637616231,-0.0034832595464828597,0.0,0.0,-0.061880255149834015,0.0,0.1375789872092115,0.0,0.0,0.0,False,0.0,0.0,0.0,0.0,0.13327012437298888,0.13448957772950051,2.41,-2.46,0.0,0.0,0.0,-0.0,
1791370087.961194,stand,0.013336118540155914,-0.0036477380805928807,0.0,0.0,-0.06130981341626781,0.0,0.13787958530548833,0.0,0.0,0.0,False,0.0,0.0,0.0,0.0,0.13367633899056283,0.13489667666095456,2.42,-2.36,0.0,0.0,0.0,-0.0,
1791370087.9712455,stand,0.012881533375153359,-0.00369719338671066,0.0,0.0,-0.06102626234161145,0.0,0.13802995214185268,0.0,0.0,0.0,False,0.0,0.0,0.0,0.0,0.133879527054595,0.13510031217805427,2.45,-2.35,0.0,0.0,0.0,-0.0,
1791370087.9812746,stand,0.01254865269945382,-0.0038524858547504806,0.0,0.0,-0.060461058004090414,0.0,0.1383307209467518,0.0,0.0,0.0,False,0.0,0.0,0.0,0.0,0.13428620372177613,0.13550773561312077,2.45,-2.45,0.0,0.0,0.0,-0.0,
1791370087.9912233,stand,0.012275200405275096,-0.0040299937104119965,0.0,0.0,-0.060043039349874046,0.0,0.1385565263780284,0.0,0.0,0.0,False,0.0,0.0,0.0,0.0,0.13469314433076654,0.13571164648054274,2.42,-2.6,0.0,0.0,0.0,-0.0,
1791370088.0012014,stand,0.012090206734354578,-0.004302028616162508,0.0,0.0,-0.05962991962943627,0.0,0.13878255084273677,0.0,0.0,0.0,False,0.0,0.0,0.0,0.0,0.13510032932672053,0.1359155573479647,2.41,-2.48,0.0,0.0,0.0,-0.0,
1791370088.0112379,stand,0.011871437886590282,-0.004675440781292244,0.0,0.0,-0.05922056520668145,0.0,0.1390086964608007,0.0,0.0,0.0,False,0.0,0.0,0.0,0.0,0.1353040347286616,0.1363235609822502,2.32,-2.57,0.0,0.0,0.0,-0.0,
1791370088.0212076,stand,0.011860485598840951,-0.00505487451075503,0.0,0.0,-0.05854518594299128,0.0,0.13938580396739272,0.0,0.0,0.0,False,0.0,0.0,0.0,0.0,0.1359155745139278,0.1367317929398439,2.38,-2.49,0.0,0.0,0.0,-0.0,
1791370088.0312338,stand,0.011912040753110774,-0.005585145167318342,0.0,0.0,-0.05801202397242566,0.0,0.13968770406177955,0.0,0.0,0.0,False,0.0,0.0,0.0,0.0,0.13632357815795956,0.13714026892785636,2.2600000000000002,-2.44,0.0,0.0,0.0,-0.0,
1791370088.0412138,stand,0.011982195395504642,-0.006091796224544582,0.0,0.0,-0.05748349593366055,0.0,0.13998972794877595,0.0,0.0,0.0,False,0.0,0.0,0.0,0.0,0.13673181012947022,0.13754897722116985,2.23,-2.44,0.0,0.0,0.0,-0.0,
1791370088.0512588,stand,0.012055207862741694,-0.00669057385612513,0.0,0.0,-0.056963103915863796,0.0,0.1402921013934197,0.0,0.0,0.0,False,0.0,0.0,0.0,0.0,0.13734463400967004,0.13775345026900612,2.19,-2.5100000000000002,0.0,0.0,0.0,-0.0,
1791370088.061212,stand,0.012218807542713728,-0.007015345491948929,0.0,0.0,-0.05632618352666604,0.0,0.14067078329441735,0.0,0.0,0.0,False,0.0,0.0,0.0,0.0,0.13775346748229564,0.1383671204110598,2.06,-2.2,0.0,0.0,0.0,-0.0,
1791370088.0712543,stand,0.0121965360688821,-0.007195224337009664,0.0,0.0,-0.05582428539402286,0.0,0.14097406759795375,0.0,0.0,0.0,False,0.0,0.0,0.0,0.0,0.13816250867467342,0.13877651846802935,2.0300000000000002,-2.2600000000000002,0.0,0.0,0.0,-0.0,
1791370088.0812075,stand,0.01217916676300318,-0.007458793055072721,0.0,0.0,-0.05544983372280636,0.0,0.14120158171948044,0.0,0.0,0.0,False,0.0,0.0,0.0,0.0,0.13857178156693867,0.13898127260607276,1.99,-2.27,0.0,0.0,0.0,-0.0,
1791370088.0912337,stand,0.01226510123043157,-0.007836623989071338,0.0,0.0,-0.054958187078112376,0.0,0.14150525041553932,0.0,0.0,0.0,False,0.0,0.0,0.0,0.0,0.1389812898430255,0.1393910348848129,1.94,-2.15,0.0,0.0,0.0,-0.0,
1791370088.101239,stand,0.012470376599423873,-0.007984543352943596,0.0,0.0,-0.05447086178942331,0.0,0.14180904048775736,0.0,0.0,0.0,False,0.0,0.0,0.0,0.0,0.13939105213489056,0.1398009518068829,1.97,-2.2600000000000002,0.0,0.0,0.0,-0.0,
1791370088.1112216,stand,0.01282360947249885,-0.00789215861024295,0.0,0.0,-0.05410945760709829,0.0,0.14203701234557653,0.0,0.0,0.0,False,0.0,0.0,0.0,0.0,0.13959597399161167,0.14021101701605657,1.93,-2.2800000000000002,0.0,0.0,0.0,-0.0,
1791370088.1212327,stand,0.013168690927466824,-0.007695606013762873,0.0,0.0,-0.05363228841215277,0.0,0.1423411177930576,0.0,0.0,0.0,False,0.0,0.0,0.0,0.0,0.14000596413662506,0.14062125845579018,2.0,-2.22,0.0,0.0,0.0,-0.0,
1791370088.131228,stand,0.013631798022017716,-0.007566137272074795,0.0,0.0,-0.05327944710223634,0.0,0.14256935352744557,0.0,0.0,0.0,False,0.0,0.0,0.0,0.0,0.14041614510367775,0.14082649446276013,2.0100000000000002,-2.36,0.0,0.0,0.0,-0.0,
1791370088.14121,stand,0.014201822052666463,-0.00725297011822432,0.0,0.0,-0.05293155944615032,0.0,0.1427977470514886,0.0,0.0,0.0,False,0.0,0.0,0.0,0.0,0.1406212757333084,0.1412370437751697,2.08,-2.2600000000000002,0.0,0.0,0.0,-0.0,
1791370088.151263,stand,0.014681417230859176,-0.006676430290499595,0.0,0.0,-0.0527026994577489,0.0,0.1429501086147605,0.0,0.0,0.0,False,0.0,0.0,0.0,0.0,0.14082651174027835,0.14144239552473142,2.23,-2.3000000000000003,0.0,0.0,0.0,-0.0,
1791370088.1612158,stand,0.0152968808671857,-0.006093934823609347,0.0,0.0,-0.05247437097147444,0.0,0.14310247920337224,0.0,0.0,0.0,False,0.0,0.0,0.0,0.0,0.14103174774724833,0.14164776949422786,2.2600000000000002,-2.4,0.0,0.0,0.0,-0.0,
1791370088.1712077,stand,0.015982362234544894,-0.005472961474720333,0.0,0.0,-0.05213704852149594,0.0,0.14333119898675467,0.0,0.0,0.0,False,0.0,0.0,0.0,0.0,0.14123706106243156,0.14205872337709438,2.29,-2.4,0.0,0.0,0.0,-0.0,
1791370088.1812124,stand,0.016614723293552718,-0.004654927072960552,0.0,0.0,-0.05180080095445803,0.0,0.14355993502731476,0.0,0.0,0.0,False,0.0,0.0,0.0,0.0,0.14144241281199327,0.1424697370324922,2.41,-2.34,0.0,0.0,0.0,-0.0,
1791370088.1912682,stand,0.017150826608805625,-0.003797689451414733,0.0,0.0,-0.051467842781303334,0.0,0.14378880706368297,0.0,0.0,0.0,False,0.0,0.0,0.0,0.0,0.14164778679202883,0.14288095400289955,2.44,-2.4,0.0,0.0,0.0,-0.0,
1791370088.201222,stand,0.01767449104880879,-0.0030616067285343307,0.0,0.0,-0.05113800916677816,0.0,0.14401776692990437,0.0,0.0,0.0,False,0.0,0.0,0.0,0.0,0.14205874067489535,0.14308662699102137,2.5,-2.48,0.0,0.0,0.0,-0.0,
1791370088.2111957,stand,0.01832405235271254,-0.002466013856501126,0.0,0.0,-0.05081134881799833,0.0,0.1442468581357508,0.0,0.0,0.0,False,0.0,0.0,0.0,0.0,0.14226424196443377,0.1434980495665094,2.5100000000000002,-2.33,0.0,0.0,0.0,-0.0,
1791370088.221214,stand,0.01899160261354612,-0.0017667523704422716,0.0,0.0,-0.050379118159204025,0.0,0.14455239580250934,0.0,0.0,0.0,False,0.0,0.0,0.0,0.0,0.14267529832908263,0.1439096260660298,2.56,-2.24,0.0,0.0,0.0,-0.0,
1791370088.2312255,stand,0.019568606704585392,-0.0009994318137000096,0.0,0.0,-0.050063009270974713,0.0,0.14478189977211672,0.0,0.0,0.0,False,0.0,0.0,0.0,0.0,0.1428809713172044,0.14432135500779106,2.52,-2.17,0.0,0.0,0.0,-0.0,
1791370088.241214,stand,0.02006595212525242,-0.000432703591383156,0.0,0.0,-0.04964113996382257,0.0,0.14508784062386448,0.0,0.0,0.0,False,0.0,0.0,0.0,0.0,0.14329234900869658,0.14473320065752185,2.56,-2.33,0.0,0.0,0.0,-0.0,
1791370088.2512145,stand,0.020636857513745412,-0.00015500544369348275,0.0,0.0,-0.04922673498331128,0.0,0.1453938325870504,0.0,0.0,0.0,False,0.0,0.0,0.0,0.0,0.14370380978645433,0.14514510880124576,2.56,-2.21,0.0,0.0,0.0,-0.0,
1791370088.2612147,stand,0.021361886727908865,0.00012343042520434667,0.0,0.0,-0.04882000024574115,0.0,0.14570010738144493,0.0,0.0,0.0,False,0.0,0.0,0.0,0.0,0.1441154770012581,0.1455572354454362,2.5300000000000002,-2.1,0.0,0.0,0.0,-0.0,
1791370088.271205,stand,0.02205036295592079,0.0006088077558896945,0.0,0.0,-0.04832007272396005,0.0,0.1460832254595999,0.0,0.0,0.0,False,0.0,0.0,0.0,0.0,0.144527290997393,0.1461755531296678,2.48,-1.95,0.0,0.0,0.0,-0.0,
1791370088.281246,stand,0.022631934759279278,0.001075077714794202,0.0,0.0,-0.04802150541925014,0.0,0.14631309150484723,0.0,0.0,0.0,False,0.0,0.0,0.0,0.0,0.14493917206735132,0.14638173284151798,2.36,-1.97,0.0,0.0,0.0,-0.0,
1791370088.2912438,stand,0.023240906051515405,0.001356671802956869,0.0,0.0,-0.047536467173099346,0.0,0.14669653385407777,0.0,0.0,0.0,False,0.0,0.0,0.0,0.0,0.14535117351635254,0.14700037719508996,2.33,-1.78,0.0,0.0,0.0,-0.0,
1791370088.301209,stand,0.02393334055374472,0.0015856818117757153,0.0,0.0,-0.047056706216302494,0.0,0.14708013840723794,0.0,0.0,0.0,False,0.0,0.0,0.0,0.0,0.14596945579001486,0.14741291417370306,2.2600000000000002,-1.79,0.0,0.0,0.0,-0.0,
1791370088.3112118,stand,0.024693061481732313,0.0018499607396213744,0.0,0.0,-0.04658890343904778,0.0,0.14746413979237696,0.0,0.0,0.0,False,0.0,0.0,0.0,0.0,0.14638175020016714,0.1480319206100588,2.21,-1.6400000000000001,0.0,0.0,0.0,-0.0,
1791370088.3212073,stand,0.025432113874637396,0.0023190831214468656,0.0,0.0,-0.04621787955750894,0.0,0.147771322136984,0.0,0.0,0.0,False,0.0,0.0,0.0,0.0,0.1467941594011181,0.1484447001644,2.18,-1.62,0.0,0.0,0.0,-0.0,
1791370088.3312397,stand,0.026705404019134567,0.0026995973877337793,0.0,0.0,-0.04585387864819709,0.0,0.14807877714443154,0.0,0.0,0.0,False,0.0,0.0,0.0,0.0,0.1472066297123222,0.14885758003714455,2.17,-1.43,0.0,0.0,0.0,-0.0,
1791370088.341239,stand,0.02807336465552888,0.0028168347877381766,0.0,0.0,-0.045497316206321727,0.0,0.14838622971287294,0.0,0.0,0.0,False,0.0,0.0,0.0,0.0,0.14761925175454838,0.14927045189654878,2.07,-1.43,0.0,0.0,0.0,-0.0,
1791370088.3512182,stand,0.029262169306066985,0.003152338481284535,0.0,0.0,-0.045144379057531714,0.0,0.14869370645536642,0.0,0.0,0.0,False,0.0,0.0,0.0,0.0,0.14803193798183012,0.14968347877739743,2.15,-1.3800000000000001,0.0,0.0,0.0,-0.0,
1791370088.3612194,stand,0.030614423241334673,0.003670232147030072,0.0,0.0,-0.044885961100141994,0.0,0.14892451464751805,0.0,0.0,0.0,False,0.0,0.0,0.0,0.0,0.14823829360189222,0.15009651442923766,2.13,-1.3900000000000001,0.0,0.0,0.0,-0.0,
1791370088.3712287,stand,0.03225627482370426,0.004177915834152472,0.0,0.0,-0.044542096619724254,0.0,0.1492324014230414,0.0,0.0,0.0,False,0.0,0.0,0.0,0.0,0.14865115822261835,0.15050958471111697,2.19,-1.51,0.0,0.0,0.0,-0.0,
1791370088.3812184,stand,0.03402739253324136,0.004469689213082071,0.0,0.0,-0.04437075599563764,0.0,0.14938635117322716,0.0,0.0,0.0,False,0.0,0.0,0.0,0.0,0.14885759741567667,0.150716145857635,2.29,-1.55,0.0,0.0,0.0,-0.0,
1791370088.391243,stand,0.03564609648378057,0.0046720330714962255,0.0,0.0,-0.04412250358907955,0.0,0.1496173362207859,0.0,0.0,0.0,False,0.0,0.0,0.0,0.0,0.14906403334537877,0.15112937026661902,2.35,-1.61,0.0,0.0,0.0,-0.0,
1791370088.4012325,stand,0.037470684577344725,0.00504317694731112,0.0,0.0,-0.043957501220175915,0.0,0.14977126176743433,0.0,0.0,0.0,False,0.0,0.0,0.0,0.0,0.1492704692750809,0.1513360069704212,2.41,-1.73,0.0,0.0,0.0,-0.0,
1791370088.411405,stand,0.039648532546948945,0.005381345094136007,0.0,0.0,-0.043792837665791014,0.0,0.14992519138334948,0.0,0.0,0.0,False,0.0,0.0,0.0,0.0,0.14947697517231615,0.15154261318844797,2.49,-1.68,0.0,0.0,0.0,-0.0,
1791370088.4212065,stand,0.04194698352444623,0.005525205985688694,0.0,0.0,-0.043544129263886594,0.0,0.15015601578035648,0.0,0.0,0.0,False,0.0,0.0,0.0,0.0,0.14989001557518838,0.15174921449070986,2.54,-1.74,0.0,0.0,0.0,-0.0,
1791370088.4312096,stand,0.04421471885091718,0.005582579454728235,0.0,0.0,-0.04330564081983438,0.0,0.1503873447466347,0.0,0.0,0.0,False,0.0,0.0,0.0,0.0,0.15009653181453053,0.15216252067082905,2.54,-1.82,0.0,0.0,0.0,-0.0,
1791370088.4411914,stand,0.046366720344899734,0.005618371147360326,0.0,0.0,-0.04298866564909668,0.0,0.15069590669663524,0.0,0.0,0.0,False,0.0,0.0,0.0,0.0,0.1505096021001903,0.1525758785748577,2.6,-1.76,0.0,0.0,0.0,-0.0,
1791370088.4512079,stand,0.04858968796403739,0.005511340767666607,0.0,0.0,-0.042830664347855325,0.0,0.15085019333205527,0.0,0.0,0.0,False,0.0,0.0,0.0,0.0,0.1507161632467083,0.15278256018860736,2.6,-1.92,0.0,0.0,0.0,-0.0,
1791370088.4611936,stand,0.05079554124839677,0.005291969345429528,0.0,0.0,-0.04259440769240456,0.0,0.1510815447695762,0.0,0.0,0.0,False,0.0,0.0,0.0,0.0,0.151129387662053,0.15298923994702968,2.56,-1.83,0.0,0.0,0.0,-0.0,
1791370088.4712276,stand,0.05279613359650159,0.005003586180035479,0.0,0.0,-0.042289502337307674,0.0,0.15139013659064104,0.0,0.0,0.0,False,0.0,0.0,0.0,0.0,0.15154263058090173,0.1534025936642741,2.54,-1.87,0.0,0.0,0.0,-0.0,
1791370088.481225,stand,0.054662353701912296,0.004676267176888462,0.0,0.0,-0.041985886537703875,0.0,0.1516987453902687,0.0,0.0,0.0,False,0.0,0.0,0.0,0.0,0.15195586121102123,0.15381595641537144,2.47,-1.79,0.0,0.0,0.0,-0.0,
1791370088.4912205,stand,0.056635421667703294,0.0043738310628726315,0.0,0.0,-0.041545458415660146,0.0,0.1521621371788863,0.0,0.0,0.0,False,0.0,0.0,0.0,0.0,0.1525758959740724,0.1544360865525065,2.35,-1.59,0.0,0.0,0.0,-0.0,
1791370088.5012207,stand,0.05835432249622104,0.004082184753022612,0.0,0.0,-0.041325242862025956,0.0,0.1523938335682567,0.0,0.0,0.0,False,0.0,0.0,0.0,0.0,0.15298925734584407,0.15464280793746463,2.2800000000000002,-1.6500000000000001,0.0,0.0,0.0,-0.0,
1791370088.511226,stand,0.06027477804974639,0.003504776134368643,0.0,0.0,-0.040967357674458124,0.0,0.15278008373312402,0.0,0.0,0.0,False,0.0,0.0,0.0,0.0,0.15360929220083647,0.15505624943684565,2.19,-1.6400000000000001,0.0,0.0,0.0,-0.0,
1791370088.521235,stand,0.062212595287331446,0.0030741384170451433,0.0,0.0,-0.04055134068311329,0.0,0.1532434858450641,0.0,0.0,0.0,False,0.0,0.0,0.0,0.0,0.154229386941259,0.15567640494064736,1.99,-1.4000000000000001,0.0,0.0,0.0,-0.0,
1791370088.5312235,stand,0.06400367041197812,0.0028048366090478185,0.0,0.0,-0.04027898684292115,0.0,0.153552447607762,0.0,0.0,0.0,False,0.0,0.0,0.0,0.0,0.15464282534005977,0.15608984634806924,1.93,-1.27,0.0,0.0,0.0,-0.0,
1791370088.5412304,stand,0.06564777026234765,0.0025212931239241543,0.0,0.0,-0.03994561272312805,0.0,0.15393884868427618,0.0,0.0,0.0,False,0.0,0.0,0.0,0.0,0.15526298385248263,0.15650328037495373,1.87,-1.28,0.0,0.0,0.0,-0.0,
1791370088.5512326,stand,0.06719691181878373,0.002102982441450253,0.0,0.0,-0.03968453893909831,0.0,0.15424795056432594,0.0,0.0,0.0,False,0.0,0.0,0.0,0.0,0.1556764223432425,0.1569167237133236,1.75,-1.25,0.0,0.0,0.0,-0.0,
1791370088.561206,stand,0.0685678731507656,0.0017993938114058338,0.0,0.0,-0.03936617486586178,0.0,0.1546344930223243,0.0,0.0,0.0,False,0.0,0.0,0.0,0.0,0.156089863750264,0.15753687728617735,1.74,-1.1500000000000001,0.0,0.0,0.0,-0.0,
1791370088.5712523,stand,0.06976644332231444,0.0015975862015391517,0.0,0.0,-0.039177967891600725,0.0,0.15486654007292547,0.0,0.0,0.0,False,0.0,0.0,0.0,0.0,0.1565032977771485,0.15774355970867812,1.72,-1.22,0.0,0.0,0.0,-0.0,
1791370088.5812404,stand,0.07074172644487994,0.0015273082488710358,0.0,0.0,-0.03899300290293232,0.0,0.1550986403045418,0.0,0.0,0.0,False,0.0,0.0,0.0,0.0,0.1567100193464252,0.15815692062114378,1.79,-1.35,0.0,0.0,0.0,-0.0,
1791370088.5912502,stand,0.07141841279167835,0.0016798905823281127,0.0,0.0,-0.038807528998880084,0.0,0.15533071746612231,0.0,0.0,0.0,False,0.0,0.0,0.0,0.0,0.1571234606614876,0.15836359747976603,1.85,-1.43,0.0,0.0,0.0,-0.0,
1791370088.6012049,stand,0.07239072424842696,0.0018066471924939726,0.0,0.0,-0.038629391742773744,0.0,0.15556291165810457,0.0,0.0,0.0,False,0.0,0.0,0.0,0.0,0.15733017767492985,0.15877691118317774,1.92,-1.33,0.0,0.0,0.0,-0.0,
1791370088.6112828,stand,0.07334299896375425,0.00211027162130858,0.0,0.0,-0.03851041014495282,0.0,0.15571770444045702,0.0,0.0,0.0,False,0.0,0.0,0.0,0.0,0.15753689468837212,0.15898354788697994,1.96,-1.3800000000000001,0.0,0.0,0.0,-0.0,
1791370088.6212313,stand,0.0737305117675876,0.0025066734842478585,0.0,0.0,-0.03839172276686401,0.0,0.15587250022621696,0.0,0.0,0.0,False,0.0,0.0,0.0,0.0,0.1577435771078928,0.15919018699701698,2.07,-1.5,0.0,0.0,0.0,-0.0,
1791370088.6312196,stand,0.07341226701481915,0.0029066155074435264,0.0,0.0,-0.03827605223728006,0.0,0.15602733677888697,0.0,0.0,0.0,False,0.0,0.0,0.0,0.0,0.15795025872164248,0.15939682845502273,2.23,-1.55,0.0,0.0,0.0,-0.0,
1791370088.6412268,stand,0.07292759095835691,0.0032501116892242696,0.0,0.0,-0.0381052000897439,0.0,0.15625962460077503,0.0,0.0,0.0,False,0.0,0.0,0.0,0.0,0.15815693801995817,0.15981006575136628,2.29,-1.61,0.0,0.0,0.0,-0.0,
1791370088.6512358,stand,0.07260257401718656,0.0038731989957486793,0.0,0.0,-0.03799164831636981,0.0,0.15641448442845657,0.0,0.0,0.0,False,0.0,0.0,0.0,0.0,0.1583636148785804,0.16001666230034847,2.33,-1.57,0.0,0.0,0.0,-0.0,
1791370088.6612375,stand,0.07243326728382375,0.004662789869938349,0.0,0.0,-0.037825204165633196,0.0,0.15664673954359282,0.0,0.0,0.0,False,0.0,0.0,0.0,0.0,0.1585702917372026,0.16042986264926531,2.5,-1.62,0.0,0.0,0.0,-0.0,
1791370088.6712568,stand,0.07242027057294223,0.005466834677578219,0.0,0.0,-0.03771421524398506,0.0,0.15680154745521022,0.0,0.0,0.0,False,0.0,0.0,0.0,0.0,0.15877692857861173,0.1606364609607768,2.45,-1.62,0.0,0.0,0.0,-0.0,
1791370088.6812062,stand,0.07223172828383279,0.005995073389579431,0.0,0.0,-0.03749295126706286,0.0,0.1571111698545375,0.0,0.0,0.0,False,0.0,0.0,0.0,0.0,0.1591902043928512,0.16104949343946115,2.54,-1.5,0.0,0.0,0.0,-0.0,
1791370088.691246,stand,0.07172149303021629,0.00632885512468486,0.0,0.0,-0.03733431822225595,0.0,0.1573434712526723,0.0,0.0,0.0,False,0.0,0.0,0.0,0.0,0.15939684585085695,0.16146253325814908,2.54,-1.6,0.0,0.0,0.0,-0.0,
1791370088.701215,stand,0.07121212125679617,0.006633462426017824,0.0,0.0,-0.03712318409866973,0.0,0.15765328211323418,0.0,0.0,0.0,False,0.0,0.0,0.0,0.0,0.1598100831434199,0.1618755278863036,2.56,-1.6400000000000001,0.0,0.0,0.0,-0.0,
1791370088.7112193,stand,0.07056541473439766,0.006835138206911091,0.0,0.0,-0.036963657699075926,0.0,0.1578856476772079,0.0,0.0,0.0,False,0.0,0.0,0.0,0.0,0.16022327873945721,0.16208200397082578,2.52,-1.58,0.0,0.0,0.0,-0.0,
1791370088.7212205,stand,0.07021035102841172,0.006898067252667103,0.0,0.0,-0.036812727357184105,0.0,0.15811795962091005,0.0,0.0,0.0,False,0.0,0.0,0.0,0.0,0.16042988004171907,0.16249490076135825,2.45,-1.46,0.0,0.0,0.0,-0.0,
1791370088.7312214,stand,0.07009443012992896,0.0069353426278968835,0.0,0.0,-0.03651316918085292,0.0,0.1585825511426435,0.0,0.0,0.0,False,0.0,0.0,0.0,0.0,0.161049510824754,0.16311412967513292,2.49,-1.36,0.0,0.0,0.0,-0.0,
1791370088.7412133,stand,0.07001214713344674,0.006762576880568427,0.0,0.0,-0.036363585531722545,0.0,0.158814873540501,0.0,0.0,0.0,False,0.0,0.0,0.0,0.0,0.1614625506438419,0.16332050479109425,2.39,-1.49,0.0,0.0,0.0,-0.0,
1791370088.7512565,stand,0.06967472958054412,0.00655534744505736,0.0,0.0,-0.03617320575269524,0.0,0.15912460152197286,0.0,0.0,0.0,False,0.0,0.0,0.0,0.0,0.16187554526821607,0.16373321760233625,2.36,-1.49,0.0,0.0,0.0,-0.0,
1791370088.7612214,stand,0.06914334927145356,0.006275437654300296,0.0,0.0,-0.035983618550551835,0.0,0.1594343353699883,0.0,0.0,0.0,False,0.0,0.0,0.0,0.0,0.16228847746100386,0.1641457682231804,2.34,-1.4000000000000001,0.0,0.0,0.0,-0.0,
1791370088.7712007,stand,0.06885947550472257,0.0059573203780560035,0.0,0.0,-0.03571093545537405,0.0,0.15989906058323855,0.0,0.0,0.0,False,0.0,0.0,0.0,0.0,0.16290775127540255,0.16476459693831647,2.25,-1.23,0.0,0.0,0.0,-0.0,
1791370088.781237,stand,0.06848405832648731,0.005811075981777277,0.0,0.0,-0.03557404486341956,0.0,0.1601314536957067,0.0,0.0,0.0,False,0.0,0.0,0.0,0.0,0.16332052216326529,0.16497079193909853,2.13,-1.27,0.0,0.0,0.0,-0.0,
1791370088.7912767,stand,0.06792066595679648,0.005564674542327738,0.0,0.0,-0.03539926359569467,0.0,0.1604412027570488,0.0,0.0,0.0,False,0.0,0.0,0.0,0.0,0.16373323496734682,0.16538313492721082,2.16,-1.32,0.0,0.0,0.0,-0.0,
1791370088.8012316,stand,0.067492093003752,0.005510561763207339,0.0,0.0,-0.03518928836185652,0.0,0.16082861867422668,0.0,0.0,0.0,False,0.0,0.0,0.0,0.0,0.16414578558819098,0.16600148785983557,2.02,-1.07,0.0,0.0,0.0,-0.0,
1791370088.8112242,stand,0.06697728196104909,0.005495184790382486,0.0,0.0,-0.03502195732521451,0.0,0.16113855547445377,0.0,0.0,0.0,False,0.0,0.0,0.0,0.0,0.16455834381616302,0.16641364300750133,2.0300000000000002,-1.12,0.0,0.0,0.0,-0.0,
1791370088.8212342,stand,0.06642445092686503,0.005362490911664019,0.0,0.0,-0.03489862869981767,0.0,0.16137082647150716,0.0,0.0,0.0,False,0.0,0.0,0.0,0.0,0.16497080929734834,0.16661964197360501,2.0100000000000002,-1.11,0.0,0.0,0.0,-0.0,
1791370088.8312175,stand,0.0659709520135707,0.005122805337874419,0.0,0.0,-0.03473764253042959,0.0,0.1616804447487609,0.0,0.0,0.0,False,0.0,0.0,0.0,0.0,0.1653831522790991,0.16703158822489156,1.98,-1.19,0.0,0.0,0.0,-0.0,
1791370088.8412156,stand,0.06565297073574358,0.005050585217171546,0.0,0.0,-0.0346217428978832,0.0,0.16191266859028364,0.0,0.0,0.0,False,0.0,0.0,0.0,0.0,0.16558927171243443,0.16744347296456943,2.0100000000000002,-1.1,0.0,0.0,0.0,-0.0,
1791370088.8512166,stand,0.06540222580552597,0.0051109982850170085,0.0,0.0,-0.034545454897988936,0.0,0.16206769525802417,0.0,0.0,0.0,False,0.0,0.0,0.0,0.0,0.16579539052018263,0.16764939161918538,2.11,-1.16,0.0,0.0,0.0,-0.0,
1791370088.8612125,stand,0.0650364126200038,0.005118355818038561,0.0,0.0,-0.03442958016984939,0.0,0.16230025734729409,0.0,0.0,0.0,False,0.0,0.0,0.0,0.0,0.16620761990246663,0.16785529577277916,2.16,-1.23,0.0,0.0,0.0,-0.0,
1791370088.871246,stand,0.06469763163555621,0.005054562607357616,0.0,0.0,-0.034317503682057326,0.0,0.16253277708054953,0.0,0.0,0.0,False,0.0,0.0,0.0,0.0,0.16641366034924823,0.16826696298758292,2.16,-1.33,0.0,0.0,0.0,-0.0,
1791370088.8812082,stand,0.06431803681873191,0.004950956109895738,0.0,0.0,-0.03424379975885918,0.0,0.16268761495138723,0.0,0.0,0.0,False,0.0,0.0,0.0,0.0,0.16661965931535191,0.16847274519254665,2.3000000000000003,-1.45,0.0,0.0,0.0,-0.0,
1791370088.8912373,stand,0.06398373879369795,0.004900681041618021,0.0,0.0,-0.03417233999938493,0.0,0.16284229132613165,0.0,0.0,0.0,False,0.0,0.0,0.0,0.0,0.16682565149099718,0.1686785032241871,2.37,-1.3800000000000001,0.0,0.0,0.0,-0.0,
1791370088.9012296,stand,0.06371337924039368,0.004944227095853105,0.0,0.0,-0.03406360203072279,0.0,0.16307431613445092,0.0,0.0,0.0,False,0.0,0.0,0.0,0.0,0.16723755963472103,0.1688842451111035,2.42,-1.45,0.0,0.0,0.0,-0.0,
1791370088.9112155,stand,0.06347565575689273,0.004983575395460878,0.0,0.0,-0.033958802075847935,0.0,0.16330632838561224,0.0,0.0,0.0,False,0.0,0.0,0.0,0.0,0.16744349029955544,0.16929559108734712,2.39,-1.54,0.0,0.0,0.0,-0.0,
1791370088.9212348,stand,0.06314875406995533,0.005032261570610648,0.0,0.0,-0.033853630781753526,0.0,0.16353865531942127,0.0,0.0,0.0,False,0.0,0.0,0.0,0.0,0.16785531310060556,0.16950123929730154,2.46,-1.54,0.0,0.0,0.0,-0.0,
1791370088.931212,stand,0.06262382780610364,0.004942601878144351,0.0,0.0,-0.03375501025282287,0.0,0.16377098256321024,0.0,0.0,0.0,False,0.0,0.0,0.0,0.0,0.16806114670800743,0.16991248823822158,2.48,-1.59,0.0,0.0,0.0,-0.0,
1791370088.9412127,stand,0.06215031510428369,0.004912742421792538,0.0,0.0,-0.033652504032247954,0.0,0.1640033909414574,0.0,0.0,0.0,False,0.0,0.0,0.0,0.0,0.16847276251401083,0.17011800060706334,2.49,-1.6,0.0,0.0,0.0,-0.0,
1791370088.9512053,stand,0.06168750308491113,0.004797715044513001,0.0,0.0,-0.03355660612742197,0.0,0.1642355554549702,0.0,0.0,0.0,False,0.0,0.0,0.0,0.0,0.16867852054565124,0.17052899987899914,2.5500000000000003,-1.61,0.0,0.0,0.0,-0.0,
1791370088.9612048,stand,0.06134162495393033,0.004731594316939366,0.0,0.0,-0.03346036086991762,0.0,0.16446763783486404,0.0,0.0,0.0,False,0.0,0.0,0.0,0.0,0.16908993541353018,0.17073447682043238,2.5,-1.6,0.0,0.0,0.0,-0.0,
1791370088.9712193,stand,0.06098252546839618,0.00451129535276424,0.0,0.0,-0.03333486221813775,0.0,0.16477713979317998,0.0,0.0,0.0,False,0.0,0.0,0.0,0.0,0.16950125660862433,0.17114527690369508,2.48,-1.68,0.0,0.0,0.0,-0.0,
1791370088.9812,stand,0.06048491623976187,0.0043459963999267015,0.0,0.0,-0.03321394950838868,0.0,0.16508680574143464,0.0,0.0,0.0,False,0.0,0.0,0.0,0.0,0.16991250553900494,0.17155592460838348,2.47,-1.62,0.0,0.0,0.0,-0.0,
1791370088.9912179,stand,0.059937964509530116,0.004110204028186432,0.0,0.0,-0.03309645676770775,0.0,0.16539621819399017,0.0,0.0,0.0,False,0.0,0.0,0.0,0.0,0.17032353027668845,0.1719664658110618,2.43,-1.56,0.0,0.0,0.0,-0.0,
1791370089.0012014,stand,0.05941317472729031,0.0038644446732279156,0.0,0.0,-0.03300864358748308,0.0,0.16562834323143005,0.0,0.0,0.0,False,0.0,0.0,0.0,0.0,0.17073449411823335,0.17217169709616348,2.32,-1.54,0.0,0.0,0.0,-0.0,
1791370089.011224,stand,0.05901276168825115,0.00347233092051081,0.0,0.0,-0.032865759826128965,0.0,0.16601517555682235,0.0,0.0,0.0,False,0.0,0.0,0.0,0.0,0.17135064594051866,0.17258207199096406,2.22,-1.45,0.0,0.0,0.0,-0.0,
1791370089.0212033,stand,0.05849850278706472,0.0032297644562765846,0.0,0.0,-0.03275844509157536,0.0,0.16632430547003701,0.0,0.0,0.0,False,0.0,0.0,0.0,0.0,0.17155594188928217,0.17319731086333984,2.21,-1.35,0.0,0.0,0.0,-0.0,
1791370089.0312095,stand,0.05802099553658306,0.0030703951525765886,0.0,0.0,-0.03265156041144273,0.0,0.16663336375703028,0.0,0.0,0.0,False,0.0,0.0,0.0,0.0,0.17196648308818255,0.17360728196839417,2.17,-1.3800000000000001,0.0,0.0,0.0,-0.0,
1791370089.0412056,stand,0.05749846430766417,0.0028501703154008677,0.0,0.0,-0.03254582182255408,0.0,0.16694253935106912,0.0,0.0,0.0,False,0.0,0.0,0.0,0.0,0.1725820892583409,0.17381219672941314,2.1,-1.36,0.0,0.0,0.0,-0.0,
1791370089.0512846,stand,0.05690156160434416,0.0024566203788810317,0.0,0.0,-0.032447071188457854,0.0,0.16725162799477913,0.0,0.0,0.0,False,0.0,0.0,0.0,0.0,0.1729922976125571,0.1742219168665084,2.1,-1.3800000000000001,0.0,0.0,0.0,-0.0,
1791370089.0612288,stand,0.05629793362852951,0.002286286148071924,0.0,0.0,-0.032374390701660906,0.0,0.16748347724167212,0.0,0.0,0.0,False,0.0,0.0,0.0,0.0,0.17319732812355867,0.17463151240134242,2.11,-1.31,0.0,0.0,0.0,-0.0,
1791370089.0712988,stand,0.05568461623620407,0.002268141714708233,0.0,0.0,-0.03227924680493886,0.0,0.1677924484498519,0.0,0.0,0.0,False,0.0,0.0,0.0,0.0,0.17360729921886872,0.17504098813758268,2.07,-1.2,0.0,0.0,0.0,-0.0,
1791370089.0812342,stand,0.05490405825859932,0.002139534371155065,0.0,0.0,-0.03218884567514606,0.0,0.16810155138366795,0.0,0.0,0.0,False,0.0,0.0,0.0,0.0,0.17401710437292386,0.17545033579069402,2.0300000000000002,-1.37,0.0,0.0,0.0,-0.0,
1791370089.0912304,stand,0.05409252121265624,0.0019578097503985164,0.0,0.0,-0.032120550571306646,0.0,0.168333408798722,0.0,0.0,0.0,False,0.0,0.0,0.0,0.0,0.1744267638467268,0.17565490753950144,2.14,-1.46,0.0,0.0,0.0,-0.0,
1791370089.1012368,stand,0.05336060277966551,0.0017961564545871038,0.0,0.0,-0.032055635255608464,0.0,0.16856509557817828,0.0,0.0,0.0,False,0.0,0.0,0.0,0.0,0.17463152963789857,0.17606396720846054,2.11,-1.36,0.0,0.0,0.0,-0.0,
1791370089.1112309,stand,0.052594467780567776,0.0019170861887686196,0.0,0.0,-0.03197068475483834,0.0,0.1688739696814244,0.0,0.0,0.0,False,0.0,0.0,0.0,0.0,0.17504100536777448,0.1764728329926453,2.16,-1.31,0.0,0.0,0.0,-0.0,
1791370089.1212127,stand,0.05176141440361511,0.0019955837920541605,0.0,0.0,-0.03192836787167303,0.0,0.16902840443526387,0.0,0.0,0.0,False,0.0,0.0,0.0,0.0,0.17524567919433012,0.17667719491365264,2.17,-1.53,0.0,0.0,0.0,-0.0,
1791370089.1312284,stand,0.05081019457815482,0.002001302460438195,0.0,0.0,-0.031888143764412735,0.0,0.16918270703087204,0.0,0.0,0.0,False,0.0,0.0,0.0,0.0,0.17545035302088582,0.17688154279271395,2.2800000000000002,-1.58,0.0,0.0,0.0,-0.0,
1791370089.1412115,stand,0.04980153070573322,0.0018657173377230228,0.0,0.0,-0.031848010180531,0.0,0.16933700879035765,0.0,0.0,0.0,False,0.0,0.0,0.0,0.0,0.17565492475915573,0.17708585079455896,2.37,-1.49,0.0,0.0,0.0,-0.0,
1791370089.1512947,stand,0.04898425402109781,0.0019096029486163175,0.0,0.0,-0.03176963936408096,0.0,0.16964550482968777,0.0,0.0,0.0,False,0.0,0.0,0.0,0.0,0.1760639844183696,0.17749431502130492,2.42,-1.58,0.0,0.0,0.0,-0.0,
1791370089.1612117,stand,0.04776535065340175,0.002167341830821976,0.0,0.0,-0.03173058125461689,0.0,0.16979975461249786,0.0,0.0,0.0,False,0.0,0.0,0.0,0.0,0.17626841731046197,0.17769847452379603,2.46,-1.69,0.0,0.0,0.0,-0.0,
1791370089.1712427,stand,0.04678822432796855,0.002330246974951921,0.0,0.0,-0.031654709071973236,0.0,0.17010838564518724,0.0,0.0,0.0,False,0.0,0.0,0.0,0.0,0.17667721211640502,0.178106712007808,2.5,-1.62,0.0,0.0,0.0,-0.0,
1791370089.1812315,stand,0.045595102649098086,0.002319784653149458,0.0,0.0,-0.03161889938676136,0.0,0.17026256760340683,0.0,0.0,0.0,False,0.0,0.0,0.0,0.0,0.1768815599954663,0.17831070318671768,2.5500000000000003,-1.62,0.0,0.0,0.0,-0.0,
1791370089.1912508,stand,0.044440584194591085,0.002245984167269875,0.0,0.0,-0.03158315449812963,0.0,0.1704167497795648,0.0,0.0,0.0,False,0.0,0.0,0.0,0.0,0.17708586798756573,0.1785146943656274,2.5300000000000002,-1.75,0.0,0.0,0.0,-0.0,
1791370089.201217,stand,0.043333093785580507,0.002288578831124785,0.0,0.0,-0.03151332337095883,0.0,0.17072506158451636,0.0,0.0,0.0,False,0.0,0.0,0.0,0.0,0.17749433221431168,0.17892251747088514,2.49,-1.7,0.0,0.0,0.0,-0.0,
1791370089.2112236,stand,0.042325450716107625,0.002338946611568771,0.0,0.0,-0.031446179428552906,0.0,0.17103339253100938,0.0,0.0,0.0,False,0.0,0.0,0.0,0.0,0.1779026388146077,0.17933022523013067,2.52,-1.6600000000000001,0.0,0.0,0.0,-0.0,
1791370089.2212152,stand,0.04130449896021642,0.0022748671227424957,0.0,0.0,-0.03138029809859418,0.0,0.1713417874908854,0.0,0.0,0.0,False,0.0,0.0,0.0,0.0,0.17831072035944173,0.1797377387490826,2.48,-1.6300000000000001,0.0,0.0,0.0,-0.0,
1791370089.231215,stand,0.040119481085157574,0.0021242334480129237,0.0,0.0,-0.03131791412542285,0.0,0.1716498479060423,0.0,0.0,0.0,False,0.0,0.0,0.0,0.0,0.17871862846041217,0.18014503880623534,2.49,-1.6600000000000001,0.0,0.0,0.0,-0.0,
1791370089.24124,stand,0.03884049710454385,0.001941089610434864,0.0,0.0,-0.03127257611332374,0.0,0.17188090053858351,0.0,0.0,0.0,False,0.0,0.0,0.0,0.0,0.1791264118333987,0.18034862842770624,2.44,-1.74,0.0,0.0,0.0,-0.0,
1791370089.2512362,stand,0.03764140696628265,0.0017629562225686445,0.0,0.0,-0.03121341615839052,0.0,0.1721888600361705,0.0,0.0,0.0,False,0.0,0.0,0.0,0.0,0.17953407294526705,0.18075565688651182,2.38,-1.62,0.0,0.0,0.0,-0.0,
1791370089.261217,stand,0.03646295610566947,0.001562089933536225,0.0,0.0,-0.03115774868691431,0.0,0.17249678053948705,0.0,0.0,0.0,False,0.0,0.0,0.0,0.0,0.17994142114148953,0.18116247362125046,2.41,-1.59,0.0,0.0,0.0,-0.0,
1791370089.2712853,stand,0.03546667515462486,0.0011944002107550657,0.0,0.0,-0.03111691065080478,0.0,0.172727563665706,0.0,0.0,0.0,False,0.0,0.0,0.0,0.0,0.1803486455666257,0.1813658223082581,2.34,-1.59,0.0,0.0,0.0,-0.0,
1791370089.28122,stand,0.0340786632644595,0.0011143705615987475,0.0,0.0,-0.031077023719991145,0.0,0.17295841167640408,0.0,0.0,0.0,False,0.0,0.0,0.0,0.0,0.18055223518809663,0.1817724031114216,2.34,-1.6400000000000001,0.0,0.0,0.0,-0.0,
1791370089.2912266,stand,0.03280572564417697,0.0010261102025654937,0.0,0.0,-0.03102668711667866,0.0,0.1732659921421872,0.0,0.0,0.0,False,0.0,0.0,0.0,0.0,0.18095909832971635,0.18217878140490432,2.34,-1.58,0.0,0.0,0.0,-0.0,
1791370089.3012164,stand,0.031659377718694766,0.0007961918932511984,0.0,0.0,-0.03096441024625891,0.0,0.17365061148292998,0.0,0.0,0.0,False,0.0,0.0,0.0,0.0,0.1815691881139024,0.18258491659850523,2.2600000000000002,-1.56,0.0,0.0,0.0,-0.0,
1791370089.3112843,stand,0.030333320664512622,0.0005380203512745324,0.0,0.0,-0.030929419276531707,0.0,0.17388124282484124,0.0,0.0,0.0,False,0.0,0.0,0.0,0.0,0.1817724202195233,0.1829908860068136,2.24,-1.51,0.0,0.0,0.0,-0.0,
1791370089.321249,stand,0.02894929579443792,0.0003644747290497062,0.0,0.0,-0.030885267857656197,0.0,0.17418856665030402,0.0,0.0,0.0,False,0.0,0.0,0.0,0.0,0.18217879849987784,0.18339668211829052,2.25,-1.46,0.0,0.0,0.0,-0.0,
1791370089.3312776,stand,0.027691485527686945,0.00016381537730827896,0.0,0.0,-0.030841296277468205,0.0,0.1744958875538233,0.0,0.0,0.0,False,0.0,0.0,0.0,0.0,0.18258493369347872,0.18380225539794318,2.18,-1.42,0.0,0.0,0.0,-0.0,
1791370089.3412187,stand,0.026512958107783213,-3.0360513576062168e-05,0.0,0.0,-0.030810245273169577,0.0,0.17472619800426548,0.0,0.0,0.0,False,0.0,0.0,0.0,0.0,0.18299090309463303,0.18400495692938382,2.16,-1.42,0.0,0.0,0.0,-0.0,
1791370089.351232,stand,0.025250277563553927,-0.00018474353957357545,0.0,0.0,-0.03077136827025665,0.0,0.1750331188909497,0.0,0.0,0.0,False,0.0,0.0,0.0,0.0,0.18339669919636176,0.18441018862485245,2.23,-1.46,0.0,0.0,0.0,-0.0,
1791370089.361211,stand,0.024405016758848343,-0.0002455672346639098,0.0,0.0,-0.030751980852197974,0.0,0.17518657943323687,0.0,0.0,0.0,False,0.0,0.0,0.0,0.0,0.18359956601444283,0.18461277435272638,2.1,-1.24,0.0,0.0,0.0,-0.0,
1791370089.3712556,stand,0.02307617125436933,-0.0003097887227923492,0.0,0.0,-0.03073265625494144,0.0,0.1753400388353008,0.0,0.0,0.0,False,0.0,0.0,0.0,0.0,0.18380227246209999,0.18481523626813487,1.95,-1.22,0.0,0.0,0.0,-0.0,
1791370089.3812144,stand,0.021867883942531363,-0.0002965813897352781,0.0,0.0,-0.030723824432914264,0.0,0.17541679201371144,0.0,0.0,0.0,False,0.0,0.0,0.0,0.0,0.18380227246209999,0.18501769687065542,1.95,-1.1400000000000001,0.0,0.0,0.0,-0.0,
1791370089.391215,stand,0.020829832621387052,-0.0005074443158254986,0.0,0.0,-0.030714770104726657,0.0,0.17549344121605795,0.0,0.0,0.0,False,0.0,0.0,0.0,0.0,0.1840049739935406,0.18501769687065542,1.8800000000000001,-1.21,0.0,0.0,0.0,-0.0,
1791370089.401208,stand,0.019890262004805474,-0.0006076351331181374,0.0,0.0,-0.030714770104726657,0.0,0.17549344121605795,0.0,0.0,0.0,False,0.0,0.0,0.0,0.0,0.1840049739935406,0.18501769687065542,1.8800000000000001,-1.19,0.0,0.0,0.0,-0.0,
1791370089.4112232,stand,0.019045610877604053,-0.0006100621075290205,0.0,0.0,-0.030714770104726657,0.0,0.17549344121605795,0.0,0.0,0.0,False,0.0,0.0,0.0,0.0,0.1840049739935406,0.18501769687065542,1.8900000000000001,-1.18,0.0,0.0,0.0,-0.0,
1791370089.42121,stand,0.01827098743594057,-0.00037191278892651853,0.0,0.0,-0.03073265625494144,0.0,0.1753400388353008,0.0,0.0,0.0,False,0.0,0.0,0.0,0.0,0.18380227246209999,0.18481523626813487,1.93,-1.21,0.0,0.0,0.0,-0.0,
1791370089.431207,stand,0.017591600556903057,-0.0001730074282586457,0.0,0.0,-0.03073265625494144,0.0,0.1753400388353008,0.0,0.0,0.0,False,0.0,0.0,0.0,0.0,0.18380227246209999,0.18481523626813487,2.06,-1.32,0.0,0.0,0.0,-0.0,
1791370089.441209,stand,0.01694133436181004,7.498411612882398e-05,0.0,0.0,-0.03073265625494144,0.0,0.1753400388353008,0.0,0.0,0.0,False,0.0,0.0,0.0,0.0,0.18380227246209999,0.18481523626813487,2.05,-1.32,0.0,0.0,0.0,-0.0,
1791370089.4512372,stand,0.016233366161413434,0.00032603504514798194,0.0,0.0,-0.030742906902274398,0.0,0.17526323065931845,0.0,0.0,0.0,False,0.0,0.0,0.0,0.0,0.18359956601444283,0.18481523626813487,2.15,-1.35,0.0,0.0,0.0,-0.0,
1791370089.461212,stand,0.015356253157865025,0.0005025327807916295,0.0,0.0,-0.030742906902274398,0.0,0.17526323065931845,0.0,0.0,0.0,False,0.0,0.0,0.0,0.0,0.18359956601444283,0.18481523626813487,2.14,-1.34,0.0,0.0,0.0,-0.0,
1791370089.4712312,stand,0.014503095449756835,0.0006574195199025761,0.0,0.0,-0.030742906902274398,0.0,0.17526323065931845,0.0,0.0,0.0,False,0.0,0.0,0.0,0.0,0.18359956601444283,0.18481523626813487,2.15,-1.32,0.0,0.0,0.0,-0.0,
1791370089.4812098,stand,0.01363451081036483,0.000761556049922716,0.0,0.0,-0.030742906902274398,0.0,0.17526323065931845,0.0,0.0,0.0,False,0.0,0.0,0.0,0.0,0.18359956601444283,0.18481523626813487,2.13,-1.33,0.0,0.0,0.0,-0.0,
1791370089.4912436,stand,0.012738672256656454,0.0008765299031940315,0.0,0.0,-0.030742906902274398,0.0,0.17526323065931845,0.0,0.0,0.0,False,0.0,0.0,0.0,0.0,0.18359956601444283,0.18481523626813487,2.14,-1.33,0.0,0.0,0.0,-0.0,
1791370089.5012293,stand,0.011931286390515163,0.000931247288244835,0.0,0.0,-0.030742906902274398,0.0,0.17526323065931845,0.0,0.0,0.0,False,0.0,0.0,0.0,0.0,0.18359956601444283,0.18481523626813487,2.13,-1.3,0.0,0.0,0.0,-0.0,
1791370089.5112612,stand,0.011331154339866858,0.0013263226931076407,0.0,0.0,-0.030742906902274398,0.0,0.17526323065931845,0.0,0.0,0.0,False,0.0,0.0,0.0,0.0,0.18359956601444283,0.18481523626813487,2.13,-1.32,0.0,0.0,0.0,-0.0,
1791370089.5212133,stand,0.010640273870514019,0.001250094175314403,0.0,0.0,-0.030742906902274398,0.0,0.17526323065931845,0.0,0.0,0.0,False,0.0,0.0,0.0,0.0,0.18359956601444283,0.18481523626813487,2.14,-1.32,0.0,0.0,0.0,-0.0,
1791370089.5312388,stand,0.010010571230291856,0.0012026562885548437,0.0,0.0,-0.030742906902274398,0.0,0.17526323065931845,0.0,0.0,0.0,False,0.0,0.0,0.0,0.0,0.18359956601444283,0.18481523626813487,2.13,-1.31,0.0,0.0,0.0,-0.0,
1791370089.541235,stand,0.00938590092571049,0.0011539046662635858,0.0,0.0,-0.030742906902274398,0.0,0.17526323065931845,0.0,0.0,0.0,False,0.0,0.0,0.0,0.0,0.18359956601444283,0.18481523626813487,2.14,-1.31,0.0,0.0,0.0,-0.0,
1791370089.55123,stand,0.008559682435323549,0.001046756678131749,0.0,0.0,-0.030742906902274398,0.0,0.17526323065931845,0.0,0.0,0.0,False,0.0,0.0,0.0,0.0,0.18359956601444283,0.18481523626813487,2.13,-1.3,0.0,0.0,0.0,-0.0,
1791370089.5612307,stand,0.008003335367401566,0.000962247982888989,0.0,0.0,-0.030742906902274398,0.0,0.17526323065931845,0.0,0.0,0.0,False,0.0,0.0,0.0,0.0,0.18359956601444283,0.18481523626813487,2.15,-1.33,0.0,0.0,0.0,-0.0,
1791370089.5712488,stand,0.006593553539911095,0.001164635825688479,0.0,0.0,-0.030742906902274398,0.0,0.17526323065931845,0.0,0.0,0.0,False,0.0,0.0,0.0,0.0,0.18359956601444283,0.18481523626813487,2.13,-1.34,0.0,0.0,0.0,-0.0,
1791370089.5812337,stand,0.006037709101921966,0.001131525774989994,0.0,0.0,-0.030742906902274398,0.0,0.17526323065931845,0.0,0.0,0.0,False,0.0,0.0,0.0,0.0,0.18359956601444283,0.18481523626813487,2.15,-1.33,0.0,0.0,0.0,-0.0,
1791370089.5912647,stand,0.004874341982197162,0.0016220806307258074,0.0,0.0,-0.030742906902274398,0.0,0.17526323065931845,0.0,0.0,0.0,False,0.0,0.0,0.0,0.0,0.18359956601444283,0.18481523626813487,2.14,-1.33,0.0,0.0,0.0,-0.0,
1791370089.6012192,stand,0.0032794116746217333,0.0032571965806471965,0.0,0.0,-0.030742906902274398,0.0,0.17526323065931845,0.0,0.0,0.0,False,0.0,0.0,0.0,0.0,0.18359956601444283,0.18481523626813487,2.14,-1.31,0.0,0.0,0.0,-0.0,
1791370089.6112425,stand,0.0025148516684170476,0.0035883701713847224,0.0,0.0,-0.030751980852197974,0.0,0.17518657943323687,0.0,0.0,0.0,False,0.0,0.0,0.0,0.0,0.18359956601444283,0.18461277435272638,2.13,-1.5,0.0,0.0,0.0,-0.0,
1791370089.6212077,stand,0.0019890248224106863,0.0035420078623096133,0.0,0.0,-0.030742906902274398,0.0,0.17526323065931845,0.0,0.0,0.0,False,0.0,0.0,0.0,0.0,0.18359956601444283,0.18481523626813487,2.14,-1.3,0.0,0.0,0.0,-0.0,
1791370089.6312494,stand,0.0015142082212641216,0.003427423679035027,0.0,0.0,-0.030751980852197974,0.0,0.17518657943323687,0.0,0.0,0.0,False,0.0,0.0,0.0,0.0,0.18359956601444283,0.18461277435272638,2.14,-1.48,0.0,0.0,0.0,-0.0,
1791370089.6412263,stand,0.001152804971316222,0.003368441712101292,0.0,0.0,-0.030751980852197974,0.0,0.17518657943323687,0.0,0.0,0.0,False,0.0,0.0,0.0,0.0,0.18359956601444283,0.18461277435272638,2.13,-1.42,0.0,0.0,0.0,-0.0,
1791370089.6512504,stand,0.0008485753659619817,0.0032445426007867866,0.0,0.0,-0.030751980852197974,0.0,0.17518657943323687,0.0,0.0,0.0,False,0.0,0.0,0.0,0.0,0.18359956601444283,0.18461277435272638,2.13,-1.48,0.0,0.0,0.0,-0.0,
1791370089.6612222,stand,0.0006653665682455071,0.0031629605092912197,0.0,0.0,-0.030751980852197974,0.0,0.17518657943323687,0.0,0.0,0.0,False,0.0,0.0,0.0,0.0,0.18359956601444283,0.18461277435272638,2.14,-1.42,0.0,0.0,0.0,-0.0,
1791370089.671245,stand,0.000250115121881994,0.002794553222152688,0.0,0.0,-0.030751980852197974,0.0,0.17518657943323687,0.0,0.0,0.0,False,0.0,0.0,0.0,0.0,0.18359956601444283,0.18461277435272638,2.15,-1.44,0.0,0.0,0.0,-0.0,
1791370089.6812236,stand,-0.00045985556794675853,0.0019392616125894569,0.0,0.0,-0.030751980852197974,0.0,0.17518657943323687,0.0,0.0,0.0,False,0.0,0.0,0.0,0.0,0.18359956601444283,0.18461277435272638,2.13,-1.44,0.0,0.0,0.0,-0.0,
1791370089.6912513,stand,-0.0004807552599929801,0.0017960050602124366,0.0,0.0,-0.030762273292719754,0.0,0.17510976801771247,0.0,0.0,0.0,False,0.0,0.0,0.0,0.0,0.18339669919636176,0.18461277435272638,2.14,-1.47,0.0,0.0,0.0,-0.0,
1791370089.70123,stand,-0.0008481103456241857,0.00129736360322445,0.0,0.0,-0.030751980852197974,0.0,0.17518657943323687,0.0,0.0,0.0,False,0.0,0.0,0.0,0.0,0.18359956601444283,0.18461277435272638,2.17,-1.5,0.0,0.0,0.0,-0.0,
1791370089.7112286,stand,-0.0007445978915927721,0.0011342653432824675,0.0,0.0,-0.030751980852197974,0.0,0.17518657943323687,0.0,0.0,0.0,False,0.0,0.0,0.0,0.0,0.18359956601444283,0.18461277435272638,2.23,-1.45,0.0,0.0,0.0,-0.0,
1791370089.7212276,stand,-0.0005645395354270272,0.0009217443648410092,0.0,0.0,-0.030761067335044228,0.0,0.17510993029008304,0.0,0.0,0.0,False,0.0,0.0,0.0,0.0,0.18359956601444283,0.18441018862485245,2.24,-1.49,0.0,0.0,0.0,-0.0,
1791370089.7312372,stand,-0.0002540776822315526,0.0007832892824249563,0.0,0.0,-0.03077136827025665,0.0,0.1750331188909497,0.0,0.0,0.0,False,0.0,0.0,0.0,0.0,0.18339669919636176,0.18441018862485245,2.2600000000000002,-1.58,0.0,0.0,0.0,-0.0,
1791370089.741207,stand,8.558936931002762e-05,0.0006776551080228555,0.0,0.0,-0.03077136827025665,0.0,0.1750331188909497,0.0,0.0,0.0,False,0.0,0.0,0.0,0.0,0.18339669919636176,0.18441018862485245,2.2800000000000002,-1.6,0.0,0.0,0.0,-0.0,
1791370089.7512338,stand,0.0005181112433909767,0.0005648191062934904,0.0,0.0,-0.03077136827025665,0.0,0.1750331188909497,0.0,0.0,0.0,False,0.0,0.0,0.0,0.0,0.18339669919636176,0.18441018862485245,2.2800000000000002,-1.55,0.0,0.0,0.0,-0.0,
1791370089.7612274,stand,0.0009189391665203443,0.0004104784576575059,0.0,0.0,-0.03077136827025665,0.0,0.1750331188909497,0.0,0.0,0.0,False,0.0,0.0,0.0,0.0,0.18339669919636176,0.18441018862485245,2.27,-1.58,0.0,0.0,0.0,-0.0,
1791370089.7712915,stand,0.0011045084887985508,0.000309123004168181,0.0,0.0,-0.03077136827025665,0.0,0.1750331188909497,0.0,0.0,0.0,False,0.0,0.0,0.0,0.0,0.18339669919636176,0.18441018862485245,2.2800000000000002,-1.61,0.0,0.0,0.0,-0.0,
1791370089.781228,stand,0.001529021658857613,0.00019027876137057612,0.0,0.0,-0.03077136827025665,0.0,0.1750331188909497,0.0,0.0,0.0,False,0.0,0.0,0.0,0.0,0.18339669919636176,0.18441018862485245,2.27,-1.56,0.0,0.0,0.0,-0.0,
1791370089.791226,stand,0.0017325783438369767,0.0001182102204174211,0.0,0.0,-0.03077136827025665,0.0,0.1750331188909497,0.0,0.0,0.0,False,0.0,0.0,0.0,0.0,0.18339669919636176,0.18441018862485245,2.27,-1.58,0.0,0.0,0.0,-0.0,
1791370089.8012218,stand,0.002133146095754379,9.575045633712103e-05,0.0,0.0,-0.03077136827025665,0.0,0.1750331188909497,0.0,0.0,0.0,False,0.0,0.0,0.0,0.0,0.18339669919636176,0.18441018862485245,2.2600000000000002,-1.57,0.0,0.0,0.0,-0.0,
1791370089.8112195,stand,0.0024662993893934475,-0.0001104708813478523,0.0,0.0,-0.03077136827025665,0.0,0.1750331188909497,0.0,0.0,0.0,False,0.0,0.0,0.0,0.0,0.18339669919636176,0.18441018862485245,2.27,-1.6,0.0,0.0,0.0,-0.0,
1791370089.8212423,stand,0.0030841062642643262,-0.0002350644226286545,0.0,0.0,-0.030780471216884632,0.0,0.17495646977867807,0.0,0.0,0.0,False,0.0,0.0,0.0,0.0,0.18339669919636176,0.18420760289697855,2.2600000000000002,-1.61,0.0,0.0,0.0,-0.0,
1791370089.831228,stand,0.003792061144222519,-0.000396929308399773,0.0,0.0,-0.030780471216884632,0.0,0.17495646977867807,0.0,0.0,0.0,False,0.0,0.0,0.0,0.0,0.18339669919636176,0.18420760289697855,2.27,-1.71,0.0,0.0,0.0,-0.0,
1791370089.8412158,stand,0.004363398120001055,-0.0007422667458885877,0.0,0.0,-0.030780471216884632,0.0,0.17495646977867807,0.0,0.0,0.0,False,0.0,0.0,0.0,0.0,0.18339669919636176,0.18420760289697855,2.27,-1.71,0.0,0.0,0.0,-0.0,
1791370089.8512309,stand,0.005255066259178342,-0.0008397746975489563,0.0,0.0,-0.030780471216884632,0.0,0.17495646977867807,0.0,0.0,0.0,False,0.0,0.0,0.0,0.0,0.18339669919636176,0.18420760289697855,2.27,-1.7,0.0,0.0,0.0,-0.0,
1791370089.861246,stand,0.0058005498016509525,-0.0007603482695443259,0.0,0.0,-0.030780471216884632,0.0,0.17495646977867807,0.0,0.0,0.0,False,0.0,0.0,0.0,0.0,0.18339669919636176,0.18420760289697855,2.2800000000000002,-1.69,0.0,0.0,0.0,-0.0,
1791370089.8712652,balance,0.006752001672731915,-0.0007512744913159488,-0.023992426839836486,0.09836501533570358,-0.030780471216884632,-3.6042704316229075e-05,0.17495646977867807,0.0031230276419357077,0.0,2.428639324061624e-05,False,-0.0008122271216805255,0.0008122271216805255,0.0,0.0,0.18339669919636176,0.18420760289697855,2.2,-1.75,0.0,0.0,0.0,-0.0,
1791370089.881214,balance,0.007750675985717783,-0.0007097485509858021,-0.02292389398757832,0.11092888791196488,-0.030780471216884632,-0.00010590124358853052,0.17495646977867807,0.005053054847103834,0.0,6.981190067867483e-05,False,-0.0005585305503393497,0.0005585305503393497,0.0,0.0,0.18339669919636176,0.18420760289697855,2.2,-1.76,0.0,0.0,0.0,-0.0,
1791370089.891244,balance,0.008794922268239368,-0.0007009001510713245,-0.021813119211417254,0.10879276166523354,-0.030780471216884632,-0.0001724297372280102,0.17495646977867807,0.006173766190557581,0.0,0.00012888879915759832,False,-0.0010721078648819513,0.0010721078648819513,0.0,0.0,0.18339669919636176,0.18420760289697855,2.2,-1.75,0.0,0.0,0.0,-0.0,
1791370089.9012399,balance,0.009955629656035173,-0.0007206759800489269,-0.020589404225638448,0.11448146531104732,-0.030780471216884632,-0.00023543733521101348,0.17495646977867807,0.0069757208392253285,0.0,0.0001967303719336011,False,-0.0011756283806764467,0.0011756283806764467,0.0,0.0,0.18339669919636176,0.18420760289697855,2.18,-1.79,0.0,0.0,0.0,-0.0,
1791370089.911226,balance,0.011066778777349883,-0.0007120753012585528,-0.019418865829718027,0.11311880795610706,-0.030780471216884632,-0.00029482660981672065,0.17495646977867807,0.007373339867382627,0.0,0.0002694579949528253,False,-0.0010640834939810995,0.0010640834939810995,0.0,0.0,0.18339669919636176,0.18420760289697855,2.19,-1.82,0.0,0.0,0.0,-0.0,
1791370089.9212174,balance,0.012212567052400924,-0.0006590765734488374,-0.018217263253256153,0.11395595223487145,-0.030780471216884632,-0.00035064091122755613,0.17495646977867807,0.007628211140165527,0.0,0.0003450965567758954,False,-0.0005613958031176758,0.0005613958031176758,0.0,0.0,0.18339669919636176,0.18420760289697855,2.17,-1.78,0.0,0.0,0.0,-0.0,
1791370089.9312966,balance,0.013270031167310506,-0.00042279383646770324,-0.017107469384461376,0.12364607391787383,-0.030780471216884632,-0.00040297066511274727,0.17495646977867807,0.008012459657306266,0.0,0.0004240349046139877,False,-0.0006307330954950323,0.0006307330954950323,0.0,0.0,0.18339669919636176,0.18420760289697855,2.22,-1.75,0.0,0.0,0.0,-0.0,
1791370089.9412122,balance,0.014513734714443416,-0.00041952373142075,-0.015815075930873806,0.12256341832057827,-0.030780471216884632,-0.0004516605715674109,0.17495646977867807,0.008271550348055592,0.0,0.0005061821871036893,False,-0.001086276137239837,0.001086276137239837,0.0,0.0,0.18339669919636176,0.18420760289697855,2.22,-1.77,0.0,0.0,0.0,-0.0,
1791370089.9512599,balance,0.01578139527928368,-0.00044304083872840315,-0.014502648719224206,0.13030287348781766,-0.030780471216884632,-0.0004964272183767463,0.17495646977867807,0.008599520296136115,0.0,0.0005912146077911151,False,-0.0008860571959689683,0.0008860571959689683,0.0,0.0,0.18339669919636176,0.18420760289697855,2.2,-1.78,0.0,0.0,0.0,-0.0,
1791370089.9612072,balance,0.017087428135093848,-0.0004471517608861188,-0.013155878776089975,0.13299138735438643,-0.030780471216884632,-0.0005371643057008103,0.17495646977867807,0.008882833567545077,0.0,0.0006792557038667674,False,-0.001513239781641973,0.001513239781641973,0.0,0.0,0.18339669919636176,0.18420760289697855,2.21,-1.77,0.0,0.0,0.0,-0.0,
1791370089.9712315,balance,0.018488705563589898,-0.0011469616670193347,-0.011718021001087951,0.1345613218173325,-0.030780471216884632,-0.0005737446522067832,0.17495646977867807,0.0096788246280972,0.0,0.0007723617786702605,False,-0.002436726738819922,0.002436726738819922,0.0,0.0,0.18339669919636176,0.18420760289697855,2.13,-1.9000000000000001,0.0,0.0,0.0,-0.0,
1791370089.981202,balance,0.019781177506920232,-0.0012834936436493642,-0.01040991073417098,0.11550449436783314,-0.030780471216884632,-0.0005893829757934196,0.17495646977867807,0.015459638452753723,0.0,0.0009203537451425679,False,-0.0018622317098799155,0.0018622317098799155,0.0,0.0,0.18339669919636176,0.18420760289697855,2.14,-1.87,0.0,0.0,0.0,-0.0,
1791370089.991248,balance,0.02046731792514751,-0.0012329610179360995,-0.009723770315943703,0.06119292814880838,-0.030780471216884632,-0.0005893829757934196,0.17495646977867807,0.008501643418891246,0.0,0.0010228987806577437,False,-0.001984761062887493,0.001984761062887493,0.0,0.0,0.18339669919636176,0.18420760289697855,2.14,-1.86,0.0,0.0,0.0,-0.0,
1791370090.0012138,balance,0.021692857381152373,-0.001150582845005023,-0.00848417687214536,0.16649097639967753,-0.030780471216884632,-0.0006034369635868989,0.17495646977867807,0.010135961069281777,0.0,0.0011151750194780647,False,-0.0017017435021092024,0.0017017435021092024,0.09285714285714286,0.0,0.18339669919636176,0.18420760289697855,2.11,-1.8800000000000001,0.65,0.0,0.5118110236220472,-0.0,
1791370090.0112438,balance,0.02343223229177026,-0.0010540859272069752,-0.006755120458677097,0.16226064013723468,-0.030790789714034258,-0.0006034369635868989,0.17487965841456798,0.017141302125349055,0.0,0.0012658554364736172,False,-0.0014992913971070831,0.0014992913971070831,0.0,0.09285714285714286,0.18319383237828069,0.18420760289697855,2.17,-1.79,0.0,0.65,0.0,-0.5118110236220472,
1791370090.021203,balance,0.02459945200560504,-0.001016151735301997,-0.005570324268507618,0.07141860431301386,-0.030790789714034258,-0.0006210134399215981,0.17487965841456798,0.017540341170092934,0.0,0.0014438171063500523,False,-0.0015069072918467061,0.0015069072918467061,0.0,0.0,0.18319383237828069,0.18420760289697855,2.19,-1.86,0.0,0.0,0.0,-0.0,
1791370090.0312603,balance,0.024996639283485132,-0.0007934180944803079,-0.0051650510825964665,0.03936112199092463,-0.030790789714034258,-0.0006290993479526591,0.17487965841456798,0.016612559927916135,0.0,0.0016200557066894216,False,0.0002311745777791585,-0.0002311745777791585,0.0,0.09285714285714286,0.18319383237828069,0.18420760289697855,2.3000000000000003,-1.74,0.0,0.65,0.0,-0.5118110236220472,
1791370090.0412152,balance,0.025292937874686876,-0.0006056518573949015,-0.0048584339942450965,0.0706176670911095,-0.030780471216884632,-0.0006290993479526591,0.17495646977867807,0.01415227961913222,0.0,0.0017517082445995956,False,0.0006030610951707668,-0.0006030610951707668,0.0,0.0,0.18339669919636176,0.18420760289697855,2.35,-1.6500000000000001,0.0,0.0,0.0,-0.0,
1791370090.0512333,balance,0.0263543211375209,-0.0006829830085641169,-0.003801658174717857,0.1045595797569457,-0.030790789714034258,-0.0006348104017955002,0.17487965841456798,0.01965426319976119,0.0,0.0019432637164353648,False,-0.0016375179459298304,0.0016375179459298304,0.09285714285714286,0.0,0.18319383237828069,0.18420760289697855,2.38,-1.81,0.65,0.0,0.5118110236220472,-0.0,
1791370090.0612326,balance,0.027165347559058847,-0.0007610532415215439,-0.0029809631010185777,0.07991098118661263,-0.030790789714034258,-0.0006444790539568327,0.17487965841456798,0.019030935597562065,0.0,0.00213101854250517,False,-0.001517754370047401,0.001517754370047401,0.0,0.0,0.18319383237828069,0.18420760289697855,2.22,-1.8800000000000001,0.0,0.0,0.0,-0.0,
1791370090.0712352,balance,0.028110778946411716,-0.0005370165832271076,-0.0020324784160952107,0.0759936104053989,-0.030790789714034258,-0.0006475323515273313,0.17487965841456798,0.020401407499490824,0.0,0.0023382255584200634,False,0.00016764194348585967,-0.00016764194348585967,0.0,0.0,0.18319383237828069,0.18420760289697855,2.42,-1.67,0.0,0.0,0.0,-0.0,
1791370090.0812075,balance,0.028528620441314097,-0.0006295591815813694,-0.0016210065294024125,0.028114987900548494,-0.030799909168264254,-0.0006502821975477435,0.17480300933326173,0.01590218670736712,0.0,0.0025127113223268006,False,-0.0011280716012756118,0.0011280716012756118,0.09285714285714286,0.0,0.18319383237828069,0.18400495692938382,2.33,-2.0,0.65,0.0,0.5118110236220472,-0.0,
1791370090.091257,balance,0.029004205930965178,-0.000567572689913906,-0.001143702908191705,0.07486303362368804,-0.030799909168264254,-0.0006520003291073705,0.17480300933326173,0.0117334292217662,0.0,0.0026318823496684902,False,-0.00173913883863841,0.00173913883863841,0.0,0.0,0.18319383237828069,0.18400495692938382,2.34,-1.8900000000000001,0.0,0.0,0.0,-0.0,
1791370090.1012096,balance,0.030097307280318994,-0.000963671047168644,-4.148210460789333e-05,0.11328543558405427,-0.030790789714034258,-0.0006520003291073705,0.17487965841456798,0.01474375033500232,0.0,0.0027717866265867834,False,-0.005289319378374893,0.005289319378374893,0.09285714285714286,0.0,0.18319383237828069,0.18420760289697855,2.16,-2.22,0.65,0.0,0.5118110236220472,-0.0,
1791370090.111203,balance,0.03098107888533049,-0.0004965040718451977,0.000841026066152999,0.06056573613600387,-0.030790789714034258,-0.0006507368948567651,0.17487965841456798,0.01709240443564444,0.0,0.0029394442128237515,False,0.0017431188879533008,-0.0017431188879533008,0.0,0.09285714285714286,0.18319383237828069,0.18420760289697855,2.18,-1.86,0.0,0.65,0.0,-0.5118110236220472,
1791370090.1212215,balance,0.031184091323104814,-0.0003554478433491413,0.001034919049697326,-0.013266861915439675,-0.030799909168264254,-0.0006507368948567651,0.17480300933326173,0.010527285186606916,0.0,0.0030610108536115103,False,-0.0006318283727960635,0.0006318283727960635,0.0,0.0,0.18319383237828069,0.18400495692938382,2.5500000000000003,-1.72,0.0,0.0,0.0,-0.0,
1791370090.131227,balance,0.03135600298900483,-0.0008283757319644219,0.001205020469523946,0.05955354650191815,-0.030799909168264254,-0.0006489266487833691,0.17480300933326173,0.012971414241066449,0.0,0.0031875385048058206,False,-0.005266819089266156,0.005266819089266156,0.0,0.0,0.18319383237828069,0.18400495692938382,2.18,-2.22,0.0,0.0,0.0,-0.0,
1791370090.1412268,balance,0.031756408371355724,-0.0006437444615539888,0.001604217740707633,0.05930319623255871,-0.03080111727943146,-0.0006489266487833691,0.17480284706909394,0.00796286199628028,0.0,0.0032756340684228866,False,-0.0030968636487297327,0.0030968636487297327,0.0,0.09285714285714286,0.18299090309463303,0.18420760289697855,2.22,-2.02,0.0,0.65,0.0,-0.5118110236220472,
1791370090.151246,balance,0.03256053162859948,-0.0006985734467201509,0.0024019453996675846,0.08368278901801467,-0.03080111727943146,-0.0006425310504995629,0.17480284706909394,0.009398609961322918,0.0,0.003363109533760658,False,-0.0025660575094064073,0.0025660575094064073,0.0,0.0,0.18299090309463303,0.18420760289697855,2.27,-2.0,0.0,0.0,0.0,-0.0,
1791370090.1612136,balance,0.03345687857339836,-9.74328947374805e-05,0.003294551204950218,0.07190555726434365,-0.030799909168264254,-0.0006375817998161123,0.17480300933326173,0.013268563968437147,0.0,0.003495132204741617,False,0.003785666253218467,-0.003785666253218467,0.09285714285714286,0.09285714285714286,0.18319383237828069,0.18400495692938382,2.45,-1.79,0.65,0.65,0.5118110236220472,-0.5118110236220472,
1791370090.171233,balance,0.03362194241757937,-0.000412918661994882,0.003445311862454185,0.00957056328857878,-0.03080903662355053,-0.0006324060684253449,0.17472636026650562,0.009891915603465097,0.0,0.0035933626899669114,False,-0.004805749930991236,0.004805749930991236,0.0,0.0,0.18319383237828069,0.18380225539794318,2.57,-1.74,0.0,0.0,0.0,-0.0,
1791370090.181204,balance,0.033747421873104394,-0.0010096554216465715,0.0035643627038082133,0.013688602753899356,-0.030810245273169577,-0.0006271861038733965,0.17472619800426548,0.007983954186047942,0.0,0.003682742430177033,False,-0.00726745012963719,0.00726745012963719,0.0,0.0,0.18299090309463303,0.18400495692938382,1.9000000000000001,-2.73,0.0,0.0,0.0,-0.0,
1791370090.1912222,balance,0.03400864962863847,0.00016212477515368729,0.0038186452347671726,0.06506377967692285,-0.030811453925033476,-0.000621449531162179,0.17472603574228052,0.005245898282261626,0.0,0.0037367619076357356,False,0.006333139481635303,-0.006333139481635303,0.0,0.09285714285714286,0.18278792047945228,0.18420760289697855,2.47,-1.49,0.0,0.65,0.0,-0.5118110236220472,
1791370090.2012386,balance,0.034869093872810716,0.00031567641248929205,0.004677360745803459,0.08421702639562753,-0.030799909168264254,-0.0006081760412569961,0.17480300933326173,0.007316741156139228,0.0,0.003803701288896794,False,0.002465170691557754,-0.002465170691557754,0.0,0.0,0.18319383237828069,0.18400495692938382,2.81,-1.47,0.0,0.0,0.0,-0.0,
1791370090.211227,balance,0.03560215345831764,-0.0006374661707490945,0.005393215186403838,0.05577280428252472,-0.030809012337427576,-0.0006000740655137755,0.17472636352694404,0.007952726210022442,0.0,0.0038894667775572745,False,-0.00995377004211831,0.00995377004211831,0.09285714285714286,0.09285714285714286,0.18339669919636176,0.1835995489363716,2.22,-2.67,0.65,0.65,0.5118110236220472,-0.5118110236220472,
1791370090.221201,balance,0.0357115849701579,-0.0008987353098913589,0.005482831963048583,-0.004712483179933344,-0.03082059046977425,-0.0005918374626649294,0.17464938669395252,0.0053646278224050836,0.0,0.003937947915274899,False,-0.007805789081047112,0.007805789081047112,0.0,0.0,0.18278792047945228,0.18400495692938382,1.99,-2.5300000000000002,0.0,0.0,0.0,-0.0,
1791370090.2312195,balance,0.03587246062704822,0.0008287921504753315,0.005642177919612282,0.019396892721318202,-0.030813859361919847,-0.0005835766544839084,0.17472583464348157,0.004132369746421777,0.0,0.003989420370310571,False,0.014632120073816007,-0.014632120073816007,0.0,0.0,0.18258493369347872,0.18441018862485245,2.63,-1.09,0.0,0.0,0.0,-0.0,
1791370090.2412329,balance,0.03588403656013938,0.001623490708372053,0.005668936430541798,0.029885985991574437,-0.03079867678408149,-0.0005835766544839084,0.1748031748581669,-0.000951993007781744,0.0,0.00398744908873989,False,0.010254315029316341,-0.010254315029316341,0.0,0.09285714285714286,0.18359956601444283,0.1835995489363716,3.2600000000000002,-0.89,0.0,0.65,0.0,-0.5118110236220472,
1791370090.2512176,balance,0.036405669120876734,-0.001751590941334374,0.006150729710778212,0.05715084978287352,-0.03082059057156845,-0.0005656511614699288,0.17464938668029287,-0.002758656423794925,0.0,0.003963199957793191,False,-0.03235028433549494,0.03235028433549494,0.09285714285714286,0.0,0.1840049739935406,0.18278790339163284,1.7,-3.92,0.65,0.0,0.5118110236220472,-0.0,
1791370090.2612152,balance,0.036910493735263526,-0.0018697818745120976,0.006645849052395716,0.045104822627092554,-0.03083029584433774,-0.0005656511614699288,0.1746485819649986,0.004502200242822615,0.0,0.003981395767761425,False,-0.009867459538351794,0.009867459538351794,0.0,0.0,0.18197564376362416,0.18481523626813487,1.09,-3.12,0.0,0.0,0.0,-0.0,
1791370090.271233,balance,0.03815208849455221,0.004590147548110367,0.007903037986314079,0.12336238238842405,-0.0308028293041803,-0.000553778795942166,0.17495510622200725,0.010174826457520355,0.0,0.0040874114234088574,False,0.0603419875520835,-0.0603419875520835,0.09285714285714286,0.09285714285714286,0.1815691881139024,0.18602914683040456,4.42,2.21,0.65,0.65,0.5118110236220472,-0.5118110236220472,
1791370090.2812405,balance,0.03852343768634157,0.0033861833620467668,0.008261215504876698,0.09744936137425014,-0.030803590538491347,-0.0005413683570264775,0.1748788410789219,0.013935746395232308,0.0,0.004233533630813993,False,0.00758052716938786,-0.00758052716938786,0.09285714285714286,0.0,0.18542246149501598,0.18197562665552244,4.18,-1.28,0.65,0.0,0.5118110236220472,-0.0,
1791370090.291238,balance,0.03846199394776211,-0.004959482326211016,0.008088061781053878,-0.29186631699350984,-0.03091530052373471,-0.0005413683570264775,0.174186561146204,-0.007295733905919951,0.0,0.004256546096128026,False,-0.08193419399706026,0.08193419399706026,0.09285714285714286,0.0,0.18522011670160538,0.18034862842770624,-0.52,-8.48,0.65,0.0,0.5118110236220472,-0.0,
1791370090.301233,balance,0.03928620399914025,-0.003350768675570589,0.008800866577219225,0.006221014530282171,-0.031026705778947502,-0.0005413683570264775,0.1735707957561243,-0.003001968330159045,0.0,0.004257665136414972,False,-0.009030038795210249,0.009030038795210249,0.0,0.0,0.1789225346364533,0.18501769687065542,1.4000000000000001,-4.47,0.0,0.0,0.0,-0.0,
1791370090.311263,balance,0.03800590241615428,0.0021240006075020105,0.007551309729096028,0.4104451142914728,-0.030995961044084728,-0.0005413683570264775,0.17433379352025094,-0.04260767678481109,0.0,0.003849817560393323,False,0.022378626295616277,-0.022378626295616277,0.0,0.0,0.1779026388146077,0.18804809635858466,6.84,5.11,0.0,0.0,0.0,-0.0,
1791370090.3212116,balance,0.03994570879420055,-0.010295647897444497,0.009509749648752439,-0.25456323123182534,-0.03097732750247459,-0.0005413683570264775,0.17357363870715942,-0.056965920157716926,0.0,0.00340684341883399,False,-0.1179090554029499,0.1179090554029499,0.09285714285714286,-0.09285714285714286,0.18136583942689477,0.18258491659850523,-0.17,-10.64,0.65,-0.65,0.5118110236220472,0.5118110236220472,
1791370090.3312342,balance,0.03902807069193805,-0.0048588379830207425,0.008437902630051779,0.49231158051104346,-0.031131536418912746,-0.0005413683570264775,0.17287947123455966,-0.049885845225297806,0.0,0.002790782986302574,False,0.026853435314092244,-0.026853435314092244,0.0,0.0,0.17831072035944173,0.18380225539794318,-0.68,-7.49,0.0,0.0,0.0,-0.0,
1791370090.3412244,fault,0.03295334017468232,0.008373882327674526,0.009544214405149024,-0.2274765078517903,-0.03084066465354164,-0.0005413683570264775,0.17464804637340012,-0.05028065935304369,0.0,0.002539379689537355,False,0.12124729392182301,-0.12124729392182301,0.0,0.0,0.17667721211640502,0.18542244446089073,6.140000000000001,0.0,0.0,0.0,0.0,-0.0,leg_l oscillation detected
1791370090.359658,fault,0.03295334017468232,0.008373882327674526,0.009544214405149024,-0.2274765078517903,-0.03240022281456741,-0.0005413683570264775,0.1675600507035462,-0.05028065935304369,0.0,0.002539379689537355,False,0.12124729392182301,-0.12124729392182301,0.0,0.0,0.17667721211640502,0.1713506286532568,6.140000000000001,0.0,0.0,0.0,0.0,-0.0,leg_l oscillation detected
1791370090.361238,fault,0.03295334017468232,0.008373882327674526,0.009544214405149024,-0.2274765078517903,-0.03240022281456741,-0.0005413683570264775,0.1675600507035462,-0.05028065935304369,0.0,0.002539379689537355,False,0.12124729392182301,-0.12124729392182301,0.0,0.0,0.17667721211640502,0.1713506286532568,6.140000000000001,0.0,0.0,0.0,0.0,-0.0,leg_l oscillation detected
1791370090.371345,fault,0.017077182245139447,-0.009020998563124317,0.009544214405149024,-0.2274765078517903,-0.03286255309408661,-0.0005413683570264775,0.1661683520121953,-0.05028065935304369,0.0,0.002539379689537355,False,0.12124729392182301,-0.12124729392182301,0.0,0.0,0.17483627906516003,0.16950123929730154,6.140000000000001,0.0,0.0,0.0,0.0,-0.0,leg_l oscillation detected
1791370090.3812444,disarmed,0.012954057052274915,-0.01955672557920864,0.009544214405149024,-0.2274765078517903,-0.03407951552006352,-0.0005413683570264775,0.16330533437090097,-0.05028065935304369,0.0,0.002539379689537355,False,0.12124729392182301,-0.12124729392182301,0.0,0.0,0.17217171437328418,0.16455832645075294,6.140000000000001,0.0,0.0,0.0,0.0,-0.0,
1791370090.3912191,disarmed,0.005823782343560801,-0.02434851666375488,0.009544214405149024,-0.2274765078517903,-0.0359723740820584,-0.0005413683570264775,0.15997593380427028,-0.05028065935304369,0.0,0.002539379689537355,False,0.12124729392182301,-0.12124729392182301,0.0,0.0,0.1697068941730331,0.15815692062114378,6.140000000000001,0.0,0.0,0.0,0.0,-0.0,
1791370090.4012353,disarmed,5.954057020201009e-05,-0.024969191784187595,0.009544214405149024,-0.2274765078517903,-0.03784362197307339,-0.0005413683570264775,0.15719139365349988,-0.05028065935304369,0.0,0.002539379689537355,False,0.12124729392182301,-0.12124729392182301,0.0,0.0,0.16661965931535191,0.15381595641537144,6.140000000000001,0.0,0.0,0.0,0.0,-0.0,
