t,mode,pitch,roll,th,thd,th_kin,th_bias,l_pend,v,v_ref,x_err,lifted,a0,a1,a2,a3,hL,hR,IhL,IhR,tauwL,tauwR,IwL,IwR,fault
1791371542.4755166,disarmed,-0.06333777564259627,0.00024637072209878955,0.0,0.0,-0.08126060329150546,0.0,0.1291563573025948,0.0,0.0,0.0,False,0.0,0.0,0.0,0.0,0.1224791,0.1224791,0.0,0.0,0.0,0.0,0.0,0.0,
1791371542.485651,disarmed,-0.06713353202573244,0.0003070033580155497,0.0,0.0,-0.08126060329150546,0.0,0.1291563573025948,0.0,0.0,0.0,False,0.0,0.0,0.0,0.0,0.1224791,0.1224791,0.0,0.0,0.0,0.0,0.0,0.0,
1791371542.4954996,disarmed,-0.07116152493836844,0.0004979917239112616,0.0,0.0,-0.08126060329150546,0.0,0.1291563573025948,0.0,0.0,0.0,False,0.0,0.0,0.0,0.0,0.1224791,0.1224791,0.0,0.0,0.0,0.0,0.0,0.0,
1791371542.5054905,disarmed,-0.07433057979897781,0.0005118388894662976,0.0,0.0,-0.08126060329150546,0.0,0.1291563573025948,0.0,0.0,0.0,False,0.0,0.0,0.0,0.0,0.1224791,0.1224791,0.0,0.0,0.0,0.0,0.0,0.0,
1791371542.5154912,disarmed,-0.07726668065741549,0.00019067023676380546,0.0,0.0,-0.08126060329150546,0.0,0.1291563573025948,0.0,0.0,0.0,False,0.0,0.0,0.0,0.0,0.1224791,0.1224791,0.0,0.0,0.0,0.0,0.0,0.0,
1791371542.5255113,disarmed,-0.08031467127354057,-2.0583994966039862e-05,0.0,0.0,-0.08126060329150546,0.0,0.1291563573025948,0.0,0.0,0.0,False,0.0,0.0,0.0,0.0,0.1224791,0.1224791,0.0,0.0,0.0,0.0,0.0,0.0,
1791371542.5355248,disarmed,-0.08943769485841256,0.002203432080426228,0.0,0.0,-0.08126060329150546,0.0,0.1291563573025948,0.0,0.0,0.0,False,0.0,0.0,0.0,0.0,0.1224791,0.1224791,0.0,0.0,0.0,0.0,0.0,0.0,
1791371542.5454967,disarmed,-0.10135826646836918,0.0064961793403919875,0.0,0.0,-0.08126060329150546,0.0,0.1291563573025948,0.0,0.0,0.0,False,0.0,0.0,0.0,0.0,0.1224791,0.1224791,0.0,0.0,0.0,0.0,0.0,0.0,
1791371542.5555108,disarmed,-0.10379379288146999,0.006131927789971807,0.0,0.0,-0.08126060329150546,0.0,0.1291563573025948,0.0,0.0,0.0,False,0.0,0.0,0.0,0.0,0.1224791,0.1224791,0.0,0.0,0.0,0.0,0.0,0.0,
1791371542.5654893,disarmed,-0.10589209434457622,0.005954032944234949,0.0,0.0,-0.08126060329150546,0.0,0.1291563573025948,0.0,0.0,0.0,False,0.0,0.0,0.0,0.0,0.1224791,0.1224791,0.0,0.0,0.0,0.0,0.0,0.0,
1791371542.575496,disarmed,-0.10757307304016887,0.005959266430898714,0.0,0.0,-0.08126060329150546,0.0,0.1291563573025948,0.0,0.0,0.0,False,0.0,0.0,0.0,0.0,0.1224791,0.1224791,0.0,0.0,0.0,0.0,0.0,0.0,
1791371542.5854876,disarmed,-0.10889621778878028,0.005935808796648047,0.0,0.0,-0.08126060329150546,0.0,0.1291563573025948,0.0,0.0,0.0,False,0.0,0.0,0.0,0.0,0.1224791,0.1224791,0.0,0.0,0.0,0.0,0.0,0.0,
1791371542.595494,disarmed,-0.10951667577071314,0.005944975906609152,0.0,0.0,-0.08126060329150546,0.0,0.1291563573025948,0.0,0.0,0.0,False,0.0,0.0,0.0,0.0,0.1224791,0.1224791,0.0,0.0,0.0,0.0,0.0,0.0,
1791371542.6055183,disarmed,-0.10961704115976653,0.0060503112670692695,0.0,0.0,-0.08126060329150546,0.0,0.1291563573025948,0.0,0.0,0.0,False,0.0,0.0,0.0,0.0,0.1224791,0.1224791,0.0,0.0,0.0,0.0,0.0,0.0,
1791371542.6155868,disarmed,-0.10987724594560859,0.006187018681986371,0.0,0.0,-0.08126060329150546,0.0,0.1291563573025948,0.0,0.0,0.0,False,0.0,0.0,0.0,0.0,0.1224791,0.1224791,0.0,0.0,0.0,0.0,0.0,0.0,
1791371542.625517,disarmed,-0.11021207298159992,0.006346476425297384,0.0,0.0,-0.08126060329150546,0.0,0.1291563573025948,0.0,0.0,0.0,False,0.0,0.0,0.0,0.0,0.1224791,0.1224791,0.0,0.0,0.0,0.0,0.0,0.0,
1791371542.6355226,disarmed,-0.10984580638563729,0.006457558837245973,0.0,0.0,-0.08126060329150546,0.0,0.1291563573025948,0.0,0.0,0.0,False,0.0,0.0,0.0,0.0,0.1224791,0.1224791,0.0,0.0,0.0,0.0,0.0,0.0,
1791371542.6454942,disarmed,-0.10849877983631243,0.0063586714723493955,0.0,0.0,-0.08126060329150546,0.0,0.1291563573025948,0.0,0.0,0.0,False,0.0,0.0,0.0,0.0,0.1224791,0.1224791,0.0,0.0,0.0,0.0,0.0,0.0,
1791371542.655505,disarmed,-0.10680099338007443,0.006139822090623924,0.0,0.0,-0.08126060329150546,0.0,0.1291563573025948,0.0,0.0,0.0,False,0.0,0.0,0.0,0.0,0.1224791,0.1224791,0.0,0.0,0.0,0.0,0.0,0.0,
1791371542.6654916,disarmed,-0.10553296732827373,0.006006121190677503,0.0,0.0,-0.08126060329150546,0.0,0.1291563573025948,0.0,0.0,0.0,False,0.0,0.0,0.0,0.0,0.1224791,0.1224791,0.0,0.0,0.0,0.0,0.0,0.0,
1791371542.6754937,disarmed,-0.10491489196451345,0.00601869896024401,0.0,0.0,-0.08126060329150546,0.0,0.1291563573025948,0.0,0.0,0.0,False,0.0,0.0,0.0,0.0,0.1224791,0.1224791,0.0,0.0,0.0,0.0,0.0,0.0,
1791371542.6855261,disarmed,-0.10394807152420356,0.005979395971494619,0.0,0.0,-0.08126060329150546,0.0,0.1291563573025948,0.0,0.0,0.0,False,0.0,0.0,0.0,0.0,0.1224791,0.1224791,0.0,0.0,0.0,0.0,0.0,0.0,
1791371542.695516,disarmed,-0.1018248447841344,0.0056407877878058,0.0,0.0,-0.08126060329150546,0.0,0.1291563573025948,0.0,0.0,0.0,False,0.0,0.0,0.0,0.0,0.1224791,0.1224791,0.0,0.0,0.0,0.0,0.0,0.0,
1791371542.7055128,disarmed,-0.09884948523922953,0.005391596026961603,0.0,0.0,-0.08126060329150546,0.0,0.1291563573025948,0.0,0.0,0.0,False,0.0,0.0,0.0,0.0,0.1224791,0.1224791,0.0,0.0,0.0,0.0,0.0,0.0,
1791371542.7155075,disarmed,-0.09593527904868081,0.005492200939565871,0.0,0.0,-0.08126060329150546,0.0,0.1291563573025948,0.0,0.0,0.0,False,0.0,0.0,0.0,0.0,0.1224791,0.1224791,0.0,0.0,0.0,0.0,0.0,0.0,
1791371542.7255483,disarmed,-0.0936062686083179,0.0056847166153391054,0.0,0.0,-0.08126060329150546,0.0,0.1291563573025948,0.0,0.0,0.0,False,0.0,0.0,0.0,0.0,0.1224791,0.1224791,0.0,0.0,0.0,0.0,0.0,0.0,
1791371542.735493,disarmed,-0.09153163952416443,0.005692701597353795,0.0,0.0,-0.08126060329150546,0.0,0.1291563573025948,0.0,0.0,0.0,False,0.0,0.0,0.0,0.0,0.1224791,0.1224791,0.0,0.0,0.0,0.0,0.0,0.0,
1791371542.7455018,disarmed,-0.08905593543299688,0.005608948853293296,0.0,0.0,-0.08126060329150546,0.0,0.1291563573025948,0.0,0.0,0.0,False,0.0,0.0,0.0,0.0,0.1224791,0.1224791,0.0,0.0,0.0,0.0,0.0,0.0,
1791371542.75552,disarmed,-0.08605407869847384,0.005578310990300129,0.0,0.0,-0.08126060329150546,0.0,0.1291563573025948,0.0,0.0,0.0,False,0.0,0.0,0.0,0.0,0.1224791,0.1224791,0.0,0.0,0.0,0.0,0.0,0.0,
1791371542.765518,disarmed,-0.08284319433931789,0.005664034582082746,0.0,0.0,-0.08126060329150546,0.0,0.1291563573025948,0.0,0.0,0.0,False,0.0,0.0,0.0,0.0,0.1224791,0.1224791,0.0,0.0,0.0,0.0,0.0,0.0,
1791371542.7755172,disarmed,-0.0796137985427996,0.005709959221677296,0.0,0.0,-0.08126060329150546,0.0,0.1291563573025948,0.0,0.0,0.0,False,0.0,0.0,0.0,0.0,0.1224791,0.1224791,0.0,0.0,0.0,0.0,0.0,0.0,
1791371542.7855165,disarmed,-0.07653515755575403,0.005487005863463331,0.0,0.0,-0.08126060329150546,0.0,0.1291563573025948,0.0,0.0,0.0,False,0.0,0.0,0.0,0.0,0.1224791,0.1224791,0.0,0.0,0.0,0.0,0.0,0.0,
1791371542.7955134,disarmed,-0.07437647803365434,0.005347942781939507,0.0,0.0,-0.08126060329150546,0.0,0.1291563573025948,0.0,0.0,0.0,False,0.0,0.0,0.0,0.0,0.1224791,0.1224791,0.0,0.0,0.0,0.0,0.0,0.0,
1791371542.8055193,disarmed,-0.07165612303285614,0.005464570260384133,0.0,0.0,-0.08126060329150546,0.0,0.1291563573025948,0.0,0.0,0.0,False,0.0,0.0,0.0,0.0,0.1224791,0.1224791,0.0,0.0,0.0,0.0,0.0,0.0,
1791371542.8155305,disarmed,-0.06972997863879596,0.005542989555426941,0.0,0.0,-0.08126060329150546,0.0,0.1291563573025948,0.0,0.0,0.0,False,0.0,0.0,0.0,0.0,0.1224791,0.1224791,0.0,0.0,0.0,0.0,0.0,0.0,
1791371542.8255134,disarmed,-0.0677855117187725,0.005421812633572915,0.0,0.0,-0.08126060329150546,0.0,0.1291563573025948,0.0,0.0,0.0,False,0.0,0.0,0.0,0.0,0.1224791,0.1224791,0.0,0.0,0.0,0.0,0.0,0.0,
1791371542.8355167,disarmed,-0.06558759591765707,0.005221761830962396,0.0,0.0,-0.08126060329150546,0.0,0.1291563573025948,0.0,0.0,0.0,False,0.0,0.0,0.0,0.0,0.1224791,0.1224791,0.0,0.0,0.0,0.0,0.0,0.0,
1791371542.845686,disarmed,-0.06318271266117748,0.0050444260616548066,0.0,0.0,-0.08126060329150546,0.0,0.1291563573025948,0.0,0.0,0.0,False,0.0,0.0,0.0,0.0,0.1224791,0.1224791,0.0,0.0,0.0,0.0,0.0,0.0,
1791371542.8555295,disarmed,-0.06141869148745005,0.005183150049014858,0.0,0.0,-0.08126060329150546,0.0,0.1291563573025948,0.0,0.0,0.0,False,0.0,0.0,0.0,0.0,0.1224791,0.1224791,0.0,0.0,0.0,0.0,0.0,0.0,
1791371542.8655202,disarmed,-0.06053964344181639,0.005568822373160883,0.0,0.0,-0.08126060329150546,0.0,0.1291563573025948,0.0,0.0,0.0,False,0.0,0.0,0.0,0.0,0.1224791,0.1224791,0.0,0.0,0.0,0.0,0.0,0.0,
1791371542.875529,disarmed,-0.05912978698241436,0.005696673682794914,0.0,0.0,-0.08126060329150546,0.0,0.1291563573025948,0.0,0.0,0.0,False,0.0,0.0,0.0,0.0,0.1224791,0.1224791,0.0,0.0,0.0,0.0,0.0,0.0,
1791371542.8854945,disarmed,-0.057152619539713484,0.005450645420750962,0.0,0.0,-0.08126060329150546,0.0,0.1291563573025948,0.0,0.0,0.0,False,0.0,0.0,0.0,0.0,0.1224791,0.1224791,0.0,0.0,0.0,0.0,0.0,0.0,
1791371542.8954904,disarmed,-0.056120527313123655,0.005430797161628676,0.0,0.0,-0.08126060329150546,0.0,0.1291563573025948,0.0,0.0,0.0,False,0.0,0.0,0.0,0.0,0.1224791,0.1224791,0.0,0.0,0.0,0.0,0.0,0.0,
1791371542.9055102,disarmed,-0.055671149308696606,0.005724169639994769,0.0,0.0,-0.08126060329150546,0.0,0.1291563573025948,0.0,0.0,0.0,False,0.0,0.0,0.0,0.0,0.1224791,0.1224791,0.0,0.0,0.0,0.0,0.0,0.0,
1791371542.9155226,disarmed,-0.054742444585410666,0.00579422789220313,0.0,0.0,-0.08126060329150546,0.0,0.1291563573025948,0.0,0.0,0.0,False,0.0,0.0,0.0,0.0,0.1224791,0.1224791,0.0,0.0,0.0,0.0,0.0,0.0,
1791371542.9255145,disarmed,-0.053783680213885174,0.00573997859843861,0.0,0.0,-0.08126060329150546,0.0,0.1291563573025948,0.0,0.0,0.0,False,0.0,0.0,0.0,0.0,0.1224791,0.1224791,0.0,0.0,0.0,0.0,0.0,0.0,
1791371542.935487,disarmed,-0.053016281505098954,0.005907112726940463,0.0,0.0,-0.08126060329150546,0.0,0.1291563573025948,0.0,0.0,0.0,False,0.0,0.0,0.0,0.0,0.1224791,0.1224791,0.0,0.0,0.0,0.0,0.0,0.0,
1791371542.9454992,disarmed,-0.05234765244733147,0.0058315399737207,0.0,0.0,-0.08126060329150546,0.0,0.1291563573025948,0.0,0.0,0.0,False,0.0,0.0,0.0,0.0,0.1224791,0.1224791,0.0,0.0,0.0,0.0,0.0,0.0,
1791371542.9555345,disarmed,-0.05148780243933359,0.005446583141589343,0.0,0.0,-0.08126060329150546,0.0,0.1291563573025948,0.0,0.0,0.0,False,0.0,0.0,0.0,0.0,0.1224791,0.1224791,0.0,0.0,0.0,0.0,0.0,0.0,
1791371542.9655092,disarmed,-0.0505433778687305,0.005305342822107718,0.0,0.0,-0.08126060329150546,0.0,0.1291563573025948,0.0,0.0,0.0,False,0.0,0.0,0.0,0.0,0.1224791,0.1224791,0.0,0.0,0.0,0.0,0.0,0.0,
1791371542.975521,disarmed,-0.04969399322350377,0.0055370650673863655,0.0,0.0,-0.08126060329150546,0.0,0.1291563573025948,0.0,0.0,0.0,False,0.0,0.0,0.0,0.0,0.1224791,0.1224791,0.0,0.0,0.0,0.0,0.0,0.0,
1791371542.9854987,disarmed,-0.048717856856753235,0.005565543186141295,0.0,0.0,-0.08126060329150546,0.0,0.1291563573025948,0.0,0.0,0.0,False,0.0,0.0,0.0,0.0,0.1224791,0.1224791,0.0,0.0,0.0,0.0,0.0,0.0,
1791371542.9955084,disarmed,-0.04756926116459,0.005305850639930016,0.0,0.0,-0.08126060329150546,0.0,0.1291563573025948,0.0,0.0,0.0,False,0.0,0.0,0.0,0.0,0.1224791,0.1224791,0.0,0.0,0.0,0.0,0.0,0.0,
1791371543.0054994,disarmed,-0.04628125922911776,0.005081893706960387,0.0,0.0,-0.08126060329150546,0.0,0.1291563573025948,0.0,0.0,0.0,False,0.0,0.0,0.0,0.0,0.1224791,0.1224791,0.0,0.0,0.0,0.0,0.0,0.0,
1791371543.0154996,disarmed,-0.04519142574208293,0.0051882519686686545,0.0,0.0,-0.08126060329150546,0.0,0.1291563573025948,0.0,0.0,0.0,False,0.0,0.0,0.0,0.0,0.1224791,0.1224791,0.0,0.0,0.0,0.0,0.0,0.0,
1791371543.0254972,disarmed,-0.044315929098220415,0.005353045915882647,0.0,0.0,-0.08126060329150546,0.0,0.1291563573025948,0.0,0.0,0.0,False,0.0,0.0,0.0,0.0,0.1224791,0.1224791,0.0,0.0,0.0,0.0,0.0,0.0,
1791371543.0355158,disarmed,-0.04294283185440162,0.005363296357254035,0.0,0.0,-0.08126060329150546,0.0,0.1291563573025948,0.0,0.0,0.0,False,0.0,0.0,0.0,0.0,0.1224791,0.1224791,0.0,0.0,0.0,0.0,0.0,0.0,
1791371543.0455267,disarmed,-0.04118172533090785,0.0052841404537128855,0.0,0.0,-0.08126060329150546,0.0,0.1291563573025948,0.0,0.0,0.0,False,0.0,0.0,0.0,0.0,0.1224791,0.1224791,0.0,0.0,0.0,0.0,0.0,0.0,
1791371543.0555248,disarmed,-0.04017854321724529,0.0054144669046187685,0.0,0.0,-0.08126060329150546,0.0,0.1291563573025948,0.0,0.0,0.0,False,0.0,0.0,0.0,0.0,0.1224791,0.1224791,0.0,0.0,0.0,0.0,0.0,0.0,
1791371543.0655313,disarmed,-0.03919066450596706,0.005554993374863561,0.0,0.0,-0.08126060329150546,0.0,0.1291563573025948,0.0,0.0,0.0,False,0.0,0.0,0.0,0.0,0.1224791,0.1224791,0.0,0.0,0.0,0.0,0.0,0.0,
1791371543.0756042,disarmed,-0.03739842215039887,0.005466030000684965,0.0,0.0,-0.08126060329150546,0.0,0.1291563573025948,0.0,0.0,0.0,False,0.0,0.0,0.0,0.0,0.1224791,0.1224791,0.0,0.0,0.0,0.0,0.0,0.0,
1791371543.0854995,disarmed,-0.03598519073016326,0.0053865309100822835,0.0,0.0,-0.08126060329150546,0.0,0.1291563573025948,0.0,0.0,0.0,False,0.0,0.0,0.0,0.0,0.1224791,0.1224791,0.0,0.0,0.0,0.0,0.0,0.0,
1791371543.0954905,disarmed,-0.03509925929382399,0.005583634854958881,0.0,0.0,-0.08126060329150546,0.0,0.1291563573025948,0.0,0.0,0.0,False,0.0,0.0,0.0,0.0,0.1224791,0.1224791,0.0,0.0,0.0,0.0,0.0,0.0,
1791371543.1054955,disarmed,-0.033859534630452076,0.005564991359977079,0.0,0.0,-0.08126060329150546,0.0,0.1291563573025948,0.0,0.0,0.0,False,0.0,0.0,0.0,0.0,0.1224791,0.1224791,0.0,0.0,0.0,0.0,0.0,0.0,
1791371543.1155107,disarmed,-0.03237881725795169,0.005238338413191631,0.0,0.0,-0.08126060329150546,0.0,0.1291563573025948,0.0,0.0,0.0,False,0.0,0.0,0.0,0.0,0.1224791,0.1224791,0.0,0.0,0.0,0.0,0.0,0.0,
1791371543.125522,disarmed,-0.030967098154133774,0.00507939680175149,0.0,0.0,-0.08126060329150546,0.0,0.1291563573025948,0.0,0.0,0.0,False,0.0,0.0,0.0,0.0,0.1224791,0.1224791,0.0,0.0,0.0,0.0,0.0,0.0,
1791371543.135499,disarmed,-0.029753189237799415,0.005175535917190647,0.0,0.0,-0.08126060329150546,0.0,0.1291563573025948,0.0,0.0,0.0,False,0.0,0.0,0.0,0.0,0.1224791,0.1224791,0.0,0.0,0.0,0.0,0.0,0.0,
1791371543.1455002,disarmed,-0.028601048367420032,0.004989852941060417,0.0,0.0,-0.08126060329150546,0.0,0.1291563573025948,0.0,0.0,0.0,False,0.0,0.0,0.0,0.0,0.1224791,0.1224791,0.0,0.0,0.0,0.0,0.0,0.0,
1791371543.1555192,disarmed,-0.02704217597417824,0.00458554114784037,0.0,0.0,-0.08126060329150546,0.0,0.1291563573025948,0.0,0.0,0.0,False,0.0,0.0,0.0,0.0,0.1224791,0.1224791,0.0,0.0,0.0,0.0,0.0,0.0,
1791371543.1654944,disarmed,-0.025224742491786488,0.004457625027272927,0.0,0.0,-0.08126060329150546,0.0,0.1291563573025948,0.0,0.0,0.0,False,0.0,0.0,0.0,0.0,0.1224791,0.1224791,0.0,0.0,0.0,0.0,0.0,0.0,
1791371543.1755202,disarmed,-0.023353871177775577,0.004575499492334432,0.0,0.0,-0.08126060329150546,0.0,0.1291563573025948,0.0,0.0,0.0,False,0.0,0.0,0.0,0.0,0.1224791,0.1224791,0.0,0.0,0.0,0.0,0.0,0.0,
1791371543.1854877,disarmed,-0.021863408154200313,0.004487116517076953,0.0,0.0,-0.08126060329150546,0.0,0.1291563573025948,0.0,0.0,0.0,False,0.0,0.0,0.0,0.0,0.1224791,0.1224791,0.0,0.0,0.0,0.0,0.0,0.0,
1791371543.195492,disarmed,-0.020883317227855403,0.004327249750786097,0.0,0.0,-0.08126060329150546,0.0,0.1291563573025948,0.0,0.0,0.0,False,0.0,0.0,0.0,0.0,0.1224791,0.1224791,0.0,0.0,0.0,0.0,0.0,0.0,
1791371543.2054915,disarmed,-0.01972427134595262,0.004420144308392311,0.0,0.0,-0.08126060329150546,0.0,0.1291563573025948,0.0,0.0,0.0,False,0.0,0.0,0.0,0.0,0.1224791,0.1224791,0.0,0.0,0.0,0.0,0.0,0.0,
1791371543.215492,disarmed,-0.018461236944962173,0.004459421648923349,0.0,0.0,-0.08126060329150546,0.0,0.1291563573025948,0.0,0.0,0.0,False,0.0,0.0,0.0,0.0,0.1224791,0.1224791,0.0,0.0,0.0,0.0,0.0,0.0,
1791371543.2255044,disarmed,-0.017173212413109668,0.004431224419330536,0.0,0.0,-0.08126060329150546,0.0,0.1291563573025948,0.0,0.0,0.0,False,0.0,0.0,0.0,0.0,0.1224791,0.1224791,0.0,0.0,0.0,0.0,0.0,0.0,
1791371543.2355127,disarmed,-0.01585979198145522,0.004222827635915931,0.0,0.0,-0.08126060329150546,0.0,0.1291563573025948,0.0,0.0,0.0,False,0.0,0.0,0.0,0.0,0.1224791,0.1224791,0.0,0.0,0.0,0.0,0.0,0.0,
1791371543.245517,disarmed,-0.014365412566936707,0.004094380595418504,0.0,0.0,-0.08126060329150546,0.0,0.1291563573025948,0.0,0.0,0.0,False,0.0,0.0,0.0,0.0,0.1224791,0.1224791,0.0,0.0,0.0,0.0,0.0,0.0,
1791371543.255522,disarmed,-0.012916026238924802,0.0040902649841918146,0.0,0.0,-0.08126060329150546,0.0,0.1291563573025948,0.0,0.0,0.0,False,0.0,0.0,0.0,0.0,0.1224791,0.1224791,0.0,0.0,0.0,0.0,0.0,0.0,
1791371543.265515,disarmed,-0.011463412439056367,0.0040714410218739535,0.0,0.0,-0.08126060329150546,0.0,0.1291563573025948,0.0,0.0,0.0,False,0.0,0.0,0.0,0.0,0.1224791,0.1224791,0.0,0.0,0.0,0.0,0.0,0.0,
1791371543.2755005,disarmed,-0.009998234394477752,0.00410178034161866,0.0,0.0,-0.08126060329150546,0.0,0.1291563573025948,0.0,0.0,0.0,False,0.0,0.0,0.0,0.0,0.1224791,0.1224791,0.0,0.0,0.0,0.0,0.0,0.0,
1791371543.2855158,disarmed,-0.009090958955834345,0.004133901550936503,0.0,0.0,-0.08126060329150546,0.0,0.1291563573025948,0.0,0.0,0.0,False,0.0,0.0,0.0,0.0,0.1224791,0.1224791,0.0,0.0,0.0,0.0,0.0,0.0,
1791371543.2955008,disarmed,-0.008682530298778596,0.004201499012162318,0.0,0.0,-0.08126060329150546,0.0,0.1291563573025948,0.0,0.0,0.0,False,0.0,0.0,0.0,0.0,0.1224791,0.1224791,0.0,0.0,0.0,0.0,0.0,0.0,
1791371543.3055298,disarmed,-0.007836881599228206,0.00426478629655641,0.0,0.0,-0.08126060329150546,0.0,0.1291563573025948,0.0,0.0,0.0,False,0.0,0.0,0.0,0.0,0.1224791,0.1224791,0.0,0.0,0.0,0.0,0.0,0.0,
1791371543.3155138,disarmed,-0.006525694168427168,0.004299100090430841,0.0,0.0,-0.08126060329150546,0.0,0.1291563573025948,0.0,0.0,0.0,False,0.0,0.0,0.0,0.0,0.1224791,0.1224791,0.0,0.0,0.0,0.0,0.0,0.0,
1791371543.3255117,disarmed,-0.005481449344707454,0.004367779087959238,0.0,0.0,-0.08126060329150546,0.0,0.1291563573025948,0.0,0.0,0.0,False,0.0,0.0,0.0,0.0,0.1224791,0.1224791,0.0,0.0,0.0,0.0,0.0,0.0,
1791371543.3356285,disarmed,-0.0048157747673781255,0.004561773803175176,0.0,0.0,-0.08126060329150546,0.0,0.1291563573025948,0.0,0.0,0.0,False,0.0,0.0,0.0,0.0,0.1224791,0.1224791,0.0,0.0,0.0,0.0,0.0,0.0,
1791371543.3454967,disarmed,-0.003907221265826079,0.004726907313450008,0.0,0.0,-0.08126060329150546,0.0,0.1291563573025948,0.0,0.0,0.0,False,0.0,0.0,0.0,0.0,0.1224791,0.1224791,0.0,0.0,0.0,0.0,0.0,0.0,
1791371543.3555007,disarmed,-0.002550535877933545,0.004755918589294134,0.0,0.0,-0.08126060329150546,0.0,0.1291563573025948,0.0,0.0,0.0,False,0.0,0.0,0.0,0.0,0.1224791,0.1224791,0.0,0.0,0.0,0.0,0.0,0.0,
1791371543.365511,disarmed,-0.001406171303985136,0.004824040193623614,0.0,0.0,-0.08126060329150546,0.0,0.1291563573025948,0.0,0.0,0.0,False,0.0,0.0,0.0,0.0,0.1224791,0.1224791,0.0,0.0,0.0,0.0,0.0,0.0,
1791371543.375506,disarmed,-0.000886719861613224,0.004961768066675104,0.0,0.0,-0.08126060329150546,0.0,0.1291563573025948,0.0,0.0,0.0,False,0.0,0.0,0.0,0.0,0.1224791,0.1224791,0.0,0.0,0.0,0.0,0.0,0.0,
1791371543.385499,disarmed,-0.0008036903248217656,0.005116320944645458,0.0,0.0,-0.08126060329150546,0.0,0.1291563573025948,0.0,0.0,0.0,False,0.0,0.0,0.0,0.0,0.1224791,0.1224791,0.0,0.0,0.0,0.0,0.0,0.0,
1791371543.3955054,disarmed,-0.0008240013565115488,0.005087632949641368,0.0,0.0,-0.08126060329150546,0.0,0.1291563573025948,0.0,0.0,0.0,False,0.0,0.0,0.0,0.0,0.1224791,0.1224791,0.0,0.0,0.0,0.0,0.0,0.0,
1791371543.4055135,disarmed,0.008759593557071276,0.008724829410932791,0.0,0.0,-0.08126060329150546,0.0,0.1291563573025948,0.0,0.0,0.0,False,0.0,0.0,0.0,0.0,0.1224791,0.1224791,0.0,0.0,0.0,0.0,0.0,0.0,
1791371543.415498,disarmed,0.010728090232735448,0.009078312673879397,0.0,0.0,-0.08126060329150546,0.0,0.1291563573025948,0.0,0.0,0.0,False,0.0,0.0,0.0,0.0,0.1224791,0.1224791,0.0,0.0,0.0,0.0,0.0,0.0,
1791371543.4254918,disarmed,0.013441405372692422,0.009489621244280894,0.0,0.0,-0.08126060329150546,0.0,0.1291563573025948,0.0,0.0,0.0,False,0.0,0.0,0.0,0.0,0.1224791,0.1224791,0.0,0.0,0.0,0.0,0.0,0.0,
1791371543.435521,disarmed,0.015132994328482273,0.009194581958383125,0.0,0.0,-0.08126060329150546,0.0,0.1291563573025948,0.0,0.0,0.0,False,0.0,0.0,0.0,0.0,0.1224791,0.1224791,0.0,0.0,0.0,0.0,0.0,0.0,
1791371543.4454975,disarmed,0.014823696283216638,0.009137677310425633,0.0,0.0,-0.08126060329150546,0.0,0.1291563573025948,0.0,0.0,0.0,False,0.0,0.0,0.0,0.0,0.1224791,0.1224791,0.0,0.0,0.0,0.0,0.0,0.0,
1791371543.455516,disarmed,0.014495295222149512,0.009077084899021034,0.0,0.0,-0.08126060329150546,0.0,0.1291563573025948,0.0,0.0,0.0,False,0.0,0.0,0.0,0.0,0.1224791,0.1224791,0.0,0.0,0.0,0.0,0.0,0.0,
1791371543.4655166,disarmed,0.01714455840654648,0.004399008538358099,0.0,0.0,-0.08126060329150546,0.0,0.1291563573025948,0.0,0.0,0.0,False,0.0,0.0,0.0,0.0,0.1224791,0.1224791,0.0,0.0,0.0,0.0,0.0,0.0,
1791371543.4755154,disarmed,0.016575549279436646,0.004436949675693935,0.0,0.0,-0.08126060329150546,0.0,0.1291563573025948,0.0,0.0,0.0,False,0.0,0.0,0.0,0.0,0.1224791,0.1224791,0.0,0.0,0.0,0.0,0.0,0.0,
1791371543.4855099,disarmed,0.016592411567110138,0.003436780223616596,0.0,0.0,-0.08126060329150546,0.0,0.1291563573025948,0.0,0.0,0.0,False,0.0,0.0,0.0,0.0,0.1224791,0.1224791,0.0,0.0,0.0,0.0,0.0,0.0,
1791371543.4955032,disarmed,0.01582527030213162,0.0035120888345095127,0.0,0.0,-0.08126060329150546,0.0,0.1291563573025948,0.0,0.0,0.0,False,0.0,0.0,0.0,0.0,0.1224791,0.1224791,0.0,0.0,0.0,0.0,0.0,0.0,
1791371543.505495,disarmed,0.015125968081047084,0.0036088875023517625,0.0,0.0,-0.08126060329150546,0.0,0.1291563573025948,0.0,0.0,0.0,False,0.0,0.0,0.0,0.0,0.1224791,0.1224791,0.0,0.0,0.0,0.0,0.0,0.0,
1791371543.515489,disarmed,0.014402652104809878,0.003701081065816473,0.0,0.0,-0.08126060329150546,0.0,0.1291563573025948,0.0,0.0,0.0,False,0.0,0.0,0.0,0.0,0.1224791,0.1224791,0.0,0.0,0.0,0.0,0.0,0.0,
1791371543.525496,disarmed,0.011280456779055094,0.0062266412703145275,0.0,0.0,-0.08126060329150546,0.0,0.1291563573025948,0.0,0.0,0.0,False,0.0,0.0,0.0,0.0,0.1224791,0.1224791,0.0,0.0,0.0,0.0,0.0,0.0,
1791371543.5355065,disarmed,0.008059526459967421,0.009181735907053883,0.0,0.0,-0.08126060329150546,0.0,0.1291563573025948,0.0,0.0,0.0,False,0.0,0.0,0.0,0.0,0.1224791,0.1224791,0.0,0.0,0.0,0.0,0.0,0.0,
1791371543.5455363,disarmed,0.005214986328604054,0.010051041342691532,0.0,0.0,-0.08126060329150546,0.0,0.1291563573025948,0.0,0.0,0.0,False,0.0,0.0,0.0,0.0,0.1224791,0.1224791,0.0,0.0,0.0,0.0,0.0,0.0,
1791371543.555522,disarmed,0.002385486104893389,0.010062724562161549,0.0,0.0,-0.08126060329150546,0.0,0.1291563573025948,0.0,0.0,0.0,False,0.0,0.0,0.0,0.0,0.1224791,0.1224791,0.0,0.0,0.0,0.0,0.0,0.0,
1791371543.5654967,disarmed,0.0003566627755790726,0.009470493285406837,0.0,0.0,-0.08126060329150546,0.0,0.1291563573025948,0.0,0.0,0.0,False,0.0,0.0,0.0,0.0,0.1224791,0.1224791,0.0,0.0,0.0,0.0,0.0,0.0,
1791371543.5757785,disarmed,-0.0010135801873048396,0.009033703230312691,0.0,0.0,-0.08126060329150546,0.0,0.1291563573025948,0.0,0.0,0.0,False,0.0,0.0,0.0,0.0,0.1224791,0.1224791,0.0,0.0,0.0,0.0,0.0,0.0,
1791371543.5855052,disarmed,-0.0017432474815069815,0.008913653542869155,0.0,0.0,-0.08126060329150546,0.0,0.1291563573025948,0.0,0.0,0.0,False,0.0,0.0,0.0,0.0,0.1224791,0.1224791,0.0,0.0,0.0,0.0,0.0,0.0,
1791371543.5954955,disarmed,-0.0030944754702131186,0.007870835997470411,0.0,0.0,-0.08126060329150546,0.0,0.1291563573025948,0.0,0.0,0.0,False,0.0,0.0,0.0,0.0,0.1224791,0.1224791,0.0,0.0,0.0,0.0,0.0,0.0,
1791371543.605494,disarmed,-0.0044372500937796275,0.006856908816557002,0.0,0.0,-0.08126060329150546,0.0,0.1291563573025948,0.0,0.0,0.0,False,0.0,0.0,0.0,0.0,0.1224791,0.1224791,0.0,0.0,0.0,0.0,0.0,0.0,
1791371543.6155043,disarmed,-0.005474724920581105,0.0059350024951841055,0.0,0.0,-0.08126060329150546,0.0,0.1291563573025948,0.0,0.0,0.0,False,0.0,0.0,0.0,0.0,0.1224791,0.1224791,0.0,0.0,0.0,0.0,0.0,0.0,
1791371543.6255007,disarmed,-0.0064055779006161944,0.005651390221138532,0.0,0.0,-0.08126060329150546,0.0,0.1291563573025948,0.0,0.0,0.0,False,0.0,0.0,0.0,0.0,0.1224791,0.1224791,0.0,0.0,0.0,0.0,0.0,0.0,
1791371543.6354911,disarmed,-0.007272568169110488,0.00519991003129237,0.0,0.0,-0.08126060329150546,0.0,0.1291563573025948,0.0,0.0,0.0,False,0.0,0.0,0.0,0.0,0.1224791,0.1224791,0.0,0.0,0.0,0.0,0.0,0.0,
1791371543.6455069,disarmed,-0.008285683698510921,0.00496655620182247,0.0,0.0,-0.08126060329150546,0.0,0.1291563573025948,0.0,0.0,0.0,False,0.0,0.0,0.0,0.0,0.1224791,0.1224791,0.0,0.0,0.0,0.0,0.0,0.0,
1791371543.655542,disarmed,-0.008891501668063092,0.004886279675313633,0.0,0.0,-0.08126060329150546,0.0,0.1291563573025948,0.0,0.0,0.0,False,0.0,0.0,0.0,0.0,0.1224791,0.1224791,0.0,0.0,0.0,0.0,0.0,0.0,
1791371543.665516,disarmed,-0.009853864205301429,0.004619378598196531,0.0,0.0,-0.08126060329150546,0.0,0.1291563573025948,0.0,0.0,0.0,False,0.0,0.0,0.0,0.0,0.1224791,0.1224791,0.0,0.0,0.0,0.0,0.0,0.0,
1791371543.6755352,disarmed,-0.010461738705509495,0.004632742112436528,0.0,0.0,-0.08126060329150546,0.0,0.1291563573025948,0.0,0.0,0.0,False,0.0,0.0,0.0,0.0,0.1224791,0.1224791,0.0,0.0,0.0,0.0,0.0,0.0,
1791371543.6855242,disarmed,-0.011222288503773539,0.004090220424352179,0.0,0.0,-0.08126060329150546,0.0,0.1291563573025948,0.0,0.0,0.0,False,0.0,0.0,0.0,0.0,0.1224791,0.1224791,0.0,0.0,0.0,0.0,0.0,0.0,
1791371543.6955187,disarmed,-0.012042304389580342,0.003609899887136721,0.0,0.0,-0.08126060329150546,0.0,0.1291563573025948,0.0,0.0,0.0,False,0.0,0.0,0.0,0.0,0.1224791,0.1224791,0.0,0.0,0.0,0.0,0.0,0.0,
1791371543.7055032,disarmed,-0.012844228140668277,0.003099277639904479,0.0,0.0,-0.08126060329150546,0.0,0.1291563573025948,0.0,0.0,0.0,False,0.0,0.0,0.0,0.0,0.1224791,0.1224791,0.0,0.0,0.0,0.0,0.0,0.0,
1791371543.715499,disarmed,-0.013525861588192679,0.002881134353337631,0.0,0.0,-0.08126060329150546,0.0,0.1291563573025948,0.0,0.0,0.0,False,0.0,0.0,0.0,0.0,0.1224791,0.1224791,0.0,0.0,0.0,0.0,0.0,0.0,
1791371543.7255232,disarmed,-0.014327708456322462,0.002777624450742459,0.0,0.0,-0.08126060329150546,0.0,0.1291563573025948,0.0,0.0,0.0,False,0.0,0.0,0.0,0.0,0.1224791,0.1224791,0.0,0.0,0.0,0.0,0.0,0.0,
1791371543.7355213,disarmed,-0.015069984327804905,0.002835717790321878,0.0,0.0,-0.08126060329150546,0.0,0.1291563573025948,0.0,0.0,0.0,False,0.0,0.0,0.0,0.0,0.1224791,0.1224791,0.0,0.0,0.0,0.0,0.0,0.0,
1791371543.7455227,disarmed,-0.01564708381217503,0.00301842176738758,0.0,0.0,-0.08126060329150546,0.0,0.1291563573025948,0.0,0.0,0.0,False,0.0,0.0,0.0,0.0,0.1224791,0.1224791,0.0,0.0,0.0,0.0,0.0,0.0,
1791371543.755523,disarmed,-0.01641218926411167,0.0031919546527610413,0.0,0.0,-0.08126060329150546,0.0,0.1291563573025948,0.0,0.0,0.0,False,0.0,0.0,0.0,0.0,0.1224791,0.1224791,0.0,0.0,0.0,0.0,0.0,0.0,
1791371543.7655385,disarmed,-0.017053994343726172,0.0031814941146400167,0.0,0.0,-0.08126060329150546,0.0,0.1291563573025948,0.0,0.0,0.0,False,0.0,0.0,0.0,0.0,0.1224791,0.1224791,0.0,0.0,0.0,0.0,0.0,0.0,
1791371543.7755198,disarmed,-0.01746221756160396,0.0031642670840503185,0.0,0.0,-0.08126060329150546,0.0,0.1291563573025948,0.0,0.0,0.0,False,0.0,0.0,0.0,0.0,0.1224791,0.1224791,0.0,0.0,0.0,0.0,0.0,0.0,
1791371543.7855017,disarmed,-0.017986601623921503,0.0030884987268290196,0.0,0.0,-0.08126060329150546,0.0,0.1291563573025948,0.0,0.0,0.0,False,0.0,0.0,0.0,0.0,0.1224791,0.1224791,0.0,0.0,0.0,0.0,0.0,0.0,
1791371543.795521,disarmed,-0.018288916237722434,0.003069350030668793,0.0,0.0,-0.08126060329150546,0.0,0.1291563573025948,0.0,0.0,0.0,False,0.0,0.0,0.0,0.0,0.1224791,0.1224791,0.0,0.0,0.0,0.0,0.0,0.0,
1791371543.8054962,disarmed,-0.018708980089275542,0.0030567957513506295,0.0,0.0,-0.08126060329150546,0.0,0.1291563573025948,0.0,0.0,0.0,False,0.0,0.0,0.0,0.0,0.1224791,0.1224791,0.0,0.0,0.0,0.0,0.0,0.0,
1791371543.8155124,disarmed,-0.018930687870422885,0.0029130614415890086,0.0,0.0,-0.08126060329150546,0.0,0.1291563573025948,0.0,0.0,0.0,False,0.0,0.0,0.0,0.0,0.1224791,0.1224791,0.0,0.0,0.0,0.0,0.0,0.0,
1791371543.825517,disarmed,-0.019397628650512717,0.0027347767745101895,0.0,0.0,-0.08126060329150546,0.0,0.1291563573025948,0.0,0.0,0.0,False,0.0,0.0,0.0,0.0,0.1224791,0.1224791,0.0,0.0,0.0,0.0,0.0,0.0,
1791371543.8355136,disarmed,-0.019701407740056284,0.0024842795108543157,0.0,0.0,-0.08126060329150546,0.0,0.1291563573025948,0.0,0.0,0.0,False,0.0,0.0,0.0,0.0,0.1224791,0.1224791,0.0,0.0,0.0,0.0,0.0,0.0,
1791371543.8455026,disarmed,-0.019921861067300334,0.002196888957065465,0.0,0.0,-0.08126060329150546,0.0,0.1291563573025948,0.0,0.0,0.0,False,0.0,0.0,0.0,0.0,0.1224791,0.1224791,0.0,0.0,0.0,0.0,0.0,0.0,
1791371543.8555028,disarmed,-0.02008780623942597,0.0020050280532043136,0.0,0.0,-0.08126060329150546,0.0,0.1291563573025948,0.0,0.0,0.0,False,0.0,0.0,0.0,0.0,0.1224791,0.1224791,0.0,0.0,0.0,0.0,0.0,0.0,
1791371543.8654902,disarmed,-0.020409581630670425,0.0018294447974196767,0.0,0.0,-0.08126060329150546,0.0,0.1291563573025948,0.0,0.0,0.0,False,0.0,0.0,0.0,0.0,0.1224791,0.1224791,0.0,0.0,0.0,0.0,0.0,0.0,
1791371543.8755167,disarmed,-0.020559605503938497,0.0018551216330934166,0.0,0.0,-0.08126060329150546,0.0,0.1291563573025948,0.0,0.0,0.0,False,0.0,0.0,0.0,0.0,0.1224791,0.1224791,0.0,0.0,0.0,0.0,0.0,0.0,
1791371543.8855042,disarmed,-0.020740619540899154,0.0018191111632468097,0.0,0.0,-0.08126060329150546,0.0,0.1291563573025948,0.0,0.0,0.0,False,0.0,0.0,0.0,0.0,0.1224791,0.1224791,0.0,0.0,0.0,0.0,0.0,0.0,
1791371543.8954928,disarmed,-0.02080004873079607,0.0018324219295880679,0.0,0.0,-0.08126060329150546,0.0,0.1291563573025948,0.0,0.0,0.0,False,0.0,0.0,0.0,0.0,0.1224791,0.1224791,0.0,0.0,0.0,0.0,0.0,0.0,
1791371543.9055097,disarmed,-0.02084916705573376,0.0019288725741913536,0.0,0.0,-0.08126060329150546,0.0,0.1291563573025948,0.0,0.0,0.0,False,0.0,0.0,0.0,0.0,0.1224791,0.1224791,0.0,0.0,0.0,0.0,0.0,0.0,
1791371543.91553,disarmed,-0.02078085348725725,0.00200910650791847,0.0,0.0,-0.08126060329150546,0.0,0.1291563573025948,0.0,0.0,0.0,False,0.0,0.0,0.0,0.0,0.1224791,0.1224791,0.0,0.0,0.0,0.0,0.0,0.0,
1791371543.9255157,disarmed,-0.020736195282396255,0.002125338028790798,0.0,0.0,-0.08126060329150546,0.0,0.1291563573025948,0.0,0.0,0.0,False,0.0,0.0,0.0,0.0,0.1224791,0.1224791,0.0,0.0,0.0,0.0,0.0,0.0,
1791371543.9354453,disarmed,-0.02071300587691055,0.002192735517831863,0.0,0.0,-0.08126060329150546,0.0,0.1291563573025948,0.0,0.0,0.0,False,0.0,0.0,0.0,0.0,0.1224791,0.1224791,0.0,0.0,0.0,0.0,0.0,0.0,
1791371543.945504,disarmed,-0.020603413583421694,0.002249296726983408,0.0,0.0,-0.08126060329150546,0.0,0.1291563573025948,0.0,0.0,0.0,False,0.0,0.0,0.0,0.0,0.1224791,0.1224791,0.0,0.0,0.0,0.0,0.0,0.0,
1791371543.955529,disarmed,-0.020671302096695758,0.0022698800536201593,0.0,0.0,-0.08126060329150546,0.0,0.1291563573025948,0.0,0.0,0.0,False,0.0,0.0,0.0,0.0,0.1224791,0.1224791,0.0,0.0,0.0,0.0,0.0,0.0,
1791371543.9655066,disarmed,-0.020730947064600675,0.002243922822070633,0.0,0.0,-0.08126060329150546,0.0,0.1291563573025948,0.0,0.0,0.0,False,0.0,0.0,0.0,0.0,0.1224791,0.1224791,0.0,0.0,0.0,0.0,0.0,0.0,
1791371543.975542,disarmed,-0.02084854053716306,0.0022523084492125645,0.0,0.0,-0.08126060329150546,0.0,0.1291563573025948,0.0,0.0,0.0,False,0.0,0.0,0.0,0.0,0.1224791,0.1224791,0.0,0.0,0.0,0.0,0.0,0.0,
1791371543.9855206,disarmed,-0.020976914507176044,0.0022376205612414154,0.0,0.0,-0.08126060329150546,0.0,0.1291563573025948,0.0,0.0,0.0,False,0.0,0.0,0.0,0.0,0.1224791,0.1224791,0.0,0.0,0.0,0.0,0.0,0.0,
1791371543.9955156,disarmed,-0.020812757891426927,0.0022780436579722813,0.0,0.0,-0.08126060329150546,0.0,0.1291563573025948,0.0,0.0,0.0,False,0.0,0.0,0.0,0.0,0.1224791,0.1224791,0.0,0.0,0.0,0.0,0.0,0.0,
1791371544.0054927,disarmed,-0.020988396850381383,0.0023265143481882226,0.0,0.0,-0.08126060329150546,0.0,0.1291563573025948,0.0,0.0,0.0,False,0.0,0.0,0.0,0.0,0.1224791,0.1224791,0.0,0.0,0.0,0.0,0.0,0.0,
1791371544.015505,disarmed,-0.02107694888430274,0.0021968168888403324,0.0,0.0,-0.08126060329150546,0.0,0.1291563573025948,0.0,0.0,0.0,False,0.0,0.0,0.0,0.0,0.1224791,0.1224791,0.0,0.0,0.0,0.0,0.0,0.0,
1791371544.0254958,disarmed,-0.02124559885379075,0.002157097608592186,0.0,0.0,-0.08126060329150546,0.0,0.1291563573025948,0.0,0.0,0.0,False,0.0,0.0,0.0,0.0,0.1224791,0.1224791,0.0,0.0,0.0,0.0,0.0,0.0,
1791371544.0355341,disarmed,-0.02120384139770751,0.002135847713335467,0.0,0.0,-0.08126060329150546,0.0,0.1291563573025948,0.0,0.0,0.0,False,0.0,0.0,0.0,0.0,0.1224791,0.1224791,0.0,0.0,0.0,0.0,0.0,0.0,
1791371544.0455415,disarmed,-0.02126072417619113,0.002196345988908907,0.0,0.0,-0.08126060329150546,0.0,0.1291563573025948,0.0,0.0,0.0,False,0.0,0.0,0.0,0.0,0.1224791,0.1224791,0.0,0.0,0.0,0.0,0.0,0.0,
1791371544.0555153,disarmed,-0.021072098149445308,0.0024179033920707508,0.0,0.0,-0.08126060329150546,0.0,0.1291563573025948,0.0,0.0,0.0,False,0.0,0.0,0.0,0.0,0.1224791,0.1224791,0.0,0.0,0.0,0.0,0.0,0.0,
1791371544.0655057,disarmed,-0.02108875515740263,0.0025064410441654303,0.0,0.0,-0.08126060329150546,0.0,0.1291563573025948,0.0,0.0,0.0,False,0.0,0.0,0.0,0.0,0.1224791,0.1224791,0.0,0.0,0.0,0.0,0.0,0.0,
1791371544.0756285,disarmed,-0.021388832232427372,0.0025709491165624484,0.0,0.0,-0.08126060329150546,0.0,0.1291563573025948,0.0,0.0,0.0,False,0.0,0.0,0.0,0.0,0.1224791,0.1224791,0.0,0.0,0.0,0.0,0.0,0.0,
1791371544.0855494,disarmed,-0.021771960653751036,0.0026427817556841653,0.0,0.0,-0.08126060329150546,0.0,0.1291563573025948,0.0,0.0,0.0,False,0.0,0.0,0.0,0.0,0.1224791,0.1224791,0.0,0.0,0.0,0.0,0.0,0.0,
1791371544.0955224,disarmed,-0.021825622775964525,0.002509361593758254,0.0,0.0,-0.08126060329150546,0.0,0.1291563573025948,0.0,0.0,0.0,False,0.0,0.0,0.0,0.0,0.1224791,0.1224791,0.0,0.0,0.0,0.0,0.0,0.0,
1791371544.105507,disarmed,-0.02194361492157897,0.0024728892805327063,0.0,0.0,-0.08126060329150546,0.0,0.1291563573025948,0.0,0.0,0.0,False,0.0,0.0,0.0,0.0,0.1224791,0.1224791,0.0,0.0,0.0,0.0,0.0,0.0,
1791371544.1154985,disarmed,-0.022107223525301967,0.002558873865854973,0.0,0.0,-0.08126060329150546,0.0,0.1291563573025948,0.0,0.0,0.0,False,0.0,0.0,0.0,0.0,0.1224791,0.1224791,0.0,0.0,0.0,0.0,0.0,0.0,
1791371544.1255236,disarmed,-0.02238075512808659,0.002809482363964125,0.0,0.0,-0.08126060329150546,0.0,0.1291563573025948,0.0,0.0,0.0,False,0.0,0.0,0.0,0.0,0.1224791,0.1224791,0.0,0.0,0.0,0.0,0.0,0.0,
1791371544.1355312,disarmed,-0.023009447022177047,0.0031001039186003354,0.0,0.0,-0.08126060329150546,0.0,0.1291563573025948,0.0,0.0,0.0,False,0.0,0.0,0.0,0.0,0.1224791,0.1224791,0.0,0.0,0.0,0.0,0.0,0.0,
1791371544.1455033,disarmed,-0.023886689023214835,0.003483195647182776,0.0,0.0,-0.08126060329150546,0.0,0.1291563573025948,0.0,0.0,0.0,False,0.0,0.0,0.0,0.0,0.1224791,0.1224791,0.0,0.0,0.0,0.0,0.0,0.0,
1791371544.1555233,disarmed,-0.02436343918798657,0.003850825546414123,0.0,0.0,-0.08126060329150546,0.0,0.1291563573025948,0.0,0.0,0.0,False,0.0,0.0,0.0,0.0,0.1224791,0.1224791,0.0,0.0,0.0,0.0,0.0,0.0,
1791371544.1655047,disarmed,-0.024617730013221952,0.0039919913255582464,0.0,0.0,-0.08126060329150546,0.0,0.1291563573025948,0.0,0.0,0.0,False,0.0,0.0,0.0,0.0,0.1224791,0.1224791,0.0,0.0,0.0,0.0,0.0,0.0,
1791371544.1756022,disarmed,-0.024907160142320677,0.004055355979344696,0.0,0.0,-0.08126060329150546,0.0,0.1291563573025948,0.0,0.0,0.0,False,0.0,0.0,0.0,0.0,0.1224791,0.1224791,0.0,0.0,0.0,0.0,0.0,0.0,
1791371544.1855526,disarmed,-0.02557021808217429,0.004289162029749655,0.0,0.0,-0.08126060329150546,0.0,0.1291563573025948,0.0,0.0,0.0,False,0.0,0.0,0.0,0.0,0.1224791,0.1224791,0.0,0.0,0.0,0.0,0.0,0.0,
1791371544.1954947,disarmed,-0.02655792348471024,0.004591498029230809,0.0,0.0,-0.08126060329150546,0.0,0.1291563573025948,0.0,0.0,0.0,False,0.0,0.0,0.0,0.0,0.1224791,0.1224791,0.0,0.0,0.0,0.0,0.0,0.0,
1791371544.2055,disarmed,-0.027338510422116515,0.004895499528904413,0.0,0.0,-0.08126060329150546,0.0,0.1291563573025948,0.0,0.0,0.0,False,0.0,0.0,0.0,0.0,0.1224791,0.1224791,0.0,0.0,0.0,0.0,0.0,0.0,
1791371544.2155015,disarmed,-0.02800330412070307,0.005045554319735212,0.0,0.0,-0.08126060329150546,0.0,0.1291563573025948,0.0,0.0,0.0,False,0.0,0.0,0.0,0.0,0.1224791,0.1224791,0.0,0.0,0.0,0.0,0.0,0.0,
1791371544.2254932,disarmed,-0.028922853931438872,0.005004797462915022,0.0,0.0,-0.08126060329150546,0.0,0.1291563573025948,0.0,0.0,0.0,False,0.0,0.0,0.0,0.0,0.1224791,0.1224791,0.0,0.0,0.0,0.0,0.0,0.0,
1791371544.2354827,disarmed,-0.030049817830797444,0.004862304378279598,0.0,0.0,-0.08126060329150546,0.0,0.1291563573025948,0.0,0.0,0.0,False,0.0,0.0,0.0,0.0,0.1224791,0.1224791,0.0,0.0,0.0,0.0,0.0,0.0,
1791371544.2455277,disarmed,-0.031107352629285358,0.004843824022854119,0.0,0.0,-0.08126060329150546,0.0,0.1291563573025948,0.0,0.0,0.0,False,0.0,0.0,0.0,0.0,0.1224791,0.1224791,0.0,0.0,0.0,0.0,0.0,0.0,
1791371544.255525,disarmed,-0.032009428502062676,0.004950608527974054,0.0,0.0,-0.08126060329150546,0.0,0.1291563573025948,0.0,0.0,0.0,False,0.0,0.0,0.0,0.0,0.1224791,0.1224791,0.0,0.0,0.0,0.0,0.0,0.0,
1791371544.2654996,disarmed,-0.03293206727765467,0.004866428574170426,0.0,0.0,-0.08126060329150546,0.0,0.1291563573025948,0.0,0.0,0.0,False,0.0,0.0,0.0,0.0,0.1224791,0.1224791,0.0,0.0,0.0,0.0,0.0,0.0,
1791371544.275497,disarmed,-0.033955467460343135,0.004650388267058199,0.0,0.0,-0.08126060329150546,0.0,0.1291563573025948,0.0,0.0,0.0,False,0.0,0.0,0.0,0.0,0.1224791,0.1224791,0.0,0.0,0.0,0.0,0.0,0.0,
1791371544.285525,disarmed,-0.034974629758351666,0.004549474771758148,0.0,0.0,-0.08126060329150546,0.0,0.1291563573025948,0.0,0.0,0.0,False,0.0,0.0,0.0,0.0,0.1224791,0.1224791,0.0,0.0,0.0,0.0,0.0,0.0,
1791371544.295492,disarmed,-0.03608921814213797,0.004503161639820798,0.0,0.0,-0.08126060329150546,0.0,0.1291563573025948,0.0,0.0,0.0,False,0.0,0.0,0.0,0.0,0.1224791,0.1224791,0.0,0.0,0.0,0.0,0.0,0.0,
1791371544.3055174,disarmed,-0.03741802995980726,0.004426918161651242,0.0,0.0,-0.08126060329150546,0.0,0.1291563573025948,0.0,0.0,0.0,False,0.0,0.0,0.0,0.0,0.1224791,0.1224791,0.0,0.0,0.0,0.0,0.0,0.0,
1791371544.315522,disarmed,-0.03884557887529914,0.004426311190571033,0.0,0.0,-0.08126060329150546,0.0,0.1291563573025948,0.0,0.0,0.0,False,0.0,0.0,0.0,0.0,0.1224791,0.1224791,0.0,0.0,0.0,0.0,0.0,0.0,
1791371544.325497,disarmed,-0.0401961263007812,0.004489051049343855,0.0,0.0,-0.08126060329150546,0.0,0.1291563573025948,0.0,0.0,0.0,False,0.0,0.0,0.0,0.0,0.1224791,0.1224791,0.0,0.0,0.0,0.0,0.0,0.0,
1791371544.3355587,disarmed,-0.04148757832903932,0.00457843960676654,0.0,0.0,-0.08126060329150546,0.0,0.1291563573025948,0.0,0.0,0.0,False,0.0,0.0,0.0,0.0,0.1224791,0.1224791,0.0,0.0,0.0,0.0,0.0,0.0,
1791371544.3455157,disarmed,-0.0427400549867202,0.004651236188642824,0.0,0.0,-0.08126060329150546,0.0,0.1291563573025948,0.0,0.0,0.0,False,0.0,0.0,0.0,0.0,0.1224791,0.1224791,0.0,0.0,0.0,0.0,0.0,0.0,
1791371544.3555017,disarmed,-0.04396685073627266,0.004795127500346548,0.0,0.0,-0.08126060329150546,0.0,0.1291563573025948,0.0,0.0,0.0,False,0.0,0.0,0.0,0.0,0.1224791,0.1224791,0.0,0.0,0.0,0.0,0.0,0.0,
1791371544.365499,disarmed,-0.04519790326491213,0.0049514688161040946,0.0,0.0,-0.08126060329150546,0.0,0.1291563573025948,0.0,0.0,0.0,False,0.0,0.0,0.0,0.0,0.1224791,0.1224791,0.0,0.0,0.0,0.0,0.0,0.0,
1791371544.3755434,disarmed,-0.04652104325118375,0.004930224085548153,0.0,0.0,-0.08126060329150546,0.0,0.1291563573025948,0.0,0.0,0.0,False,0.0,0.0,0.0,0.0,0.1224791,0.1224791,0.0,0.0,0.0,0.0,0.0,0.0,
1791371544.3854911,disarmed,-0.04795404722071544,0.0047813608715978105,0.0,0.0,-0.08126060329150546,0.0,0.1291563573025948,0.0,0.0,0.0,False,0.0,0.0,0.0,0.0,0.1224791,0.1224791,0.0,0.0,0.0,0.0,0.0,0.0,
1791371544.3955257,disarmed,-0.04944270953896314,0.004559423889843696,0.0,0.0,-0.08126060329150546,0.0,0.1291563573025948,0.0,0.0,0.0,False,0.0,0.0,0.0,0.0,0.1224791,0.1224791,0.0,0.0,0.0,0.0,0.0,0.0,
1791371544.4054909,disarmed,-0.0508477418636979,0.004081429696862004,0.0,0.0,-0.08126060329150546,0.0,0.1291563573025948,0.0,0.0,0.0,False,0.0,0.0,0.0,0.0,0.1224791,0.1224791,0.0,0.0,0.0,0.0,0.0,0.0,
1791371544.4155176,disarmed,-0.05222339744281678,0.0034413500762690685,0.0,0.0,-0.08126060329150546,0.0,0.1291563573025948,0.0,0.0,0.0,False,0.0,0.0,0.0,0.0,0.1224791,0.1224791,0.0,0.0,0.0,0.0,0.0,0.0,
1791371544.4255023,disarmed,-0.05330645145396109,0.002698783670974364,0.0,0.0,-0.08126060329150546,0.0,0.1291563573025948,0.0,0.0,0.0,False,0.0,0.0,0.0,0.0,0.1224791,0.1224791,0.0,0.0,0.0,0.0,0.0,0.0,
1791371544.435525,disarmed,-0.054094384117127754,0.0018654778190778478,0.0,0.0,-0.08126060329150546,0.0,0.1291563573025948,0.0,0.0,0.0,False,0.0,0.0,0.0,0.0,0.1224791,0.1224791,0.0,0.0,0.0,0.0,0.0,0.0,
1791371544.4455123,disarmed,-0.05471836383572225,0.00106178831546893,0.0,0.0,-0.08126060329150546,0.0,0.1291563573025948,0.0,0.0,0.0,False,0.0,0.0,0.0,0.0,0.1224791,0.1224791,0.0,0.0,0.0,0.0,0.0,0.0,
1791371544.4555154,disarmed,-0.055212656463847924,0.0005002762273715187,0.0,0.0,-0.08126060329150546,0.0,0.1291563573025948,0.0,0.0,0.0,False,0.0,0.0,0.0,0.0,0.1224791,0.1224791,0.0,0.0,0.0,0.0,0.0,0.0,
1791371544.4655004,disarmed,-0.05560711430060709,0.0002127542322562064,0.0,0.0,-0.08126060329150546,0.0,0.1291563573025948,0.0,0.0,0.0,False,0.0,0.0,0.0,0.0,0.1224791,0.1224791,0.0,0.0,0.0,0.0,0.0,0.0,
1791371544.4755013,disarmed,-0.05595908115161728,-6.898671320721585e-05,0.0,0.0,-0.08126060329150546,0.0,0.1291563573025948,0.0,0.0,0.0,False,0.0,0.0,0.0,0.0,0.1224791,0.1224791,0.0,0.0,0.0,0.0,0.0,0.0,
1791371544.4855146,stand,-0.05630035614490441,-0.0004823787068314624,0.0,0.0,-0.08126060329150546,0.0,0.1291563573025948,0.0,0.0,0.0,False,0.0,0.0,0.0,0.0,0.1224791,0.1224791,3.35,-2.94,0.0,0.0,0.0,-0.0,
1791371544.4955034,stand,-0.05505492868506437,-0.0005278974934429188,0.0,0.0,-0.08126060329150546,0.0,0.1291563573025948,0.0,0.0,0.0,False,0.0,0.0,0.0,0.0,0.1224791,0.1224791,0.22,-0.85,0.0,0.0,0.0,-0.0,
1791371544.5055652,stand,-0.05436562640933388,-0.001175174121624883,0.0,0.0,-0.08126060329150546,0.0,0.1291563573025948,0.0,0.0,0.0,False,0.0,0.0,0.0,0.0,0.1224791,0.1224791,1.56,-1.79,0.0,0.0,0.0,-0.0,
1791371544.5155067,stand,-0.05555108414937219,-0.0012188185605132263,0.0,0.0,-0.08126060329150546,0.0,0.1291563573025948,0.0,0.0,0.0,False,0.0,0.0,0.0,0.0,0.1224791,0.1224791,1.47,-1.86,0.0,0.0,0.0,-0.0,
1791371544.5254984,stand,-0.05642131434542716,-0.0009506386223825042,0.0,0.0,-0.08126060329150546,0.0,0.1291563573025948,0.0,0.0,0.0,False,0.0,0.0,0.0,0.0,0.1224791,0.1224791,1.69,-2.02,0.0,0.0,0.0,-0.0,
1791371544.5355022,stand,-0.05702098034206508,-0.0008506549235048263,0.0,0.0,-0.08126060329150546,0.0,0.1291563573025948,0.0,0.0,0.0,False,0.0,0.0,0.0,0.0,0.1224791,0.1224791,1.87,-2.17,0.0,0.0,0.0,-0.0,
1791371544.5455387,stand,-0.057556506190085,-0.0009150828952707303,0.0,0.0,-0.08126060329150546,0.0,0.1291563573025948,0.0,0.0,0.0,False,0.0,0.0,0.0,0.0,0.1224791,0.1224791,2.1,-2.39,0.0,0.0,0.0,-0.0,
1791371544.555495,stand,-0.058293417204641915,-0.0009781755345557419,0.0,0.0,-0.08126060329150546,0.0,0.1291563573025948,0.0,0.0,0.0,False,0.0,0.0,0.0,0.0,0.1224791,0.1224791,2.17,-2.47,0.0,0.0,0.0,-0.0,
1791371544.5655067,stand,-0.058967276511649146,-0.0008111849442496831,0.0,0.0,-0.08126060329150546,0.0,0.1291563573025948,0.0,0.0,0.0,False,0.0,0.0,0.0,0.0,0.1224791,0.1224791,2.43,-2.64,0.0,0.0,0.0,-0.0,
1791371544.5755424,stand,-0.05934619217689101,-0.0006855257204290419,0.0,0.0,-0.08126060329150546,0.0,0.1291563573025948,0.0,0.0,0.0,False,0.0,0.0,0.0,0.0,0.1224791,0.1224791,2.59,-2.7600000000000002,0.0,0.0,0.0,-0.0,
1791371544.5855186,stand,-0.05963523867506696,-0.0006664926404797725,0.0,0.0,-0.08126060329150546,0.0,0.1291563573025948,0.0,0.0,0.0,False,0.0,0.0,0.0,0.0,0.1224791,0.1224791,2.72,-2.89,0.0,0.0,0.0,-0.0,
1791371544.595524,stand,-0.06025937699441734,-0.000479361499471403,0.0,0.0,-0.08126060329150546,0.0,0.1291563573025948,0.0,0.0,0.0,False,0.0,0.0,0.0,0.0,0.1224791,0.1224791,2.89,-2.9,0.0,0.0,0.0,-0.0,
1791371544.60551,stand,-0.06053857870612551,-0.000363952124977494,0.0,0.0,-0.08126060329150546,0.0,0.1291563573025948,0.0,0.0,0.0,False,0.0,0.0,0.0,0.0,0.1224791,0.1224791,2.7600000000000002,-2.96,0.0,0.0,0.0,-0.0,
1791371544.6155174,stand,-0.06047153523229683,-0.00040456904896936553,0.0,0.0,-0.08126060329150546,0.0,0.1291563573025948,0.0,0.0,0.0,False,0.0,0.0,0.0,0.0,0.1224791,0.1224791,2.81,-2.98,0.0,0.0,0.0,-0.0,
1791371544.6254945,stand,-0.060692587806338655,-0.0005349653139723849,0.0,0.0,-0.08126060329150546,0.0,0.1291563573025948,0.0,0.0,0.0,False,0.0,0.0,0.0,0.0,0.1224791,0.1224791,2.7800000000000002,-3.0100000000000002,0.0,0.0,0.0,-0.0,
1791371544.6354995,stand,-0.061903606735504824,-0.000430547630865707,0.0,0.0,-0.08126060329150546,0.0,0.1291563573025948,0.0,0.0,0.0,False,0.0,0.0,0.0,0.0,0.1224791,0.1224791,2.81,-3.0,0.0,0.0,0.0,-0.0,
1791371544.6455543,stand,-0.06293585802199618,-0.0005634227603466737,0.0,0.0,-0.08126060329150546,0.0,0.1291563573025948,0.0,0.0,0.0,False,0.0,0.0,0.0,0.0,0.1224791,0.1224791,2.66,-2.93,0.0,0.0,0.0,-0.0,
1791371544.6555424,stand,-0.06318297481853978,-0.001080937897639978,0.0,0.0,-0.08126060329150546,0.0,0.1291563573025948,0.0,0.0,0.0,False,0.0,0.0,0.0,0.0,0.1224791,0.1224791,2.66,-2.85,0.0,0.0,0.0,-0.0,
1791371544.6655073,stand,-0.06326060036028265,-0.0016510245657556629,0.0,0.0,-0.08126060329150546,0.0,0.1291563573025948,0.0,0.0,0.0,False,0.0,0.0,0.0,0.0,0.1224791,0.1224791,2.62,-2.8000000000000003,0.0,0.0,0.0,-0.0,
1791371544.6755981,stand,-0.06416254132297008,-0.0020478223862591296,0.0,0.0,-0.08126060329150546,0.0,0.1291563573025948,0.0,0.0,0.0,False,0.0,0.0,0.0,0.0,0.1224791,0.1224791,2.37,-2.85,0.0,0.0,0.0,-0.0,
1791371544.6855018,stand,-0.06529194151578409,-0.002177536581253411,0.0,0.0,-0.08126060329150546,0.0,0.1291563573025948,0.0,0.0,0.0,False,0.0,0.0,0.0,0.0,0.1224791,0.1224791,2.49,-2.7800000000000002,0.0,0.0,0.0,-0.0,
1791371544.6955214,stand,-0.0662640522594597,-0.0024697829890733317,0.0,0.0,-0.08126060329150546,0.0,0.1291563573025948,0.0,0.0,0.0,False,0.0,0.0,0.0,0.0,0.1224791,0.1224791,2.38,-2.75,0.0,0.0,0.0,-0.0,
1791371544.7054925,stand,-0.066902100336255,-0.0029139261435582723,0.0,0.0,-0.08126060329150546,0.0,0.1291563573025948,0.0,0.0,0.0,False,0.0,0.0,0.0,0.0,0.1224791,0.1224791,2.25,-2.74,0.0,0.0,0.0,-0.0,
1791371544.7155352,stand,-0.06739617599651936,-0.003302406906254005,0.0,0.0,-0.08126060329150546,0.0,0.1291563573025948,0.0,0.0,0.0,False,0.0,0.0,0.0,0.0,0.1224791,0.1224791,2.31,-2.7,0.0,0.0,0.0,-0.0,
1791371544.7254927,stand,-0.06776980531751738,-0.0033289978593749802,0.0,0.0,-0.08126060329150546,0.0,0.1291563573025948,0.0,0.0,0.0,False,0.0,0.0,0.0,0.0,0.1224791,0.1224791,2.38,-2.69,0.0,0.0,0.0,-0.0,
1791371544.7355664,stand,-0.06799034736672785,-0.0034727498374366355,0.0,0.0,-0.0812566403806684,0.0,0.1291578237069714,0.0,0.0,0.0,False,0.0,0.0,0.0,0.0,0.1224791,0.1224791,2.3000000000000003,-2.68,0.0,0.0,0.0,-0.0,
1791371544.7455258,stand,-0.06835859910301956,-0.0041788935159980485,0.0,0.0,-0.08106078416416863,0.0,0.12923034084429474,0.0,0.0,0.0,False,0.0,0.0,0.0,0.0,0.1224791,0.12263925733028717,2.33,-2.74,0.0,0.0,0.0,-0.0,
1791371544.7555482,stand,-0.06888228393038852,-0.004904459163832562,0.0,0.0,-0.08086514763990015,0.0,0.12930286293328927,0.0,0.0,0.0,False,0.0,0.0,0.0,0.0,0.1224791,0.12283693950922583,2.35,-2.82,0.0,0.0,0.0,-0.0,
1791371544.7655077,stand,-0.06967195019071604,-0.005188492069284,0.0,0.0,-0.08066973045337678,0.0,0.12937538996562792,0.0,0.0,0.0,False,0.0,0.0,0.0,0.0,0.1224791,0.12303472588195265,2.42,-2.81,0.0,0.0,0.0,-0.0,
1791371544.7755244,stand,-0.07058278656821841,-0.005268207288260427,0.0,0.0,-0.08027961365046704,0.0,0.129520463021941,0.0,0.0,0.0,False,0.0,0.0,0.0,0.0,0.1224791,0.12343074182809585,2.5,-2.89,0.0,0.0,0.0,-0.0,
1791371544.7855208,stand,-0.07141899239756302,-0.005502801231011262,0.0,0.0,-0.07988940349654423,0.0,0.1296672341481749,0.0,0.0,0.0,False,0.0,0.0,0.0,0.0,0.12263927397189649,0.123629012493204,2.43,-2.93,0.0,0.0,0.0,-0.0,
1791371544.7955208,stand,-0.07249617435729137,-0.006138708307340944,0.0,0.0,-0.07950401512653955,0.0,0.12981255156393384,0.0,0.0,0.0,False,0.0,0.0,0.0,0.0,0.12283695615083516,0.12382733714926288,2.5300000000000002,-3.0,0.0,0.0,0.0,-0.0,
1791371544.805508,stand,-0.07352670836429097,-0.0066166937482766,0.0,0.0,-0.07892602991428017,0.0,0.1300304592357391,0.0,0.0,0.0,False,0.0,0.0,0.0,0.0,0.12323275052406013,0.12402577230341232,2.48,-3.0700000000000003,0.0,0.0,0.0,-0.0,
1791371544.815523,stand,-0.07463728968609837,-0.006659795157975395,0.0,0.0,-0.0783531320940678,0.0,0.13024863051965713,0.0,0.0,0.0,False,0.0,0.0,0.0,0.0,0.12343075849713173,0.12442307323335965,2.57,-3.11,0.0,0.0,0.0,-0.0,
1791371544.8254938,stand,-0.07571993319343821,-0.006662107383547492,0.0,0.0,-0.0776020588849225,0.0,0.13054057434680613,0.0,0.0,0.0,False,0.0,0.0,0.0,0.0,0.12382735384495829,0.12482088539403735,2.49,-3.1,0.0,0.0,0.0,-0.0,
1791371544.835514,stand,-0.0771459880198228,-0.006983731922607188,0.0,0.0,-0.07703947227122551,0.0,0.13075940047541734,0.0,0.0,0.0,False,0.0,0.0,0.0,0.0,0.12422443949150917,0.12501992917502977,2.44,-3.13,0.0,0.0,0.0,-0.0,
1791371544.8455489,stand,-0.07881214770703591,-0.007311653550121457,0.0,0.0,-0.07648184061905809,0.0,0.1309786366655866,0.0,0.0,0.0,False,0.0,0.0,0.0,0.0,0.12442308995648284,0.12541843477729353,2.45,-3.15,0.0,0.0,0.0,-0.0,
1791371544.8555012,stand,-0.0806877543417721,-0.0074010293560447605,0.0,0.0,-0.075931489899804,0.0,0.13119835805984859,0.0,0.0,0.0,False,0.0,0.0,0.0,0.0,0.12482090214043844,0.12561792763017587,2.5300000000000002,-3.2,0.0,0.0,0.0,-0.0,
1791371544.8655026,stand,-0.08224401845867446,-0.007419845204170552,0.0,0.0,-0.07520226067326928,0.0,0.1314914443633326,0.0,0.0,0.0,False,0.0,0.0,0.0,0.0,0.1252191987499917,0.12601707899589162,2.5100000000000002,-3.17,0.0,0.0,0.0,-0.0,
1791371544.875523,stand,-0.08370272597626706,-0.007660112153448982,0.0,0.0,-0.07447893761406245,0.0,0.13178469966530887,0.0,0.0,0.0,False,0.0,0.0,0.0,0.0,0.12561794442728264,0.12641662864749625,2.49,-3.14,0.0,0.0,0.0,-0.0,
1791371544.8855143,stand,-0.08509561971292695,-0.007880144958391573,0.0,0.0,-0.07412220887768847,0.0,0.13193156826929933,0.0,0.0,0.0,False,0.0,0.0,0.0,0.0,0.12581747372794203,0.12661664886055865,2.49,-3.18,0.0,0.0,0.0,-0.0,
1791371544.8954942,stand,-0.08667817787288683,-0.007732348785116059,0.0,0.0,-0.07341112903813403,0.0,0.13222535567644556,0.0,0.0,0.0,False,0.0,0.0,0.0,0.0,0.12621687063946996,0.12701686312116217,2.54,-3.21,0.0,0.0,0.0,-0.0,
1791371544.9055078,stand,-0.0879340028984298,-0.007712545945997703,0.0,0.0,-0.07288118493450708,0.0,0.13244582858947382,0.0,0.0,0.0,False,0.0,0.0,0.0,0.0,0.12661666570161037,0.12721719551822186,2.36,-3.27,0.0,0.0,0.0,-0.0,
1791371544.9155338,stand,-0.08904381843141423,-0.008057880896513724,0.0,0.0,-0.0721836113614559,0.0,0.132740367701185,0.0,0.0,0.0,False,0.0,0.0,0.0,0.0,0.12701687998587655,0.12761811938294831,2.39,-3.23,0.0,0.0,0.0,-0.0,
1791371544.9255037,stand,-0.09010003680429154,-0.008350918562927193,0.0,0.0,-0.07149209317968269,0.0,0.13303526015331407,0.0,0.0,0.0,False,0.0,0.0,0.0,0.0,0.12741754477999595,0.1280194372739812,2.52,-3.18,0.0,0.0,0.0,-0.0,
1791371544.9355025,stand,-0.09119101146218928,-0.008261561293288975,0.0,0.0,-0.07080955546088806,0.0,0.13333079212642046,0.0,0.0,0.0,False,0.0,0.0,0.0,0.0,0.12781875436813772,0.12842106578378096,2.45,-3.16,0.0,0.0,0.0,-0.0,
1791371544.9455028,stand,-0.09230986713185764,-0.008128276467230612,0.0,0.0,-0.0701359212407958,0.0,0.13362683810187193,0.0,0.0,0.0,False,0.0,0.0,0.0,0.0,0.12822026843416004,0.12882324460895508,2.38,-3.17,0.0,0.0,0.0,-0.0,
1791371544.9555368,stand,-0.0933361763147957,-0.00830879401455199,0.0,0.0,-0.06946829216139132,0.0,0.1339231771816024,0.0,0.0,0.0,False,0.0,0.0,0.0,0.0,0.1286221615729358,0.12922572617315906,2.3000000000000003,-3.0500000000000003,0.0,0.0,0.0,-0.0,
1791371544.9654944,stand,-0.09431948730989471,-0.008500991306553745,0.0,0.0,-0.06880907804734782,0.0,0.1342198697468424,0.0,0.0,0.0,False,0.0,0.0,0.0,0.0,0.12902444700626245,0.1296285885383086,2.43,-2.97,0.0,0.0,0.0,-0.0,
1791371544.9755268,stand,-0.09506236297391596,-0.008310111733783994,0.0,0.0,-0.0681552823681899,0.0,0.1345166895929749,0.0,0.0,0.0,False,0.0,0.0,0.0,0.0,0.12942703923174265,0.13003184148047553,2.34,-2.98,0.0,0.0,0.0,-0.0,
1791371544.985504,stand,-0.09569052785462719,-0.008103035629382704,0.0,0.0,-0.06750938492289729,0.0,0.1348137091157447,0.0,0.0,0.0,False,0.0,0.0,0.0,0.0,0.1298301873424821,0.13043539742163604,2.22,-2.94,0.0,0.0,0.0,-0.0,
1791371544.9954906,stand,-0.09629148366832774,-0.008015135076488007,0.0,0.0,-0.06687212657845616,0.0,0.13511135303139343,0.0,0.0,0.0,False,0.0,0.0,0.0,0.0,0.13023363643746386,0.13083935697424984,2.35,-2.88,0.0,0.0,0.0,-0.0,
1791371545.0054932,stand,-0.09670507220895955,-0.007952837812706028,0.0,0.0,-0.06639754488262677,0.0,0.1353347711559726,0.0,0.0,0.0,False,0.0,0.0,0.0,0.0,0.1304354144080441,0.13124367215443894,2.29,-2.9,0.0,0.0,0.0,-0.0,
1791371545.0155282,stand,-0.09698013636851154,-0.007679681131008945,0.0,0.0,-0.06592743519001747,0.0,0.13555850234587996,0.0,0.0,0.0,False,0.0,0.0,0.0,0.0,0.13083937397795098,0.13144589182803942,2.36,-2.97,0.0,0.0,0.0,-0.0,
1791371545.0255225,stand,-0.09701409355111684,-0.007498384715188425,0.0,0.0,-0.06530749023247662,0.0,0.13585703247820455,0.0,0.0,0.0,False,0.0,0.0,0.0,0.0,0.1312436891780312,0.13185073877871248,2.38,-2.96,0.0,0.0,0.0,-0.0,
1791371545.0355256,stand,-0.09699884299282535,-0.0073280691440706465,0.0,0.0,-0.0649985839912998,0.0,0.1360063188546014,0.0,0.0,0.0,False,0.0,0.0,0.0,0.0,0.13144590885163165,0.13205326073230556,2.49,-2.96,0.0,0.0,0.0,-0.0,
1791371545.0455112,stand,-0.09693361587115679,-0.00715120288592935,0.0,0.0,-0.06453988448197648,0.0,0.13623040724769386,0.0,0.0,0.0,False,0.0,0.0,0.0,0.0,0.13164833071470025,0.13245850388886682,2.57,-3.0500000000000003,0.0,0.0,0.0,-0.0,
1791371545.0555215,stand,-0.09678998873940496,-0.00680402855330913,0.0,0.0,-0.06423875108404314,0.0,0.13638002439211339,0.0,0.0,0.0,False,0.0,0.0,0.0,0.0,0.13185075581959868,0.13266133055120402,2.49,-3.13,0.0,0.0,0.0,-0.0,
1791371545.0654972,stand,-0.09665608917421839,-0.006547808514691836,0.0,0.0,-0.06379022518560194,0.0,0.13660457902207562,0.0,0.0,0.0,False,0.0,0.0,0.0,0.0,0.1320532777897016,0.13306708451178828,2.6,-3.09,0.0,0.0,0.0,-0.0,
1791371545.075516,stand,-0.09652814649368356,-0.006417718203811436,0.0,0.0,-0.06333937997577166,0.0,0.1368289539299787,0.0,0.0,0.0,False,0.0,0.0,0.0,0.0,0.1324585209635576,0.13327010728178904,2.66,-3.09,0.0,0.0,0.0,-0.0,
1791371545.085504,stand,-0.096162814211395,-0.006166767872002762,0.0,0.0,-0.06289920719763673,0.0,0.13705388121098383,0.0,0.0,0.0,False,0.0,0.0,0.0,0.0,0.13266134762589477,0.13367632188544798,2.77,-3.08,0.0,0.0,0.0,-0.0,
1791371545.0955055,stand,-0.09590224919436599,-0.005827347004880998,0.0,0.0,-0.06231552072125032,0.0,0.13735389219450403,0.0,0.0,0.0,False,0.0,0.0,0.0,0.0,0.1330671016029881,0.13408280243677195,2.66,-3.09,0.0,0.0,0.0,-0.0,
1791371545.1055167,stand,-0.09577196288676014,-0.00574151004747883,0.0,0.0,-0.06202463266369215,0.0,0.1375039151769883,0.0,0.0,0.0,False,0.0,0.0,0.0,0.0,0.13327012437298888,0.13428618660015285,2.77,-3.14,0.0,0.0,0.0,-0.0,
1791371545.1155212,stand,-0.09538451576695643,-0.005759284023278889,0.0,0.0,-0.06145000379147419,0.0,0.13780430613852948,0.0,0.0,0.0,False,0.0,0.0,0.0,0.0,0.13367633899056283,0.13469312719522755,2.73,-3.18,0.0,0.0,0.0,-0.0,
1791371545.125523,stand,-0.0948205844339541,-0.005619576059799663,0.0,0.0,-0.06102263324923958,0.0,0.13802975253003483,0.0,0.0,0.0,False,0.0,0.0,0.0,0.0,0.13408281955839518,0.13489667666095456,2.7,-3.11,0.0,0.0,0.0,-0.0,
1791371545.1355798,stand,-0.0942157189425272,-0.005314208090888147,0.0,0.0,-0.06060028036009316,0.0,0.1382554234482594,0.0,0.0,0.0,False,0.0,0.0,0.0,0.0,0.13428620372177613,0.1353040175799953,2.72,-3.09,0.0,0.0,0.0,-0.0,
1791371545.1454918,stand,-0.09371575822390427,-0.0050846220057172275,0.0,0.0,-0.060043039349874046,0.0,0.1385565263780284,0.0,0.0,0.0,False,0.0,0.0,0.0,0.0,0.13469314433076654,0.13571164648054274,2.79,-3.13,0.0,0.0,0.0,-0.0,
1791371545.1554947,stand,-0.09306835985926633,-0.005278995565630052,0.0,0.0,-0.05962991962943627,0.0,0.13878255084273677,0.0,0.0,0.0,False,0.0,0.0,0.0,0.0,0.13510032932672053,0.1359155573479647,2.73,-3.0700000000000003,0.0,0.0,0.0,-0.0,
1791371545.1655233,stand,-0.09217651861942638,-0.005668803992411836,0.0,0.0,-0.05908284417354796,0.0,0.13908402044577525,0.0,0.0,0.0,False,0.0,0.0,0.0,0.0,0.13550775277908392,0.1363235609822502,2.68,-3.11,0.0,0.0,0.0,-0.0,
1791371545.1755004,stand,-0.09110070254282368,-0.005830281304410112,0.0,0.0,-0.05854518594299128,0.0,0.13938580396739272,0.0,0.0,0.0,False,0.0,0.0,0.0,0.0,0.1359155745139278,0.1367317929398439,2.59,-3.04,0.0,0.0,0.0,-0.0,
1791371545.1855223,stand,-0.08998880052403462,-0.005770134241676588,0.0,0.0,-0.05801202397242566,0.0,0.13968770406177955,0.0,0.0,0.0,False,0.0,0.0,0.0,0.0,0.13632357815795956,0.13714026892785636,2.74,-3.04,0.0,0.0,0.0,-0.0,
1791371545.1955025,stand,-0.08884660992489518,-0.005999275736622163,0.0,0.0,-0.05748349593366055,0.0,0.13998972794877595,0.0,0.0,0.0,False,0.0,0.0,0.0,0.0,0.13673181012947022,0.13754897722116985,2.48,-3.0100000000000002,0.0,0.0,0.0,-0.0,
1791371545.2054956,stand,-0.08775679934336914,-0.006521451610607345,0.0,0.0,-0.056836183740112844,0.0,0.14036788009247658,0.0,0.0,0.0,False,0.0,0.0,0.0,0.0,0.13734463400967004,0.1379579233168424,2.49,-2.97,0.0,0.0,0.0,-0.0,
1791371545.2155178,stand,-0.08672564972688716,-0.007045605972842884,0.0,0.0,-0.05632618352666604,0.0,0.14067078329441735,0.0,0.0,0.0,False,0.0,0.0,0.0,0.0,0.13775346748229564,0.1383671204110598,2.52,-2.92,0.0,0.0,0.0,-0.0,
1791371545.2254996,stand,-0.08560354806031385,-0.007224362325335253,0.0,0.0,-0.05582428539402286,0.0,0.14097406759795375,0.0,0.0,0.0,False,0.0,0.0,0.0,0.0,0.13816250867467342,0.13877651846802935,2.42,-2.91,0.0,0.0,0.0,-0.0,
1791371545.2355154,stand,-0.08433881418350897,-0.007435016284496784,0.0,0.0,-0.055326723919282235,0.0,0.14127749568857992,0.0,0.0,0.0,False,0.0,0.0,0.0,0.0,0.13857178156693867,0.13918612483827136,2.37,-2.91,0.0,0.0,0.0,-0.0,
1791371545.2455146,stand,-0.08300677948359468,-0.00789990000521524,0.0,0.0,-0.05483564892443341,0.0,0.14158117465201916,0.0,0.0,0.0,False,0.0,0.0,0.0,0.0,0.1389812898430255,0.1395959567343762,2.2800000000000002,-2.89,0.0,0.0,0.0,-0.0,
1791371545.2555437,stand,-0.08172025510576168,-0.008345796676773922,0.0,0.0,-0.05447086178942331,0.0,0.14180904048775736,0.0,0.0,0.0,False,0.0,0.0,0.0,0.0,0.13939105213489056,0.1398009518068829,2.38,-2.97,0.0,0.0,0.0,-0.0,
1791371545.2655027,stand,-0.08017290688836697,-0.008552662462560973,0.0,0.0,-0.05398995500832608,0.0,0.14211303498073333,0.0,0.0,0.0,False,0.0,0.0,0.0,0.0,0.13980096906411835,0.14021101701605657,2.33,-2.98,0.0,0.0,0.0,-0.0,
1791371545.2755194,stand,-0.0785919298467571,-0.008629730872956086,0.0,0.0,-0.05375133297314211,0.0,0.14226508632978,0.0,0.0,0.0,False,0.0,0.0,0.0,0.0,0.14000596413662506,0.14041612783669818,2.31,-3.04,0.0,0.0,0.0,-0.0,
1791371545.285506,stand,-0.07693172008190215,-0.008880583706496442,0.0,0.0,-0.05351329572013349,0.0,0.14241714851677695,0.0,0.0,0.0,False,0.0,0.0,0.0,0.0,0.14021103428303613,0.14062125845579018,2.44,-3.12,0.0,0.0,0.0,-0.0,
1791371545.2954931,stand,-0.07502822452311671,-0.009100060788332207,0.0,0.0,-0.05304617267593991,0.0,0.14272156907908237,0.0,0.0,0.0,False,0.0,0.0,0.0,0.0,0.1406212757333084,0.1410317304697301,2.5100000000000002,-3.11,0.0,0.0,0.0,-0.0,
1791371545.3054929,stand,-0.0728259342528523,-0.009126106432003454,0.0,0.0,-0.05281706843755342,0.0,0.14287392689771325,0.0,0.0,0.0,False,0.0,0.0,0.0,0.0,0.14082651174027835,0.1412370437751697,2.49,-3.17,0.0,0.0,0.0,-0.0,
1791371545.3155081,stand,-0.07068637112081592,-0.009035870773946884,0.0,0.0,-0.05258845231473362,0.0,0.14302629219964094,0.0,0.0,0.0,False,0.0,0.0,0.0,0.0,0.14103174774724833,0.14144239552473142,2.57,-3.2600000000000002,0.0,0.0,0.0,-0.0,
1791371545.3254974,stand,-0.06897309507772152,-0.009095791946457281,0.0,0.0,-0.05236036690535342,0.0,0.14317866651425556,0.0,0.0,0.0,False,0.0,0.0,0.0,0.0,0.14123706106243156,0.14164776949422786,2.62,-3.33,0.0,0.0,0.0,-0.0,
1791371545.3355238,stand,-0.06746115590965776,-0.009153429187283457,0.0,0.0,-0.0519099273912808,0.0,0.14348358801017286,0.0,0.0,0.0,False,0.0,0.0,0.0,0.0,0.14164778679202883,0.14205872337709438,2.7,-3.2800000000000002,0.0,0.0,0.0,-0.0,
1791371545.3454976,stand,-0.06595316524046027,-0.008995652912700235,0.0,0.0,-0.05168756145631524,0.0,0.14363613486220467,0.0,0.0,0.0,False,0.0,0.0,0.0,0.0,0.14185326373346208,0.1422642246636504,2.67,-3.3000000000000003,0.0,0.0,0.0,-0.0,
1791371545.3555167,stand,-0.06419402762262287,-0.008657167721198646,0.0,0.0,-0.05124428659072599,0.0,0.14394125214335496,0.0,0.0,0.0,False,0.0,0.0,0.0,0.0,0.14226424196443377,0.14267528101477772,2.74,-3.3000000000000003,0.0,0.0,0.0,-0.0,
1791371545.365504,stand,-0.06252681286750497,-0.008538845107933108,0.0,0.0,-0.050807139590313154,0.0,0.14424662903802973,0.0,0.0,0.0,False,0.0,0.0,0.0,0.0,0.14267529832908263,0.14308662699102137,2.69,-3.2600000000000002,0.0,0.0,0.0,-0.0,
1791371545.3754961,stand,-0.060823723079440166,-0.008469373145685362,0.0,0.0,-0.05037604070806327,0.0,0.1445522622148017,0.0,0.0,0.0,False,0.0,0.0,0.0,0.0,0.14308664430532625,0.1434980495665094,2.6,-3.19,0.0,0.0,0.0,-0.0,
1791371545.385515,stand,-0.05903488577996109,-0.008320571509833343,0.0,0.0,-0.050056983903499726,0.0,0.14478163810647487,0.0,0.0,0.0,False,0.0,0.0,0.0,0.0,0.14329234900869658,0.1439096260660298,2.66,-3.19,0.0,0.0,0.0,-0.0,
1791371545.3954935,stand,-0.05749745094086061,-0.007992637880061925,0.0,0.0,-0.04963512888599241,0.0,0.14508758170955977,0.0,0.0,0.0,False,0.0,0.0,0.0,0.0,0.14370380978645433,0.14432135500779106,2.77,-3.16,0.0,0.0,0.0,-0.0,
1791371545.4055037,stand,-0.05657578857878894,-0.008070554648191312,0.0,0.0,-0.04932436156608478,0.0,0.14531725009662946,0.0,0.0,0.0,False,0.0,0.0,0.0,0.0,0.1441154770012581,0.144527273662407,2.54,-3.21,0.0,0.0,0.0,-0.0,
1791371545.4155052,stand,-0.055644939942756676,-0.008244137154274415,0.0,0.0,-0.048811546310622025,0.0,0.14570007359654868,0.0,0.0,0.0,False,0.0,0.0,0.0,0.0,0.1447332179954894,0.14493915472938382,2.57,-3.19,0.0,0.0,0.0,-0.0,
1791371545.425508,stand,-0.053997913288773826,-0.008151793089970577,0.0,0.0,-0.048511878232476775,0.0,0.14592981264512758,0.0,0.0,0.0,False,0.0,0.0,0.0,0.0,0.14493917206735132,0.14535115616784475,2.66,-3.14,0.0,0.0,0.0,-0.0,
1791371545.4355054,stand,-0.052372438494159054,-0.00768605212500531,0.0,0.0,-0.04811383210014534,0.0,0.14623615403161508,0.0,0.0,0.0,False,0.0,0.0,0.0,0.0,0.14535117351635254,0.1457633237473838,2.72,-3.06,0.0,0.0,0.0,-0.0,
1791371545.4454954,stand,-0.051390360119277674,-0.007577534479881458,0.0,0.0,-0.04781871182402995,0.0,0.14646604211592057,0.0,0.0,0.0,False,0.0,0.0,0.0,0.0,0.14576334109887287,0.1459694384385258,2.63,-3.11,0.0,0.0,0.0,-0.0,
1791371545.4555225,stand,-0.0506741393526216,-0.007883521673946,0.0,0.0,-0.04743274139263139,0.0,0.1467728859815046,0.0,0.0,0.0,False,0.0,0.0,0.0,0.0,0.14617557048115687,0.14638173284151798,2.64,-3.16,0.0,0.0,0.0,-0.0,
1791371545.4654996,stand,-0.04936607072270692,-0.007983505782434546,0.0,0.0,-0.047048436444349986,0.0,0.14707975417510874,0.0,0.0,0.0,False,0.0,0.0,0.0,0.0,0.14658794994499025,0.1467941420394879,2.61,-3.04,0.0,0.0,0.0,-0.0,
1791371545.4755142,stand,-0.04757279516775101,-0.007567949651961646,0.0,0.0,-0.04667398562764757,0.0,0.14738702777787882,0.0,0.0,0.0,False,0.0,0.0,0.0,0.0,0.1467941594011181,0.14741291417370306,2.64,-3.04,0.0,0.0,0.0,-0.0,
1791371545.485509,stand,-0.046073317284804176,-0.007200133507207025,0.0,0.0,-0.04630382681761325,0.0,0.14769444728936298,0.0,0.0,0.0,False,0.0,0.0,0.0,0.0,0.1472066297123222,0.14782556498999672,2.61,-2.94,0.0,0.0,0.0,-0.0,
1791371545.495502,stand,-0.04537671105455369,-0.007605326354421881,0.0,0.0,-0.04593732353424241,0.0,0.14800189248154105,0.0,0.0,0.0,False,0.0,0.0,0.0,0.0,0.14782558236176804,0.1480319206100588,2.48,-3.0,0.0,0.0,0.0,-0.0,
1791371545.5055008,stand,-0.04517845290221946,-0.007799796314385545,0.0,0.0,-0.04566816858072294,0.0,0.14823250153782347,0.0,0.0,0.0,False,0.0,0.0,0.0,0.0,0.14803193798183012,0.1484447001644,2.64,-2.97,0.0,0.0,0.0,-0.0,
1791371545.515502,stand,-0.044719089488039265,-0.007530160157842053,0.0,0.0,-0.04531065553545285,0.0,0.14853999669866647,0.0,0.0,0.0,False,0.0,0.0,0.0,0.0,0.14844471754333194,0.14885758003714455,2.52,-2.95,0.0,0.0,0.0,-0.0,
1791371545.5255103,stand,-0.043990672570325635,-0.007207256727746587,0.0,0.0,-0.044960591508187424,0.0,0.14884748808787876,0.0,0.0,0.0,False,0.0,0.0,0.0,0.0,0.14885759741567667,0.14927045189654878,2.47,-2.97,0.0,0.0,0.0,-0.0,
1791371545.5355299,stand,-0.04348790406023134,-0.007478669611644038,0.0,0.0,-0.04478905390798595,0.0,0.14900122930219947,0.0,0.0,0.0,False,0.0,0.0,0.0,0.0,0.14906403334537877,0.14947695778662332,2.62,-2.91,0.0,0.0,0.0,-0.0,
1791371545.5455034,stand,-0.04303680259916859,-0.007859367657353962,0.0,0.0,-0.0444470831081377,0.0,0.1493087285565101,0.0,0.0,0.0,False,0.0,0.0,0.0,0.0,0.14947697517231615,0.1498899981898955,2.56,-3.0100000000000002,0.0,0.0,0.0,-0.0,
1791371545.5555096,stand,-0.04259387121302975,-0.007593043978741839,0.0,0.0,-0.0442788412620225,0.0,0.14946266932812932,0.0,0.0,0.0,False,0.0,0.0,0.0,0.0,0.1496834961630903,0.15009651442923766,2.67,-3.0500000000000003,0.0,0.0,0.0,-0.0,
1791371545.5655072,stand,-0.04213061484335175,-0.007156356210612861,0.0,0.0,-0.044110990329529615,0.0,0.14961661804823737,0.0,0.0,0.0,False,0.0,0.0,0.0,0.0,0.14989001557518838,0.15030303066857983,2.79,-3.08,0.0,0.0,0.0,-0.0,
1791371545.5755343,stand,-0.041899479216457966,-0.00719119282186547,0.0,0.0,-0.043945673771978416,0.0,0.14977075361091435,0.0,0.0,0.0,False,0.0,0.0,0.0,0.0,0.15009653181453053,0.15050958471111697,2.63,-3.16,0.0,0.0,0.0,-0.0,
1791371545.5855231,stand,-0.041741625714642426,-0.007397711955042043,0.0,0.0,-0.04369838777893207,0.0,0.1500019641341163,0.0,0.0,0.0,False,0.0,0.0,0.0,0.0,0.1503030480538727,0.1509227335628168,2.79,-3.19,0.0,0.0,0.0,-0.0,
1791371545.5955112,stand,-0.041608942908858706,-0.007186555289901413,0.0,0.0,-0.04345436245652391,0.0,0.15023316072066226,0.0,0.0,0.0,False,0.0,0.0,0.0,0.0,0.1507161632467083,0.15112937026661902,2.8000000000000003,-3.23,0.0,0.0,0.0,-0.0,
1791371545.6055136,stand,-0.041605127436099086,-0.006843768120511336,0.0,0.0,-0.04321368620671803,0.0,0.15046434209323725,0.0,0.0,0.0,False,0.0,0.0,0.0,0.0,0.1509227509582508,0.15154261318844797,2.85,-3.23,0.0,0.0,0.0,-0.0,
1791371545.615503,stand,-0.041914436006691695,-0.006720632457067562,0.0,0.0,-0.04305530772399463,0.0,0.15061845235207177,0.0,0.0,0.0,False,0.0,0.0,0.0,0.0,0.151129387662053,0.15174921449070986,2.88,-3.2800000000000002,0.0,0.0,0.0,-0.0,
1791371545.625514,stand,-0.04213434838577381,-0.00688012727623146,0.0,0.0,-0.042742013868021636,0.0,0.15092683431451187,0.0,0.0,0.0,False,0.0,0.0,0.0,0.0,0.15154263058090173,0.15216252067082905,2.79,-3.21,0.0,0.0,0.0,-0.0,
1791371545.6355202,stand,-0.04233630531251767,-0.006813673583831789,0.0,0.0,-0.042432436949863636,0.0,0.1512353781192192,0.0,0.0,0.0,False,0.0,0.0,0.0,0.0,0.15195586121102123,0.1525758785748577,2.83,-3.15,0.0,0.0,0.0,-0.0,
1791371545.6454413,stand,-0.04271095065471911,-0.006667088296490525,0.0,0.0,-0.04212898103784003,0.0,0.15154422776152163,0.0,0.0,0.0,False,0.0,0.0,0.0,0.0,0.15236921492826566,0.15298923994702968,2.96,-3.15,0.0,0.0,0.0,-0.0,
1791371545.6555223,stand,-0.04325139598158695,-0.00680865184046035,0.0,0.0,-0.04190421566951733,0.0,0.15177589571954475,0.0,0.0,0.0,False,0.0,0.0,0.0,0.0,0.15278257758782207,0.1531959168056519,2.88,-3.22,0.0,0.0,0.0,-0.0,
1791371545.6654942,stand,-0.043756691161847515,-0.007179463859465194,0.0,0.0,-0.04153593176952193,0.0,0.15216207728497436,0.0,0.0,0.0,False,0.0,0.0,0.0,0.0,0.1534026110630885,0.1536092748016218,2.72,-3.17,0.0,0.0,0.0,-0.0,
1791371545.6755054,stand,-0.04430899602466508,-0.007367100503649248,0.0,0.0,-0.041317110865901494,0.0,0.15239380904276098,0.0,0.0,0.0,False,0.0,0.0,0.0,0.0,0.15360929220083647,0.15402265252562203,2.79,-3.12,0.0,0.0,0.0,-0.0,
1791371545.6854951,stand,-0.044846303439215446,-0.007328275407825331,0.0,0.0,-0.041031775149453956,0.0,0.15270281208585867,0.0,0.0,0.0,False,0.0,0.0,0.0,0.0,0.1540226699278168,0.1544360865525065,2.71,-3.1,0.0,0.0,0.0,-0.0,
1791371545.695502,stand,-0.0456010653665382,-0.00759724841672614,0.0,0.0,-0.04068340277517342,0.0,0.1530891028684036,0.0,0.0,0.0,False,0.0,0.0,0.0,0.0,0.15464282534005977,0.15484952970695817,2.65,-3.09,0.0,0.0,0.0,-0.0,
1791371545.705504,stand,-0.04652501639602686,-0.008302367076770201,0.0,0.0,-0.04047531229652583,0.0,0.15332088437696256,0.0,0.0,0.0,False,0.0,0.0,0.0,0.0,0.15505626683904042,0.15505624943684565,2.67,-3.11,0.0,0.0,0.0,-0.0,
1791371545.7154827,stand,-0.04731099973540811,-0.008728875193706482,0.0,0.0,-0.04014095477193017,0.0,0.15370697461873573,0.0,0.0,0.0,False,0.0,0.0,0.0,0.0,0.15546970086592488,0.15567640494064736,2.68,-3.0500000000000003,0.0,0.0,0.0,-0.0,
1791371545.7254908,stand,-0.04811732684796727,-0.008671709875832089,0.0,0.0,-0.039874720852982375,0.0,0.15401586126664504,0.0,0.0,0.0,False,0.0,0.0,0.0,0.0,0.15588314411273604,0.15608984634806924,2.59,-2.97,0.0,0.0,0.0,-0.0,
1791371545.7361085,stand,-0.048853879209239864,-0.008890622225831347,0.0,0.0,-0.039680170399503986,0.0,0.1542477433207254,0.0,0.0,0.0,False,0.0,0.0,0.0,0.0,0.15629658076370626,0.15629656336151151,2.41,-2.99,0.0,0.0,0.0,-0.0,
1791371545.7455857,stand,-0.05022356671352873,-0.00964974583531555,0.0,0.0,-0.03942455456638286,0.0,0.15455706505954836,0.0,0.0,0.0,False,0.0,0.0,0.0,0.0,0.1567100193464252,0.15671000194383009,2.44,-3.0300000000000002,0.0,0.0,0.0,-0.0,
1791371545.7555153,stand,-0.05121083693475241,-0.009989532871303159,0.0,0.0,-0.03917006723478061,0.0,0.15486639877700073,0.0,0.0,0.0,False,0.0,0.0,0.0,0.0,0.1571234606614876,0.15712344325929287,2.5,-3.02,0.0,0.0,0.0,-0.0,
1791371545.7654932,stand,-0.05196252638120182,-0.009995270443996408,0.0,0.0,-0.03892707247005158,0.0,0.15517592983128273,0.0,0.0,0.0,False,0.0,0.0,0.0,0.0,0.15753689468837212,0.15753687728617735,2.42,-3.0,0.0,0.0,0.0,-0.0,
1791371545.7755132,stand,-0.052925055722204184,-0.010236215897365768,0.0,0.0,-0.038805938257202785,0.0,0.155330698784124,0.0,0.0,0.0,False,0.0,0.0,0.0,0.0,0.1577435771078928,0.15774355970867812,2.42,-3.1,0.0,0.0,0.0,-0.0,
1791371545.7855122,stand,-0.053975325573109474,-0.010761625086643982,0.0,0.0,-0.03862472015943221,0.0,0.15556285684338084,0.0,0.0,0.0,False,0.0,0.0,0.0,0.0,0.15815693801995817,0.15795024132242777,2.5500000000000003,-3.18,0.0,0.0,0.0,-0.0,
1791371545.7955062,stand,-0.054939603863391556,-0.011007483232449896,0.0,0.0,-0.03850577428384117,0.0,0.15571765007712507,0.0,0.0,0.0,False,0.0,0.0,0.0,0.0,0.1583636148785804,0.15815692062114378,2.5300000000000002,-3.13,0.0,0.0,0.0,-0.0,
1791371545.8055098,stand,-0.055810753888285505,-0.01075380732063076,0.0,0.0,-0.03833008171539891,0.0,0.15594987080202483,0.0,0.0,0.0,False,0.0,0.0,0.0,0.0,0.1585702917372026,0.15857027433838822,2.5500000000000003,-3.2,0.0,0.0,0.0,-0.0,
1791371545.8155265,stand,-0.05672189224438751,-0.010591387495051233,0.0,0.0,-0.03815491161244535,0.0,0.15618209632645116,0.0,0.0,0.0,False,0.0,0.0,0.0,0.0,0.15898356528241395,0.15877691118317774,2.66,-3.21,0.0,0.0,0.0,-0.0,
1791371545.8255796,stand,-0.05777216136680591,-0.010912057474273396,0.0,0.0,-0.03798037730652441,0.0,0.15641432823160364,0.0,0.0,0.0,False,0.0,0.0,0.0,0.0,0.1591902043928512,0.15919018699701698,2.57,-3.29,0.0,0.0,0.0,-0.0,
1791371545.8354979,stand,-0.058981159621955395,-0.01106008899642584,0.0,0.0,-0.037814729280252084,0.0,0.15664668080453448,0.0,0.0,0.0,False,0.0,0.0,0.0,0.0,0.1596034865944377,0.15939682845502273,2.69,-3.31,0.0,0.0,0.0,-0.0,
1791371545.8454978,stand,-0.06001836134147442,-0.01083888397552596,0.0,0.0,-0.03770456999964529,0.0,0.15680158490185214,0.0,0.0,0.0,False,0.0,0.0,0.0,0.0,0.1598100831434199,0.15960346920238408,2.81,-3.35,0.0,0.0,0.0,-0.0,
1791371545.8555272,stand,-0.0609618192848113,-0.010444662560629389,0.0,0.0,-0.03748494366558805,0.0,0.1571113976344834,0.0,0.0,0.0,False,0.0,0.0,0.0,0.0,0.16022327873945721,0.16001666230034847,2.7,-3.33,0.0,0.0,0.0,-0.0,
1791371545.865501,stand,-0.06205939842310655,-0.010334785110297314,0.0,0.0,-0.037324799313609505,0.0,0.157343647859408,0.0,0.0,0.0,False,0.0,0.0,0.0,0.0,0.16042988004171907,0.16042986264926531,2.66,-3.3200000000000003,0.0,0.0,0.0,-0.0,
1791371545.8755171,stand,-0.06330773169433107,-0.010421659560495504,0.0,0.0,-0.03716708269982527,0.0,0.1575758462107225,0.0,0.0,0.0,False,0.0,0.0,0.0,0.0,0.16084299458541182,0.1606364609607768,2.7600000000000002,-3.27,0.0,0.0,0.0,-0.0,
1791371545.8855,stand,-0.06451526114540629,-0.010478577676035756,0.0,0.0,-0.036957546150738894,0.0,0.15788545107437474,0.0,0.0,0.0,False,0.0,0.0,0.0,0.0,0.1612560296530678,0.16104949343946115,2.75,-3.2800000000000002,0.0,0.0,0.0,-0.0,
1791371545.8954983,stand,-0.06556086616879411,-0.010075990647766979,0.0,0.0,-0.03675340463634413,0.0,0.15819521014242865,0.0,0.0,0.0,False,0.0,0.0,0.0,0.0,0.16166906918369395,0.16146253325814908,2.77,-3.23,0.0,0.0,0.0,-0.0,
1791371545.9055245,stand,-0.066598167832732,-0.009849472536561201,0.0,0.0,-0.036551552700209454,0.0,0.1585050238506544,0.0,0.0,0.0,False,0.0,0.0,0.0,0.0,0.16208202135273825,0.1618755278863036,2.71,-3.24,0.0,0.0,0.0,-0.0,
1791371545.915505,stand,-0.06772832270003185,-0.01002861777726696,0.0,0.0,-0.03635319357636727,0.0,0.15881485034502746,0.0,0.0,0.0,False,0.0,0.0,0.0,0.0,0.1624949181402902,0.1622884600820719,2.67,-3.22,0.0,0.0,0.0,-0.0,
1791371545.9255004,stand,-0.068884896028624,-0.010324791092644671,0.0,0.0,-0.03616328391729422,0.0,0.159124700893055,0.0,0.0,0.0,False,0.0,0.0,0.0,0.0,0.16290775127540255,0.16270133812536872,2.7,-3.22,0.0,0.0,0.0,-0.0,
1791371545.9367862,stand,-0.06966273691885291,-0.010246676645010347,0.0,0.0,-0.035974160233134676,0.0,0.1594345560421224,0.0,0.0,0.0,False,0.0,0.0,0.0,0.0,0.16332052216326529,0.16311412967513292,2.74,-3.0700000000000003,0.0,0.0,0.0,-0.0,
1791371545.945511,stand,-0.07082878558251554,-0.010038846198401261,0.0,0.0,-0.03579284997023181,0.0,0.15974425115433868,0.0,0.0,0.0,False,0.0,0.0,0.0,0.0,0.16373323496734682,0.16352686515889286,2.63,-3.0700000000000003,0.0,0.0,0.0,-0.0,
1791371545.95552,stand,-0.0718703150080097,-0.010235841772423433,0.0,0.0,-0.03565905974758059,0.0,0.15997648529045627,0.0,0.0,0.0,False,0.0,0.0,0.0,0.0,0.16414578558819098,0.16373321760233625,2.62,-3.09,0.0,0.0,0.0,-0.0,
1791371545.965503,stand,-0.0728461242056416,-0.010392482676022,0.0,0.0,-0.0354813282402056,0.0,0.16028613714970313,0.0,0.0,0.0,False,0.0,0.0,0.0,0.0,0.16435206375985217,0.16435204639444206,2.62,-3.0500000000000003,0.0,0.0,0.0,-0.0,
1791371545.9754984,stand,-0.07376062520467967,-0.010210571926006703,0.0,0.0,-0.03530946410361885,0.0,0.1605959827393227,0.0,0.0,0.0,False,0.0,0.0,0.0,0.0,0.1647646142965663,0.16476459693831647,2.52,-2.97,0.0,0.0,0.0,-0.0,
1791371545.9855182,stand,-0.07477997369687472,-0.010331321170394743,0.0,0.0,-0.03518100058143809,0.0,0.16082837003400896,0.0,0.0,0.0,False,0.0,0.0,0.0,0.0,0.16517700429813037,0.16497079193909853,2.52,-3.0500000000000003,0.0,0.0,0.0,-0.0,
1791371545.9955068,stand,-0.0758449559638931,-0.010677174735218882,0.0,0.0,-0.035012702152032664,0.0,0.16113829339998278,0.0,0.0,0.0,False,0.0,0.0,0.0,0.0,0.16558927171243443,0.16538313492721082,2.65,-3.02,0.0,0.0,0.0,-0.0,
1791371546.0055056,stand,-0.07675508169216547,-0.010785311666820094,0.0,0.0,-0.03485188964299181,0.0,0.16144841883341626,0.0,0.0,0.0,False,0.0,0.0,0.0,0.0,0.16600150521132462,0.16579537316869356,2.56,-3.02,0.0,0.0,0.0,-0.0,
1791371546.015494,stand,-0.07755030891848712,-0.01062342655246496,0.0,0.0,-0.03473168511660163,0.0,0.16168101563924492,0.0,0.0,0.0,False,0.0,0.0,0.0,0.0,0.16620761990246663,0.16620760255097758,2.5100000000000002,-2.99,0.0,0.0,0.0,-0.0,
1791371546.0255163,stand,-0.07844273163276323,-0.01064044602823812,0.0,0.0,-0.034613874909983536,0.0,0.1619134180884021,0.0,0.0,0.0,False,0.0,0.0,0.0,0.0,0.16661965931535191,0.16641364300750133,2.59,-3.0500000000000003,0.0,0.0,0.0,-0.0,
1791371546.03569,stand,-0.07923167292731609,-0.010921187620181927,0.0,0.0,-0.03446245592398216,0.0,0.16222279734897393,0.0,0.0,0.0,False,0.0,0.0,0.0,0.0,0.1670316055628591,0.16682563415302964,2.59,-3.06,0.0,0.0,0.0,-0.0,
1791371546.0455081,stand,-0.08041251674781918,-0.011071349912367688,0.0,0.0,-0.0343869628067937,0.0,0.1623774883700476,0.0,0.0,0.0,False,0.0,0.0,0.0,0.0,0.16723755963472103,0.16703158822489156,2.66,-3.06,0.0,0.0,0.0,-0.0,
1791371546.0555167,stand,-0.08115119969374178,-0.010833612993925152,0.0,0.0,-0.03423792961862153,0.0,0.16268702753486003,0.0,0.0,0.0,False,0.0,0.0,0.0,0.0,0.16764940895417135,0.16744347296456943,2.6,-3.0700000000000003,0.0,0.0,0.0,-0.0,
1791371546.0655158,stand,-0.08198328456506836,-0.010647165087538851,0.0,0.0,-0.034165790280611584,0.0,0.16284201813474505,0.0,0.0,0.0,False,0.0,0.0,0.0,0.0,0.16785531310060556,0.16764939161918538,2.73,-3.12,0.0,0.0,0.0,-0.0,
1791371546.0755246,stand,-0.08288235042664714,-0.010786667545436278,0.0,0.0,-0.034057838386747044,0.0,0.1630745056197537,0.0,0.0,0.0,False,0.0,0.0,0.0,0.0,0.16806114670800743,0.16806112938018106,2.66,-3.15,0.0,0.0,0.0,-0.0,
1791371546.085506,stand,-0.08388809616806739,-0.010840086255585926,0.0,0.0,-0.03395023743973759,0.0,0.1633069916248985,0.0,0.0,0.0,False,0.0,0.0,0.0,0.0,0.16847276251401083,0.16826696298758292,2.75,-3.18,0.0,0.0,0.0,-0.0,
1791371546.0954885,stand,-0.0847598497958145,-0.010708519204623559,0.0,0.0,-0.0338472183367433,0.0,0.1635391478262355,0.0,0.0,0.0,False,0.0,0.0,0.0,0.0,0.16867852054565124,0.1686785032241871,2.75,-3.11,0.0,0.0,0.0,-0.0,
1791371546.1054974,stand,-0.08560733168453924,-0.010434510945638836,0.0,0.0,-0.03371310115451712,0.0,0.1638484754048016,0.0,0.0,0.0,False,0.0,0.0,0.0,0.0,0.16908993541353018,0.1690899180992253,2.81,-3.1,0.0,0.0,0.0,-0.0,
1791371546.1155329,stand,-0.08653749453010742,-0.010525057299569353,0.0,0.0,-0.033612886949040396,0.0,0.16408047468855944,0.0,0.0,0.0,False,0.0,0.0,0.0,0.0,0.16950125660862433,0.16929559108734712,2.77,-3.14,0.0,0.0,0.0,-0.0,
1791371546.125496,stand,-0.08748978447327663,-0.010643996461848309,0.0,0.0,-0.0335171012651536,0.0,0.1643126415036298,0.0,0.0,0.0,False,0.0,0.0,0.0,0.0,0.1697068941730331,0.16970687686171035,2.75,-3.17,0.0,0.0,0.0,-0.0,
1791371546.135615,stand,-0.08853907571254953,-0.010582284725845877,0.0,0.0,-0.03342361431717586,0.0,0.16454489107424922,0.0,0.0,0.0,False,0.0,0.0,0.0,0.0,0.1701180179078467,0.16991248823822158,2.84,-3.19,0.0,0.0,0.0,-0.0,
1791371546.1455073,stand,-0.08935651154366833,-0.010514113448464198,0.0,0.0,-0.03329940516990926,0.0,0.1648545593823897,0.0,0.0,0.0,False,0.0,0.0,0.0,0.0,0.1705290171768001,0.17032351297590512,2.8000000000000003,-3.18,0.0,0.0,0.0,-0.0,
1791371546.155505,stand,-0.09023524292264404,-0.01073139416034448,0.0,0.0,-0.03318009231138706,0.0,0.16516422784091786,0.0,0.0,0.0,False,0.0,0.0,0.0,0.0,0.17093994244139524,0.17073447682043238,2.63,-3.14,0.0,0.0,0.0,-0.0,
1791371546.1654947,stand,-0.09137118031836292,-0.011097011874439254,0.0,0.0,-0.0330919843653487,0.0,0.16539648012354882,0.0,0.0,0.0,False,0.0,0.0,0.0,0.0,0.17135064594051866,0.1709399251541334,2.7800000000000002,-3.21,0.0,0.0,0.0,-0.0,
1791371546.1755283,stand,-0.0923184896848549,-0.011353005662454665,0.0,0.0,-0.032948707066033575,0.0,0.16578330888799997,0.0,0.0,0.0,False,0.0,0.0,0.0,0.0,0.17196648308818255,0.1713506286532568,2.67,-3.15,0.0,0.0,0.0,-0.0,
1791371546.1854956,stand,-0.0932352127848186,-0.01138853404111536,0.0,0.0,-0.032864267587118266,0.0,0.16601530328194727,0.0,0.0,0.0,False,0.0,0.0,0.0,0.0,0.17217171437328418,0.17176120077109733,2.7,-3.15,0.0,0.0,0.0,-0.0,
1791371546.1955006,stand,-0.0941666569958178,-0.011560551759916337,0.0,0.0,-0.032754024327814366,0.0,0.16632446096591824,0.0,0.0,0.0,False,0.0,0.0,0.0,0.0,0.1725820892583409,0.17217169709616348,2.61,-3.1,0.0,0.0,0.0,-0.0,
1791371546.2054987,stand,-0.09518999468027364,-0.012072750152127573,0.0,0.0,-0.03267453136459563,0.0,0.16655622762585512,0.0,0.0,0.0,False,0.0,0.0,0.0,0.0,0.1729922976125571,0.17237692838126512,2.65,-3.12,0.0,0.0,0.0,-0.0,
1791371546.2155147,stand,-0.09619200826335246,-0.012492051509952806,0.0,0.0,-0.032543541730169614,0.0,0.16694247209284555,0.0,0.0,0.0,False,0.0,0.0,0.0,0.0,0.17340235863456022,0.1729922803523383,2.61,-3.0700000000000003,0.0,0.0,0.0,-0.0,
1791371546.225494,stand,-0.0971057594433082,-0.012554213471016956,0.0,0.0,-0.032442610545491204,0.0,0.167251496247838,0.0,0.0,0.0,False,0.0,0.0,0.0,0.0,0.17381221397988766,0.1734023413743414,2.5500000000000003,-3.0100000000000002,0.0,0.0,0.0,-0.0,
1791371546.2355208,stand,-0.09804693635103756,-0.012652947247100097,0.0,0.0,-0.03234650414272274,0.0,0.1675606537722699,0.0,0.0,0.0,False,0.0,0.0,0.0,0.0,0.1742219341098253,0.17381219672941314,2.58,-3.0300000000000002,0.0,0.0,0.0,-0.0,
1791371546.2455287,stand,-0.09913095986553476,-0.013018095431747001,0.0,0.0,-0.03227631988702137,0.0,0.16779257004751053,0.0,0.0,0.0,False,0.0,0.0,0.0,0.0,0.17463152963789857,0.17401708712960692,2.5100000000000002,-3.04,0.0,0.0,0.0,-0.0,
1791371546.2554922,stand,-0.10011386528150237,-0.01338292041102036,0.0,0.0,-0.03220776120721612,0.0,0.16802442756181665,0.0,0.0,0.0,False,0.0,0.0,0.0,0.0,0.17483627906516003,0.1744267466034099,2.45,-2.96,0.0,0.0,0.0,-0.0,
1791371546.265503,stand,-0.10093815479237699,-0.013451941184070157,0.0,0.0,-0.03211910414941445,0.0,0.168333469508793,0.0,0.0,0.0,False,0.0,0.0,0.0,0.0,0.17524567919433012,0.17483626182860387,2.5300000000000002,-3.04,0.0,0.0,0.0,-0.0,
1791371546.275505,stand,-0.10168265530813686,-0.013532958298307512,0.0,0.0,-0.03205391246896332,0.0,0.16856520600532515,0.0,0.0,0.0,False,0.0,0.0,0.0,0.0,0.17565492475915573,0.17504098813758268,2.5300000000000002,-3.04,0.0,0.0,0.0,-0.0,
1791371546.2855237,stand,-0.10265247907102816,-0.013796257743737887,0.0,0.0,-0.03201139994372511,0.0,0.1687196429170968,0.0,0.0,0.0,False,0.0,0.0,0.0,0.0,0.17585947341231709,0.17524566196413835,2.5100000000000002,-3.1,0.0,0.0,0.0,-0.0,
1791371546.2955196,stand,-0.10366626465166812,-0.013913333864081006,0.0,0.0,-0.03192662512632551,0.0,0.1690285165484425,0.0,0.0,0.0,False,0.0,0.0,0.0,0.0,0.17626841731046197,0.17565490753950144,2.5,-3.14,0.0,0.0,0.0,-0.0,
1791371546.3055017,stand,-0.10441479120322338,-0.013809501068855387,0.0,0.0,-0.031885203444343944,0.0,0.16918289913012496,0.0,0.0,0.0,False,0.0,0.0,0.0,0.0,0.17647285020255438,0.1758594561926628,2.5,-3.16,0.0,0.0,0.0,-0.0,
1791371546.3155224,stand,-0.10513823701536786,-0.01362001826281666,0.0,0.0,-0.031804682060371486,0.0,0.16949152715287039,0.0,0.0,0.0,False,0.0,0.0,0.0,0.0,0.1768815599954663,0.17626840010055292,2.65,-3.14,0.0,0.0,0.0,-0.0,
1791371546.3255215,stand,-0.10604768508923967,-0.013538688333864863,0.0,0.0,-0.03174500620359918,0.0,0.16972296439269843,0.0,0.0,0.0,False,0.0,0.0,0.0,0.0,0.17708586798756573,0.17667719491365264,2.71,-3.16,0.0,0.0,0.0,-0.0,
1791371546.3355365,stand,-0.10695457111760623,-0.013525937445580895,0.0,0.0,-0.03170801663971608,0.0,0.1698770776883371,0.0,0.0,0.0,False,0.0,0.0,0.0,0.0,0.1772901001009387,0.17688154279271395,2.64,-3.23,0.0,0.0,0.0,-0.0,
1791371546.3455215,stand,-0.10793448421524024,-0.013473811424755754,0.0,0.0,-0.031634259039181954,0.0,0.17018530635388396,0.0,0.0,0.0,False,0.0,0.0,0.0,0.0,0.1776984917096465,0.17729008290793194,2.7,-3.2,0.0,0.0,0.0,-0.0,
1791371546.3555217,stand,-0.10876136750732147,-0.013332537225358251,0.0,0.0,-0.03158112756350949,0.0,0.17041661360464508,0.0,0.0,0.0,False,0.0,0.0,0.0,0.0,0.17810672918053205,0.17749431502130492,2.68,-3.13,0.0,0.0,0.0,-0.0,
1791371546.3655417,stand,-0.10959543732434085,-0.013181318258325159,0.0,0.0,-0.03152816053260348,0.0,0.17064792270795012,0.0,0.0,0.0,False,0.0,0.0,0.0,0.0,0.17831072035944173,0.17790262162875725,2.71,-3.14,0.0,0.0,0.0,-0.0,
1791371546.3756635,stand,-0.1106043269747955,-0.012943554171831935,0.0,0.0,-0.031459109520138716,0.0,0.17095642347086148,0.0,0.0,0.0,False,0.0,0.0,0.0,0.0,0.17871862846041217,0.17831070318671768,2.7600000000000002,-3.09,0.0,0.0,0.0,-0.0,
1791371546.385509,stand,-0.11157924633389794,-0.012862568898446112,0.0,0.0,-0.031393170608828604,0.0,0.17126482067570373,0.0,0.0,0.0,False,0.0,0.0,0.0,0.0,0.1791264118333987,0.178718611294844,2.68,-3.08,0.0,0.0,0.0,-0.0,
1791371546.3954985,stand,-0.11257889442952955,-0.013068938961213819,0.0,0.0,-0.031330331835875205,0.0,0.17157311181226403,0.0,0.0,0.0,False,0.0,0.0,0.0,0.0,0.1797377558943685,0.17892251747088514,2.5300000000000002,-3.06,0.0,0.0,0.0,-0.0,
1791371546.405496,stand,-0.11353331882144183,-0.013145651015971345,0.0,0.0,-0.03128495687351793,0.0,0.17180416434822854,0.0,0.0,0.0,False,0.0,0.0,0.0,0.0,0.17994142114148953,0.17933022523013067,2.61,-2.98,0.0,0.0,0.0,-0.0,
1791371546.415505,stand,-0.11436758730496485,-0.012894573205624697,0.0,0.0,-0.031225764947588015,0.0,0.17211211893719047,0.0,0.0,0.0,False,0.0,0.0,0.0,0.0,0.1803486455666257,0.1797377387490826,2.69,-3.02,0.0,0.0,0.0,-0.0,
1791371546.4255002,stand,-0.11518949061830655,-0.012881321774116338,0.0,0.0,-0.03117001832005572,0.0,0.1724197411608783,0.0,0.0,0.0,False,0.0,0.0,0.0,0.0,0.18075567401151546,0.18014503880623534,2.62,-3.0300000000000002,0.0,0.0,0.0,-0.0,
1791371546.435558,stand,-0.11620958520200567,-0.01327706838125327,0.0,0.0,-0.031103049399302835,0.0,0.17280446909926184,0.0,0.0,0.0,False,0.0,0.0,0.0,0.0,0.18136583942689477,0.18055221804917715,2.5,-2.96,0.0,0.0,0.0,-0.0,
1791371546.445529,stand,-0.11735224835247522,-0.013700729314957862,0.0,0.0,-0.031076198130077885,0.0,0.1729583484340984,0.0,0.0,0.0,False,0.0,0.0,0.0,0.0,0.1815691881139024,0.18075565688651182,2.5,-2.97,0.0,0.0,0.0,-0.0,
1791371546.4554899,stand,-0.11812509177071961,-0.013579624834114548,0.0,0.0,-0.03102547513146906,0.0,0.17326611425621286,0.0,0.0,0.0,False,0.0,0.0,0.0,0.0,0.18197564376362416,0.18116247362125046,2.65,-2.96,0.0,0.0,0.0,-0.0,
1791371546.4654918,stand,-0.11879969682734527,-0.013435917326469685,0.0,0.0,-0.03097611770014589,0.0,0.17357376083155007,0.0,0.0,0.0,False,0.0,0.0,0.0,0.0,0.18238186609667828,0.18156917099526568,2.54,-2.96,0.0,0.0,0.0,-0.0,
1791371546.4755032,stand,-0.11973280177945592,-0.013666170504197349,0.0,0.0,-0.030928191738255607,0.0,0.17388128244189616,0.0,0.0,0.0,False,0.0,0.0,0.0,0.0,0.18278792047945228,0.18197562665552244,2.56,-2.95,0.0,0.0,0.0,-0.0,
1791371546.4854987,stand,-0.12082800364822247,-0.014074693862222903,0.0,0.0,-0.030894452190283365,0.0,0.17411179510010205,0.0,0.0,0.0,False,0.0,0.0,0.0,0.0,0.18299090309463303,0.18238184900170476,2.38,-2.9,0.0,0.0,0.0,-0.0,
1791371546.495495,stand,-0.12199440732086582,-0.014121664784569079,0.0,0.0,-0.030872417054124548,0.0,0.17426545710461827,0.0,0.0,0.0,False,0.0,0.0,0.0,0.0,0.18319383237828069,0.18258491659850523,2.2800000000000002,-2.77,0.0,0.0,0.0,-0.0,
1791371546.5055008,stand,-0.12300193127457168,-0.014119434948139279,0.0,0.0,-0.030862026242115943,0.0,0.17434226832120941,0.0,0.0,0.0,False,0.0,0.0,0.0,0.0,0.18339669919636176,0.18258491659850523,2.18,-2.7,0.0,0.0,0.0,-0.0,
1791371546.5155213,stand,-0.12386545658681712,-0.01426647274524008,0.0,0.0,-0.03084007359271428,0.0,0.17449592964546212,0.0,0.0,0.0,False,0.0,0.0,0.0,0.0,0.18359956601444283,0.18278790339163284,2.08,-2.72,0.0,0.0,0.0,-0.0,
1791371546.5255227,stand,-0.12462302911936479,-0.014431497258325921,0.0,0.0,-0.03084007359271428,0.0,0.17449592964546212,0.0,0.0,0.0,False,0.0,0.0,0.0,0.0,0.18359956601444283,0.18278790339163284,2.15,-2.65,0.0,0.0,0.0,-0.0,
1791371546.535591,stand,-0.12523499866574786,-0.014486851430586372,0.0,0.0,-0.03084007359271428,0.0,0.17449592964546212,0.0,0.0,0.0,False,0.0,0.0,0.0,0.0,0.18359956601444283,0.18278790339163284,2.16,-2.66,0.0,0.0,0.0,-0.0,
1791371546.5455315,stand,-0.1258451026385207,-0.014377036421867788,0.0,0.0,-0.030851644581984652,0.0,0.1744190795566076,0.0,0.0,0.0,False,0.0,0.0,0.0,0.0,0.18359956601444283,0.18258491659850523,2.17,-2.69,0.0,0.0,0.0,-0.0,
1791371546.5555146,stand,-0.12652552939363168,-0.01440248747393219,0.0,0.0,-0.030862026242115943,0.0,0.17434226832120941,0.0,0.0,0.0,False,0.0,0.0,0.0,0.0,0.18339669919636176,0.18258491659850523,2.33,-2.8000000000000003,0.0,0.0,0.0,-0.0,
1791371546.5655258,stand,-0.12726004220399995,-0.014469099995131204,0.0,0.0,-0.030862026242115943,0.0,0.17434226832120941,0.0,0.0,0.0,False,0.0,0.0,0.0,0.0,0.18339669919636176,0.18258491659850523,2.31,-2.82,0.0,0.0,0.0,-0.0,
1791371546.5755236,stand,-0.12804047410422062,-0.014436163547332332,0.0,0.0,-0.030862026242115943,0.0,0.17434226832120941,0.0,0.0,0.0,False,0.0,0.0,0.0,0.0,0.18339669919636176,0.18258491659850523,2.33,-2.79,0.0,0.0,0.0,-0.0,
1791371546.58551,stand,-0.128861850199025,-0.014260985146597327,0.0,0.0,-0.030872417054124548,0.0,0.17426545710461827,0.0,0.0,0.0,False,0.0,0.0,0.0,0.0,0.18319383237828069,0.18258491659850523,2.42,-2.77,0.0,0.0,0.0,-0.0,
1791371546.5955462,stand,-0.1296467590069602,-0.014158466958799755,0.0,0.0,-0.030872417054124548,0.0,0.17426545710461827,0.0,0.0,0.0,False,0.0,0.0,0.0,0.0,0.18319383237828069,0.18258491659850523,2.41,-2.77,0.0,0.0,0.0,-0.0,
1791371546.6055188,stand,-0.1305298400770876,-0.014094584764931872,0.0,0.0,-0.030872417054124548,0.0,0.17426545710461827,0.0,0.0,0.0,False,0.0,0.0,0.0,0.0,0.18319383237828069,0.18258491659850523,2.42,-2.7600000000000002,0.0,0.0,0.0,-0.0,
1791371546.615528,stand,-0.13136910761958573,-0.014030631128183535,0.0,0.0,-0.030862026242115943,0.0,0.17434226832120941,0.0,0.0,0.0,False,0.0,0.0,0.0,0.0,0.18339669919636176,0.18258491659850523,2.29,-2.75,0.0,0.0,0.0,-0.0,
1791371546.6255074,stand,-0.13209255964735248,-0.01378873051309039,0.0,0.0,-0.030862026242115943,0.0,0.17434226832120941,0.0,0.0,0.0,False,0.0,0.0,0.0,0.0,0.18339669919636176,0.18258491659850523,2.31,-2.7600000000000002,0.0,0.0,0.0,-0.0,
1791371546.6355214,stand,-0.13274872829420958,-0.013642164845782422,0.0,0.0,-0.030862026242115943,0.0,0.17434226832120941,0.0,0.0,0.0,False,0.0,0.0,0.0,0.0,0.18339669919636176,0.18258491659850523,2.31,-2.77,0.0,0.0,0.0,-0.0,
1791371546.6454985,stand,-0.13334462027663338,-0.013591170992880874,0.0,0.0,-0.030862026242115943,0.0,0.17434226832120941,0.0,0.0,0.0,False,0.0,0.0,0.0,0.0,0.18339669919636176,0.18258491659850523,2.31,-2.77,0.0,0.0,0.0,-0.0,
1791371546.655534,stand,-0.13394015089625527,-0.01358468459385123,0.0,0.0,-0.030872417054124548,0.0,0.17426545710461827,0.0,0.0,0.0,False,0.0,0.0,0.0,0.0,0.18319383237828069,0.18258491659850523,2.43,-2.7600000000000002,0.0,0.0,0.0,-0.0,
1791371546.6655226,stand,-0.13447474020811398,-0.01355096773717355,0.0,0.0,-0.030872417054124548,0.0,0.17426545710461827,0.0,0.0,0.0,False,0.0,0.0,0.0,0.0,0.18319383237828069,0.18258491659850523,2.31,-2.77,0.0,0.0,0.0,-0.0,
1791371546.6755204,stand,-0.13502617819458618,-0.013457818280260518,0.0,0.0,-0.030872417054124548,0.0,0.17426545710461827,0.0,0.0,0.0,False,0.0,0.0,0.0,0.0,0.18319383237828069,0.18258491659850523,2.42,-2.77,0.0,0.0,0.0,-0.0,
1791371546.685497,stand,-0.13557186341969693,-0.013501590050959389,0.0,0.0,-0.030872417054124548,0.0,0.17426545710461827,0.0,0.0,0.0,False,0.0,0.0,0.0,0.0,0.18319383237828069,0.18258491659850523,2.43,-2.7600000000000002,0.0,0.0,0.0,-0.0,
1791371546.6955006,stand,-0.13612800868451988,-0.013477088921801389,0.0,0.0,-0.030872417054124548,0.0,0.17426545710461827,0.0,0.0,0.0,False,0.0,0.0,0.0,0.0,0.18319383237828069,0.18258491659850523,2.42,-2.77,0.0,0.0,0.0,-0.0,
1791371546.7055237,stand,-0.13664460333534606,-0.013472210605955909,0.0,0.0,-0.030872417054124548,0.0,0.17426545710461827,0.0,0.0,0.0,False,0.0,0.0,0.0,0.0,0.18319383237828069,0.18258491659850523,2.42,-2.77,0.0,0.0,0.0,-0.0,
1791371546.7155225,stand,-0.13708259567271802,-0.013443051323576654,0.0,0.0,-0.030862026242115943,0.0,0.17434226832120941,0.0,0.0,0.0,False,0.0,0.0,0.0,0.0,0.18339669919636176,0.18258491659850523,2.44,-2.77,0.0,0.0,0.0,-0.0,
1791371546.7255106,stand,-0.13749229006888955,-0.013462195525031443,0.0,0.0,-0.030872417054124548,0.0,0.17426545710461827,0.0,0.0,0.0,False,0.0,0.0,0.0,0.0,0.18319383237828069,0.18258491659850523,2.43,-2.77,0.0,0.0,0.0,-0.0,
1791371546.735495,stand,-0.13783494581201197,-0.013462474221546807,0.0,0.0,-0.030862026242115943,0.0,0.17434226832120941,0.0,0.0,0.0,False,0.0,0.0,0.0,0.0,0.18339669919636176,0.18258491659850523,2.31,-2.7800000000000002,0.0,0.0,0.0,-0.0,
1791371546.745505,stand,-0.13823381933333267,-0.013392667755977238,0.0,0.0,-0.030872417054124548,0.0,0.17426545710461827,0.0,0.0,0.0,False,0.0,0.0,0.0,0.0,0.18319383237828069,0.18258491659850523,2.43,-2.7800000000000002,0.0,0.0,0.0,-0.0,
1791371546.7555127,stand,-0.1385712489531097,-0.013470312804453106,0.0,0.0,-0.030872417054124548,0.0,0.17426545710461827,0.0,0.0,0.0,False,0.0,0.0,0.0,0.0,0.18319383237828069,0.18258491659850523,2.3000000000000003,-2.7600000000000002,0.0,0.0,0.0,-0.0,
1791371546.7655056,stand,-0.1389043166988069,-0.013424878139003156,0.0,0.0,-0.030872417054124548,0.0,0.17426545710461827,0.0,0.0,0.0,False,0.0,0.0,0.0,0.0,0.18319383237828069,0.18258491659850523,2.42,-2.75,0.0,0.0,0.0,-0.0,
1791371546.7755022,stand,-0.13918960862729374,-0.01351634010121872,0.0,0.0,-0.030872417054124548,0.0,0.17426545710461827,0.0,0.0,0.0,False,0.0,0.0,0.0,0.0,0.18319383237828069,0.18258491659850523,2.29,-2.7800000000000002,0.0,0.0,0.0,-0.0,
1791371546.7854974,stand,-0.13942700945743822,-0.013455847794840181,0.0,0.0,-0.030872417054124548,0.0,0.17426545710461827,0.0,0.0,0.0,False,0.0,0.0,0.0,0.0,0.18319383237828069,0.18258491659850523,2.41,-2.77,0.0,0.0,0.0,-0.0,
1791371546.7954986,stand,-0.1396507078756914,-0.013507540368203678,0.0,0.0,-0.030872417054124548,0.0,0.17426545710461827,0.0,0.0,0.0,False,0.0,0.0,0.0,0.0,0.18319383237828069,0.18258491659850523,2.29,-2.7800000000000002,0.0,0.0,0.0,-0.0,
1791371546.8054938,stand,-0.13982419173516714,-0.01345971370076109,0.0,0.0,-0.030872417054124548,0.0,0.17426545710461827,0.0,0.0,0.0,False,0.0,0.0,0.0,0.0,0.18319383237828069,0.18258491659850523,2.41,-2.77,0.0,0.0,0.0,-0.0,
1791371546.8155007,stand,-0.13999588738998503,-0.01351391168122336,0.0,0.0,-0.030862026242115943,0.0,0.17434226832120941,0.0,0.0,0.0,False,0.0,0.0,0.0,0.0,0.18339669919636176,0.18258491659850523,2.3000000000000003,-2.77,0.0,0.0,0.0,-0.0,
1791371546.8255053,stand,-0.14012284622702117,-0.013461174025246991,0.0,0.0,-0.030872417054124548,0.0,0.17426545710461827,0.0,0.0,0.0,False,0.0,0.0,0.0,0.0,0.18319383237828069,0.18258491659850523,2.42,-2.77,0.0,0.0,0.0,-0.0,
1791371546.8355365,stand,-0.14019959685200348,-0.0135018569103128,0.0,0.0,-0.030862026242115943,0.0,0.17434226832120941,0.0,0.0,0.0,False,0.0,0.0,0.0,0.0,0.18339669919636176,0.18258491659850523,2.2800000000000002,-2.77,0.0,0.0,0.0,-0.0,
1791371546.8455002,stand,-0.14029635616085057,-0.013426852842824459,0.0,0.0,-0.030872417054124548,0.0,0.17426545710461827,0.0,0.0,0.0,False,0.0,0.0,0.0,0.0,0.18319383237828069,0.18258491659850523,2.42,-2.7800000000000002,0.0,0.0,0.0,-0.0,
1791371546.8555188,stand,-0.14035922213485993,-0.013510228286491455,0.0,0.0,-0.030862026242115943,0.0,0.17434226832120941,0.0,0.0,0.0,False,0.0,0.0,0.0,0.0,0.18339669919636176,0.18258491659850523,2.2800000000000002,-2.7800000000000002,0.0,0.0,0.0,-0.0,
1791371546.8655038,stand,-0.1404030710570072,-0.013431591606405847,0.0,0.0,-0.030872417054124548,0.0,0.17426545710461827,0.0,0.0,0.0,False,0.0,0.0,0.0,0.0,0.18319383237828069,0.18258491659850523,2.39,-2.7800000000000002,0.0,0.0,0.0,-0.0,
1791371546.875519,stand,-0.14041820295077534,-0.013525651129855364,0.0,0.0,-0.030862026242115943,0.0,0.17434226832120941,0.0,0.0,0.0,False,0.0,0.0,0.0,0.0,0.18339669919636176,0.18258491659850523,2.3000000000000003,-2.7800000000000002,0.0,0.0,0.0,-0.0,
1791371546.8855,stand,-0.14043969745791127,-0.013437636219752469,0.0,0.0,-0.030872417054124548,0.0,0.17426545710461827,0.0,0.0,0.0,False,0.0,0.0,0.0,0.0,0.18319383237828069,0.18258491659850523,2.42,-2.7600000000000002,0.0,0.0,0.0,-0.0,
1791371546.895495,stand,-0.14044169255957234,-0.01351256612321443,0.0,0.0,-0.030862026242115943,0.0,0.17434226832120941,0.0,0.0,0.0,False,0.0,0.0,0.0,0.0,0.18339669919636176,0.18258491659850523,2.3000000000000003,-2.7800000000000002,0.0,0.0,0.0,-0.0,
1791371546.9054952,stand,-0.14043631375540674,-0.01342093855725276,0.0,0.0,-0.030872417054124548,0.0,0.17426545710461827,0.0,0.0,0.0,False,0.0,0.0,0.0,0.0,0.18319383237828069,0.18258491659850523,2.42,-2.7800000000000002,0.0,0.0,0.0,-0.0,
1791371546.9154902,stand,-0.14044435928855328,-0.013502990954708928,0.0,0.0,-0.030862026242115943,0.0,0.17434226832120941,0.0,0.0,0.0,False,0.0,0.0,0.0,0.0,0.18339669919636176,0.18258491659850523,2.29,-2.77,0.0,0.0,0.0,-0.0,
1791371546.9254963,stand,-0.14039296062842938,-0.013433567936602159,0.0,0.0,-0.030872417054124548,0.0,0.17426545710461827,0.0,0.0,0.0,False,0.0,0.0,0.0,0.0,0.18319383237828069,0.18258491659850523,2.4,-2.79,0.0,0.0,0.0,-0.0,
1791371546.9355197,stand,-0.14034928396265917,-0.013511499085457013,0.0,0.0,-0.030862026242115943,0.0,0.17434226832120941,0.0,0.0,0.0,False,0.0,0.0,0.0,0.0,0.18339669919636176,0.18258491659850523,2.31,-2.7600000000000002,0.0,0.0,0.0,-0.0,
1791371546.9455295,stand,-0.14028727248172262,-0.013432707974767056,0.0,0.0,-0.030872417054124548,0.0,0.17426545710461827,0.0,0.0,0.0,False,0.0,0.0,0.0,0.0,0.18319383237828069,0.18258491659850523,2.41,-2.77,0.0,0.0,0.0,-0.0,
1791371546.9555151,stand,-0.14025866702150497,-0.013506701303066075,0.0,0.0,-0.030862026242115943,0.0,0.17434226832120941,0.0,0.0,0.0,False,0.0,0.0,0.0,0.0,0.18339669919636176,0.18258491659850523,2.29,-2.7800000000000002,0.0,0.0,0.0,-0.0,
1791371546.9654994,stand,-0.14020045635203593,-0.013407653274454458,0.0,0.0,-0.030872417054124548,0.0,0.17426545710461827,0.0,0.0,0.0,False,0.0,0.0,0.0,0.0,0.18319383237828069,0.18258491659850523,2.41,-2.7600000000000002,0.0,0.0,0.0,-0.0,
1791371546.9755046,stand,-0.14013619380970987,-0.01346947227653216,0.0,0.0,-0.030862026242115943,0.0,0.17434226832120941,0.0,0.0,0.0,False,0.0,0.0,0.0,0.0,0.18339669919636176,0.18258491659850523,2.29,-2.7800000000000002,0.0,0.0,0.0,-0.0,
1791371546.9855213,stand,-0.1400454128693639,-0.013394865179489812,0.0,0.0,-0.030872417054124548,0.0,0.17426545710461827,0.0,0.0,0.0,False,0.0,0.0,0.0,0.0,0.18319383237828069,0.18258491659850523,2.42,-2.7600000000000002,0.0,0.0,0.0,-0.0,
1791371546.995517,balance,-0.13993788451849676,-0.013479695306396108,-0.17028780722300066,0.0013877470064548438,-0.030862026242115943,-0.0005121035376120423,0.17434226832120941,-0.0011587585277147083,0.0,-5.2085020784095196e-06,False,0.0,0.0,-0.15379063523145564,-0.15340265444871423,0.18339669919636176,0.18258491659850523,2.2800000000000002,-2.7800000000000002,-1.0765344466201894,-1.0738185811409997,-0.8476649185985743,0.8455264418433068,
1791371547.0054996,balance,-0.13980833891229089,-0.013429131236399253,-0.17016865242880339,0.0391259677120653,-0.030872417054124548,-0.0005121035376120423,0.17426545710461827,-0.03604652803163806,0.0,-0.00022659547427626259,False,0.0,0.0,-0.20722341111079773,-0.20654173749144022,0.18319383237828069,0.18258491659850523,2.44,-2.77,-1.450563877775584,-1.4457921624400816,-1.1421762817130583,1.1384190255433713,
1791371547.0154965,balance,-0.13764030846563688,-0.013564295447416521,-0.16799023117014078,0.46915345656773333,-0.030862026242115943,-0.0005121035376120423,0.17434226832120941,-0.12181827465372343,0.0,-0.0011984703673240382,False,0.0,0.0,-0.18415681180748436,-0.18673442508075452,0.18339669919636176,0.18258491659850523,2.2800000000000002,-2.64,-1.2890976826523906,-1.3071409755652816,-1.015037545395583,1.029244862649828,
1791371547.0255005,balance,-0.12752510693133035,-0.013723439718753765,-0.15785307698643258,1.4333531784483429,-0.030840073592714283,-0.0005121035376120423,0.1744959296454621,-0.21169818695946271,0.0,-0.0030926293493959483,False,0.0,0.0,0.0,-0.09285714285714286,0.18339669919636176,0.1829908860068136,2.3000000000000003,-2.5300000000000002,0.0,-0.65,0.0,0.5118110236220472,
1791371547.0355291,balance,-0.10966902922341508,-0.013508768692440845,-0.1400073712687597,1.9920511374489513,-0.03085044558295667,-0.0005121035376120423,0.17441911838911267,-0.25838133798867335,0.0,-0.005615359750201847,False,0.0,0.0,0.11658687178101804,0.0,0.18319383237828069,0.1829908860068136,2.31,-2.57,0.8161081024671263,0.0,0.6426048050922254,-0.0,
1791371547.0455446,balance,-0.08864925831886082,-0.01289816958077803,-0.11898760036420546,2.041652831085029,-0.03085044558295667,-0.0005121035376120423,0.17441911838911267,-0.21846308958707714,0.0,-0.007957271015148955,False,0.0,0.0,0.22292323475482176,0.15704501583614908,0.18339669919636176,0.18278790339163284,2.2600000000000002,-2.71,1.5604626432837523,1.0993151108530435,1.228710742743112,-0.8656024494905854,
1791371547.055527,balance,-0.07343262172740536,-0.012735868447991011,-0.10379293524391787,1.0161465997127026,-0.030872417054124548,-0.0005121035376120423,0.17426545710461827,-0.12958328116085277,0.0,-0.00950355792977317,False,0.0,0.0,0.15798046600787594,0.09285714285714286,0.18319383237828069,0.18258491659850523,2.38,-2.85,1.1058632620551316,0.65,0.8707584740591587,-0.5118110236220472,
1791371547.0655093,balance,-0.06989565007715201,-0.012866772742439907,-0.10025596359366452,-0.09422719160422255,-0.030872417054124548,-0.0005121035376120423,0.17426545710461827,-0.02301148273286833,0.0,-0.010002016235973065,False,0.0,0.0,0.0,-0.09465988315641065,0.18319383237828069,0.18258491659850523,2.42,-2.7600000000000002,0.0,-0.6626191820948746,0.0,0.5217473874762792,
1791371547.0755134,balance,-0.07511991244402802,-0.011476641314656442,-0.10548145088309932,-0.7686829305921339,-0.030873641976683335,-0.0005121035376120423,0.17426541747232188,0.026124601406846158,0.0,-0.009798236985576358,False,0.0,0.0,-0.0996681288122363,-0.25619940425052407,0.18339669919636176,0.18238184900170476,2.35,-2.88,-0.6976769016856541,-1.7933958297536685,-0.5493518910910662,1.4121227005934398,
1791371547.0855045,balance,-0.08299210653953278,-0.010741723812207952,-0.11335364497860408,-0.5830293146737086,-0.030873641976683335,-0.0005121035376120423,0.17426541747232188,-0.026039968982421308,0.0,-0.009864663206687368,False,0.0,0.0,-0.22772692619880947,-0.3057047645614187,0.18339669919636176,0.18238184900170476,2.17,-2.85,-1.5940884833916662,-2.139933351929931,-1.2551877821981623,1.6849868912834103,
1791371547.0954945,balance,-0.08223963297868894,-0.010108899724485101,-0.11257917402306156,0.5893239886934488,-0.030851644581984652,-0.0005121035376120423,0.1744190795566076,-0.13183036516615212,0.0,-0.010861694233400143,False,0.0,0.0,-0.16640326438266373,-0.1417316332449116,0.18359956601444283,0.18258491659850523,2.18,-2.7,-1.1648228506786462,-0.9921214327143811,-0.91718334699106,0.7811979785152607,
1791371547.105494,balance,-0.07117400201629107,-0.00943542789235744,-0.10150197207139332,1.5376526795597403,-0.030840073592714283,-0.0005121035376120423,0.1744959296454621,-0.2707579149893841,0.0,-0.013224262990057115,False,0.0,0.0,0.0,0.09285714285714286,0.18319383237828069,0.18319381530020945,2.47,-2.33,0.0,0.65,0.0,-0.5118110236220472,
1791371547.1159973,balance,-0.05006650662191384,-0.007917582150043186,-0.08038411381403715,2.5238881883561413,-0.03082971072973535,-0.0005121035376120423,0.17457274092056693,-0.3160714204253223,0.0,-0.016385301539413293,False,0.0,0.0,0.18175415686206775,0.23938182261022237,0.18319383237828069,0.18339668211829052,2.32,-2.23,1.2722790980344743,1.6756727582715565,1.0017945653814757,-1.319427368717761,
1791371547.1255226,balance,-0.023972690562088672,-0.007749200696310788,-0.05427994400645613,2.419039543303805,-0.030819356981979504,-0.0005121035376120423,0.17464955221440248,-0.22233212907666805,0.0,-0.01893133871572971,False,0.0,0.0,0.35536813877056517,0.34119269621042014,0.18339669919636176,0.18339668211829052,2.24,-2.34,2.487576971393956,2.388348873472941,1.9587220247196504,-1.8805896641519217,
1791371547.1355183,balance,-0.007317210437912426,-0.00833248608850634,-0.037634817630035726,0.9222185808262817,-0.03082971072973535,-0.0005121035376120423,0.17457274092056693,-0.08466863996169666,0.0,-0.02010722511123699,False,0.0,0.0,0.2640427523866216,0.22313311654416312,0.18339669919636176,0.18319381530020945,2.52,-2.32,1.8482992667063514,1.561931815809142,1.4553537533120877,-1.2298675715032614,
1791371547.1455207,balance,-0.0036594691474711857,-0.008441127376404301,-0.03399781119281581,0.014578739606999529,-0.03085044558295667,-0.0005121035376120423,0.17441911838911267,0.15448340338558564,0.0,-0.01921110213189286,False,0.0,0.0,0.1260723410031941,0.09285714285714286,0.18319383237828069,0.1829908860068136,2.41,-2.66,0.8825063870223586,0.65,0.694886918915243,-0.5118110236220472,
1791371547.1555824,balance,-0.011932893633499067,-0.007821978653050659,-0.04233731635080233,-1.4930735804990631,-0.03091652625491531,-0.0005121035376120423,0.17395813318027475,0.3515627354232493,0.0,-0.01613814753700215,False,0.0,0.0,-0.12762848699152743,-0.14243829970335012,0.18278792047945228,0.18217878140490432,2.81,-3.15,-0.893399408940692,-0.9970680979234509,-0.7034641015281039,0.7850929904909062,
1791371547.1655035,balance,-0.02881982337565364,-0.008901895628466194,-0.059259248463107025,-1.826416369336565,-0.03095152862506543,-0.0005121035376120423,0.17372758184360404,0.42819294119538664,0.0,-0.011918282563426042,False,0.0,0.0,-0.24540926184044884,-0.3098682473808199,0.18258493369347872,0.1817724031114216,2.83,-3.39,-1.7178648328831418,-2.1690777316657393,-1.3526494747111353,1.7079352217840467,
1791371547.17552,balance,-0.05054420498390448,-0.009107619714088985,-0.08100942905062126,-2.0110473550400574,-0.03097732760432882,-0.0005121035376120423,0.1735736386968777,0.306134068616087,0.0,-0.008419548323282747,False,0.0,0.0,-0.3949643421442174,-0.4128759971143058,0.18258493369347872,0.1813658223082581,2.68,-3.49,-2.764750395009522,-2.8901319798001404,-2.176968814968127,2.275694472283575,
1791371547.1855016,balance,-0.060603540831729606,-0.009638456236762788,-0.09101962903237318,-0.07651215058767338,-0.030928191738255607,-0.0005121035376120423,0.17388128244189616,0.07423195331552922,0.0,-0.0070233461936947275,False,0.0,0.0,-0.29473105574870373,-0.22820016822967237,0.18278792047945228,0.18197562665552244,2.69,-2.7600000000000002,-2.063117390240926,-1.5974011776077066,-1.6245018820794692,1.257796202840714,
1791371547.1955264,balance,-0.049305418758090795,-0.009504267901746388,-0.07965414193300283,1.8983248970326925,-0.030860826712524072,-0.0005121035376120423,0.17434230715154347,-0.1772104703889341,0.0,-0.008158307633852262,False,0.0,0.0,0.0,0.13474592357219262,0.18278792047945228,0.18319381530020945,2.71,-2.31,0.0,0.9432214650053483,0.0,-0.7426940669333452,
1791371547.2054927,balance,-0.02587297106229879,-0.008895530414051474,-0.05619057825442209,2.688991731773742,-0.03082971072973535,-0.0005121035376120423,0.17457274092056693,-0.34183091015360334,0.0,-0.011292085876002195,False,0.0,0.0,0.2607207518569856,0.31423564027899475,0.18319383237828069,0.18339668211829052,2.31,-2.29,1.8250452629988994,2.1996494819529633,1.4370435141723616,-1.7320074661046956,
1791371547.2155268,balance,0.00381766289681303,-0.009907823044473553,-0.026449497852849214,3.0079952768852554,-0.030779264287274285,-0.0005121035376120423,0.17495663203354536,-0.28793939346753383,0.0,-0.014479087803174707,False,0.0,0.0,0.4432146191620801,0.4664735104029168,0.1840049739935406,0.1835995489363716,1.59,-2.04,3.102502334134561,3.2653145728204174,2.4429152237280007,-2.5711138368664703,
1791371547.225504,balance,0.026918890784937612,-0.01080246385757071,-0.003328891390563966,1.6327093352686817,-0.03075988571311362,-0.0005121035376120423,0.17511008928840055,-0.04524011023252289,0.0,-0.015694484488502837,False,0.0,0.0,0.42115963532171796,0.4065111067213789,0.18420761995138657,0.18380225539794318,1.85,-2.08,2.9481174472520255,2.8455777470496524,2.3213523206708864,-2.240612399251695,
1791371547.2355003,balance,0.03624300082099838,-0.011884643677237385,0.005975840071336135,0.4978925489325723,-0.030779264287274285,-0.0005121035376120423,0.17495663203354536,0.3353455349056725,0.0,-0.013369559142749439,False,0.0,0.0,0.3052347891397059,0.2673554574154464,0.1840049739935406,0.1835995489363716,1.9000000000000001,-2.2800000000000002,2.1366435239779413,1.871488201908125,1.6823964755731822,-1.4736127574079723,
1791371547.245506,balance,0.03591917210902342,-0.012493004687296756,0.005601564916900119,-0.4850603240944681,-0.030829710729735345,-0.0005121035376120423,0.17457274092056696,0.658107452280129,0.5954692383594611,0.00031319106960333963,False,0.0,0.0,0.12396652519867442,0.09285714285714286,0.18359956601444283,0.1829908860068136,2.3000000000000003,-2.61,0.8677656763907209,0.65,0.683280060150174,-0.5118110236220472,
1791371547.255559,balance,0.027208841227320583,-0.012713932931643919,-0.003173507425350739,-1.2444178721576251,-0.030894452190283365,-0.0005121035376120423,0.17411179510010205,0.8313210583484166,0.7472482696761571,0.0004203639433612977,False,0.0,0.0,-0.09285714285714286,-0.11545426067156338,0.18299090309463303,0.18238184900170476,2.84,-3.2800000000000002,-0.65,-0.8081798247009436,-0.5118110236220472,0.6363620666936564,
1791371547.265518,balance,0.0076596453743516995,-0.015182421185549938,-0.02285372621950532,-2.3472728813722328,-0.03102547513146906,-0.0005121035376120423,0.17326611425621286,0.7941760078182841,0.0,0.00860262271296202,False,0.0,0.0,-0.20437701589819526,-0.2485839920389484,0.18197564376362416,0.18116247362125046,3.47,-3.69,-1.4306391112873669,-1.740087944272639,-1.126487489202651,1.370147987616251,
1791371547.2755136,balance,-0.015526267981660354,-0.015932555227398126,-0.04607939453357585,-2.165705790272897,-0.031065230089527544,-0.0005121035376120423,0.1730352621074661,0.5996445116469458,0.0,0.015199269052052477,False,0.0,0.0,-0.3197633047725007,-0.3419357096065624,0.18197564376362416,0.18055221804917715,3.18,-4.12,-2.238343133407505,-2.393549967245937,-1.7624749081948858,1.8846850135794777,
1791371547.2855303,balance,-0.032200778361456864,-0.015532405716695107,-0.0627421215831822,-0.8637839055051919,-0.03105344675933737,-0.0005121035376120423,0.17311211256721204,0.3159318798475246,0.0,0.019109961099266746,False,0.0,0.0,-0.28518075340902965,-0.2680727568079694,0.18217879849987784,0.18055221804917715,2.85,-3.84,-1.9962652738632076,-1.8765092976557858,-1.5718624203647305,1.477566376106918,
1791371547.295498,balance,-0.027372368683935323,-0.01559680255216636,-0.05781179377138871,1.3984941184108486,-0.03095152862506543,-0.0005121035376120423,0.17372758184360404,0.060991507909983464,0.0,0.020342393740439037,False,0.0,0.0,0.0,0.09285714285714286,0.18258493369347872,0.1817724031114216,2.71,-3.0100000000000002,0.0,0.65,0.0,-0.5118110236220472,
1791371547.30551,balance,-0.007397493479751198,-0.01677803148555218,-0.037767006380125624,2.3993771115646485,-0.030881616437986474,-0.0005121035376120423,0.1741886847328451,-0.09954747456897271,0.0,0.01963754410713916,False,0.0,0.0,0.2605914470455465,0.3248055344845191,0.18278792047945228,0.18278790339163284,2.5300000000000002,-2.48,1.8241401293188253,2.2736387413916335,1.436330810487264,-1.7902667255052231,
1791371547.3155246,balance,0.01885649010323451,-0.016709275322517023,-0.011430107520196332,2.553776637332115,-0.030798701161042885,-0.0005121035376120423,0.17480317158402464,-0.07743659536437895,0.0,0.018668786502552544,False,0.0,0.0,0.4321895019766753,0.4612933811437001,0.18380227246209999,0.18339668211829052,1.52,-2.38,3.025326513836727,3.2290536680059008,2.3821468612887613,-2.542561943311733,
1791371547.3255103,balance,0.035789051079520726,-0.015844354171686673,0.005510364801440665,0.8927304743940646,-0.030790789815692103,-0.0005121035376120423,0.17487965840090783,0.07648966736090522,0.0,0.018965742210066087,False,0.0,0.0,0.3467756696629865,0.348776499081022,0.18420761995138657,0.18319381530020945,1.6600000000000001,-2.4,2.4274296876409056,2.441435493567154,1.9113619587723667,-1.922390152415082,
1791371547.335569,balance,0.040072761861441764,-0.015498076674753017,0.009804394080556764,0.38013199532998027,-0.03078047131849704,-0.0005121035376120423,0.17495646976501772,0.37569768826423366,0.0,0.021864857135944448,False,0.0,0.0,0.2492360537278885,0.23820061908053253,0.18420761995138657,0.18339668211829052,1.81,-2.2800000000000002,1.7446523760952195,1.6674043335637276,1.3737420284214326,-1.3129167980816754,
1791371547.3455718,balance,0.03514144629913129,-0.015343106842149668,0.004823839107007987,-1.114584545962849,-0.030829710729735345,-0.0005121035376120423,0.17457274092056696,0.6519683858927107,0.5588691018685762,0.0004654964201206724,False,0.0,0.0,0.0,0.0,0.18359956601444283,0.1829908860068136,2.33,-2.66,0.0,0.0,0.0,-0.0,
1791371547.3555303,balance,0.02266447584597522,-0.014252066885288066,-0.007708688577233134,-1.5336314848618426,-0.030885267960820396,-0.0005121035376120423,0.17418856664696789,0.7899205722195335,0.0,0.0046270988479535586,False,0.0,0.0,-0.09285714285714286,-0.1288507919879022,0.18339669919636176,0.18217878140490432,2.33,-3.5,-0.65,-0.9019555439153154,-0.5118110236220472,0.7102012156813508,
1791371547.365503,balance,0.0005478922513272714,-0.012935293457868684,-0.029933936893831985,-2.3809033193490583,-0.0309939326827713,-0.0005121035376120423,0.17349638127311884,0.6994552073060213,0.0,0.011981665223502398,False,0.0,0.0,-0.2641044932459547,-0.29060313606602994,0.18299090309463303,0.18075565688651182,2.56,-3.93,-1.848731452721683,-2.0342219524622096,-1.4556940572611676,1.6017495688678816,
1791371547.3754952,balance,-0.018885425514028786,-0.014249208644953165,-0.04940854774343541,-1.5763614555936503,-0.031035225767018667,-0.0005121035376120423,0.17326566295594148,0.49347657335837436,0.0,0.017493956923198918,False,0.0,0.0,-0.3027087888891074,-0.27324175990304184,0.18299090309463303,0.18014503880623534,2.69,-4.14,-2.118961522223752,-1.9126923193212928,-1.6684736395462614,1.5060569443474747,
1791371547.3855357,balance,-0.026193743134487912,-0.01541688638924479,-0.05666264191023889,0.1772074083284797,-0.030981002313363024,-0.0005121035376120423,0.17357335401165488,0.23441965196948528,0.0,0.020489247262300676,False,0.0,0.0,-0.17496212002305575,-0.09285714285714286,0.18299090309463303,0.18095908120471274,2.37,-3.4,-1.2247348401613902,-0.65,-0.9643581418593624,0.5118110236220472,
1791371547.3954995,balance,-0.014866093460232637,-0.014965219616079349,-0.045249668121531285,1.6665150073665007,-0.030895678198910693,-0.0005121035376120423,0.17411175547250946,0.007696201118636421,0.0,0.021108602161181784,False,0.0,0.0,0.12003723856383366,0.18398747129415138,0.18319383237828069,0.18217878140490432,2.36,-2.86,0.8402606699468357,1.2879122990590597,0.6616225747612879,-1.0141041724874487,
1791371547.4055147,balance,0.006967431953819652,-0.013922415317017049,-0.02336053810128259,2.518720022575996,-0.030840073592714283,-0.0005121035376120423,0.1744959296454621,-0.09510792149329503,0.0,0.02028964626638669,False,0.0,0.0,0.31596444727593087,0.40434432574441526,0.18339669919636176,0.1829908860068136,2.05,-2.43,2.211751130931516,2.8304102802109066,1.7415363235681227,-2.228669511977092,
1791371547.415526,balance,0.03041008283754276,-0.013686944327064184,0.0001131496498558087,1.9068531000524802,-0.030809036725298992,-0.0005121035376120423,0.1747263602528458,-0.03153205237774698,0.0,0.01970778878726544,False,0.0,0.0,0.40370616285826705,0.42707829610439696,0.18380227246209999,0.18319381530020945,2.02,-2.45,2.8259431400078694,2.989548072730779,2.225152078746354,-2.353974860417936,
1791371547.4255078,balance,0.04115226847955014,-0.014913862634894352,0.01084499063639149,0.4674733290588322,-0.030819381380770693,-0.0005121035376120423,0.17464954894034834,0.17007537564348457,0.0,0.020775759906312318,False,0.0,0.0,0.3024232752060112,0.2548264772950555,0.18380227246209999,0.1829908860068136,1.98,-2.65,2.1169629264420786,1.7837853410653883,1.666899942080377,-1.4045553866656602,
1791371547.4354818,balance,0.03986584584986663,-0.014988132466028373,0.009536652905143436,-0.5420795869030973,-0.03084129648233524,-0.0005121035376120423,0.17449588753682713,0.46217873835724743,0.0,0.02463839669240606,False,0.0,0.0,0.1516484496495792,0.09285714285714286,0.18380227246209999,0.18258491659850523,2.07,-2.92,1.0615391475470544,0.65,0.8358575964937436,-0.5118110236220472,
1791371547.4455612,balance,0.028640809676977685,-0.012681970896123976,-0.0017660672341291558,-1.6240711279813513,-0.030918980448718884,-0.0005121035376120423,0.1739580539347757,0.6808646084793805,0.598228635892182,0.0004131798629359923,False,0.0,0.0,-0.09285714285714286,-0.16968627050231636,0.18319383237828069,0.1817724031114216,2.57,-3.56,-0.65,-1.1878038935162145,-0.5118110236220472,0.9352786563119799,
1791371547.4555047,balance,0.007572995514016817,-0.012918833189901124,-0.02293104915229316,-2.410922345700006,-0.03101614820392202,-0.0005121035376120423,0.17334272054364566,0.7201400067128642,0.0,0.004022603859663169,False,0.0,0.0,-0.27631382454027315,-0.3402541643575133,0.18258493369347872,0.18075565688651182,3.19,-4.04,-1.934196771781912,-2.3817791505025934,-1.5229895840802457,1.8754166539390498,
1791371547.465538,balance,-0.017561650761533775,-0.015132833476418573,-0.04811883991473669,-2.3405078314352044,-0.03106929269081496,-0.0005121035376120423,0.17303515193435115,0.5350863344713728,0.0,0.010005020428427498,False,0.0,0.0,-0.40092672858512274,-0.3873435866107181,0.18238186609667828,0.18014503880623534,3.0100000000000002,-4.2,-2.8064871000958593,-2.7114051062750266,-2.209832362280204,2.1349646506102573,
1791371547.4755046,balance,-0.03136486058351001,-0.01463995048039715,-0.061867693706515285,-0.49074530254576243,-0.03101493666061732,-0.0005121035376120423,0.1733428426701655,0.2324703140663594,0.0,0.013139077918842492,False,0.0,0.0,-0.31254545244612847,-0.20696416735244702,0.18238186609667828,0.18095908120471274,2.93,-3.35,-2.187818167122899,-1.4487491714671292,-1.7226914701755112,1.1407473791079759,
1791371547.4855113,balance,-0.02396956001180376,-0.013501937816198423,-0.054362327548306215,1.6670757310663595,-0.0309048710741145,-0.0005121035376120423,0.17403498394230527,-0.09962927649969086,0.0,0.012937925932881934,False,0.0,0.0,0.0,0.15282221534442403,0.18278792047945228,0.18238184900170476,2.5100000000000002,-2.58,0.0,1.0697555074109681,0.0,-0.8423271711897387,
1791371547.4955146,balance,-0.002252750959054896,-0.012034992525435691,-0.032570358151178196,2.4527370381378204,-0.03082971072973535,-0.0005121035376120423,0.17457274092056693,-0.3132780959012815,0.0,0.01021857805415151,False,0.0,0.0,0.20738874991809986,0.3414009744722987,0.18339669919636176,0.18319381530020945,1.97,-2.31,1.451721249426699,2.3898068213060912,1.1430875979737787,-1.8817376545717253,
1791371547.505492,balance,0.024718292430046026,-0.011519403586443707,-0.0055204037878491185,2.64974003596257,-0.030750799755507187,-0.0005121035376120423,0.17518673843343446,-0.3082985651402912,0.0,0.006959061048030229,False,0.0,0.0,0.37827497559994633,0.4690883497294143,0.18441020567926045,0.18380225539794318,1.28,-1.79,2.6479248291996242,3.2836184481059,2.084980180472145,-2.58552633709126,
1791371547.515524,balance,0.046463654651848235,-0.012477253902450363,0.01625216866493954,1.6296283298833338,-0.03072358952452074,-0.0005121035376120423,0.17541668595515933,-0.13730269465806658,0.0,0.00506309860756604,False,0.0,0.0,0.3728511821931014,0.41549482811116045,0.1846127914071344,0.18420760289697855,1.52,-1.93,2.60995827535171,2.9084637967781233,2.055085256182449,-2.2901289738410417,
1791371547.5255015,balance,0.05534145338254713,-0.014065235994147086,0.025092489483593106,0.3920347339331675,-0.030761067436566068,-0.0005121035376120423,0.1751099302764223,0.159213248879329,0.0,0.005801398958610582,False,0.0,0.0,0.27554974121562975,0.24570958889208105,0.18441020567926045,0.1835995489363716,1.6300000000000001,-2.35,1.9288481885094082,1.7199671222445674,1.5187781011885104,-1.3543048206650137,
1791371547.5368214,balance,0.05337755794441267,-0.015295867138896132,0.023078207455242406,-0.6653034733068723,-0.030811454026782308,-0.0005121035376120423,0.17472603572862075,0.4934999908088644,0.0,0.009897318138373929,False,0.0,0.0,0.13098955518754374,0.09285714285714286,0.18420761995138657,0.18278790339163284,2.0100000000000002,-2.66,0.9169268863128062,0.65,0.7219896742620521,-0.5118110236220472,
1791371547.54562,balance,0.04040867301603281,-0.014175156505642746,0.010013452374762973,-1.6410408646122914,-0.03090732417888188,-0.0005121035376120423,0.1740349046918301,0.7139084429697135,0.6782542264890747,0.00017827108240319356,False,0.0,0.0,-0.10032789441385206,-0.1679405333721694,0.18319383237828069,0.18197562665552244,2.93,-3.59,-0.7022952608969645,-1.175583733605186,-0.5529883944070586,0.9256564831536898,
1791371547.5554967,balance,0.016860811394429298,-0.016336486044036255,-0.013653772286675334,-2.499639036837773,-0.031026687218716674,-0.0005121035376120423,0.17326599213190633,0.7216926697314753,0.0,0.007511245026048153,False,0.0,0.0,-0.2776245550306066,-0.31276755051705896,0.18217879849987784,0.18095908120471274,3.46,-3.79,-1.9433718852142463,-2.1893728536194126,-1.5302140828458632,1.723915632771191,
1791371547.5654972,balance,-0.006734758188712806,-0.01751564734811086,-0.03731351594247496,-2.312918245089186,-0.031090861291374193,-0.0005121035376120423,0.17288150618152692,0.5342030855863208,0.0,0.013488336775692047,False,0.0,0.0,-0.36835347296154897,-0.36268815230503393,0.1817724202195233,0.18034862842770624,3.45,-4.34,-2.5784743107308428,-2.5388170661352376,-2.0302947328589314,1.999068556011998,
1791371547.575511,balance,-0.022205928108398845,-0.01818430479338719,-0.052759054660314345,-0.5661951094141476,-0.031065230089527544,-0.0005121035376120423,0.1730352621074661,0.24180125051304105,0.0,0.016664251245376335,False,0.0,0.0,-0.28820973557249135,-0.23388465787097604,0.18197564376362416,0.18055221804917715,3.19,-3.68,-2.0174681490074393,-1.6371926050968322,-1.588557597643653,1.2891280355093166,
1791371547.585508,balance,-0.01400577278260775,-0.01786083982381851,-0.044468601151183645,1.7131243468250665,-0.030974931906187938,-0.0005121035376120423,0.17357388053281128,-0.023428005207105047,0.0,0.017068220136585772,False,0.0,0.0,0.0,0.12982742214139062,0.18217879849987784,0.1817724031114216,2.86,-2.95,0.0,0.9087919549897343,0.0,-0.7155842165273498,
1791371547.5954945,balance,0.010228656058626096,-0.01674354136105968,-0.020130457397261166,2.854940628966319,-0.030871216993499304,-0.0005121035376120423,0.17426549593277932,-0.16965215159880642,0.0,0.015611063757736219,False,0.0,0.0,0.35206470572055654,0.4033603695334097,0.18299090309463303,0.18278790339163284,2.23,-2.5,2.4644529400438957,2.823522586733868,1.9405141260188155,-2.22324613128651,
1791371547.6055083,balance,0.03997131698210472,-0.01641097522409159,0.009692630704024655,2.7763953612928525,-0.030790789815692103,-0.0005121035376120423,0.17487965840090783,-0.10111741583583768,0.0,0.01426102852043899,False,0.0,0.0,0.520792389302,0.5379392891792195,0.18420761995138657,0.18319381530020945,1.41,-2.5100000000000002,3.645546725114,3.7655750242545367,2.8705092323732284,-2.9650197041374304,
1791371547.6155343,balance,0.05654358961655437,-0.017814095808289604,0.026264903338474307,0.7409460687325795,-0.030790789815692103,-0.0005121035376120423,0.17487965840090783,0.1606692090328382,0.0,0.01506462805652172,False,0.0,0.0,0.38921390269607736,0.388752762538981,0.18420761995138657,0.18319381530020945,1.71,-2.31,2.7244973188725417,2.721269337772867,2.145273479427198,-2.1427317620258797,
1791371547.6255188,balance,0.06038418012849803,-0.017593522903556695,0.030124915294286216,0.121094999161922,-0.030771368371823853,-0.0005121035376120423,0.17503311887728915,0.5203643332884054,0.0,0.01936008162725774,False,0.0,0.0,0.2897942368479764,0.2426882727915556,0.18441020567926045,0.18339668211829052,1.71,-2.2600000000000002,2.0285596579358347,1.6988179095408893,1.5972910692408147,-1.3376518972762907,
1791371547.6355145,balance,0.055044721760291515,-0.018367485922296718,0.02474657992298534,-1.0407031275288778,-0.030810245374918218,-0.0005121035376120423,0.17472619799060563,0.772487225881082,0.5968861595983065,0.0008780053314138775,False,0.0,0.0,0.09285714285714286,0.0,0.1840049739935406,0.1829908860068136,1.92,-2.7,0.65,0.0,0.5118110236220472,-0.0,
1791371547.6454954,balance,0.04228135868852115,-0.01849881152185881,0.011917345949010179,-1.5734879886101978,-0.03087611627712301,-0.0005121035376120423,0.17426533493470112,0.8769434303996069,0.7183117499095959,0.0007931584024500549,False,0.0,0.0,-0.1219680492093351,-0.20848555455690274,0.18380227246209999,0.18197562665552244,2.18,-3.45,-0.8537763444653457,-1.4593988818983192,-0.6722648381616895,1.1491329778726922,
1791371547.6555185,balance,0.019999150814631626,-0.018083656017385336,-0.010472187704295501,-2.5223438748802955,-0.03098344205653917,-0.0005121035376120423,0.17357319226914975,0.7756957281744499,0.0,0.003995796384497111,False,0.0,0.0,-0.27869106353981976,-0.36936879183411503,0.18319383237828069,0.18075565688651182,2.63,-4.11,-1.9508374447787382,-2.5855815428388054,-1.536092476203731,2.0358909786132324,
1791371547.6655333,balance,-0.002505353720641644,-0.019594038658379404,-0.03304227024094,-1.9746082576335025,-0.031049020057910406,-0.0005121035376120423,0.17318875736570413,0.5015784944517314,0.0,0.009813063504472537,False,0.0,0.0,-0.3200995957128162,-0.35958342292587914,0.18299090309463303,0.17994140399620362,2.66,-4.49,-2.2406971699897134,-2.517083960481154,-1.7643284803068608,1.9819558743946095,
1791371547.6755145,balance,-0.012786665272393055,-0.02056190549478857,-0.04327173426374262,-0.06521858018728614,-0.030997172528961607,-0.0005121035376120423,0.17349628520621055,0.20960513161542277,0.0,0.012620575965745293,False,0.0,0.0,-0.2045620534788415,-0.14665959181365698,0.18319383237828069,0.18055221804917715,2.4,-3.7,-1.4319343743518904,-1.0266171426955988,-1.1275073813794412,0.8083599548784243,
1791371547.6855068,balance,-0.003942316868540733,-0.01867041258923175,-0.03434919377964757,1.3697633953691701,-0.030918980448718884,-0.0005121035376120423,0.1739580539347757,-0.03700466601435108,0.0,0.01285397815960152,False,0.0,0.0,0.0,0.13264106630226297,0.18319383237828069,0.1817724031114216,2.52,-3.18,0.0,0.9284874641158407,0.0,-0.7310924914297958,
1791371547.6955194,balance,0.015516241284598446,-0.017915104605961057,-0.014822100760746183,2.4312601614296794,-0.03085044558295667,-0.0005121035376120423,0.17441911838911267,-0.14273764291559712,0.0,0.011533284593672966,False,0.0,0.0,0.28938071686060146,0.34339162257168265,0.18339669919636176,0.18278790339163284,2.07,-2.5,2.02566501802421,2.4037413580017786,1.5950118252159136,-1.8927097307100618,
1791371547.705506,balance,0.0400746861891859,-0.019097512680202617,0.009776544351879725,2.1350679849853136,-0.030810245374918218,-0.0005121035376120423,0.17472619799060563,-0.06350041229029883,0.0,0.010596838861926354,False,0.0,0.0,0.4241592652117468,0.43680169928032236,0.1840049739935406,0.1829908860068136,1.73,-2.57,2.9691148564822276,3.0576118949622564,2.3378857137655333,-2.407568421230123,
1791371547.7154872,balance,0.051674190241501695,-0.019420610686816876,0.021365703207545286,0.39237588652951244,-0.03082059057156845,-0.0005121035376120423,0.17464938668029287,0.14593224901919039,0.0,0.011404459564203785,False,0.0,0.0,0.29849550147717624,0.2781948209095341,0.1840049739935406,0.18278790339163284,1.92,-2.72,2.0894685103402337,1.9473637463667388,1.6452507955434912,-1.5333572806037312,
1791371547.7255023,balance,0.05022686686200708,-0.01846784478158591,0.01988364288599381,-0.5114548851708881,-0.03085532751362531,-0.0005121035376120423,0.1744188347567818,0.45820693278753954,0.0,0.01516471425965325,False,0.0,0.0,0.1683843360253113,0.09285714285714286,0.1840049739935406,0.18217878140490432,1.82,-3.19,1.1786903521771792,0.65,0.9281026395095899,-0.5118110236220472,
1791371547.7355008,balance,0.03819037053684753,-0.019676837517804253,0.007776190298593379,-1.6914522131677137,-0.030926283775866197,-0.0005121035376120423,0.1739575677918265,0.6930239143205691,0.6245873484988604,0.0003421828291085433,False,0.0,0.0,-0.09285714285714286,-0.18107906902972593,0.18380227246209999,0.18116247362125046,2.14,-3.89,-0.65,-1.2675534832080815,-0.5118110236220472,0.998073608825261,
1791371547.745501,balance,0.019716388330782646,-0.02101821870242769,-0.010782439731760279,-1.9370838878522252,-0.031010931600154966,-0.0005121035376120423,0.17341937952505684,0.7510448267684863,0.0,0.003929673039211623,False,0.0,0.0,-0.21253881998506494,-0.2858369302144188,0.18319383237828069,0.18034862842770624,2.52,-4.38,-1.4877717398954546,-2.0008585115009314,-1.1714738109413028,1.5754791429141193,
1791371547.7555013,balance,-0.0012771102312718078,-0.020987477564526003,-0.03183838713389636,-1.9573845193846697,-0.0310733804402366,-0.0005121035376120423,0.17303504095723837,0.571950895213617,0.0,0.01027611711395191,False,0.0,0.0,-0.2849708821421856,-0.2995112701411226,0.18278792047945228,0.1797377387490826,2.72,-4.44,-1.9947961749952992,-2.096578890987858,-1.5707056496025977,1.6508495204628804,
1791371547.765506,balance,-0.013095945004927648,-0.020038143363886624,-0.04361580661976794,-0.5115858353513526,-0.031031965152452337,-0.0005121035376120423,0.17326575765235327,0.28055198620246585,0.0,0.013831324637083432,False,0.0,0.0,-0.2179744736138197,-0.17300897380209349,0.18278792047945228,0.18034862842770624,2.67,-3.79,-1.525821315296738,-1.2110628166146544,-1.2014341065328644,0.9535927689879169,
1791371547.7755108,balance,-0.008416765549876824,-0.018549503455160713,-0.038800340211175476,1.1172478899591254,-0.030895678198910693,-0.0005121035376120423,0.17411175547250946,0.02239858954685549,0.0,0.01468304070306276,False,0.0,0.0,0.0,0.09992531281912681,0.18319383237828069,0.18217878140490432,2.3000000000000003,-2.7600000000000002,0.0,0.6994771897338876,0.0,-0.5507694407353446,
1791371547.7855048,balance,0.006103557856042269,-0.01696198601381192,-0.024203695588325195,1.7922388938946676,-0.030819356981979507,-0.0005121035376120423,0.17464955221440248,-0.15478531769020468,0.0,0.013464168039974049,False,0.0,0.0,0.18402704749223806,0.2269502092193192,0.18359956601444283,0.18319381530020945,1.79,-2.32,1.2881893324456664,1.5886514645352343,1.0143223090123357,-1.2509066649883736,
1791371547.7954986,balance,0.027514680369086983,-0.01579230973364511,-0.0027251970469756607,2.1158992464064705,-0.030751980953674686,-0.0005121035376120423,0.175186579419576,-0.13785776665398403,0.0,0.0119067476223999,False,0.0,0.0,0.3470026690155703,0.35528904365936165,0.1846127914071344,0.1835995489363716,1.23,-2.21,2.429018683108992,2.4870233056155318,1.912613136306293,-1.9582860674138045,
1791371547.8055031,balance,0.043262288509542064,-0.015446307910964838,0.01302241109347942,1.0552664404714773,-0.030751980953674686,-0.0005121035376120423,0.175186579419576,-6.539897940383853e-05,0.0,0.011495213416688757,False,0.0,0.0,0.3064735150150326,0.3227322202060879,0.1846127914071344,0.1835995489363716,1.57,-2.13,2.145314605105228,2.2591255414426152,1.6892240985080536,-1.7788390090099333,
1791371547.815501,balance,0.04643499728604641,-0.015297003623426612,0.016157518578920168,-0.11827542069314151,-0.03078958224473828,-0.0005121035376120423,0.1748798206672565,0.2341933568166388,0.0,0.013159264802814855,False,0.0,0.0,0.16620961028203002,0.1546275962703406,0.1840049739935406,0.18339668211829052,2.04,-2.36,1.16346727197421,1.0823931738923842,0.9161159621844174,-0.8522780896790426,
1791371547.825493,balance,0.04124167393708853,-0.015520161713945544,0.010900884622082503,-0.9284232008653907,-0.03085289285261807,-0.0005121035376120423,0.1744190366459656,0.49937370382244156,0.0,0.017505960117534032,False,0.0,0.0,0.09285714285714286,0.0,0.18380227246209999,0.18238184900170476,2.36,-3.31,0.65,0.0,0.5118110236220472,-0.0,
1791371547.8355215,balance,0.027384168828580663,-0.016442000074314296,-0.003061341139632824,-1.5897253483508968,-0.03095761350582553,-0.0005121035376120423,0.17372713782223032,0.669391569014321,0.0,0.023849965828036317,False,0.0,0.0,-0.09285714285714286,-0.1571153900925313,0.18319383237828069,0.18116247362125046,2.7,-3.75,-0.65,-1.0998077306477192,-0.5118110236220472,0.8659903390926923,
1791371547.8455355,balance,0.009688502533538855,-0.01686123666304987,-0.020829305386141406,-1.881569646554096,-0.031029911457292305,-0.0005121035376120423,0.17326581355871606,0.6874526884913909,0.0,0.030811516656654672,False,0.0,0.0,-0.20179787539409505,-0.1904109602320626,0.18258493369347872,0.18055221804917715,2.93,-4.2,-1.4125851277586654,-1.3328767216244382,-1.1122717541406815,1.049509229625542,
1791371547.855508,balance,-0.008355899811076966,-0.017624713331712703,-0.038887499649802315,-1.6980101923085547,-0.031043703376337394,-0.0005121035376120423,0.17318890795577818,0.5309797686091154,0.0,0.036651537709991494,False,0.0,0.0,-0.2878975032218889,-0.20586143370318633,0.18258493369347872,0.18034862842770624,2.83,-4.09,-2.015282522553222,-1.4410300359223043,-1.586836631931671,1.1346693196238615,
1791371547.865488,balance,-0.020752267420564015,-0.015930891160009803,-0.05124336039993716,-0.7224796028773293,-0.031003196516985188,-0.0005121035376120423,0.17341969323233786,0.2797169020082211,0.0,0.04009918103637709,False,0.0,0.0,-0.2728145573550343,-0.14022255352802715,0.18258493369347872,0.18095908120471274,2.72,-3.46,-1.90970190148524,-0.98155787469619,-1.5037022846340473,0.7728802162962126,
1791371547.875523,balance,-0.018246043121031875,-0.014829591918862847,-0.04863881065753433,1.0424392097875776,-0.0309048710741145,-0.0005121035376120423,0.17403498394230527,0.06706778984705282,0.0,0.041264418623145026,False,0.0,0.0,-0.09285714285714286,0.13651872730024256,0.18278792047945228,0.18238184900170476,2.58,-2.65,-0.65,0.9556310911016979,-0.5118110236220472,-0.752465426064329,
1791371547.8855345,balance,-0.00039367775580165834,-0.015027388123945726,-0.030732019801146298,2.2361581070932006,-0.03085044558295668,-0.0005121035376120423,0.17441911838911267,-0.04842429310456323,0.0,0.04098228034161601,False,0.0,0.0,0.19875664556599865,0.33473020783328616,0.18299090309463303,0.18319381530020945,2.5100000000000002,-2.31,1.3912965189619906,2.343111454833003,1.0955090700488115,-1.8449696494748056,
1791371547.8954935,balance,0.02289942972921383,-0.016370172497780923,-0.007397479070601703,2.0565276477559156,-0.030809012337427576,-0.0005121035376120423,0.17472636352694404,-0.0352111863231351,0.0,0.04051307958355922,False,0.0,0.0,0.3801129140273251,0.41753796733323895,0.18359956601444283,0.18339668211829052,1.87,-2.4,2.660790398191276,2.9227657713326725,2.0951105497569102,-2.3013903711280883,
1791371547.9054942,balance,0.03646870033465902,-0.017982091859597985,0.006190014056578962,0.9591577076913129,-0.030790789815692103,-0.0005121035376120423,0.17487965840090783,0.11225048056703257,0.0,0.04112538242785344,False,0.0,0.0,0.3521309450110384,0.28858096849938436,0.18420761995138657,0.18319381530020945,1.46,-2.39,2.464916615077269,2.0200667794956906,1.9408792244702904,-1.5906037633824335,
1791371547.9155197,balance,0.039155423798711744,-0.0185580414390031,0.008856073309541478,-0.44417714074311615,-0.030811454026782308,-0.0005121035376120423,0.17472603572862075,0.3694861168028151,0.0,0.04413140934078231,False,0.0,0.0,0.20065960613106912,0.1071941033497275,0.18420761995138657,0.18278790339163284,1.99,-2.82,1.404617242917484,0.7503587234480925,1.105997829068885,-0.5908336405103091,
1791371547.9254992,balance,0.030452457089287302,-0.018729710206821876,0.00013241781426588737,-0.9578562544231314,-0.030832142812633457,-0.0005121035376120423,0.17457253655210475,0.6235516722528147,0.6094831154776628,7.034278387575977e-05,False,0.0,0.0,0.0,-0.09285714285714286,0.1840049739935406,0.18258491659850523,1.8900000000000001,-2.99,0.0,-0.65,0.0,0.5118110236220472,
1791371547.9354858,balance,0.016045542921133006,-0.018663969085926047,-0.014376619610626407,-1.9836823187602144,-0.030934266069371455,-0.0005121035376120423,0.17388092172767272,0.7203784421893524,0.0,0.003858194069802593,False,0.0,0.0,-0.12971390285953885,-0.25295945108535517,0.18339669919636176,0.1813658223082581,2.54,-3.89,-0.9079973200167719,-1.7707161575974861,-0.7149585196982456,1.3942646910216425,
1791371547.945507,balance,-0.004399000767901388,-0.0201340237158079,-0.03488406975925095,-1.8300381675422202,-0.030997172528961607,-0.0005121035376120423,0.17349628520621055,0.6207800888594421,0.0,0.010444230302213841,False,0.0,0.0,-0.22815710647853968,-0.29404375618811884,0.18319383237828069,0.18055221804917715,2.46,-4.09,-1.5970997453497777,-2.058306293316832,-1.2575588546061243,1.6207136167849072,
1791371547.9555163,balance,-0.02036208647717188,-0.02020848906528508,-0.05085765682857813,-1.2697799963004734,-0.031007673889018292,-0.0005121035376120423,0.17341947423519283,0.36130999886069964,0.0,0.01482608507133842,False,0.0,0.0,-0.2635572567569469,-0.25725331473017893,0.18299090309463303,0.18055221804917715,2.56,-3.84,-1.8449007972986284,-1.8007732031112524,-1.4526777931485264,1.417931655993112,
1791371547.9654937,balance,-0.024098681025696726,-0.0193353739823664,-0.054515996867963774,0.3540790040707566,-0.030929419379879093,-0.0005121035376120423,0.1738812428215059,0.06473395915860737,0.0,0.01621339231517274,False,0.0,0.0,-0.16407392439442464,-0.09285714285714286,0.18299090309463303,0.1817724031114216,2.56,-2.94,-1.1485174707609724,-0.65,-0.90434446516612,0.5118110236220472,
1791371547.9755397,balance,-0.012055681928578898,-0.01770929325165377,-0.04239402397392352,1.782538019190272,-0.03085044558295667,-0.0005121035376120423,0.17441911838911267,-0.16649192493740927,0.0,0.015073090648473581,False,0.0,0.0,0.1105632022619743,0.18358963989620972,0.18319383237828069,0.1829908860068136,2.49,-2.33,0.7739424158338202,1.285127479273468,0.609403477034504,-1.0119114010027306,
1791371547.9854925,balance,0.012243385892989816,-0.0162955095866893,-0.01803288514376607,2.8871919043954097,-0.03078837457436793,-0.0005121035376120423,0.1748799829475204,-0.23675747688570783,0.0,0.012727623651847847,False,0.0,0.0,0.3551149621643828,0.4107711790926882,0.18359956601444283,0.18380225539794318,1.86,-2.15,2.48580473515068,2.875398253648817,1.9573265631107715,-2.264093113109305,
1791371547.9955041,balance,0.040378544465599124,-0.017191448795211284,0.01011138371593688,2.42227590674846,-0.030779264287274285,-0.0005121035376120423,0.17495663203354536,-0.12029410801615628,0.0,0.011116044567368111,False,0.0,0.0,0.4782233870748683,0.5009126270177108,0.1840049739935406,0.1835995489363716,1.78,-2.35,3.347563709524078,3.5063883891239755,2.635876936633132,-2.760935739467697,
1791371548.0054946,balance,0.05402136361827362,-0.01762151492058156,0.02372443043058667,0.70862949553185,-0.030809036725298992,-0.0005121035376120423,0.1747263602528458,0.11352712418575375,0.0,0.011516119214187527,False,0.0,0.0,0.354309904485326,0.3246133429851555,0.18380227246209999,0.18319381530020945,1.8900000000000001,-2.2800000000000002,2.480169331397282,2.2722934008960882,1.9528892373206945,-1.7892074022803843,
1791371548.0155363,balance,0.05920740549568078,-0.017430894376916896,0.028919599763325442,0.11823900019236319,-0.03079990926996738,-0.0005121035376120423,0.17480300931960174,0.4596360130420608,0.0,0.015241114945708591,False,0.0,0.0,0.282499243900178,0.21817856945855166,0.1840049739935406,0.18319381530020945,2.02,-2.71,1.977494707301246,1.5272499862098616,1.5570824466938946,-1.2025590442597336,
1791371548.0255075,balance,0.050865287825612907,-0.018275247786497265,0.020481713164314255,-1.1965129924285922,-0.030895678198910693,-0.0005121035376120423,0.17411175547250946,0.7128813302330379,0.6102351978113368,0.0005132306621085053,False,0.0,0.0,0.0,-0.09285714285714286,0.18319383237828069,0.18217878140490432,2.72,-3.02,0.0,-0.65,0.0,0.5118110236220472,
1791371548.0355053,balance,0.03674827895347231,-0.017680341409791467,0.006258396970537245,-2.125971043831064,-0.031001985520547108,-0.0005121035376120423,0.17341981536157766,0.794017921190055,0.0,0.004451519758572225,False,0.0,0.0,-0.1563268296498958,-0.20242442631431415,0.18238186609667828,0.18116247362125046,3.61,-4.26,-1.0942878075492706,-1.416970984200199,-0.8616439429521815,1.1157251844096054,
1791371548.045563,balance,0.009793437940021082,-0.01752223257816456,-0.02083912894579205,-2.620236976375633,-0.031144670423425173,-0.0005121035376120423,0.1725737529152191,0.6757120711371106,0.0,0.011611324119197833,False,0.0,0.0,-0.30142904917907754,-0.377146776571676,0.18136583942689477,0.17994140399620362,3.73,-4.36,-2.110003344253543,-2.640027436001732,-1.661419956105152,2.078761760631285,
1791371548.0555441,balance,-0.012040781752647898,-0.018013914962888136,-0.04267416836149845,-1.8962204188388927,-0.031145490146462593,-0.0005121035376120423,0.17257381995532836,0.43517624528378096,0.0,0.01667838298911663,False,0.0,0.0,-0.3223845872289176,-0.3685097938004362,0.1815691881139024,0.1797377387490826,3.4,-4.36,-2.2566921106024234,-2.5795685566030535,-1.7769229217341915,2.031156343781932,
1791371548.0655262,balance,-0.02150398069629543,-0.01858383891127756,-0.05201856437740006,0.0838679594183034,-0.031026687218716674,-0.0005121035376120423,0.17326599213190633,0.14854120902501988,0.0,0.01887737960174617,False,0.0,0.0,-0.18297240590142297,-0.17920504227724204,0.18217879849987784,0.18095908120471274,2.82,-3.33,-1.2808068413099607,-1.2544352959406944,-1.0085093238661107,0.9877443275123577,
1791371548.0755832,balance,-0.010775596131047815,-0.018152515909933723,-0.041156718775649845,1.622246298757515,-0.030893226182214076,-0.0005121035376120423,0.17411183472795644,-0.09784798073144166,0.0,0.018483647341609507,False,0.0,0.0,0.09285714285714286,0.09285714285714286,0.18278792047945228,0.18258491659850523,2.27,-2.61,0.65,0.65,0.5118110236220472,-0.5118110236220472,
1791371548.0855055,balance,0.012894702932829188,-0.017385591248127368,-0.017362173157967533,2.8377295794396042,-0.03076897962840876,-0.0005121035376120423,0.17503344015783548,-0.17955205019388956,0.0,0.016751901863962988,False,0.0,0.0,0.3787033941015832,0.38075272433173335,0.1840049739935406,0.18380225539794318,1.24,-1.93,2.6509237587110825,2.6652690703221333,2.087341542292191,-2.098637063245774,
1791371548.0955071,balance,0.039584774556131054,-0.017352787479108855,0.009382338201371732,2.2462534976735267,-0.030714539892371363,-0.0005121035376120423,0.1754933372350867,-0.09702649854339399,0.0,0.015459001901099754,False,0.0,0.0,0.46402241166402836,0.47656414176956124,0.1848152533120094,0.18420760289697855,1.16,-1.68,3.2481568816481987,3.3359489923869288,2.5576038438174793,-2.626731490068448,
1791371548.105497,balance,0.05577719605840784,-0.01587172168042125,0.025574764302559116,1.1416271198983903,-0.030714535293460767,-0.0005121035376120423,0.175493335157879,0.18689945824563767,0.0,0.01643966029725105,False,0.0,0.0,0.3911774184766133,0.4132836059530021,0.1846127914071344,0.18441018862485245,1.46,-1.6300000000000001,2.738241929336293,2.8929852416710147,2.1560960073514117,-2.2779411351740273,
1791371548.115544,balance,0.06363545552876734,-0.013870556716399344,0.033423969541858646,0.5603943471408178,-0.03072358952452074,-0.0005121035376120423,0.17541668595515933,0.5525663990808499,0.0,0.02105975009074324,False,0.0,0.0,0.3524626170943769,0.3383255941439016,0.1846127914071344,0.18420760289697855,1.51,-1.9000000000000001,2.467238319660638,2.3682791590073116,1.942707338315463,-1.864786739375836,
1791371548.1255128,balance,0.06390604175932088,-0.014682245118606184,0.03362735548124082,-0.3889186365436617,-0.030790789815692103,-0.0005121035376120423,0.17487965840090783,0.8040404063989136,0.6270097113945313,0.0008851534750219114,False,0.0,0.0,0.14903470345072534,0.12503283171427523,0.18420761995138657,0.18319381530020945,2.07,-2.56,1.0432429241550774,0.8752298219999266,0.8214511213819506,-0.6891573401574225,
1791371548.135521,balance,0.055378370457462134,-0.013714191148340273,0.024984376368855248,-1.299728491690528,-0.030906097626218928,-0.0005121035376120423,0.17403494431693675,0.9206399227982122,0.7047850809105191,0.0010792742094384656,False,0.0,0.0,-0.09285714285714286,0.0,0.18299090309463303,0.18217878140490432,2.9,-3.3000000000000003,-0.65,0.0,-0.5118110236220472,-0.0,
1791371548.1455102,balance,0.03818888098118193,-0.01224945698220842,0.007698998998246863,-1.9747961407232681,-0.031001985520547108,-0.0005121035376120423,0.17341981536157766,0.9071888421169106,0.0,0.005606402308359934,False,0.0,0.0,-0.14224961591217464,-0.19469243240176523,0.18238186609667828,0.18116247362125046,3.19,-3.98,-0.9957473113852224,-1.3628470268123567,-0.7840530010907263,1.0731078951278399,
1791371548.1555223,balance,0.011794682030620113,-0.013817283362683355,-0.018811787489624015,-3.0729340454182235,-0.031118573057856168,-0.0005121035376120423,0.17272769530048623,0.6976433031534336,0.0,0.013266238263804178,False,0.0,0.0,-0.3453880411735924,-0.38372971162834757,0.1817724202195233,0.17994140399620362,3.68,-4.4,-2.417716288215147,-2.686107981398433,-1.903713612767832,2.1150456546444354,
1791371548.165504,balance,-0.013722795547317684,-0.015157925746506476,-0.04430155330107983,-1.8215670751085054,-0.031090861291374193,-0.0005121035376120423,0.17288150618152692,0.3982972257289354,0.0,0.01802978628193062,False,0.0,0.0,-0.38816684260212825,-0.39144651556643306,0.1817724202195233,0.18034862842770624,3.22,-4.05,-2.717167898214898,-2.740125608965031,-2.1395022820589746,2.1575792196575048,
1791371548.1754882,balance,-0.020079171063904052,-0.015489271447310098,-0.05058200418690933,0.3558114545449646,-0.03101493666061732,-0.0005121035376120423,0.1733428426701655,0.11148902517590856,0.0,0.01985116789409841,False,0.0,0.0,-0.1607470420763896,-0.1460732770806774,0.18238186609667828,0.18095908120471274,2.81,-3.71,-1.125229294534727,-1.0225129395647419,-0.8860073185312811,0.8051282988698755,
1791371548.185507,balance,-0.007208894405806426,-0.014552760811159226,-0.0376741184725232,1.9395198577448813,-0.03097732760432882,-0.0005121035376120423,0.1735736386968777,-0.12032163020414605,0.0,0.01916283538608341,False,0.0,0.0,0.1293001300599663,0.16556094783733263,0.18258493369347872,0.1813658223082581,2.6,-3.41,0.905100910419764,1.1589266348613285,0.7126778822202866,-0.9125406573711248,
1791371548.1955335,balance,0.019634616171005658,-0.01378350706399821,-0.010726922268065636,3.201203601162133,-0.030873641976683335,-0.0005121035376120423,0.17426541747232188,-0.16401150546387494,0.0,0.017471101487243377,False,0.0,0.0,0.4315748130678912,0.47121362665585265,0.18339669919636176,0.18238184900170476,1.97,-2.62,3.0210236914752384,3.2984953865909685,2.378758812185227,-2.5972404618826523,
1791371548.205506,balance,0.04848291485947139,-0.013099532128278085,0.01818598167178444,2.2742970439465493,-0.030809036725298992,-0.0005121035376120423,0.1747263602528458,-0.05191849370130195,0.0,0.016586845063425663,False,0.0,0.0,0.4921112134053133,0.553665631464334,0.18380227246209999,0.18319381530020945,2.02,-2.27,3.444778493837193,3.8756594202503383,2.712424010895427,-3.051700330905778,
1791371548.215508,balance,0.06602492970384892,-0.012915181326450448,0.03578623348595377,1.4709117813024604,-0.030750799755507197,-0.0005121035376120423,0.17518673843343446,0.22775570834679704,0.0,0.017981439535599407,False,0.0,0.0,0.4374665641667324,0.5198107825988695,0.18420761995138657,0.18400495692938382,1.4000000000000001,-1.7,3.0622659491671267,3.6386754781920865,2.411233030840257,-2.8650988017260524,
1791371548.2255085,balance,0.0778808007949305,-0.011352052562504385,0.0476693148080218,0.6249530146397431,-0.03072358952452074,-0.0005121035376120423,0.17541668595515933,0.583741854989045,0.0,0.022949400408295115,False,0.0,0.0,0.3978164296045484,0.44520020972243163,0.1846127914071344,0.18420760289697855,1.47,-2.11,2.7847150072318385,3.1164014680570213,2.1926889820723137,-2.453859423666946,
1791371548.23551,balance,0.07971979079830045,-0.011469553086840356,0.049490172590762084,0.14888313646971488,-0.030741721745150417,-0.0005121035376120423,0.1752633875929182,0.8428650900733814,0.6673199891227221,0.0008777255047532967,False,0.0,0.0,0.20265808204712135,0.24879298262702793,0.18441020567926045,0.18400495692938382,1.77,-1.82,1.4186065743298495,1.7415508783891955,1.1170130506534248,-1.371299904243461,
1791371548.2455347,balance,0.07629241425430318,-0.011520493541626793,0.04594369107939115,-1.158491775451682,-0.03086082671252408,-0.0005121035376120423,0.17434230715154347,0.9595838382994537,0.7277441292661427,0.0011591985451665549,False,0.0,0.0,0.0,0.09285714285714286,0.18299090309463303,0.1829908860068136,3.3000000000000003,-2.7800000000000002,0.0,0.65,0.0,-0.5118110236220472,
1791371548.255522,balance,0.06283981177086978,-0.01079007278246466,0.03240038668341638,-1.3788331887189278,-0.030951528625065443,-0.0005121035376120423,0.173727581843604,0.9810435246076121,0.8210992355145488,0.0007997214454653167,False,0.0,0.0,-0.1445546775272799,-0.09285714285714286,0.18197564376362416,0.18238184900170476,3.42,-3.25,-1.0118827426909593,-0.65,-0.7967580651109916,0.5118110236220472,
1791371548.2654974,balance,0.03933697764849121,-0.011701445492075626,0.008719935525639846,-3.1502957441697945,-0.031129145660463403,-0.0005121035376120423,0.1726505242007116,0.8158164104797474,0.0,0.009535100929876812,False,0.0,0.0,-0.3130874369203319,-0.2799805207946451,0.18095909832971635,0.18055221804917715,4.21,-4.11,-2.1916120584423235,-1.9598636455625156,-1.725678786175058,1.5431997209153665,
1791371548.275522,balance,0.009886220178796905,-0.013868684989762516,-0.020730821944054456,-2.461490585420933,-0.031129145660463403,-0.0005121035376120423,0.1726505242007116,0.5522755080109545,0.0,0.015750076498772726,False,0.0,0.0,-0.41309801997844947,-0.39397821166875385,0.18095909832971635,0.18055221804917715,3.77,-4.03,-2.8916861398491465,-2.757847481681277,-2.2769182203536587,2.171533450142738,
1791371548.2855725,balance,-0.005304803769262808,-0.01467492499080609,-0.03586889836172865,-0.5262692343428436,-0.03107619813007789,-0.0005121035376120423,0.1729583484340984,0.2940077664263825,0.0,0.01932769804163238,False,0.0,0.0,-0.23217713847907098,-0.242932782180325,0.18136583942689477,0.18095908120471274,3.31,-3.54,-1.625239969353497,-1.7005294752622748,-1.279716511301966,1.3389995868206888,
1791371548.2957466,balance,0.0005171595362444541,-0.01564943185756025,-0.029958572349934574,1.265954762543904,-0.03098783542379107,-0.0005121035376120423,0.17349691021426358,0.04287931938182482,0.0,0.02039847226296549,False,0.0,0.0,0.09285714285714286,0.0,0.18217879849987784,0.18156917099526568,2.84,-3.24,0.65,0.0,0.5118110236220472,-0.0,
1791371548.3054993,balance,0.021201417448104276,-0.01660285157997605,-0.00914730572680775,2.7505299639992606,-0.03086082671252407,-0.0005121035376120423,0.17434230715154347,-0.10906888945089965,0.0,0.019557740549867,False,0.0,0.0,0.37232835951278587,0.34651414512068857,0.18319383237828069,0.18278790339163284,1.92,-2.41,2.606298516589501,2.4255990158448197,2.052203556369686,-1.909920484917181,
1791371548.3154995,balance,0.05100606879151544,-0.016114464885896025,0.020757104892561412,2.831128739371502,-0.030761067436566068,-0.0005121035376120423,0.1751099302764223,-0.06630562537068263,0.0,0.018644775121578146,False,0.0,0.0,0.5523074283494793,0.5434766315294507,0.18441020567926045,0.1835995489363716,1.21,-2.09,3.8661519984463553,3.804336420706155,3.044214172005004,-2.9955404887450037,
1791371548.32551,balance,0.07140856680500382,-0.015492096495324095,0.04117894859746545,1.4359102682205596,-0.030741721745150413,-0.0005121035376120423,0.1752633875929182,0.16804885492904464,0.0,0.019574462426196773,False,0.0,0.0,0.4990156146075631,0.4867108633681521,0.1846127914071344,0.18380225539794318,1.32,-1.83,3.493109302252942,3.406976043577065,2.7504797655534974,-2.6826583020291848,
1791371548.3354957,balance,0.08176328354481098,-0.014772375096723666,0.051578701907787884,1.2606701375713423,-0.030696685174635138,-0.0005121035376120423,0.17564673967261,0.5393569349765526,0.0,0.024009843851402615,False,0.0,0.0,0.4972867081725807,0.4619301795476969,0.18501771391452992,0.18441018862485245,1.11,-1.8,3.4810069572080646,3.233511256833878,2.7409503600063503,-2.546071855774707,
1791371548.3455374,balance,0.08992922088933755,-0.014928446701933497,0.05970866815261036,0.15274299340932043,-0.030732656274339236,-0.0005121035376120423,0.17534003884405513,0.8187893432393261,0.6170673033168341,0.0010086101996124597,False,0.0,0.0,0.29090384601638924,0.26753167178605036,0.1848152533120094,0.18380225539794318,1.57,-1.97,2.036326922114725,1.8727217025023526,1.6034070252871848,-1.4745840177183878,
1791371548.3555007,balance,0.08997614912064333,-0.012741843069365495,0.05970778133975834,-0.2812002600991129,-0.03078047131849704,-0.0005121035376120423,0.17495646976501772,0.9674183143218354,0.7613256332483783,0.0010304634053672857,False,0.0,0.0,0.18480125903886147,0.13519723102909137,0.18420761995138657,0.18339668211829052,2.21,-2.63,1.2936088132720303,0.9463806172036395,1.01858961674963,-0.7451815883493225,
1791371548.3655353,balance,0.07995101189167343,-0.01215475407670589,0.049534923691029874,-1.4768975207446426,-0.030928191738255607,-0.0005121035376120423,0.17388128244189616,1.0093533315365295,0.7450621847028922,0.0013214557341681866,False,0.0,0.0,0.0,0.0,0.18278792047945228,0.18197562665552244,3.08,-3.27,0.0,0.0,0.0,-0.0,
1791371548.375501,balance,0.06180525100943785,-0.014233850896142172,0.031267134913265736,-2.3557427963409667,-0.031050219633784158,-0.0005121035376120423,0.173112291127255,0.9229066087890944,0.0,0.00535975306371083,False,0.0,0.0,-0.16327047684164608,-0.20692977178437652,0.1817724202195233,0.18095908120471274,3.84,-4.2,-1.1428933378915227,-1.4485084024906356,-0.8999160140878132,1.140557797236721,
1791371548.385521,balance,0.032538972682185405,-0.014473877731050952,0.0018941475482181927,-2.7999052839794167,-0.031156928671579254,-0.0005121035376120423,0.17249671350328755,0.6889605349934801,0.0,0.01291459211529178,False,0.0,0.0,-0.3236495199167689,-0.378564294036801,0.18095909832971635,0.18014503880623534,3.9,-4.18,-2.265546639417382,-2.6499500582576068,-1.78389499166723,2.0865748490217375,
1791371548.3954992,balance,0.011597124856178238,-0.016477170299831593,-0.019033802581649394,-1.448684973893506,-0.031143030975439672,-0.0005121035376120423,0.1725736188353485,0.4049559226427088,0.0,0.01772515737880216,False,0.0,0.0,-0.2749424206691138,-0.3167063175047712,0.18095909832971635,0.18034862842770624,3.8200000000000003,-3.95,-1.9245969446837965,-2.216944222533398,-1.5154306651053515,1.745625372073542,
1791371548.4054992,balance,0.010130356565960872,-0.017025104301842866,-0.020407735254217248,0.9647457355928849,-0.03105019535779016,-0.0005121035376120423,0.17311229357088564,0.10654837171839808,0.0,0.01951451414720901,False,0.0,0.0,0.0,0.0,0.1815691881139024,0.18116247362125046,3.17,-3.52,0.0,0.0,0.0,-0.0,
1791371548.415605,balance,0.029885844246821464,-0.015291182241045595,-0.0005535808406319224,2.6879329722378427,-0.03095152862506543,-0.0005121035376120423,0.17372758184360404,-0.06375025478729955,0.0,0.019158505740449683,False,0.0,0.0,0.35832154387424064,0.328296395615293,0.18258493369347872,0.1817724031114216,2.45,-3.2800000000000002,2.5082508071196843,2.298074769307051,1.9750006355273104,-1.8095076923677567,
1791371548.425546,balance,0.06061727231459086,-0.016201271322488546,0.030254508952403638,2.976636135844384,-0.030874866899799264,-0.0005121035376120423,0.17426537784028698,-0.032381159542641515,0.0,0.01861693433466588,False,0.0,0.0,0.5877620126680413,0.5616553437811138,0.18359956601444283,0.18217878140490432,1.69,-2.86,4.114334088676289,3.9315874064677967,3.239633140689991,-3.095738115328974,
1791371548.435531,balance,0.08284174527887914,-0.01723632228997825,0.05254360344157296,1.6080875733932032,-0.030810245374918218,-0.0005121035376120423,0.17472619799060563,0.19427472859176262,0.0,0.019824550246553954,False,0.0,0.0,0.5469978405052908,0.5358771135577756,0.1840049739935406,0.1829908860068136,1.86,-2.25,3.8289848835370353,3.7511397949044287,3.014948727194516,-2.9536533818145108,
1791371548.4455445,balance,0.09785639432485294,-0.016927510823426507,0.06766300429737888,1.5140858725461093,-0.030705493565086096,-0.0005121035376120423,0.17556998645217325,0.5372348125049692,0.5283114854258946,4.4616635395373084e-05,False,0.0,0.0,0.4853720917820343,0.4722090784193251,0.1848152533120094,0.18441018862485245,0.86,-1.54,3.39760464247424,3.3054635489352755,2.6752792460427086,-2.602727203886044,
1791371548.455532,balance,0.10738546092439452,-0.01716640753802026,0.07720967998309265,0.4778591521110616,-0.030687884478913914,-0.0005121035376120423,0.1757234929066629,0.8305237833743802,0.6160238187585784,0.001072499823079009,False,0.0,0.0,0.3791280889403627,0.33591727087159384,0.18522011670160538,0.18441018862485245,1.07,-1.77,2.653896622582539,2.351420896101157,2.089682379986251,-1.851512516615084,
1791371548.4654984,balance,0.11060774155718914,-0.018103407133841856,0.08038718882046193,0.12826564257052356,-0.030732656274339236,-0.0005121035376120423,0.17534003884405513,0.989630422605389,0.7269692516029497,0.0013133058550121967,False,0.0,0.0,0.2883238113993903,0.24131410140110435,0.1848152533120094,0.18380225539794318,1.58,-2.24,2.018266679795732,1.6891987098077303,1.5891863620438833,-1.3300777242580555,
1791371548.4754984,balance,0.10572275217969672,-0.01728439304419164,0.0753832111353241,-0.9067377081901522,-0.030851644581984652,-0.0005121035376120423,0.1744190795566076,1.0433233878549164,0.7452970039657858,0.001490131919445653,False,0.0,0.0,0.11926505445254339,0.09285714285714286,0.18359956601444283,0.18258491659850523,2.57,-3.1,0.8348553811678037,0.65,0.6573664418644123,-0.5118110236220472,
1791371548.4855094,balance,0.092323778229409,-0.016323390745772503,0.06181973356309903,-1.8214833519048301,-0.03101614820392202,-0.0005121035376120423,0.17334272054364566,1.0164276515296635,0.8603945517184209,0.0007801654990562129,False,0.0,0.0,0.0,-0.20798968196704554,0.18258493369347872,0.18075565688651182,3.23,-4.44,0.0,-1.4559277737693188,0.0,1.1463998218656053,
1791371548.495522,balance,0.06911122250274082,-0.01821026068417051,0.03849909387599946,-2.458918786102019,-0.03112423216435341,-0.0005121035376120423,0.17272741970864108,0.8921931875539965,0.0,0.004634387431368349,False,0.0,0.0,-0.20784395707677303,-0.301704848462272,0.18217879849987784,0.17953405578606485,3.2800000000000002,-4.76,-1.4549076995374113,-2.1119339392359042,-1.1455966138089853,1.6629401096345702,
1791371548.5055218,balance,0.04293417076533243,-0.019075912995175134,0.012267286931161855,-2.6676922601342468,-0.031178987371782617,-0.0005121035376120423,0.17241957074553613,0.6270938632598708,0.0,0.011687801511214463,False,0.0,0.0,-0.3021343354895397,-0.3691170099876474,0.1817724202195233,0.17912639467419647,3.63,-4.94,-2.114940348426778,-2.583819069913532,-1.6653073609659668,2.0345032046563243,
1791371548.5155187,balance,0.02606436352671726,-0.019666382056739068,-0.004532311993086405,-0.5613134419611222,-0.031108779057415707,-0.0005121035376120423,0.17280449057905967,0.3455078037967514,0.0,0.01581166612250362,False,0.0,0.0,-0.18356171447131908,-0.20545387964238343,0.18217879849987784,0.1797377387490826,2.85,-4.37,-1.2849320012992336,-1.438177157496684,-1.0117574813379793,1.1324229586588062,
1791371548.5255067,balance,0.03337030497765364,-0.018852952553200363,0.0028779759132470913,1.5828888343166168,-0.031004432602018593,-0.0005121035376120423,0.17341957029619873,0.1829732344180398,0.0,0.0179591722062994,False,0.0,0.0,0.10722523446505619,0.14016740950042797,0.18278792047945228,0.18075565688651182,2.45,-3.66,0.7505766412553934,0.9811718665029958,0.5910052293349554,-0.7725762728370046,
1791371548.5355086,balance,0.05513033850749728,-0.01644592012803212,0.024745537837013214,2.371651602093035,-0.03089690420809611,-0.0005121035376120423,0.17411171584517857,0.1563822088312418,0.0,0.019508258785902736,False,0.0,0.0,0.43996426371630354,0.44644436031633156,0.18339669919636176,0.18197562665552244,2.1,-3.12,3.0797498460141246,3.125110522214321,2.424999878751279,-2.4607169466254497,
1791371548.5454905,balance,0.0735958543231887,-0.016768354428113107,0.04325631327881609,1.140746849771621,-0.030851644581984652,-0.0005121035376120423,0.1744190795566076,0.24033064493228654,0.0,0.021600559255004932,False,0.0,0.0,0.43513210456991835,0.4564052445103543,0.18359956601444283,0.18258491659850523,1.97,-2.58,3.0459247319894285,3.19483671157248,2.3983659307003373,-2.5156194579310864,
1791371548.5554986,balance,0.08270122409395567,-0.015970537393200965,0.052462527876060525,0.8555528064483818,-0.030750799755507187,-0.0005121035376120423,0.17518673843343446,0.5061636770276687,0.0,0.02586361870842567,False,0.0,0.0,0.38695710970236663,0.41033293259440357,0.18441020567926045,0.18380225539794318,1.23,-1.8900000000000001,2.7086997679165665,2.872330528160825,2.1328344629264304,-2.261677581228996,
1791371548.5654993,balance,0.08561277264509927,-0.012670670637488146,0.05539221990837208,-0.19377059842925698,-0.030732656274339236,-0.0005121035376120423,0.17534003884405513,0.7690303792195949,0.6702008554642747,0.0004941476187766014,False,0.0,0.0,0.24011275933697676,0.23085231557046104,0.1848152533120094,0.18380225539794318,1.4000000000000001,-1.9100000000000001,1.6807893153588374,1.6159662089932274,1.3234561538258562,-1.2724143377899428,
1791371548.5754995,balance,0.08158392376264789,-0.012740822235599586,0.05134522754475275,-0.6261388250106341,-0.030750799755507187,-0.0005121035376120423,0.17518673843343446,0.9293243377509858,0.7070080830535016,0.0011115812734874208,False,0.0,0.0,0.09285714285714286,0.09285714285714286,0.18441020567926045,0.18380225539794318,1.8900000000000001,-2.08,0.65,0.65,0.5118110236220472,-0.5118110236220472,
1791371548.5855021,balance,0.0694620104222339,-0.013504472991266664,0.039154756977866446,-1.6450843376865163,-0.030819356981979504,-0.0005121035376120423,0.17464955221440248,0.9804911900215671,0.7844530092612438,0.0009801909038016166,False,0.0,0.0,-0.16384574207885758,-0.11853058293292523,0.18339669919636176,0.18339668211829052,2.75,-2.41,-1.1469201945520031,-0.8297140805304766,-0.903086767363782,0.6533181736460445,
1791371548.5955129,balance,0.04908584367162665,-0.010684725245753542,0.01866978049090478,-2.4706173374526483,-0.03092816671833391,-0.0005121035376120423,0.1738812832493815,0.884019313164754,0.0,0.004477048246781433,False,0.0,0.0,-0.25786639511881604,-0.25555151116869196,0.18238186609667828,0.18238184900170476,3.2600000000000002,-3.27,-1.8050647658317123,-1.7888605781808438,-1.4213108392375686,1.4085516363628692,
1791371548.6054988,balance,0.021389194803479544,-0.011861598637396513,-0.009099476184723107,-2.575136199062009,-0.031000774525814692,-0.0005121035376120423,0.1734199374910718,0.6252724278388223,0.0,0.011470270470924561,False,0.0,0.0,-0.3627661595637957,-0.36573796252683766,0.18217879849987784,0.1813658223082581,3.0,-3.49,-2.53936311694657,-2.5601657376878637,-1.9994985172807638,2.015878533612491,
1791371548.6155276,balance,0.0068640125342322965,-0.012347757717282429,-0.023600001628301552,-0.41957968367592335,-0.03097611770014589,-0.0005121035376120423,0.17357376083155007,0.3440270767658314,0.0,0.015623605765863543,False,0.0,0.0,-0.20097345009900688,-0.18412866254785853,0.18238186609667828,0.18156917099526568,2.79,-3.23,-1.4068141506930483,-1.2889006378350096,-1.1077276777110616,1.0148823919960706,
1791371548.6255043,balance,0.013436331378502435,-0.012580073587134578,-0.016979731802219424,1.4254186631787202,-0.0309281667183339,-0.0005121035376120423,0.1738812832493815,0.08928814772594558,0.0,0.017147804778055394,False,0.0,0.0,0.15498675110740362,0.13890403573840826,0.18258493369347872,0.18217878140490432,2.86,-2.81,1.0849072577518253,0.9723282501688578,0.8542576832691537,-0.7656127954085494,
1791371548.6355033,balance,0.0352584712226401,-0.015338662787709524,0.004909748047728074,2.8406614413256164,-0.03086082671252407,-0.0005121035376120423,0.17434230715154347,-0.04507509161279405,0.0,0.016889073782612993,False,0.0,0.0,0.43689757684002234,0.3915709215817135,0.18319383237828069,0.18278790339163284,1.92,-2.5100000000000002,3.058283037880156,2.740996451071995,2.4080968802205955,-2.1582649221039327,
1791371548.6454952,balance,0.06798493890745731,-0.015411808088583244,0.03771657112657232,3.222085023451597,-0.03078047131849704,-0.0005121035376120423,0.17495646976501772,0.05742818746162291,0.0,0.017024126036427296,False,0.0,0.0,0.6788035881350363,0.6377050551622372,0.18420761995138657,0.18339668211829052,1.4000000000000001,-2.38,4.751625116945254,4.4639353861356605,3.741437099956893,-3.514909752862725,
1791371548.655505,balance,0.09078034335342067,-0.012647951177293325,0.060511975572535674,1.708354269629793,-0.03078047131849704,-0.0005121035376120423,0.17495646976501772,0.3425759060847775,0.0,0.019575488043721098,False,0.0,0.0,0.6149893978564605,0.608350082393893,0.18420761995138657,0.18339668211829052,1.76,-2.0,4.304925784995223,4.258450576757251,3.389705342515924,-3.35311069036004,
1791371548.6655138,balance,0.1077601997044414,-0.01225829447623402,0.0775487091167198,1.6385073470047795,-0.03072359412533364,-0.0005121035376120423,0.1754166880323744,0.6986745428660022,0.631343445397864,0.00033665548734069075,False,0.0,0.0,0.5548932681452647,0.5437958622144725,0.1848152533120094,0.18400495692938382,1.09,-1.98,3.884252877016853,3.8065710355013076,3.0584668322967348,-2.9973000279537856,
1791371548.6755152,balance,0.11800821656817496,-0.012941020933422278,0.08775804671154523,0.554906880357221,-0.030762273394241774,-0.0005121035376120423,0.1751097680040518,0.9268000803134788,0.6752983866348433,0.0012575084683931776,False,0.0,0.0,0.420318092919947,0.39340075241622413,0.1846127914071344,0.18339668211829052,1.56,-2.36,2.942226650439629,2.753805266913569,2.3167138979839597,-2.168350603868952,
1791371548.6855402,balance,0.1213995461674303,-0.011075455247865077,0.09110019567826004,0.10999624557402227,-0.030811454026782308,-0.0005121035376120423,0.17472603572862075,1.038583065527029,0.7864204137197089,0.0012608132590366,False,0.0,0.0,0.3085313448156486,0.26588330967340373,0.18420761995138657,0.18278790339163284,2.0,-2.89,2.1597194137095403,1.8611831677138262,1.700566467487827,-1.4654985572549812,
1791371548.6955013,balance,0.11438249726487786,-0.010410989227836256,0.0839394248538551,-1.2815414852366258,-0.030955175948634797,-0.0005121035376120423,0.17372729957567268,1.051914272767481,0.8365868527018733,0.001076637100328039,False,0.0,0.0,0.09285714285714286,0.0,0.18299090309463303,0.1813658223082581,3.1,-3.64,0.65,0.0,0.5118110236220472,-0.0,
1791371548.7055304,balance,0.09721135880871831,-0.012702239323827054,0.06664643845526069,-2.184733560109558,-0.03107702389106966,-0.0005121035376120423,0.17295841167176695,0.9939219702972917,0.932451113734704,0.0003073542828129383,False,0.0,0.0,-0.1984524791840602,-0.21639466065050522,0.1817724202195233,0.18055221804917715,3.97,-4.22,-1.3891673542884213,-1.5147626245535366,-1.0938325624318277,1.1927264760264067,
1791371548.715512,balance,0.06956434110002593,-0.01441327118827572,0.03890560587219389,-2.949918108627107,-0.031170838765444086,-0.0005121035376120423,0.17241980820457337,0.8081133810219282,0.0,0.008963426756428586,False,0.0,0.0,-0.2672807026742856,-0.3414826436463452,0.18095909832971635,0.17994140399620362,4.08,-4.32,-1.8709649187199993,-2.390378505524416,-1.4732007234015743,1.8821877996255245,
1791371548.7255,balance,0.04454624390530816,-0.015120036523955676,0.013914496743169344,-1.9402366113423093,-0.03114385069975086,-0.0005121035376120423,0.1725736858752258,0.5517945461297334,0.0,0.015158456196060648,False,0.0,0.0,-0.2654998604772892,-0.3274664347850016,0.18116249073988716,0.18014503880623534,3.6,-4.12,-1.8584990233410243,-2.292265043495011,-1.463385057748838,1.804933105114182,
1791371548.7355,balance,0.037637461250760035,-0.015097676373139761,0.007125301742441995,0.35303808747198273,-0.031024263045930082,-0.0005121035376120423,0.17326623638077399,0.3125091614657872,0.0,0.018874287637510947,False,0.0,0.0,0.0,-0.09285714285714286,0.1817724202195233,0.1813658223082581,2.95,-3.45,0.0,-0.65,0.0,0.5118110236220472,
1791371548.7454915,balance,0.050452642694216156,-0.01396195074603351,0.020048219976912886,1.8913712377210168,-0.03091652625491531,-0.0005121035376120423,0.17395813318027475,0.15099918151939062,0.0,0.020705349767130156,False,0.0,0.0,0.30631013225062576,0.2601400280052931,0.18278792047945228,0.18217878140490432,2.07,-2.82,2.14417092575438,1.820980196037052,1.688323563586126,-1.4338426740449228,
1791371548.7555313,balance,0.07460046798483862,-0.014364799737591126,0.04433878554518651,2.5544812290307215,-0.03077378597726415,-0.0005121035376120423,0.1750327964144091,0.0958114796270268,0.0,0.021804802115106277,False,0.0,0.0,0.5638877775958223,0.49060507942792614,0.1848152533120094,0.1829908860068136,0.54,-2.35,3.9472144431707563,3.434235555995483,3.1080428686383907,-2.7041224850358137,
1791371548.7655,balance,0.09392043519054775,-0.015342453732953275,0.06375321740954319,1.4873037524800639,-0.030679321318616594,-0.0005121035376120423,0.17580035014260723,0.18335679252625678,0.0,0.023259381764961347,False,0.0,0.0,0.5138586109013255,0.5001563834621069,0.18562480481305557,0.18420760289697855,0.7000000000000001,-1.3900000000000001,3.597010276309278,3.501094684234748,2.832291556149038,-2.7567674679013763,
1791371548.7754874,balance,0.10531673615320396,-0.013229904667212022,0.07520279947648938,0.9271476048668872,-0.030626040214326612,-0.0005121035376120423,0.17626056002086532,0.18335679252625678,0.1702705544021153,6.543119062070737e-05,False,0.0,0.0,0.4138440323587367,0.3810690897556387,0.18562480481305557,0.18542244446089073,0.68,-0.71,2.8969082265111568,2.667483628289471,2.281030099615084,-2.1003808096767487,
1791371548.78555,balance,0.11164050295293788,-0.013302057426608857,0.0815669524805804,0.6800016552891559,-0.03058565400996952,-0.0005121035376120423,0.17664398199940967,0.18335679252625678,0.12006690110585026,0.0003164494571020326,False,0.0,0.0,0.3652950388335922,0.2744794539837895,0.18623130413480038,0.18582696731162412,0.21,-0.78,2.5570652718351456,1.9213561778865262,2.0134372219174375,-1.5128788802256112,
1791371548.7955017,balance,0.11504774296261391,-0.017069838339504362,0.08493218545258872,-0.16728469976798221,-0.03062766104763722,-0.0005121035376120423,0.17626038759045742,0.6315356615976809,0.4398597025039764,0.0009583797954685227,False,0.0,0.0,0.27366910304770664,0.15311826318450167,0.18602916385061638,0.18501769687065542,0.76,-1.54,1.9156837213339464,1.0718278422915117,1.5084123790031074,-0.8439589309381982,
1791371548.8055315,balance,0.10796095018081482,-0.016524991597854203,0.07774922926612284,-0.9483011565667849,-0.030723824452304024,-0.0005121035376120423,0.1754167920224657,0.8571565638072753,0.587819311435183,0.0013466862618604619,False,0.0,0.0,0.1383511436026855,0.0,0.18501771391452992,0.18380225539794318,1.6300000000000001,-2.25,0.9684580052187984,0.0,0.7625653584399987,-0.0,
1791371548.8154914,balance,0.09536223192481333,-0.016453335810769205,0.06503060540476628,-1.7343605748075404,-0.030843730057659093,-0.0005121035376120423,0.17449568564271867,0.9334752911871284,0.7057210150148316,0.0011387713808614836,False,0.0,0.0,0.0,-0.1987312704772669,0.1840049739935406,0.18238184900170476,2.48,-3.31,0.0,-1.3911188933408685,0.0,1.0953692073550145,
1791371548.825507,balance,0.07341995112393465,-0.018544643801825432,0.04292885814456151,-2.336539490700671,-0.031003196516985188,-0.0005121035376120423,0.17341969323233786,0.8652390518494222,0.8621979062208966,1.5205728142627662e-05,False,0.0,0.0,-0.23021310826325517,-0.402070427537365,0.18258493369347872,0.18095908120471274,3.21,-3.89,-1.611491757842786,-2.814492992761555,-1.2688911479077056,2.2161362147728783,
1791371548.8355362,balance,0.05391398088271143,-0.017006819159635082,0.023321373412169145,-2.5102764727636755,-0.031104711008154328,-0.0005121035376120423,0.17280460072441858,0.6381080911945306,0.0,0.00710206500008475,False,0.0,0.0,-0.2481918803619947,-0.39582480261194625,0.1817724202195233,0.18014503880623534,3.58,-4.34,-1.7373431625339628,-2.7707736182836236,-1.3679867421527265,2.181711510459546,
1791371548.8455036,balance,0.030597409924772723,-0.014870029516884984,5.6454183334089065e-06,-1.093694467581679,-0.031103868044051356,-0.0005121035376120423,0.17280453613348312,0.3542799591311661,0.0,0.011359527966080158,False,0.0,0.0,-0.20882651185260373,-0.2681747321058816,0.1815691881139024,0.18034862842770624,3.52,-4.01,-1.461785582968226,-1.8772231247411713,-1.1510122700537213,1.4781284446780876,
1791371548.855501,balance,0.029198699999879594,-0.015191037542601465,-0.001339391820298525,0.5039966749496753,-0.03105019535779016,-0.0005121035376120423,0.17311229357088564,0.07998077759090726,0.0,0.0128497942842473,False,0.0,0.0,0.0,0.0,0.1815691881139024,0.18116247362125046,3.49,-3.5,0.0,0.0,0.0,-0.0,
1791371548.8655388,balance,0.04364701322157802,-0.013745518643558295,0.01323095004085615,2.246820318350663,-0.03092816671833391,-0.0005121035376120423,0.1738812832493815,-0.07211167842939983,0.0,0.012359601625544801,False,0.0,0.0,0.2854558450119302,0.22071609796846953,0.18238186609667828,0.18238184900170476,2.29,-2.69,1.9981909150835115,1.5450126857792867,1.5733786732941035,-1.2165454218734542,
1791371548.875514,balance,0.06874361745177757,-0.013718272780333834,0.03845460360825484,2.2406789606100945,-0.030801117381134772,-0.0005121035376120423,0.17480284705543397,-0.05210028968506413,0.0,0.011690314301275194,False,0.0,0.0,0.5303359425466923,0.4001277462972006,0.18420761995138657,0.1829908860068136,1.0,-2.36,3.7123515978268458,2.8008942240804044,2.923111494351847,-2.2054285228979564,
1791371548.8855267,balance,0.08509018865035908,-0.013285760635404301,0.05489656848630292,1.2420110445300936,-0.030705723701668207,-0.0005121035376120423,0.1755700904415332,0.13637218393485204,0.0,0.012408007669773359,False,0.0,0.0,0.48345274180885756,0.3748431933198618,0.18501771391452992,0.18420760289697855,1.01,-1.48,3.384169192662003,2.623902353239033,2.6647001517023643,-2.0660648450701045,
1791371548.8955266,balance,0.09336608819229374,-0.01067580379189858,0.06321711802434105,0.5303581374561227,-0.030661073705564725,-0.0005121035376120423,0.17595354678361153,0.5057083225359994,0.0,0.016684953900246588,False,0.0,0.0,0.4253757216171477,0.3209822804774945,0.18501771391452992,0.18522009966748007,1.19,-1.1300000000000001,2.977630051320034,2.2468759633424615,2.344590591590578,-1.769193671923198,
1791371548.9055338,balance,0.0942247270134619,-0.010552755056446856,0.06406697936176511,-0.24584232017422947,-0.03066985118930883,-0.0005121035376120423,0.1758767935081148,0.768360704408674,0.5488776899156972,0.001097415072464884,False,0.0,0.0,0.2547409144001133,0.12837583103792374,0.18501771391452992,0.18501769687065542,1.17,-1.36,1.7831864008007932,0.8986308172654662,1.4040837801581048,-0.7075833206814695,
1791371548.9155266,balance,0.08974786235558958,-0.010569792949267584,0.05957231136052273,-0.6059799070000506,-0.0306876545326789,-0.0005121035376120423,0.17572338891802372,0.9343425011883811,0.664109759214113,0.0013511637098713408,False,0.0,0.0,0.15293885825303669,0.0,0.18501771391452992,0.18461277435272638,1.36,-1.69,1.0705720077712568,0.0,0.8429700848592573,-0.0,
1791371548.9255228,balance,0.07892425768627594,-0.009888932010882874,0.0486661993462747,-1.487352915582832,-0.030770161877613285,-0.0005121035376120423,0.17503328114773908,0.9906817501213432,0.730100253215482,0.001302907484529306,False,0.0,0.0,0.0,-0.09465184324607216,0.18420761995138657,0.1835995489363716,2.18,-2.18,0.0,-0.6625629027225052,0.0,0.5217030730098466,
1791371548.9355283,balance,0.06085869519137756,-0.01052779213721687,0.03052035314603293,-2.112331088330878,-0.03085044558295667,-0.0005121035376120423,0.17441911838911267,0.927001684086889,0.0,0.005580285808077502,False,0.0,0.0,-0.12201942249827386,-0.21919711317717339,0.18319383237828069,0.1829908860068136,2.87,-2.81,-0.854135957487917,-1.5343797922402138,-0.672547998021982,1.2081730647560738,
1791371548.9455338,balance,0.034593737482112634,-0.010625953877211337,0.004130909113536735,-2.8847859697785463,-0.03097493190618794,-0.0005121035376120423,0.17357388053281125,0.7087400386024145,0.0,0.01332209064271035,False,0.0,0.0,-0.28435703208311136,-0.36897596619207446,0.18197564376362416,0.18197562665552244,3.58,-3.19,-1.9904992245817796,-2.582831763344521,-1.5673222240801414,2.0337257979090717,
1791371548.9555285,balance,0.009474422861825036,-0.010364696190240488,-0.021011850272248316,-2.0115880004411246,-0.030998376671685392,-0.0005121035376120423,0.1734201793172558,0.38164711637878895,0.0,0.018020505551601458,False,0.0,0.0,-0.34183392438318605,-0.4100983849662948,0.1817724202195233,0.1817724031114216,3.45,-3.0500000000000003,-2.392837470682302,-2.8706886947640635,-1.88412399266323,2.2603847990268218,
1791371548.9655125,balance,-0.0015513834310784686,-0.009653439044896999,-0.03197914732787172,-0.2887981794872961,-0.030939867434405296,-0.0005121035376120423,0.17380443173053606,0.042502581880491365,0.0,0.019291163327908208,False,0.0,0.0,-0.21428996422881663,-0.24277305840022606,0.1817724202195233,0.18278790339163284,3.36,-2.57,-1.5000297496017163,-1.6994114088015824,-1.1811257870879657,1.338119219528805,
1791371548.9755337,balance,0.0035178997696623366,-0.00836679091264295,-0.026887749940961724,1.0791199185039593,-0.0309177532482361,-0.0005121035376120423,0.17395809356072983,-0.2492788892251501,0.0,0.017491081998573004,False,0.0,0.0,0.0,0.0,0.18197564376362416,0.1829908860068136,2.95,-2.49,0.0,0.0,0.0,-0.0,
1791371548.9855018,balance,0.021844557477678016,-0.00768948774493577,-0.008473049714445291,2.356400197392086,-0.03082971072973535,-0.0005121035376120423,0.17457274092056693,-0.3928001054307317,0.0,-0.0020347107928545293,False,0.0,0.0,0.32704434417127054,0.23825922117980242,0.18339669919636176,0.18319381530020945,1.62,-2.38,2.289310409198894,1.6678145482586169,1.8026066214164518,-1.3132398017784384,
1791371548.995506,balance,0.04691929253260064,-0.008797693499988235,0.016689674325062267,2.490221996381656,-0.030741721745150413,-0.0005121035376120423,0.1752633875929182,-0.4220705159238689,0.0,-0.006117269788941438,False,0.0,0.0,0.4391170292239949,0.35084783621278937,0.1846127914071344,0.18380225539794318,0.98,-1.77,3.0738192045679646,2.4559348534895253,2.42033008233698,-1.9338069712515946,
1791371549.0055096,balance,0.06733522400479251,-0.008863126796085266,0.03717747635309573,1.6455196215153305,-0.03066985118930883,-0.0005121035376120423,0.1758767935081148,-0.09817539130865674,0.0,-0.008248125844666703,False,0.0,0.0,0.411130166507463,0.3813530243555006,0.18501771391452992,0.18501769687065542,1.11,-0.91,2.877911165552241,2.6694711704885044,2.2660717838994024,-2.1019458035342553,
1791371549.0155132,balance,0.08051044207719604,-0.008003778422856198,0.050379003923622746,0.8907153705047793,-0.030643541691185345,-0.0005121035376120423,0.17610705337522042,0.36722482144628277,0.0,-0.005727230299713785,False,0.0,0.0,0.3984881426807131,0.37504923956478253,0.18501771391452992,0.1856247877928437,1.17,-0.9400000000000001,2.7894169987649917,2.625344676953478,2.1963913376102298,-2.0672005330342347,
1791371549.025501,balance,0.0850866435725665,-0.009106288148108477,0.054946443233986064,0.22662336164571886,-0.03065230387619248,-0.0005121035376120423,0.1760303000726526,0.6046327126532879,0.4434353073147492,0.0008059870266926933,False,0.0,0.0,0.29080745090646437,0.24799645878662366,0.18522011670160538,0.18522009966748007,0.88,-1.1500000000000001,2.0356521563452508,1.7359752115063656,1.6028757136576777,-1.366909615359343,
1791371549.035541,balance,0.08441767451913959,-0.011809338826752544,0.05424212352407274,-0.3739826344461333,-0.0306876545326789,-0.0005121035376120423,0.17572338891802372,0.8370543939248297,0.6437865704597843,0.0009663391173252273,False,0.0,0.0,0.15255632297218896,0.11614283395445434,0.18501771391452992,0.18461277435272638,1.5,-1.6400000000000001,1.0678942608053228,0.8129998376811803,0.8408616226813566,-0.6401573525048664,
1791371549.045498,balance,0.07621496036657911,-0.012409382436794557,0.04593868922816576,-1.1699372266949433,-0.0307883746760254,-0.0005121035376120423,0.1748799829338602,0.9535898431010073,0.6505455572749445,0.001515221429130314,False,0.0,0.0,0.0,-0.09285714285714286,0.18380227246209999,0.1835995489363716,2.58,-2.35,0.0,-0.65,0.0,0.5118110236220472,
1791371549.055498,balance,0.06208568434365135,-0.013364726850037941,0.03170333569098003,-1.721126138298686,-0.030894452190283365,-0.0005121035376120423,0.17411179510010205,0.9635746850178091,0.9338049379113083,0.0001488487355325041,False,0.0,0.0,-0.19388256083883165,-0.15099043860306832,0.18299090309463303,0.18238184900170476,3.0,-3.3200000000000003,-1.3571779258718215,-1.0569330702214783,-1.0686440361195444,0.8322307639539199,
1791371549.0655336,balance,0.03970713794208325,-0.014558558405897233,0.009192554260978616,-2.5454735890375306,-0.031026687218716674,-0.0005121035376120423,0.17326599213190633,0.8029320663391388,0.0,0.00872815343474998,False,0.0,0.0,-0.2667357888570192,-0.2516964134966579,0.18217879849987784,0.18095908120471274,3.45,-3.98,-1.8671505219991344,-1.7618748944766052,-1.4701972614166412,1.3873030665170119,
1791371549.075499,balance,0.012583366514075241,-0.015508581045422359,-0.018022259671927467,-2.694786375602736,-0.031117729723614748,-0.0005121035376120423,0.17272763070753155,0.47588771071103364,0.0,0.014425535485156302,False,0.0,0.0,-0.41346163175896733,-0.38808950311261176,0.1815691881139024,0.18014503880623534,3.63,-4.3,-2.8942314223127714,-2.716626521788282,-2.2789223797738356,2.139076001408096,
1791371549.0854938,balance,-0.004803378214797931,-0.014628631053809429,-0.035342707492703934,-0.6571399424016796,-0.03105143281551805,-0.0005121035376120423,0.17311216900814524,0.12356498768245644,0.0,0.016521388680846332,False,0.0,0.0,-0.3269198127075162,-0.2831855725198501,0.18197564376362416,0.18075565688651182,2.99,-3.5700000000000003,-2.2884386889526134,-1.9822990076389506,-1.8019202275217427,1.5608653603456304,
1791371549.095495,balance,0.0009882478448560565,-0.013443835587796674,-0.029451177242597326,1.3785570301535,-0.030951528625065425,-0.0005121035376120423,0.17372758184360407,-0.18333003178818263,0.0,0.015450908953613056,False,0.0,0.0,0.0,0.0,0.18238186609667828,0.18197562665552244,2.96,-2.9,0.0,0.0,0.0,-0.0,
1791371549.1055388,balance,0.022660804447323615,-0.01568179724699561,-0.007677537598021022,2.807933234132152,-0.03085044558295668,-0.0005121035376120423,0.17441911838911267,-0.3566797196278956,0.0,0.012160656289902582,False,0.0,0.0,0.29973985929616986,0.331312064918205,0.18299090309463303,0.18319381530020945,2.24,-2.11,2.098179015073189,2.3191844544274347,1.6521094606875504,-1.8261294916751454,
1791371549.1155117,balance,0.05416221560940991,-0.016811790793982696,0.02391443343390833,2.942789229855799,-0.03075988571311362,-0.0005121035376120423,0.17511008928840055,-0.32498991391232984,0.0,0.008712147163359473,False,0.0,0.0,0.49685653460299584,0.5279175773602397,0.18420761995138657,0.18380225539794318,1.3,-2.0300000000000002,3.477995742220971,3.695423041521678,2.7385793245834416,-2.909781922458014,
1791371549.1255395,balance,0.07578858533768099,-0.015221955823298742,0.045594965173624824,1.558651187483913,-0.030705723701668207,-0.0005121035376120423,0.1755700904415332,-0.13286503991785412,0.0,0.006759257171229097,False,0.0,0.0,0.42868990393689543,0.45863754901442355,0.18501771391452992,0.18420760289697855,0.99,-1.62,3.000829327558268,3.2104628431009647,2.362857738234857,-2.5279234985046966,
1791371549.1355038,balance,0.08973594061133457,-0.013512914230166815,0.05960450245776127,1.2235556875394182,-0.03064354169118534,-0.0005121035376120423,0.17610705337522042,0.22566328260792234,0.0,0.007942710766881963,False,0.0,0.0,0.4130933736647786,0.41846071230231574,0.18562480481305557,0.18501769687065542,0.61,-1.2,2.8916536156534502,2.92922498611621,2.2768926107507483,-2.306476367020638,
1791371549.1455224,balance,0.09452654444992632,-0.014889189426019649,0.06437757428197363,0.012436468546617814,-0.030661073705564725,-0.0005121035376120423,0.1759535467836115,0.6098368270412691,0.49444062755457874,0.0005769809974334516,False,0.0,0.0,0.2517149597309105,0.28155008878182247,0.18522011670160538,0.18501769687065542,1.21,-1.19,1.7620047181163736,1.9708506214727572,1.3874052898554123,-1.551850883049415,
1791371549.155532,balance,0.09511740350164535,-0.013281955591391444,0.0649240134741713,-0.2059660440544143,-0.030705493565086096,-0.0005121035376120423,0.17556998645217325,0.854302401539301,0.6682392085017754,0.0009303159651876281,False,0.0,0.0,0.14588793697448513,0.1823976121573794,0.1848152533120094,0.18441018862485245,1.59,-2.04,1.0212155588213958,1.2767832851016558,0.8041067392294455,-1.0053411693713825,
1791371549.1654959,balance,0.08457098734056494,-0.00919590260386522,0.05423144629619233,-1.375903518817175,-0.030851644581984652,-0.0005121035376120423,0.1744190795566076,0.9538650082508152,0.6745793402495188,0.001396428340006482,False,0.0,0.0,-0.09285714285714286,-0.09285714285714286,0.18359956601444283,0.18258491659850523,2.5,-2.91,-0.65,-0.65,-0.5118110236220472,0.5118110236220472,
1791371549.17548,balance,0.06952637090737572,-0.01148666228246954,0.03907282968307711,-2.0507406939174935,-0.030965644761910653,-0.0005121035376120423,0.1736504885281945,0.9470210157443941,0.0,0.006096133080640442,False,0.0,0.0,-0.10803121637768008,-0.09285714285714286,0.18278792047945228,0.1813658223082581,3.2600000000000002,-3.84,-0.7562185146437606,-0.65,-0.5954476493257957,0.5118110236220472,
1791371549.1854959,balance,0.04379525670270627,-0.012097368765405866,0.013244169279886052,-2.633256495079767,-0.031063190960432262,-0.0005121035376120423,0.17303532098786742,0.7803070306684315,0.0,0.01440023996899724,False,0.0,0.0,-0.30277889190421514,-0.24007242260214384,0.1815691881139024,0.18095908120471274,3.8000000000000003,-3.72,-2.1194522433295058,-1.680506958215007,-1.668860034117721,1.323233825366147,
1791371549.1955018,balance,0.01910245114822809,-0.00993284398980216,-0.011488494713462704,-2.6357130207238146,-0.031103049399302835,-0.0005121035376120423,0.17280446909926184,0.5019965931800716,0.0,0.02024722022882658,False,0.0,0.0,-0.3894686173715727,-0.35314564008537985,0.18136583942689477,0.18055221804917715,3.84,-4.29,-2.726280321601009,-2.472019480597659,-2.1466774185834714,1.9464720319666606,
1791371549.2055044,balance,-0.0025377784860919042,-0.010445286334408353,-0.033075870306270024,-1.273169985904066,-0.03105019535779016,-0.0005121035376120423,0.17311229357088564,0.17803977424208411,0.0,0.022833958208448715,False,0.0,0.0,-0.369998187799256,-0.34819011417711454,0.1815691881139024,0.18116247362125046,3.22,-3.38,-2.589987314594792,-2.4373307992398017,-2.0393600902321194,1.919158109637639,
1791371549.215505,balance,-0.002099595987517882,-0.009658302733512062,-0.03253902107497126,0.9081917764991958,-0.030951528625065425,-0.0005121035376120423,0.17372758184360407,-0.11639483143323479,0.0,0.022404231197294153,False,0.0,0.0,-0.09285714285714286,-0.09285714285714286,0.18217879849987784,0.18217878140490432,2.64,-2.93,-0.65,-0.65,-0.5118110236220472,0.5118110236220472,
1791371549.2255049,balance,0.015776119985249155,-0.010078553363727588,-0.014531133459118311,2.3613575946065897,-0.030819356981979507,-0.0005121035376120423,0.17464955221440248,-0.34996166483602725,0.0,0.01944439724274073,False,0.0,0.0,0.22461887002172015,0.229474550828854,0.18359956601444283,0.18319381530020945,1.62,-2.18,1.572332090152041,1.606321855801978,1.2380567638992448,-1.2648203588991953,
1791371549.2355347,balance,0.042154050542342086,-0.010362222477754228,0.011960660514868032,2.7835219704504235,-0.030705493565086096,-0.0005121035376120423,0.17556998645217325,-0.446459191430612,0.0,0.01508731393295757,False,0.0,0.0,0.3950286863903959,0.42228560945867066,0.1848152533120094,0.18441018862485245,0.9500000000000001,-1.18,2.765200804732771,2.9559992662106946,2.1773234682935207,-2.3275584773312556,
1791371549.2455127,balance,0.06827495073847085,-0.009699573278296318,0.03816972120250315,2.1353020601663966,-0.030617333073579753,-0.0005121035376120423,0.1763373099398648,-0.4193945652282212,0.0,0.010893368280675358,False,0.0,0.0,0.4105378011414005,0.45324177273394484,0.18542246149501598,0.18582696731162412,0.93,-0.62,2.8737646079898034,3.172692409137614,2.262806777944727,-2.498182999320956,
1791371549.255521,balance,0.08232907007846002,-0.009955287100916872,0.05223098514853438,1.0894106577183194,-0.030610188467537682,-0.0005121035376120423,0.17641389429923254,-0.2592427596269804,0.0,0.008300940684405553,False,0.0,0.0,0.3148585295942356,0.33078323711474666,0.18542246149501598,0.18602914683040456,0.93,-0.51,2.204009707159649,2.3154826598032265,1.7354407142989363,-1.823214692758446,
1791371549.2655075,balance,0.09021741743390507,-0.010149184466220334,0.060103480757190506,0.3067646894366294,-0.030626040214326612,-0.0005121035376120423,0.17626056002086532,0.04385759972316742,0.0,0.007224014884886488,False,0.0,0.0,0.24239231451093726,0.2191141726442226,0.18562480481305557,0.18542244446089073,0.92,-1.24,1.6967462015765609,1.5337992085095582,1.3360206311626464,-1.2077159122122505,
1791371549.2754943,balance,0.0892118247835348,-0.010579534760071976,0.059027243146511706,-0.24867551534500695,-0.030696685174635138,-0.0005121035376120423,0.17564673967261,0.5236630091371061,0.42145605745234904,0.0005110347584237851,False,0.0,0.0,0.13686235158928023,0.09390935900165484,0.18501771391452992,0.18441018862485245,1.42,-1.74,0.9580364611249617,0.6573655130115839,0.7543594182086312,-0.5176106401666014,
1791371549.285499,balance,0.08164154815030747,-0.012044056047052968,0.05134461496262052,-1.3294754684610692,-0.030809036725298992,-0.0005121035376120423,0.1747263602528458,0.7760650796716796,0.5867165857673169,0.0009467424695218136,False,0.0,0.0,0.0,-0.09729803663303876,0.18380227246209999,0.18319381530020945,2.72,-2.65,0.0,-0.6810862564312714,0.0,0.5362883908907649,
1791371549.2955012,balance,0.06567854003148846,-0.01228339549330779,0.035262476850766604,-1.719689702595209,-0.0309281667183339,-0.0005121035376120423,0.1738812832493815,0.8721791641145336,0.7964337406147718,0.00037872711749880884,False,0.0,0.0,-0.19345385249511557,-0.21681153998203762,0.18258493369347872,0.18217878140490432,3.18,-3.19,-1.354176967465809,-1.5176807798742633,-1.0662810767447315,1.1950242361214671,
1791371549.3055065,balance,0.04342210162910194,-0.012616969565985476,0.012895756961570096,-2.613449565418582,-0.031038448205143888,-0.0005121035376120423,0.17318914161759216,0.7562457338087184,0.0,0.00842180091215393,False,0.0,0.0,-0.2525748010630771,-0.2923594769960658,0.18197564376362416,0.18095908120471274,3.56,-3.93,-1.7680236074415399,-2.0465163389724603,-1.3921445727886141,1.6114301881672917,
1791371549.3155174,balance,0.01590544116708289,-0.015194385694017307,-0.014686323339356426,-2.677793954131732,-0.031103868044051356,-0.0005121035376120423,0.17280453613348312,0.4438591240214914,0.0,0.013768722524252583,False,0.0,0.0,-0.3951524356768498,-0.42303288867452654,0.1815691881139024,0.18034862842770624,3.7,-4.09,-2.766067049737949,-2.961230220721686,-2.178005550974763,2.3316773391509336,
1791371549.3254976,balance,-0.0035285383360368575,-0.01483552991103746,-0.03406665443220897,-1.0772106746314316,-0.031050219633784158,-0.0005121035376120423,0.173112291127255,0.08877197065370927,0.0,0.015562093729388342,False,0.0,0.0,-0.35792352916954023,-0.3634855774817965,0.1817724202195233,0.18095908120471274,3.23,-3.43,-2.5054647041867817,-2.5443990423725755,-1.9728068536903793,2.0034638128917917,
1791371549.3355303,balance,-0.0016870266318247612,-0.013351096025707233,-0.032126451719278144,1.1095112553657396,-0.030951528625065425,-0.0005121035376120423,0.17372758184360407,-0.23065113096364215,0.0,0.01404158944586169,False,0.0,0.0,-0.09285714285714286,-0.09285714285714286,0.18217879849987784,0.18217878140490432,2.91,-2.81,-0.65,-0.65,-0.5118110236220472,0.5118110236220472,
1791371549.3455005,balance,0.017063546622517536,-0.013607230487926558,-0.013295566833369726,2.450947385028716,-0.030871216993499304,-0.0005121035376120423,0.17426549593277932,-0.4656926000578386,0.0,0.009892544827521228,False,0.0,0.0,0.22258958946436128,0.22223982020720917,0.18278792047945228,0.1829908860068136,2.13,-2.23,1.558127126250529,1.5556787414504643,1.2268717529531723,-1.2249438909058774,
1791371549.3555255,balance,0.04703935488567683,-0.013516247064575241,0.016818806751666394,3.3171807086441842,-0.030732651671622476,-0.0005121035376120423,0.17534003676683277,-0.5118428535991776,0.0,0.0047200018931237465,False,0.0,0.0,0.4603711710835474,0.47339496706404377,0.18441020567926045,0.18420760289697855,0.92,-1.56,3.2225981975848317,3.3137647694483063,2.537478895736088,-2.6092635979907923,
1791371549.3655221,balance,0.07607651993923445,-0.01082225175710775,0.045936319600654016,2.269007881576212,-0.03065230387619248,-0.0005121035376120423,0.1760303000726526,-0.46759985366938955,0.0,4.4003356429850877e-05,False,0.0,0.0,0.47496336917328,0.4816582382835594,0.18522011670160538,0.18522009966748007,0.9,-0.9500000000000001,3.32474358421296,3.371607667984916,2.6179083340259526,-2.6548091873896973,
1791371549.3754919,balance,0.09277871117052877,-0.009726917739093156,0.06268062624060312,1.4754068794811785,-0.030610188467537682,-0.0005121035376120423,0.17641389429923254,-0.46759985366938955,0.0,-0.004631995180264045,False,0.0,0.0,0.36906303367810106,0.3530496836164424,0.18542246149501598,0.18602914683040456,0.66,-0.36,2.5834412357467076,2.4713477853150967,2.0342056974383524,-1.9459431380433831,
1791371549.385564,balance,0.1035755440996111,-0.010335418331438745,0.07347904628507564,0.5276752322796028,-0.030608601352147508,-0.0005121035376120423,0.17641406329631326,-0.05961820699482068,0.0,-0.007268085483585096,False,0.0,0.0,0.2932598615835894,0.24232557253790785,0.18562480481305557,0.18582696731162412,1.0,-1.01,2.052819031085126,1.696279007765355,1.6163929378623039,-1.3356527620199645,
1791371549.395507,balance,0.10585152054426655,-0.009957112311299374,0.07572883694132455,0.2706301780016569,-0.030634787140554034,-0.0005121035376120423,0.17618380669129718,0.5060399316844548,0.3747422265191807,0.0006564885258263706,False,0.0,0.0,0.24725349661342305,0.17110760639892703,0.18542246149501598,0.18542244446089073,1.07,-1.08,1.7307744762939614,1.1977532447924892,1.3628145482629617,-0.9431127911751883,
1791371549.405509,balance,0.10353854235455258,-0.010682751189926152,0.07329076017905099,-1.009040873761531,-0.03075988571311362,-0.0005121035376120423,0.17511008928840055,0.7884094090998987,0.580093551106704,0.0010415792899659733,False,0.0,0.0,0.11490969989953116,0.0,0.18420761995138657,0.18380225539794318,2.52,-2.41,0.8043678992967181,0.0,0.6333605506273371,-0.0,
1791371549.4155004,balance,0.09165518987150446,-0.012597327703061273,0.06130526716700057,-1.042088832863002,-0.030862026242115943,-0.0005121035376120423,0.17434226832120941,0.9106611015020183,0.7069027648261654,0.0010187916833792642,False,0.0,0.0,0.0,-0.09326989454741846,0.18339669919636176,0.18258491659850523,2.63,-2.97,0.0,-0.6528892618319293,0.0,0.514086032938527,
1791371549.425522,balance,0.07412939875230203,-0.011563425585066848,0.043614815071197396,-2.4336222535809715,-0.031026687218716674,-0.0005121035376120423,0.17326599213190633,0.8327166549694642,0.0,0.009702819526861585,False,0.0,0.0,-0.09285714285714286,-0.17557716348447516,0.18217879849987784,0.18095908120471274,3.58,-4.24,-0.65,-1.2290401443913261,-0.5118110236220472,0.9677481451900206,
1791371549.4355214,balance,0.04783467273762075,-0.01315950646520869,0.017215172522982398,-2.635022829325808,-0.031131603752250395,-0.0005121035376120423,0.1726507253147985,0.6136795018470713,0.0,0.016484013622404252,False,0.0,0.0,-0.2595371203233213,-0.3505638499463655,0.1815691881139024,0.17994140399620362,3.74,-4.63,-1.8167598422632492,-2.4539469496245587,-1.430519560837204,1.9322416926177628,
1791371549.4455369,balance,0.019905876705228805,-0.01426397104462055,-0.01076919468046384,-2.612800397239231,-0.031187174923304688,-0.0005121035376120423,0.17234280454607753,0.2796916976070497,0.0,0.020204788963033828,False,0.0,0.0,-0.4168480412324874,-0.474645211756519,0.18116249073988716,0.17953405578606485,3.79,-4.5,-2.917936288627412,-3.322516482295633,-2.2975876288404815,2.616154710469002,
1791371549.4554956,balance,0.005842577672611136,-0.012450067730005513,-0.024708534037185478,-0.4752280355813561,-0.031063215247408654,-0.0005121035376120423,0.17303531854429138,-0.05594778811116456,0.0,0.020510991641129815,False,0.0,0.0,-0.3119987670747814,-0.28654033394416184,0.1817724202195233,0.18075565688651182,3.0700000000000003,-3.5300000000000002,-2.18399136952347,-2.005782337609133,-1.7196782437192675,1.579356171345774,
1791371549.465509,balance,0.01020534839981614,-0.011069261214685771,-0.020199074214185663,1.0950805407261326,-0.030916526151613846,-0.0005121035376120423,0.1739581331836104,-0.36751715501209026,0.0,0.017581889259441926,False,0.0,0.0,-0.09285714285714286,0.0,0.18217879849987784,0.18278790339163284,2.89,-2.35,-0.65,0.0,-0.5118110236220472,-0.0,
1791371549.4755204,balance,0.030476479154053392,-0.010104350181655631,0.00022630939894568026,2.647138380514738,-0.030762273292719754,-0.0005121035376120423,0.17510976801771247,-0.5477593844916477,0.0,0.012450243085971337,False,0.0,0.0,0.26550972801377193,0.2222401228814946,0.18339669919636176,0.18461277435272638,1.71,-1.29,1.8585680960964035,1.5556808601704624,1.4634394457451996,-1.2249455591893403,
1791371549.4855,balance,0.05829555069673451,-0.01133103456282143,0.028146580528781835,2.7685738584917488,-0.030661073705564718,-0.0005121035376120423,0.17595354678361155,-0.5679560559344251,0.0,0.006770682526627086,False,0.0,0.0,0.4444721603372662,0.39409921360972255,0.1848152533120094,0.18542244446089073,0.81,-0.9,3.1113051223608634,2.758694495268058,2.4498465530400497,-2.1722003899748485,
1791371549.4954944,balance,0.08238598066903445,-0.010755997957922682,0.052280783304097946,1.9063658588021108,-0.030617300902548546,-0.0005121035376120423,0.17633731336390715,-0.5679560559344251,0.0,0.0010911219672828344,False,0.0,0.0,0.4126948388078183,0.3702179396398416,0.18562480481305557,0.1856247877928437,0.76,-0.78,2.888863871654728,2.5915255774788912,2.274695961932857,-2.0405713208495206,
1791371549.5054939,balance,0.09617524945582016,-0.007654803456952095,0.06608588935129069,1.2524983886727756,-0.03060146364214152,-0.0005121035376120423,0.1764906476666769,-0.5679560559344251,0.0,-0.004588438592061417,False,0.0,0.0,0.32068501445426956,0.2414313314937031,0.18562480481305557,0.18602914683040456,0.65,-0.43,2.244795101179887,1.6900193204559217,1.7675551977794386,-1.3307238743747416,
1791371549.5154977,balance,0.10681648210948352,-0.009103599305406539,0.07673580698290976,0.574246200842215,-0.030592778664185805,-0.0005121035376120423,0.17656739760913567,-0.5679560559344251,0.0,-0.010267999151405667,False,0.0,0.0,0.23533459986469066,0.13920230423004026,0.18582698433183598,0.18602914683040456,0.8300000000000001,-0.9400000000000001,1.6473421990528345,0.9744161296102818,1.2971198417738854,-0.7672567949687258,
1791371549.52551,balance,0.10741788374740924,-0.012391821394553151,0.0772776834088288,-0.05607074755103631,-0.03065230387619248,-0.0005121035376120423,0.1760303000726526,0.2011923200597304,0.15018827343482663,0.00025502023312451883,False,0.0,0.0,0.18154481738728767,0.09567550684137058,0.18522011670160538,0.18522009966748007,1.33,-1.1,1.2708137217110136,0.669728547889594,1.0006407257567036,-0.5273453132988929,
1791371549.5355263,balance,0.10396427057997681,-0.01041714277642254,0.07370621223997557,-0.8865530593156689,-0.030770161877613285,-0.0005121035376120423,0.17503328114773908,0.617479350737869,0.4771145281694533,0.0007018241128420782,False,0.0,0.0,0.1029575035412588,0.0,0.18420761995138657,0.1835995489363716,2.4,-2.68,0.7207025247888116,0.0,0.5674823029833161,-0.0,
1791371549.5455437,balance,0.08978063911011518,-0.012279370329264423,0.059352875109928656,-1.576635933005281,-0.030939867537798562,-0.0005121035376120423,0.17380443172720086,0.7904341432346355,0.6728574773664517,0.0005878833293409186,False,0.0,0.0,-0.09285714285714286,-0.19246011987346015,0.18278792047945228,0.1817724031114216,3.2,-3.58,-0.65,-1.347220839114221,-0.5118110236220472,1.0608038103261583,
1791371549.5555198,balance,0.06949520675612884,-0.015990243497396653,0.038916449002366696,-2.4890243087233896,-0.031090861291374193,-0.0005121035376120423,0.17288150618152692,0.7429052842717134,0.0,0.008318824072091101,False,0.0,0.0,-0.20091344245485526,-0.25576533605556945,0.1817724202195233,0.18034862842770624,3.97,-4.36,-1.4063940971839868,-1.7903573523889862,-1.107396926916525,1.4097301987314852,
1791371549.5655065,balance,0.04275688906137832,-0.015266000769789966,0.012097333388795938,-2.6331425377913367,-0.031171659210194422,-0.0005121035376120423,0.17241987524838448,0.5138486694115042,0.0,0.014153391508266106,False,0.0,0.0,-0.29705069123309774,-0.3963411036772279,0.18116249073988716,0.1797377387490826,4.0,-4.75,-2.079354838631684,-2.7743877257405956,-1.637287274513137,2.184557264362674,
1791371549.5754995,balance,0.01860452495923625,-0.014889484117734582,-0.012070546426456396,-1.92287515782502,-0.031187174923304688,-0.0005121035376120423,0.17234280454607753,0.19542429963716335,0.0,0.016932492285907683,False,0.0,0.0,-0.36903559187615664,-0.4180412345840929,0.18116249073988716,0.17953405578606485,3.7,-4.33,-2.5832491431330964,-2.9262886420886502,-2.034054443411887,2.3041642851091733,
1791371549.5855043,balance,0.012909525210508909,-0.0125502300209244,-0.017615582558612442,0.461728273769419,-0.03103721130673339,-0.0005121035376120423,0.17318926618311406,-0.11654413905325353,0.0,0.01654323323895002,False,0.0,0.0,-0.17385684452947306,-0.13577528272789602,0.1815691881139024,0.1813658223082581,3.27,-3.13,-1.2169979117063114,-0.9504269790952722,-0.9582660722096941,0.7483677000750174,
1791371549.5955088,balance,0.024197758648583794,-0.011290280119930031,-0.0061754056714603605,1.5805506406172765,-0.030885267857656197,-0.0005121035376120423,0.17418856665030402,-0.39202454381825663,0.0,0.013279164198329614,False,0.0,0.0,0.12546775753895836,0.10313097774494523,0.18217879849987784,0.18339668211829052,2.65,-1.9100000000000001,0.8782743027727086,0.7219168442146167,0.6915545691123689,-0.5684384600115092,
1791371549.6055024,balance,0.04700596850725081,-0.011724628913982467,0.016812348362568376,2.7151071758560974,-0.03070572368229448,-0.0005121035376120423,0.17557009043277902,-0.4499074451174335,0.0,0.008780089747155278,False,0.0,0.0,0.3583958890867952,0.3247977489540467,0.18420761995138657,0.18501769687065542,0.84,-0.93,2.5087712236075665,2.2735842426783273,1.9754104122894225,-1.7902238131325412,
1791371549.6154878,balance,0.07303416406898829,-0.0118615300607146,0.042944803964458815,2.3448630046360974,-0.03060146364214152,-0.0005121035376120423,0.1764906476666769,-0.4499074451174335,0.0,0.004281015295980944,False,0.0,0.0,0.44903770166851104,0.4137867625512654,0.18562480481305557,0.18602914683040456,0.37,-0.48,3.1432639116795773,2.896507337858858,2.475010954078407,-2.280714439258943,
1791371549.625496,balance,0.08952193941465315,-0.009144469112964541,0.059441264288079394,1.077555506019898,-0.030592778664185805,-0.0005121035376120423,0.17656739760913567,-0.4499074451174335,0.0,-0.0002180591551933916,False,0.0,0.0,0.3330208641711976,0.2874914600532655,0.18582698433183598,0.18602914683040456,0.74,-0.51,2.331146049198383,2.0124402203728584,1.8355480702349474,-1.584598598718786,
1791371549.6354973,balance,0.09806124520028289,-0.008230584682950645,0.06798769472792542,0.6884523759705339,-0.03058565400996951,-0.0005121035376120423,0.17664398199940967,-0.4499074451174335,0.0,-0.004717133606367727,False,0.0,0.0,0.24384002988345774,0.15587122413105972,0.18582698433183598,0.18623128712095785,0.67,-0.55,1.7068802091842041,1.091098568917418,1.3440001647119717,-0.8591327314310377,
1791371549.645525,balance,0.09998088684470516,-0.011295971121489714,0.06986695016799059,-0.1694535833708857,-0.030626040214326612,-0.0005121035376120423,0.17626056002086532,-0.040856739825121266,-0.03263925659524041,-4.108741614940428e-05,False,0.0,0.0,0.15213302942496723,0.0,0.18562480481305557,0.18542244446089073,0.99,-1.19,1.0649312059747706,0.0,0.8385285086415517,-0.0,
1791371549.6555204,balance,0.09625893117433337,-0.011447954616520284,0.06606554114685932,-0.6622040074142591,-0.030705493565086096,-0.0005121035376120423,0.17556998645217325,0.47491767781476,0.3782671373999578,0.000483252702074011,False,0.0,0.0,0.09408767262910339,0.0,0.1848152533120094,0.18441018862485245,1.82,-2.07,0.6586137084037238,0.0,0.5185934711840344,-0.0,
1791371549.6655316,balance,0.08315885458624062,-0.010829736686021321,0.05281931354186801,-1.648319313266799,-0.030851644581984652,-0.0005121035376120423,0.1744190795566076,0.6886253565772185,0.5517622378589684,0.0006843155935912504,False,0.0,0.0,-0.09285714285714286,-0.21176357857301736,0.18359956601444283,0.18258491659850523,2.62,-2.97,-0.65,-1.4823450500111215,-0.5118110236220472,1.1672008267804106,
1791371549.675511,balance,0.06571520586282634,-0.013589620581137475,0.035272133451803585,-2.0876313527205115,-0.030955175948634797,-0.0005121035376120423,0.17372729957567268,0.6896096056567933,0.0,0.0037019214744337444,False,0.0,0.0,-0.13832635911196756,-0.28554493132523523,0.18299090309463303,0.1813658223082581,2.97,-3.92,-0.9682845137837729,-1.9988145192766467,-0.7624287510108448,1.573869700217832,
1791371549.6854973,balance,0.04112576703209745,-0.01375140481153133,0.010582393415889506,-2.344480775695283,-0.031055477153819986,-0.0005121035376120423,0.17311205747615568,0.46610617600788296,0.0,0.009039887712502553,False,0.0,0.0,-0.25115773043970074,-0.3948807069732153,0.18238186609667828,0.18034862842770624,3.16,-4.18,-1.7581041130779052,-2.7641649488125073,-1.384333947305437,2.1765078337106356,
1791371549.6955042,balance,0.023487640897626602,-0.013813143839297179,-0.007069548255576315,-1.2305463763780096,-0.03106929269081496,-0.0005121035376120423,0.17303515193435115,0.14593673540481117,0.0,0.01136151036884034,False,0.0,0.0,-0.25444775095954725,-0.3342086162732333,0.18238186609667828,0.18014503880623534,3.02,-4.24,-1.7811342567168307,-2.339460313912633,-1.4024679186746698,1.842094735364278,
1791371549.7055213,balance,0.0199136616394542,-0.012433913054951716,-0.010563280695085029,0.39743883729152624,-0.03098904587215127,-0.0005121035376120423,0.17349678808205207,-0.16908970480428492,0.0,0.01045697695326394,False,0.0,0.0,-0.13255317477212133,-0.10077333725949802,0.18238186609667828,0.1813658223082581,2.88,-3.2,-0.9278722234048493,-0.7054133608164862,-0.7306080499250782,0.5554435911940836,
1791371549.715496,balance,0.030162943810319406,-0.009204647169389226,-0.00020776957901967174,1.4068253021057413,-0.03088281692695112,-0.0005121035376120423,0.17418864591019514,-0.4170191314747501,0.0,0.006841528017632446,False,0.0,0.0,0.0,0.09995024770327404,0.18258493369347872,0.1829908860068136,2.77,-2.18,0.0,0.6996517339229182,0.0,-0.55090687710466,
1791371549.7254944,balance,0.05137044729042007,-0.008417358971238405,0.021130569975834138,2.556958508704335,-0.030751980852197974,-0.0005121035376120423,0.17518657943323687,-0.47635057654457547,0.0,0.0020807938251705335,False,0.0,0.0,0.3312395884386724,0.29033497332919633,0.18359956601444283,0.18461277435272638,1.75,-1.18,2.3186771190707067,2.032344813304374,1.8257300150163045,-1.6002715065388773,
1791371549.735498,balance,0.07562591836117909,-0.008890619268305389,0.04546794554269245,2.1265797734017218,-0.03067007635609868,-0.0005121035376120423,0.1758768954188628,-0.272312672387771,0.0,-0.0012215062346499661,False,0.0,0.0,0.4398733441858134,0.3909839801828102,0.1846127914071344,0.18542244446089073,1.09,-0.87,3.0791134093006938,2.7368878612796714,2.424498747480861,-2.1550298120312372,
1791371549.7455292,balance,0.09174935986056805,-0.005317832958257522,0.06162664405822483,1.2302851600519877,-0.030634819339955262,-0.0005121035376120423,0.17618380326735406,-0.14621918625512453,0.0,-0.0026836980972012115,False,0.0,0.0,0.3979142020033082,0.34724547998463334,0.18501771391452992,0.18582696731162412,0.88,-0.75,2.785399414023157,2.4307183598924333,2.193227885057604,-1.9139514644822309,
1791371549.7555199,balance,0.09976313761761502,-0.002276850085041731,0.0696579080816473,0.4844878464844315,-0.030617333073579753,-0.0005121035376120423,0.1763373099398648,0.09614531637792059,0.0,-0.0017222449334220056,False,0.0,0.0,0.34192821464512063,0.24518853462283208,0.18542246149501598,0.18582696731162412,0.9400000000000001,-0.78,2.3934975025158445,1.7163197423598247,1.8846437027683816,-1.351432867999862,
1791371549.765507,balance,0.10039983626498726,-0.005612911155579073,0.07025086609703457,-0.2655019257529467,-0.030661073705564725,-0.0005121035376120423,0.17595354678361153,0.5353964741968276,0.4162401005229193,0.0005957818683695412,False,0.0,0.0,0.20325688673305745,0.1038953276976657,0.18501771391452992,0.18522009966748007,1.33,-1.12,1.422798207131402,0.7272672938836598,1.120313548922364,-0.5726514125068187,
1791371549.775489,balance,0.09558091766930422,-0.006917311531151941,0.06536943168239552,-0.8400704777069345,-0.03072358952452074,-0.0005121035376120423,0.17541668595515933,0.7948418975131577,0.5961810452166698,0.0009933042614824394,False,0.0,0.0,0.09285714285714286,0.0,0.18441020567926045,0.18441018862485245,2.12,-1.96,0.65,0.0,0.5118110236220472,-0.0,
1791371549.7854912,balance,0.0808793890515478,-0.004458983195260369,0.05053066587663577,-1.7641438594722092,-0.03086082671252408,-0.0005121035376120423,0.17434230715154347,0.8826593405140644,0.7828870299575474,0.0004988615527825846,False,0.0,0.0,-0.09285714285714286,-0.23083618109422238,0.18299090309463303,0.1829908860068136,3.0,-2.82,-0.65,-1.6158532676595567,-0.5118110236220472,1.2723254076059503,
1791371549.7954943,balance,0.0590302555430282,-0.008560372759503046,0.028541584554825552,-2.7166134087008986,-0.031000774525814692,-0.0005121035376120423,0.1734199374910718,0.7792699004363568,0.0,0.008725567895747124,False,0.0,0.0,-0.1536211302386328,-0.3098643464827344,0.18217879849987784,0.1813658223082581,3.66,-3.69,-1.0753479116704296,-2.169050425379141,-0.8467306391105746,1.7079137207709774,
1791371549.8055253,balance,0.030911712381690246,-0.011581216616047827,0.0003606249588700227,-2.53860249134867,-0.031063190960432266,-0.0005121035376120423,0.17303532098786742,0.508024032292409,0.0,0.014580385268713551,False,0.0,0.0,-0.3228668256554112,-0.4214410413516851,0.18136583942689477,0.18116247362125046,3.7800000000000002,-3.61,-2.2600677795878785,-2.9500872894617958,-1.7795809288093531,2.322903377528973,
1791371549.8155017,balance,0.011255451755743674,-0.010138060319164439,-0.01929563566707655,-1.36132139218046,-0.031063190960432266,-0.0005121035376120423,0.17303532098786742,0.1445770317441234,0.0,0.01701004927800637,False,0.0,0.0,-0.30315687068407404,-0.38876846012745486,0.18136583942689477,0.18116247362125046,3.38,-3.52,-2.122098094788518,-2.721379220892184,-1.6709433817232426,2.142818284167074,
1791371549.8255017,balance,0.010349165233139414,-0.010299123065998063,-0.02009025985431397,1.0043568278063766,-0.030951528625065425,-0.0005121035376120423,0.17372758184360407,-0.1947083431422393,0.0,0.015871878353328372,False,0.0,0.0,-0.09285714285714286,-0.09285714285714286,0.18217879849987784,0.18217878140490432,2.88,-2.63,-0.65,-0.65,-0.5118110236220472,0.5118110236220472,
1791371549.8355248,balance,0.027567714309789236,-0.008516554814835667,-0.002760255745313015,2.14048250624414,-0.030840073592714293,-0.0005121035376120423,0.17449592964546207,-0.4436247523578181,-0.4256940181667443,-8.965367095536914e-05,False,0.0,0.0,0.2757615823016438,0.19878480220217346,0.18278792047945228,0.1835995489363716,2.13,-1.81,1.9303310761115067,1.3914936154152142,1.5199457292216587,-1.0956642641064678,
1791371549.845508,balance,0.053938861616703915,-0.00830503528370132,0.02376331064099479,2.88666313786834,-0.030687654513321165,-0.0005121035376120423,0.17572338890926956,-0.5718723000850249,0.0,-0.0030831067683599303,False,0.0,0.0,0.49561152076708825,0.387118243465723,0.1846127914071344,0.18501769687065542,0.79,-1.11,3.4692806453696177,2.7098277042600607,2.731717043598124,-2.133722601779575,
1791371549.8555243,balance,0.08279328099596454,-0.009170358220478342,0.05269678304782002,2.62623336757151,-0.030608601485756566,-0.0005121035376120423,0.17641406328208645,-0.5718723000850249,0.0,-0.008801829769210179,False,0.0,0.0,0.5454976876001822,0.44206136004048213,0.18582698433183598,0.1856247877928437,0.39,-0.63,3.8184838132012757,3.094429520283375,3.0066801678750203,-2.436558677388484,
1791371549.8654993,balance,0.10202486247677521,-0.006749359476932618,0.07195131200441773,1.5969308414040282,-0.03058565400996951,-0.0005121035376120423,0.17664398199940967,-0.5718723000850249,0.0,-0.014520552770060428,False,0.0,0.0,0.41929887985838016,0.342288426860827,0.18582698433183598,0.18623128712095785,0.73,-0.28,2.935092159008661,2.396018988025789,2.311096188195796,-1.886629124429755,
1791371549.8755221,balance,0.11544344815535379,-0.004450859318031092,0.08536989768299631,0.9953933609303756,-0.03058565400996951,-0.0005121035376120423,0.17664398199940967,-0.5718723000850249,-0.5535234574255062,-9.174421329759319e-05,False,0.0,0.0,0.3959340868531109,0.28481060611006415,0.18582698433183598,0.18623128712095785,0.86,-0.68,2.771538607971776,1.993674242770449,2.1823138645447058,-1.5698222384019282,
1791371549.8855088,balance,0.12048003138386465,-0.008024275868156537,0.09033983104528422,0.23380955726512923,-0.03065230387619248,-0.0005121035376120423,0.1760303000726526,0.2232262860545305,0.16371330013379912,0.00029756492960365685,False,0.0,0.0,0.31518205926515713,0.1891100360100755,0.18522011670160538,0.18522009966748007,1.23,-1.23,2.2062744148560998,1.3237702520705286,1.7372239487055903,-1.0423387811578966,
1791371549.8955023,balance,0.12132467663540833,-0.009767554297994826,0.0911222448795596,-0.2162898211001619,-0.030714535293460767,-0.0005121035376120423,0.175493335157879,0.6558700080080319,0.46617773732863005,0.0009484613533970091,False,0.0,0.0,0.2480919924893479,0.11530120421576784,0.1846127914071344,0.18441018862485245,1.9100000000000001,-2.04,1.7366439474254354,0.8071084295103749,1.367436179075146,-0.635518448433366,
1791371549.9054961,balance,0.1124165310883199,-0.009049955244397032,0.08207818904297526,-1.185153401568432,-0.03085044558295667,-0.0005121035376120423,0.17441911838911267,0.8519424553726509,0.6461093816135632,0.0010291653687954383,False,0.0,0.0,0.09285714285714286,0.0,0.18339669919636176,0.18278790339163284,2.71,-2.92,0.65,0.0,0.5118110236220472,-0.0,
1791371549.9154983,balance,0.09670894649319792,-0.011625960980616374,0.06621906451026284,-2.115731223207405,-0.031001985520547108,-0.0005121035376120423,0.17341981536157766,0.8797460667000596,0.0,0.00516917035892631,False,0.0,0.0,0.0,-0.17457015395160835,0.18238186609667828,0.18116247362125046,3.5500000000000003,-4.01,0.0,-1.2219910776612584,0.0,0.9621976989458727,
1791371549.9255056,balance,0.07133438584878903,-0.014117212673769159,0.04071570499744337,-2.665969169279737,-0.0311307843889577,-0.0005121035376120423,0.17265065827665363,0.7402212583499999,0.0,0.013038377923588416,False,0.0,0.0,-0.1898484365585794,-0.30678395890978494,0.18136583942689477,0.18014503880623534,3.89,-4.45,-1.3289390559100558,-2.147487712368495,-1.0464087054409887,1.690935206589366,
1791371549.9354975,balance,0.04454515076055138,-0.01354954729007074,0.013856964516870584,-2.5897312298457194,-0.031200289781292835,-0.0005121035376120423,0.17226583227201037,0.48340197900307524,0.0,0.018597305881959302,False,0.0,0.0,-0.31836085422068167,-0.3951481273483038,0.18095909832971635,0.17953405578606485,3.92,-4.64,-2.228525979544772,-2.7660368914381266,-1.754744865783285,2.1779818042819894,
1791371549.9457057,balance,0.027823227464868358,-0.013157462758739897,-0.0027946340225483033,-0.7250329720994086,-0.031129965025028704,-0.0005121035376120423,0.17265059123862464,0.23665619633502075,0.0,0.021542989141270476,False,0.0,0.0,-0.23440673252724023,-0.2341167165926263,0.18116249073988716,0.18034862842770624,3.5,-3.81,-1.6408471276906815,-1.6388170161483842,-1.2920056123548673,1.2904070993294363,
1791371549.9555593,fault,0.02959185720038901,-0.012540355251961632,-0.003783721450805455,-0.01609446511207853,-0.031011301938954502,-0.0005121035376120423,0.17334320906153278,0.12557987572950005,0.0,0.022170888519917976,False,0.0,0.0,-0.1344426695648496,-0.10721193083948097,0.1803486455666257,0.18156917099526568,3.45,-3.24,-0.9410986869539472,-0.7504835158763667,-0.7410225881527143,0.5909319022648557,leg_r oscillation detected
1791371549.9761415,fault,0.02959185720038901,-0.012540355251961632,-0.003783721450805455,-0.01609446511207853,-0.031103867975134872,-0.0005121035376120423,0.17280453612783994,0.12557987572950005,0.0,0.022170888519917976,False,0.0,0.0,-0.1344426695648496,-0.10721193083948097,0.1803486455666257,0.18156917099526568,3.45,-3.24,-0.9410986869539472,-0.7504835158763667,-0.7410225881527143,0.5909319022648557,leg_r oscillation detected
1791371549.9855037,fault,0.08467376147956018,-0.00911063956664795,-0.003783721450805455,-0.01609446511207853,-0.03115774868691431,-0.0005121035376120423,0.17249678053948705,0.12557987572950005,0.0,0.022170888519917976,False,0.0,0.0,-0.1344426695648496,-0.10721193083948097,0.17994142114148953,0.18116247362125046,3.45,-3.24,-0.9410986869539472,-0.7504835158763667,-0.7410225881527143,0.5909319022648557,leg_r oscillation detected
1791371549.995526,fault,0.10195158675165156,-0.00859462005322099,-0.003783721450805455,-0.01609446511207853,-0.03120273738556195,-0.0005121035376120423,0.17226573046055443,0.12557987572950005,0.0,0.022170888519917976,False,0.0,0.0,-0.1344426695648496,-0.10721193083948097,0.17933024238933284,0.18116247362125046,3.45,-3.24,-0.9410986869539472,-0.7504835158763667,-0.7410225881527143,0.5909319022648557,leg_r oscillation detected
1791371550.005503,disarmed,0.11655342217894848,-0.009876844808523638,-0.003783721450805455,-0.01609446511207853,-0.031189621426668823,-0.0005121035376120423,0.17234270272909166,0.12557987572950005,0.0,0.022170888519917976,False,0.0,0.0,-0.1344426695648496,-0.10721193083948097,0.17933024238933284,0.1813658223082581,3.45,-3.24,-0.9410986869539472,-0.7504835158763667,-0.7410225881527143,0.5909319022648557,
1791371550.0155008,disarmed,0.13058057149718497,-0.008865014662927493,-0.003783721450805455,-0.01609446511207853,-0.03126931540799677,-0.0005121035376120423,0.1718812382359105,0.12557987572950005,0.0,0.022170888519917976,False,0.0,0.0,-0.1344426695648496,-0.10721193083948097,0.17953407294526705,0.17994140399620362,3.45,-3.24,-0.9410986869539472,-0.7504835158763667,-0.7410225881527143,0.5909319022648557,
1791371550.0255044,disarmed,0.142243329977235,-0.007213206711212777,-0.003783721450805455,-0.01609446511207853,-0.03156584174206355,-0.0005121035376120423,0.17049387395339494,0.12557987572950005,0.0,0.022170888519917976,False,0.0,0.0,-0.1344426695648496,-0.10721193083948097,0.17871862846041217,0.17708585079455896,3.45,-3.24,-0.9410986869539472,-0.7504835158763667,-0.7410225881527143,0.5909319022648557,
1791371550.035524,disarmed,0.15004108579867312,-0.010714378704437139,-0.003783721450805455,-0.01609446511207853,-0.03237439101260257,-0.0005121035376120423,0.16748347724209914,0.12557987572950005,0.0,0.022170888519917976,False,0.0,0.0,-0.1344426695648496,-0.10721193083948097,0.17463152963789857,0.17319731086333984,3.45,-3.24,-0.9410986869539472,-0.7504835158763667,-0.7410225881527143,0.5909319022648557,
1791371550.045501,disarmed,0.15871339529715628,-0.011447752915063848,-0.003783721450805455,-0.01609446511207853,-0.0334859095985133,-0.0005121035376120423,0.16439005786745695,0.12557987572950005,0.0,0.022170888519917976,False,0.0,0.0,-0.1344426695648496,-0.10721193083948097,0.1701180179078467,0.16950123929730154,3.45,-3.24,-0.9410986869539472,-0.7504835158763667,-0.7410225881527143,0.5909319022648557,
1791371550.0554986,disarmed,0.1674201786793325,-0.011878845246460297,-0.003783721450805455,-0.01609446511207853,-0.03493221859728987,-0.0005121035376120423,0.1612933555953059,0.12557987572950005,0.0,0.022170888519917976,False,0.0,0.0,-0.1344426695648496,-0.10721193083948097,0.16600150521132462,0.16538313492721082,3.45,-3.24,-0.9410986869539472,-0.7504835158763667,-0.7410225881527143,0.5909319022648557,
