t,mode,pitch,roll,th,thd,th_kin,th_bias,l_pend,v,v_ref,x_err,lifted,a0,a1,a2,a3,hL,hR,IhL,IhR,tauwL,tauwR,IwL,IwR,fault
1791389478.4998887,disarmed,-0.007311417617871658,0.0006533203939916341,0.0,0.0,-0.022470560028061443,0.0,0.14970259394838192,0.0,0.0,0.0,False,0.0,0.0,0.0,0.0,0.1224791,0.17769847452379603,0.0,0.0,0.0,0.0,0.0,0.0,
1791389478.5098906,disarmed,-0.007299353613950386,0.0006654724417109397,0.0,0.0,-0.022470560028061443,0.0,0.14970259394838192,0.0,0.0,0.0,False,0.0,0.0,0.0,0.0,0.1224791,0.17769847452379603,0.0,0.0,0.0,0.0,0.0,0.0,
1791389478.519908,disarmed,-0.007289213706371506,0.0006528883205992854,0.0,0.0,-0.022470560028061443,0.0,0.14970259394838192,0.0,0.0,0.0,False,0.0,0.0,0.0,0.0,0.1224791,0.17769847452379603,0.0,0.0,0.0,0.0,0.0,0.0,
1791389478.5298998,disarmed,-0.007281716323028665,0.0006806165060883897,0.0,0.0,-0.022470560028061443,0.0,0.14970259394838192,0.0,0.0,0.0,False,0.0,0.0,0.0,0.0,0.1224791,0.17769847452379603,0.0,0.0,0.0,0.0,0.0,0.0,
1791389478.5398917,disarmed,-0.0072907846819364516,0.000687371296629169,0.0,0.0,-0.022470560028061443,0.0,0.14970259394838192,0.0,0.0,0.0,False,0.0,0.0,0.0,0.0,0.1224791,0.17769847452379603,0.0,0.0,0.0,0.0,0.0,0.0,
1791389478.5498848,disarmed,-0.0072746791646967285,0.0007370407078495061,0.0,0.0,-0.022470560028061443,0.0,0.14970259394838192,0.0,0.0,0.0,False,0.0,0.0,0.0,0.0,0.1224791,0.17769847452379603,0.0,0.0,0.0,0.0,0.0,0.0,
1791389478.5598876,disarmed,-0.007279506532466292,0.0007546736518887052,0.0,0.0,-0.022470560028061443,0.0,0.14970259394838192,0.0,0.0,0.0,False,0.0,0.0,0.0,0.0,0.1224791,0.17769847452379603,0.0,0.0,0.0,0.0,0.0,0.0,
1791389478.5699115,disarmed,-0.00723411704221783,0.0007624971911740291,0.0,0.0,-0.022470560028061443,0.0,0.14970259394838192,0.0,0.0,0.0,False,0.0,0.0,0.0,0.0,0.1224791,0.17769847452379603,0.0,0.0,0.0,0.0,0.0,0.0,
1791389478.579928,disarmed,-0.00723113275073502,0.0007569210824608665,0.0,0.0,-0.022470560028061443,0.0,0.14970259394838192,0.0,0.0,0.0,False,0.0,0.0,0.0,0.0,0.1224791,0.17769847452379603,0.0,0.0,0.0,0.0,0.0,0.0,
1791389478.5899034,disarmed,-0.007223762192469964,0.0007722549262870104,0.0,0.0,-0.022470560028061443,0.0,0.14970259394838192,0.0,0.0,0.0,False,0.0,0.0,0.0,0.0,0.1224791,0.17769847452379603,0.0,0.0,0.0,0.0,0.0,0.0,
1791389478.5999105,disarmed,-0.00718143090337322,0.0007610967254070378,0.0,0.0,-0.022470560028061443,0.0,0.14970259394838192,0.0,0.0,0.0,False,0.0,0.0,0.0,0.0,0.1224791,0.17769847452379603,0.0,0.0,0.0,0.0,0.0,0.0,
1791389478.6098936,disarmed,-0.007151145930777435,0.000737788263666617,0.0,0.0,-0.022470560028061443,0.0,0.14970259394838192,0.0,0.0,0.0,False,0.0,0.0,0.0,0.0,0.1224791,0.17769847452379603,0.0,0.0,0.0,0.0,0.0,0.0,
1791389478.6199145,disarmed,-0.0071390154080551126,0.0007133278919576108,0.0,0.0,-0.022470560028061443,0.0,0.14970259394838192,0.0,0.0,0.0,False,0.0,0.0,0.0,0.0,0.1224791,0.17769847452379603,0.0,0.0,0.0,0.0,0.0,0.0,
1791389478.6299202,disarmed,-0.007101608809434822,0.0006976190287094196,0.0,0.0,-0.022470560028061443,0.0,0.14970259394838192,0.0,0.0,0.0,False,0.0,0.0,0.0,0.0,0.1224791,0.17769847452379603,0.0,0.0,0.0,0.0,0.0,0.0,
1791389478.6399305,disarmed,-0.007115609695599212,0.0006508580996804604,0.0,0.0,-0.022470560028061443,0.0,0.14970259394838192,0.0,0.0,0.0,False,0.0,0.0,0.0,0.0,0.1224791,0.17769847452379603,0.0,0.0,0.0,0.0,0.0,0.0,
1791389478.6499162,disarmed,-0.007088360618826841,0.0006599375424808098,0.0,0.0,-0.022470560028061443,0.0,0.14970259394838192,0.0,0.0,0.0,False,0.0,0.0,0.0,0.0,0.1224791,0.17769847452379603,0.0,0.0,0.0,0.0,0.0,0.0,
1791389478.659904,disarmed,-0.007029347104075809,0.0006845332433613673,0.0,0.0,-0.022470560028061443,0.0,0.14970259394838192,0.0,0.0,0.0,False,0.0,0.0,0.0,0.0,0.1224791,0.17769847452379603,0.0,0.0,0.0,0.0,0.0,0.0,
1791389478.6699162,disarmed,-0.007000752313502702,0.0006955509516183927,0.0,0.0,-0.022470560028061443,0.0,0.14970259394838192,0.0,0.0,0.0,False,0.0,0.0,0.0,0.0,0.1224791,0.17769847452379603,0.0,0.0,0.0,0.0,0.0,0.0,
1791389478.6799028,disarmed,-0.006974257155711053,0.0006938412180904312,0.0,0.0,-0.022470560028061443,0.0,0.14970259394838192,0.0,0.0,0.0,False,0.0,0.0,0.0,0.0,0.1224791,0.17769847452379603,0.0,0.0,0.0,0.0,0.0,0.0,
1791389478.6899233,disarmed,-0.006964914121473574,0.0007095149502999962,0.0,0.0,-0.022470560028061443,0.0,0.14970259394838192,0.0,0.0,0.0,False,0.0,0.0,0.0,0.0,0.1224791,0.17769847452379603,0.0,0.0,0.0,0.0,0.0,0.0,
1791389478.6999114,disarmed,-0.006929122509588715,0.0007013462055854067,0.0,0.0,-0.022470560028061443,0.0,0.14970259394838192,0.0,0.0,0.0,False,0.0,0.0,0.0,0.0,0.1224791,0.17769847452379603,0.0,0.0,0.0,0.0,0.0,0.0,
1791389478.7098951,disarmed,-0.0069299015198622535,0.0007173953257440896,0.0,0.0,-0.022470560028061443,0.0,0.14970259394838192,0.0,0.0,0.0,False,0.0,0.0,0.0,0.0,0.1224791,0.17769847452379603,0.0,0.0,0.0,0.0,0.0,0.0,
1791389478.7199366,disarmed,-0.00694433405462453,0.0006823307311456598,0.0,0.0,-0.022470560028061443,0.0,0.14970259394838192,0.0,0.0,0.0,False,0.0,0.0,0.0,0.0,0.1224791,0.17769847452379603,0.0,0.0,0.0,0.0,0.0,0.0,
1791389478.7299314,disarmed,-0.006967109039564882,0.0006966631843203604,0.0,0.0,-0.022470560028061443,0.0,0.14970259394838192,0.0,0.0,0.0,False,0.0,0.0,0.0,0.0,0.1224791,0.17769847452379603,0.0,0.0,0.0,0.0,0.0,0.0,
1791389478.7398996,disarmed,-0.006981125089165095,0.0006719582877528009,0.0,0.0,-0.022470560028061443,0.0,0.14970259394838192,0.0,0.0,0.0,False,0.0,0.0,0.0,0.0,0.1224791,0.17769847452379603,0.0,0.0,0.0,0.0,0.0,0.0,
1791389478.7499022,disarmed,-0.0069825885317194025,0.0006674620286814138,0.0,0.0,-0.022470560028061443,0.0,0.14970259394838192,0.0,0.0,0.0,False,0.0,0.0,0.0,0.0,0.1224791,0.17769847452379603,0.0,0.0,0.0,0.0,0.0,0.0,
1791389478.759921,disarmed,-0.00702139102351988,0.0006811807929125723,0.0,0.0,-0.022470560028061443,0.0,0.14970259394838192,0.0,0.0,0.0,False,0.0,0.0,0.0,0.0,0.1224791,0.17769847452379603,0.0,0.0,0.0,0.0,0.0,0.0,
1791389478.769931,disarmed,-0.007046033922482235,0.0006586052643435124,0.0,0.0,-0.022470560028061443,0.0,0.14970259394838192,0.0,0.0,0.0,False,0.0,0.0,0.0,0.0,0.1224791,0.17769847452379603,0.0,0.0,0.0,0.0,0.0,0.0,
1791389478.7799518,disarmed,-0.007045052599591692,0.000664889745628969,0.0,0.0,-0.022470560028061443,0.0,0.14970259394838192,0.0,0.0,0.0,False,0.0,0.0,0.0,0.0,0.1224791,0.17769847452379603,0.0,0.0,0.0,0.0,0.0,0.0,
1791389478.7899306,disarmed,-0.007094225482650276,0.0006565847815952808,0.0,0.0,-0.022470560028061443,0.0,0.14970259394838192,0.0,0.0,0.0,False,0.0,0.0,0.0,0.0,0.1224791,0.17769847452379603,0.0,0.0,0.0,0.0,0.0,0.0,
1791389478.799906,disarmed,-0.007103343006070892,0.0006632784540832897,0.0,0.0,-0.022470560028061443,0.0,0.14970259394838192,0.0,0.0,0.0,False,0.0,0.0,0.0,0.0,0.1224791,0.17769847452379603,0.0,0.0,0.0,0.0,0.0,0.0,
1791389478.809915,disarmed,-0.007105227682743997,0.0006630421447522758,0.0,0.0,-0.022470560028061443,0.0,0.14970259394838192,0.0,0.0,0.0,False,0.0,0.0,0.0,0.0,0.1224791,0.17769847452379603,0.0,0.0,0.0,0.0,0.0,0.0,
1791389478.819908,disarmed,-0.0071088096000817445,0.0006604292333161427,0.0,0.0,-0.022470560028061443,0.0,0.14970259394838192,0.0,0.0,0.0,False,0.0,0.0,0.0,0.0,0.1224791,0.17769847452379603,0.0,0.0,0.0,0.0,0.0,0.0,
1791389478.8299098,disarmed,-0.007170603741355836,0.0006661404014071619,0.0,0.0,-0.022470560028061443,0.0,0.14970259394838192,0.0,0.0,0.0,False,0.0,0.0,0.0,0.0,0.1224791,0.17769847452379603,0.0,0.0,0.0,0.0,0.0,0.0,
1791389478.8399022,disarmed,-0.007203146045905466,0.000666670659504024,0.0,0.0,-0.022470560028061443,0.0,0.14970259394838192,0.0,0.0,0.0,False,0.0,0.0,0.0,0.0,0.1224791,0.17769847452379603,0.0,0.0,0.0,0.0,0.0,0.0,
1791389478.8498826,disarmed,-0.007229363224202738,0.0006908008627246933,0.0,0.0,-0.022470560028061443,0.0,0.14970259394838192,0.0,0.0,0.0,False,0.0,0.0,0.0,0.0,0.1224791,0.17769847452379603,0.0,0.0,0.0,0.0,0.0,0.0,
1791389478.859929,disarmed,-0.0072378445626933244,0.0007057277432764058,0.0,0.0,-0.022470560028061443,0.0,0.14970259394838192,0.0,0.0,0.0,False,0.0,0.0,0.0,0.0,0.1224791,0.17769847452379603,0.0,0.0,0.0,0.0,0.0,0.0,
1791389478.8698988,disarmed,-0.007230488763941268,0.0006867329409662126,0.0,0.0,-0.022470560028061443,0.0,0.14970259394838192,0.0,0.0,0.0,False,0.0,0.0,0.0,0.0,0.1224791,0.17769847452379603,0.0,0.0,0.0,0.0,0.0,0.0,
1791389478.8798873,disarmed,-0.007221241667209272,0.0006802145700857455,0.0,0.0,-0.022470560028061443,0.0,0.14970259394838192,0.0,0.0,0.0,False,0.0,0.0,0.0,0.0,0.1224791,0.17769847452379603,0.0,0.0,0.0,0.0,0.0,0.0,
1791389478.889909,disarmed,-0.007227614613075302,0.0006810209474390339,0.0,0.0,-0.022470560028061443,0.0,0.14970259394838192,0.0,0.0,0.0,False,0.0,0.0,0.0,0.0,0.1224791,0.17769847452379603,0.0,0.0,0.0,0.0,0.0,0.0,
1791389478.8999014,disarmed,-0.007216961494658425,0.0006299796760123674,0.0,0.0,-0.022470560028061443,0.0,0.14970259394838192,0.0,0.0,0.0,False,0.0,0.0,0.0,0.0,0.1224791,0.17769847452379603,0.0,0.0,0.0,0.0,0.0,0.0,
1791389478.909902,disarmed,-0.007238400753954475,0.000565417091724215,0.0,0.0,-0.022470560028061443,0.0,0.14970259394838192,0.0,0.0,0.0,False,0.0,0.0,0.0,0.0,0.1224791,0.17769847452379603,0.0,0.0,0.0,0.0,0.0,0.0,
1791389478.9199038,disarmed,-0.007267155569547974,0.0005198839540523206,0.0,0.0,-0.022470560028061443,0.0,0.14970259394838192,0.0,0.0,0.0,False,0.0,0.0,0.0,0.0,0.1224791,0.17769847452379603,0.0,0.0,0.0,0.0,0.0,0.0,
1791389478.9299047,disarmed,-0.007329093765749576,0.00047887465357734026,0.0,0.0,-0.022470560028061443,0.0,0.14970259394838192,0.0,0.0,0.0,False,0.0,0.0,0.0,0.0,0.1224791,0.17769847452379603,0.0,0.0,0.0,0.0,0.0,0.0,
1791389478.939902,disarmed,-0.0073140456111315975,0.00043891440622026044,0.0,0.0,-0.022470560028061443,0.0,0.14970259394838192,0.0,0.0,0.0,False,0.0,0.0,0.0,0.0,0.1224791,0.17769847452379603,0.0,0.0,0.0,0.0,0.0,0.0,
1791389478.9499261,disarmed,-0.007293226424749213,0.00046096872323117685,0.0,0.0,-0.022470560028061443,0.0,0.14970259394838192,0.0,0.0,0.0,False,0.0,0.0,0.0,0.0,0.1224791,0.17769847452379603,0.0,0.0,0.0,0.0,0.0,0.0,
1791389478.9599411,disarmed,-0.007326315661690665,0.0004900874249938623,0.0,0.0,-0.022470560028061443,0.0,0.14970259394838192,0.0,0.0,0.0,False,0.0,0.0,0.0,0.0,0.1224791,0.17769847452379603,0.0,0.0,0.0,0.0,0.0,0.0,
1791389478.9699867,disarmed,-0.007305600322077176,0.0005119968959825513,0.0,0.0,-0.022470560028061443,0.0,0.14970259394838192,0.0,0.0,0.0,False,0.0,0.0,0.0,0.0,0.1224791,0.17769847452379603,0.0,0.0,0.0,0.0,0.0,0.0,
1791389478.9798825,disarmed,-0.007295798452661536,0.0005503226141530164,0.0,0.0,-0.022470560028061443,0.0,0.14970259394838192,0.0,0.0,0.0,False,0.0,0.0,0.0,0.0,0.1224791,0.17769847452379603,0.0,0.0,0.0,0.0,0.0,0.0,
1791389478.9899025,disarmed,-0.0073109948845948725,0.0006047265274933501,0.0,0.0,-0.022470560028061443,0.0,0.14970259394838192,0.0,0.0,0.0,False,0.0,0.0,0.0,0.0,0.1224791,0.17769847452379603,0.0,0.0,0.0,0.0,0.0,0.0,
1791389478.999903,disarmed,-0.007281524128528294,0.0006218840287928125,0.0,0.0,-0.022470560028061443,0.0,0.14970259394838192,0.0,0.0,0.0,False,0.0,0.0,0.0,0.0,0.1224791,0.17769847452379603,0.0,0.0,0.0,0.0,0.0,0.0,
1791389479.0099213,disarmed,-0.007288408692066244,0.0006146040054909233,0.0,0.0,-0.022470560028061443,0.0,0.14970259394838192,0.0,0.0,0.0,False,0.0,0.0,0.0,0.0,0.1224791,0.17769847452379603,0.0,0.0,0.0,0.0,0.0,0.0,
1791389479.019906,disarmed,-0.007313435827168214,0.0006061901836258097,0.0,0.0,-0.022470560028061443,0.0,0.14970259394838192,0.0,0.0,0.0,False,0.0,0.0,0.0,0.0,0.1224791,0.17769847452379603,0.0,0.0,0.0,0.0,0.0,0.0,
1791389479.029906,disarmed,-0.007371189073696796,0.0005882274737329029,0.0,0.0,-0.022470560028061443,0.0,0.14970259394838192,0.0,0.0,0.0,False,0.0,0.0,0.0,0.0,0.1224791,0.17769847452379603,0.0,0.0,0.0,0.0,0.0,0.0,
1791389479.0399024,disarmed,-0.007374676033740154,0.0005612687073318265,0.0,0.0,-0.022470560028061443,0.0,0.14970259394838192,0.0,0.0,0.0,False,0.0,0.0,0.0,0.0,0.1224791,0.17769847452379603,0.0,0.0,0.0,0.0,0.0,0.0,
1791389479.0499413,disarmed,-0.0073943655999052565,0.0005334543812294723,0.0,0.0,-0.022470560028061443,0.0,0.14970259394838192,0.0,0.0,0.0,False,0.0,0.0,0.0,0.0,0.1224791,0.17769847452379603,0.0,0.0,0.0,0.0,0.0,0.0,
1791389479.0599046,disarmed,-0.00740193903619794,0.0005301075291221358,0.0,0.0,-0.022470560028061443,0.0,0.14970259394838192,0.0,0.0,0.0,False,0.0,0.0,0.0,0.0,0.1224791,0.17769847452379603,0.0,0.0,0.0,0.0,0.0,0.0,
1791389479.0705187,disarmed,-0.007371134635784328,0.0004683620409821863,0.0,0.0,-0.022470560028061443,0.0,0.14970259394838192,0.0,0.0,0.0,False,0.0,0.0,0.0,0.0,0.1224791,0.17769847452379603,0.0,0.0,0.0,0.0,0.0,0.0,
1791389479.079891,disarmed,-0.007370152926222089,0.0004746471146574577,0.0,0.0,-0.022470560028061443,0.0,0.14970259394838192,0.0,0.0,0.0,False,0.0,0.0,0.0,0.0,0.1224791,0.17769847452379603,0.0,0.0,0.0,0.0,0.0,0.0,
1791389479.0899394,disarmed,-0.007382470047931651,0.0004400968087047575,0.0,0.0,-0.022470560028061443,0.0,0.14970259394838192,0.0,0.0,0.0,False,0.0,0.0,0.0,0.0,0.1224791,0.17769847452379603,0.0,0.0,0.0,0.0,0.0,0.0,
1791389479.0998993,disarmed,-0.007362432228121956,0.00040719759148316863,0.0,0.0,-0.022470560028061443,0.0,0.14970259394838192,0.0,0.0,0.0,False,0.0,0.0,0.0,0.0,0.1224791,0.17769847452379603,0.0,0.0,0.0,0.0,0.0,0.0,
1791389479.1099226,disarmed,-0.007387508721398658,0.00037664823969775474,0.0,0.0,-0.022470560028061443,0.0,0.14970259394838192,0.0,0.0,0.0,False,0.0,0.0,0.0,0.0,0.1224791,0.17769847452379603,0.0,0.0,0.0,0.0,0.0,0.0,
1791389479.1199079,disarmed,-0.007348241555824109,0.00038559644801298087,0.0,0.0,-0.022470560028061443,0.0,0.14970259394838192,0.0,0.0,0.0,False,0.0,0.0,0.0,0.0,0.1224791,0.17769847452379603,0.0,0.0,0.0,0.0,0.0,0.0,
1791389479.1299007,disarmed,-0.0073174890152980935,0.00039720469960139956,0.0,0.0,-0.022470560028061443,0.0,0.14970259394838192,0.0,0.0,0.0,False,0.0,0.0,0.0,0.0,0.1224791,0.17769847452379603,0.0,0.0,0.0,0.0,0.0,0.0,
1791389479.1399314,disarmed,-0.007282269160918698,0.0004298058247894398,0.0,0.0,-0.022470560028061443,0.0,0.14970259394838192,0.0,0.0,0.0,False,0.0,0.0,0.0,0.0,0.1224791,0.17769847452379603,0.0,0.0,0.0,0.0,0.0,0.0,
1791389479.1499062,disarmed,-0.007220585178065165,0.00047529083170914856,0.0,0.0,-0.022470560028061443,0.0,0.14970259394838192,0.0,0.0,0.0,False,0.0,0.0,0.0,0.0,0.1224791,0.17769847452379603,0.0,0.0,0.0,0.0,0.0,0.0,
1791389479.1599002,disarmed,-0.007149794997039301,0.0005140665113773303,0.0,0.0,-0.022470560028061443,0.0,0.14970259394838192,0.0,0.0,0.0,False,0.0,0.0,0.0,0.0,0.1224791,0.17769847452379603,0.0,0.0,0.0,0.0,0.0,0.0,
1791389479.169898,disarmed,-0.007089573869804048,0.0005305820828116294,0.0,0.0,-0.022470560028061443,0.0,0.14970259394838192,0.0,0.0,0.0,False,0.0,0.0,0.0,0.0,0.1224791,0.17769847452379603,0.0,0.0,0.0,0.0,0.0,0.0,
1791389479.179894,disarmed,-0.007060307954487423,0.0005131880021142667,0.0,0.0,-0.022470560028061443,0.0,0.14970259394838192,0.0,0.0,0.0,False,0.0,0.0,0.0,0.0,0.1224791,0.17769847452379603,0.0,0.0,0.0,0.0,0.0,0.0,
1791389479.1899023,disarmed,-0.007004981442086589,0.000544844084158581,0.0,0.0,-0.022470560028061443,0.0,0.14970259394838192,0.0,0.0,0.0,False,0.0,0.0,0.0,0.0,0.1224791,0.17769847452379603,0.0,0.0,0.0,0.0,0.0,0.0,
1791389479.199922,disarmed,-0.006930557251874438,0.0005472041426191022,0.0,0.0,-0.022470560028061443,0.0,0.14970259394838192,0.0,0.0,0.0,False,0.0,0.0,0.0,0.0,0.1224791,0.17769847452379603,0.0,0.0,0.0,0.0,0.0,0.0,
1791389479.2099571,disarmed,-0.006895155617658231,0.0005164802046668157,0.0,0.0,-0.022470560028061443,0.0,0.14970259394838192,0.0,0.0,0.0,False,0.0,0.0,0.0,0.0,0.1224791,0.17769847452379603,0.0,0.0,0.0,0.0,0.0,0.0,
1791389479.2199376,disarmed,-0.006870726236402671,0.00043107467747060526,0.0,0.0,-0.022470560028061443,0.0,0.14970259394838192,0.0,0.0,0.0,False,0.0,0.0,0.0,0.0,0.1224791,0.17769847452379603,0.0,0.0,0.0,0.0,0.0,0.0,
1791389479.2299163,disarmed,-0.006848493106673467,0.0003841535295627143,0.0,0.0,-0.022470560028061443,0.0,0.14970259394838192,0.0,0.0,0.0,False,0.0,0.0,0.0,0.0,0.1224791,0.17769847452379603,0.0,0.0,0.0,0.0,0.0,0.0,
1791389479.2399144,disarmed,-0.00682010043591917,0.00031409553547755907,0.0,0.0,-0.022470560028061443,0.0,0.14970259394838192,0.0,0.0,0.0,False,0.0,0.0,0.0,0.0,0.1224791,0.17769847452379603,0.0,0.0,0.0,0.0,0.0,0.0,
1791389479.2499406,disarmed,-0.006822730851884933,0.00027118557961051693,0.0,0.0,-0.022470560028061443,0.0,0.14970259394838192,0.0,0.0,0.0,False,0.0,0.0,0.0,0.0,0.1224791,0.17769847452379603,0.0,0.0,0.0,0.0,0.0,0.0,
1791389479.2599204,disarmed,-0.006791492754998255,0.00023207749502321794,0.0,0.0,-0.022470560028061443,0.0,0.14970259394838192,0.0,0.0,0.0,False,0.0,0.0,0.0,0.0,0.1224791,0.17769847452379603,0.0,0.0,0.0,0.0,0.0,0.0,
1791389479.2699196,disarmed,-0.006765684792009848,0.0002244599687062126,0.0,0.0,-0.022470560028061443,0.0,0.14970259394838192,0.0,0.0,0.0,False,0.0,0.0,0.0,0.0,0.1224791,0.17769847452379603,0.0,0.0,0.0,0.0,0.0,0.0,
1791389479.2799292,disarmed,-0.0067520004488920435,0.0002511334303943794,0.0,0.0,-0.022470560028061443,0.0,0.14970259394838192,0.0,0.0,0.0,False,0.0,0.0,0.0,0.0,0.1224791,0.17769847452379603,0.0,0.0,0.0,0.0,0.0,0.0,
1791389479.2899437,disarmed,-0.0067214702226038444,0.00026244177761458923,0.0,0.0,-0.022470560028061443,0.0,0.14970259394838192,0.0,0.0,0.0,False,0.0,0.0,0.0,0.0,0.1224791,0.17769847452379603,0.0,0.0,0.0,0.0,0.0,0.0,
1791389479.299918,disarmed,-0.00671684513609614,0.0002469431277075641,0.0,0.0,-0.022470560028061443,0.0,0.14970259394838192,0.0,0.0,0.0,False,0.0,0.0,0.0,0.0,0.1224791,0.17769847452379603,0.0,0.0,0.0,0.0,0.0,0.0,
1791389479.309941,disarmed,-0.006734221653274706,0.0002542087378577405,0.0,0.0,-0.022470560028061443,0.0,0.14970259394838192,0.0,0.0,0.0,False,0.0,0.0,0.0,0.0,0.1224791,0.17769847452379603,0.0,0.0,0.0,0.0,0.0,0.0,
1791389479.3199089,disarmed,-0.006774720604921082,0.00027777514934510504,0.0,0.0,-0.022470560028061443,0.0,0.14970259394838192,0.0,0.0,0.0,False,0.0,0.0,0.0,0.0,0.1224791,0.17769847452379603,0.0,0.0,0.0,0.0,0.0,0.0,
1791389479.3299084,disarmed,-0.006802039023652217,0.00029547129123245856,0.0,0.0,-0.022470560028061443,0.0,0.14970259394838192,0.0,0.0,0.0,False,0.0,0.0,0.0,0.0,0.1224791,0.17769847452379603,0.0,0.0,0.0,0.0,0.0,0.0,
1791389479.3399076,disarmed,-0.006817035895688849,0.00034771778961018013,0.0,0.0,-0.022470560028061443,0.0,0.14970259394838192,0.0,0.0,0.0,False,0.0,0.0,0.0,0.0,0.1224791,0.17769847452379603,0.0,0.0,0.0,0.0,0.0,0.0,
1791389479.3499033,disarmed,-0.006750327839512931,0.00037340651447012314,0.0,0.0,-0.022470560028061443,0.0,0.14970259394838192,0.0,0.0,0.0,False,0.0,0.0,0.0,0.0,0.1224791,0.17769847452379603,0.0,0.0,0.0,0.0,0.0,0.0,
1791389479.3598897,disarmed,-0.006746122166379455,0.0003842416103208084,0.0,0.0,-0.022470560028061443,0.0,0.14970259394838192,0.0,0.0,0.0,False,0.0,0.0,0.0,0.0,0.1224791,0.17769847452379603,0.0,0.0,0.0,0.0,0.0,0.0,
1791389479.3702075,disarmed,-0.006764731679288596,0.0003506102888678241,0.0,0.0,-0.022470560028061443,0.0,0.14970259394838192,0.0,0.0,0.0,False,0.0,0.0,0.0,0.0,0.1224791,0.17769847452379603,0.0,0.0,0.0,0.0,0.0,0.0,
1791389479.3799233,disarmed,-0.006763779078380362,0.00034462254779194017,0.0,0.0,-0.022470560028061443,0.0,0.14970259394838192,0.0,0.0,0.0,False,0.0,0.0,0.0,0.0,0.1224791,0.17769847452379603,0.0,0.0,0.0,0.0,0.0,0.0,
1791389479.389907,disarmed,-0.006789149127807618,0.0003014779233416369,0.0,0.0,-0.022470560028061443,0.0,0.14970259394838192,0.0,0.0,0.0,False,0.0,0.0,0.0,0.0,0.1224791,0.17769847452379603,0.0,0.0,0.0,0.0,0.0,0.0,
1791389479.3999236,disarmed,-0.006809252603295629,0.00026331121412965483,0.0,0.0,-0.022470560028061443,0.0,0.14970259394838192,0.0,0.0,0.0,False,0.0,0.0,0.0,0.0,0.1224791,0.17769847452379603,0.0,0.0,0.0,0.0,0.0,0.0,
1791389479.409924,disarmed,-0.006795301667781724,0.00021693808653421774,0.0,0.0,-0.022470560028061443,0.0,0.14970259394838192,0.0,0.0,0.0,False,0.0,0.0,0.0,0.0,0.1224791,0.17769847452379603,0.0,0.0,0.0,0.0,0.0,0.0,
1791389479.4199414,disarmed,-0.0067822044161017754,0.00016444546417456637,0.0,0.0,-0.022470560028061443,0.0,0.14970259394838192,0.0,0.0,0.0,False,0.0,0.0,0.0,0.0,0.1224791,0.17769847452379603,0.0,0.0,0.0,0.0,0.0,0.0,
1791389479.4299018,disarmed,-0.006775020836493234,0.00018192633472328157,0.0,0.0,-0.022470560028061443,0.0,0.14970259394838192,0.0,0.0,0.0,False,0.0,0.0,0.0,0.0,0.1224791,0.17769847452379603,0.0,0.0,0.0,0.0,0.0,0.0,
1791389479.4399168,disarmed,-0.006757513542095294,0.00018707194867480543,0.0,0.0,-0.022470560028061443,0.0,0.14970259394838192,0.0,0.0,0.0,False,0.0,0.0,0.0,0.0,0.1224791,0.17769847452379603,0.0,0.0,0.0,0.0,0.0,0.0,
1791389479.4498994,disarmed,-0.0067566753156536995,0.0001833343396481508,0.0,0.0,-0.022470560028061443,0.0,0.14970259394838192,0.0,0.0,0.0,False,0.0,0.0,0.0,0.0,0.1224791,0.17769847452379603,0.0,0.0,0.0,0.0,0.0,0.0,
1791389479.4599085,disarmed,-0.006770451511350562,0.00020546818601249088,0.0,0.0,-0.022470560028061443,0.0,0.14970259394838192,0.0,0.0,0.0,False,0.0,0.0,0.0,0.0,0.1224791,0.17769847452379603,0.0,0.0,0.0,0.0,0.0,0.0,
1791389479.4699194,disarmed,-0.006759367114285709,0.0002113433790647343,0.0,0.0,-0.022470560028061443,0.0,0.14970259394838192,0.0,0.0,0.0,False,0.0,0.0,0.0,0.0,0.1224791,0.17769847452379603,0.0,0.0,0.0,0.0,0.0,0.0,
1791389479.4799023,disarmed,-0.006752011524963937,0.00025111702783104777,0.0,0.0,-0.022470560028061443,0.0,0.14970259394838192,0.0,0.0,0.0,False,0.0,0.0,0.0,0.0,0.1224791,0.17769847452379603,0.0,0.0,0.0,0.0,0.0,0.0,
1791389479.4899025,disarmed,-0.0067607759719587315,0.00024362401757202837,0.0,0.0,-0.022470560028061443,0.0,0.14970259394838192,0.0,0.0,0.0,False,0.0,0.0,0.0,0.0,0.1224791,0.17769847452379603,0.0,0.0,0.0,0.0,0.0,0.0,
1791389479.4999144,disarmed,-0.0067464876709796605,0.00021974026188218397,0.0,0.0,-0.022470560028061443,0.0,0.14970259394838192,0.0,0.0,0.0,False,0.0,0.0,0.0,0.0,0.1224791,0.17769847452379603,0.0,0.0,0.0,0.0,0.0,0.0,
1791389479.5099034,disarmed,-0.006755095010128002,0.00022227693663946007,0.0,0.0,-0.022470560028061443,0.0,0.14970259394838192,0.0,0.0,0.0,False,0.0,0.0,0.0,0.0,0.1224791,0.17769847452379603,0.0,0.0,0.0,0.0,0.0,0.0,
1791389479.5199008,disarmed,-0.0067216100670961275,0.00021573708506671195,0.0,0.0,-0.022470560028061443,0.0,0.14970259394838192,0.0,0.0,0.0,False,0.0,0.0,0.0,0.0,0.1224791,0.17769847452379603,0.0,0.0,0.0,0.0,0.0,0.0,
1791389479.5299323,disarmed,-0.006731741034046068,0.00020387408246082793,0.0,0.0,-0.022470560028061443,0.0,0.14970259394838192,0.0,0.0,0.0,False,0.0,0.0,0.0,0.0,0.1224791,0.17769847452379603,0.0,0.0,0.0,0.0,0.0,0.0,
1791389479.539943,disarmed,-0.006722691280244057,0.0002215609553612405,0.0,0.0,-0.022470560028061443,0.0,0.14970259394838192,0.0,0.0,0.0,False,0.0,0.0,0.0,0.0,0.1224791,0.17769847452379603,0.0,0.0,0.0,0.0,0.0,0.0,
1791389479.5498853,disarmed,-0.0067634024485956085,0.0001860849361647651,0.0,0.0,-0.022470560028061443,0.0,0.14970259394838192,0.0,0.0,0.0,False,0.0,0.0,0.0,0.0,0.1224791,0.17769847452379603,0.0,0.0,0.0,0.0,0.0,0.0,
1791389479.559915,disarmed,-0.006772225451719733,0.00017851802600808285,0.0,0.0,-0.022470560028061443,0.0,0.14970259394838192,0.0,0.0,0.0,False,0.0,0.0,0.0,0.0,0.1224791,0.17769847452379603,0.0,0.0,0.0,0.0,0.0,0.0,
1791389479.569929,disarmed,-0.006793711852735719,0.0001505942828225225,0.0,0.0,-0.022470560028061443,0.0,0.14970259394838192,0.0,0.0,0.0,False,0.0,0.0,0.0,0.0,0.1224791,0.17769847452379603,0.0,0.0,0.0,0.0,0.0,0.0,
1791389479.579912,disarmed,-0.006817050273976036,0.00015679138371829814,0.0,0.0,-0.022470560028061443,0.0,0.14970259394838192,0.0,0.0,0.0,False,0.0,0.0,0.0,0.0,0.1224791,0.17769847452379603,0.0,0.0,0.0,0.0,0.0,0.0,
1791389479.5898788,disarmed,-0.006859049554490077,0.0001415218170986749,0.0,0.0,-0.022470560028061443,0.0,0.14970259394838192,0.0,0.0,0.0,False,0.0,0.0,0.0,0.0,0.1224791,0.17769847452379603,0.0,0.0,0.0,0.0,0.0,0.0,
1791389479.5998998,disarmed,-0.006894592290244822,0.0001353785771086465,0.0,0.0,-0.022470560028061443,0.0,0.14970259394838192,0.0,0.0,0.0,False,0.0,0.0,0.0,0.0,0.1224791,0.17769847452379603,0.0,0.0,0.0,0.0,0.0,0.0,
1791389479.6099317,disarmed,-0.006939374743472795,0.0001479944461873792,0.0,0.0,-0.022470560028061443,0.0,0.14970259394838192,0.0,0.0,0.0,False,0.0,0.0,0.0,0.0,0.1224791,0.17769847452379603,0.0,0.0,0.0,0.0,0.0,0.0,
1791389479.6198921,disarmed,-0.006978553185352711,0.00015140314071450162,0.0,0.0,-0.022470560028061443,0.0,0.14970259394838192,0.0,0.0,0.0,False,0.0,0.0,0.0,0.0,0.1224791,0.17769847452379603,0.0,0.0,0.0,0.0,0.0,0.0,
1791389479.6299262,disarmed,-0.007016952049518982,0.00015100257671562883,0.0,0.0,-0.022470560028061443,0.0,0.14970259394838192,0.0,0.0,0.0,False,0.0,0.0,0.0,0.0,0.1224791,0.17769847452379603,0.0,0.0,0.0,0.0,0.0,0.0,
1791389479.6398911,disarmed,-0.007029396781370672,0.00015299738973447919,0.0,0.0,-0.022470560028061443,0.0,0.14970259394838192,0.0,0.0,0.0,False,0.0,0.0,0.0,0.0,0.1224791,0.17769847452379603,0.0,0.0,0.0,0.0,0.0,0.0,
1791389479.649903,disarmed,-0.007052018503777403,0.00016753484014530318,0.0,0.0,-0.022470560028061443,0.0,0.14970259394838192,0.0,0.0,0.0,False,0.0,0.0,0.0,0.0,0.1224791,0.17769847452379603,0.0,0.0,0.0,0.0,0.0,0.0,
1791389479.6599133,disarmed,-0.007074169850422241,0.00019010233100166788,0.0,0.0,-0.022470560028061443,0.0,0.14970259394838192,0.0,0.0,0.0,False,0.0,0.0,0.0,0.0,0.1224791,0.17769847452379603,0.0,0.0,0.0,0.0,0.0,0.0,
1791389479.6704307,disarmed,-0.007146603595506394,0.0002101638617882902,0.0,0.0,-0.022470560028061443,0.0,0.14970259394838192,0.0,0.0,0.0,False,0.0,0.0,0.0,0.0,0.1224791,0.17769847452379603,0.0,0.0,0.0,0.0,0.0,0.0,
1791389479.6798995,disarmed,-0.0071857487955404396,0.00021362306267065596,0.0,0.0,-0.022470560028061443,0.0,0.14970259394838192,0.0,0.0,0.0,False,0.0,0.0,0.0,0.0,0.1224791,0.17769847452379603,0.0,0.0,0.0,0.0,0.0,0.0,
1791389479.6898954,disarmed,-0.007194331020757407,0.00021618343966628496,0.0,0.0,-0.022470560028061443,0.0,0.14970259394838192,0.0,0.0,0.0,False,0.0,0.0,0.0,0.0,0.1224791,0.17769847452379603,0.0,0.0,0.0,0.0,0.0,0.0,
1791389479.6998968,disarmed,-0.00721344089624577,0.00018431139907619276,0.0,0.0,-0.022470560028061443,0.0,0.14970259394838192,0.0,0.0,0.0,False,0.0,0.0,0.0,0.0,0.1224791,0.17769847452379603,0.0,0.0,0.0,0.0,0.0,0.0,
1791389479.7099116,disarmed,-0.0072365311478084764,0.00016393794442189712,0.0,0.0,-0.022470560028061443,0.0,0.14970259394838192,0.0,0.0,0.0,False,0.0,0.0,0.0,0.0,0.1224791,0.17769847452379603,0.0,0.0,0.0,0.0,0.0,0.0,
1791389479.7199113,disarmed,-0.007277930040317646,0.00013239123606082254,0.0,0.0,-0.022470560028061443,0.0,0.14970259394838192,0.0,0.0,0.0,False,0.0,0.0,0.0,0.0,0.1224791,0.17769847452379603,0.0,0.0,0.0,0.0,0.0,0.0,
1791389479.7299142,disarmed,-0.0073623838322206,0.00011588596252684033,0.0,0.0,-0.022470560028061443,0.0,0.14970259394838192,0.0,0.0,0.0,False,0.0,0.0,0.0,0.0,0.1224791,0.17769847452379603,0.0,0.0,0.0,0.0,0.0,0.0,
1791389479.7399359,disarmed,-0.0074343212077327735,0.00013419571682220504,0.0,0.0,-0.022470560028061443,0.0,0.14970259394838192,0.0,0.0,0.0,False,0.0,0.0,0.0,0.0,0.1224791,0.17769847452379603,0.0,0.0,0.0,0.0,0.0,0.0,
1791389479.7499113,disarmed,-0.00747111637173059,0.00012383775282967337,0.0,0.0,-0.022470560028061443,0.0,0.14970259394838192,0.0,0.0,0.0,False,0.0,0.0,0.0,0.0,0.1224791,0.17769847452379603,0.0,0.0,0.0,0.0,0.0,0.0,
1791389479.759901,disarmed,-0.007550884357740283,0.00010415991424471318,0.0,0.0,-0.022470560028061443,0.0,0.14970259394838192,0.0,0.0,0.0,False,0.0,0.0,0.0,0.0,0.1224791,0.17769847452379603,0.0,0.0,0.0,0.0,0.0,0.0,
1791389479.769934,disarmed,-0.00759888557299847,0.0001244698136584365,0.0,0.0,-0.022470560028061443,0.0,0.14970259394838192,0.0,0.0,0.0,False,0.0,0.0,0.0,0.0,0.1224791,0.17769847452379603,0.0,0.0,0.0,0.0,0.0,0.0,
1791389479.7799475,disarmed,-0.007652584793213251,0.0001293978502353471,0.0,0.0,-0.022470560028061443,0.0,0.14970259394838192,0.0,0.0,0.0,False,0.0,0.0,0.0,0.0,0.1224791,0.17769847452379603,0.0,0.0,0.0,0.0,0.0,0.0,
1791389479.7899005,disarmed,-0.007700110480643487,0.00013324390734012197,0.0,0.0,-0.022470560028061443,0.0,0.14970259394838192,0.0,0.0,0.0,False,0.0,0.0,0.0,0.0,0.1224791,0.17769847452379603,0.0,0.0,0.0,0.0,0.0,0.0,
1791389479.799901,disarmed,-0.007777394590490387,0.00010974149801653497,0.0,0.0,-0.022470560028061443,0.0,0.14970259394838192,0.0,0.0,0.0,False,0.0,0.0,0.0,0.0,0.1224791,0.17769847452379603,0.0,0.0,0.0,0.0,0.0,0.0,
1791389479.8099003,disarmed,-0.00787869756080658,0.00010860622724579274,0.0,0.0,-0.022470560028061443,0.0,0.14970259394838192,0.0,0.0,0.0,False,0.0,0.0,0.0,0.0,0.1224791,0.17769847452379603,0.0,0.0,0.0,0.0,0.0,0.0,
1791389479.81991,disarmed,-0.007941701551172704,0.00014444089747452356,0.0,0.0,-0.022470560028061443,0.0,0.14970259394838192,0.0,0.0,0.0,False,0.0,0.0,0.0,0.0,0.1224791,0.17769847452379603,0.0,0.0,0.0,0.0,0.0,0.0,
1791389479.8299017,disarmed,-0.008001879207246237,0.00014021054092457763,0.0,0.0,-0.022470560028061443,0.0,0.14970259394838192,0.0,0.0,0.0,False,0.0,0.0,0.0,0.0,0.1224791,0.17769847452379603,0.0,0.0,0.0,0.0,0.0,0.0,
1791389479.83991,disarmed,-0.008071720546709099,0.0001443536610440876,0.0,0.0,-0.022470560028061443,0.0,0.14970259394838192,0.0,0.0,0.0,False,0.0,0.0,0.0,0.0,0.1224791,0.17769847452379603,0.0,0.0,0.0,0.0,0.0,0.0,
1791389479.849883,disarmed,-0.008112857290097607,0.00014742934411013722,0.0,0.0,-0.022470560028061443,0.0,0.14970259394838192,0.0,0.0,0.0,False,0.0,0.0,0.0,0.0,0.1224791,0.17769847452379603,0.0,0.0,0.0,0.0,0.0,0.0,
1791389479.8599079,disarmed,-0.008158661118693632,0.00017819157163021152,0.0,0.0,-0.022470560028061443,0.0,0.14970259394838192,0.0,0.0,0.0,False,0.0,0.0,0.0,0.0,0.1224791,0.17769847452379603,0.0,0.0,0.0,0.0,0.0,0.0,
1791389479.8698974,disarmed,-0.008191107605338512,0.00021314165008014835,0.0,0.0,-0.022470560028061443,0.0,0.14970259394838192,0.0,0.0,0.0,False,0.0,0.0,0.0,0.0,0.1224791,0.17769847452379603,0.0,0.0,0.0,0.0,0.0,0.0,
1791389479.879916,disarmed,-0.008234017559663367,0.000213710003945155,0.0,0.0,-0.022470560028061443,0.0,0.14970259394838192,0.0,0.0,0.0,False,0.0,0.0,0.0,0.0,0.1224791,0.17769847452379603,0.0,0.0,0.0,0.0,0.0,0.0,
1791389479.8898957,disarmed,-0.008266986510925861,0.0002283353864128356,0.0,0.0,-0.022470560028061443,0.0,0.14970259394838192,0.0,0.0,0.0,False,0.0,0.0,0.0,0.0,0.1224791,0.17769847452379603,0.0,0.0,0.0,0.0,0.0,0.0,
1791389479.8999023,disarmed,-0.008312060127165592,0.00021850665952158024,0.0,0.0,-0.022470560028061443,0.0,0.14970259394838192,0.0,0.0,0.0,False,0.0,0.0,0.0,0.0,0.1224791,0.17769847452379603,0.0,0.0,0.0,0.0,0.0,0.0,
1791389479.9099047,disarmed,-0.008322998801149176,0.0002226341405028478,0.0,0.0,-0.022470560028061443,0.0,0.14970259394838192,0.0,0.0,0.0,False,0.0,0.0,0.0,0.0,0.1224791,0.17769847452379603,0.0,0.0,0.0,0.0,0.0,0.0,
1791389479.919901,disarmed,-0.00831270441540019,0.0002102484470320651,0.0,0.0,-0.022470560028061443,0.0,0.14970259394838192,0.0,0.0,0.0,False,0.0,0.0,0.0,0.0,0.1224791,0.17769847452379603,0.0,0.0,0.0,0.0,0.0,0.0,
1791389479.9299054,disarmed,-0.008311647997993976,0.0002288816311582527,0.0,0.0,-0.022470560028061443,0.0,0.14970259394838192,0.0,0.0,0.0,False,0.0,0.0,0.0,0.0,0.1224791,0.17769847452379603,0.0,0.0,0.0,0.0,0.0,0.0,
1791389479.939906,disarmed,-0.008278589182748073,0.00023887431491326357,0.0,0.0,-0.022470560028061443,0.0,0.14970259394838192,0.0,0.0,0.0,False,0.0,0.0,0.0,0.0,0.1224791,0.17769847452379603,0.0,0.0,0.0,0.0,0.0,0.0,
1791389479.9499047,disarmed,-0.008229256511801222,0.00022533580052423182,0.0,0.0,-0.022470560028061443,0.0,0.14970259394838192,0.0,0.0,0.0,False,0.0,0.0,0.0,0.0,0.1224791,0.17769847452379603,0.0,0.0,0.0,0.0,0.0,0.0,
1791389479.9598958,disarmed,-0.008164996665866344,0.00023043753683355393,0.0,0.0,-0.022470560028061443,0.0,0.14970259394838192,0.0,0.0,0.0,False,0.0,0.0,0.0,0.0,0.1224791,0.17769847452379603,0.0,0.0,0.0,0.0,0.0,0.0,
1791389479.969964,disarmed,-0.008119811796660655,0.0002281782024621187,0.0,0.0,-0.022470560028061443,0.0,0.14970259394838192,0.0,0.0,0.0,False,0.0,0.0,0.0,0.0,0.1224791,0.17769847452379603,0.0,0.0,0.0,0.0,0.0,0.0,
1791389479.9799187,disarmed,-0.008048353864286938,0.00023855819256170417,0.0,0.0,-0.022470560028061443,0.0,0.14970259394838192,0.0,0.0,0.0,False,0.0,0.0,0.0,0.0,0.1224791,0.17769847452379603,0.0,0.0,0.0,0.0,0.0,0.0,
1791389479.9899044,disarmed,-0.008012565395104221,0.00024260224442150627,0.0,0.0,-0.022470560028061443,0.0,0.14970259394838192,0.0,0.0,0.0,False,0.0,0.0,0.0,0.0,0.1224791,0.17769847452379603,0.0,0.0,0.0,0.0,0.0,0.0,
1791389479.9999075,disarmed,-0.007975272459422146,0.00022674698068110607,0.0,0.0,-0.022470560028061443,0.0,0.14970259394838192,0.0,0.0,0.0,False,0.0,0.0,0.0,0.0,0.1224791,0.17769847452379603,0.0,0.0,0.0,0.0,0.0,0.0,
1791389480.0099003,disarmed,-0.007904814482410715,0.00021857588024647666,0.0,0.0,-0.022470560028061443,0.0,0.14970259394838192,0.0,0.0,0.0,False,0.0,0.0,0.0,0.0,0.1224791,0.17769847452379603,0.0,0.0,0.0,0.0,0.0,0.0,
1791389480.0199184,disarmed,-0.007833477599711713,0.0002165408318092003,0.0,0.0,-0.022470560028061443,0.0,0.14970259394838192,0.0,0.0,0.0,False,0.0,0.0,0.0,0.0,0.1224791,0.17769847452379603,0.0,0.0,0.0,0.0,0.0,0.0,
1791389480.0299265,disarmed,-0.0078038771836339525,0.000209397840253128,0.0,0.0,-0.022470560028061443,0.0,0.14970259394838192,0.0,0.0,0.0,False,0.0,0.0,0.0,0.0,0.1224791,0.17769847452379603,0.0,0.0,0.0,0.0,0.0,0.0,
1791389480.039948,disarmed,-0.007763374473452409,0.0001980789483464414,0.0,0.0,-0.022470560028061443,0.0,0.14970259394838192,0.0,0.0,0.0,False,0.0,0.0,0.0,0.0,0.1224791,0.17769847452379603,0.0,0.0,0.0,0.0,0.0,0.0,
1791389480.0499177,disarmed,-0.00774523653208786,0.0001992205654186133,0.0,0.0,-0.022470560028061443,0.0,0.14970259394838192,0.0,0.0,0.0,False,0.0,0.0,0.0,0.0,0.1224791,0.17769847452379603,0.0,0.0,0.0,0.0,0.0,0.0,
1791389480.0599136,disarmed,-0.0076753636080556424,0.00022938329416871472,0.0,0.0,-0.022470560028061443,0.0,0.14970259394838192,0.0,0.0,0.0,False,0.0,0.0,0.0,0.0,0.1224791,0.17769847452379603,0.0,0.0,0.0,0.0,0.0,0.0,
1791389480.0699003,disarmed,-0.007619216158865774,0.0002450562868904474,0.0,0.0,-0.022470560028061443,0.0,0.14970259394838192,0.0,0.0,0.0,False,0.0,0.0,0.0,0.0,0.1224791,0.17769847452379603,0.0,0.0,0.0,0.0,0.0,0.0,
1791389480.0799172,disarmed,-0.007572232914143496,0.00024288472592683965,0.0,0.0,-0.022470560028061443,0.0,0.14970259394838192,0.0,0.0,0.0,False,0.0,0.0,0.0,0.0,0.1224791,0.17769847452379603,0.0,0.0,0.0,0.0,0.0,0.0,
1791389480.089927,disarmed,-0.007552887453454855,0.00023595828845646746,0.0,0.0,-0.022470560028061443,0.0,0.14970259394838192,0.0,0.0,0.0,False,0.0,0.0,0.0,0.0,0.1224791,0.17769847452379603,0.0,0.0,0.0,0.0,0.0,0.0,
1791389480.0999098,disarmed,-0.007507050036804428,0.0002272864988204736,0.0,0.0,-0.022470560028061443,0.0,0.14970259394838192,0.0,0.0,0.0,False,0.0,0.0,0.0,0.0,0.1224791,0.17769847452379603,0.0,0.0,0.0,0.0,0.0,0.0,
1791389480.1098998,disarmed,-0.007463387169572371,0.00023266480346529781,0.0,0.0,-0.022470560028061443,0.0,0.14970259394838192,0.0,0.0,0.0,False,0.0,0.0,0.0,0.0,0.1224791,0.17769847452379603,0.0,0.0,0.0,0.0,0.0,0.0,
1791389480.119897,disarmed,-0.007426543485581248,0.00025534141293656083,0.0,0.0,-0.022470560028061443,0.0,0.14970259394838192,0.0,0.0,0.0,False,0.0,0.0,0.0,0.0,0.1224791,0.17769847452379603,0.0,0.0,0.0,0.0,0.0,0.0,
1791389480.1299274,disarmed,-0.007404438414312286,0.00028165710789844543,0.0,0.0,-0.022470560028061443,0.0,0.14970259394838192,0.0,0.0,0.0,False,0.0,0.0,0.0,0.0,0.1224791,0.17769847452379603,0.0,0.0,0.0,0.0,0.0,0.0,
1791389480.1399434,disarmed,-0.0073988186367726395,0.00032139973439575747,0.0,0.0,-0.022470560028061443,0.0,0.14970259394838192,0.0,0.0,0.0,False,0.0,0.0,0.0,0.0,0.1224791,0.17769847452379603,0.0,0.0,0.0,0.0,0.0,0.0,
1791389480.1498866,disarmed,-0.0073572719216049255,0.000340908407479878,0.0,0.0,-0.022470560028061443,0.0,0.14970259394838192,0.0,0.0,0.0,False,0.0,0.0,0.0,0.0,0.1224791,0.17769847452379603,0.0,0.0,0.0,0.0,0.0,0.0,
1791389480.1599152,disarmed,-0.007342500988627644,0.0003862269662722124,0.0,0.0,-0.022470560028061443,0.0,0.14970259394838192,0.0,0.0,0.0,False,0.0,0.0,0.0,0.0,0.1224791,0.17769847452379603,0.0,0.0,0.0,0.0,0.0,0.0,
1791389480.169941,disarmed,-0.00737948972135079,0.0003878484358439054,0.0,0.0,-0.022470560028061443,0.0,0.14970259394838192,0.0,0.0,0.0,False,0.0,0.0,0.0,0.0,0.1224791,0.17769847452379603,0.0,0.0,0.0,0.0,0.0,0.0,
1791389480.1798987,disarmed,-0.007385752399310535,0.00038879152610332804,0.0,0.0,-0.022470560028061443,0.0,0.14970259394838192,0.0,0.0,0.0,False,0.0,0.0,0.0,0.0,0.1224791,0.17769847452379603,0.0,0.0,0.0,0.0,0.0,0.0,
1791389480.1899076,disarmed,-0.007416190506049653,0.0003996545247755771,0.0,0.0,-0.022470560028061443,0.0,0.14970259394838192,0.0,0.0,0.0,False,0.0,0.0,0.0,0.0,0.1224791,0.17769847452379603,0.0,0.0,0.0,0.0,0.0,0.0,
1791389480.1999562,disarmed,-0.00745386923094672,0.0004174247413339493,0.0,0.0,-0.022470560028061443,0.0,0.14970259394838192,0.0,0.0,0.0,False,0.0,0.0,0.0,0.0,0.1224791,0.17769847452379603,0.0,0.0,0.0,0.0,0.0,0.0,
1791389480.209897,disarmed,-0.007475202395905255,0.0003750614063561147,0.0,0.0,-0.022470560028061443,0.0,0.14970259394838192,0.0,0.0,0.0,False,0.0,0.0,0.0,0.0,0.1224791,0.17769847452379603,0.0,0.0,0.0,0.0,0.0,0.0,
1791389480.2199433,disarmed,-0.007474127289085157,0.00035699975344920617,0.0,0.0,-0.022470560028061443,0.0,0.14970259394838192,0.0,0.0,0.0,False,0.0,0.0,0.0,0.0,0.1224791,0.17769847452379603,0.0,0.0,0.0,0.0,0.0,0.0,
1791389480.2299166,disarmed,-0.007494875533740402,0.0003129920672254391,0.0,0.0,-0.022470560028061443,0.0,0.14970259394838192,0.0,0.0,0.0,False,0.0,0.0,0.0,0.0,0.1224791,0.17769847452379603,0.0,0.0,0.0,0.0,0.0,0.0,
1791389480.2399113,disarmed,-0.0075329838447283255,0.0003105637322685026,0.0,0.0,-0.022470560028061443,0.0,0.14970259394838192,0.0,0.0,0.0,False,0.0,0.0,0.0,0.0,0.1224791,0.17769847452379603,0.0,0.0,0.0,0.0,0.0,0.0,
1791389480.249876,disarmed,-0.007582583288075097,0.00030414160765724696,0.0,0.0,-0.022470560028061443,0.0,0.14970259394838192,0.0,0.0,0.0,False,0.0,0.0,0.0,0.0,0.1224791,0.17769847452379603,0.0,0.0,0.0,0.0,0.0,0.0,
1791389480.259957,disarmed,-0.00760932097660873,0.00029573118313153156,0.0,0.0,-0.022470560028061443,0.0,0.14970259394838192,0.0,0.0,0.0,False,0.0,0.0,0.0,0.0,0.1224791,0.17769847452379603,0.0,0.0,0.0,0.0,0.0,0.0,
1791389480.2699254,disarmed,-0.007642800938154194,0.0002900526958624361,0.0,0.0,-0.022470560028061443,0.0,0.14970259394838192,0.0,0.0,0.0,False,0.0,0.0,0.0,0.0,0.1224791,0.17769847452379603,0.0,0.0,0.0,0.0,0.0,0.0,
1791389480.2799282,disarmed,-0.007667195026334889,0.00030209801895987533,0.0,0.0,-0.022470560028061443,0.0,0.14970259394838192,0.0,0.0,0.0,False,0.0,0.0,0.0,0.0,0.1224791,0.17769847452379603,0.0,0.0,0.0,0.0,0.0,0.0,
1791389480.2898953,disarmed,-0.00772988511140399,0.0003114625543153423,0.0,0.0,-0.022470560028061443,0.0,0.14970259394838192,0.0,0.0,0.0,False,0.0,0.0,0.0,0.0,0.1224791,0.17769847452379603,0.0,0.0,0.0,0.0,0.0,0.0,
1791389480.2999172,disarmed,-0.007781625394059864,0.00031671082201698,0.0,0.0,-0.022470560028061443,0.0,0.14970259394838192,0.0,0.0,0.0,False,0.0,0.0,0.0,0.0,0.1224791,0.17769847452379603,0.0,0.0,0.0,0.0,0.0,0.0,
1791389480.3098955,disarmed,-0.007829008599772232,0.000284044481849847,0.0,0.0,-0.022470560028061443,0.0,0.14970259394838192,0.0,0.0,0.0,False,0.0,0.0,0.0,0.0,0.1224791,0.17769847452379603,0.0,0.0,0.0,0.0,0.0,0.0,
1791389480.3199105,disarmed,-0.00786319232128019,0.00029450787199253206,0.0,0.0,-0.022470560028061443,0.0,0.14970259394838192,0.0,0.0,0.0,False,0.0,0.0,0.0,0.0,0.1224791,0.17769847452379603,0.0,0.0,0.0,0.0,0.0,0.0,
1791389480.329903,disarmed,-0.007930109075736397,0.00029543989655164736,0.0,0.0,-0.022470560028061443,0.0,0.14970259394838192,0.0,0.0,0.0,False,0.0,0.0,0.0,0.0,0.1224791,0.17769847452379603,0.0,0.0,0.0,0.0,0.0,0.0,
1791389480.3398943,disarmed,-0.00798461315207705,0.0003187930554243552,0.0,0.0,-0.022470560028061443,0.0,0.14970259394838192,0.0,0.0,0.0,False,0.0,0.0,0.0,0.0,0.1224791,0.17769847452379603,0.0,0.0,0.0,0.0,0.0,0.0,
1791389480.3498917,disarmed,-0.008066452260607074,0.00031088680953418954,0.0,0.0,-0.022470560028061443,0.0,0.14970259394838192,0.0,0.0,0.0,False,0.0,0.0,0.0,0.0,0.1224791,0.17769847452379603,0.0,0.0,0.0,0.0,0.0,0.0,
1791389480.3599315,disarmed,-0.00810884059219244,0.0003097575638412376,0.0,0.0,-0.022470560028061443,0.0,0.14970259394838192,0.0,0.0,0.0,False,0.0,0.0,0.0,0.0,0.1224791,0.17769847452379603,0.0,0.0,0.0,0.0,0.0,0.0,
1791389480.3699276,disarmed,-0.008145214266278794,0.0003440465350278286,0.0,0.0,-0.022470560028061443,0.0,0.14970259394838192,0.0,0.0,0.0,False,0.0,0.0,0.0,0.0,0.1224791,0.17769847452379603,0.0,0.0,0.0,0.0,0.0,0.0,
1791389480.3799047,disarmed,-0.008204625140731546,0.0003360123125547862,0.0,0.0,-0.022470560028061443,0.0,0.14970259394838192,0.0,0.0,0.0,False,0.0,0.0,0.0,0.0,0.1224791,0.17769847452379603,0.0,0.0,0.0,0.0,0.0,0.0,
1791389480.3899004,disarmed,-0.008316716152145066,0.00029271503999914276,0.0,0.0,-0.022470560028061443,0.0,0.14970259394838192,0.0,0.0,0.0,False,0.0,0.0,0.0,0.0,0.1224791,0.17769847452379603,0.0,0.0,0.0,0.0,0.0,0.0,
1791389480.3999054,disarmed,-0.008393694542265412,0.0002818964246501985,0.0,0.0,-0.022470560028061443,0.0,0.14970259394838192,0.0,0.0,0.0,False,0.0,0.0,0.0,0.0,0.1224791,0.17769847452379603,0.0,0.0,0.0,0.0,0.0,0.0,
1791389480.409898,disarmed,-0.008486999550547403,0.0002945133371068198,0.0,0.0,-0.022470560028061443,0.0,0.14970259394838192,0.0,0.0,0.0,False,0.0,0.0,0.0,0.0,0.1224791,0.17769847452379603,0.0,0.0,0.0,0.0,0.0,0.0,
1791389480.4199042,disarmed,-0.008585243218443245,0.00030016087540194044,0.0,0.0,-0.022470560028061443,0.0,0.14970259394838192,0.0,0.0,0.0,False,0.0,0.0,0.0,0.0,0.1224791,0.17769847452379603,0.0,0.0,0.0,0.0,0.0,0.0,
1791389480.4298964,disarmed,-0.008650773482920576,0.0002785792603271469,0.0,0.0,-0.022470560028061443,0.0,0.14970259394838192,0.0,0.0,0.0,False,0.0,0.0,0.0,0.0,0.1224791,0.17769847452379603,0.0,0.0,0.0,0.0,0.0,0.0,
1791389480.4399354,disarmed,-0.008759200275210982,0.0002233353991700403,0.0,0.0,-0.022470560028061443,0.0,0.14970259394838192,0.0,0.0,0.0,False,0.0,0.0,0.0,0.0,0.1224791,0.17769847452379603,0.0,0.0,0.0,0.0,0.0,0.0,
1791389480.4499028,disarmed,-0.008855070828559998,0.0002372150034968531,0.0,0.0,-0.022470560028061443,0.0,0.14970259394838192,0.0,0.0,0.0,False,0.0,0.0,0.0,0.0,0.1224791,0.17769847452379603,0.0,0.0,0.0,0.0,0.0,0.0,
1791389480.4599016,disarmed,-0.008964247741968696,0.0003644751543681226,0.0,0.0,-0.022470560028061443,0.0,0.14970259394838192,0.0,0.0,0.0,False,0.0,0.0,0.0,0.0,0.1224791,0.17769847452379603,0.0,0.0,0.0,0.0,0.0,0.0,
1791389480.4699316,disarmed,-0.0090819034221604,0.0003035285045635846,0.0,0.0,-0.022470560028061443,0.0,0.14970259394838192,0.0,0.0,0.0,False,0.0,0.0,0.0,0.0,0.1224791,0.17769847452379603,0.0,0.0,0.0,0.0,0.0,0.0,
1791389480.4799085,disarmed,-0.009206348897357539,0.00023543177759183546,0.0,0.0,-0.022470560028061443,0.0,0.14970259394838192,0.0,0.0,0.0,False,0.0,0.0,0.0,0.0,0.1224791,0.17769847452379603,0.0,0.0,0.0,0.0,0.0,0.0,
1791389480.4899333,disarmed,-0.009292433557646933,0.00022887038013663015,0.0,0.0,-0.022470560028061443,0.0,0.14970259394838192,0.0,0.0,0.0,False,0.0,0.0,0.0,0.0,0.1224791,0.17769847452379603,0.0,0.0,0.0,0.0,0.0,0.0,
1791389480.4999,disarmed,-0.009342777003409469,0.00025078116632739245,0.0,0.0,-0.022470560028061443,0.0,0.14970259394838192,0.0,0.0,0.0,False,0.0,0.0,0.0,0.0,0.1224791,0.17769847452379603,0.0,0.0,0.0,0.0,0.0,0.0,
1791389480.5122988,disarmed,-0.009411347267716128,0.00021266331418025845,0.0,0.0,-0.022470560028061443,0.0,0.14970259394838192,0.0,0.0,0.0,False,0.0,0.0,0.0,0.0,0.1224791,0.17769847452379603,0.0,0.0,0.0,0.0,0.0,0.0,
1791389480.519905,stand,-0.009506895423513217,0.00017805616036169794,0.0,0.0,-0.022470560028061443,0.0,0.14970259394838192,0.0,0.0,0.0,False,0.0,0.0,0.0,0.0,0.1224791,0.17769847452379603,0.0,0.0,0.0,0.0,-0.0,0.0,
1791389480.5299017,stand,-0.009316334512774168,0.0002514322681759907,0.0,0.0,-0.022288087627488497,0.0,0.15016481335603823,0.0,0.0,0.0,False,0.0,0.0,0.0,0.0,0.1224791,0.17892251747088514,0.76,-1.6300000000000001,0.0,0.0,-0.0,0.0,
1791389480.5399027,stand,-0.00652103845889228,0.000584758317569011,0.0,0.0,-0.022230232434881793,0.0,0.15031880968870215,0.0,0.0,0.0,False,0.0,0.0,0.0,0.0,0.1224791,0.17933022523013065,1.28,-2.04,0.0,0.0,-0.0,0.0,
1791389480.54989,stand,-0.0073066940778331755,0.00038788344232782866,0.0,0.0,-0.022230232434881793,0.0,0.15031880968870215,0.0,0.0,0.0,False,0.0,0.0,0.0,0.0,0.1224791,0.17933022523013065,1.4000000000000001,-1.86,0.0,0.0,-0.0,0.0,
1791389480.5598986,stand,-0.007361974716788994,0.00046896984072616036,0.0,0.0,-0.022230232434881793,0.0,0.15031880968870215,0.0,0.0,0.0,False,0.0,0.0,0.0,0.0,0.1224791,0.17933022523013065,1.68,-1.82,0.0,0.0,-0.0,0.0,
1791389480.5699186,stand,-0.00754407143421807,0.0009385525125761447,0.0,0.0,-0.022230232434881793,0.0,0.15031880968870215,0.0,0.0,0.0,False,0.0,0.0,0.0,0.0,0.1224791,0.17933022523013065,1.76,-1.8800000000000001,0.0,0.0,-0.0,0.0,
1791389480.5799053,stand,-0.007743398270775858,0.0005713837202292558,0.0,0.0,-0.022230232434881793,0.0,0.15031880968870215,0.0,0.0,0.0,False,0.0,0.0,0.0,0.0,0.1224791,0.17933022523013065,2.0,-1.85,0.0,0.0,-0.0,0.0,
1791389480.5899022,stand,-0.007232876075510833,0.0002742003746867208,0.0,0.0,-0.022230232434881793,0.0,0.15031880968870215,0.0,0.0,0.0,False,0.0,0.0,0.0,0.0,0.1224791,0.17933022523013065,2.17,-1.8900000000000001,0.0,0.0,-0.0,0.0,
1791389480.5999095,stand,-0.006864528215280092,0.0004295955061318313,0.0,0.0,-0.022230232434881793,0.0,0.15031880968870215,0.0,0.0,0.0,False,0.0,0.0,0.0,0.0,0.1224791,0.17933022523013065,2.39,-1.8900000000000001,0.0,0.0,-0.0,0.0,
1791389480.6099384,stand,-0.0066837000701326366,0.0006015490961765,0.0,0.0,-0.022230232434881793,0.0,0.15031880968870215,0.0,0.0,0.0,False,0.0,0.0,0.0,0.0,0.1224791,0.17933022523013065,2.46,-1.94,0.0,0.0,-0.0,0.0,
1791389480.619907,stand,-0.006827093953147962,0.0001348640281659282,0.0,0.0,-0.022230232434881793,0.0,0.15031880968870215,0.0,0.0,0.0,False,0.0,0.0,0.0,0.0,0.1224791,0.17933022523013065,2.5300000000000002,-1.94,0.0,0.0,-0.0,0.0,
1791389480.629904,stand,-0.007289760222143667,-0.0004644444747697874,0.0,0.0,-0.022230232434881793,0.0,0.15031880968870215,0.0,0.0,0.0,False,0.0,0.0,0.0,0.0,0.1224791,0.17933022523013065,2.66,-1.94,0.0,0.0,-0.0,0.0,
1791389480.6399052,stand,-0.0072704311498165254,-0.0010636932725382481,0.0,0.0,-0.022230232434881793,0.0,0.15031880968870215,0.0,0.0,0.0,False,0.0,0.0,0.0,0.0,0.1224791,0.17933022523013065,2.73,-1.97,0.0,0.0,-0.0,0.0,
1791389480.6499302,stand,-0.007112328714849188,-0.0017071536809730372,0.0,0.0,-0.022230232434881793,0.0,0.15031880968870215,0.0,0.0,0.0,False,0.0,0.0,0.0,0.0,0.1224791,0.17933022523013065,2.79,-1.98,0.0,0.0,-0.0,0.0,
1791389480.6599004,stand,-0.006856517025259919,-0.002629383604401651,0.0,0.0,-0.022230232434881793,0.0,0.15031880968870215,0.0,0.0,0.0,False,0.0,0.0,0.0,0.0,0.1224791,0.17933022523013065,2.85,-1.99,0.0,0.0,-0.0,0.0,
1791389480.669921,stand,-0.006761014894078436,-0.003752376748058879,0.0,0.0,-0.022230232434881793,0.0,0.15031880968870215,0.0,0.0,0.0,False,0.0,0.0,0.0,0.0,0.1224791,0.17933022523013065,2.94,-2.0,0.0,0.0,-0.0,0.0,
1791389480.6799023,stand,-0.006909633476461349,-0.004878942168406314,0.0,0.0,-0.022230232434881793,0.0,0.15031880968870215,0.0,0.0,0.0,False,0.0,0.0,0.0,0.0,0.1224791,0.17933022523013065,2.92,-2.02,0.0,0.0,-0.0,0.0,
1791389480.6899083,stand,-0.006926166422248175,-0.006072315100727764,0.0,0.0,-0.022230232434881793,0.0,0.15031880968870215,0.0,0.0,0.0,False,0.0,0.0,0.0,0.0,0.1224791,0.17933022523013065,2.98,-2.02,0.0,0.0,-0.0,0.0,
1791389480.6998942,stand,-0.006837181983798424,-0.0074829737419461004,0.0,0.0,-0.022230232434881793,0.0,0.15031880968870215,0.0,0.0,0.0,False,0.0,0.0,0.0,0.0,0.1224791,0.17933022523013065,2.97,-2.04,0.0,0.0,-0.0,0.0,
1791389480.7099178,stand,-0.0066396345028186515,-0.00904557538555439,0.0,0.0,-0.022230232434881793,0.0,0.15031880968870215,0.0,0.0,0.0,False,0.0,0.0,0.0,0.0,0.1224791,0.17933022523013065,3.0,-2.07,0.0,0.0,-0.0,0.0,
1791389480.7199,stand,-0.006470308693828544,-0.010871328560638315,0.0,0.0,-0.022230232434881793,0.0,0.15031880968870215,0.0,0.0,0.0,False,0.0,0.0,0.0,0.0,0.1224791,0.17933022523013065,2.95,-2.07,0.0,0.0,-0.0,0.0,
1791389480.7299163,stand,-0.00640982533969714,-0.012890981766991851,0.0,0.0,-0.022230232434881793,0.0,0.15031880968870215,0.0,0.0,0.0,False,0.0,0.0,0.0,0.0,0.1224791,0.17933022523013065,2.87,-2.1,0.0,0.0,-0.0,0.0,
1791389480.7399035,stand,-0.006450619822806264,-0.014727755391414804,0.0,0.0,-0.022230232434881793,0.0,0.15031880968870215,0.0,0.0,0.0,False,0.0,0.0,0.0,0.0,0.1224791,0.17933022523013065,2.81,-2.1,0.0,0.0,-0.0,0.0,
1791389480.7499218,stand,-0.006337595379998909,-0.016586977333801888,0.0,0.0,-0.022230232434881793,0.0,0.15031880968870215,0.0,0.0,0.0,False,0.0,0.0,0.0,0.0,0.1224791,0.17933022523013065,2.7600000000000002,-2.12,0.0,0.0,-0.0,0.0,
1791389480.759896,stand,-0.006054972577412864,-0.01881115017412324,0.0,0.0,-0.022230232434881793,0.0,0.15031880968870215,0.0,0.0,0.0,False,0.0,0.0,0.0,0.0,0.1224791,0.17933022523013065,2.73,-2.14,0.0,0.0,-0.0,0.0,
1791389480.7699225,stand,-0.00575701074578925,-0.02115487634165594,0.0,0.0,-0.022230232434881793,0.0,0.15031880968870215,0.0,0.0,0.0,False,0.0,0.0,0.0,0.0,0.1224791,0.17933022523013065,2.7,-2.18,0.0,0.0,-0.0,0.0,
1791389480.779912,stand,-0.005500133036930953,-0.02313658799629212,0.0,0.0,-0.022230232434881793,0.0,0.15031880968870215,0.0,0.0,0.0,False,0.0,0.0,0.0,0.0,0.1224791,0.17933022523013065,2.66,-2.18,0.0,0.0,-0.0,0.0,
1791389480.7899015,stand,-0.005199427405544253,-0.025079818097257813,0.0,0.0,-0.022230232434881793,0.0,0.15031880968870215,0.0,0.0,0.0,False,0.0,0.0,0.0,0.0,0.1224791,0.17933022523013065,2.63,-2.19,0.0,0.0,-0.0,0.0,
1791389480.799909,stand,-0.005049277794875284,-0.027338934484072087,0.0,0.0,-0.022230232434881793,0.0,0.15031880968870215,0.0,0.0,0.0,False,0.0,0.0,0.0,0.0,0.1224791,0.17933022523013065,2.6,-2.2,0.0,0.0,-0.0,0.0,
1791389480.809907,stand,-0.0050069100462336895,-0.029572719512209647,0.0,0.0,-0.022230232434881793,0.0,0.15031880968870215,0.0,0.0,0.0,False,0.0,0.0,0.0,0.0,0.1224791,0.17933022523013065,2.52,-2.22,0.0,0.0,-0.0,0.0,
1791389480.8199146,stand,-0.0048625311419439625,-0.031424403647731566,0.0,0.0,-0.022198212387868885,0.0,0.15039729460784274,0.0,0.0,0.0,False,0.0,0.0,0.0,0.0,0.1224791,0.17953405578606482,2.47,-2.12,0.0,0.0,-0.0,0.0,
1791389480.8299024,stand,-0.004635109853055913,-0.033267058510939154,0.0,0.0,-0.02173545984190032,0.0,0.1506169311839224,0.0,0.0,0.0,False,0.0,0.0,0.0,0.0,0.1230347425509885,0.17953405578606482,2.35,-2.1,0.0,0.0,-0.0,0.0,
1791389480.8399034,stand,-0.004225569582810242,-0.0352847420282404,0.0,0.0,-0.02142776061500995,0.0,0.15076337742916443,0.0,0.0,0.0,False,0.0,0.0,0.0,0.0,0.12343075849713173,0.17953405578606482,2.31,-2.1,0.0,0.0,-0.0,0.0,
1791389480.8498883,stand,-0.003561186155094714,-0.03714695233566863,0.0,0.0,-0.02112591042498213,0.0,0.15091023026797548,0.0,0.0,0.0,False,0.0,0.0,0.0,0.0,0.12382735384495829,0.17953405578606482,2.29,-2.13,0.0,0.0,-0.0,0.0,
1791389480.8599014,stand,-0.002696537003737897,-0.038757100127783606,0.0,0.0,-0.020975205530644553,0.0,0.1509836618360949,0.0,0.0,0.0,False,0.0,0.0,0.0,0.0,0.12402578902653548,0.17953405578606482,2.27,-2.17,0.0,0.0,-0.0,0.0,
1791389480.869889,stand,-0.0017605070498542179,-0.04042676322755178,0.0,0.0,-0.020674288884491694,0.0,0.15113054240295262,0.0,0.0,0.0,False,0.0,0.0,0.0,0.0,0.12442308995648284,0.17953405578606482,2.39,-2.18,0.0,0.0,-0.0,0.0,
1791389480.8800366,stand,-0.0007606105665925336,-0.042116442221305096,0.0,0.0,-0.020526648586526537,0.0,0.15120433379782566,0.0,0.0,0.0,False,0.0,0.0,0.0,0.0,0.12462197516207928,0.17953405578606482,2.44,-2.2,0.0,0.0,-0.0,0.0,
1791389480.8899386,stand,0.00015673467777280477,-0.04372098806764401,0.0,0.0,-0.020231799897434767,0.0,0.15135192646080994,0.0,0.0,0.0,False,0.0,0.0,0.0,0.0,0.1250199459488598,0.17953405578606482,2.38,-2.21,0.0,0.0,-0.0,0.0,
1791389480.8998942,stand,0.0009519886409187975,-0.045235622134997745,0.0,0.0,-0.02008459109813817,0.0,0.15142572771929796,0.0,0.0,0.0,False,0.0,0.0,0.0,0.0,0.12521919874999168,0.17953405578606482,2.41,-2.23,0.0,0.0,-0.0,0.0,
1791389480.9098966,stand,0.001402189512929874,-0.04680842840706064,0.0,0.0,-0.01979288937010522,0.0,0.15157342769653073,0.0,0.0,0.0,False,0.0,0.0,0.0,0.0,0.12561794442728264,0.17953405578606482,2.49,-2.24,0.0,0.0,-0.0,0.0,
1791389480.919907,stand,0.0016308300283793715,-0.04843312914977207,0.0,0.0,-0.01950394859666381,0.0,0.15172122459798557,0.0,0.0,0.0,False,0.0,0.0,0.0,0.0,0.12601709581366763,0.17953405578606482,2.49,-2.2600000000000002,0.0,0.0,-0.0,0.0,
1791389480.9298995,stand,0.0018827527516484149,-0.04989585908510858,0.0,0.0,-0.01935968921360119,0.0,0.15179512779179366,0.0,0.0,0.0,False,0.0,0.0,0.0,0.0,0.12621687063946993,0.17953405578606482,2.5100000000000002,-2.23,0.0,0.0,-0.0,0.0,
1791389480.9399009,stand,0.0025304192398085015,-0.05122733160376132,0.0,0.0,-0.019073832219521643,0.0,0.15194310965158223,0.0,0.0,0.0,False,0.0,0.0,0.0,0.0,0.12661666570161037,0.17953405578606482,2.52,-2.27,0.0,0.0,-0.0,0.0,
1791389480.9498944,stand,0.0033645955763583497,-0.052682262363841804,0.0,0.0,-0.018763914021536245,0.0,0.15216827279018558,0.0,0.0,0.0,False,0.0,0.0,0.0,0.0,0.12701687998587655,0.1797377387490826,2.5300000000000002,-2.29,0.0,0.0,-0.0,0.0,
1791389480.9598963,stand,0.004080434751161259,-0.05414661178626139,0.0,0.0,-0.01862263037007056,0.0,0.1522423547488884,0.0,0.0,0.0,False,0.0,0.0,0.0,0.0,0.12721721238293626,0.1797377387490826,2.58,-2.19,0.0,0.0,-0.0,0.0,
1791389480.9698842,stand,0.004519216092790768,-0.05528874267500202,0.0,0.0,-0.018343160404443677,0.0,0.15239081350980058,0.0,0.0,0.0,False,0.0,0.0,0.0,0.0,0.1276181362717139,0.1797377387490826,2.63,-2.2,0.0,0.0,-0.0,0.0,
1791389480.9798958,stand,0.0050489293886997735,-0.05651897379436769,0.0,0.0,-0.018204917846432696,0.0,0.15246518446685056,0.0,0.0,0.0,False,0.0,0.0,0.0,0.0,0.1278187543681377,0.1797377387490826,2.66,-2.21,0.0,0.0,-0.0,0.0,
1791389480.989911,stand,0.005743139700491777,-0.05818946328653927,0.0,0.0,-0.017928836949070562,0.0,0.15261393510945967,0.0,0.0,0.0,False,0.0,0.0,0.0,0.0,0.12822026843416,0.1797377387490826,2.58,-2.25,0.0,0.0,-0.0,0.0,
1791389480.99992,stand,0.006448723361702636,-0.059929820638650856,0.0,0.0,-0.017655978877992175,0.0,0.15276292142358228,0.0,0.0,0.0,False,0.0,0.0,0.0,0.0,0.1286221615729358,0.1797377387490826,2.63,-2.21,0.0,0.0,-0.0,0.0,
1791389481.0099626,stand,0.007187877678640349,-0.06148025956398387,0.0,0.0,-0.01738622902285667,0.0,0.1529121341560993,0.0,0.0,0.0,False,0.0,0.0,0.0,0.0,0.12902444700626245,0.1797377387490826,2.62,-2.25,0.0,0.0,-0.0,0.0,
1791389481.0198827,stand,0.007828086123686797,-0.06295380382896625,0.0,0.0,-0.0171170494895957,0.0,0.15306135924109812,0.0,0.0,0.0,False,0.0,0.0,0.0,0.0,0.12942703923174262,0.1797377387490826,2.59,-2.25,0.0,0.0,-0.0,0.0,
1791389481.0298972,stand,0.00852183321130544,-0.06477170108809106,0.0,0.0,-0.01698484793993467,0.0,0.15313603753985366,0.0,0.0,0.0,False,0.0,0.0,0.0,0.0,0.1296286055082052,0.1797377387490826,2.5100000000000002,-2.2800000000000002,0.0,0.0,-0.0,0.0,
1791389481.039906,stand,0.009392797026137796,-0.0668042341637104,0.0,0.0,-0.016720831291557478,0.0,0.15328540215481978,0.0,0.0,0.0,False,0.0,0.0,0.0,0.0,0.1300318584668836,0.1797377387490826,2.6,-2.29,0.0,0.0,-0.0,0.0,
1791389481.0499222,stand,0.010349360777977164,-0.06892753779451873,0.0,0.0,-0.01645738206652598,0.0,0.1534347831303842,0.0,0.0,0.0,False,0.0,0.0,0.0,0.0,0.1304354144080441,0.1797377387490826,2.63,-2.34,0.0,0.0,-0.0,0.0,
1791389481.059908,stand,0.011223833662376373,-0.07077115348974418,0.0,0.0,-0.016328438132554017,0.0,0.15350975390212585,0.0,0.0,0.0,False,0.0,0.0,0.0,0.0,0.13063739058623525,0.1797377387490826,2.58,-2.33,0.0,0.0,-0.0,0.0,
1791389481.0699317,stand,0.012076594550253615,-0.07230993182006641,0.0,0.0,-0.01607092774680207,0.0,0.15365970309140864,0.0,0.0,0.0,False,0.0,0.0,0.0,0.0,0.1310414695044307,0.1797377387490826,2.62,-2.35,0.0,0.0,-0.0,0.0,
1791389481.0799325,stand,0.01343109976672265,-0.07400606030811512,0.0,0.0,-0.015813960010481957,0.0,0.1538096641287006,0.0,0.0,0.0,False,0.0,0.0,0.0,0.0,0.13144590885163163,0.1797377387490826,2.61,-2.39,0.0,0.0,-0.0,0.0,
1791389481.0899055,stand,0.014990110659629827,-0.07586435079092135,0.0,0.0,-0.015561462190098144,0.0,0.15395979964304132,0.0,0.0,0.0,False,0.0,0.0,0.0,0.0,0.13185075581959865,0.1797377387490826,2.61,-2.39,0.0,0.0,-0.0,0.0,
1791389481.099894,stand,0.016384982063948263,-0.07742738540142215,0.0,0.0,-0.015435397863347196,0.0,0.1540348710757288,0.0,0.0,0.0,False,0.0,0.0,0.0,0.0,0.1320532777897016,0.1797377387490826,2.62,-2.42,0.0,0.0,-0.0,0.0,
1791389481.1099765,stand,0.017922632299342288,-0.07924404162298022,0.0,0.0,-0.015183706633764109,0.0,0.1541850253135877,0.0,0.0,0.0,False,0.0,0.0,0.0,0.0,0.1324585209635576,0.1797377387490826,2.64,-2.4,0.0,0.0,-0.0,0.0,
1791389481.1199067,stand,0.018429476030105984,-0.08017792796546094,0.0,0.0,-0.015061465743852212,0.0,0.15426030598761595,0.0,0.0,0.0,False,0.0,0.0,0.0,0.0,0.13266134762589477,0.1797377387490826,2.7,-2.41,0.0,0.0,-0.0,0.0,
1791389481.1299243,stand,0.019523666652356993,-0.08186234094602568,0.0,0.0,-0.014817341553268346,0.0,0.15441087424081706,0.0,0.0,0.0,False,0.0,0.0,0.0,0.0,0.1330671016029881,0.1797377387490826,2.7,-2.44,0.0,0.0,-0.0,0.0,
1791389481.1399293,stand,0.02091124668097993,-0.0832485784123133,0.0,0.0,-0.014695457911343357,0.0,0.15448616181325983,0.0,0.0,0.0,False,0.0,0.0,0.0,0.0,0.13327012437298885,0.1797377387490826,2.72,-2.46,0.0,0.0,-0.0,0.0,
1791389481.1498964,stand,0.022711507764035358,-0.08426402881207828,0.0,0.0,-0.014573720634112691,0.0,0.15456145373236485,0.0,0.0,0.0,False,0.0,0.0,0.0,0.0,0.13347315092653075,0.1797377387490826,2.8000000000000003,-2.47,0.0,0.0,-0.0,0.0,
1791389481.159899,stand,0.024661276885153932,-0.0853612526875004,0.0,0.0,-0.014333256298942935,0.0,0.15471224189788624,0.0,0.0,0.0,False,0.0,0.0,0.0,0.0,0.13387952705459497,0.1797377387490826,2.85,-2.48,0.0,0.0,-0.0,0.0,
1791389481.169936,stand,0.026576206807624292,-0.08674141090768059,0.0,0.0,-0.014213199823159446,0.0,0.15478763933047265,0.0,0.0,0.0,False,0.0,0.0,0.0,0.0,0.13408281955839518,0.1797377387490826,2.96,-2.5,0.0,0.0,-0.0,0.0,
1791389481.179891,stand,0.02835432864526809,-0.08808853436593765,0.0,0.0,-0.014093260251757223,0.0,0.15486303899192713,0.0,0.0,0.0,False,0.0,0.0,0.0,0.0,0.1342862037217761,0.1797377387490826,2.98,-2.5300000000000002,0.0,0.0,-0.0,0.0,
1791389481.189937,stand,0.029999470019605224,-0.0890290845377154,0.0,0.0,-0.01385704917493815,0.0,0.15501404010168915,0.0,0.0,0.0,False,0.0,0.0,0.0,0.0,0.13469314433076654,0.1797377387490826,3.0300000000000002,-2.52,0.0,0.0,-0.0,0.0,
1791389481.1999238,stand,0.03202933260656091,-0.09008716559760296,0.0,0.0,-0.013718747405546038,0.0,0.15516650481056818,0.0,0.0,0.0,False,0.0,0.0,0.0,0.0,0.13489669379649355,0.17994140399620362,3.0300000000000002,-2.52,0.0,0.0,-0.0,0.0,
1791389481.2099168,stand,0.03428866855731473,-0.09139463388119244,0.0,0.0,-0.013486543039268294,0.0,0.1553177068176123,0.0,0.0,0.0,False,0.0,0.0,0.0,0.0,0.1353040347286616,0.17994140399620362,3.0500000000000003,-2.45,0.0,0.0,-0.0,0.0,
1791389481.2199507,stand,0.03669103003748383,-0.0932151408717497,0.0,0.0,-0.013257008557836347,0.0,0.15546901136845792,0.0,0.0,0.0,False,0.0,0.0,0.0,0.0,0.13571166364650583,0.17994140399620362,2.96,-2.43,0.0,0.0,-0.0,0.0,
1791389481.2299252,stand,0.0388329911653,-0.0946821731870118,0.0,0.0,-0.01303004986148127,0.0,0.15562041451784892,0.0,0.0,0.0,False,0.0,0.0,0.0,0.0,0.1361195515174584,0.17994140399620362,3.04,-2.49,0.0,0.0,-0.0,0.0,
1791389481.2398927,stand,0.04071354305469942,-0.0959993811141465,0.0,0.0,-0.012803572950110552,0.0,0.15577182716187354,0.0,0.0,0.0,False,0.0,0.0,0.0,0.0,0.13652761817184111,0.17994140399620362,2.98,-2.4,0.0,0.0,-0.0,0.0,
1791389481.2499034,stand,0.042621670622486243,-0.09714780458957939,0.0,0.0,-0.012560210850281424,0.0,0.15600026425380872,0.0,0.0,0.0,False,0.0,0.0,0.0,0.0,0.1369360020870993,0.1801450388062353,2.9,-2.39,0.0,0.0,-0.0,0.0,
1791389481.2599072,stand,0.044764035668070246,-0.09920461778190821,0.0,0.0,-0.012228148484991423,0.0,0.15622763332942208,0.0,0.0,0.0,False,0.0,0.0,0.0,0.0,0.13754899443445937,0.1801450388062353,2.74,-2.29,0.0,0.0,-0.0,0.0,
1791389481.2698903,stand,0.047109799186384235,-0.1015227874079775,0.0,0.0,-0.011993143301007592,0.0,0.15645655544585602,0.0,0.0,0.0,False,0.0,0.0,0.0,0.0,0.1379579405301319,0.18034862842770624,2.7,-2.22,0.0,0.0,-0.0,0.0,
1791389481.279903,stand,0.04938894626532412,-0.10337504718413362,0.0,0.0,-0.01167304113792881,0.0,0.15668464569398938,0.0,0.0,0.0,False,0.0,0.0,0.0,0.0,0.13857178156693867,0.18034862842770624,2.5500000000000003,-2.22,0.0,0.0,-0.0,0.0,
1791389481.2899349,stand,0.05144973599469601,-0.10517635995641497,0.0,0.0,-0.011339208254534938,0.0,0.15698993776252448,0.0,0.0,0.0,False,0.0,0.0,0.0,0.0,0.13918614208834904,0.18055221804917715,2.45,-2.12,0.0,0.0,-0.0,0.0,
1791389481.2998924,stand,0.05326439481321817,-0.10750991029235292,0.0,0.0,-0.011131014673797936,0.0,0.15714222658051175,0.0,0.0,0.0,False,0.0,0.0,0.0,0.0,0.13959597399161164,0.18055221804917715,2.29,-2.09,0.0,0.0,-0.0,0.0,
1791389481.3099012,stand,0.05519341964464756,-0.10996997489951393,0.0,0.0,-0.010805109991534077,0.0,0.15744779292664937,0.0,0.0,0.0,False,0.0,0.0,0.0,0.0,0.14021103428303613,0.18075565688651182,2.11,-2.0300000000000002,0.0,0.0,-0.0,0.0,
1791389481.3199027,stand,0.05685983032116751,-0.11213263008523101,0.0,0.0,-0.010503947294332294,0.0,0.1576766302720448,0.0,0.0,0.0,False,0.0,0.0,0.0,0.0,0.14082651174027835,0.18075565688651182,2.0100000000000002,-2.06,0.0,0.0,-0.0,0.0,
1791389481.3299372,stand,0.058237645357780754,-0.1138375033119028,0.0,0.0,-0.010289132023718707,0.0,0.15790631604125968,0.0,0.0,0.0,False,0.0,0.0,0.0,0.0,0.14123706106243156,0.18095908120471274,1.96,-1.8800000000000001,0.0,0.0,-0.0,0.0,
1791389481.3399105,stand,0.05923372274399153,-0.11484979345725235,0.0,0.0,-0.009960679509969032,0.0,0.158289406265329,0.0,0.0,0.0,False,0.0,0.0,0.0,0.0,0.14185326373346208,0.18136582230825807,1.86,-1.71,0.0,0.0,-0.0,0.0,
1791389481.349928,stand,0.059973609620224216,-0.11570102467983145,0.0,0.0,-0.009637718499862627,0.0,0.15867265445881804,0.0,0.0,0.0,False,0.0,0.0,0.0,0.0,0.14246975433327552,0.1817724031114216,1.7,-1.41,0.0,0.0,-0.0,0.0,
1791389481.359919,stand,0.060102821283856224,-0.11670736003580073,0.0,0.0,-0.009322852978788258,0.0,0.1590559079829863,0.0,0.0,0.0,False,0.0,0.0,0.0,0.0,0.14308664430532625,0.1821787814049043,1.51,-1.19,0.0,0.0,-0.0,0.0,
1791389481.3699136,stand,0.05951987937919464,-0.11774086741317329,0.0,0.0,-0.009011448728499523,0.0,0.1594392897200118,0.0,0.0,0.0,False,0.0,0.0,0.0,0.0,0.1437038097864543,0.1825849165985052,1.37,-1.01,0.0,0.0,-0.0,0.0,
1791389481.3798983,stand,0.058348208658729285,-0.11839106453543677,0.0,0.0,-0.008711061908836089,0.0,0.15982302403316684,0.0,0.0,0.0,False,0.0,0.0,0.0,0.0,0.14432137234277703,0.18299088600681357,1.21,-0.74,0.0,0.0,-0.0,0.0,
1791389481.3899283,stand,0.05703598724855136,-0.11871003457727962,0.0,0.0,-0.008416055091748482,0.0,0.1602067429737697,0.0,0.0,0.0,False,0.0,0.0,0.0,0.0,0.14493917206735132,0.18339668211829052,1.11,-0.43,0.0,0.0,-0.0,0.0,
1791389481.399896,stand,0.0557444034393064,-0.11886651535798053,0.0,0.0,-0.008228591955950756,0.0,0.16043697462712506,0.0,0.0,0.0,False,0.0,0.0,0.0,0.0,0.14535117351635254,0.1835995489363716,0.9500000000000001,-0.35000000000000003,0.0,0.0,-0.0,0.0,
1791389481.4099097,stand,0.054053795709619885,-0.11893867766967844,0.0,0.0,-0.007958039574467647,0.0,0.1607440472611485,0.0,0.0,0.0,False,0.0,0.0,0.0,0.0,0.14596945579001486,0.18380225539794318,0.96,-0.08,0.0,0.0,-0.0,0.0,
1791389481.4199047,stand,0.05176897375938584,-0.11873368847459181,0.0,0.0,-0.007847355416395425,0.0,0.1609741541443772,0.0,0.0,0.0,False,0.0,0.0,0.0,0.0,0.14617557048115684,0.18420760289697855,0.96,0.02,0.0,0.0,-0.0,0.0,
1791389481.4299016,stand,0.04922778525474319,-0.11808184848645903,0.0,0.0,-0.0076671252360580935,0.0,0.16120446821761097,0.0,0.0,0.0,False,0.0,0.0,0.0,0.0,0.14658794994499025,0.18441018862485245,1.03,0.01,0.0,0.0,-0.0,0.0,
1791389481.4399092,stand,0.04630196204652048,-0.11708910717072432,0.0,0.0,-0.007583937193821971,0.0,0.16128131203682985,0.0,0.0,0.0,False,0.0,0.0,0.0,0.0,0.1467941594011181,0.18441018862485245,0.99,0.02,0.0,0.0,-0.0,0.0,
1791389481.449896,stand,0.04350972056564973,-0.11610944506731898,0.0,0.0,-0.007489978281750978,0.0,0.16143491441870236,0.0,0.0,0.0,False,0.0,0.0,0.0,0.0,0.14700039455672015,0.18461277435272636,1.06,0.1,0.0,0.0,-0.0,0.0,
1791389481.4598963,stand,0.04062034249538992,-0.11524258243291223,0.0,0.0,-0.007329018810741113,0.0,0.16158885163311076,0.0,0.0,0.0,False,0.0,0.0,0.0,0.0,0.1474129315424936,0.18461277435272636,1.2,0.15,0.0,0.0,-0.0,0.0,
1791389481.4699109,stand,0.03721679439321302,-0.11408466930540599,0.0,0.0,-0.007235485525162219,0.0,0.1617424599457148,0.0,0.0,0.0,False,0.0,0.0,0.0,0.0,0.14761925175454835,0.18481523626813487,1.25,0.36,0.0,0.0,-0.0,0.0,
1791389481.4799068,stand,0.03378216759790008,-0.11252580287648377,0.0,0.0,-0.007129550030401881,0.0,0.16197291248327833,0.0,0.0,0.0,False,0.0,0.0,0.0,0.0,0.14782558236176804,0.18522009966748007,1.33,0.52,0.0,0.0,-0.0,0.0,
1791389481.4899242,stand,0.03014943035385178,-0.11071225779688225,0.0,0.0,-0.007038600534034628,0.0,0.16212662890545887,0.0,0.0,0.0,False,0.0,0.0,0.0,0.0,0.14803193798183012,0.1854224444608907,1.33,0.58,0.0,0.0,-0.0,0.0,
1791389481.4998977,stand,0.026515244335043434,-0.10891661459128946,0.0,0.0,-0.006869912105319044,0.0,0.1623573246394126,0.0,0.0,0.0,False,0.0,0.0,0.0,0.0,0.14844471754333194,0.1856247877928437,1.42,0.76,0.0,0.0,-0.0,0.0,
1791389481.5099063,stand,0.022835079954396726,-0.10742051753596728,0.0,0.0,-0.006779458385469422,0.0,0.1625110414937314,0.0,0.0,0.0,False,0.0,0.0,0.0,0.0,0.14865115822261832,0.18582696731162412,1.45,0.84,0.0,0.0,-0.0,0.0,
1791389481.519914,stand,0.019179401746938194,-0.10634258987088935,0.0,0.0,-0.006690923878992797,0.0,0.16266459562457075,0.0,0.0,0.0,False,0.0,0.0,0.0,0.0,0.14885759741567667,0.18602914683040453,1.47,0.98,0.0,0.0,-0.0,0.0,
1791389481.5298975,stand,0.015073681841158365,-0.10557188415289788,0.0,0.0,-0.006541243666220192,0.0,0.16281852936138222,0.0,0.0,0.0,False,0.0,0.0,0.0,0.0,0.1492704692750809,0.18602914683040453,1.56,0.9400000000000001,0.0,0.0,-0.0,0.0,
1791389481.5399253,stand,0.010567898272025067,-0.1048923437350593,0.0,0.0,-0.006466509644793082,0.0,0.16289549759577895,0.0,0.0,0.0,False,0.0,0.0,0.0,0.0,0.14947697517231615,0.18602914683040453,1.6500000000000001,0.9,0.0,0.0,-0.0,0.0,
1791389481.5499003,stand,0.005566016802633358,-0.10390230636823977,0.0,0.0,-0.006391846214181318,0.0,0.162972466739116,0.0,0.0,0.0,False,0.0,0.0,0.0,0.0,0.1496834961630903,0.18602914683040453,1.6300000000000001,0.87,0.0,0.0,-0.0,0.0,
1791389481.559927,stand,9.47087075097556e-06,-0.10253656632894434,0.0,0.0,-0.006317294457518767,0.0,0.1630494404681246,0.0,0.0,0.0,False,0.0,0.0,0.0,0.0,0.14989001557518838,0.18602914683040453,1.7,0.88,0.0,0.0,-0.0,0.0,
1791389481.569907,stand,-0.0057883958006845595,-0.10097815257110639,0.0,0.0,-0.006172436209261556,0.0,0.16320375116142008,0.0,0.0,0.0,False,0.0,0.0,0.0,0.0,0.15030304805387268,0.18602914683040453,1.79,0.86,0.0,0.0,-0.0,0.0,
1791389481.5799227,stand,-0.011738590079173484,-0.09923604077862572,0.0,0.0,-0.006089569182480041,0.0,0.16335748316870727,0.0,0.0,0.0,False,0.0,0.0,0.0,0.0,0.1505096021001903,0.18623128712095785,1.71,0.86,0.0,0.0,-0.0,0.0,
1791389481.5899103,stand,-0.01763626045260437,-0.09739210806697818,0.0,0.0,-0.005945246457629026,0.0,0.16351179869942561,0.0,0.0,0.0,False,0.0,0.0,0.0,0.0,0.1509227509582508,0.18623128712095785,1.78,0.9400000000000001,0.0,0.0,-0.0,0.0,
1791389481.5998976,stand,-0.02327860620183674,-0.09564751066449424,0.0,0.0,-0.005805829749502868,0.0,0.1636660656008556,0.0,0.0,0.0,False,0.0,0.0,0.0,0.0,0.15133602436585522,0.18623128712095785,1.75,0.86,0.0,0.0,-0.0,0.0,
1791389481.609908,stand,-0.02871570134163385,-0.09380222941058329,0.0,0.0,-0.005666675616898313,0.0,0.1638203356774746,0.0,0.0,0.0,False,0.0,0.0,0.0,0.0,0.1517492318831636,0.18623128712095785,1.68,0.92,0.0,0.0,-0.0,0.0,
1791389481.6199038,stand,-0.033972162621086606,-0.09236080623388794,0.0,0.0,-0.005530083986260079,0.0,0.1639747565655596,0.0,0.0,0.0,False,0.0,0.0,0.0,0.0,0.15216253806964342,0.18623128712095785,1.53,0.91,0.0,0.0,-0.0,0.0,
1791389481.6299236,stand,-0.03902140734770397,-0.09102196962350893,0.0,0.0,-0.0053289884327479,0.0,0.16420660622631858,0.0,0.0,0.0,False,0.0,0.0,0.0,0.0,0.15278257758782204,0.18623128712095785,1.47,0.8200000000000001,0.0,0.0,-0.0,0.0,
1791389481.6399238,stand,-0.043407830196697056,-0.09011113502807946,0.0,0.0,-0.005132277216715643,0.0,0.1644385028922792,0.0,0.0,0.0,False,0.0,0.0,0.0,0.0,0.1534026110630885,0.18623128712095785,1.4000000000000001,0.87,0.0,0.0,-0.0,0.0,
1791389481.649935,stand,-0.047396390303317104,-0.08966009553169937,0.0,0.0,-0.005002677910605269,0.0,0.16459311723244424,0.0,0.0,0.0,False,0.0,0.0,0.0,0.0,0.15381597381458612,0.18623128712095785,1.23,0.86,0.0,0.0,-0.0,0.0,
1791389481.659934,stand,-0.05103374783783724,-0.08932357690030017,0.0,0.0,-0.004813798746288213,0.0,0.1648250554506043,0.0,0.0,0.0,False,0.0,0.0,0.0,0.0,0.15443610395470128,0.18623128712095785,1.21,0.84,0.0,0.0,-0.0,0.0,
1791389481.6698918,stand,-0.05414796565628426,-0.08929709237602113,0.0,0.0,-0.004627944506308643,0.0,0.1650570040916467,0.0,0.0,0.0,False,0.0,0.0,0.0,0.0,0.15505626683904042,0.18623128712095785,1.07,0.8200000000000001,0.0,0.0,-0.0,0.0,
1791389481.679892,stand,-0.05686372080927619,-0.08891032351246662,0.0,0.0,-0.0045084745225691045,0.0,0.1652115447955275,0.0,0.0,0.0,False,0.0,0.0,0.0,0.0,0.15546970086592485,0.18623128712095785,1.02,0.8200000000000001,0.0,0.0,-0.0,0.0,
1791389481.689918,stand,-0.0589800284978103,-0.08818380138462223,0.0,0.0,-0.004389227838737103,0.0,0.16536608785307794,0.0,0.0,0.0,False,0.0,0.0,0.0,0.0,0.15588314411273602,0.18623128712095785,0.92,0.8,0.0,0.0,-0.0,0.0,
1791389481.699913,stand,-0.06030757692485249,-0.08731740145822892,0.0,0.0,-0.004329730267937711,0.0,0.16544336237440013,0.0,0.0,0.0,False,0.0,0.0,0.0,0.0,0.156089863750264,0.18623128712095785,1.06,0.79,0.0,0.0,-0.0,0.0,
1791389481.7099056,stand,-0.060889589900621224,-0.08623799445783022,0.0,0.0,-0.00421493475412317,0.0,0.1655981149820645,0.0,0.0,0.0,False,0.0,0.0,0.0,0.0,0.1565032977771485,0.18623128712095785,1.09,0.77,0.0,0.0,-0.0,0.0,
1791389481.7198982,stand,-0.0611104968904235,-0.08517944347775899,0.0,0.0,-0.004157617417930082,0.0,0.16567549210309518,0.0,0.0,0.0,False,0.0,0.0,0.0,0.0,0.1567100193464252,0.18623128712095785,1.17,0.8,0.0,0.0,-0.0,0.0,
1791389481.7298906,stand,-0.06115733249350986,-0.08420567242512063,0.0,0.0,-0.004100353595936218,0.0,0.1657528697679076,0.0,0.0,0.0,False,0.0,0.0,0.0,0.0,0.15691674111591875,0.18623128712095785,1.17,0.77,0.0,0.0,-0.0,0.0,
1791389481.7398973,stand,-0.06129852130335573,-0.08347180037075867,0.0,0.0,-0.004043193483490887,0.0,0.1658302488996846,0.0,0.0,0.0,False,0.0,0.0,0.0,0.0,0.1571234606614876,0.18623128712095785,1.23,0.76,0.0,0.0,-0.0,0.0,
1791389481.7498963,stand,-0.061488727690138835,-0.0830291280335741,0.0,0.0,-0.003924513068680302,0.0,0.1660616768455209,0.0,0.0,0.0,False,0.0,0.0,0.0,0.0,0.1575368946883721,0.18643339097990522,1.33,0.86,0.0,0.0,-0.0,0.0,
1791389481.7598944,stand,-0.061785780977377296,-0.0827878451787169,0.0,0.0,-0.0038699638351167576,0.0,0.16613910218253636,0.0,0.0,0.0,False,0.0,0.0,0.0,0.0,0.1577435771078928,0.18643339097990522,1.32,0.86,0.0,0.0,-0.0,0.0,
1791389481.7699056,stand,-0.062144535545374566,-0.08263064487415106,0.0,0.0,-0.003815465420882902,0.0,0.16621652801345793,0.0,0.0,0.0,False,0.0,0.0,0.0,0.0,0.15795025872164245,0.18643339097990522,1.45,0.86,0.0,0.0,-0.0,0.0,
1791389481.7799098,stand,-0.06250057376259267,-0.08254387633707619,0.0,0.0,-0.003698862179686707,0.0,0.16644797798767183,0.0,0.0,0.0,False,0.0,0.0,0.0,0.0,0.1583636148785804,0.18663549018193595,1.46,0.86,0.0,0.0,-0.0,0.0,
1791389481.7899206,stand,-0.0629076641045455,-0.0820865050107988,0.0,0.0,-0.003645999601515869,0.0,0.1665254225628985,0.0,0.0,0.0,False,0.0,0.0,0.0,0.0,0.1585702917372026,0.18663549018193595,1.54,0.9500000000000001,0.0,0.0,-0.0,0.0,
1791389481.7998943,stand,-0.06314630669028885,-0.08146699825517147,0.0,0.0,-0.0035931861693443076,0.0,0.16660286760303988,0.0,0.0,0.0,False,0.0,0.0,0.0,0.0,0.15877692857861173,0.18663549018193595,1.59,0.92,0.0,0.0,-0.0,0.0,
1791389481.8099127,stand,-0.06326894476980553,-0.08062146049039437,0.0,0.0,-0.003487760838019445,0.0,0.1667577598426168,0.0,0.0,0.0,False,0.0,0.0,0.0,0.0,0.1591902043928512,0.18663549018193595,1.6,0.9,0.0,0.0,-0.0,0.0,
1791389481.819907,stand,-0.06340585696730114,-0.07963893106976404,0.0,0.0,-0.003437750663021266,0.0,0.1668352437479774,0.0,0.0,0.0,False,0.0,0.0,0.0,0.0,0.15939684585085695,0.18663549018193595,1.58,0.89,0.0,0.0,-0.0,0.0,
1791389481.8298979,stand,-0.06356673559164942,-0.07870275027403663,0.0,0.0,-0.0033378695427788985,0.0,0.16699021280872972,0.0,0.0,0.0,False,0.0,0.0,0.0,0.0,0.1598100831434199,0.18663549018193595,1.6,0.89,0.0,0.0,-0.0,0.0,
1791389481.8398943,stand,-0.06387115519705303,-0.07782663292617109,0.0,0.0,-0.003278998463415332,0.0,0.16714427474409355,0.0,0.0,0.0,False,0.0,0.0,0.0,0.0,0.16001667969240208,0.18683742877179627,1.55,0.96,0.0,0.0,-0.0,0.0,
1791389481.8499084,stand,-0.06432071447851181,-0.07708507225828125,0.0,0.0,-0.0031813656865489204,0.0,0.16729918713922806,0.0,0.0,0.0,False,0.0,0.0,0.0,0.0,0.16042988004171907,0.18683742877179627,1.48,0.97,0.0,0.0,-0.0,0.0,
1791389481.8598995,stand,-0.06479187574225648,-0.0764291547685548,0.0,0.0,-0.0030380121884735073,0.0,0.1675314732198181,0.0,0.0,0.0,False,0.0,0.0,0.0,0.0,0.161049510824754,0.18683742877179627,1.46,0.96,0.0,0.0,-0.0,0.0,
1791389481.8699152,stand,-0.06536932628328798,-0.07571028038512133,0.0,0.0,-0.002944132329659524,0.0,0.16768638179737258,0.0,0.0,0.0,False,0.0,0.0,0.0,0.0,0.1614625506438419,0.18683742877179627,1.4000000000000001,0.87,0.0,0.0,-0.0,0.0,
1791389481.8799028,stand,-0.06583031435329198,-0.07497593423350984,0.0,0.0,-0.0028057505819708423,0.0,0.1679188183960037,0.0,0.0,0.0,False,0.0,0.0,0.0,0.0,0.16208202135273822,0.18683742877179627,1.27,0.92,0.0,0.0,-0.0,0.0,
1791389481.8899314,stand,-0.06633869792915556,-0.07413134183021595,0.0,0.0,-0.002716215105376091,0.0,0.1680737828365738,0.0,0.0,0.0,False,0.0,0.0,0.0,0.0,0.1624949181402902,0.18683742877179627,1.3,0.9,0.0,0.0,-0.0,0.0,
1791389481.8999174,stand,-0.06666588798731875,-0.07330400323463697,0.0,0.0,-0.0025858251368347795,0.0,0.16830623903152453,0.0,0.0,0.0,False,0.0,0.0,0.0,0.0,0.16311414705028465,0.18683742877179627,1.19,0.89,0.0,0.0,-0.0,0.0,
1791389481.9098942,stand,-0.06696827431983146,-0.07251467482565185,0.0,0.0,-0.002501380591720573,0.0,0.16846115400066924,0.0,0.0,0.0,False,0.0,0.0,0.0,0.0,0.16352688253106387,0.18683742877179627,1.09,0.87,0.0,0.0,-0.0,0.0,
1791389481.919899,stand,-0.06724102515261222,-0.07166934925805776,0.0,0.0,-0.0024192808936955787,0.0,0.1686160150009111,0.0,0.0,0.0,False,0.0,0.0,0.0,0.0,0.16393951027776887,0.18683742877179627,1.04,0.87,0.0,0.0,-0.0,0.0,
1791389481.9299278,stand,-0.06745821211470987,-0.07093219121232722,0.0,0.0,-0.002337356802156111,0.0,0.16877087807919877,0.0,0.0,0.0,False,0.0,0.0,0.0,0.0,0.16435206375985217,0.18683742877179627,1.02,0.84,0.0,0.0,-0.0,0.0,
1791389481.9399004,stand,-0.06769787202364598,-0.07023344000269244,0.0,0.0,-0.0022580474855250707,0.0,0.1689258355861128,0.0,0.0,0.0,False,0.0,0.0,0.0,0.0,0.16476461429656628,0.18683742877179627,0.91,0.8300000000000001,0.0,0.0,-0.0,0.0,
1791389481.9499016,stand,-0.06803668861480583,-0.06945135551343759,0.0,0.0,-0.0021788835386401875,0.0,0.1690807941536173,0.0,0.0,0.0,False,0.0,0.0,0.0,0.0,0.16517700429813034,0.18683742877179627,0.98,0.84,0.0,0.0,-0.0,0.0,
1791389481.9599047,stand,-0.06831882661903511,-0.06879414822755764,0.0,0.0,-0.0021021153182154764,0.0,0.16923582104581192,0.0,0.0,0.0,False,0.0,0.0,0.0,0.0,0.16558927171243443,0.18683742877179627,0.96,0.81,0.0,0.0,-0.0,0.0,
1791389481.9698815,stand,-0.06868526492350482,-0.06802118018011583,0.0,0.0,-0.002027646475955311,0.0,0.16939091348523677,0.0,0.0,0.0,False,0.0,0.0,0.0,0.0,0.16600150521132462,0.18683742877179627,0.92,0.8,0.0,0.0,-0.0,0.0,
1791389481.9799337,stand,-0.06904833415322643,-0.0672566059513768,0.0,0.0,-0.0019904631686624083,0.0,0.16946846005673147,0.0,0.0,0.0,False,0.0,0.0,0.0,0.0,0.1662076199024666,0.18683742877179627,0.91,0.8,0.0,0.0,-0.0,0.0,
1791389481.989928,stand,-0.0693809418395829,-0.06634590651485284,0.0,0.0,-0.0019181141310477337,0.0,0.16962336031628888,0.0,0.0,0.0,False,0.0,0.0,0.0,0.0,0.16661965931535191,0.18683742877179627,1.0,0.79,0.0,0.0,-0.0,0.0,
1791389481.9999044,stand,-0.06960615673392209,-0.06547537148530189,0.0,0.0,-0.0018753246488358785,0.0,0.1697771433601649,0.0,0.0,0.0,False,0.0,0.0,0.0,0.0,0.16682565149099715,0.1870393673616566,1.08,0.79,0.0,0.0,-0.0,0.0,
1791389482.0099494,stand,-0.06970709387131535,-0.06462918075351957,0.0,0.0,-0.0018401704727800117,0.0,0.1698545011100069,0.0,0.0,0.0,False,0.0,0.0,0.0,0.0,0.1670316055628591,0.1870393673616566,1.18,0.87,0.0,0.0,-0.0,0.0,
1791389482.019904,stand,-0.06970918403707126,-0.06396154889560891,0.0,0.0,-0.0018050483031019568,0.0,0.16993185906956682,0.0,0.0,0.0,False,0.0,0.0,0.0,0.0,0.16723755963472103,0.1870393673616566,1.26,0.85,0.0,0.0,-0.0,0.0,
1791389482.029905,stand,-0.06961479206244728,-0.06338896070927985,0.0,0.0,-0.001769986123963542,0.0,0.17000922019554895,0.0,0.0,0.0,False,0.0,0.0,0.0,0.0,0.16744349029955544,0.1870393673616566,1.24,0.84,0.0,0.0,-0.0,0.0,
1791389482.0398955,stand,-0.06952150092294601,-0.06290031816798941,0.0,0.0,-0.001736329802564586,0.0,0.17008672654134074,0.0,0.0,0.0,False,0.0,0.0,0.0,0.0,0.16764940895417135,0.1870393673616566,1.34,0.84,0.0,0.0,-0.0,0.0,
1791389482.049905,stand,-0.06945790045706014,-0.06240194985037695,0.0,0.0,-0.0016691090966989425,0.0,0.17024173981013108,0.0,0.0,0.0,False,0.0,0.0,0.0,0.0,0.16806114670800743,0.1870393673616566,1.42,0.86,0.0,0.0,-0.0,0.0,
1791389482.0599062,stand,-0.06936681988452853,-0.06176576992661796,0.0,0.0,-0.001628099161667687,0.0,0.17039567259800076,0.0,0.0,0.0,False,0.0,0.0,0.0,0.0,0.16826698031540935,0.1872412220645504,1.48,0.86,0.0,0.0,-0.0,0.0,
1791389482.070019,stand,-0.06929189335047102,-0.06096147618965917,0.0,0.0,-0.001594625359256814,0.0,0.17047317636690337,0.0,0.0,0.0,False,0.0,0.0,0.0,0.0,0.16847276251401083,0.1872412220645504,1.55,0.93,0.0,0.0,-0.0,0.0,
1791389482.079897,stand,-0.06920677562199681,-0.06012893871034356,0.0,0.0,-0.001531780629718489,0.0,0.17062785831155633,0.0,0.0,0.0,False,0.0,0.0,0.0,0.0,0.16888426242540835,0.1872412220645504,1.52,0.91,0.0,0.0,-0.0,0.0,
1791389482.0899315,stand,-0.06916272299352165,-0.05920112460783286,0.0,0.0,-0.0014930328112006536,0.0,0.17078162557231213,0.0,0.0,0.0,False,0.0,0.0,0.0,0.0,0.16908993541353018,0.1874430046775467,1.57,0.92,0.0,0.0,-0.0,0.0,
1791389482.099921,stand,-0.06910434605007945,-0.05833549334383996,0.0,0.0,-0.0014304335811089267,0.0,0.1709363102648117,0.0,0.0,0.0,False,0.0,0.0,0.0,0.0,0.16950125660862433,0.1874430046775467,1.56,0.99,0.0,0.0,-0.0,0.0,
1791389482.1099346,stand,-0.06916824225030786,-0.05753592047897766,0.0,0.0,-0.0014011487455906219,0.0,0.17101373444375795,0.0,0.0,0.0,False,0.0,0.0,0.0,0.0,0.1697068941730331,0.1874430046775467,1.6,0.96,0.0,0.0,-0.0,0.0,
1791389482.1199336,stand,-0.069202536529668,-0.056743022321460695,0.0,0.0,-0.0013134531233948699,0.0,0.17124600785897512,0.0,0.0,0.0,False,0.0,0.0,0.0,0.0,0.17032353027668845,0.1874430046775467,1.57,0.96,0.0,0.0,-0.0,0.0,
1791389482.129901,stand,-0.06928881990401167,-0.055951473920565306,0.0,0.0,-0.001256573761468198,0.0,0.17140085637842536,0.0,0.0,0.0,False,0.0,0.0,0.0,0.0,0.17073449411823335,0.1874430046775467,1.52,0.9400000000000001,0.0,0.0,-0.0,0.0,
1791389482.1399136,stand,-0.06934472686381522,-0.055087354895635425,0.0,0.0,-0.001201189754502792,0.0,0.17155570433056058,0.0,0.0,0.0,False,0.0,0.0,0.0,0.0,0.17114529419095692,0.1874430046775467,1.36,0.93,0.0,0.0,-0.0,0.0,
1791389482.1499133,stand,-0.0693719770783847,-0.05419101478187039,0.0,0.0,-0.0011197721746088601,0.0,0.17178784499691435,0.0,0.0,0.0,False,0.0,0.0,0.0,0.0,0.17176121805199598,0.1874430046775467,1.36,0.91,0.0,0.0,-0.0,0.0,
1791389482.1599307,stand,-0.06940457960343584,-0.05325400270204218,0.0,0.0,-0.0010675171937010453,0.0,0.17194243499378375,0.0,0.0,0.0,False,0.0,0.0,0.0,0.0,0.17217171437328418,0.1874430046775467,1.21,0.9,0.0,0.0,-0.0,0.0,
1791389482.169927,stand,-0.06936230045113767,-0.05223199428077777,0.0,0.0,-0.0009907624847962093,0.0,0.17217426768563157,0.0,0.0,0.0,False,0.0,0.0,0.0,0.0,0.17278720479807924,0.1874430046775467,1.03,0.88,0.0,0.0,-0.0,0.0,
1791389482.1799014,stand,-0.06935050135528524,-0.0511128751299533,0.0,0.0,-0.000941584208445187,0.0,0.1723287545481034,0.0,0.0,0.0,False,0.0,0.0,0.0,0.0,0.17319732812355867,0.1874430046775467,1.01,0.87,0.0,0.0,-0.0,0.0,
1791389482.1899233,stand,-0.06930386511108257,-0.049865971065306304,0.0,0.0,-0.000870188379031897,0.0,0.1725605524541971,0.0,0.0,0.0,False,0.0,0.0,0.0,0.0,0.17381221397988766,0.1874430046775467,1.0,0.86,0.0,0.0,-0.0,0.0,
1791389482.1999075,stand,-0.0692951379190697,-0.048584986727606104,0.0,0.0,-0.0008255484814194206,0.0,0.17271517128400493,0.0,0.0,0.0,False,0.0,0.0,0.0,0.0,0.1742219341098253,0.1874430046775467,0.84,0.84,0.0,0.0,-0.0,0.0,
1791389482.2099247,stand,-0.06937818169754295,-0.04712783428213957,0.0,0.0,-0.0007810172438229568,0.0,0.17286978921938478,0.0,0.0,0.0,False,0.0,0.0,0.0,0.0,0.17463152963789857,0.1874430046775467,0.79,0.8300000000000001,0.0,0.0,-0.0,0.0,
1791389482.2198963,stand,-0.06935865361780028,-0.04568931711899397,0.0,0.0,-0.0007393746470109389,0.0,0.17302428664299935,0.0,0.0,0.0,False,0.0,0.0,0.0,0.0,0.17504100536777448,0.1874430046775467,0.76,0.8,0.0,0.0,-0.0,0.0,
1791389482.2298906,stand,-0.06926968371604825,-0.04423456568627856,0.0,0.0,-0.0006978063512189311,0.0,0.17317878436612094,0.0,0.0,0.0,False,0.0,0.0,0.0,0.0,0.1754503530208858,0.1874430046775467,0.74,0.81,0.0,0.0,-0.0,0.0,
1791389482.2399006,stand,-0.06909218584617374,-0.042919554700902,0.0,0.0,-0.0006770668282649085,0.0,0.173256032228559,0.0,0.0,0.0,False,0.0,0.0,0.0,0.0,0.17565492475915573,0.1874430046775467,0.81,0.79,0.0,0.0,-0.0,0.0,
1791389482.2498872,stand,-0.06879194761305536,-0.041754367947809394,0.0,0.0,-0.0006372837589459016,0.0,0.1734104197134356,0.0,0.0,0.0,False,0.0,0.0,0.0,0.0,0.17606398441836957,0.1874430046775467,0.78,0.77,0.0,0.0,-0.0,0.0,
1791389482.2598917,stand,-0.06855238451551782,-0.0407794849119921,0.0,0.0,-0.0006174187766646438,0.0,0.17348761355865727,0.0,0.0,0.0,False,0.0,0.0,0.0,0.0,0.17626841731046197,0.1874430046775467,0.79,0.78,0.0,0.0,-0.0,0.0,
1791389482.2698925,stand,-0.06828325308538089,-0.039887242559604914,0.0,0.0,-0.0005907220159479011,0.0,0.17364123461270659,0.0,0.0,0.0,False,0.0,0.0,0.0,0.0,0.17647285020255438,0.18764478134634419,0.9400000000000001,0.77,0.0,0.0,-0.0,0.0,
1791389482.2798984,stand,-0.06808569819006403,-0.03901367250529624,0.0,0.0,-0.0005531469698463257,0.0,0.173795484431255,0.0,0.0,0.0,False,0.0,0.0,0.0,0.0,0.1768815599954663,0.18764478134634419,1.03,0.89,0.0,0.0,-0.0,0.0,
1791389482.2899113,stand,-0.06791577862844654,-0.03824553203719798,0.0,0.0,-0.0005531469698463257,0.0,0.173795484431255,0.0,0.0,0.0,False,0.0,0.0,0.0,0.0,0.1768815599954663,0.18764478134634419,1.09,0.85,0.0,0.0,-0.0,0.0,
1791389482.2999058,stand,-0.06777291999407616,-0.03739195834510887,0.0,0.0,-0.0005353646328634491,0.0,0.1738725430700375,0.0,0.0,0.0,False,0.0,0.0,0.0,0.0,0.17708586798756573,0.18764478134634419,1.19,0.8200000000000001,0.0,0.0,-0.0,0.0,
1791389482.309899,stand,-0.06761421198047807,-0.03655177860376786,0.0,0.0,-0.0005175980508252027,0.0,0.17394960176375174,0.0,0.0,0.0,False,0.0,0.0,0.0,0.0,0.1772901001009387,0.18764478134634419,1.32,0.8300000000000001,0.0,0.0,-0.0,0.0,
1791389482.3198926,stand,-0.06750216102130832,-0.035735375474279345,0.0,0.0,-0.0004998472028139717,0.0,0.17402666051232485,0.0,0.0,0.0,False,0.0,0.0,0.0,0.0,0.17749433221431168,0.18764478134634419,1.3900000000000001,0.85,0.0,0.0,-0.0,0.0,
1791389482.3299723,stand,-0.06733725352800818,-0.035011017661319324,0.0,0.0,-0.0004753710501982991,0.0,0.17418014979898713,0.0,0.0,0.0,False,0.0,0.0,0.0,0.0,0.1776984917096465,0.1878464388524644,1.47,0.91,0.0,0.0,-0.0,0.0,
1791389482.3399944,stand,-0.06724985910424959,-0.03435350257734056,0.0,0.0,-0.0004586537598397847,0.0,0.17425727666785473,0.0,0.0,0.0,False,0.0,0.0,0.0,0.0,0.1779026388146077,0.1878464388524644,1.52,0.93,0.0,0.0,-0.0,0.0,
1791389482.3498905,stand,-0.06710655739084934,-0.033823771109292064,0.0,0.0,-0.00042526353466285083,0.0,0.17441153055149403,0.0,0.0,0.0,False,0.0,0.0,0.0,0.0,0.17831072035944173,0.1878464388524644,1.6,0.9,0.0,0.0,-0.0,0.0,
1791389482.3598924,stand,-0.0669562131406231,-0.033356040534942864,0.0,0.0,-0.0004085905606512272,0.0,0.1744886575661367,0.0,0.0,0.0,False,0.0,0.0,0.0,0.0,0.1785147115383514,0.1878464388524644,1.58,0.88,0.0,0.0,-0.0,0.0,
1791389482.3699005,stand,-0.06697021283469343,-0.03275448912255538,0.0,0.0,-0.0003767208276845638,0.0,0.17464285838914165,0.0,0.0,0.0,False,0.0,0.0,0.0,0.0,0.1789225346364533,0.1878464388524644,1.61,0.87,0.0,0.0,-0.0,0.0,
1791389482.379902,stand,-0.06687259155528215,-0.03224340437268058,0.0,0.0,-0.0003310824915045904,0.0,0.17487408305683205,0.0,0.0,0.0,False,0.0,0.0,0.0,0.0,0.17953407294526705,0.1878464388524644,1.49,0.86,0.0,0.0,-0.0,0.0,
1791389482.3899226,stand,-0.0668070204772267,-0.031647395740413496,0.0,0.0,-0.000296497113253226,0.0,0.1751045776331867,0.0,0.0,0.0,False,0.0,0.0,0.0,0.0,0.17994142114148953,0.18804809635858466,1.43,0.86,0.0,0.0,-0.0,0.0,
1791389482.3999052,stand,-0.06673300463557802,-0.03096150723889207,0.0,0.0,-0.00026940587309559616,0.0,0.17525838984193837,0.0,0.0,0.0,False,0.0,0.0,0.0,0.0,0.1803486455666257,0.18804809635858466,1.3800000000000001,0.9400000000000001,0.0,0.0,-0.0,0.0,
1791389482.4099023,stand,-0.06650917504345824,-0.03037504648903668,0.0,0.0,-0.00024237844711936726,0.0,0.17541220353313858,0.0,0.0,0.0,False,0.0,0.0,0.0,0.0,0.18075567401151546,0.18804809635858466,1.35,0.9,0.0,0.0,-0.0,0.0,
1791389482.4199002,stand,-0.06635369083014042,-0.029688723207555966,0.0,0.0,-0.00020431829417929398,0.0,0.17564312322987635,0.0,0.0,0.0,False,0.0,0.0,0.0,0.0,0.18136583942689477,0.18804809635858466,1.21,0.92,0.0,0.0,-0.0,0.0,
1791389482.4298925,stand,-0.06623160585797991,-0.029031393537000114,0.0,0.0,-0.0001675758706270493,0.0,0.17587391854468526,0.0,0.0,0.0,False,0.0,0.0,0.0,0.0,0.18197564376362416,0.18804809635858466,1.1400000000000001,0.88,0.0,0.0,-0.0,0.0,
1791389482.4399166,stand,-0.06614933414358536,-0.028333243943994207,0.0,0.0,-0.00014470898375172625,0.0,0.17602762092231616,0.0,0.0,0.0,False,0.0,0.0,0.0,0.0,0.18238186609667828,0.18804809635858466,0.99,0.86,0.0,0.0,-0.0,0.0,
1791389482.4498866,stand,-0.06602421915411338,-0.027534249245777784,0.0,0.0,-0.00011171913679839177,0.0,0.17625813417331965,0.0,0.0,0.0,False,0.0,0.0,0.0,0.0,0.18299090309463303,0.18804809635858466,0.9500000000000001,0.84,0.0,0.0,-0.0,0.0,
1791389482.4599054,stand,-0.06585745140751284,-0.02671868241418575,0.0,0.0,-9.137064986267443e-05,0.0,0.17641175740836532,0.0,0.0,0.0,False,0.0,0.0,0.0,0.0,0.18339669919636176,0.18804809635858466,0.8,0.8300000000000001,0.0,0.0,-0.0,0.0,
1791389482.4699104,stand,-0.06570441358267538,-0.025734534562162292,0.0,0.0,-7.108170216838655e-05,0.0,0.17656537744140124,0.0,0.0,0.0,False,0.0,0.0,0.0,0.0,0.18380227246209999,0.18804809635858466,0.77,0.81,0.0,0.0,-0.0,0.0,
1791389482.4799016,stand,-0.0654972550936131,-0.02484734977241923,0.0,0.0,-5.3193569241834215e-05,0.0,0.1767186762069868,0.0,0.0,0.0,False,0.0,0.0,0.0,0.0,0.18420761995138657,0.18804809635858466,0.75,0.81,0.0,0.0,-0.0,0.0,
1791389482.489933,stand,-0.06529346885731156,-0.023905126322592042,0.0,0.0,-4.426113584501609e-05,0.0,0.1767953256109573,0.0,0.0,0.0,False,0.0,0.0,0.0,0.0,0.18441020567926045,0.18804809635858466,0.8300000000000001,0.8,0.0,0.0,-0.0,0.0,
1791389482.4999037,stand,-0.06509890197786374,-0.02305785611055343,0.0,0.0,-2.6424047588034794e-05,0.0,0.17694862653825263,0.0,0.0,0.0,False,0.0,0.0,0.0,0.0,0.1848152533120094,0.18804809635858466,0.8200000000000001,0.76,0.0,0.0,-0.0,0.0,
1791389482.5102022,stand,-0.06486436262884726,-0.02203509008778512,0.0,0.0,-1.7743137651852342e-05,0.0,0.17702537996795448,0.0,0.0,0.0,False,0.0,0.0,0.0,0.0,0.18501771391452992,0.18804809635858466,1.01,0.78,0.0,0.0,-0.0,0.0,
1791389482.519918,stand,-0.06476777573254895,-0.021641908417917143,0.0,0.0,-9.069752070742926e-06,0.0,0.1771021334109851,0.0,0.0,0.0,False,0.0,0.0,0.0,0.0,0.18522011670160535,0.18804809635858466,1.01,0.76,0.0,0.0,-0.0,0.0,
1791389482.529931,stand,-0.06443979588760576,-0.021213422000036616,0.0,0.0,-4.0388106741645613e-07,0.0,0.17717888686732716,0.0,0.0,0.0,False,0.0,0.0,0.0,0.0,0.18542246149501598,0.18804809635858466,0.97,0.75,0.0,0.0,-0.0,0.0,
1791389482.539915,stand,-0.06418705356125541,-0.020660454930392626,0.0,0.0,-4.0388106741645613e-07,0.0,0.17717888686732716,0.0,0.0,0.0,False,0.0,0.0,0.0,0.0,0.18542246149501598,0.18804809635858466,0.92,0.76,0.0,0.0,-0.0,0.0,
1791389482.5498998,stand,-0.06388793045621474,-0.020004632220710823,0.0,0.0,-4.0388106741645613e-07,0.0,0.17717888686732716,0.0,0.0,0.0,False,0.0,0.0,0.0,0.0,0.18542246149501598,0.18804809635858466,0.9400000000000001,0.77,0.0,0.0,-0.0,0.0,
1791389482.5599158,stand,-0.06347893181669188,-0.019180074642158977,0.0,0.0,-4.0388106741645613e-07,0.0,0.17717888686732716,0.0,0.0,0.0,False,0.0,0.0,0.0,0.0,0.18542246149501598,0.18804809635858466,0.91,0.75,0.0,0.0,-0.0,0.0,
1791389482.5702717,stand,-0.06274982031070497,-0.017624985346805688,0.0,0.0,-3.4048956111393247e-06,0.0,0.17717865072211025,0.0,0.0,0.0,False,0.0,0.0,0.0,0.0,0.18522011670160535,0.18824968933114344,1.01,0.79,0.0,0.0,-0.0,0.0,
1791389482.5799136,stand,-0.06257046140696967,-0.017254843504314926,0.0,0.0,-3.4048956111393247e-06,0.0,0.17717865072211025,0.0,0.0,0.0,False,0.0,0.0,0.0,0.0,0.18522011670160535,0.18824968933114344,1.06,0.86,0.0,0.0,-0.0,0.0,
1791389482.5902183,stand,-0.06183896215393755,-0.016161247847513452,0.0,0.0,-3.4048956111393247e-06,0.0,0.17717865072211025,0.0,0.0,0.0,False,0.0,0.0,0.0,0.0,0.18522011670160535,0.18824968933114344,1.07,0.9,0.0,0.0,-0.0,0.0,
1791389482.5999224,stand,-0.061711339461594544,-0.015968698596475164,0.0,0.0,-3.4048956111393247e-06,0.0,0.17717865072211025,0.0,0.0,0.0,False,0.0,0.0,0.0,0.0,0.18522011670160535,0.18824968933114344,1.08,0.87,0.0,0.0,-0.0,0.0,
1791389482.6099265,stand,-0.061516209913248084,-0.015623610223603875,0.0,0.0,-3.4048956111393247e-06,0.0,0.17717865072211025,0.0,0.0,0.0,False,0.0,0.0,0.0,0.0,0.18522011670160535,0.18824968933114344,1.09,0.89,0.0,0.0,-0.0,0.0,
1791389482.6199045,stand,-0.06141646394315956,-0.015323500127527196,0.0,0.0,-3.4048956111393247e-06,0.0,0.17717865072211025,0.0,0.0,0.0,False,0.0,0.0,0.0,0.0,0.18522011670160535,0.18824968933114344,1.07,0.87,0.0,0.0,-0.0,0.0,
1791389482.629899,stand,-0.0614168718840161,-0.014983167354142216,0.0,0.0,-3.4048956111393247e-06,0.0,0.17717865072211025,0.0,0.0,0.0,False,0.0,0.0,0.0,0.0,0.18522011670160535,0.18824968933114344,1.07,0.87,0.0,0.0,-0.0,0.0,
1791389482.6399271,stand,-0.06146149589964282,-0.014541213777836974,0.0,0.0,-3.4048956111393247e-06,0.0,0.17717865072211025,0.0,0.0,0.0,False,0.0,0.0,0.0,0.0,0.18522011670160535,0.18824968933114344,1.07,0.86,0.0,0.0,-0.0,0.0,
1791389482.6499057,stand,-0.061516019459969505,-0.013939364193135571,0.0,0.0,-3.4048956111393247e-06,0.0,0.17717865072211025,0.0,0.0,0.0,False,0.0,0.0,0.0,0.0,0.18522011670160535,0.18824968933114344,1.06,0.88,0.0,0.0,-0.0,0.0,
1791389482.6598964,stand,-0.061558878515278664,-0.013287316914931529,0.0,0.0,-3.4048956111393247e-06,0.0,0.17717865072211025,0.0,0.0,0.0,False,0.0,0.0,0.0,0.0,0.18522011670160535,0.18824968933114344,1.05,0.87,0.0,0.0,-0.0,0.0,
1791389482.6700647,stand,-0.06158082555407595,-0.012616947642698825,0.0,0.0,-3.4048956111393247e-06,0.0,0.17717865072211025,0.0,0.0,0.0,False,0.0,0.0,0.0,0.0,0.18522011670160535,0.18824968933114344,1.05,0.86,0.0,0.0,-0.0,0.0,
1791389482.679907,stand,-0.06159964106328983,-0.012035428276985798,0.0,0.0,-3.4048956111393247e-06,0.0,0.17717865072211025,0.0,0.0,0.0,False,0.0,0.0,0.0,0.0,0.18522011670160535,0.18824968933114344,1.04,0.85,0.0,0.0,-0.0,0.0,
1791389482.6899474,stand,-0.0616390732827196,-0.011547262068397414,0.0,0.0,-3.4048956111393247e-06,0.0,0.17717865072211025,0.0,0.0,0.0,False,0.0,0.0,0.0,0.0,0.18522011670160535,0.18824968933114344,1.02,0.86,0.0,0.0,-0.0,0.0,
1791389482.6999037,stand,-0.0616339705922917,-0.011323431597304406,0.0,0.0,5.2547815809003695e-06,0.0,0.1772554041871423,0.0,0.0,0.0,False,0.0,0.0,0.0,0.0,0.18542246149501598,0.18824968933114344,1.0,0.88,0.0,0.0,-0.0,0.0,
1791389482.7099175,stand,-0.06160864228875689,-0.011145703590966118,0.0,0.0,5.2547815809003695e-06,0.0,0.1772554041871423,0.0,0.0,0.0,False,0.0,0.0,0.0,0.0,0.18542246149501598,0.18824968933114344,0.91,0.86,0.0,0.0,-0.0,0.0,
1791389482.7198923,stand,-0.061540719779695205,-0.010898858377800108,0.0,0.0,5.2547815809003695e-06,0.0,0.1772554041871423,0.0,0.0,0.0,False,0.0,0.0,0.0,0.0,0.18542246149501598,0.18824968933114344,0.91,0.87,0.0,0.0,-0.0,0.0,
1791389482.729915,stand,-0.06137583986360427,-0.010626724988819293,0.0,0.0,5.2547815809003695e-06,0.0,0.1772554041871423,0.0,0.0,0.0,False,0.0,0.0,0.0,0.0,0.18542246149501598,0.18824968933114344,0.96,0.86,0.0,0.0,-0.0,0.0,
1791389482.7399056,stand,-0.061118289384288704,-0.010167139524723229,0.0,0.0,5.2547815809003695e-06,0.0,0.1772554041871423,0.0,0.0,0.0,False,0.0,0.0,0.0,0.0,0.18542246149501598,0.18824968933114344,0.9400000000000001,0.86,0.0,0.0,-0.0,0.0,
1791389482.7499163,stand,-0.06078664755607663,-0.00971200163695854,0.0,0.0,5.2547815809003695e-06,0.0,0.1772554041871423,0.0,0.0,0.0,False,0.0,0.0,0.0,0.0,0.18542246149501598,0.18824968933114344,0.96,0.86,0.0,0.0,-0.0,0.0,
1791389482.7599015,stand,-0.060418879207908574,-0.009289446848823962,0.0,0.0,5.2547815809003695e-06,0.0,0.1772554041871423,0.0,0.0,0.0,False,0.0,0.0,0.0,0.0,0.18542246149501598,0.18824968933114344,0.96,0.86,0.0,0.0,-0.0,0.0,
1791389482.7699177,stand,-0.06010430310867519,-0.008912033537085431,0.0,0.0,-3.4048956111393247e-06,0.0,0.17717865072211025,0.0,0.0,0.0,False,0.0,0.0,0.0,0.0,0.18522011670160535,0.18824968933114344,0.93,0.85,0.0,0.0,-0.0,0.0,
1791389482.7799027,stand,-0.059823678175022585,-0.008597921422669044,0.0,0.0,-3.4048956111393247e-06,0.0,0.17717865072211025,0.0,0.0,0.0,False,0.0,0.0,0.0,0.0,0.18522011670160535,0.18824968933114344,1.04,0.88,0.0,0.0,-0.0,0.0,
1791389482.789923,stand,-0.059625874230035084,-0.008401641335331628,0.0,0.0,-3.4048956111393247e-06,0.0,0.17717865072211025,0.0,0.0,0.0,False,0.0,0.0,0.0,0.0,0.18522011670160535,0.18824968933114344,1.08,0.89,0.0,0.0,-0.0,0.0,
1791389482.7998955,stand,-0.05953044969316978,-0.008281524296901016,0.0,0.0,-3.4048956111393247e-06,0.0,0.17717865072211025,0.0,0.0,0.0,False,0.0,0.0,0.0,0.0,0.18522011670160535,0.18824968933114344,1.05,0.87,0.0,0.0,-0.0,0.0,
1791389482.8099132,stand,-0.05947076537595453,-0.00824362370338182,0.0,0.0,-3.4048956111393247e-06,0.0,0.17717865072211025,0.0,0.0,0.0,False,0.0,0.0,0.0,0.0,0.18522011670160535,0.18824968933114344,1.05,0.88,0.0,0.0,-0.0,0.0,
1791389482.8198955,stand,-0.05952855082049052,-0.008215416594152675,0.0,0.0,-3.4048956111393247e-06,0.0,0.17717865072211025,0.0,0.0,0.0,False,0.0,0.0,0.0,0.0,0.18522011670160535,0.18824968933114344,1.03,0.87,0.0,0.0,-0.0,0.0,
1791389482.8298924,stand,-0.059632932146372386,-0.00810344000761933,0.0,0.0,-3.4048956111393247e-06,0.0,0.17717865072211025,0.0,0.0,0.0,False,0.0,0.0,0.0,0.0,0.18522011670160535,0.18824968933114344,1.06,0.85,0.0,0.0,-0.0,0.0,
1791389482.839892,stand,-0.05984051527464925,-0.007844161548111258,0.0,0.0,-3.4048956111393247e-06,0.0,0.17717865072211025,0.0,0.0,0.0,False,0.0,0.0,0.0,0.0,0.18522011670160535,0.18824968933114344,1.05,0.85,0.0,0.0,-0.0,0.0,
1791389482.8498878,stand,-0.06007710717050621,-0.007443295975097136,0.0,0.0,-3.4048956111393247e-06,0.0,0.17717865072211025,0.0,0.0,0.0,False,0.0,0.0,0.0,0.0,0.18522011670160535,0.18824968933114344,1.04,0.86,0.0,0.0,-0.0,0.0,
1791389482.8599052,stand,-0.06020589790659953,-0.007015225133678627,0.0,0.0,-3.4048956111393247e-06,0.0,0.17717865072211025,0.0,0.0,0.0,False,0.0,0.0,0.0,0.0,0.18522011670160535,0.18824968933114344,1.07,0.88,0.0,0.0,-0.0,0.0,
1791389482.8699052,stand,-0.060266352363107754,-0.006606817465529987,0.0,0.0,-3.4048956111393247e-06,0.0,0.17717865072211025,0.0,0.0,0.0,False,0.0,0.0,0.0,0.0,0.18522011670160535,0.18824968933114344,1.05,0.87,0.0,0.0,-0.0,0.0,
1791389482.8799334,stand,-0.06013932207642427,-0.006386165593242319,0.0,0.0,-9.069752070742926e-06,0.0,0.1771021334109851,0.0,0.0,0.0,False,0.0,0.0,0.0,0.0,0.18522011670160535,0.18804809635858466,1.04,0.86,0.0,0.0,-0.0,0.0,
1791389482.8899136,stand,-0.059948914587111976,-0.006271910185682967,0.0,0.0,-3.4048956111393247e-06,0.0,0.17717865072211025,0.0,0.0,0.0,False,0.0,0.0,0.0,0.0,0.18522011670160535,0.18824968933114344,1.05,0.8300000000000001,0.0,0.0,-0.0,0.0,
1791389482.8998997,stand,-0.05976664929960112,-0.00640543289981899,0.0,0.0,-3.4048956111393247e-06,0.0,0.17717865072211025,0.0,0.0,0.0,False,0.0,0.0,0.0,0.0,0.18522011670160535,0.18824968933114344,1.05,0.86,0.0,0.0,-0.0,0.0,
1791389482.9099312,stand,-0.059586950638858334,-0.006644639943173196,0.0,0.0,-3.4048956111393247e-06,0.0,0.17717865072211025,0.0,0.0,0.0,False,0.0,0.0,0.0,0.0,0.18522011670160535,0.18824968933114344,1.05,0.86,0.0,0.0,-0.0,0.0,
1791389482.9199135,stand,-0.05943199975290063,-0.006981959937940934,0.0,0.0,-3.4048956111393247e-06,0.0,0.17717865072211025,0.0,0.0,0.0,False,0.0,0.0,0.0,0.0,0.18522011670160535,0.18824968933114344,1.06,0.86,0.0,0.0,-0.0,0.0,
1791389482.9299066,stand,-0.05928763538459502,-0.007365701661782711,0.0,0.0,-3.4048956111393247e-06,0.0,0.17717865072211025,0.0,0.0,0.0,False,0.0,0.0,0.0,0.0,0.18522011670160535,0.18824968933114344,1.06,0.87,0.0,0.0,-0.0,0.0,
1791389482.9399016,stand,-0.05914410414125143,-0.007659752728529198,0.0,0.0,-3.4048956111393247e-06,0.0,0.17717865072211025,0.0,0.0,0.0,False,0.0,0.0,0.0,0.0,0.18522011670160535,0.18824968933114344,1.04,0.86,0.0,0.0,-0.0,0.0,
1791389482.9499085,stand,-0.05896021541799764,-0.007811856040520323,0.0,0.0,-3.4048956111393247e-06,0.0,0.17717865072211025,0.0,0.0,0.0,False,0.0,0.0,0.0,0.0,0.18522011670160535,0.18824968933114344,1.06,0.87,0.0,0.0,-0.0,0.0,
1791389482.959908,stand,-0.05877083624297735,-0.007758031740828061,0.0,0.0,-3.4048956111393247e-06,0.0,0.17717865072211025,0.0,0.0,0.0,False,0.0,0.0,0.0,0.0,0.18522011670160535,0.18824968933114344,1.05,0.87,0.0,0.0,-0.0,0.0,
1791389482.969888,stand,-0.05854108680132396,-0.007636238585362602,0.0,0.0,-3.4048956111393247e-06,0.0,0.17717865072211025,0.0,0.0,0.0,False,0.0,0.0,0.0,0.0,0.18522011670160535,0.18824968933114344,1.05,0.87,0.0,0.0,-0.0,0.0,
1791389482.9799209,stand,-0.0583369670528815,-0.007511154298373033,0.0,0.0,-3.4048956111393247e-06,0.0,0.17717865072211025,0.0,0.0,0.0,False,0.0,0.0,0.0,0.0,0.18522011670160535,0.18824968933114344,1.06,0.87,0.0,0.0,-0.0,0.0,
1791389482.9899359,stand,-0.0581526087091537,-0.007512526847729455,0.0,0.0,-3.4048956111393247e-06,0.0,0.17717865072211025,0.0,0.0,0.0,False,0.0,0.0,0.0,0.0,0.18522011670160535,0.18824968933114344,1.07,0.86,0.0,0.0,-0.0,0.0,
1791389482.9999092,stand,-0.05805564893786516,-0.007602900148438288,0.0,0.0,-3.4048956111393247e-06,0.0,0.17717865072211025,0.0,0.0,0.0,False,0.0,0.0,0.0,0.0,0.18522011670160535,0.18824968933114344,1.07,0.88,0.0,0.0,-0.0,0.0,
1791389483.010142,stand,-0.05797361167626676,-0.007760264072057149,0.0,0.0,-3.4048956111393247e-06,0.0,0.17717865072211025,0.0,0.0,0.0,False,0.0,0.0,0.0,0.0,0.18522011670160535,0.18824968933114344,1.1,0.9,0.0,0.0,-0.0,0.0,
1791389483.0199273,stand,-0.05798211993896476,-0.007749724368139323,0.0,0.0,5.2547815809003695e-06,0.0,0.1772554041871423,0.0,0.0,0.0,False,0.0,0.0,0.0,0.0,0.18542246149501598,0.18824968933114344,1.05,0.84,0.0,0.0,-0.0,0.0,
1791389483.029926,balance,-0.05794362037016016,-0.0076183294641915715,-0.05786010472787264,0.0029592102894743324,-3.4048956111393247e-06,-8.692053789865695e-05,0.17717865072211025,-0.0013637646743599235,0.0,-1.7167774520173654e-05,False,0.0,0.0,-0.03674328581117989,-0.03669421687617085,0.18522011670160535,0.18824968933114344,1.02,0.88,-0.2572030006782592,-0.25685951813319596,0.20252204777815683,-0.20225158908125665,
1791389483.0399237,balance,-0.0578755418617045,-0.007342208352693917,-0.057696691492411606,0.004412863019592842,5.2547815809003695e-06,-0.00017359558771199435,0.1772554041871423,-0.004975927948739185,0.0,-6.69270540075655e-05,False,0.0,0.0,-0.052455139506637966,-0.05507153535494345,0.18542246149501598,0.18824968933114344,0.96,0.89,-0.3671859765464658,-0.3855007474846041,0.28912281617831953,-0.3035438956571686,
1791389483.0499234,balance,-0.05759751432415427,-0.00688538688873247,-0.05742732363205341,0.07275821306010696,-3.4048956111393247e-06,-0.00017359558771199435,0.17717865072211025,-0.025299849498257324,0.0,-0.00027443336574982017,False,0.0,0.0,-0.057821939663454,-0.06284965484393869,0.18522011670160535,0.18824968933114344,1.05,0.9,-0.404753577644178,-0.4399475839075708,0.3187036044442347,-0.34641542039966206,
1791389483.0599344,balance,-0.0562394676452609,-0.006518319354343203,-0.056060617275968005,0.1857138215187832,5.2547815809003695e-06,-0.00017359558771199435,0.1772554041871423,-0.04544771784321206,0.0,-0.0006758848875844832,False,0.0,0.0,-0.05134333715914919,-0.060851510869589134,0.18542246149501598,0.18824968933114344,0.99,0.87,-0.35940336011404433,-0.42596057608712395,0.282994771743342,-0.33540202841505823,
1791389483.0699625,balance,-0.053732127496859024,-0.005854953648881851,-0.05356193680475817,0.3161442367071315,-3.4048956111393247e-06,-0.00017359558771199435,0.17717865072211025,-0.059633755709198266,0.0,-0.001245822890247174,False,0.0,0.0,-0.03905615973938154,-0.05344832238056322,0.18522011670160535,0.18824968933114344,1.02,0.86,-0.2733931181756708,-0.3741382566639425,0.21527017179186678,-0.2945970524912933,
1791389483.0799024,balance,-0.05037949563605931,-0.00542535166095066,-0.05020064526676642,0.3571730871463781,5.2547815809003695e-06,-0.00017359558771199435,0.1772554041871423,-0.06830401509292824,0.0,-0.0019288630411764564,False,0.0,0.0,-0.03162762850388881,-0.04482881948480113,0.18542246149501598,0.18824968933114344,0.9500000000000001,0.9,-0.22139339952722167,-0.3138017363936079,0.1743255114387572,-0.2470879814122897,
1791389483.0899322,balance,-0.04671581553917056,-0.004996301377360062,-0.04653696516987767,0.3765043280769736,5.2547815809003695e-06,-0.00017359558771199435,0.1772554041871423,-0.06720692977960112,0.0,-0.0026009323389724675,False,0.0,0.0,-0.027656503518193862,-0.03553205112286876,0.18542246149501598,0.18824968933114344,0.9500000000000001,0.88,-0.19359552462735702,-0.24872435786008132,0.15243742096642285,-0.19584595107093017,
1791389483.0999267,balance,-0.043090953359365025,-0.00445736343383895,-0.04291210299007213,0.3482017369928803,5.2547815809003695e-06,-0.00017359558771199435,0.1772554041871423,-0.0601700028534051,0.0,-0.0032026323675065187,False,0.0,0.0,-0.027505340415606677,-0.02820163647366129,0.18542246149501598,0.18824968933114344,0.97,0.89,-0.19253738290924674,-0.19741145531562904,0.1516042385112179,-0.1554420907997079,
1791389483.1099322,balance,-0.0399368874762084,-0.003878584283340931,-0.03975803710691551,0.28714974525878895,5.2547815809003695e-06,-0.00017359558771199435,0.1772554041871423,-0.05105023258257983,0.0,-0.003713134693332317,False,0.0,0.0,-0.031107799174876494,-0.02343054421620835,0.18542246149501598,0.18824968933114344,0.96,0.89,-0.21775459422413546,-0.16401380951345845,0.17146031041270507,-0.129144731900361,
1791389483.119914,balance,-0.03741191388417725,-0.0033831499662905864,-0.037233063514884354,0.22993336010425094,5.2547815809003695e-06,-0.00017359558771199435,0.1772554041871423,-0.05105023258257983,0.0,-0.004223637019158115,False,0.0,0.0,-0.03755577347549006,-0.023175538617973647,0.18542246149501598,0.18824968933114344,0.96,0.9,-0.2628904143284304,-0.16222877032581554,0.20700032624285858,-0.12773918923292563,
1791389483.1298919,balance,-0.03506712844773574,-0.002712948280119072,-0.03483594566132518,0.24518642827626927,5.2547815809003695e-06,-0.00022592800482965861,0.1772554041871423,-0.04759552501776315,0.0,-0.004699592269335747,False,0.0,0.0,-0.03550528139354431,-0.022339383478695685,0.18542246149501598,0.18824968933114344,0.92,0.89,-0.24853696975481016,-0.1563756843508698,0.19569840138174027,-0.12313046011879511,
1791389483.1399193,balance,-0.03258410758988014,-0.0018696406674909355,-0.03230439541626438,0.24509926220261413,5.2547815809003695e-06,-0.000274457392034863,0.1772554041871423,-0.03832180547302216,0.0,-0.005082810324065969,False,0.0,0.0,-0.027155286343261798,-0.020924849850335474,0.18542246149501598,0.18824968933114344,0.92,0.89,-0.19008700440283258,-0.14647394895234833,0.1496748066164036,-0.11533381807271521,
1791389483.1498995,balance,-0.030391616339002683,-0.0007934252944721738,-0.030019755063126968,0.19540921219406193,5.2547815809003695e-06,-0.00036660649429481694,0.1772554041871423,-0.03832180547302216,0.0,-0.00546602837879619,False,0.0,0.0,-0.022793446836742268,-0.022195811059845052,0.18542246149501598,0.18824968933114344,0.93,0.89,-0.15955412785719586,-0.15537067741891536,0.1256331715410991,-0.12233911607788611,
1791389483.1598942,balance,-0.0288655296513555,0.0003528146085860572,-0.02840702766904594,0.11559734438125252,5.2547815809003695e-06,-0.00045324720072865965,0.1772554041871423,-0.03832180547302216,0.0,-0.005849246433526412,False,0.0,0.0,-0.027889275174997733,-0.025839143290900573,0.18542246149501598,0.18824968933114344,0.9500000000000001,0.88,-0.19522492622498414,-0.18087400303630402,0.1537204143503812,-0.14242047483173545,
1791389483.1698952,balance,-0.028039294005841115,0.0015373291953616017,-0.027497459661009315,0.06705225692713443,5.2547815809003695e-06,-0.0005365795632508997,0.1772554041871423,-0.03832180547302216,0.0,-0.006232464488256633,False,0.0,0.0,-0.027356816788137454,-0.030883611969411934,0.18542246149501598,0.18824968933114344,0.9400000000000001,0.88,-0.19149771751696218,-0.21618528378588353,0.1507856043440647,-0.1702246329022705,
1791389483.1799219,balance,-0.027755514895949046,0.0026934274219502694,-0.02717286003029057,0.0057849924200940065,5.2547815809003695e-06,-0.0005774000840775756,0.1772554041871423,-0.026146595550101202,0.0,-0.006493930443757645,False,0.0,0.0,-0.027588680728323742,-0.03624704023877578,0.18542246149501598,0.18824968933114344,0.91,0.9,-0.1931207650982662,-0.25372928167143044,0.15206359456556393,-0.19978683596175625,
1791389483.1898901,balance,-0.02780192753334721,0.0036625670241680806,-0.027137751891160918,-0.012337506386670092,5.2547815809003695e-06,-0.0006589208606053941,0.1772554041871423,-0.026146595550101202,0.0,-0.006755396399258658,False,0.0,0.0,-0.028786943881305566,-0.04186356834681559,0.18542246149501598,0.18824968933114344,0.88,0.89,-0.20150860716913896,-0.2930449784277091,0.15866819462136925,-0.23074407750213316,
1791389483.1999016,balance,-0.02804630485363015,0.0044925573888888026,-0.02729167868913263,-0.03081798776909296,1.390696255457527e-05,-0.0007407192019429473,0.1773321576654552,-0.026146595550101202,0.0,-0.00701686235475967,False,0.0,0.0,-0.0281598891032234,-0.04793688323706585,0.18562480481305557,0.18824968933114344,0.8,0.89,-0.1971192237225638,-0.33555818265946097,0.1552119871831211,-0.2642190414641425,
1791389483.2099233,balance,-0.028453315610893842,0.005443313524925882,-0.02761605359597398,-0.04352682097543575,1.390696255457527e-05,-0.0008233550523652866,0.1773321576654552,-0.026146595550101202,0.0,-0.007278328310260682,False,0.0,0.0,-0.02661278858753841,-0.05323342542002295,0.18562480481305557,0.18824968933114344,0.79,0.89,-0.18628952011276886,-0.3726339779401606,0.14668466150611723,-0.2934125810552446,
1791389483.2198944,balance,-0.02891740810143435,0.006527288403020697,-0.027996281940897455,-0.04933007799381525,1.390696255457527e-05,-0.0009072191979823194,0.1773321576654552,-0.026146595550101202,0.0,-0.007539794265761695,False,0.0,0.0,-0.024614942057271147,-0.057899791521170876,0.18562480481305557,0.18824968933114344,0.77,0.88,-0.17230459440089801,-0.40529854064819615,0.13567290897708506,-0.31913270917180797,
1791389483.229892,balance,-0.029485495815653063,0.007746725664720848,-0.028479286505504704,-0.0672203448366801,1.390696255457527e-05,-0.0009923023475937832,0.1773321576654552,-0.026146595550101202,-0.024127037092788475,-1.0097792286563635e-05,False,0.0,0.0,-0.021133678573955306,-0.057960263657487965,0.18562480481305557,0.18824968933114344,0.78,0.9,-0.14793575001768713,-0.40572184560241575,0.11648484253361191,-0.31946602015938247,
1791389483.2399025,balance,-0.030198903291658447,0.008998253852464166,-0.029105830058208784,-0.07296237567462875,1.390696255457527e-05,-0.001079166270895088,0.1773321576654552,-0.026146595550101202,-0.01957454545106508,-3.2860250495180615e-05,False,0.0,0.0,-0.022741130097520452,-0.0597826789812356,0.18562480481305557,0.18824968933114344,0.79,0.86,-0.15918791068264315,-0.4184787528686492,0.12534481156113633,-0.32951082903043244,
1791389483.2499013,balance,-0.03096002627249518,0.010159019081199894,-0.029778125956606026,-0.08191876313800169,1.390696255457527e-05,-0.001167993353334581,0.1773321576654552,-0.026146595550101202,-0.01742024137060669,-4.363177089747256e-05,False,0.0,0.0,-0.02535020667244666,-0.06089994254993905,0.18562480481305557,0.18824968933114344,0.8200000000000001,0.88,-0.17745144670712662,-0.4262995978495734,0.13972554858828867,-0.33566897468470347,
1791389483.2599044,balance,-0.03180103643973889,0.011153010470684852,-0.030528113333972234,-0.08895607451343651,1.390696255457527e-05,-0.0012590161432120843,0.1773321576654552,-0.026146595550101202,-0.016404060200579145,-4.8712676747610286e-05,False,0.0,0.0,-0.027049109464445352,-0.06166776886020126,0.18562480481305557,0.18824968933114344,0.8300000000000001,0.87,-0.18934376625111746,-0.43167438202140884,0.14908957972528933,-0.33990108820583376,
1791389483.2698846,balance,-0.03270498196288509,0.011990885903798756,-0.0313386560918909,-0.09613507265871786,1.390696255457527e-05,-0.0013524189084396193,0.1773321576654552,-0.026146595550101202,-0.016363412953778047,-4.891591298161578e-05,False,0.0,0.0,-0.028474400157125438,-0.06247737555123251,0.18562480481305557,0.18824968933114344,0.71,0.88,-0.19932080109987807,-0.4373416288586276,0.15694551267706935,-0.34436348729025795,
1791389483.2799246,balance,-0.033575229167397795,0.012794630593776774,-0.03210453526650054,-0.08567399106166272,2.2519549340131034e-05,-0.0014481743515571198,0.17740890771821263,-0.026146595550101202,-0.010458638220040482,-7.843978665030361e-05,False,0.0,0.0,-0.031719220927876136,-0.06236095188575118,0.18582698433183598,0.18824968933114344,0.8,0.9,-0.22203454649513296,-0.43652666320025824,0.17483035157097082,-0.3437217820474474,
1791389483.2899182,balance,-0.03440902088565032,0.013456835540126078,-0.03284896715890439,-0.08967564855048332,1.390696255457527e-05,-0.0015461467641913554,0.1773321576654552,-0.026146595550101202,-0.010632151154822687,-7.757222197639258e-05,False,0.0,0.0,-0.03196073899422913,-0.06209570186795634,0.18562480481305557,0.18824968933114344,0.81,0.89,-0.22372517295960392,-0.4346699130756944,0.17616155351149915,-0.3422597740753499,
1791389483.2998965,balance,-0.03512149860664993,0.014238240825434019,-0.03345280361529556,-0.06597841223218757,2.2519549340131034e-05,-0.0016461754420142377,0.17740890771821263,-0.026146595550101202,-0.011688979571651329,-7.228807989224937e-05,False,0.0,0.0,-0.03364540838195056,-0.06025660801100612,0.18582698433183598,0.18824968933114344,0.81,0.88,-0.23551785867365393,-0.42179625607704285,0.18544713281390074,-0.3321230362811361,
1791389483.3098948,balance,-0.03582173953510679,0.015019070235048722,-0.034059837603807167,-0.07041911108851673,1.390696255457527e-05,-0.0017479949687450487,0.1773321576654552,-0.026146595550101202,-0.011404448844043586,-7.371073353028809e-05,False,0.0,0.0,-0.03551513777669476,-0.05961460004306052,0.18562480481305557,0.18824968933114344,0.79,0.89,-0.2486059644368633,-0.4173022003014236,0.19575272790304196,-0.3285844096861603,
1791389483.319903,balance,-0.0364114223457945,0.0157821653609771,-0.034546121087399025,-0.05705044681319982,1.390696255457527e-05,-0.0018513942958409068,0.1773321576654552,-0.026146595550101202,-0.012542571754474478,-6.802011897813362e-05,False,0.0,0.0,-0.03433751710076218,-0.05808720718073924,0.18562480481305557,0.18824968933114344,0.81,0.88,-0.24036261970533526,-0.40661045026517467,0.18926190527979153,-0.3201657088702163,
1791389483.329896,balance,-0.03698685326361371,0.016453505880741865,-0.035016758636050735,-0.05504752785245487,1.390696255457527e-05,-0.0019561876650083902,0.1773321576654552,-0.026146595550101202,-0.012786455235281106,-6.680070157410049e-05,False,0.0,0.0,-0.03763264543405421,-0.056295993060200486,0.18562480481305557,0.18824968933114344,0.8,0.9,-0.26342851803837947,-0.3940719514214034,0.2074240299514799,-0.3102928751349633,
1791389483.3398948,balance,-0.037581932817183736,0.017014319418456804,-0.03550563296651908,-0.06397453430249815,1.390696255457527e-05,-0.0020623928881100843,0.1773321576654552,-0.026146595550101202,-0.013152280456491002,-6.4971575468051e-05,False,0.0,0.0,-0.04218009933334431,-0.05509819583729516,0.18562480481305557,0.18824968933114344,0.8200000000000001,0.88,-0.29526069533341015,-0.38568737086106614,0.2324887364830001,-0.30369084319768985,
1791389483.349892,balance,-0.038212362440049406,0.017380296780233482,-0.03602830205225781,-0.06666794462103226,1.390696255457527e-05,-0.0021701534252370185,0.1773321576654552,-0.026146595550101202,-0.014452992354126238,-5.846801597987482e-05,False,0.0,0.0,-0.048254151274368266,-0.05378312388121522,0.18562480481305557,0.18824968933114344,0.81,0.89,-0.33777905892057786,-0.37648186716850657,0.26596776292958885,-0.29644241509331226,
1791389483.3599062,balance,-0.03865025769383134,0.01754257011349302,-0.036357210288552454,-0.02769082173315058,1.390696255457527e-05,-0.0022791404427243097,0.1773321576654552,-0.026146595550101202,-0.014452992354126238,-5.846801597987482e-05,False,0.0,0.0,-0.051592709992008406,-0.05159288671841983,0.18562480481305557,0.18824968933114344,0.8200000000000001,0.89,-0.3611489699440589,-0.3611502070289388,0.2843692676724873,-0.2843702417550699,
1791389483.369887,balance,-0.03849052808264045,0.017640479281134862,-0.0360887109926551,0.03325384185520346,1.390696255457527e-05,-0.002387910127430772,0.1773321576654552,-0.026146595550101202,-0.0152252900433472,-5.4606527533770016e-05,False,0.0,0.0,-0.04722813992587509,-0.04751965091157266,0.18562480481305557,0.18824968933114344,0.8200000000000001,0.87,-0.3305969794811256,-0.3326375563810086,0.2603125822686028,-0.26191933573307763,
1791389483.3799222,balance,-0.03818830494010871,0.01759647425039316,-0.03567895234755849,0.022191879847850177,1.390696255457527e-05,-0.0024954456299956444,0.1773321576654552,-0.026146595550101202,-0.0157130570049604,-5.216769272570402e-05,False,0.0,0.0,-0.04728188784628631,-0.045134580184659184,0.18562480481305557,0.18824968933114344,0.81,0.79,-0.33097321492400417,-0.31594206129261426,0.2606088306488222,-0.24877327660835769,
1791389483.3899376,balance,-0.037801018940290955,0.017253271603824942,-0.035185548822682246,0.0577129958815965,1.390696255457527e-05,-0.0026015631550541283,0.1773321576654552,-0.026146595550101202,-0.016200823966573637,-4.972885791763783e-05,False,0.0,0.0,-0.045621114997460306,-0.0411860311637914,0.18562480481305557,0.18824968933114344,0.8300000000000001,0.87,-0.31934780498222215,-0.28830221814653983,0.2514549645529308,-0.22700962058782664,
1791389483.3999083,balance,-0.03718703939120408,0.01681772382632636,-0.03445870694521191,0.07819492540097854,2.2519549340131034e-05,-0.002705812896652038,0.17740890771821263,-0.026146595550101202,-0.01656664918778355,-4.7899731811588274e-05,False,0.0,0.0,-0.0428742295175207,-0.03896126130841768,0.18582698433183598,0.18824968933114344,0.8,0.9,-0.3001196066226449,-0.2727288291589237,0.23631465088397238,-0.21474710957395568,
1791389483.4098957,balance,-0.036338485194979266,0.01629544448130996,-0.03351748126638222,0.08964126692257982,1.390696255457527e-05,-0.002807096966042468,0.1773321576654552,-0.026146595550101202,-0.010458638220040482,-7.843978665030361e-05,False,0.0,0.0,-0.041673387677540495,-0.03545901721030038,0.18562480481305557,0.18824968933114344,0.7000000000000001,0.88,-0.2917137137427835,-0.24821312047210264,0.2296958375927429,-0.1954434019465375,
1791389483.419895,balance,-0.03524204107887919,0.015686088138426587,-0.03231418457490514,0.12607177624616028,2.2519549340131034e-05,-0.002905336954633915,0.17740890771821263,-0.026146595550101202,-0.010835387388828206,-7.655604080636498e-05,False,0.0,0.0,-0.03891040741101474,-0.03200380513475979,0.18582698433183598,0.18824968933114344,0.78,0.87,-0.27237285187710314,-0.22402663594331854,0.214466812501656,-0.1763989259396209,
1791389483.4298973,balance,-0.033939950659278344,0.015095296490600464,-0.030926941868067378,0.12802099770991276,1.390696255457527e-05,-0.002999101828656387,0.1773321576654552,-0.026146595550101202,-0.01124185985683921,-7.452367846630997e-05,False,0.0,0.0,-0.03592060011648856,-0.02910152830646404,0.18562480481305557,0.18824968933114344,0.8,0.89,-0.2514442008154199,-0.20371069814524828,0.19798755969718101,-0.16040212452381755,
1791389483.4399064,balance,-0.032408032980556035,0.014542959808872895,-0.029305416700148343,0.16940609094419531,1.390696255457527e-05,-0.003088709317853114,0.1773321576654552,-0.026146595550101202,-0.012379982767270084,-6.88330639141556e-05,False,0.0,0.0,-0.0321818960447283,-0.02487559618059879,0.18562480481305557,0.18824968933114344,0.76,0.86,-0.2252732723130981,-0.17412917326419153,0.1773805293803922,-0.1371095852473949,
1791389483.4499023,balance,-0.03068364537518205,0.014007874410879246,-0.027496803702279634,0.16262385014069608,1.390696255457527e-05,-0.0031729347103478427,0.1773321576654552,-0.026146595550101202,-0.012420630014071175,-6.862982768015014e-05,False,0.0,0.0,-0.028683561769918323,-0.021820686760264302,0.18562480481305557,0.18824968933114344,0.8200000000000001,0.89,-0.20078493238942827,-0.1527448073218501,0.15809837196017973,-0.12027150182822843,
1791389483.4599037,balance,-0.029039042495386806,0.013678287435361708,-0.025773215626939204,0.16440600354948856,1.390696255457527e-05,-0.003251919905893025,0.1773321576654552,-0.026146595550101202,-0.012786455235281106,-6.680070157410049e-05,False,0.0,0.0,-0.024879380469816186,-0.019149500599520194,0.18562480481305557,0.18824968933114344,0.8300000000000001,0.86,-0.1741556632887133,-0.13404650419664135,0.13713044353441992,-0.1055484285012924,
1791389483.4699123,balance,-0.02762097557291386,0.013526704169385671,-0.024280936676074692,0.12192792297295632,1.390696255457527e-05,-0.0033261319342845932,0.1773321576654552,-0.026146595550101202,-0.013314869443695405,-6.415863053202899e-05,False,0.0,0.0,-0.017453074419298446,-0.019483526909471728,0.18562480481305557,0.18824968933114344,0.8,0.85,-0.12217152093508912,-0.1363846883663021,0.09619804798038513,-0.10738951839866308,
1791389483.4798985,balance,-0.02692238732582131,0.013631466125942323,-0.023575144640016345,0.03852607450483146,-1.473950566983906e-05,-0.0033619821914748042,0.17702561610554818,-0.026146595550101202,-0.013680694664905318,0.0,True,0.0,0.0,-0.004888080697223404,0.08754972217550726,0.18522011670160535,0.1878464388524644,-1.0,2.31,-0.03421656488056383,0.6128480552285508,0.0269421770713101,0.4825575238020085,
1791389483.489931,balance,-0.028241068671341647,0.014077385217772199,-0.02507566274221457,-0.2146396393999386,-0.00019657626234772727,-0.0033619821914748042,0.1753397472506349,-0.026146595550101202,-0.015143995549744993,0.0,True,0.0,0.0,-0.0024664469571385097,0.11658016442596222,0.18278792047945228,0.18582696731162412,0.56,2.02,-0.017265128699969566,0.8160611509817356,0.013594589527535091,0.6425678354186894,
1791389483.4999063,balance,-0.028803220073110945,0.014445784323403193,-0.025725835786421646,-0.0022997832457429947,-0.0002845979047855045,-0.0033619821914748042,0.17464878179626686,-0.026146595550101202,-0.02457415680760058,0.0,True,0.0,0.0,-0.00292750133984865,0.11611028806129284,0.1821787984998778,0.18461277435272636,0.27,1.02,-0.02049250937894055,0.8127720164290498,0.016135834156646104,0.6399779656921653,
1791389483.509916,balance,-0.030737658548324383,0.015846343401978533,-0.027673710724417017,-0.2848213812354857,-0.0002980343675674374,-0.0033619821914748042,0.1744958875538233,-0.026146595550101202,0.0,0.0,True,0.0,0.0,-0.0010969720717614987,0.09807469307736226,0.18258493369347872,0.18380225539794318,-0.26,0.56,-0.0076788045023304915,0.6865228515415358,0.006046302757740545,0.5405691744421541,
1791389483.5199063,balance,-0.03348054181148041,0.017671088235053704,-0.0304593401021297,-0.2603595831627753,-0.00034078048212408604,-0.0033619821914748042,0.1741886062801188,-0.026146595550101202,0.0,0.0,True,0.0,0.0,-0.0009186918332859764,0.07446699641061569,0.18238186609667828,0.18319381530020945,0.18,0.26,-0.006430842833001835,0.5212689748743098,0.005063655774017193,0.41044801171205497,
1791389483.5299218,balance,-0.035956783104041164,0.018927790357679088,-0.03294721709836637,-0.24110596665915368,-0.0003524161858000155,-0.0033619821914748042,0.17411175547584545,-0.026146595550101202,0.0,0.0,True,0.0,0.0,-0.0025173646722472,0.05638028642573173,0.1821787984998778,0.18319381530020945,0.19,0.46,-0.0176215527057304,0.3946620049801221,0.013875238350968818,0.3107574842363166,
1791389483.5399156,balance,-0.038262603322361935,0.019924524831100385,-0.03524262707864256,-0.23397733295280926,-0.000342005947755436,-0.0033619821914748042,0.17418856665030402,-0.026146595550101202,0.0,0.0,True,0.0,0.0,-0.003035280665161279,0.03801207780929321,0.1821787984998778,0.18339668211829052,0.3,0.72,-0.021246964656128953,0.26608454466505244,0.016729893430022798,0.20951538950004128,
1791389483.5499282,balance,-0.04046075256036828,0.019990202574152984,-0.03742000770031595,-0.2372016959401724,-0.0003212373314224713,-0.0033619821914748042,0.17434218579557534,-0.026146595550101202,0.0,0.0,True,0.0,0.0,-0.0050815913572198525,0.024947607009287272,0.1821787984998778,0.18380225539794318,0.33,0.96,-0.035571139500538966,0.1746332490650109,0.028008771260266904,0.13750649532678025,
1791389483.5599046,balance,-0.043290385231711956,0.019729353267243413,-0.040252076119318136,-0.31821410035027653,-0.00032367307908099177,-0.0033619821914748042,0.17434198391132044,-0.026146595550101202,0.0,0.0,True,0.0,0.0,-0.004296847485176668,0.014217639390096466,0.18197564376362416,0.18400495692938382,0.41000000000000003,1.04,-0.030077932396236677,0.09952347573067527,0.02368341133561943,0.07836494152021675,
1791389483.569947,balance,-0.04628917691116847,0.018688754784144446,-0.043241694785102286,-0.29026522595293963,-0.00031450006540862524,-0.0033619821914748042,0.1744186328856275,-0.026146595550101202,0.0,0.0,True,0.0,0.0,-0.0035048291740737082,0.007639221834179338,0.18197564376362416,0.18420760289697855,0.39,1.11,-0.024533804218515958,0.05347455283925537,0.01931795607757162,0.04210594711752391,
1791389483.5799117,balance,-0.04908469846068171,0.017010787697539477,-0.046037216334615536,-0.24574875425555706,-0.00031450006540862524,-0.0033619821914748042,0.1744186328856275,-0.026146595550101202,0.0,0.0,True,0.0,0.0,-0.0034639596134856273,0.002086395618063062,0.18197564376362416,0.18420760289697855,0.38,1.05,-0.024247717294399392,0.014604769326441435,0.019092690782991646,0.01149981836727672,
1791389483.589927,balance,-0.05131856071677906,0.016212500389716698,-0.048271078590712876,-0.21559526276777458,-0.00031450006540862524,-0.0033619821914748042,0.1744186328856275,-0.026146595550101202,0.0,0.0,True,0.0,0.0,-0.004363706323133316,-0.0010565816658382875,0.18197564376362416,0.18420760289697855,0.42,1.07,-0.030545944261933213,-0.007396071660868013,0.024051924615695445,-0.0058236784731244195,
1791389483.5999024,balance,-0.05329258779696385,0.01599209620542744,-0.05024510567089767,-0.18700739975847872,-0.00031450006540862524,-0.0033619821914748042,0.1744186328856275,-0.026146595550101202,0.0,0.0,True,0.0,0.0,-0.004329019732854878,-1.761799652975664e-05,0.18197564376362416,0.18420760289697855,0.41000000000000003,1.06,-0.03030313812998415,-0.00012332597570829647,0.02386073868502689,-9.710706748684762e-05,
1791389483.6099038,balance,-0.05521489987508988,0.016190608465012392,-0.052179026515995666,-0.18634065206026154,-0.00032610883238059357,-0.0033619821914748042,0.17434178202809986,-0.026146595550101202,0.0,0.0,True,0.0,0.0,-0.002789182441506164,-8.852958128093207e-05,0.1817724202195233,0.18420760289697855,0.43,1.1,-0.01952427709054315,-0.0006197070689665245,0.015373446527986731,-0.0004879583220208854,
1791389483.6198456,balance,-0.05679339242692888,0.01674472209653228,-0.05375751906783467,-0.12872597261098254,-0.00032610883238059357,-0.0033619821914748042,0.17434178202809986,-0.026146595550101202,0.0,0.0,True,0.0,0.0,-0.0011269881512995278,-1.3244013881193943e-05,0.1817724202195233,0.18420760289697855,0.51,1.06,-0.007888917059096695,-9.27080971683576e-05,0.006211745715824169,-7.299850170736819e-05,
1791389483.6299036,balance,-0.05764098113536092,0.01712466565264259,-0.054605107776266704,-0.05988900987880358,-0.00032610883238059357,-0.0033619821914748042,0.17434178202809986,-0.026146595550101202,0.0,0.0,True,0.0,0.0,-0.0005887377649701704,0.0003596844902940376,0.1817724202195233,0.18420760289697855,0.54,1.06,-0.004121164354791193,0.0025177914320582634,0.0032450113029851915,0.001982512938628554,
1791389483.6399052,balance,-0.05800303706199321,0.01719101433446004,-0.054967163702899,-0.021538406382931825,-0.00032610883238059357,-0.0033619821914748042,0.17434178202809986,-0.026146595550101202,0.0,0.0,True,0.0,0.0,3.1042837420834484e-05,0.00014251117625558592,0.1817724202195233,0.18420760289697855,0.5,1.07,0.0002172998619458414,0.0009975782337891014,-0.0001711022535006625,0.000785494672274883,
1791389483.6499074,balance,-0.05815645537391194,0.01673563437986619,-0.05512058201481773,-0.01445491543354798,-0.00032610883238059357,-0.0033619821914748042,0.17434178202809986,-0.026146595550101202,0.0,0.0,True,0.0,0.0,8.588590735988561e-05,0.00015880463049305126,0.1817724202195233,0.18420760289697855,0.47000000000000003,1.07,0.0006012013515191993,0.0011116324134513589,-0.0004733868909599994,0.0008753011129538259,
1791389483.6599028,balance,-0.05834616436953319,0.015989715979603157,-0.05531029101043898,-0.017513210387546937,-0.00032610883238059357,-0.0033619821914748042,0.17434178202809986,-0.026146595550101202,0.0,0.0,True,0.0,0.0,1.0311575568621918e-05,-0.0004137997895245362,0.1817724202195233,0.18420760289697855,0.48,1.08,7.218102898035343e-05,-0.0028965985266717533,-5.683545589004207e-05,-0.0022807862414738213,
1791389483.669911,balance,-0.058498921352540575,0.015184511120026807,-0.0554514392264744,-0.007546070817185473,-0.00031450006540862524,-0.0033619821914748042,0.1744186328856275,-0.026146595550101202,0.0,0.0,True,0.0,0.0,-0.00021521310370746567,0.00011766557787517998,0.18197564376362416,0.18420760289697855,0.46,1.08,-0.0015064917259522597,0.0008236590451262598,0.001186213957442724,0.0006485504292332755,
1791389483.6799057,balance,-0.05855834440932962,0.01440446805797077,-0.055510862283263435,0.0020279030148114144,-0.00031450006540862524,-0.0033619821914748042,0.1744186328856275,-0.026146595550101202,0.0,0.0,True,0.0,0.0,-0.0003249533967785659,9.317493678082915e-05,0.18197564376362416,0.18420760289697855,0.37,1.07,-0.0022746737774499612,0.0006522245574658041,0.0017910817145275284,0.0005135626436738615,
1791389483.6899195,balance,-0.05848215342557223,0.013834606529297017,-0.05543467129950605,0.015595943290162681,-0.00031450006540862524,-0.0033619821914748042,0.1744186328856275,-0.026146595550101202,0.0,0.0,True,0.0,0.0,-0.00035618653147509373,0.00048551557909636564,0.18197564376362416,0.18420760289697855,0.36,1.08,-0.0024933057203256562,0.0033986090536745595,0.001963232850650123,0.00267607012100359,
1791389483.6998994,balance,-0.05821964119385406,0.013382513159546567,-0.055172159067787885,0.027630951757756966,-0.00031450006540862524,-0.0033619821914748042,0.1744186328856275,-0.026146595550101202,0.0,0.0,True,0.0,0.0,6.045944906335666e-06,9.586080603602342e-05,0.18197564376362416,0.18420760289697855,0.39,1.1,4.232161434434966e-05,0.0006710256422521639,-3.332410578295249e-05,0.0005283666474426487,
1791389483.7099073,balance,-0.05785218799544257,0.01311201672378211,-0.054804705869376386,0.042519950677221294,-0.00031450006540862524,-0.0033619821914748042,0.1744186328856275,-0.026146595550101202,0.0,0.0,True,0.0,0.0,7.659152971134065e-05,-1.0754172712143407e-05,0.18197564376362416,0.18420760289697855,0.39,1.08,0.0005361407079793846,-7.527920898500384e-05,-0.000422158037779043,-5.9274967704727435e-05,
1791389483.7199078,balance,-0.05744420790806654,0.012733140995703131,-0.05439672578200036,0.03593209904800941,-0.00031450006540862524,-0.0033619821914748042,0.1744186328856275,-0.026146595550101202,0.0,0.0,True,0.0,0.0,0.0003093295148457053,-0.00029277159822088623,0.18197564376362416,0.18420760289697855,0.41000000000000003,1.08,0.002165306603919937,-0.0020494011875462036,-0.0017049658298582183,-0.0016137017224773255,
1791389483.729902,balance,-0.05716709407449427,0.012173091623388787,-0.05413122071540005,0.02191985702587933,-0.00032610883238059357,-0.0033619821914748042,0.17434178202809986,-0.026146595550101202,0.0,0.0,True,0.0,0.0,9.563043480914643e-05,-8.873787023478698e-05,0.1817724202195233,0.18420760289697855,0.49,1.09,0.000669413043664025,-0.0006211650916435089,-0.0005270968847748228,-0.0004891063713728417,
1791389483.739909,balance,-0.05696965856549522,0.01137714762180748,-0.053933785206401005,0.011569183806463358,-0.00032610883238059357,-0.0033619821914748042,0.17434178202809986,-0.026146595550101202,0.0,0.0,True,0.0,0.0,-0.0002690335941117901,-0.0003366911789130913,0.1817724202195233,0.18420760289697855,0.53,1.09,-0.0018832351587825308,-0.002356838252391639,0.0014828623297500243,-0.0018557781514894794,
1791389483.7499053,balance,-0.05681538842022196,0.010505619379924433,-0.053779515061127756,0.009661674790720803,-0.00032610883238059357,-0.0033619821914748042,0.17434178202809986,-0.026146595550101202,0.0,0.0,True,0.0,0.0,-0.0001579803949102418,0.00024815924639262513,0.1817724202195233,0.18420760289697855,0.52,1.1,-0.0011058627643716927,0.001737114724748376,0.0008707580821824351,0.001367806869880611,
1791389483.7599022,balance,-0.05660436086626817,0.00965860183571329,-0.053568487507173954,0.02882867793832461,-0.00032610883238059357,-0.0033619821914748042,0.17434178202809986,-0.026146595550101202,0.0,0.0,True,0.0,0.0,-0.00018493199390274846,0.00014767930936810552,0.1817724202195233,0.18420760289697855,0.51,1.1,-0.0012945239573192392,0.0010337551655767387,0.0010193102026135742,0.0008139804453360147,
1791389483.7698817,balance,-0.05628864935274718,0.009014289601754022,-0.05325277599365297,0.03635984836813141,-0.00032610883238059357,-0.0033619821914748042,0.17434178202809986,-0.026146595550101202,0.0,0.0,True,0.0,0.0,-0.00027506577512525,3.443863795088196e-05,0.1817724202195233,0.18420760289697855,0.53,1.08,-0.00192546042587675,0.00024107046565617372,0.0015161105715564961,0.0001898192642961998,
1791389483.779925,balance,-0.0559218422845727,0.008673295190198032,-0.05288596892547849,0.03697980071192387,-0.00032610883238059357,-0.0033619821914748042,0.17434178202809986,-0.026146595550101202,0.0,0.0,True,0.0,0.0,-3.59647834326473e-05,0.0001042170137802858,0.1817724202195233,0.18420760289697855,0.52,1.1,-0.0002517534840285311,0.0007295190964620006,0.00019823108978624495,0.0005744244854031501,
1791389483.7899115,balance,-0.05557489500121235,0.008536258676721852,-0.05253902164211814,0.031366870220025614,-0.00032610883238059357,-0.0033619821914748042,0.17434178202809986,-0.026146595550101202,0.0,0.0,True,0.0,0.0,-7.003664710737451e-06,4.704224669013925e-06,0.1817724202195233,0.18420760289697855,0.54,1.08,-4.902565297516216e-05,3.292957268309747e-05,3.86028763583954e-05,2.5928797388265727e-05,
1791389483.7999043,balance,-0.05531990895418726,0.008473956525171952,-0.05228403559509305,0.014991720064748375,-0.00032610883238059357,-0.0033619821914748042,0.17434178202809986,-0.026146595550101202,0.0,0.0,True,0.0,0.0,8.159758021820653e-05,0.00015438827399713896,0.1817724202195233,0.18420760289697855,0.55,1.1,0.0005711830615274457,0.0010807179179799728,-0.0004497504421475951,0.0008509589905354116,
1791389483.809911,balance,-0.0551590832563263,0.00841156348931073,-0.052123209897232084,0.008325086249098666,-0.00032610883238059357,-0.0033619821914748042,0.17434178202809986,-0.026146595550101202,0.0,0.0,True,0.0,0.0,-6.465192826122075e-05,-0.00021104122351299652,0.1817724202195233,0.18420760289697855,0.5,1.1,-0.00045256349782854527,-0.0014772885645909757,0.0003563492108886183,-0.0011632193421976186,
1791389483.8199606,balance,-0.05505646168618211,0.008210456851876682,-0.052020588327087905,0.005629035666870096,-0.00032610883238059357,-0.0033619821914748042,0.17434178202809986,-0.026146595550101202,0.0,0.0,True,0.0,0.0,-0.0005185914287880116,0.00022964651178721543,0.1817724202195233,0.18420760289697855,0.52,1.11,-0.003630140001516081,0.001607525582510508,0.00285837795394967,0.0012657681752051243,
1791389483.8299031,balance,-0.0549640758352016,0.007900832251263559,-0.051928202476107396,0.005292976760785793,-0.00032610883238059357,-0.0033619821914748042,0.17434178202809986,-0.026146595550101202,0.0,0.0,True,0.0,0.0,-0.0003266546409115475,9.031652087930935e-05,0.1817724202195233,0.18420760289697855,0.48,1.12,-0.0022865824863808324,0.0006322156461551655,0.001800458650693569,0.000497807595397768,
1791389483.8399022,balance,-0.05490049846057271,0.007521141701617034,-0.051864625101478504,0.006969677366271848,-0.00032610883238059357,-0.0033619821914748042,0.17434178202809986,-0.026146595550101202,0.0,0.0,True,0.0,0.0,6.872491382549919e-05,0.00034360498970853085,0.1817724202195233,0.18420760289697855,0.49,1.09,0.0004810743967784943,0.002405234927959716,-0.00037879873762086165,0.0018938857700470204,
1791389483.8498847,balance,-0.054830450347433765,0.007163855801558279,-0.05179457698833956,0.005568113437327324,-0.00032610883238059357,-0.0033619821914748042,0.17434178202809986,-0.026146595550101202,0.0,0.0,True,0.0,0.0,-0.000148598687420661,3.3778104489555682e-06,0.1817724202195233,0.18420760289697855,0.49,1.07,-0.001040190811944627,2.364467314268898e-05,0.0008190478834209662,1.861785286825904e-05,
1791389483.8598998,balance,-0.05476659487207723,0.006881366571976858,-0.051730721512983024,0.005491572214453533,-0.00032610883238059357,-0.0033619821914748042,0.17434178202809986,-0.026146595550101202,0.0,0.0,True,0.0,0.0,-0.00044919581990908875,-0.00012164327957966292,0.1817724202195233,0.18420760289697855,0.52,1.07,-0.003144370739363621,-0.0008515029570576405,0.002475882471939859,-0.0006704747693367248,
1791389483.869881,balance,-0.05469738896786985,0.0066494584929353015,-0.051661515608775646,0.010261563368119607,-0.00032610883238059357,-0.0033619821914748042,0.17434178202809986,-0.026146595550101202,0.0,0.0,True,0.0,0.0,-0.0002851793122063611,0.00044384535860609643,0.1817724202195233,0.18420760289697855,0.51,1.08,-0.001996255185444528,0.003106917510242675,0.0015718544767279747,0.0024463917403485633,
1791389483.8799005,balance,-0.05459728158730584,0.006430843763647156,-0.05156140822821163,0.005532150298850116,-0.00032610883238059357,-0.0033619821914748042,0.17434178202809986,-0.026146595550101202,0.0,0.0,True,0.0,0.0,-0.00020594941397012487,0.0005115011640140279,0.1817724202195233,0.18420760289697855,0.53,1.07,-0.001441645897790874,0.003580508148098195,0.0011351542502290347,0.0028192977544080275,
1791389483.88992,balance,-0.054526335842648446,0.006154415545244998,-0.05149046248355424,0.0068119823406318,-0.00032610883238059357,-0.0033619821914748042,0.17434178202809986,-0.026146595550101202,0.0,0.0,True,0.0,0.0,-0.0001291259177825265,0.00012498122764538928,0.1817724202195233,0.18420760289697855,0.52,1.09,-0.0009038814244776855,0.000874868593517725,0.0007117176570690437,0.0006888729082816732,
1791389483.8999019,balance,-0.05447852634644788,0.005827433203594223,-0.05144265298735366,0.00042724351656702933,-0.00032610883238059357,-0.0033619821914748042,0.17434178202809986,-0.026146595550101202,0.0,0.0,True,0.0,0.0,4.894488632634536e-05,9.089699355078749e-05,0.1817724202195233,0.18420760289697855,0.54,1.07,0.0003426142042844175,0.0006362789548555125,-0.00026977496400347836,0.0005010070510673327,
1791389483.9099507,balance,-0.05447513515990726,0.005498362136881581,-0.05145206173240882,-0.0028936648689872418,-0.0003389087639763602,-0.0033619821914748042,0.17426481148377468,-0.026146595550101202,0.0,0.0,True,0.0,0.0,2.1522484594529768e-05,5.518713082629277e-05,0.1815691881139024,0.18420760289697855,0.62,1.09,0.00015065739216170838,0.0003863099157840494,-0.00011862786784386487,0.0003041810360504326,
1791389483.9199028,balance,-0.05440739734073054,0.005121457461844865,-0.0513843239132321,0.009967051394138771,-0.0003389087639763602,-0.0033619821914748042,0.17426481148377468,-0.026146595550101202,0.0,0.0,True,0.0,0.0,-0.000353043870253553,6.0208368800791566e-05,0.1815691881139024,0.18420760289697855,0.63,1.08,-0.002471307091774871,0.00042145858160554095,0.0019459110958857252,0.0003318571508705047,
1791389483.929908,balance,-0.0543208983303509,0.004769826260142514,-0.05129782490285245,0.005866232403733434,-0.0003389087639763602,-0.0033619821914748042,0.17426481148377468,-0.026146595550101202,0.0,0.0,True,0.0,0.0,-0.0008306951953411621,0.00011373134859454457,0.1815691881139024,0.18420760289697855,0.63,1.09,-0.005814866367388135,0.000796119440161812,0.004578634934951287,0.0006268657009148126,
1791389483.9399009,balance,-0.05430895877804947,0.004417825565773961,-0.05128588535055102,-0.014192264705542836,-0.0003389087639763602,-0.0033619821914748042,0.17426481148377468,-0.026146595550101202,0.0,0.0,True,0.0,0.0,-0.0028850152726454118,0.00033508446743474627,0.1815691881139024,0.18420760289697855,0.66,1.08,-0.020195106908517883,0.002345591272043224,0.015901658983084946,0.0018469222614513575,
1791389483.949897,balance,-0.05476708030125367,0.004060280718159582,-0.05174400687375523,-0.08027601523390171,-0.0003389087639763602,-0.0033619821914748042,0.17426481148377468,-0.026146595550101202,0.0,0.0,True,0.0,0.0,-0.0034611253951705345,0.0005478252696888892,0.1815691881139024,0.18420760289697855,0.66,1.08,-0.024227877766193742,0.0038347768878222244,0.019077069107239168,0.0030195093604899405,
1791389483.9599187,balance,-0.055939045138268126,0.0035253743922527762,-0.052915971710769685,-0.1438917245827849,-0.0003389087639763602,-0.0033619821914748042,0.17426481148377468,-0.026146595550101202,0.0,0.0,True,0.0,0.0,-0.003779193473209048,0.0003392593592915457,0.1815691881139024,0.18420760289697855,0.64,1.09,-0.026454354312463336,0.0023748155150408196,0.020830200246034124,0.0018699334764100942,
1791389483.969916,balance,-0.05749571452782676,0.0028873618780830054,-0.05447264110032832,-0.15973372328021293,-0.0003389087639763602,-0.0033619821914748042,0.17426481148377468,-0.026146595550101202,0.0,0.0,True,0.0,0.0,-0.0026999751340781664,5.4234890107319675e-05,0.1815691881139024,0.18420760289697855,0.67,1.11,-0.018899825938547166,0.0003796442307512377,0.014881752707517452,0.0002989324651584549,
1791389483.9799085,balance,-0.05882620193592336,0.002260458704721099,-0.05580312850842492,-0.10618092869959699,-0.0003389087639763602,-0.0033619821914748042,0.17426481148377468,-0.026146595550101202,0.0,0.0,True,0.0,0.0,-0.002614123869118486,0.00030732664882782395,0.1815691881139024,0.18420760289697855,0.5700000000000001,1.08,-0.0182988670838294,0.0021512865417947676,0.014408556758920789,0.0016939264108620216,
1791389483.989921,balance,-0.05975938425848217,0.0018035859630375125,-0.056736310830983724,-0.08814830042501028,-0.0003389087639763602,-0.0033619821914748042,0.17426481148377468,-0.026146595550101202,0.0,0.0,True,0.0,0.0,-0.0031864761250584377,0.00018624359290819693,0.1815691881139024,0.18420760289697855,0.63,1.09,-0.022305332875409065,0.0013037051503573785,0.017563254232605564,0.0010265394884703767,
1791389483.9998922,balance,-0.06069718011458743,0.001575074978237792,-0.057674106687088986,-0.10471177340753948,-0.0003389087639763602,-0.0033619821914748042,0.17426481148377468,-0.026146595550101202,0.0,0.0,True,0.0,0.0,-0.0040221579716884495,0.00010833284735192018,0.1815691881139024,0.18420760289697855,0.65,1.08,-0.028155105801819146,0.0007583299314634412,0.02216937464710169,0.0005971101822546781,
1791389484.0099244,balance,-0.06196734555163931,0.001323361785168056,-0.05894427212414087,-0.14733781594443124,-0.0003389087639763602,-0.0033619821914748042,0.17426481148377468,-0.026146595550101202,0.0,0.0,True,0.0,0.0,-0.0035699269975092486,-6.794293351719597e-05,0.1815691881139024,0.18420760289697855,0.67,1.09,-0.02498948898256474,-0.00047560053462037175,0.019676762978397433,-0.00037448860993730056,
1791389484.0198987,balance,-0.06359175898789451,0.0010151810669847365,-0.06058152092803991,-0.16088656561828732,-0.00035174413162019497,-0.0033619821914748042,0.17418783852374303,-0.026146595550101202,0.0,0.0,True,0.0,0.0,-0.0018223249790385427,4.6889053569685706e-05,0.18136583942689477,0.18420760289697855,0.68,1.09,-0.012756274853269798,0.0003282233749877999,0.010044310908086456,0.0002584436023525984,
1791389484.0299358,balance,-0.06503704018527627,0.0005373328199433263,-0.06202680212542165,-0.12238587691260364,-0.00035174413162019497,-0.0033619821914748042,0.17418783852374303,-0.026146595550101202,0.0,0.0,True,0.0,0.0,-0.0017545453318169914,0.0001012204504283764,0.18136583942689477,0.18420760289697855,0.74,1.1,-0.012281817322718939,0.0007085431529986348,0.009670722301353496,0.000557907994487114,
1791389484.0399084,balance,-0.06610448309245706,-0.0001770195159472893,-0.06309424503260246,-0.09564975797150185,-0.00035174413162019497,-0.0033619821914748042,0.17418783852374303,-0.026146595550101202,0.0,0.0,True,0.0,0.0,-0.001581152958218414,-0.00034336565080470737,0.18136583942689477,0.18420760289697855,0.76,1.07,-0.0110680707075289,-0.0024035595556329515,0.008715016305140865,-0.0018925665792385445,
1791389484.0499005,balance,-0.06687742973069101,-0.0009264793441332034,-0.06386719167083639,-0.07159796071813161,-0.00035174413162019497,-0.0033619821914748042,0.17418783852374303,-0.026146595550101202,0.0,0.0,True,0.0,0.0,-0.002441077945787499,4.224412477849267e-05,0.18136583942689477,0.18420760289697855,0.74,1.09,-0.01708754562051249,0.0002957088734494487,0.013454760331112198,0.0002328416326373612,
1791389484.0599036,balance,-0.06762009724912098,-0.0015868363362145695,-0.06460985918926636,-0.08632298586049215,-0.00035174413162019497,-0.0033619821914748042,0.17418783852374303,-0.026146595550101202,0.0,0.0,True,0.0,0.0,-0.0029528303119925447,-0.00010186146166648424,0.18136583942689477,0.18420760289697855,0.74,1.08,-0.02066981218394781,-0.0007130302316653897,0.016275442664525835,-0.0005614411272955825,
1791389484.0699022,balance,-0.06851953794243423,-0.0021503049830774393,-0.06550929988257963,-0.09580363039765517,-0.00035174413162019497,-0.0033619821914748042,0.17418783852374303,-0.026146595550101202,0.0,0.0,True,0.0,0.0,-0.0026188859312899944,0.00013698768618673217,0.18136583942689477,0.18420760289697855,0.74,1.07,-0.01833220151902996,0.0009589138033071252,0.014434804345692883,0.000755050238824508,
1791389484.079914,balance,-0.06940574666223008,-0.0027155116354516074,-0.06639550860237546,-0.09168755874873953,-0.00035174413162019497,-0.0033619821914748042,0.17418783852374303,-0.026146595550101202,0.0,0.0,True,0.0,0.0,-0.0015798388033971158,0.00016595268644762823,0.18136583942689477,0.18420760289697855,0.77,1.1,-0.01105887162377981,0.0011616688051333977,0.008707772932110086,0.0009146998465617305,
1791389484.089892,balance,-0.07007628500636809,-0.0032932182994361817,-0.06706604694651348,-0.04237444214274592,-0.00035174413162019497,-0.0033619821914748042,0.17418783852374303,-0.026146595550101202,0.0,0.0,True,0.0,0.0,-0.00022938485907219837,0.0002501194304301573,0.18136583942689477,0.18420760289697855,0.74,1.07,-0.0016056940135053886,0.0017508360130111013,0.0012643259948861328,0.0013786110338670089,
1791389484.0999055,balance,-0.07002153709247898,-0.003862021818784696,-0.06701129903262436,0.03164133564664916,-0.00035174413162019497,-0.0033619821914748042,0.17418783852374303,-0.026146595550101202,0.0,0.0,True,0.0,0.0,0.0002005210384097844,0.00011132791460214223,0.18136583942689477,0.18420760289697855,0.79,1.06,0.001403647268868491,0.0007792954022149956,-0.0011052340699751896,0.0006136184269409414,
1791389484.1099033,balance,-0.06956978066069758,-0.004244080694140147,-0.06655954260084297,0.05607191565068572,-0.00035174413162019497,-0.0033619821914748042,0.17418783852374303,-0.026146595550101202,0.0,0.0,True,0.0,0.0,-0.00015889765186487723,7.182652466341556e-05,0.18136583942689477,0.18420760289697855,0.77,1.09,-0.0011122835630541406,0.000502785672643909,0.0008758138291764887,0.00039589423042827476,
1791389484.120076,balance,-0.06896841325399267,-0.004618116668941927,-0.06595817519413806,0.06236113442729649,-0.00035174413162019497,-0.0033619821914748042,0.17418783852374303,-0.026146595550101202,0.0,0.0,True,0.0,0.0,0.00019239318235504677,-5.224825822347131e-05,0.18136583942689477,0.18420760289697855,0.81,1.06,0.0013467522764853274,-0.00036573780756429916,-0.0010604348633742734,-0.0002879825256411804,
1791389484.1299417,balance,-0.06843975794202355,-0.00501416625407395,-0.06542951988216893,0.0424977531468174,-0.00035174413162019497,-0.0033619821914748042,0.17418783852374303,-0.026146595550101202,0.0,0.0,True,0.0,0.0,0.00013609224361996387,-0.00025684737037290925,0.18136583942689477,0.18420760289697855,0.75,1.07,0.0009526457053397471,-0.0017979315926103649,-0.0007501147286139741,-0.0014156941674097361,
1791389484.139894,balance,-0.06793254515572862,-0.0054804946604309545,-0.064922307095874,0.0522819902916654,-0.00035174413162019497,-0.0033619821914748042,0.17418783852374303,-0.026146595550101202,0.0,0.0,True,0.0,0.0,0.00018088244064472619,1.7695833036199899e-06,0.18136583942689477,0.18420760289697855,0.8,1.08,0.0012661770845130832,1.238708312533993e-05,-0.0009969898303252623,9.75360876011018e-06,
1791389484.1498868,balance,-0.06742778039627022,-0.006025013551264673,-0.0644175423364156,0.053736052369494344,-0.00035174413162019497,-0.0033619821914748042,0.17418783852374303,-0.026146595550101202,0.0,0.0,True,0.0,0.0,5.6893148192783056e-05,7.755445987362565e-05,0.18136583942689477,0.18420760289697855,0.73,1.1,0.0003982520373494814,0.0005428812191153795,-0.0003135842813775444,0.0004274655268625036,
1791389484.1598966,balance,-0.06685567319645846,-0.00665494428894898,-0.06384543513660386,0.055383240708728236,-0.00035174413162019497,-0.0033619821914748042,0.17418783852374303,-0.026146595550101202,0.0,0.0,True,0.0,0.0,-0.00011077235071326606,0.0001576819582892567,0.18136583942689477,0.18420760289697855,0.73,1.08,-0.0007754064549928625,0.0011037737080247967,0.0006105562637739075,0.0008691131559250368,
1791389484.169901,balance,-0.06625240939445018,-0.007215083527092394,-0.06324217133459557,0.05917027810409415,-0.00035174413162019497,-0.0033619821914748042,0.17418783852374303,-0.026146595550101202,0.0,0.0,True,0.0,0.0,-6.0843847151946296e-05,5.6830139959938194e-05,0.18136583942689477,0.18420760289697855,0.73,1.08,-0.0004259069300636241,0.00039781097971956737,0.0003353597874516725,0.00031323699190517117,
1791389484.1799023,balance,-0.06560810461800151,-0.007647592193763668,-0.0625978665581469,0.06137085533965768,-0.00035174413162019497,-0.0033619821914748042,0.17418783852374303,-0.026146595550101202,0.0,0.0,True,0.0,0.0,0.0003353125647572154,-4.13317667285099e-05,0.18136583942689477,0.18420760289697855,0.76,1.09,0.0023471879533005077,-0.0002893223670995693,-0.0018481794907878014,-0.0002278128874799758,
1791389484.1899028,balance,-0.06498201640510484,-0.008007959107133731,-0.061971778345250236,0.05791220233396676,-0.00035174413162019497,-0.0033619821914748042,0.17418783852374303,-0.026146595550101202,0.0,0.0,True,0.0,0.0,0.00044377797196908054,-0.00013000800495254104,0.18136583942689477,0.18420760289697855,0.75,1.09,0.003106445803783564,-0.0009100560346677873,-0.002446020317939814,-0.0007165795548565255,
1791389484.199901,balance,-0.06435405367063048,-0.008340007773721732,-0.061343815610775856,0.05656036234353965,-0.00035174413162019497,-0.0033619821914748042,0.17418783852374303,-0.026146595550101202,0.0,0.0,True,0.0,0.0,0.0004659281680427113,-0.0003137077947439614,0.18136583942689477,0.18420760289697855,0.75,1.09,0.0032614971762989792,-0.0021959545632077295,-0.002568108012833842,-0.0017290980812659288,
1791389484.2099032,balance,-0.06377794695839988,-0.00863891796917746,-0.060767708898545256,0.06086527591989173,-0.00035174413162019497,-0.0033619821914748042,0.17418783852374303,-0.026146595550101202,0.0,0.0,True,0.0,0.0,-7.36166271727014e-06,0.00010488338598118445,0.18136583942689477,0.18420760289697855,0.74,1.08,-5.153163902089098e-05,0.0007341837018682911,4.057609371723699e-05,0.0005780974030458985,
1791389484.2199035,balance,-0.06324381347059269,-0.008938742232325795,-0.06023357541073808,0.04764273996346902,-0.00035174413162019497,-0.0033619821914748042,0.17418783852374303,-0.026146595550101202,0.0,0.0,True,0.0,0.0,-5.3061295918865745e-05,0.0004345740044444288,0.18136583942689477,0.18420760289697855,0.76,1.1,-0.0003714290714320602,0.0030420180311110014,0.00029246383577327575,0.002395289788276379,
1791389484.2299428,balance,-0.06275079673852108,-0.009264808498974963,-0.05974055867866647,0.050842943151119535,-0.00035174413162019497,-0.0033619821914748042,0.17418783852374303,-0.026146595550101202,0.0,0.0,True,0.0,0.0,-8.132801205121135e-05,-3.146996259777003e-05,0.18136583942689477,0.18420760289697855,0.71,1.1,-0.0005692960843584795,-0.0002202897381843902,0.0004482646333531334,-0.00017345648675936236,
1791389484.2399192,balance,-0.06226455728042794,-0.009572281016310113,-0.05925431922057332,0.04489951206671551,-0.00035174413162019497,-0.0033619821914748042,0.17418783852374303,-0.026146595550101202,0.0,0.0,True,0.0,0.0,6.170250630862804e-06,0.00040877112238497,0.18136583942689477,0.18420760289697855,0.73,1.09,4.319175441603963e-05,0.00286139785669479,-3.4009255445700494e-05,0.0022530691784998346,
1791389484.2499235,balance,-0.06181046244788797,-0.00980183027475912,-0.05880022438803337,0.03923419711923918,-0.00035174413162019497,-0.0033619821914748042,0.17418783852374303,-0.026146595550101202,0.0,0.0,True,0.0,0.0,-0.0002466854170019204,-0.0001234568315037081,0.18136583942689477,0.18420760289697855,0.74,1.08,-0.001726797919013443,-0.0008641978205259567,0.0013596834007979866,-0.0006804707248235879,
1791389484.2599037,balance,-0.06132932049174351,-0.009933558381334646,-0.058319082431888894,0.046529539047124896,-0.00035174413162019497,-0.0033619821914748042,0.17418783852374303,-0.026146595550101202,0.0,0.0,True,0.0,0.0,-4.089204487938937e-05,-0.00011429227679973851,0.18136583942689477,0.18420760289697855,0.76,1.09,-0.0002862443141557256,-0.0008000459375981696,0.0002253892237446658,-0.0006299574311796611,
1791389484.2698991,balance,-0.06084466168844754,-0.009942082811916926,-0.05783442362859294,0.049065361809918405,-0.00035174413162019497,-0.0033619821914748042,0.17418783852374303,-0.026146595550101202,0.0,0.0,True,0.0,0.0,0.00016524028148183947,0.00030491602590601986,0.18136583942689477,0.18420760289697855,0.73,1.09,0.0011566819703728764,0.002134412181342139,-0.0009107732050180129,0.0016806395128678257,
1791389484.2799325,balance,-0.06030364834073584,-0.009884196889026439,-0.05730625699734067,0.05579367274548885,-0.0003645908480796427,-0.0033619821914748042,0.17411086559243363,-0.026146595550101202,0.0,0.0,True,0.0,0.0,-0.00014503419234488508,-6.619183717428563e-05,0.18116249073988713,0.18420760289697855,0.74,1.1,-0.0010152393464141955,-0.0004633428602199994,0.0007994010601686579,-0.0003648368978110231,
1791389484.2899334,balance,-0.05969876323758962,-0.009834615977147436,-0.05668852517773501,0.06963252059334445,-0.00035174413162019497,-0.0033619821914748042,0.17418783852374303,-0.026146595550101202,0.0,0.0,True,0.0,0.0,0.0003330758652111808,-0.00011107425382554306,0.18136583942689477,0.18420760289697855,0.78,1.07,0.0023315310564782656,-0.0007775197767788014,-0.0018358512255734374,-0.0006122202966762216,
1791389484.2998958,balance,-0.0590656675000915,-0.009831458744741917,-0.05606827615669634,0.06940087731960692,-0.0003645908480796427,-0.0033619821914748042,0.17411086559243363,-0.026146595550101202,0.0,0.0,True,0.0,0.0,-7.772193083668456e-05,-0.00013685280014441071,0.18116249073988713,0.18420760289697855,0.89,1.09,-0.0005440535158567919,-0.000957969601010875,0.0004283885951628283,-0.0007543067724495078,
1791389484.3098943,balance,-0.05834909048062206,-0.00996350097907598,-0.055338852420767456,0.06748227743092976,-0.00035174413162019497,-0.0033619821914748042,0.17418783852374303,-0.026146595550101202,0.0,0.0,True,0.0,0.0,-0.00022500811536753382,-4.654191580191237e-05,0.18136583942689477,0.18420760289697855,0.79,1.08,-0.0015750568075727368,-0.0003257934106133866,0.0012402022106871944,-0.00025653024457746975,
1791389484.3198977,balance,-0.057745851115596464,-0.010038234339278258,-0.0547484597722013,0.06366698376995776,-0.0003645908480796427,-0.0033619821914748042,0.17411086559243363,-0.026146595550101202,0.0,0.0,True,0.0,0.0,-0.00021265325805454197,-0.00013367088658620838,0.18116249073988713,0.18420760289697855,0.85,1.09,-0.0014885728063817939,-0.0009356962061034587,0.0011721045719541685,-0.0007367686662231958,
1791389484.3298924,balance,-0.05706440823169161,-0.010262379122176177,-0.054054170171837,0.056443853261826056,-0.00035174413162019497,-0.0033619821914748042,0.17418783852374303,-0.026146595550101202,0.0,0.0,True,0.0,0.0,-0.00023522167087968723,6.937602098328341e-05,0.18136583942689477,0.18420760289697855,0.81,1.1,-0.0016465516961578107,0.00048563214688298386,0.0012964973985494573,0.000382387517230696,
1791389484.3399043,balance,-0.056447258725773254,-0.01030614047642784,-0.053449867382378086,0.06433925320994364,-0.0003645908480796427,-0.0033619821914748042,0.17411086559243363,-0.026146595550101202,0.0,0.0,True,0.0,0.0,-0.00017218633981853825,-6.37702536835792e-05,0.18116249073988713,0.18420760289697855,0.86,1.08,-0.0012053043787297677,-0.0004463917757850544,0.000949058565928951,-0.00035148958723232626,
1791389484.3499005,balance,-0.055712007801246355,-0.010458869519114638,-0.05271461645785119,0.0645244984802687,-0.0003645908480796427,-0.0033619821914748042,0.17411086559243363,-0.026146595550101202,0.0,0.0,True,0.0,0.0,-0.00014560134778960062,0.00022593185946658564,0.18116249073988713,0.18420760289697855,0.89,1.1,-0.0010192094345272042,0.0015815230162660996,0.0008025271138009482,0.001245293713595354,
1791389484.3598974,balance,-0.054961945748564035,-0.010593219697098135,-0.05196455440516887,0.07821865162523431,-0.0003645908480796427,-0.0033619821914748042,0.17411086559243363,-0.026146595550101202,0.0,0.0,True,0.0,0.0,-9.894570001373915e-05,3.316846811994061e-07,0.18116249073988713,0.18420760289697855,0.91,1.08,-0.000692619900096174,2.3217927683958426e-06,0.0005453700000757276,1.8281832822014507e-06,
1791389484.3699362,balance,-0.054206178062095926,-0.010909944441926714,-0.05120878671870076,0.06633712280366674,-0.0003645908480796427,-0.0033619821914748042,0.17411086559243363,-0.026146595550101202,0.0,0.0,True,0.0,0.0,-0.000168130156347273,3.369586789807424e-05,0.18116249073988713,0.18420760289697855,0.87,1.11,-0.001176911094430911,0.00023587107528651966,0.0009267016491581975,0.00018572525613111784,
1791389484.3799634,balance,-0.053541015977237205,-0.011285849516026673,-0.050543624633842044,0.06759310369981421,-0.0003645908480796427,-0.0033619821914748042,0.17411086559243363,-0.026146595550101202,0.0,0.0,True,0.0,0.0,-0.00017263610717320205,-0.0003083098803705896,0.18116249073988713,0.18420760289697855,0.89,1.11,-0.0012084527502124144,-0.0021581691625941275,0.0009515375985924522,-0.0016993457973182107,
1791389484.3899186,balance,-0.05286482884610787,-0.011782639026412049,-0.049867437502712705,0.06210894456237014,-0.0003645908480796427,-0.0033619821914748042,0.17411086559243363,-0.026146595550101202,0.0,0.0,True,0.0,0.0,8.865535874025046e-05,2.8392190654341515e-05,0.18116249073988713,0.18420760289697855,0.91,1.09,0.0006205875111817532,0.0001987453345803906,-0.0004886515836076796,0.00015649238943337844,
1791389484.399901,balance,-0.052222020547473304,-0.012260074540846131,-0.049224629204078135,0.06276569240996259,-0.0003645908480796427,-0.0033619821914748042,0.17411086559243363,-0.026146595550101202,0.0,0.0,True,0.0,0.0,2.752291345166516e-07,-0.00024908093474049203,0.18116249073988713,0.18420760289697855,0.87,1.1,1.9266039416165613e-06,-0.0017435665431834442,-1.5170109776508357e-06,-0.0013728870418767277,
1791389484.4099307,balance,-0.0515579153505003,-0.012639983035960317,-0.04856052400710513,0.0641028424942283,-0.0003645908480796427,-0.0033619821914748042,0.17411086559243363,-0.026146595550101202,0.0,0.0,True,0.0,0.0,-0.0001616156091656418,-5.247394951488575e-05,0.18116249073988713,0.18420760289697855,0.91,1.1,-0.0011313092641594925,-0.00036731764660420023,0.0008907946961885767,-0.00028922649338913403,
1791389484.4199011,balance,-0.05088349356131498,-0.012939870108904808,-0.04788610221791982,0.06759376618001098,-0.0003645908480796427,-0.0033619821914748042,0.17411086559243363,-0.026146595550101202,0.0,0.0,True,0.0,0.0,0.00022852890761860934,-5.071607756606962e-05,0.18116249073988713,0.18420760289697855,0.92,1.08,0.0015997023533302654,-0.00035501254296248734,-0.0012596081522285555,-0.0002795374354035333,
1791389484.429923,balance,-0.05022917249372383,-0.013149955596921444,-0.04723178115032867,0.06672988184269484,-0.0003645908480796427,-0.0033619821914748042,0.17411086559243363,-0.026146595550101202,0.0,0.0,True,0.0,0.0,8.999844006725191e-05,-0.00024122669143858833,0.18116249073988713,0.18420760289697855,0.88,1.09,0.0006299890804707634,-0.0016885868400701182,-0.0004960543940714672,-0.0013295959370630852,
1791389484.4399223,balance,-0.04957201944218792,-0.01330821820778148,-0.04657462809879276,0.06303501459236521,-0.0003645908480796427,-0.0033619821914748042,0.17411086559243363,-0.026146595550101202,0.0,0.0,True,0.0,0.0,-0.00021418257904615495,-0.0001565307967952474,0.18116249073988713,0.18420760289697855,0.9,1.1,-0.0014992780533230846,-0.0010957155775667318,0.0011805339002543974,-0.0008627681713123872,
1791389484.449934,balance,-0.0489241256829028,-0.013448929590557475,-0.04592673433950764,0.05971993317731787,-0.0003645908480796427,-0.0033619821914748042,0.17411086559243363,-0.026146595550101202,0.0,0.0,True,0.0,0.0,-0.00043749240996060116,0.00018652674144003581,0.18116249073988713,0.18420760289697855,0.89,1.11,-0.003062446869724208,0.0013056871900802506,0.0024113754879718174,0.0010281001496694887,
1791389484.4599211,balance,-0.048301184211267216,-0.01357617775167813,-0.0453166509482012,0.05738215168754224,-0.00037744892840878286,-0.0033619821914748042,0.1740338926898846,-0.026146595550101202,0.0,0.0,True,0.0,0.0,-0.0003209377153803613,-0.0003993697417320833,0.18095909832971635,0.18420760289697855,0.9,1.06,-0.0022465640076625294,-0.002795588192124583,0.0017689480375295507,-0.0022012505449799866,
1791389484.469936,balance,-0.047730353157201456,-0.013731132232485253,-0.04473296181380629,0.05882172388880685,-0.0003645908480796427,-0.0033619821914748042,0.17411086559243363,-0.026146595550101202,0.0,0.0,True,0.0,0.0,-0.00041796207649977946,-0.00020153981812104575,0.18116249073988713,0.18420760289697855,0.9400000000000001,1.07,-0.002925734535498456,-0.0014107787268473203,0.0023037279807074456,-0.0011108493912183625,
1791389484.4799483,balance,-0.0471940006593991,-0.013985933649710963,-0.04420946739633308,0.045219051556028476,-0.00037744892840878286,-0.0033619821914748042,0.1740338926898846,-0.026146595550101202,0.0,0.0,True,0.0,0.0,7.31071576737676e-05,-0.00045125878872948234,0.18095909832971635,0.18420760289697855,0.96,1.07,0.0005117501037163732,-0.0031588115211063764,-0.0004029528375719474,-0.002487253166225493,
1791389484.4899347,balance,-0.04669038347370825,-0.014196329575317074,-0.04370585021064223,0.044194686706303825,-0.00037744892840878286,-0.0033619821914748042,0.1740338926898846,-0.019093040130525502,0.0,0.0,True,0.0,0.0,0.00017596086630853453,0.00014609369455254913,0.18095909832971635,0.18420760289697855,1.01,1.07,0.0012317260641597416,0.001022655861867844,-0.0009698630426454658,0.0008052408361164126,
1791389484.499913,balance,-0.04620620120125564,-0.014390019854181691,-0.043221667938189615,0.044882465317426845,-0.00037744892840878286,-0.0033619821914748042,0.1740338926898846,-0.019093040130525502,0.0,0.0,True,0.0,0.0,3.3767745015834835e-05,-8.102497697814144e-05,0.18095909832971635,0.18420760289697855,0.97,1.07,0.00023637421511084385,-0.0005671748388469901,-0.00018612142922113688,-0.00044659436129684257,
1791389484.5099213,balance,-0.04569922683489072,-0.014574650521896724,-0.0427146935718247,0.0523558957690546,-0.00037744892840878286,-0.0033619821914748042,0.1740338926898846,-0.01231236714806022,0.0,0.0,True,0.0,0.0,-8.806239086872738e-06,-9.79312777890748e-05,0.18095909832971635,0.18420760289697855,1.01,1.05,-6.164367360810917e-05,-0.0006855189445235236,4.853832567567651e-05,-0.0005397786964752155,
1791389484.519904,balance,-0.04515661529252269,-0.014655904582429574,-0.04217208202945667,0.05786171974261903,-0.00037744892840878286,-0.0033619821914748042,0.1740338926898846,-0.005166012388063115,0.0,0.0,True,0.0,0.0,7.018443292231732e-05,0.0002726632405132261,0.18095909832971635,0.18420760289697855,1.01,1.08,0.0004912910304562212,0.0019086426835925828,-0.0003868433310678907,0.0015028682547973092,
1791389484.5298965,balance,-0.04457309132176119,-0.01468394361097481,-0.04155365978741192,0.05399278936718401,-0.00034255065712553157,-0.0033619821914748042,0.17426448745313408,0.0006740354643077581,0.0,3.37017732153879e-06,False,0.0,0.0,-0.02046326693420759,-0.023082178208737703,0.18136583942689477,0.18441018862485245,2.6,-0.58,-0.14324286853945314,-0.16157524746116392,0.11278966026728594,-0.12722460430012908,
1791389484.5399184,balance,-0.042338751310432875,-0.014629396219640736,-0.03913418979426225,0.32375370126321273,-0.00015742067530418596,-0.0033619821914748042,0.1757228956315558,0.014432287436053005,0.0,0.0001087371119802946,False,0.0,0.0,-0.010170898628269712,-0.015407091900756105,0.18299090309463303,0.18663549018193595,2.5300000000000002,0.32,-0.07119629039788798,-0.10784964330529273,0.056060071179439355,-0.08492097898054546,
1791389484.549892,balance,-0.041849138614179944,-0.015486819067555063,-0.03854958553358121,0.05844446914004182,-0.00012034035604419763,-0.003419893436642928,0.17610557133554094,0.012216278097627096,0.0,0.0002255947496724439,False,0.0,0.0,-0.01766987161405997,-0.03916226524127587,0.18319383237828066,0.1874430046775467,2.33,0.43,-0.12368910129841978,-0.2741358566889311,0.09739299314836203,-0.21585500526687487,
1791389484.559946,balance,-0.04234075401118518,-0.017059191711507934,-0.0389221098657704,-0.11174672264237935,-5.838518988533076e-05,-0.003477029335300109,0.17679463531076411,0.008446241276023411,0.0,0.00033299150790176414,False,0.0,0.0,-0.026108325069846686,-0.05265807884324596,0.1835995660144428,0.18885413806352164,1.72,1.46,-0.1827582754889268,-0.36860655190272174,0.1439041539282888,-0.290241379450962,
1791389484.5699012,balance,-0.041715694851357746,-0.01976334811528089,-0.038234150871662334,0.060824553013693154,4.5146443953050786e-06,-0.003477029335300109,0.1774833009084854,0.011768792719289309,0.0,0.00046223720428827727,False,0.0,0.0,-0.02670127091496765,-0.038899442329256906,0.18441020567926045,0.18986047002046408,1.59,1.93,-0.18690889640477354,-0.27229609630479834,0.14717235937383744,-0.2144063750431483,
1791389484.579893,balance,-0.04184344828853302,-0.021424371730889125,-0.03836190430883761,-0.02289577908466181,4.5146443953050786e-06,-0.003477029335300109,0.1774833009084854,0.007565416487295257,0.0,0.0005455867811556972,False,0.0,0.0,-0.03526015213452747,-0.043692360914405655,0.18441020567926045,0.18986047002046408,1.5,1.74,-0.2468210649416923,-0.3058465264008396,0.19434729522967897,-0.24082403653609416,
1791389484.5899003,balance,-0.04177971540323121,-0.022451182264457595,-0.038238550028746925,-0.01698201530906462,6.667106720856242e-06,-0.0035344982677634287,0.17740745757037008,0.004769868406382395,0.0,0.000601191033954161,False,0.0,0.0,-0.038555257340480854,-0.041625306823893524,0.1848152533120094,0.18925682413144465,1.23,1.34,-0.26988680138336596,-0.29137714776725465,0.21250929242784722,-0.22943082501358633,
1791389484.5998929,balance,-0.041727456186854125,-0.02373676288022697,-0.0381993638372451,-0.011142879799123373,-6.4059181543972554e-06,-0.0035344982677634287,0.17717841457848899,-0.0007410608617823269,0.0,0.0006075624969053624,False,0.0,0.0,-0.0446485056847002,-0.04104086628256939,0.18501771391452992,0.18845123100967645,1.21,0.88,-0.3125395397929014,-0.28728606397798573,0.2460941258211822,-0.22620949919526434,
1791389484.60995,balance,-0.0416048443223519,-0.02407200887876,-0.038093765155752975,0.01321221512520037,-2.3419101164504075e-05,-0.0035344982677634287,0.17694886267123086,-0.009302697515967295,0.0,0.0005333837625912685,False,0.0,0.0,-0.045725524459334484,-0.04297472342477793,0.18501771391452992,0.1878464388524644,1.16,0.5700000000000001,-0.3200786712153414,-0.3008230639734455,0.25203044977585937,-0.23686855430979958,
1791389484.6198993,balance,-0.040840462376676934,-0.022982975095079003,-0.037273389135262895,0.12323104311402137,-2.3419101164504075e-05,-0.0035904923425785456,0.17694886267123086,-0.012027455254374686,0.0,0.00041826068344509825,False,0.0,0.0,-0.035102756742235314,-0.040104194069794645,0.18501771391452992,0.1878464388524644,1.1500000000000001,0.64,-0.2457192971956472,-0.2807293584885625,0.19347976157137575,-0.22104673896737206,
1791389484.6299083,balance,-0.03936037528482079,-0.022224133036616193,-0.03567941766604146,0.16305486442075512,-1.7743137651852342e-05,-0.0036987007564311812,0.17702537996795448,-0.012146826269181014,0.0,0.00029936989695415414,False,0.0,0.0,-0.025404053267674982,-0.037326888442832946,0.18501771391452992,0.18804809635858466,1.19,0.7000000000000001,-0.17782837287372488,-0.26128821909983063,0.14002234084545268,-0.20573875519671703,
1791389484.6399467,balance,-0.03783707851326803,-0.021874159069618378,-0.03405280632656268,0.14760810782000996,-1.7743137651852342e-05,-0.003802015324357207,0.17702537996795448,-0.012283621645810615,0.0,0.00017668621895085046,False,0.0,0.0,-0.022762071882046757,-0.03535898921274388,0.18501771391452992,0.18804809635858466,1.18,0.86,-0.1593345031743273,-0.24751292448920714,0.12546023871994275,-0.19489206652693475,
1791389484.6498933,balance,-0.03615039610130377,-0.021623346514775876,-0.032360452855713075,0.17636406330434173,-1.2072078766509065e-05,-0.003802015324357207,0.1771018972703763,-0.006262115135193294,0.0,0.00010306929743577315,False,0.0,0.0,-0.019186934263760176,-0.028031107458057328,0.18501771391452992,0.18824968933114344,1.19,0.93,-0.13430853984632124,-0.1962177522064013,0.10575475578450491,-0.15450216709165457,
1791389484.6598966,balance,-0.03479113305229433,-0.022082389396307706,-0.030954688021993578,0.11171482344575888,-1.2072078766509065e-05,-0.0038485171090672627,0.1771018972703763,-0.006553203336995837,0.0,3.0073113765975608e-05,False,0.0,0.0,-0.02437504907520889,-0.02679746156348105,0.18501771391452992,0.18824968933114344,1.19,0.87,-0.17062534352646225,-0.18758223094436735,0.13435066419406477,-0.14770254405068295,
1791389484.6698987,balance,-0.033765664670630434,-0.023008696284526294,-0.029884325810869188,0.08817935049769836,-1.2072078766509065e-05,-0.003893410938527757,0.1771018972703763,0.0010088034986088284,0.0,3.707440087639388e-05,False,0.0,0.0,-0.021225643329877,-0.026703600379304505,0.18501771391452992,0.18824968933114344,1.23,0.8300000000000001,-0.148579503309139,-0.18692520265513154,0.11699173488908582,-0.14718519894104845,
1791389484.6798959,balance,-0.03309886459948096,-0.024157438359966782,-0.02921752573971971,0.06461991553448926,-1.2072078766509065e-05,-0.003893410938527757,0.1771018972703763,0.0050870838701380285,0.0,7.940620355841296e-05,False,0.0,0.0,-0.020419242468158735,-0.02832102493832934,0.18501771391452992,0.18824968933114344,1.2,0.89,-0.14293469727711114,-0.1982471745683054,0.11254700573000877,-0.15610013745535858,
1791389484.689928,balance,-0.03246633783876456,-0.024816225505990337,-0.028550783167367033,0.06508029907214766,-2.074677764705643e-05,-0.003936301449044583,0.17702514383195786,0.004445132077028637,0.0,0.00011950022439735481,False,0.0,0.0,-0.01984699817418685,-0.030074835619940062,0.1848152533120094,0.18824968933114344,1.29,0.91,-0.13892898721930796,-0.21052384933958043,0.10939290332228974,-0.16576681050360664,
1791389484.6999412,balance,-0.03169422995154886,-0.024928320689323085,-0.027694661980805113,0.08015250279529752,-2.074677764705643e-05,-0.004020314748390804,0.17702514383195786,0.004204034186289351,0.0,0.00015895818605724316,False,0.0,0.0,-0.017418269767226765,-0.030115993441130733,0.1848152533120094,0.18824968933114344,1.41,0.88,-0.12192788837058735,-0.21081195408791514,0.09600621131542311,-0.16599366463615364,
1791389484.7099094,balance,-0.030897121809947126,-0.024521109628578387,-0.026825308953891337,0.08004826762608634,-2.9652861172308614e-05,-0.004101465717228099,0.17694849231377188,0.005156387774586464,0.0,0.00021210884780782448,False,0.0,0.0,-0.014536946109193337,-0.029465632835776336,0.18461279140713438,0.18824968933114344,1.54,0.89,-0.10175862276435335,-0.20625942985043436,0.08012489981445145,-0.16240899988223179,
1791389484.7198975,balance,-0.03025145014069512,-0.02385772595606965,-0.02613981894831307,0.05277440438825522,-2.9652861172308614e-05,-0.00414128405355436,0.17694849231377188,0.004128250584942769,0.0,0.0002625333186922191,False,0.0,0.0,-0.016189247505789792,-0.03047838763750138,0.18461279140713438,0.18824968933114344,1.49,0.84,-0.11332473254052855,-0.21334871346250966,0.08923207286655792,-0.16799111296260602,
1791389484.729951,balance,-0.029898214543902853,-0.02337071309687368,-0.02571789910912239,0.01980892392564712,-3.857122863898735e-05,-0.0042188866634194485,0.17687184288673394,0.0018726352854244804,0.0,0.00028682887635514236,False,0.0,0.0,-0.019742556600227883,-0.03274422456181728,0.18441020567926045,0.18824968933114344,1.59,0.87,-0.13819789620159517,-0.22920957193272098,0.10881724110361825,-0.1804799778997803,
1791389484.7399042,balance,-0.029778825809565507,-0.023103484621775274,-0.025560090309421454,0.0004352067078632121,-3.857122863898735e-05,-0.004257306728783038,0.17687184288673394,0.00412220468032457,0.0,0.00031856664543465424,False,0.0,0.0,-0.019129781032093635,-0.034848337462334504,0.18441020567926045,0.18824968933114344,1.59,0.84,-0.13390846722465544,-0.24393836223634152,0.10543973797216963,-0.19207745057979647,
1791389484.7499022,balance,-0.029890832063972188,-0.022971097543693517,-0.025633588418982396,-0.009219909100409387,-3.857122863898735e-05,-0.004295814873628781,0.17687184288673394,0.0021279766019332,0.0,0.00033802428598943355,False,0.0,0.0,-0.02162674922857566,-0.03747603444512112,0.18441020567926045,0.18824968933114344,1.59,0.89,-0.1513872446000296,-0.26233224111584785,0.11920255480317292,-0.20656081977625815,
1791389484.7598956,balance,-0.030087672131345798,-0.022974415908233525,-0.025782878275535527,-0.015997821657333478,-2.9652861172308614e-05,-0.004334446716982581,0.17694849231377188,-0.00014640791254847695,0.0,0.0003454181186356943,False,0.0,0.0,-0.023819534616013424,-0.039345403083458,0.18461279140713438,0.18824968933114344,1.53,0.86,-0.16673674231209396,-0.27541782158420597,0.13128877347408974,-0.21686442644425666,
1791389484.769899,balance,-0.030281367230009185,-0.02284301845536226,-0.02597657337419891,-0.02476651726283507,-2.9652861172308614e-05,-0.004334446716982581,0.17694849231377188,-0.00017400962369014609,-0.00016868456164474745,-2.6625310226993194e-08,False,0.0,0.0,-0.023077103953924195,-0.04087679360846059,0.18461279140713438,0.18824968933114344,1.43,0.86,-0.16153972767746935,-0.28613755525922413,0.1271966359665113,-0.22530516162143632,
1791389484.7800465,balance,-0.030509480680483748,-0.022429618660006624,-0.026126243617311445,-0.017578185929266885,-2.9652861172308614e-05,-0.004412889924344609,0.17694849231377188,-0.0007484680504066635,-0.0006394598141052706,-5.450411815069645e-07,False,0.0,0.0,-0.02312290220697595,-0.0415798369557829,0.18461279140713438,0.18824968933114344,1.3900000000000001,0.85,-0.16186031544883167,-0.2910588586904803,0.12744906728254463,-0.2291802036932916,
1791389484.7899046,balance,-0.030692802347217357,-0.0218417796489655,-0.02622189223147356,-0.013063982348088702,-2.074677764705643e-05,-0.004491656893390853,0.17702514383195786,-0.0005376549867970265,-0.00034066161819274626,-9.849668430214013e-07,False,0.0,0.0,-0.022496153132140234,-0.04191269003711617,0.1848152533120094,0.18824968933114344,1.41,0.88,-0.15747307192498164,-0.29338883025981316,0.12399454482282019,-0.23101482697623082,
1791389484.7999454,balance,-0.030922624288452803,-0.02118897735249096,-0.026412198964652037,-0.03122497048818861,-2.074677764705643e-05,-0.004531172101447823,0.17702514383195786,-0.002008959304097112,-0.0014071830702712413,-3.0088811691293532e-06,False,0.0,0.0,-0.02445619291323593,-0.04285015689648881,0.1848152533120094,0.18824968933114344,1.35,0.87,-0.17119335039265152,-0.29995109827542166,0.1347979136950012,-0.23618196714600131,
1791389484.8099368,balance,-0.03124899609859221,-0.020551628960158386,-0.026658611865797873,-0.030270855872208045,-2.074677764705643e-05,-0.004611131010441391,0.17702514383195786,-0.0025401013654689484,-0.001392239427988604,-5.739309687401723e-06,False,0.0,0.0,-0.02530246297509695,-0.04357792627917045,0.1848152533120094,0.18824968933114344,1.3,0.86,-0.17711724082567865,-0.3050454839541931,0.13946239435092805,-0.24019329445212056,
1791389484.8199215,balance,-0.031614965903245376,-0.02000702235184287,-0.02694377118552431,-0.02764427045862098,-2.074677764705643e-05,-0.0046919414953681265,0.17702514383195786,-0.0022833201286445504,-0.0009133280514578202,-6.849960385933651e-06,False,0.0,0.0,-0.0254087649915473,-0.04373864986239619,0.1848152533120094,0.18824968933114344,1.28,0.84,-0.1778613549408311,-0.3061705490367733,0.14004831097703235,-0.24107917246990024,
1791389484.8298986,balance,-0.03197628443937982,-0.01962889862027232,-0.027223474523377533,-0.030480850455630842,-2.074677764705643e-05,-0.004773556693649346,0.17702514383195786,-0.001665189955215511,-0.0006660759820862044,-4.995569865646533e-06,False,0.0,0.0,-0.025540791158588497,-0.0440009442460281,0.1848152533120094,0.18824968933114344,1.3,0.87,-0.1787855381101195,-0.30800660972219673,0.1407760142599366,-0.2425248895450368,
1791389484.8399026,balance,-0.032272575813634984,-0.019304819510535882,-0.027437418022176835,-0.018570853421444253,-2.074677764705643e-05,-0.0048559045691052025,0.17702514383195786,-0.0016833618331726595,-0.0006871327262478015,-4.98114553462429e-06,False,0.0,0.0,-0.02495160618420745,-0.04370754876478507,0.1848152533120094,0.18824968933114344,1.31,0.85,-0.17466124328945215,-0.3059528413534955,0.13752853802319068,-0.24090774909724053,
1791389484.8499653,balance,-0.03254981902784391,-0.019006289413366895,-0.027623083344373297,-0.022879944167334004,-1.2072078766509065e-05,-0.00493880776223712,0.1771018972703763,-0.0019326427216666503,-0.000863998574865119,-5.343220734007656e-06,False,0.0,0.0,-0.025441827092578414,-0.04380229648384288,0.18501771391452992,0.18824968933114344,1.3,0.85,-0.1780927896480489,-0.30661607538690017,0.14023054302995977,-0.24142998061960644,
1791389484.859904,balance,-0.03283947498112321,-0.01870614533160921,-0.027837910868415864,-0.033475400913915564,-2.074677764705643e-05,-0.0050223108903544,0.17702514383195786,-0.0007126098571292293,-0.00032079179501362406,-1.959090310578026e-06,False,0.0,0.0,-0.024814607745867853,-0.04447215636233751,0.1848152533120094,0.18824968933114344,1.29,0.86,-0.17370225422107496,-0.31130509453636257,0.13677342852053145,-0.24512212168217526,
1791389484.8698957,balance,-0.03311607743329358,-0.018344396084908336,-0.028021750193430183,-0.031852278493559844,-1.2072078766509065e-05,-0.005106399318629909,0.1771018972703763,-0.0012648555345513193,-0.0005988882832117283,-3.3298362566979552e-06,False,0.0,0.0,-0.025545971852534276,-0.04420735351981586,0.18501771391452992,0.18824968933114344,1.21,0.86,-0.17882180296773995,-0.30945147463871103,0.14080456926593696,-0.243662578455678,
1791389484.879907,balance,-0.033453865495548206,-0.01784975152458929,-0.02832596017935329,-0.028108823556422833,-2.074677764705643e-05,-0.00514865209384197,0.17702514383195786,-0.0040860826349260835,-0.0019410450786255997,-1.0725187781502419e-05,False,0.0,0.0,-0.027938097292540032,-0.04492884465615797,0.1848152533120094,0.18824968933114344,1.3,0.86,-0.19556668104778022,-0.3145019125931058,0.1539895126360474,-0.247639301254414,
1791389484.8899093,balance,-0.033734174978497976,-0.01742305167924226,-0.028520694062083518,-0.029348194567953585,-2.074677764705643e-05,-0.005234227694061511,0.17702514383195786,-0.0051489877327729715,-0.0026060568745248317,-1.27146542912407e-05,False,0.0,0.0,-0.0283875654966159,-0.04505207343013702,0.1848152533120094,0.18824968933114344,1.36,0.87,-0.19871295847631132,-0.31536451401095916,0.1564668964380404,-0.2483185149692592,
1791389484.8999221,balance,-0.03404071744736708,-0.016953226594516424,-0.028741012678757196,-0.029902517330972097,-2.074677764705643e-05,-0.005320451546256935,0.17702514383195786,-0.004928883075641354,-0.002601928838000996,-1.1634771188201788e-05,False,0.0,0.0,-0.028387248102202507,-0.045320204019287665,0.1848152533120094,0.18824968933114344,1.35,0.87,-0.19871073671541756,-0.31724142813501366,0.15646514702001382,-0.24979640010630996,
1791389484.9099405,balance,-0.034357516358752095,-0.016548380072265816,-0.029014224872757,-0.027377634459179744,-2.074677764705643e-05,-0.005364038263642149,0.17702514383195786,-0.0033666674932318094,-0.0018662186902902765,-7.502244014707664e-06,False,0.0,0.0,-0.027449162261023702,-0.045407016487845606,0.1848152533120094,0.18824968933114344,1.34,0.87,-0.1921441358271659,-0.3178491154149192,0.15129459513950072,-0.2502748940274955,
1791389484.9199286,balance,-0.034697136337138765,-0.016141343053557654,-0.02930981408386696,-0.026795211453840086,-2.074677764705643e-05,-0.005408069030918864,0.17702514383195786,-0.0003807074980576393,-0.00021458570119626646,-8.306089843068641e-07,False,0.0,0.0,-0.026208821924924214,-0.04506131669746423,0.1848152533120094,0.18824968933114344,1.32,0.86,-0.1834617534744695,-0.3154292168822496,0.1444580736019445,-0.24836946211200758,
1791389484.9299443,balance,-0.03502498497520773,-0.015709980359476326,-0.029549034334716017,-0.03384887328097874,-2.074677764705643e-05,-0.005496697418138771,0.17702514383195786,0.0006399806501624309,0.0002861068750486652,1.7693688755688286e-06,False,0.0,0.0,-0.02647644765822847,-0.04505361780227674,0.1848152533120094,0.18824968933114344,1.36,0.87,-0.1853351336075993,-0.3153753246159372,0.14593317606897582,-0.24832702725664346,
1791389484.9399087,balance,-0.03532537969051802,-0.015240530175616156,-0.02980465490645127,-0.024625971754406492,-2.074677764705643e-05,-0.00554147156171381,0.17702514383195786,-0.0012287070500380894,-0.0007594152373450794,-2.3464590634650505e-06,False,0.0,0.0,-0.02828463628790331,-0.04502025280852872,0.1848152533120094,0.18824968933114344,1.35,0.86,-0.19799245401532317,-0.31514176965970103,0.15589957009080566,-0.2481431257163,
1791389484.9498873,balance,-0.0355909367343122,-0.014695384899051011,-0.030070211950245448,-0.02653669443358088,-2.074677764705643e-05,-0.00554147156171381,0.17702514383195786,-0.006118307424131854,-0.0038195297133808014,-1.1493888553755262e-05,False,0.0,0.0,-0.032142562845899975,-0.044912706950481135,0.1848152533120094,0.18824968933114344,1.33,0.86,-0.22499793992129982,-0.31438894865336797,0.17716373222149592,-0.24755035327036848,
1791389484.9599023,balance,-0.03586715186604776,-0.014158937488490815,-0.030301081726406862,-0.022654073365138364,-2.074677764705643e-05,-0.00558681691728796,0.17702514383195786,-0.002366363220751003,-0.0009465452883004014,-7.099089662253009e-06,False,0.0,0.0,-0.02868322568224261,-0.0446177213290955,0.1848152533120094,0.18824968933114344,1.34,0.86,-0.20078257977569827,-0.3123240493036685,0.15809651950842382,-0.24592444827060514,
1791389484.9698856,balance,-0.036134078771247656,-0.013628927314711077,-0.030476551165979422,-0.02330410147599281,-2.074677764705643e-05,-0.005678274382915286,0.17702514383195786,-0.0015844817955761581,-0.0006337927182304633,-4.753445386728474e-06,False,0.0,0.0,-0.028602786572748208,-0.04486147219897286,0.1848152533120094,0.18824968933114344,1.33,0.86,-0.20021950600923746,-0.31403030539281,0.15765315433798224,-0.2472679570022126,
1791389484.9799407,balance,-0.036373632774840854,-0.013137195058115394,-0.030624234062489875,-0.018501971663433862,-2.074677764705643e-05,-0.005770145489998033,0.17702514383195786,-0.002706044766479539,-0.0011550639330566103,-7.754904167114644e-06,False,0.0,0.0,-0.029708359436266856,-0.044447311860772686,0.1848152533120094,0.18824968933114344,1.3,0.86,-0.207958516053868,-0.3111311830254088,0.16374686303454172,-0.24498518348457388,
1791389484.9899237,balance,-0.03663557650044188,-0.012701544076715556,-0.0308861777880909,-0.02607451216661929,-2.074677764705643e-05,-0.005770145489998033,0.17702514383195786,-0.0020808840843345774,-0.0012181787907120658,-4.313526468112558e-06,False,0.0,0.0,-0.030110395833471693,-0.044748790628357224,0.1848152533120094,0.18824968933114344,1.32,0.89,-0.21077277083430185,-0.31324153439850055,0.16596281168055263,-0.2466468774791343,
1791389484.9999042,balance,-0.036913748309230644,-0.01229880969728593,-0.03107110150345924,-0.030571184404015787,-2.074677764705643e-05,-0.005863393583418457,0.17702514383195786,-0.0027317741439903923,-0.0011915271500231243,-7.70123496983634e-06,False,0.0,0.0,-0.03099758279061559,-0.045230858454810785,0.1848152533120094,0.18824968933114344,1.34,0.87,-0.21698307953430912,-0.3166160091836755,0.17085281853095205,-0.24930394423911456,
1791389485.0099022,balance,-0.03718827425166083,-0.01193678705106791,-0.031243148309169383,-0.022059380643692807,-1.2072078766509065e-05,-0.005957198021257958,0.1771018972703763,-0.0022236564916601224,-0.0010666922602029583,-5.784821157285821e-06,False,0.0,0.0,-0.029963804600384544,-0.045728268152327674,0.18501771391452992,0.18824968933114344,1.33,0.87,-0.2097466322026918,-0.3200978770662937,0.16515482850605653,-0.2520455724931447,
1791389485.0199153,balance,-0.03744816112183446,-0.011564202517402459,-0.03141749775965884,-0.030040572830918957,-2.074677764705643e-05,-0.0060514101398226735,0.17702514383195786,-0.0022017973345099424,-0.001097281097184088,-5.522581186629273e-06,False,0.0,0.0,-0.029843879200734207,-0.046435438403055806,0.1848152533120094,0.18824968933114344,1.29,0.86,-0.20890715440513946,-0.32504806882139065,0.16449382236625154,-0.25594336127668554,
1791389485.0298939,balance,-0.03766576374080025,-0.011198677451735542,-0.031531723004703915,-0.021495359166699396,-1.2072078766509065e-05,-0.006146112814862847,0.1771018972703763,-0.0027860616582004397,-0.0014404275251811288,-6.728170665096555e-06,False,0.0,0.0,-0.029784001108684257,-0.0461885277021276,0.18501771391452992,0.18824968933114344,1.34,0.88,-0.2084880077607898,-0.3233196939148932,0.16416378563841716,-0.2545824361534592,
1791389485.0398962,balance,-0.03787767710381965,-0.010797606799201593,-0.03170479548576322,-0.01809864795008601,-2.074677764705643e-05,-0.006193628395703484,0.17702514383195786,-0.0048571739979797295,-0.0026546850247272887,-1.1012444866262203e-05,False,0.0,0.0,-0.030960443129088685,-0.04645503522879169,0.1848152533120094,0.18824968933114344,1.3,0.8300000000000001,-0.2167231019036208,-0.32518524660154186,0.17064811173513447,-0.2560513752768046,
1791389485.0499012,balance,-0.03804709698569059,-0.010416788392375632,-0.031826404044582715,-0.020656883583128904,-2.074677764705643e-05,-0.0062414397187549354,0.17702514383195786,-0.004380672295467318,-0.0023670127504799893,-1.0068297724936643e-05,False,0.0,0.0,-0.03042454041718267,-0.0463726944086387,0.1848152533120094,0.18824968933114344,1.35,0.86,-0.21297178292027868,-0.3246088608604709,0.16769431726006195,-0.25559752823659126,
1791389485.0599277,balance,-0.03820525391796169,-0.010074917308610548,-0.03193658413538853,-0.004572658848629547,-2.074677764705643e-05,-0.0062894165602202165,0.17702514383195786,-0.0067237468369170435,-0.0038211965073877015,-1.4512751647646711e-05,False,0.0,0.0,-0.031338613313140286,-0.046151106928009444,0.1848152533120094,0.18824968933114344,1.32,0.86,-0.219370293191982,-0.3230577484960661,0.1727325143243953,-0.2543761799181623,
1791389485.0699008,balance,-0.038209325220621926,-0.009825553896754392,-0.031892744454891694,0.011083070947024043,-2.074677764705643e-05,-0.00633732754337729,0.17702514383195786,-0.009410854250568658,-0.005436096232957876,-1.987379008805391e-05,False,0.0,0.0,-0.031224169475955427,-0.04608973320654217,0.1848152533120094,0.18824968933114344,1.36,0.88,-0.21856918633168798,-0.3226281324457952,0.17210172152101416,-0.2540378995636183,
1791389485.0798995,balance,-0.03800109389730326,-0.009555245800263415,-0.03158938905728649,0.023405350657846626,-2.074677764705643e-05,-0.0064324516176638286,0.17702514383195786,-0.00934263783529024,-0.005643599206313234,-1.8495193144885033e-05,False,0.0,0.0,-0.028918497901689523,-0.04453578193578151,0.1848152533120094,0.18824968933114344,1.35,0.86,-0.20242948531182667,-0.3117504735504706,0.15939329552112336,-0.24547281381926817,
1791389485.0898917,balance,-0.03776704762058048,-0.009241049077125548,-0.03130809934684159,0.02111021305224208,-2.074677764705643e-05,-0.006479695051385944,0.17702514383195786,-0.011923729936488513,-0.007443732004559791,-2.239998965964361e-05,False,0.0,0.0,-0.030725924823503305,-0.043273276962214974,0.1848152533120094,0.18824968933114344,1.35,0.87,-0.21508147376452313,-0.30291293873550484,0.1693554911531678,-0.23851412498858648,
1791389485.0999272,balance,-0.037392088524200666,-0.008929120178384242,-0.030933140250461774,0.0458427770333453,-2.074677764705643e-05,-0.006479695051385944,0.17702514383195786,-0.005207974171330816,-0.0020831896685323263,-1.5623922513992445e-05,False,0.0,0.0,-0.02393534419000641,-0.04130749631691577,0.1848152533120094,0.18824968933114344,1.36,0.85,-0.16754740933004486,-0.2891524742184104,0.13192709396066524,-0.22767911355780346,
1791389485.1099079,balance,-0.0371727603363076,-0.008526566041220884,-0.030713812062568707,0.00576628606792551,-2.074677764705643e-05,-0.006479695051385944,0.17702514383195786,-0.0031229952921778036,-0.0013136176134295836,-9.0468883937411e-06,False,0.0,0.0,-0.025756339051395055,-0.04130960088406118,0.1848152533120094,0.18824968933114344,1.33,0.87,-0.1802943733597654,-0.2891672061884283,0.1419640735116263,-0.22769071353419548,
1791389485.1199033,balance,-0.037216694080185936,-0.008236602306787983,-0.030665590930343264,-0.0021448009006963696,-2.074677764705643e-05,-0.006571849927489731,0.17702514383195786,-0.0010595511083430237,-0.00045391214366743044,-3.028194823377966e-06,False,0.0,0.0,-0.026861988400668193,-0.04152295436465884,0.1848152533120094,0.18824968933114344,1.33,0.87,-0.18803391880467735,-0.29066068055261185,0.1480582037832105,-0.22886667760048177,
1791389485.1299028,balance,-0.03734706958819795,-0.008083287247860865,-0.030703749730022767,-0.0121025074591284,-2.074677764705643e-05,-0.0066640666358222375,0.17702514383195786,-0.0011625177897857347,-0.0005287461768227677,-3.1688580648148353e-06,False,0.0,0.0,-0.0279818054666764,-0.04280157997862047,0.1848152533120094,0.18824968933114344,1.36,0.87,-0.19587263826673482,-0.2996110598503433,0.15423042383207466,-0.23591422035460102,
1791389485.1399045,balance,-0.03745148089666332,-0.007857864404441015,-0.03070719694750006,-0.0039303555484041935,-1.2072078766509065e-05,-0.006756356027929771,0.1771018972703763,-0.000629408848752387,-0.00029312236854568257,-1.681432401033522e-06,False,0.0,0.0,-0.026839137213390218,-0.043136566626735366,0.18501771391452992,0.18824968933114344,1.31,0.86,-0.18787396049373153,-0.30195596638714756,0.14793225235726892,-0.23776060345444688,
1791389485.149898,balance,-0.03745244844107903,-0.00768144508400836,-0.030624769224705663,-0.003918269818317072,-2.074677764705643e-05,-0.006848425994020416,0.17702514383195786,0.001216797314211478,0.0007444878148496096,2.3615474968093418e-06,False,0.0,0.0,-0.024751999619176384,-0.04344160281442077,0.1848152533120094,0.18824968933114344,1.22,0.88,-0.1732639973342347,-0.3040912197009454,0.13642834435766513,-0.23944190527633494,
1791389485.1599445,balance,-0.03744780814004894,-0.007447216470565209,-0.03051966210602846,0.0020904552604983488,-1.2072078766509065e-05,-0.006940218112786984,0.1771018972703763,0.002262353788512799,0.0010958065278482262,5.832736303322863e-06,False,0.0,0.0,-0.02379511394078474,-0.04319897279754145,0.18501771391452992,0.18824968933114344,1.3,0.86,-0.1665657975854932,-0.30239280958279013,0.13115417132716,-0.2381045744746379,
1791389485.169899,balance,-0.037449321642042746,-0.007211183855625513,-0.03043834435696695,-0.003072614774365737,-2.074677764705643e-05,-0.007031724062722855,0.17702514383195786,0.0006740214783250262,0.00035371638124779534,1.6015254853861543e-06,False,0.0,0.0,-0.024827984345100154,-0.04364714231979945,0.1848152533120094,0.18824968933114344,1.31,0.85,-0.1737958904157011,-0.30552999623859617,0.13684715780763865,-0.240574800187871,
1791389485.1805575,balance,-0.03752564240882249,-0.006875837865448933,-0.03037771020121567,-0.012323953764058475,-2.074677764705643e-05,-0.007168678985253877,0.17702514383195786,-0.0005506991482127839,-0.00027958144084225256,-1.355588536852657e-06,False,0.0,0.0,-0.026382724339254038,-0.04394083074722916,0.1848152533120094,0.18824968933114344,1.25,0.89,-0.18467907037477826,-0.30758581523060413,0.14541659084628208,-0.24219355529968828,
1791389485.1899018,balance,-0.03754716715964842,-0.0067790321637325075,-0.030353636099613533,0.0021963967693376996,-2.074677764705643e-05,-0.007214277837681939,0.17702514383195786,-0.0004529521738789207,-0.000260235483278476,-9.635834530022237e-07,False,0.0,0.0,-0.025830813600457348,-0.043493134545032716,0.1848152533120094,0.18824968933114344,1.31,0.88,-0.18081569520320143,-0.304451941815229,0.1423745631521271,-0.23972593843718817,
1791389485.1999042,balance,-0.03763147830052664,-0.006745937477778255,-0.03033811067331726,-0.003284721867187513,-1.2072078766509065e-05,-0.007305439705975888,0.1771018972703763,0.0011869315371092503,0.0007096079437868282,2.3866179666121104e-06,False,0.0,0.0,-0.024526359852617703,-0.043752725951400555,0.18501771391452992,0.18824968933114344,1.23,0.86,-0.17168451896832393,-0.3062690816598039,0.13518466060497947,-0.241156757212444,
1791389485.2099192,balance,-0.03772437162025229,-0.006610997141521493,-0.030348482210493057,-0.001376661888900331,-2.074677764705643e-05,-0.007396636187406291,0.17702514383195786,0.0004017587104510671,0.0002433146091138801,7.922205066859351e-07,False,0.0,0.0,-0.025253997311441567,-0.04377243180960395,0.1848152533120094,0.18824968933114344,1.28,0.87,-0.17677798118009097,-0.30640702266722764,0.13919526077172517,-0.24126537217891939,
1791389485.219901,balance,-0.03776171550745888,-0.0066572831758657846,-0.0302861140561299,-0.005400977418995546,-1.2072078766509065e-05,-0.007487673530095493,0.1771018972703763,0.0014707390102256625,0.0009067192238069268,2.8200989320936787e-06,False,0.0,0.0,-0.024708582855791448,-0.043117582229320696,0.18501771391452992,0.18824968933114344,1.23,0.86,-0.17296007999054014,-0.30182307560524485,0.13618903936263002,-0.23765596504349987,
1791389485.2299051,balance,-0.03780312707784679,-0.006529555711008462,-0.03024530076694206,0.0011039053032015304,-2.074677764705643e-05,-0.007578573088551787,0.17702514383195786,0.0021813767247196,0.00087255068988784,6.544130174158799e-06,False,0.0,0.0,-0.024525379630796082,-0.042592025888580465,0.1848152533120094,0.18824968933114344,1.31,0.88,-0.17167765741557256,-0.29814418122006325,0.13517925780753745,-0.23475919781107343,
1791389485.2399042,balance,-0.037772623103627036,-0.006539459151537628,-0.03016949024985569,-0.0017438146775173048,-2.074677764705643e-05,-0.0076238796314184,0.17702514383195786,0.001903455682185826,0.0007828911870743699,5.60282247555728e-06,False,0.0,0.0,-0.02517272637106172,-0.04194172328960011,0.1848152533120094,0.18824968933114344,1.21,0.86,-0.17620908459743204,-0.29359206302720076,0.1387473107066394,-0.23117485277732341,
1791389485.2498996,balance,-0.037857967374529414,-0.006397847052125255,-0.030164168572138068,0.008433691152688728,-2.074677764705643e-05,-0.007714545580038406,0.17702514383195786,0.0019352052989299068,0.0008350596730783388,5.50072812925784e-06,False,0.0,0.0,-0.025211701774216087,-0.041530699873761116,0.1848152533120094,0.18824968933114344,1.31,0.87,-0.1764819124195126,-0.2907148991163278,0.13896213576339575,-0.22890936938293527,
1791389485.2598999,balance,-0.0379285581481053,-0.006413721740330681,-0.030144225494118482,-0.009654951893419644,-2.074677764705643e-05,-0.0078050794316338705,0.17702514383195786,0.0011860339663908274,0.0005136288447410357,3.362025608248958e-06,False,0.0,0.0,-0.026500512111686286,-0.04218305363854725,0.1848152533120094,0.18824968933114344,1.24,0.88,-0.185503584781804,-0.29528137546983074,0.14606581478882205,-0.23250502005498483,
1791389485.2699301,balance,-0.038049176688139105,-0.006345155844018339,-0.030219526309455687,0.007614037616568921,-2.074677764705643e-05,-0.00785039715633048,0.17702514383195786,0.003039788498890832,0.0013825823236946653,8.286030875980834e-06,False,0.0,0.0,-0.0243008943836423,-0.04186980010338198,0.1848152533120094,0.18824968933114344,1.3,0.85,-0.17010626068549609,-0.2930886007236739,0.1339419375476347,-0.23077842576667235,
1791389485.2798812,balance,-0.038084542785324096,-0.0064191757614243455,-0.03015560177649071,-0.007908724382456902,-1.2072078766509065e-05,-0.007941013087599896,0.1771018972703763,0.002048594739292207,0.0009699759007233164,5.393094192844452e-06,False,0.0,0.0,-0.025837715097064548,-0.04208184551173219,0.18501771391452992,0.18824968933114344,1.22,0.88,-0.18086400567945182,-0.2945729185821253,0.14241260289720617,-0.23194717998592543,
1791389485.2899115,balance,-0.038170575045367874,-0.006327280809107802,-0.030204933272311916,-0.00045568924904765414,-2.074677764705643e-05,-0.007986388550703018,0.17702514383195786,-0.00044835570354416975,-0.0001793422814176679,-1.3450671106325093e-06,False,0.0,0.0,-0.027590868905400284,-0.04235344298432246,0.1848152533120094,0.18824968933114344,1.26,0.87,-0.193136082337802,-0.2964741008902572,0.15207565538409606,-0.2334441739293364,
1791389485.2999022,balance,-0.03820120377584674,-0.00634966068374805,-0.03014496468619986,-0.012050580030313455,-2.074677764705643e-05,-0.008076985867293936,0.17702514383195786,-0.002140035571712245,-0.0010598479332689513,-5.4009381922164685e-06,False,0.0,0.0,-0.0288422474848906,-0.04222176590392594,0.1848152533120094,0.18824968933114344,1.23,0.88,-0.2018957323942342,-0.2955523613274816,0.15897301763325528,-0.2327183947460485,
1791389485.3099153,balance,-0.03823456265608803,-0.006269601397329391,-0.030079186375520456,0.01338152081957133,-1.2072078766509065e-05,-0.008167448359334086,0.1771018972703763,-0.002072819890867902,-0.0011361206361355373,-4.683496273661824e-06,False,0.0,0.0,-0.027477340526799444,-0.04144662108439804,0.18501771391452992,0.18824968933114344,1.31,0.86,-0.1923413836875961,-0.29012634759078626,0.15144990841543,-0.22844594298487106,
1791389485.3199065,balance,-0.03825995383210216,-0.006354686294028985,-0.0300680823720395,-0.0029580927662294703,-2.074677764705643e-05,-0.00821261823770971,0.17702514383195786,0.0013153886940633585,0.0007393736700550626,2.8800751200414793e-06,False,0.0,0.0,-0.02533661806055191,-0.04200102312297686,0.1848152533120094,0.18824968933114344,1.31,0.86,-0.17735632642386337,-0.29400716186083803,0.13965065072745148,-0.23150170225262837,
1791389485.3298955,balance,-0.038218200750071665,-0.006407744297140902,-0.029936307416453957,0.006888591096227537,-2.074677764705643e-05,-0.008302640111264767,0.17702514383195786,0.0012333448136033715,0.0005475389008684055,3.42902956367483e-06,False,0.0,0.0,-0.02492284432055593,-0.040792595286287994,0.1848152533120094,0.18824968933114344,1.22,0.85,-0.17445991024389151,-0.285548167004016,0.13737000806605631,-0.22484107638111495,
1791389485.3399222,balance,-0.038267106203736544,-0.006464983944663223,-0.029940235050813654,0.011083326970068925,-2.074677764705643e-05,-0.008347617930569944,0.17702514383195786,0.0006660500290071774,0.00031639916429301645,1.7482543235708046e-06,False,0.0,0.0,-0.02538667665665445,-0.04079807190473581,0.1848152533120094,0.18824968933114344,1.35,0.88,-0.17770673659658115,-0.28558650333315067,0.1399265642492765,-0.22487126246704778,
1791389485.349902,balance,-0.03823645906819599,-0.006609985978096449,-0.029819936436334224,0.007032348476834977,-2.074677764705643e-05,-0.008437269409508829,0.17702514383195786,0.00024176063624923083,0.00014340926835054358,4.917568394934363e-07,False,0.0,0.0,-0.025567582404425634,-0.0410272218011512,0.1848152533120094,0.18824968933114344,1.26,0.9,-0.17897307683097943,-0.28719055260805837,0.1409236825440783,-0.22613429339217195,
1791389485.359928,balance,-0.038184257909780715,-0.0066611727132114915,-0.02967846037919816,0.014614379959550342,-2.074677764705643e-05,-0.008526544308229609,0.17702514383195786,0.0002915911895277717,0.00018203420249341413,5.477849351717878e-07,False,0.0,0.0,-0.024911490462438606,-0.04062178043675196,0.1848152533120094,0.18824968933114344,1.35,0.89,-0.17438043323707025,-0.2843524630572637,0.1373074277457246,-0.22389957721044385,
1791389485.3699303,balance,-0.038108665860619464,-0.006772531220295417,-0.029514105388537246,0.0035524522292631235,-2.074677764705643e-05,-0.008615307249729278,0.17702514383195786,0.0017334744731895457,0.0009150911377916115,4.091916676989671e-06,False,0.0,0.0,-0.02376207954833212,-0.04116550232256841,0.1848152533120094,0.18824968933114344,1.23,0.89,-0.16633455683832485,-0.28815851625797884,0.13097209199868098,-0.2268964694944715,
1791389485.3799036,balance,-0.03810065677963011,-0.00676963611796561,-0.02946183716308657,0.011506035144890556,-2.074677764705643e-05,-0.008659566394190599,0.17702514383195786,0.0031216051858428077,0.0012596519040362218,9.309766409032929e-06,False,0.0,0.0,-0.022756301812985956,-0.040915935361816314,0.1848152533120094,0.18824968933114344,1.36,0.88,-0.15929411269090168,-0.2864115475327142,0.12542843518968635,-0.2255209035690663,
1791389485.3899267,balance,-0.03810508525565194,-0.006840864926556218,-0.02937794499307257,0.002141316954071676,-2.074677764705643e-05,-0.00874788704022643,0.17702514383195786,0.002226855466897852,0.0012863232489456085,4.702661089761216e-06,False,0.0,0.0,-0.02367906169982197,-0.041697857313094486,0.1848152533120094,0.18824968933114344,1.33,0.89,-0.16575343189875377,-0.2918850011916614,0.13051451330610533,-0.22983070959973337,
1791389485.3999147,balance,-0.038084147127985725,-0.006827063232944855,-0.02935700686540635,0.004763746512540159,-2.074677764705643e-05,-0.00874788704022643,0.17702514383195786,-0.001977189992456583,-0.000853176471575153,-5.62006760440715e-06,False,0.0,0.0,-0.02598620345986624,-0.04197305690619137,0.1848152533120094,0.18824968933114344,1.34,0.87,-0.1819034242190637,-0.2938113983433396,0.14323104269217612,-0.23134755775066107,
1791389485.4099293,balance,-0.03804457439070369,-0.006803343932420353,-0.029229517783800476,0.014787262672247765,-2.074677764705643e-05,-0.008835803384550273,0.17702514383195786,-0.00296290016302692,-0.0013706418012061684,-7.961291809103759e-06,False,0.0,0.0,-0.025238017039669065,-0.04200617384616122,0.1848152533120094,0.18824968933114344,1.34,0.9,-0.17666611927768344,-0.2940432169231285,0.13910718053360902,-0.23153009206545552,
1791389485.4199216,balance,-0.03797041910746526,-0.006733585373826683,-0.029067925562685823,0.01052165720427565,-2.074677764705643e-05,-0.008923240322426486,0.17702514383195786,-0.0027848032798793985,-0.00134020467326414,-7.222993033076293e-06,False,0.0,0.0,-0.024520638132438884,-0.04186533291469859,0.1848152533120094,0.18824968933114344,1.35,0.85,-0.1716444669270722,-0.29305733040289017,0.13515312356462378,-0.23075380346684266,
1791389485.429922,balance,-0.037851607355453225,-0.006687323363965059,-0.02890569013995778,0.014797196325727837,-2.074677764705643e-05,-0.008966663993142497,0.17702514383195786,-0.0005443687986060096,-0.00027044372663541323,-1.3696253598529818e-06,False,0.0,0.0,-0.023013633270444735,-0.04095603150318383,0.1848152533120094,0.18824968933114344,1.36,0.85,-0.16109543289311315,-0.2866922205222868,0.1268467975536324,-0.22574190592306048,
1791389485.4399245,balance,-0.037747499400789065,-0.006650460861392407,-0.02875837981201568,0.019488804395414037,-2.074677764705643e-05,-0.009009866366420437,0.17702514383195786,0.0025615523597577058,0.0013601929891281907,6.006796853147575e-06,False,0.0,0.0,-0.02056847614628558,-0.04024866178397187,0.1848152533120094,0.18824968933114344,1.32,0.86,-0.14397933302399907,-0.2817406324878031,0.11336955356220399,-0.2218430177069316,
1791389485.4499302,balance,-0.037597932824385116,-0.0066400539599937025,-0.02852297300716155,0.016275520765696983,-2.074677764705643e-05,-0.009095706594870625,0.17702514383195786,0.002598281909516212,0.0014120106177934076,5.931356458614022e-06,False,0.0,0.0,-0.021208201295604405,-0.03985505670807277,0.1848152533120094,0.18824968933114344,1.35,0.85,-0.14845740906923083,-0.27898539695650937,0.11689559769230774,-0.2196735409106373,
1791389485.459929,balance,-0.03740126105738746,-0.006690142565536193,-0.02828381178830365,0.025434812476906973,-2.074677764705643e-05,-0.00913819604673087,0.17702514383195786,0.0006686967756988743,0.00030102367634996603,1.8383654967445412e-06,False,0.0,0.0,-0.022570301823600886,-0.03854736051395492,0.1848152533120094,0.18824968933114344,1.34,0.86,-0.1579921127652062,-0.2698315235976845,0.12440323839780015,-0.21246576661234998,
1791389485.4699233,balance,-0.03718201540583917,-0.006743709132638713,-0.027980300264211888,0.027673175623707597,-2.074677764705643e-05,-0.009222461919274338,0.17702514383195786,0.0023518419534960975,0.0014279874491377486,4.619272521791744e-06,False,0.0,0.0,-0.020932692305500378,-0.0374409092990586,0.1848152533120094,0.18824968933114344,1.35,0.87,-0.14652884613850264,-0.2620863650934102,0.11537704420354539,-0.2063672166089844,
1791389485.4799016,balance,-0.03685841942168902,-0.006746641605522691,-0.02761521922364165,0.04314878099952428,-2.074677764705643e-05,-0.009263946975694432,0.17702514383195786,0.003359220096138441,0.001663646400718136,8.477868477101526e-06,False,0.0,0.0,-0.02000008859258629,-0.03544480823587424,0.1848152533120094,0.18824968933114344,1.34,0.88,-0.14000062014810402,-0.24811365765111967,0.11023670877803467,-0.19536508476466116,
1791389485.4899175,balance,-0.036477090869840904,-0.006802708410185833,-0.02715189228674606,0.04170090330812641,-2.074677764705643e-05,-0.009345945360741896,0.17702514383195786,0.0031892781627384705,0.0019662086883647074,6.115347371868816e-06,False,0.0,0.0,-0.02061607093999142,-0.03405543899890672,0.1848152533120094,0.18824968933114344,1.35,0.89,-0.14431249657993994,-0.23838807299234704,0.11363188707081885,-0.18770714408846223,
1791389485.4999044,balance,-0.036036848506771774,-0.006894597709040108,-0.02667131411048025,0.04720577893144769,-2.074677764705643e-05,-0.009386281173938584,0.17702514383195786,0.005348387539112699,0.0028233828153879925,1.2625023618623535e-05,False,0.0,0.0,-0.01849442804392674,-0.03227055781389032,0.1848152533120094,0.18824968933114344,1.34,0.87,-0.1294609963074872,-0.22589390469723225,0.10193779236810016,-0.17786921629703326,
1791389485.5099003,balance,-0.03557364784901127,-0.007113886336829221,-0.026129255664462656,0.05015272733119261,-2.074677764705643e-05,-0.009465138962195668,0.17702514383195786,0.0058365823928587385,0.003271641447900536,1.2824704724791013e-05,False,0.0,0.0,-0.018203416894467542,-0.031063813275480738,0.1848152533120094,0.18824968933114344,1.36,0.87,-0.1274239182612728,-0.21744669292836516,0.10033379390651402,-0.17121786844753162,
1791389485.5199049,balance,-0.03503964528957341,-0.00742045654658243,-0.025518203773085717,0.056341336622279,-2.074677764705643e-05,-0.009542188294134743,0.17702514383195786,0.003913791813147645,0.0016279953248548803,1.1428982441463827e-05,False,0.0,0.0,-0.019382431212393473,-0.0292866934515598,0.1848152533120094,0.18824968933114344,1.35,0.87,-0.1356770184867543,-0.2050068541609186,0.10683229802106639,-0.16142271981174694,
1791389485.5299041,balance,-0.034439882694787954,-0.007841558495834575,-0.024843187380245633,0.06737687409219566,-2.074677764705643e-05,-0.009617442092189381,0.17702514383195786,0.0027144380755783092,0.0012683624067767203,7.230378344007945e-06,False,0.0,0.0,-0.019459662605212296,-0.027847236160221205,0.1848152533120094,0.18824968933114344,1.35,0.87,-0.13621763823648608,-0.19493065312154845,0.10725798286337487,-0.15348870324531375,
1791389485.53991,balance,-0.03375351275044371,-0.00830228155089029,-0.024156817435901385,0.06984008910893912,-2.074677764705643e-05,-0.009617442092189381,0.17702514383195786,0.003533153110653182,0.001650919438264947,9.411168361941176e-06,False,0.0,0.0,-0.017868400808958414,-0.026504251400660726,0.1848152533120094,0.18824968933114344,1.34,0.85,-0.1250788056627089,-0.18552975980462508,0.09848724855331409,-0.14608642504301186,
1791389485.5499065,balance,-0.03299904027022507,-0.008757513089759547,-0.023331714385973278,0.08065941413897915,-2.074677764705643e-05,-0.009688072661898856,0.17702514383195786,0.004026357204059299,0.0019690072480872773,1.028674977986011e-05,False,0.0,0.0,-0.016686900613140872,-0.02433205466334481,0.1848152533120094,0.18824968933114344,1.36,0.87,-0.1168083042919861,-0.17032438264341365,0.09197504274959535,-0.13411368712079816,
1791389485.5599024,balance,-0.03220239121648841,-0.009264659044879461,-0.022466797668818206,0.08259934627628317,-2.074677764705643e-05,-0.009756340325317263,0.17702514383195786,0.004478396606116306,0.002273612697358418,1.1023919543789443e-05,False,0.0,0.0,-0.015511099940560845,-0.022641160407037588,0.1848152533120094,0.18824968933114344,1.34,0.88,-0.10857769958392591,-0.1584881228492631,0.08549425164088655,-0.12479379751910481,
1791389485.5700188,balance,-0.03135071327410843,-0.009727651360130492,-0.021549779021256765,0.09290531085090162,-2.074677764705643e-05,-0.009821681030498727,0.17702514383195786,0.004060385960920909,0.002086644105803991,9.868709275584592e-06,False,0.0,0.0,-0.014771290876782249,-0.020845586287109582,0.1848152533120094,0.18824968933114344,1.35,0.87,-0.10339903613747574,-0.14591910400976707,0.08141656388777617,-0.11489693229115518,
1791389485.5799057,balance,-0.03045030362288049,-0.010310893841283593,-0.020586656213601187,0.09637127068644102,-2.074677764705643e-05,-0.00988439418692636,0.17702514383195786,0.0037083714336931255,0.0016059628892034648,1.0512042722448304e-05,False,0.0,0.0,-0.014144763482674304,-0.01920588843324681,0.1848152533120094,0.18824968933114344,1.35,0.87,-0.09901334437872013,-0.13444121903272768,0.0779632632903308,-0.10585922758482494,
1791389485.5899024,balance,-0.029425256317087208,-0.010959796004440412,-0.019540536342777134,0.10127747202474421,-2.9652861172308614e-05,-0.009914372835482382,0.17694849231377188,0.005701192658031732,0.0031602979256947763,1.270447366168478e-05,False,0.0,0.0,-0.011256086133709728,-0.01744549081575001,0.18461279140713438,0.18824968933114344,1.46,0.87,-0.0787926029359681,-0.12211843571025008,0.06204141963462055,-0.09615624859074809,
1791389485.5999427,balance,-0.02828638191440147,-0.01178048185462462,-0.018345460084475594,0.11396928666515845,-2.9652861172308614e-05,-0.009970574691098187,0.17694849231377188,0.00638253860816227,0.003845572377320414,1.268483115420928e-05,False,0.0,0.0,-0.009946809453299519,-0.015007257646931315,0.18461279140713438,0.18824968933114344,1.47,0.9,-0.06962766617309663,-0.10505080352851921,0.05482493399456427,-0.0827171681326923,
1791389485.6099231,balance,-0.027129318894254385,-0.012696260235872718,-0.017136167355828,0.12178462678439962,-2.9652861172308614e-05,-0.010022804399598694,0.17694849231377188,0.005975801354802606,0.0036190871111507206,1.1783571218259427e-05,False,0.0,0.0,-0.00953374417141466,-0.01276528228514208,0.18461279140713438,0.18824968933114344,1.49,0.87,-0.06673620919990263,-0.08935697599599456,0.05254819622039577,-0.07035982361889336,
1791389485.6199028,balance,-0.025950776855873544,-0.013798799665568668,-0.015908731665332285,0.11937082973071408,-2.9652861172308614e-05,-0.01007169805171357,0.17694849231377188,0.006587319655267331,0.004204489369536136,1.1914151428655978e-05,False,0.0,0.0,-0.008123301392092937,-0.01134047412693925,0.18461279140713438,0.18824968933114344,1.47,0.88,-0.05686310974465056,-0.07938331888857475,0.04477410216114217,-0.06250655030596437,
1791389485.629901,balance,-0.024815598076595936,-0.014903760090670844,-0.014751392556725593,0.1181317249434947,-2.9652861172308614e-05,-0.010093858381042651,0.17694849231377188,0.010317974009766959,0.0055911607513366305,2.3634066292151643e-05,False,0.0,0.0,-0.004941448750275523,-0.009817888877667338,0.18461279140713438,0.18824968933114344,1.46,0.88,-0.03459014125192866,-0.06872522214367137,0.027236331694432018,-0.054114348144623126,
1791389485.6399047,balance,-0.0236975130068673,-0.015976769670456924,-0.013591788121152762,0.11031596927539068,-2.9652861172308614e-05,-0.010135377746886845,0.17694849231377188,0.00833578942186124,0.003334315768744496,2.500736826558372e-05,False,0.0,0.0,-0.006082003016449448,-0.009111812223998636,0.18461279140713438,0.18824968933114344,1.47,0.88,-0.04257402111514613,-0.06378268556799045,0.03352285127176861,-0.05022258706140981,
1791389485.649903,balance,-0.02257890664113751,-0.016970832817492964,-0.012435113958524594,0.11642439530374622,-2.9652861172308614e-05,-0.010173445543785225,0.17694849231377188,0.008517306195526781,0.004999391683917244,1.7589572558047686e-05,False,0.0,0.0,-0.004469563685396748,-0.00813529863403952,0.18461279140713438,0.18824968933114344,1.48,0.89,-0.03128694579777724,-0.056947090438276636,0.02463539039195058,-0.044840228691556405,
1791389485.659902,balance,-0.021385294937999635,-0.017871947167179165,-0.011207078179732018,0.12012246972809848,-2.9652861172308614e-05,-0.010207869619439926,0.17694849231377188,0.00738250342738402,0.004310344501669283,1.5360794628573684e-05,False,0.0,0.0,-0.0038304856501859834,-0.006900496114753754,0.18461279140713438,0.18824968933114344,1.46,0.88,-0.026813399551301884,-0.04830347280327628,0.021112913032521167,-0.03803423055376085,
1791389485.6698885,balance,-0.020156914991312138,-0.018747563698752506,-0.009948035790959325,0.12693978835920197,-2.9652861172308614e-05,-0.010238532061525122,0.17694849231377188,0.009603443291782879,0.004248483962412754,2.6774796646850628e-05,False,0.0,0.0,-0.00044911710747911455,-0.005318828315562422,0.18461279140713438,0.18824968933114344,1.48,0.86,-0.0031438197523538016,-0.037231798208936955,0.002475448623900631,-0.029316376542470043,
1791389485.6799004,balance,-0.018903331084642486,-0.01968706379519805,-0.00868141020646324,0.12479903493097465,-2.9652861172308614e-05,-0.010251573739351556,0.17694849231377188,0.008614441730748474,0.00437341884212193,2.1205114443132723e-05,False,0.0,0.0,-0.000517112579916075,-0.004137562170234974,0.18461279140713438,0.18824968933114344,1.49,0.85,-0.0036197880594125253,-0.028962935191644817,0.0028502268184350593,-0.02280546078082269,
1791389485.6899068,balance,-0.017655985012986628,-0.020738789849531668,-0.007422913038605171,0.12836510317775723,-2.9652861172308614e-05,-0.010262724835553766,0.17694849231377188,0.006437586825689294,0.002575034730275718,1.9312760477067882e-05,False,0.0,0.0,-0.0006154777491656792,-0.002999063209715081,0.18461279140713438,0.18824968933114344,1.45,0.87,-0.0043083442441597545,-0.020993442468005566,0.003392397042645476,-0.016530269659846903,
1791389485.6999497,balance,-0.01643363329344064,-0.021953322120274024,-0.006181264347004266,0.12215760385325289,-2.9652861172308614e-05,-0.010282021807608682,0.17694849231377188,0.006509206326428831,0.00351712553027627,1.4960403980762807e-05,False,0.0,0.0,0.0004964891602804957,-0.0023247686284122064,0.18461279140713438,0.18824968933114344,1.47,0.87,0.00347542412196347,-0.016273380398885446,-0.0027365544267428897,-0.012813685353453107,
1791389485.7099009,balance,-0.015254818072806306,-0.023211527835141393,-0.004994945452680378,0.11079959059952259,-2.9652861172308614e-05,-0.010289525481298236,0.17694849231377188,0.008991365424335578,0.0036841700707904664,2.6535976767725563e-05,False,0.0,0.0,0.002813179078762806,-0.0016296224376032458,0.18461279140713438,0.18824968933114344,1.46,0.86,0.01969225355133964,-0.01140735706322272,-0.015505711457747748,-0.008982170915923402,
1791389485.719905,balance,-0.014131975933599931,-0.02440595505670131,-0.0038594941059217243,0.11354848983398232,-2.9652861172308614e-05,-0.010302134688850516,0.17694849231377188,0.009800744691167498,0.005493715396041832,2.153514647562833e-05,False,0.0,0.0,0.004356623090965956,-0.0013863757273718884,0.18461279140713438,0.18824968933114344,1.34,0.86,0.03049636163676169,-0.009704630091603219,-0.024012883178552512,-0.007641441017010408,
1791389485.7299435,balance,-0.01300444197718906,-0.025524848960195832,-0.0027142120121108858,0.12902766552731126,-2.074677764705643e-05,-0.010310976742725231,0.17702514383195786,0.010330656222365573,0.004762916223802318,2.7838699992816275e-05,False,0.0,0.0,0.00648807808896253,-1.66372773304502e-05,0.1848152533120094,0.18824968933114344,1.36,0.85,0.04541654662273771,-0.0001164609413131514,-0.03576106033286434,-9.17015285930326e-05,
1791389485.7399416,balance,-0.011923166287605735,-0.026504933406833495,-0.0016418424060528122,0.11358953469316314,-2.9652861172308614e-05,-0.010310976742725231,0.17694849231377188,0.018979347686113004,0.009340470179928157,4.8194387530924234e-05,False,0.0,0.0,0.01250556911948299,0.000262515315536143,0.18461279140713438,0.18824968933114344,1.43,0.91,0.08753898383638094,0.001837607208753001,-0.06892833372943381,0.001446934810041733,
1791389485.7499404,balance,-0.011069765365946702,-0.02745785888374201,-0.0007884414843937794,0.05412567374972322,-2.9652861172308614e-05,-0.010310976742725231,0.17694849231377188,0.03336591241291295,0.02031092901299421,6.527491699959372e-05,False,0.0,0.0,0.014937390442351714,-0.0007103548275455641,0.18461279140713438,0.18824968933114344,1.3800000000000001,0.87,0.104561733096462,-0.004972483792818949,-0.08233207330430078,-0.003915341569148779,
1791389485.759952,balance,-0.011010094218379547,-0.028418114572553978,-0.000728770336826624,-0.022343760414812168,-2.9652861172308614e-05,-0.010310976742725231,0.17694849231377188,0.04148540881038777,0.022157878390992636,9.663765209697568e-05,False,0.0,0.0,0.009010042695043949,-0.0045087590465226245,0.18461279140713438,0.18824968933114344,1.47,0.9,0.06307029886530764,-0.03156131332565837,-0.04966165264984854,-0.02485142781547903,
1791389485.769956,balance,-0.011632242405832492,-0.029695616908374307,-0.001350918524279569,-0.09381135767703776,-2.9652861172308614e-05,-0.010310976742725231,0.17694849231377188,0.05095491317878318,0.027690943840108416,0.00011631984669337383,False,0.0,0.0,0.002406311206424682,-0.010446160379791607,0.18461279140713438,0.18824968933114344,1.3800000000000001,0.88,0.016844178444972775,-0.07312312265854125,-0.01326313263383683,-0.05757726193585925,
1791389485.7799528,balance,-0.012925670313022521,-0.03099365278126327,-0.0026354403479443463,-0.144345720226567,-2.074677764705643e-05,-0.010310976742725231,0.17702514383195786,0.05341037440335261,0.022797995764357596,0.00015306189319497509,False,0.0,0.0,-0.0029846048569184738,-0.016595343392348028,0.1848152533120094,0.18824968933114344,1.44,0.88,-0.020892233998429315,-0.11616740374643619,0.016450577951519146,-0.09147039665073715,
1791389485.7900152,balance,-0.014673220373552382,-0.03247291969046282,-0.004382990408474207,-0.19617464707731275,-2.074677764705643e-05,-0.010310976742725231,0.17702514383195786,0.04144663395131994,0.02439230714547062,8.527163402924662e-05,False,0.0,0.0,-0.010834271797794606,-0.025747432762241833,0.1848152533120094,0.18824968933114344,1.33,0.87,-0.07583990258456225,-0.18023202933569282,0.05971645872800177,-0.141914983728892,
1791389485.799933,balance,-0.016586115877486863,-0.03380090451220516,-0.006295885912408688,-0.17387361137097732,-2.074677764705643e-05,-0.010310976742725231,0.17702514383195786,0.03191620904127716,0.01446678359584768,8.724712722714741e-05,False,0.0,0.0,-0.012358443464753472,-0.030989070585148604,0.1848152533120094,0.18824968933114344,1.32,0.89,-0.08650910425327431,-0.21692349409604023,0.06811740492383804,-0.1708059008630238,
1791389485.8099241,balance,-0.01789752044267605,-0.03486497002517603,-0.007585152041229223,-0.10063362039552606,-2.074677764705643e-05,-0.010333115179093882,0.17702514383195786,0.03069086888684514,0.01839627159516443,6.147298645840354e-05,False,0.0,0.0,-0.005431622354313527,-0.03174446536806302,0.1848152533120094,0.18824968933114344,1.32,0.87,-0.03802135648019469,-0.2222112575764411,0.029938075968657236,-0.17496949415467805,
1791389485.8199399,balance,-0.018837618393285738,-0.03562092641239287,-0.008500241715647837,-0.08666623357215175,-2.074677764705643e-05,-0.010358123455284958,0.17702514383195786,0.030214174814454053,0.014352885286029095,7.930644764212479e-05,False,0.0,0.0,-0.0006910595564469916,-0.032549270164527105,0.1848152533120094,0.18824968933114344,1.34,0.87,-0.004837416895128941,-0.22784489115168974,0.0038089896812038906,-0.1794054261036927,
1791389485.8299053,balance,-0.01968298357665419,-0.03621542282790078,-0.009318101813338597,-0.08762307020245036,-2.074677764705643e-05,-0.01038562854096265,0.17702514383195786,0.03053931191251868,0.012215724765007473,9.161793573755603e-05,False,0.0,0.0,0.0002874038891797545,-0.032490486247240574,0.1848152533120094,0.18824968933114344,1.34,0.87,0.0020118272242582815,-0.22743340373068402,-0.00158411592461282,-0.17908142026038112,
1791389485.8399081,balance,-0.020771491880973773,-0.036841044124164196,-0.010406610117658179,-0.126632340774519,-2.074677764705643e-05,-0.01038562854096265,0.17702514383195786,0.03514123619854604,0.01882400627040664,8.158614964069701e-05,False,0.0,0.0,-0.0026930431467005033,-0.03487665303584736,0.1848152533120094,0.18824968933114344,1.34,0.88,-0.01885130202690352,-0.24413657125093152,0.014843544903073639,-0.1922335206700248,
1791389485.8498843,balance,-0.022324702971550845,-0.03758637393577036,-0.0119250113915472,-0.17393883742027774,-2.074677764705643e-05,-0.010420438357650701,0.17702514383195786,0.0331518562436374,0.01822219877674441,7.464828733446496e-05,False,0.0,0.0,-0.010011926964172621,-0.03839169945897117,0.1848152533120094,0.18824968933114344,1.37,0.88,-0.07008348874920835,-0.2687418962127982,0.05518384940882547,-0.2116077922935419,
1791389485.8599086,balance,-0.024142339635038545,-0.03863875789021438,-0.0137426480550349,-0.16927828800922542,-2.074677764705643e-05,-0.010420438357650701,0.17702514383195786,0.019054310106679125,0.008755307478347529,5.149501314165798e-05,False,0.0,0.0,-0.019623897951927823,-0.04109440279167574,0.1848152533120094,0.18824968933114344,1.33,0.9,-0.13736728566349476,-0.2876608195417302,0.1081632170578699,-0.22650458231632298,
1791389485.8699193,balance,-0.025583624779380417,-0.03984492000901187,-0.015161157299577708,-0.10391951909799925,-2.074677764705643e-05,-0.010443214257449766,0.17702514383195786,0.012129679998290477,0.006704894789739144,2.7123926042756665e-05,False,0.0,0.0,-0.018273413053095187,-0.04077130357018524,0.1848152533120094,0.18824968933114344,1.33,0.88,-0.1279138913716663,-0.2853991249912967,0.10071959950524906,-0.22472372046558797,
1791389485.8799086,balance,-0.02623113671467461,-0.040838399902606466,-0.0158086692348719,-0.027228215244781057,-2.074677764705643e-05,-0.010443214257449766,0.17702514383195786,0.006318296175984466,0.00315858944111549,1.579853367434488e-05,False,0.0,0.0,-0.014578033859708992,-0.036897056689527655,0.1848152533120094,0.18824968933114344,1.32,0.9,-0.10204623701796295,-0.2582793968266936,0.08035136773067948,-0.20336960380054614,
1791389485.889939,balance,-0.02623994135072595,-0.04145724478639113,-0.015793747660116857,0.025795665996431346,-2.074677764705643e-05,-0.01046694046825615,0.17702514383195786,0.0037894928807199056,0.0018649558369865874,9.622685218666591e-06,False,0.0,0.0,-0.010138496050869679,-0.03181825689453787,0.1848152533120094,0.18824968933114344,1.34,0.88,-0.07096947235608775,-0.2227277982617651,0.055881474296132085,-0.17537621910375203,
1791389485.8999183,balance,-0.025826435269616987,-0.04177725807859547,-0.015333847031072108,0.048722793505406085,-2.074677764705643e-05,-0.010513335016191935,0.17702514383195786,0.002519132107944583,0.0015530597160349695,4.830361959548067e-06,False,0.0,0.0,-0.00848473555887114,-0.027180448945278077,0.1848152533120094,0.18824968933114344,1.35,0.88,-0.05939314891209799,-0.19026314261694655,0.046766258985903926,-0.14981349812357994,
1791389485.909935,balance,-0.02538767677696018,-0.041838596386137905,-0.014850178190416641,0.04158480736665275,-2.074677764705643e-05,-0.010558245364190597,0.17702514383195786,0.0016734440954890492,0.0009354318519565367,3.6900612176625626e-06,False,0.0,0.0,-0.010212022457851423,-0.023928759215584024,0.1848152533120094,0.18824968933114344,1.34,0.89,-0.07148415720495996,-0.16750131450908817,0.056286737956661385,-0.13189079882605367,
1791389485.9199305,balance,-0.025021582196262132,-0.04190565323831849,-0.014440466541714268,0.03373576835637716,-2.074677764705643e-05,-0.01060186243219492,0.17702514383195786,0.0005540087089613829,0.00032087945854957314,1.165646252059049e-06,False,0.0,0.0,-0.012875481726763584,-0.02201629162328262,0.1848152533120094,0.18824968933114344,1.34,0.88,-0.09012837208734509,-0.15411404136297835,0.07096722211601976,-0.12134963886848689,
1791389485.9299104,balance,-0.024755352845420308,-0.04210745211896687,-0.014131510789676737,0.029552809083559006,-2.074677764705643e-05,-0.010644588833390627,0.17702514383195786,0.002035872983667614,0.0011918286597307746,4.220221619684198e-06,False,0.0,0.0,-0.012553757136616848,-0.021141037018811957,0.1848152533120094,0.18824968933114344,1.33,0.89,-0.08787629995631793,-0.1479872591316837,0.06919393697347868,-0.11652540089108952,
1791389485.939912,balance,-0.0244993683037683,-0.04236880100405648,-0.01383377287936598,0.02778799870330223,-2.074677764705643e-05,-0.010686342202049375,0.17702514383195786,0.0004978827893917022,0.00029533760193030167,1.0127259373070029e-06,False,0.0,0.0,-0.014092295535731167,-0.020774187948754134,0.1848152533120094,0.18824968933114344,1.33,0.87,-0.09864606875011817,-0.14541931564127894,0.0776740698819828,-0.11450339814273933,
1791389485.9499376,balance,-0.024158529947661354,-0.04252480967167149,-0.013452259304337497,0.04155535304261691,-2.074677764705643e-05,-0.010727017420970913,0.17702514383195786,0.0005657329341859637,0.00026522678657009386,1.5025307380793493e-06,False,0.0,0.0,-0.012968563715200294,-0.019854461551470116,0.1848152533120094,0.18824968933114344,1.36,0.87,-0.09077994600640206,-0.13898123086029082,0.07148027244598587,-0.10943404004747309,
1791389485.9599044,balance,-0.023715516405272054,-0.042455955949251466,-0.012969835667697547,0.04819927884353659,-2.074677764705643e-05,-0.010766427515221564,0.17702514383195786,0.0006772476134369249,0.0003385639262928714,1.6934184357202675e-06,False,0.0,0.0,-0.011615616351002849,-0.019277995653668,0.1848152533120094,0.18824968933114344,1.35,0.88,-0.08130931445701994,-0.134945969575676,0.064023082249622,-0.1062566689572252,
1791389485.9699,balance,-0.023197054975410046,-0.042176268518300364,-0.012432226563736371,0.04947137367985739,-2.074677764705643e-05,-0.010785575189320731,0.17702514383195786,-0.00015438563488909818,-7.717916707895328e-05,-3.860323390507245e-07,False,0.0,0.0,-0.011077257343987594,-0.018815802799437526,0.1848152533120094,0.18824968933114344,1.34,0.85,-0.07754080140791315,-0.13171061959606267,0.0610557491400891,-0.10370914928823832,
1791389485.9799092,balance,-0.02266657009622794,-0.041793679671399395,-0.011865761248980283,0.05420664108081952,-2.074677764705643e-05,-0.010821555624894712,0.17702514383195786,0.0009876277866651157,0.0004292415889510591,2.7919309885702832e-06,False,0.0,0.0,-0.008848404826503977,-0.018099585115867654,0.1848152533120094,0.18824968933114344,1.33,0.88,-0.061938833785527836,-0.12669709581107358,0.04877073526419515,-0.09976149276462487,
1791389485.9899073,balance,-0.02216720517480428,-0.04138514975117812,-0.01134934673306529,0.04489399486662792,-2.074677764705643e-05,-0.010838605219386047,0.17702514383195786,0.0018555417876758786,0.0007977994953717936,5.288711461520425e-06,False,0.0,0.0,-0.0083450566395348,-0.01779271681107597,0.1848152533120094,0.18824968933114344,1.34,0.87,-0.0584153964767436,-0.12454901767753179,0.04599637517853827,-0.09807009265947385,
1791389485.9999044,balance,-0.021701130584325205,-0.04103277923646707,-0.010850211350091604,0.051227431538289715,-2.074677764705643e-05,-0.010871666011880658,0.17702514383195786,0.0030449031599481527,0.00177306195276102,6.359206035935663e-06,False,0.0,0.0,-0.007362084779601716,-0.016953857568751354,0.1848152533120094,0.18824968933114344,1.37,0.89,-0.051534593457212015,-0.11867700298125948,0.04057842004504883,-0.09344645904036179,
1791389486.0099022,balance,-0.021210449620020024,-0.040760191159532146,-0.010328187148797501,0.047257462483949735,-2.074677764705643e-05,-0.01090300924886958,0.17702514383195786,0.003238496653866386,0.0019008959955245654,6.6880032917091025e-06,False,0.0,0.0,-0.007528855430344169,-0.015920363185391473,0.1848152533120094,0.18824968933114344,1.34,0.88,-0.05270198801240918,-0.11144254229774031,0.0414976283562277,-0.08775003330530733,
1791389486.0199091,balance,-0.020705486568760586,-0.04053646087152455,-0.009793459199831123,0.05159156564285736,-2.074677764705643e-05,-0.01093277414657652,0.17702514383195786,0.004579593276510478,0.0027806297575784073,8.994817594660352e-06,False,0.0,0.0,-0.006428428424791215,-0.014878436995505895,0.1848152533120094,0.18824968933114344,1.34,0.89,-0.044998998973538505,-0.10414905896854126,0.03543228265632953,-0.08200713304609548,
1791389486.029904,balance,-0.020157675866019232,-0.040332903034667494,-0.009217610766442435,0.056122731182975345,-2.074677764705643e-05,-0.010960811877223853,0.17702514383195786,0.004337248239393068,0.0026469683938536727,8.451399227696977e-06,False,0.0,0.0,-0.006030934699388839,-0.013758222951956296,0.1848152533120094,0.18824968933114344,1.35,0.88,-0.042216542895721874,-0.09630756066369407,0.03324137235883612,-0.07583272493204257,
1791389486.0399044,balance,-0.019568205865754477,-0.04012297632668952,-0.008614821802233394,0.060169841716058124,-2.074677764705643e-05,-0.010974130841168139,0.17702514383195786,0.0062786515940537755,0.0025114606376215104,1.8835954782161324e-05,False,0.0,0.0,-0.003991483952860045,-0.012704493047951742,0.1848152533120094,0.18824968933114344,1.37,0.86,-0.027940387670020314,-0.0889314513356622,0.0220003052519845,-0.07002476483123007,
1791389486.0499263,balance,-0.018905681951175562,-0.039929511069619714,-0.007928035145847969,0.06885168704075537,-2.074677764705643e-05,-0.01099839358297465,0.17702514383195786,0.005906212941323714,0.0023833162537411387,1.761448343791288e-05,False,0.0,0.0,-0.004015558182100379,-0.01105450939176834,0.1848152533120094,0.18824968933114344,1.35,0.88,-0.028108907274702652,-0.07738156574237838,0.022132997854096576,-0.06093036672628219,
1791389486.0599,balance,-0.018151823881427498,-0.03974419979153902,-0.007152196027762967,0.0769729586276748,-2.074677764705643e-05,-0.011020374631311588,0.17702514383195786,0.006117330507576304,0.0035811712609106344,1.2680796233328347e-05,False,0.0,0.0,-0.0027736107145439532,-0.009450324853932678,0.1848152533120094,0.18824968933114344,1.36,0.87,-0.01941527500180767,-0.06615227397752874,0.015287618111659584,-0.05208840470671554,
1791389486.0699172,balance,-0.017276041760654733,-0.039553415280235996,-0.006257059945449268,0.08802317464493942,-2.074677764705643e-05,-0.011039728592852521,0.17702514383195786,0.005855727237393148,0.0026451448905912343,1.605291173400957e-05,False,0.0,0.0,-0.001842602219331672,-0.006963714198052702,0.1848152533120094,0.18824968933114344,1.36,0.85,-0.012898215535321705,-0.048745999386368914,0.01015607522466276,-0.03838267668218025,
1791389486.0798998,balance,-0.016340671171609568,-0.039431091489130564,-0.005305156288609747,0.10005286780093527,-2.074677764705643e-05,-0.011056261660646877,0.17702514383195786,0.005458512480825155,0.0033312619469117216,1.0636252669567168e-05,False,0.0,0.0,-0.0011172771570334614,-0.00471986419919365,0.1848152533120094,0.18824968933114344,1.35,0.87,-0.00782094009923423,-0.03303904939435555,0.006158220550578134,-0.026014999523114604,
1791389486.0899196,balance,-0.015286636010455743,-0.039385790887115,-0.004244744445764739,0.10948927171481766,-2.074677764705643e-05,-0.01106263834233806,0.17702514383195786,0.006798177481978355,0.004275663332623408,1.2612570746774734e-05,False,0.0,0.0,0.0005046426521354836,-0.0019131616380257737,0.1848152533120094,0.18824968933114344,1.33,0.84,0.0035324985649483847,-0.013392131466180415,-0.002781494933030224,-0.010544985406441271,
1791389486.0999033,balance,-0.01412888015008883,-0.039361390448357673,-0.0030770504847618865,0.11347704008191399,-2.074677764705643e-05,-0.011072576442974,0.17702514383195786,0.008822146020506003,0.0035288584082024013,2.6466438061518006e-05,False,0.0,0.0,0.002616975126110064,0.0011643521294837993,0.1848152533120094,0.18824968933114344,1.36,0.88,0.018318825882770447,0.008150464906386596,-0.014424272348638148,0.00641768890266661,
1791389486.1098979,balance,-0.012865742796907085,-0.03938407697655185,-0.0018077148624362077,0.12268539983995157,-2.074677764705643e-05,-0.011078774712117934,0.17702514383195786,0.010597783013971204,0.005676884352624365,2.4604493306734197e-05,False,0.0,0.0,0.004312067169142355,0.004259093589302677,0.1848152533120094,0.18824968933114344,1.35,0.84,0.030184470183996483,0.02981365512511874,-0.023767299357477546,0.02347531899615649,
1791389486.119892,balance,-0.011491730520467475,-0.03939229117982796,-0.00044044746477537623,0.13827306449419655,-2.9652861172308614e-05,-0.011080935916864407,0.17694849231377188,0.01136916820665508,0.00639055486820461,2.4893066692252344e-05,False,0.0,0.0,0.005563302924028656,0.007503670196864294,0.18461279140713438,0.18824968933114344,1.37,0.86,0.03894312046820059,0.052525691378050056,-0.03066387438440991,0.04135881210870083,
1791389486.1299074,balance,-0.010054352348124906,-0.03944419984192774,0.0010041282406424382,0.14070817190418614,-2.074677764705643e-05,-0.011079227366414401,0.17702514383195786,0.010124049519188298,0.005769373383174676,2.177338068006811e-05,False,0.0,0.0,0.005600940984418754,0.009703083425348357,0.1848152533120094,0.18824968933114344,1.49,0.87,0.03920658689093128,0.0679215839774385,-0.03087132826057581,0.053481562186959444,
1791389486.1399333,balance,-0.008588408525655476,-0.03961126221666295,0.0024546495392406276,0.1363983449393559,-2.9652861172308614e-05,-0.011072710926068412,0.17694849231377188,0.010224455986373856,0.006335226751483587,1.9446146174451344e-05,False,0.0,0.0,0.00675146061700454,0.011276193233995578,0.18461279140713438,0.18824968933114344,1.35,0.86,0.047260224319031784,0.07893335263796905,-0.03721277505435573,0.06215224617162917,
1791389486.1498969,balance,-0.007133524110780656,-0.03976546813522621,0.003907577632419562,0.14227196643313517,-2.074677764705643e-05,-0.011061848520847274,0.17702514383195786,0.010065630486326149,0.005485715314277119,2.289957586024515e-05,False,0.0,0.0,0.008315620746033493,0.01262184224022374,0.1848152533120094,0.18824968933114344,1.46,0.86,0.05820934522223445,0.08835289568156618,-0.045834130096247594,0.0695692091980836,
1791389486.1599276,balance,-0.0057130612650615,-0.039954356838227144,0.005303997019582308,0.13268846990094194,-2.9652861172308614e-05,-0.011046711145816117,0.17694849231377188,0.010120078654933648,0.006805460613655864,1.657309020638892e-05,False,0.0,0.0,0.009702028651647513,0.012774428331981079,0.18461279140713438,0.18824968933114344,1.36,0.85,0.06791420056153259,0.08942099832386755,-0.05347574847364771,0.0704102349006831,
1791389486.1700468,balance,-0.004303123317793128,-0.04006871354052137,0.006703536493161029,0.1406967980388952,-2.074677764705643e-05,-0.011027406588601213,0.17702514383195786,0.007890688872879133,0.004975057062461009,1.4578159052090622e-05,False,0.0,0.0,0.010757501989409893,0.013096921763214607,0.1848152533120094,0.18824968933114344,1.42,0.85,0.07530251392586926,0.09167845234250224,-0.05929331805186556,0.07218775775000176,
1791389486.1799126,balance,-0.002951498066264704,-0.04017391301861629,0.008031793613224836,0.12278062247130277,-2.074677764705643e-05,-0.011004038457136597,0.17702514383195786,0.007522178347753302,0.005233856283288163,1.1441610322325694e-05,False,0.0,0.0,0.011899911681799493,0.012266407718220974,0.1848152533120094,0.18824968933114344,1.35,0.87,0.08329938177259645,0.08586485402754682,-0.06559006438787122,0.06761012128153293,
1791389486.189962,balance,-0.0017453246380329539,-0.04013695164798529,0.00921098866520713,0.11824601902848526,-2.074677764705643e-05,-0.010977060080887141,0.17702514383195786,0.006490435738687379,0.005020478578394465,7.349785801464568e-06,False,0.0,0.0,0.012935853039839146,0.011214273237327517,0.1848152533120094,0.18824968933114344,1.34,0.85,0.09055097127887403,0.07849991266129262,-0.07129997738494018,0.06181095485141151,
1791389486.1998992,balance,-0.0006976020370426393,-0.040036292953298545,0.010243323199298148,0.09900702678135412,-2.074677764705643e-05,-0.010961672013987844,0.17702514383195786,0.009518530101206943,0.00863534634809061,4.415918765581662e-06,False,0.0,0.0,0.016453754296970265,0.008970103354042329,0.1848152533120094,0.18824968933114344,1.33,0.84,0.11517628007879185,0.0627907234782963,-0.09068998431400933,0.0494415145498396,
1791389486.2099273,balance,0.00020914885400675026,-0.039938158913226274,0.011133841496018043,0.0772986981900694,-2.074677764705643e-05,-0.01094543941965835,0.17702514383195786,0.008226495462824342,0.008128213296686351,4.91410830689952e-07,False,0.0,0.0,0.015764309942866286,0.006488141234823578,0.1848152533120094,0.18824968933114344,1.34,0.86,0.110350169600064,0.04541698864376505,-0.08688989732288503,0.03576140838091736,
1791389486.2199185,balance,0.0009241556145310612,-0.0398534633969156,0.011813731018821891,0.06518057314864047,-2.074677764705643e-05,-0.010910322181937887,0.17702514383195786,0.007733239138118244,0.007580739821606313,7.624965825596538e-07,False,0.0,0.0,0.016887152982916896,0.004253106645186616,0.1848152533120094,0.18824968933114344,1.34,0.86,0.11821007088041827,0.029771746516306315,-0.09307879596883328,0.023442320091579774,
1791389486.2299042,balance,0.001484153743163435,-0.039840384917586055,0.012336939315270133,0.052234139898757186,-2.074677764705643e-05,-0.010873532349753754,0.17702514383195786,0.006604687496049039,0.006433372859196969,8.565731842603495e-07,False,0.0,0.0,0.01713458817535469,0.0022369856451798517,0.1848152533120094,0.18824968933114344,1.31,0.87,0.11994211722748283,0.015658899516258963,-0.09444261199014395,0.012329842138786585,
1791389486.239931,balance,0.00192792396046437,-0.03990117255645881,0.01276153846827221,0.03712926011801528,-2.074677764705643e-05,-0.010854361285454897,0.17702514383195786,0.004704264041076975,0.0,4.8629703938406316e-05,False,0.0,0.0,0.0170479085010876,0.00018325415916311372,0.1848152533120094,0.18824968933114344,1.32,0.84,0.11933535950761319,0.001282779114141796,-0.09396485000599464,0.0010100622945998395,
1791389486.2504497,balance,0.0023916328115828455,-0.040057492333537864,0.013166432593232231,0.02453135670858374,-2.074677764705643e-05,-0.010795546559296442,0.17702514383195786,0.0024949561773681883,0.0,8.759101615260667e-05,False,0.0,0.0,0.017147592513086188,-0.0033450636343174203,0.1848152533120094,0.18824968933114344,1.3,0.87,0.12003314759160331,-0.023415445440221942,-0.09451428944220733,-0.018437358614347987,
1791389486.2599306,balance,0.0024699614722787635,-0.04010164905314427,0.013224894112047258,0.01972092116979312,-2.074677764705643e-05,-0.01077567941741555,0.17702514383195786,0.0019736823952216306,0.0,9.745942812871483e-05,False,0.0,0.0,0.016708872836214517,-0.003931693649018527,0.1848152533120094,0.18824968933114344,1.31,0.86,0.11696210985350163,-0.027521855543129692,-0.09209614949094616,-0.021670752396165113,
1791389486.269905,balance,0.002621927918665552,-0.040104677782719415,0.013356869702911906,0.01768781197901345,-2.074677764705643e-05,-0.010755688561893411,0.17702514383195786,0.0007458094902825686,0.0,0.00011347319713739746,False,0.0,0.0,0.015866923295714246,-0.004765191041724136,0.1848152533120094,0.18824968933114344,1.33,0.85,0.11106846306999972,-0.03335633729206895,-0.08745548273228325,-0.02626483251344012,
1791389486.2799041,balance,0.0026828959085495848,-0.04000391985296709,0.013377622075063482,0.0019842773588770223,-2.074677764705643e-05,-0.010715472944160953,0.17702514383195786,0.0003397275241065193,0.0,0.00011913396881857286,False,0.0,0.0,0.015285379854566173,-0.006162907591751972,0.1848152533120094,0.18824968933114344,1.34,0.85,0.10699765898196321,-0.043140353142263804,-0.0842501251826482,-0.03396878200178252,
1791389486.2899084,balance,0.0026793529463568764,-0.039847014030691796,0.013333987155977625,0.0018925406733377164,-2.074677764705643e-05,-0.010675380987267806,0.17702514383195786,0.0007628252058976402,0.0,0.00012603269105693378,False,0.0,0.0,0.015396052198565316,-0.0065149112477379326,0.1848152533120094,0.18824968933114344,1.34,0.84,0.10777236538995721,-0.04560437873416553,-0.08486013022831276,-0.035908959633201204,
1791389486.2998984,balance,0.002651935857428061,-0.03970958395624782,0.013266633153279018,-0.0006650079928830452,-2.074677764705643e-05,-0.010635444073498014,0.17702514383195786,-6.06420465685902e-05,0.0,0.00012729312456654653,False,0.0,0.0,0.014493077182673678,-0.006980256210661266,0.1848152533120094,0.18824968933114344,1.35,0.87,0.10145154027871575,-0.048861793474628865,-0.07988310258166595,-0.038473853129629025,
1791389486.30992,balance,0.002562440515727074,-0.03959903043327316,0.013137548238908597,-0.012447724416833887,-2.074677764705643e-05,-0.010595854500828578,0.17702514383195786,-0.0005744083366125183,0.0,0.00011894227416044416,False,0.0,0.0,0.013535899004699151,-0.007837725703134369,0.1848152533120094,0.18824968933114344,1.33,0.8300000000000001,0.09475129303289406,-0.05486407992194058,-0.07460731734873548,-0.04320006293066188,
1791389486.319946,balance,0.0024336369916065784,-0.03955386772983129,0.012969659363990808,-0.01483766239663093,-2.074677764705643e-05,-0.010556769150031287,0.17702514383195786,0.0006429584424715573,0.0,0.00012658244678048314,False,0.0,0.0,0.013635209279173709,-0.008242334273779597,0.1848152533120094,0.18824968933114344,1.34,0.88,0.09544646495421596,-0.05769633991645717,-0.07515469681434328,-0.0454301889105962,
1791389486.329921,balance,0.0022655242615670134,-0.03949248650782678,0.01276304214949129,-0.018993886441184927,-2.074677764705643e-05,-0.010518264665571334,0.17702514383195786,0.000752250133909168,0.0,0.00013353035766848769,False,0.0,0.0,0.01289633736396667,-0.008497722989064763,0.1848152533120094,0.18824968933114344,1.32,0.88,0.09027436154776669,-0.05948406092345335,-0.07108217444706039,-0.04683784324681366,
1791389486.3399217,balance,0.002096068304740323,-0.039419533177515856,0.012555716365785143,-0.01771712084804694,-2.074677764705643e-05,-0.010480394838691877,0.17702514383195786,0.0017299464039105135,0.0,0.00015189466527375502,False,0.0,0.0,0.01306336541926878,-0.008036107022797574,0.1848152533120094,0.18824968933114344,1.32,0.85,0.09144355793488146,-0.05625274915958302,-0.07200280152352871,-0.04429350327526222,
1791389486.3499,balance,0.0019415935433511407,-0.0392948950262001,0.012363954860409745,-0.014719178822024781,-2.074677764705643e-05,-0.010443108094705661,0.17702514383195786,0.0007980120345804802,0.0,0.00016261813152872837,False,0.0,0.0,0.011635730555498604,-0.007583616850108977,0.1848152533120094,0.18824968933114344,1.33,0.85,0.08145011388849023,-0.053085317950762836,-0.06413394794369309,-0.04179946295335656,
1791389486.3599255,balance,0.001768281902704296,-0.039123479314932985,0.012153980891580315,-0.020940698748061634,-2.074677764705643e-05,-0.010406445766523074,0.17702514383195786,-0.00024157994168200504,0.0,0.00015804509388556,False,0.0,0.0,0.010155697488422068,-0.007819545069894138,0.1848152533120094,0.18824968933114344,1.35,0.87,0.07108988241895448,-0.05473681548925897,-0.055976285369255495,-0.043099854715951944,
1791389486.3699474,balance,0.0015649918161728732,-0.03895228428986711,0.011932764768841319,-0.018452448838861202,-2.074677764705643e-05,-0.010388519730315501,0.17702514383195786,-0.001890721996568631,0.0,0.00013613944244128933,False,0.0,0.0,0.008433781714472175,-0.008060657428820745,0.1848152533120094,0.18824968933114344,1.34,0.87,0.059036472001305226,-0.05642460200174522,-0.046485411024649786,-0.044428820473815134,
1791389486.379929,balance,0.0013511050394588839,-0.03879582328783396,0.011683609789783285,-0.01972741402062917,-2.074677764705643e-05,-0.010353251527971457,0.17702514383195786,-0.0017911122278154415,0.0,0.00011305461841125038,False,0.0,0.0,0.008011953265503923,-0.008132230454143062,0.1848152533120094,0.18824968933114344,1.34,0.86,0.05608367285852746,-0.05692561317900144,-0.044160372329549176,-0.04482331746378066,
1791389486.389934,balance,0.0011069261171065806,-0.03862939535967445,0.011404980587549214,-0.025352220401885596,-2.074677764705643e-05,-0.01031880124808969,0.17702514383195786,-0.0007946699374623727,0.0,0.00010502365997297677,False,0.0,0.0,0.00803152690359557,-0.008547509900782605,0.1848152533120094,0.18824968933114344,1.33,0.85,0.056220688325168994,-0.059832569305478235,-0.044268258523755113,-0.04711225929565215,
1791389486.3999019,balance,0.0008118836950993044,-0.03845299380998621,0.011076450364899328,-0.022367820581965993,-2.074677764705643e-05,-0.01028531344744708,0.17702514383195786,-0.002440759145163746,0.0,8.215596769418027e-05,False,0.0,0.0,0.0062846560427339115,-0.008860661599225121,0.1848152533120094,0.18824968933114344,1.34,0.85,0.04399259229913738,-0.06202463119457585,-0.034639836456013685,-0.04883829227919358,
1791389486.409894,balance,0.0005233471871417729,-0.03822648249324658,0.010755401670531094,-0.024229555307204744,-2.074677764705643e-05,-0.010252801261036377,0.17702514383195786,-0.0014902049520824792,0.0,6.700289458104538e-05,False,0.0,0.0,0.0067000972692884036,-0.008759978551780873,0.1848152533120094,0.18824968933114344,1.35,0.87,0.04690068088501882,-0.06131984986246611,-0.036929669988203795,-0.04828334634839851,
1791389486.419909,balance,0.0002571871870649294,-0.037940219900545934,0.010457636801865355,-0.02836964845281804,-2.074677764705643e-05,-0.010221196392447483,0.17702514383195786,-0.0021782681447986754,0.0,4.2972284469971736e-05,False,0.0,0.0,0.005718214601418239,-0.009492718451147193,0.1848152533120094,0.18824968933114344,1.36,0.84,0.04002750220992767,-0.06644902915803036,-0.0315177182755336,-0.05232207020317351,
1791389486.4299061,balance,-1.822310292081104e-05,-0.03760886671131078,0.010166764876779798,-0.025819604119021036,-2.074677764705643e-05,-0.010205734757347665,0.17702514383195786,0.000207110148643341,0.0,3.677307593564682e-05,False,0.0,0.0,0.007441192846307755,-0.009460186513174514,0.1848152533120094,0.18824968933114344,1.32,0.86,0.05208834992415429,-0.0662213055922216,-0.041014448759176605,-0.052142760308835905,
1791389486.4399002,balance,-0.00029768982454847476,-0.03724964090522255,0.009857480208833543,-0.02748089349239522,-2.074677764705643e-05,-0.010175916811029074,0.17702514383195786,0.0007675554364355154,0.0,4.373679655944926e-05,False,0.0,0.0,0.007352886272538602,-0.009812491754466687,0.1848152533120094,0.18824968933114344,1.34,0.86,0.05147020390777021,-0.0686874422812668,-0.04052771961241749,-0.05408460022146992,
1791389486.4499028,balance,-0.0005755628217756792,-0.036879642282102824,0.009550714838685519,-0.02506493434946923,-2.074677764705643e-05,-0.010147024438108254,0.17702514383195786,0.0012693282929329111,0.0,5.507026788960746e-05,False,0.0,0.0,0.007707723162705424,-0.009854345442540373,0.1848152533120094,0.18824968933114344,1.34,0.86,0.05395406213893797,-0.0689804180977826,-0.04248351349522675,-0.0543152898407737,
1791389486.4599054,balance,-0.0008404597727095511,-0.036480759106348376,0.009257809521137644,-0.03248306429656171,-2.074677764705643e-05,-0.010119016071494251,0.17702514383195786,0.002041643912008744,0.0,7.27248444604876e-05,False,0.0,0.0,0.0077387855360776065,-0.01038987502660993,0.1848152533120094,0.18824968933114344,1.34,0.85,0.05417149875254325,-0.0727291251862695,-0.042654723427199406,-0.05726702770572402,
1791389486.469937,balance,-0.001153267090968778,-0.03604028215110051,0.0089315846995741,-0.031816914367348716,-2.074677764705643e-05,-0.010105598568189933,0.17702514383195786,0.000260035308789724,0.0,7.549878325112628e-05,False,0.0,0.0,0.005890708564512212,-0.01105999030332262,0.1848152533120094,0.18824968933114344,1.35,0.87,0.041234959951585486,-0.07741993212325833,-0.03246847240282322,-0.06096057647500656,
1791389486.479902,balance,-0.001525378947165723,-0.035591257666730554,0.008533585817105028,-0.036422250050709724,-2.074677764705643e-05,-0.010079711541917807,0.17702514383195786,-0.0003976260392061224,0.0,7.612494943983119e-05,False,0.0,0.0,0.005073366726348089,-0.012228010224731146,0.1848152533120094,0.18824968933114344,1.34,0.86,0.03551356708443662,-0.08559607157311802,-0.027963438649162693,-0.06739848155363623,
1791389486.4899416,balance,-0.0019035348964307197,-0.03511453610844611,0.008130739688983516,-0.042650273200796375,-2.074677764705643e-05,-0.010055021363061292,0.17702514383195786,-0.0009783223521160548,0.0,6.43675044606148e-05,False,0.0,0.0,0.004560559767826065,-0.013368296891355371,0.1848152533120094,0.18824968933114344,1.33,0.84,0.03192391837478246,-0.0935780782394876,-0.02513694360219091,-0.07368352617282488,
1791389486.4998999,balance,-0.002344069178872212,-0.034596782196095695,0.007666866777362883,-0.04281078895431549,-2.074677764705643e-05,-0.010031682733882151,0.17702514383195786,-0.0028065761603914196,0.0,3.980749298311021e-05,False,0.0,0.0,0.0031989113960949676,-0.01482550330454834,0.1848152533120094,0.18824968933114344,1.34,0.88,0.022392379772664773,-0.10377852313183838,-0.017631795096586435,-0.08171537254475464,
1791389486.5099223,balance,-0.002769823919012295,-0.03402436117023409,0.007219133909304556,-0.04388289648782078,-2.074677764705643e-05,-0.010009704605963907,0.17702514383195786,-0.0035605472037433163,0.0,5.192884436877763e-06,False,0.0,0.0,0.0026168939507707246,-0.016011564690214246,0.1848152533120094,0.18824968933114344,1.34,0.87,0.018318257655395073,-0.11208095283149971,-0.01442382492550793,-0.08825271876496041,
1791389486.5198963,balance,-0.003190020612270391,-0.03344865590270396,0.006778305149426752,-0.04356039569928595,-2.074677764705643e-05,-0.0099890725393442,0.17702514383195786,-0.0033831898131829376,0.0,-3.114821411441868e-05,False,0.0,0.0,0.0030405915520311344,-0.016539187959469355,0.1848152533120094,0.18824968933114344,1.32,0.85,0.02128414086421794,-0.11577431571628549,-0.016759166034817276,-0.09116087851676023,
1791389486.5298986,balance,-0.0036453239208409575,-0.03283089197609089,0.006303744233217477,-0.049007906367257485,-2.074677764705643e-05,-0.009969814931705491,0.17702514383195786,-0.0029368991430301157,0.0,-5.771328698693711e-05,False,0.0,0.0,0.002765370176846476,-0.01729216237884794,0.1848152533120094,0.18824968933114344,1.33,0.8300000000000001,0.019357591237925333,-0.12104513665193557,-0.015242197825138058,-0.09531113122199651,
1791389486.5399115,balance,-0.004155146406668432,-0.03224461141645008,0.0057762023491718575,-0.05661055311108906,-2.074677764705643e-05,-0.009952095533487346,0.17702514383195786,-0.004021226255673456,0.0,-9.614063020510586e-05,False,0.0,0.0,0.0009880046883754448,-0.0184701121586614,0.1848152533120094,0.18824968933114344,1.34,0.86,0.006916032818628113,-0.1292907851106298,-0.0054456951327780416,-0.10180376780364551,
1791389486.5499322,balance,-0.004724303702696861,-0.031676473048102394,0.005191066897657204,-0.06103114192552065,-2.074677764705643e-05,-0.009936117378001121,0.17702514383195786,-0.003963166518696686,0.0,-0.00013330913876436374,False,0.0,0.0,0.0001330035671339346,-0.01946480638011766,0.1848152533120094,0.18824968933114344,1.32,0.86,0.0009310249699375422,-0.13625364466082363,-0.0007330905275098758,-0.10728633437860127,
1791389486.55994,balance,-0.00530681762680205,-0.0311518274464119,0.004601256473073681,-0.06189510863048062,-2.074677764705643e-05,-0.009928820877522787,0.17702514383195786,-0.005431345075498631,0.0,-0.00017387642358370582,False,0.0,0.0,-0.001980601925165729,-0.02007551117329301,0.1848152533120094,0.18824968933114344,1.33,0.85,-0.013864213476160103,-0.14052857821305106,0.010916703524535514,-0.11065242378980399,
1791389486.5699043,balance,-0.005836452886534495,-0.030655146857303778,0.004059066705469099,-0.056351066973468006,-2.074677764705643e-05,-0.00991626636965065,0.17702514383195786,-0.006253860188630122,0.0,-0.00023499832049757682,False,0.0,0.0,-0.0025286196394131164,-0.020226188394230484,0.1848152533120094,0.18824968933114344,1.33,0.84,-0.017700337475891816,-0.14158331875961339,0.013937273603064421,-0.11148292815717589,
1791389486.579937,balance,-0.006278930254201387,-0.030182133287904613,0.003610918551105852,-0.03795305250250662,-2.074677764705643e-05,-0.009910595582954295,0.17702514383195786,-0.0038010852071430124,0.0,-0.0002807997357801984,False,0.0,0.0,-0.000286448069715109,-0.018990772398990274,0.1848152533120094,0.18824968933114344,1.34,0.85,-0.0020051364880057628,-0.13293540679293192,0.0015788476283509943,-0.1046735486558519,
1791389486.589919,balance,-0.006635182021921559,-0.02967639321716442,0.003244589953580541,-0.033279657222752536,-2.074677764705643e-05,-0.009900518753149156,0.17702514383195786,-0.0023931967329860167,0.0,-0.00031052769872086307,False,0.0,0.0,-1.8998136479437357e-05,-0.01783238729170996,0.1848152533120094,0.18824968933114344,1.35,0.87,-0.0001329869553560615,-0.12482671104196971,0.00010471413807563896,-0.09828874885194465,
1791389486.5998988,balance,-0.006888655381293753,-0.029209990556369612,0.00298201663501465,-0.015130556615601653,-2.074677764705643e-05,-0.00989141879395546,0.17702514383195786,-0.0022713960333182095,0.0,-0.00033232415930682413,False,0.0,0.0,-0.00036036950187535755,-0.01577689731203145,0.1848152533120094,0.18824968933114344,1.31,0.85,-0.002522586513127503,-0.11043828118422015,0.001986288593013782,-0.08695927652300799,
1791389486.6099374,balance,-0.007059833223984427,-0.028832327395887473,0.0028065143738133557,-0.011149021346877766,-2.074677764705643e-05,-0.00988709437544484,0.17702514383195786,-0.0001440166737053515,0.0,-0.0003420540995766939,False,0.0,0.0,0.0003835875650104915,-0.01397968265665389,0.1848152533120094,0.18824968933114344,1.35,0.87,0.0026851129550734404,-0.09785777859657722,-0.0021142621693491658,-0.07705336897368285,
1791389486.6199312,balance,-0.007160439049363444,-0.028527082984594127,0.0027018496856116873,-0.01073691034175136,-2.074677764705643e-05,-0.009883035512622188,0.17702514383195786,-0.0017407386567528788,0.0,-0.00036444177727481826,False,0.0,0.0,-0.0018305584249146785,-0.012541891353498529,0.1848152533120094,0.18824968933114344,1.34,0.85,-0.012813908974402748,-0.08779323947448969,0.010089692105828935,-0.06912853501928322,
1791389486.6299412,balance,-0.007205252903991105,-0.028310132559899507,0.002649042921737916,0.0004533234993661996,-2.074677764705643e-05,-0.009875042603376077,0.17702514383195786,-0.0012765816589360834,0.0,-0.0003752054645656925,False,0.0,0.0,-0.0021436344373079366,-0.010645762508545143,0.1848152533120094,0.18824968933114344,1.32,0.86,-0.015005441061155556,-0.074520337559816,0.011815307922169728,-0.05867743114946142,
1791389486.6399045,balance,-0.007074355413879202,-0.02820113524560664,0.002775770501232045,0.019394390268470344,-2.074677764705643e-05,-0.009870872692758303,0.17702514383195786,0.0009043665576824884,0.0,-0.00036762922587737606,False,0.0,0.0,-2.5853118684987062e-06,-0.007881941927637815,0.1848152533120094,0.18824968933114344,1.34,0.86,-1.8097183079490942e-05,-0.05517359349346471,1.424975045629208e-05,-0.043443774404302915,
1791389486.6499324,balance,-0.006776259150354219,-0.028157094251911565,0.003069448582533011,0.036912286723259344,-2.074677764705643e-05,-0.009866454510534287,0.17702514383195786,0.0021936689848785908,0.0,-0.00035461504374025807,False,0.0,0.0,0.0014064238562316322,-0.004997313679411872,0.1848152533120094,0.18824968933114344,1.33,0.85,0.009844966993621425,-0.034981195755883106,-0.0077519425146625395,-0.02754424862667961,
1791389486.6599047,balance,-0.0063398483090791975,-0.028175560796953505,0.003495616400287514,0.04945533336037859,-2.074677764705643e-05,-0.009856211487013768,0.17702514383195786,0.0020369442329800235,0.0,-0.00033372059616130334,False,0.0,0.0,0.0012378331426675768,-0.0021428035000765878,0.1848152533120094,0.18824968933114344,1.33,0.85,0.008664831998673038,-0.014999624500536114,-0.006822702361159872,-0.011810727953178042,
1791389486.669888,balance,-0.005801938130362802,-0.02834547826969244,0.004021912431660826,0.05628175129036426,-2.074677764705643e-05,-0.009844597339670684,0.17702514383195786,0.0027771996774933402,0.0,-0.0003087250340437084,False,0.0,0.0,0.00207242492608877,0.00014106007102443116,0.1848152533120094,0.18824968933114344,1.34,0.8300000000000001,0.014506974482621391,0.000987420497171018,-0.011422814553245189,0.0007774964544653685,
1791389486.6799266,balance,-0.0052176820630415385,-0.028628309458087153,0.004592703485766347,0.05342347729175357,-2.074677764705643e-05,-0.009831132326454942,0.17702514383195786,0.0021659656868217533,0.0,-0.00029148122275999427,False,0.0,0.0,0.0017361248855352859,0.0013413670094116052,0.1848152533120094,0.18824968933114344,1.33,0.86,0.012152874198747,0.009389569065881237,-0.009569192282477953,0.007393361469197824,
1791389486.6899028,balance,-0.004590407564603631,-0.028987756896793785,0.005204899605146161,0.0618066766483802,-2.074677764705643e-05,-0.009816053947396848,0.17702514383195786,0.0038604275245566876,0.0,-0.0002602962319835611,False,0.0,0.0,0.003942540098673146,0.0026104966827248813,0.1848152533120094,0.18824968933114344,1.35,0.87,0.027597780690712018,0.01827347677907417,-0.021730535976938595,0.014388564392971787,
1791389486.6999097,balance,-0.003932749937868578,-0.02942546243436204,0.00585413290714856,0.057332552487330324,-2.074677764705643e-05,-0.009807629622664195,0.17702514383195786,0.006723092381515054,0.0,-0.0002034567798792838,False,0.0,0.0,0.006937558859332856,0.003323769301909241,0.1848152533120094,0.18824968933114344,1.35,0.85,0.04856291201532999,0.023266385113364686,-0.038238513397897626,0.01831998827823991,
1791389486.709912,balance,-0.003310947258288286,-0.029828588314306327,0.0064568823796958014,0.05774451954271317,-2.074677764705643e-05,-0.009788576415631144,0.17702514383195786,0.007458545503146065,0.0,-0.00013581619467519773,False,0.0,0.0,0.008201231488403396,0.0033378622535304185,0.1848152533120094,0.18824968933114344,1.35,0.87,0.05740862041882377,0.02336503577471293,-0.045203638125058086,0.01839766596434089,
1791389486.7199447,balance,-0.002673373433633438,-0.03022281998037355,0.007073573996059264,0.06591038927280446,-2.074677764705643e-05,-0.009767694207339759,0.17702514383195786,0.006571422887724663,0.0,-6.838182279644931e-05,False,0.0,0.0,0.008967357280988998,0.003431082609593909,0.1848152533120094,0.18824968933114344,1.34,0.85,0.062771500966923,0.024017578267157363,-0.049426378714112595,0.018911478950517608,
1791389486.7299063,balance,-0.0019778940638414057,-0.030546270313952194,0.007746204130717528,0.0737682337219408,-2.074677764705643e-05,-0.00974484497220599,0.17702514383195786,0.005303039389710578,0.0,-1.4463460114138237e-05,False,0.0,0.0,0.010030044985307216,0.003594389747181936,0.1848152533120094,0.18824968933114344,1.41,0.85,0.07021031489715052,0.02516072823027355,-0.05528371251744135,0.019811597031711457,
1791389486.7399075,balance,-0.0011369544464809509,-0.030836197020433588,0.008574263032455866,0.07839532850283742,-2.074677764705643e-05,-0.009731964256583873,0.17702514383195786,0.007418969572084729,0.0,5.761193738972211e-05,False,0.0,0.0,0.014158270687828232,0.004441584945476094,0.1848152533120094,0.18824968933114344,1.34,0.85,0.09910789481479762,0.03109109461833266,-0.07803771245259655,0.024481176864828865,
1791389486.749906,balance,-0.00016671214064113411,-0.03097197286310418,0.009516506111112683,0.09319947768817129,-2.074677764705643e-05,-0.009703965029400873,0.17702514383195786,0.0064620284706051415,0.0,0.0001240107790689406,False,0.0,0.0,0.014967089693989329,0.006625789093792997,0.1848152533120094,0.18824968933114344,1.41,0.86,0.1047696278579253,0.04638052365655098,-0.08249576996687032,0.036520097367362975,
1791389486.7599235,balance,0.0009380016001295465,-0.03112896171492476,0.010597063729881987,0.11155122289744274,-2.9652861172308614e-05,-0.00968871499092475,0.17694849231377188,0.009087440018322795,0.0,0.000206519146044454,False,0.0,0.0,0.018177225185900182,0.010254869092350169,0.18461279140713438,0.18824968933114344,1.36,0.86,0.12724057630130128,0.07178408364645118,-0.10018943015850494,0.05652290050901668,
1791389486.7698987,balance,0.0022495039818889715,-0.031210183267361385,0.011882598952418716,0.14337557543987783,-2.074677764705643e-05,-0.009653841748176802,0.17702514383195786,0.010120276595420776,0.0,0.0003034602378270239,False,0.0,0.0,0.020343813527681713,0.015447261124998177,0.1848152533120094,0.18824968933114344,1.44,0.86,0.14240669469377198,0.10813082787498723,-0.11213125566438739,0.08514238415353326,
1791389486.779904,balance,0.003800115450825009,-0.0314187068898812,0.013385020338555162,0.1603837700027001,-2.9652861172308614e-05,-0.009614557748902462,0.17694849231377188,0.010064372218134955,0.0,0.0004054936382931378,False,0.0,0.0,0.02134989055645802,0.019720647093081262,0.18461279140713438,0.18824968933114344,1.35,0.88,0.14944923389520612,0.13804452965156883,-0.11767656212220955,0.10869648004060538,
1791389486.789916,balance,0.005520807878902844,-0.03163950614521671,0.015061478074989173,0.17919936889840013,-2.9652861172308614e-05,-0.009570323057258637,0.17694849231377188,0.010951256063619439,0.0,0.0005164834838206573,False,0.0,0.0,0.023930286105543035,0.024091157128973372,0.18461279140713438,0.18824968933114344,1.44,0.84,0.16751200273880124,0.16863809990281362,-0.1318992147549616,0.13278590543528632,
1791389486.799911,balance,0.00735103224842501,-0.03207262007906653,0.01689170244451134,0.18683931118429456,-2.9652861172308614e-05,-0.009570323057258637,0.17694849231377188,0.014510351279426284,0.0,0.0006535028603888588,False,0.0,0.0,0.028238481692609948,0.027608828023896064,0.18461279140713438,0.18824968933114344,1.44,0.86,0.19766937184826963,0.19326179616727246,-0.15564517468367686,0.15217464265139563,
1791389486.8099222,balance,0.009276485225322208,-0.03257340331461784,0.01879008524585091,0.19158241876761495,-2.9652861172308614e-05,-0.009543252881701011,0.17694849231377188,0.013007706659349244,0.0,0.0007935622679124552,False,0.0,0.0,0.028451967410119967,0.030359610787548265,0.18461279140713438,0.18824968933114344,1.45,0.85,0.19916377187083978,0.21251727551283786,-0.15682186761483446,0.16733643741168336,
1791389486.819914,balance,0.011288314105712686,-0.033149703246634174,0.020770711255052025,0.20461229090540975,-2.9652861172308614e-05,-0.00951205001051165,0.17694849231377188,0.015679057425596932,0.0,0.0009459152685445861,False,0.0,0.0,0.03327260048464466,0.03322283948410183,0.18461279140713438,0.18824968933114344,1.45,0.84,0.2329082033925126,0.23255987638871284,-0.1833922861358367,0.1831180129044983,
1791389486.8299053,balance,0.01340951487407426,-0.03373722566610904,0.022824553148506635,0.2123144410045815,-2.9652861172308614e-05,-0.009444691135604682,0.17694849231377188,0.017365462227787818,0.0,0.0011122019919424446,False,0.0,0.0,0.03720556235615691,0.0359617943335643,0.18461279140713438,0.18824968933114344,1.47,0.85,0.26043893649309835,0.2517325603349501,-0.2050700287347231,0.19821461443696858,
1791389486.8398902,balance,0.015647416414229818,-0.03432629779623716,0.02506245468866219,0.22079228446054508,-2.9652861172308614e-05,-0.009444691135604682,0.17694849231377188,0.032033948046272735,0.0,0.001376697093176431,False,0.0,0.0,0.04877845341081189,0.03974513977559037,0.18461279140713438,0.18824968933114344,1.48,0.86,0.34144917387568324,0.2782159784291326,-0.26885761722494744,0.2190676995504981,
1791389486.8498886,balance,0.017896265238734877,-0.03491703989514634,0.02731130351316725,0.20723581542910108,-2.9652861172308614e-05,-0.009444691135604682,0.17694849231377188,0.06158188342491083,0.0,0.0019172403258021407,False,0.0,0.0,0.05944258644308993,0.05541080000554582,0.18461279140713438,0.18824968933114344,1.48,0.84,0.41609810510162953,0.3878756000388207,-0.32763630322962956,0.30541385829828405,
1791389486.8599372,balance,0.01909090758694661,-0.0354973778810107,0.028505945861378983,0.0324337278191685,-2.9652861172308614e-05,-0.009444691135604682,0.17694849231377188,0.08371609183470073,0.0,0.0026970079153695453,False,0.0,0.0,0.050874113125534776,0.0673160702220767,0.18461279140713438,0.18824968933114344,1.52,0.85,0.3561187918787434,0.47121249155453687,-0.2804084975423176,0.3710334579169582,
1791389486.8699272,balance,0.01880321642652682,-0.036454964869630534,0.02821825470095919,-0.09615184804567009,-2.9652861172308614e-05,-0.009444691135604682,0.17694849231377188,0.10271252183072019,0.0,0.0036926707559499076,False,0.0,0.0,0.03683645065241271,0.0674836111521784,0.18461279140713438,0.18824968933114344,1.54,0.89,0.25785515456688896,0.47238527806524877,-0.2030355547770779,0.3719569118624006,
1791389486.8798895,balance,0.017450088597552125,-0.038261136905191624,0.02685620850451782,-0.17834272821263375,-3.857122863898735e-05,-0.009444691135604682,0.17687184288673394,0.11333488236654442,0.0,0.004800921979149629,False,0.0,0.0,0.027632113608837695,0.06108813583678082,0.18441020567926045,0.18824968933114344,1.55,0.85,0.19342479526186387,0.42761695085746576,-0.1523029883951684,0.3367062605176896,
1791389486.8899245,balance,0.01564772498256135,-0.0404161194516878,0.025062763256993723,-0.2108636259666546,-2.9652861172308614e-05,-0.009444691135604682,0.17694849231377188,0.1183194336993708,0.0,0.005968756308018699,False,0.0,0.0,0.02338724685082172,0.054648838813752154,0.18461279140713438,0.18824968933114344,1.57,0.86,0.16371072795575203,0.3825418716962651,-0.12890608500452916,0.30121407220178353,
1791389486.899904,balance,0.013706763338291197,-0.04290554730285938,0.02312180161272357,-0.1887657573347656,-2.9652861172308614e-05,-0.009444691135604682,0.17694849231377188,0.11534374451325274,0.0,0.0071190580668696254,False,0.0,0.0,0.02154984236417988,0.05146579094863033,0.18461279140713438,0.18824968933114344,1.47,0.86,0.15084889654925915,0.3602605366404123,-0.11877865870020406,0.28366971389008844,
1791389486.9098952,balance,0.01207529966926178,-0.04538298818831295,0.021490337943694156,-0.15798774027943377,-2.9652861172308614e-05,-0.009444691135604682,0.17694849231377188,0.11104544059704358,0.0,0.008237182282183862,False,0.0,0.0,0.023534682970629408,0.05021078929264257,0.18461279140713438,0.18824968933114344,1.45,0.87,0.16474278079440585,0.351475525048498,-0.12971872503496523,0.27675238192795115,
1791389486.9199443,balance,0.010799101848370648,-0.04732162987932663,0.020214140122803023,-0.11785814895336866,-2.9652861172308614e-05,-0.009444691135604682,0.17694849231377188,0.10939060519322277,0.0,0.009346924619835507,False,0.0,0.0,0.02867468040997477,0.04939191767764921,0.18461279140713438,0.18824968933114344,1.47,0.86,0.20072276286982338,0.34574342374354444,-0.1580494195825381,0.27223891633349956,
1791389486.9299185,balance,0.009716864894962202,-0.04894033653976739,0.019131903169394573,-0.11490740823734846,-2.9652861172308614e-05,-0.009444691135604682,0.17694849231377188,0.10357069116962431,0.0,0.010396179088691023,False,0.0,0.0,0.029368469714869276,0.04828835900260016,0.18461279140713438,0.18824968933114344,1.47,0.86,0.20557928800408493,0.3380185130182011,-0.1618734551213267,0.2661563094631505,
1791389486.9399676,balance,0.008718101249942684,-0.05068186571054801,0.018124221156908378,-0.11053655546279023,-3.857122863898735e-05,-0.009444691135604682,0.17687184288673394,0.1012663607294199,0.0,0.011407477606018537,False,0.0,0.0,0.0288518173869085,0.047867224784045426,0.18441020567926045,0.18824968933114344,1.47,0.86,0.2019627217083595,0.335070573488318,-0.15902576512469252,0.26383509723489607,
1791389486.9498856,balance,0.007547377781981123,-0.05242957862122081,0.016962416056413496,-0.13474516260148478,-2.9652861172308614e-05,-0.009444691135604682,0.17694849231377188,0.09553215829398515,0.0,0.012383002719245983,False,0.0,0.0,0.024766694967396315,0.04563837964764842,0.18461279140713438,0.18824968933114344,1.58,0.86,0.1733668647717742,0.3194686575335389,-0.1365093423399797,0.25155012404215665,
1791389486.959897,balance,0.006089498744667141,-0.05445129694116945,0.015495618651632835,-0.177705331134476,-3.857122863898735e-05,-0.009444691135604682,0.17687184288673394,0.08672688197218836,0.0,0.01327239358498379,False,0.0,0.0,0.01726333672663656,0.04195987846223407,0.18441020567926045,0.18824968933114344,1.48,0.86,0.12084335708645592,0.29371914923563847,-0.09515224967437474,0.23127492065798305,
1791389486.9699037,balance,0.004630345724267632,-0.05668488920790095,0.014045383998700006,-0.15184345777980046,-2.9652861172308614e-05,-0.009444691135604682,0.17694849231377188,0.07602917258913788,0.0,0.01405279536499679,False,0.0,0.0,0.013892285270990505,0.04036126909162155,0.18461279140713438,0.18824968933114344,1.56,0.86,0.09724599689693353,0.28252888364135087,-0.07657165109994767,0.22246368790657547,
1791389486.979893,balance,0.0033493918048691207,-0.05880458089675831,0.012764430079301494,-0.12780235587785818,-2.9652861172308614e-05,-0.009444691135604682,0.17694849231377188,0.0746437982297375,0.07154725660148196,1.5482708141277694e-05,False,0.0,0.0,0.004816315223800755,0.029637944371794796,0.18461279140713438,0.18824968933114344,1.46,0.85,0.03371420656660528,0.20746561060256358,-0.026546619343783686,0.16335874850595558,
1791389486.9899447,balance,0.00238822122021588,-0.06062135508737532,0.011803259494648253,-0.09875333515101928,-2.9652861172308614e-05,-0.009444691135604682,0.17694849231377188,0.0640146114817817,0.05588560606770401,4.064502707038842e-05,False,0.0,0.0,0.005044187482353141,0.028883891580441967,0.18461279140713438,0.18824968933114344,1.45,0.85,0.03530931237647199,0.20218724106309377,-0.027802608170450382,0.15920255201818406,
1791389486.999906,balance,0.0018556046517476628,-0.06232244490121233,0.011270642926180036,-0.035653803372677206,-2.9652861172308614e-05,-0.009444691135604682,0.17694849231377188,0.054662676713178794,0.04449207601957219,5.0853003468033026e-05,False,0.0,0.0,0.008260690181267261,0.03272936723680174,0.18461279140713438,0.18824968933114344,1.45,0.88,0.05782483126887083,0.22910557065761217,-0.045531363203835294,0.18039808713197808,
1791389487.009924,balance,0.0019610243630310284,-0.06371101598030807,0.0113760626374634,0.02127824793156299,-2.9652861172308614e-05,-0.009444691135604682,0.17694849231377188,0.0478219814617586,0.023981106032932173,0.00011920437714413216,False,0.0,0.0,0.014987383579899143,0.03842878737057519,0.18461279140713438,0.18824968933114344,1.48,0.86,0.10491168505929399,0.2690015115940263,-0.08260762603094014,0.21181221385356402,
1791389487.0199213,balance,0.002458238760275816,-0.06500537148093857,0.011838035103391641,0.05531263085993774,-2.9652861172308614e-05,-0.009409449204288134,0.17694849231377188,0.046212511442839686,0.021665339188630468,0.00012273586127104608,False,0.0,0.0,0.019693724481177104,0.0432544202329283,0.18461279140713438,0.18824968933114344,1.47,0.86,0.13785607136823974,0.3027809416304981,-0.10854808769152735,0.23841019026023474,
1791389487.0299096,balance,0.0031255130180518763,-0.06635138974831635,0.012468199189802659,0.046059377831809134,-2.9652861172308614e-05,-0.009372339032923092,0.17694849231377188,0.04485738090619043,0.020332678652627303,0.00012262351126781564,False,0.0,0.0,0.020748336675033098,0.04556170869295249,0.18461279140713438,0.18824968933114344,1.47,0.84,0.1452383567252317,0.31893196085066744,-0.11436091080726905,0.251127528228872,
1791389487.0398922,balance,0.0035251883522728544,-0.06779537345997211,0.012848572712237601,0.005038440411866924,-2.9652861172308614e-05,-0.009353037221137056,0.17694849231377188,0.04805724340676917,0.023202569981083884,0.00012427336712842645,False,0.0,0.0,0.019252662592176173,0.045419868080450634,0.18461279140713438,0.18824968933114344,1.47,0.86,0.1347686381452332,0.31793907656315445,-0.10611703790963245,0.25034572957728696,
1791389487.0499525,balance,0.0034084055302136106,-0.06928015846609842,0.012693436776254566,-0.05157310965396022,-2.9652861172308614e-05,-0.009314684107213264,0.17694849231377188,0.04517711226833659,0.0208989959585768,0.00012139058154879893,False,0.0,0.0,0.01388591697368043,0.041270982457993176,0.18461279140713438,0.18824968933114344,1.47,0.85,0.09720141881576301,0.28889687720595225,-0.07653655024863229,0.22747785606767892,
1791389487.0599062,balance,0.0027695575513134283,-0.07084819134007835,0.012054588797354384,-0.08846823777525585,-2.9652861172308614e-05,-0.009314684107213264,0.17694849231377188,0.036710060307143716,0.018294715240211767,9.207672533465974e-05,False,0.0,0.0,0.007708471046969064,0.034744211549372746,0.18461279140713438,0.18824968933114344,1.46,0.86,0.05395929732878345,0.24320948084560923,-0.04248763569195547,0.19150352822488914,
1791389487.0699494,balance,0.0020677729744420356,-0.07235657260555911,0.01135280422048299,-0.06569907960930206,-2.9652861172308614e-05,-0.009314684107213264,0.17694849231377188,0.02457041720376699,0.012474020826467983,6.0481981886495036e-05,False,0.0,0.0,0.004351805047687802,0.030192686766260305,0.18461279140713438,0.18824968933114344,1.43,0.85,0.030462635333814613,0.21134880736382214,-0.023986327034499696,0.16641638375104106,
1791389487.0799422,balance,0.0016161981764707338,-0.07363360398114456,0.010901229422511689,-0.05095236073169271,-2.9652861172308614e-05,-0.009314684107213264,0.17694849231377188,0.0176522708195903,0.007479914144066638,5.086178337761831e-05,False,0.0,0.0,0.007268086013588484,0.02617866992594282,0.18461279140713438,0.18824968933114344,1.43,0.84,0.050876602095119385,0.18325068948159975,-0.04006031661033022,0.1442918814815746,
1791389487.089933,balance,0.0013210060494672877,-0.07453613462537723,0.010590128239564981,-0.024756022447098566,-2.9652861172308614e-05,-0.009298775051270003,0.17694849231377188,0.013503930892039953,0.007527515480607284,2.9882077057163343e-05,False,0.0,0.0,0.01066897691839108,0.023746846403825357,0.18461279140713438,0.18824968933114344,1.41,0.87,0.07468283842873756,0.1662279248267775,-0.058805384589557134,0.13088812978486417,
1791389487.0998983,balance,0.0012842755321000588,-0.07516621838551599,0.010562303805723004,0.011129928363576697,-2.074677764705643e-05,-0.009298775051270003,0.17702514383195786,0.023072863960672648,0.013256096889887577,4.908383535392536e-05,False,0.0,0.0,0.02184935824300149,0.0240942100189516,0.1848152533120094,0.18824968933114344,1.35,0.89,0.15294550770101042,0.1686594701326612,-0.12042953362284285,0.1328027323879222,
1791389487.1098967,balance,0.001005640340191361,-0.07550256216012767,0.010283668613814308,-0.04025744465747356,-2.074677764705643e-05,-0.009298775051270003,0.17702514383195786,0.03454129971557769,0.01571036617897025,9.41546676830372e-05,False,0.0,0.0,0.023838576847913857,0.02189719281788647,0.1848152533120094,0.18824968933114344,1.36,0.88,0.166870037935397,0.1532803497252053,-0.13139373065779292,0.12069318876000416,
1791389487.1198983,balance,0.0002790153904830098,-0.07575165841907465,0.009557043664105955,-0.0994448730274047,-2.074677764705643e-05,-0.009298775051270003,0.17702514383195786,0.04306858991535627,0.026217268139864115,8.425660887746077e-05,False,0.0,0.0,0.02040549805602658,0.017535273616529942,0.1848152533120094,0.18824968933114344,1.33,0.86,0.14283848639218605,0.1227469153157096,-0.11247124912770555,0.09665111442181858,
1791389487.129897,balance,-0.0013526227372203715,-0.07604679133385281,0.00791351742809797,-0.2087523640660864,-2.074677764705643e-05,-0.009286886942965398,0.17702514383195786,0.0465421612097056,0.029851179258638755,8.345490975533422e-05,False,0.0,0.0,0.009204255344526081,0.009279904835063633,0.1848152533120094,0.18824968933114344,1.33,0.87,0.06442978741168257,0.06495933384544543,-0.050732116072191,0.05114908176806727,
1791389487.1399465,balance,-0.003909596771123603,-0.07655280474385585,0.005346842863756072,-0.2853590421601791,-2.074677764705643e-05,-0.009277186412526731,0.17702514383195786,0.03787029724012306,0.015148118896049223,0.00011361089172036918,False,0.0,0.0,-0.0027187007482339007,-0.000612896178213012,0.1848152533120094,0.18824968933114344,1.34,0.88,-0.019030905237637306,-0.004290273247491084,0.014984964754045123,-0.0033781679114103023,
1791389487.1499004,balance,-0.006776434529578162,-0.07703036571876569,0.0024800051053015127,-0.26898525101582865,-2.074677764705643e-05,-0.009277186412526731,0.17702514383195786,0.018396360848661274,0.007452026687322098,5.4721670806695876e-05,False,0.0,0.0,-0.012555248638620651,-0.008903453456530366,0.1848152533120094,0.18824968933114344,1.31,0.86,-0.08788674047034456,-0.06232417419571256,0.06920215785066501,-0.04907415291000989,
1791389487.1598985,balance,-0.009312263174784185,-0.07732021693392489,-5.582353990450997e-05,-0.20706340727078973,-2.074677764705643e-05,-0.009277186412526731,0.17702514383195786,-0.004127724547918932,-0.0018645727601472842,-1.1315758938858238e-05,False,0.0,0.0,-0.01987324145455271,-0.01265096986006567,0.1848152533120094,0.18824968933114344,1.29,0.9,-0.13911269018186898,-0.08855678902045969,0.10953755132430627,-0.06972975513422022,
1791389487.1698937,balance,-0.01073131343548776,-0.07729491646736428,-0.0014732514792363243,-0.0669096839524517,-2.074677764705643e-05,-0.009278808733898492,0.17702514383195786,-0.002996070071090203,-0.0013906439093487127,-8.027130808707453e-06,False,0.0,0.0,-0.002493332646632765,-0.00913766834693922,0.1848152533120094,0.18824968933114344,1.27,0.87,-0.017453328526429356,-0.06396367842857455,0.013742778367267209,-0.050365101124861845,
1791389487.1799011,balance,-0.011403101639049331,-0.07671382769197811,-0.002138992622147777,-0.04960777225415645,-2.074677764705643e-05,-0.00928485579454861,0.17702514383195786,-0.0008836844881043978,-0.0004376428087267379,-2.2302083968882993e-06,False,0.0,0.0,0.006617289393405151,-0.007306974322252391,0.1848152533120094,0.18824968933114344,1.31,0.88,0.04632102575383605,-0.05114882025576674,-0.036473248625067754,-0.040274661618713965,
1791389487.1900384,balance,-0.011992872482762783,-0.07579991967622056,-0.0027209373166726756,-0.04672572899127643,-2.074677764705643e-05,-0.009292681943737164,0.17702514383195786,0.0010575217516461128,0.000558259609772404,2.4963107093685444e-06,False,0.0,0.0,0.007472079460189982,-0.004496188070196798,0.1848152533120094,0.18824968933114344,1.23,0.89,0.05230455622132987,-0.031473316491377586,-0.04118468993805502,-0.02478213896958865,
1791389487.1999044,balance,-0.012843081835575688,-0.07479956294285131,-0.0035657899494813527,-0.08936591411775131,-2.074677764705643e-05,-0.009298038663741391,0.17702514383195786,-0.0016739525643172362,-0.0009018860409924209,-3.860332616624077e-06,False,0.0,0.0,0.00033502845460035374,-0.005211776768395137,0.1848152533120094,0.18824968933114344,1.33,0.87,0.0023451991822024763,-0.036482437378765956,-0.0018466135292932884,-0.028726328644697603,
1791389487.2099385,balance,-0.014019950071538553,-0.07408454740569681,-0.0047426581854442176,-0.12571895707750433,-2.074677764705643e-05,-0.009298038663741391,0.17702514383195786,-0.00715872751896702,-0.004213077487027517,-1.4728250159697512e-05,False,0.0,0.0,-0.008128359518442315,-0.008123921132472086,0.1848152533120094,0.18824968933114344,1.32,0.87,-0.0568985166290962,-0.0568674479273046,0.04480198159771354,-0.04477751805299575,
1791389487.2199068,balance,-0.015287335009863295,-0.07353884182605955,-0.005984492818489931,-0.1100867473906262,-1.2072078766509065e-05,-0.009314914270139873,0.1771018972703763,-0.009708641816468999,-0.006151457185127301,-1.7785923156708493e-05,False,0.0,0.0,-0.011039298725611102,-0.009222500310415705,0.18501771391452992,0.18824968933114344,1.31,0.87,-0.07727509107927771,-0.06455750217290994,0.060846528408880086,-0.05083267887630704,
1791389487.229905,balance,-0.01644970476102715,-0.07319437606911172,-0.00713681678027912,-0.10633191814381596,-1.2072078766509065e-05,-0.00932496005951454,0.1771018972703763,-0.007868597715155723,-0.005242474921201986,-1.3130613969768684e-05,False,0.0,0.0,-0.01008815350659664,-0.009177634954972536,0.18501771391452992,0.18824968933114344,1.19,0.87,-0.07061707454617648,-0.06424344468480775,0.05560399570565077,-0.05058538951559665,
1791389487.2399087,balance,-0.01747693440716864,-0.07263852907318051,-0.008140150568545227,-0.08501296984182193,-1.2072078766509065e-05,-0.00934885591738992,0.1771018972703763,-0.006683077957005288,-0.005065596600646346,-8.08740678179471e-06,False,0.0,0.0,-0.010053863551123842,-0.007259562886450025,0.18501771391452992,0.18824968933114344,1.19,0.88,-0.0703770448578669,-0.05081694020515018,0.0554149959510763,-0.04001333874421274,
1791389487.2498908,balance,-0.01836341726022378,-0.07177110685959397,-0.009000092254740404,-0.08166003034203673,-1.2072078766509065e-05,-0.009375397084249885,0.1771018972703763,-0.006054869766340974,-0.005276568884491942,-3.891504409245161e-06,False,0.0,0.0,-0.011325439368005553,-0.005686879640233757,0.18501771391452992,0.18824968933114344,1.2,0.87,-0.07927807557603887,-0.0398081574816363,0.06242368155593612,-0.0313450058910522,
1791389487.2599146,balance,-0.019243582445755726,-0.07064859460630926,-0.00986594974877328,-0.08044469078315897,-1.2072078766509065e-05,-0.009389704775748955,0.1771018972703763,-0.005339401586895341,-0.005126201124778715,-1.0660023105831322e-06,False,0.0,0.0,-0.01243970432258659,-0.004972894304331378,0.18501771391452992,0.18824968933114344,1.21,0.85,-0.08707793025810613,-0.03481026013031965,0.0685652994158316,-0.027409653645920982,
1791389487.2699075,balance,-0.020179954619444874,-0.06951136649894121,-0.010786118439578734,-0.0913425700982313,-1.2072078766509065e-05,-0.00940590825863265,0.1771018972703763,-0.009249766729351655,0.0,-4.77764425485246e-05,False,0.0,0.0,-0.017870340044184852,-0.006262955523452849,0.18501771391452992,0.18824968933114344,1.29,0.85,-0.12509238030929395,-0.043840688664169944,0.09849793725141257,-0.034520227294622,
1791389487.2799222,balance,-0.02117839245161662,-0.06854138129199405,-0.01175851372298328,-0.10762472221407036,-2.074677764705643e-05,-0.009440625506280395,0.17702514383195786,-0.009171899513693536,-0.008392170867595913,-3.8986432304881186e-06,False,0.0,0.0,-0.019235107702318514,-0.007409443788004656,0.1848152533120094,0.18824968933114344,1.21,0.86,-0.1346457539162296,-0.051866106516032594,0.10602027867419653,-0.04083945394963196,
1791389487.289908,balance,-0.022241234680678557,-0.06764892147090101,-0.012774886004118162,-0.10000367843002524,-1.2072078766509065e-05,-0.009478420755326905,0.1771018972703763,-0.008745117140943899,0.0,-9.05356338418966e-05,False,0.0,0.0,-0.021003695763623865,-0.008418241297779258,0.18501771391452992,0.18824968933114344,1.32,0.88,-0.14702587034536704,-0.0589276890844548,0.11576840184674571,-0.04639975518461008,
1791389487.2999108,balance,-0.02330155058000876,-0.06693142025396893,-0.013794374699700398,-0.1079941110478185,-1.2072078766509065e-05,-0.009519247959074871,0.1771018972703763,-0.009419246245992286,0.0,-0.000178695866455734,False,0.0,0.0,-0.023428855291638212,-0.009902795706778695,0.18501771391452992,0.18824968933114344,1.2,0.87,-0.16400198704146748,-0.06931956994745087,0.12913542286729723,-0.054582338541299895,
1791389487.3099072,balance,-0.024268914515024317,-0.06603320294437487,-0.014718020461253088,-0.09148716409584613,-1.2072078766509065e-05,-0.009562966132537739,0.1771018972703763,-0.008964829487588562,0.0,-0.00026612959635487037,False,0.0,0.0,-0.023598076671051717,-0.009429759050701975,0.18501771391452992,0.18824968933114344,1.28,0.87,-0.16518653669736202,-0.06600831335491382,0.1300681391317811,-0.05197504988575891,
1791389487.3199093,balance,-0.025122556133553083,-0.06510296312298954,-0.015525490216411385,-0.08647058739529113,-1.2072078766509065e-05,-0.009609137995908207,0.1771018972703763,-0.009402773032779867,0.0,-0.0003543514560063074,False,0.0,0.0,-0.024698696291103835,-0.00880800089450559,0.18501771391452992,0.18824968933114344,1.22,0.88,-0.17289087403772685,-0.06165600626153912,0.13613454648639908,-0.04854803642640876,
1791389487.3299108,balance,-0.025855288576832718,-0.06400316788973379,-0.016266897358571567,-0.058322449989540004,-2.074677764705643e-05,-0.009609137995908207,0.17702514383195786,-0.01907537573275265,0.0,-0.0005279773208257865,False,0.0,0.0,-0.03067892908130027,-0.008231654042476938,0.1848152533120094,0.18824968933114344,1.3,0.88,-0.2147525035691019,-0.05762157829733857,0.16909645950322982,-0.04537132149396738,
1791389487.3399138,balance,-0.026233605974856217,-0.06308041172754122,-0.01663654005771452,-0.01809973762013285,-1.2072078766509065e-05,-0.009609137995908207,0.1771018972703763,-0.025934557496155027,0.0,-0.0007754311011350031,False,0.0,0.0,-0.031174573915164504,-0.006675790355522486,0.18501771391452992,0.18824968933114344,1.32,0.85,-0.21822201740615152,-0.0467305324886574,0.17182836016232403,-0.03679569487295858,
1791389487.3499463,balance,-0.02610795115399514,-0.06211276816023048,-0.01651955993573399,0.026217091143909372,-2.074677764705643e-05,-0.009609137995908207,0.17702514383195786,-0.02234748212651471,0.0,-0.0010084522570245184,False,0.0,0.0,-0.024230637950348285,-0.003291340149960549,0.1848152533120094,0.18824968933114344,1.21,0.8300000000000001,-0.16961446565243798,-0.023039381049723844,0.1335546973641244,-0.018141244921042396,
1791389487.3598964,balance,-0.025849888199783157,-0.06117701737650958,-0.016236936291074054,0.030139249885778766,-2.074677764705643e-05,-0.00963369868635616,0.17702514383195786,-0.02224111889241502,0.0,-0.0012385776621788374,False,0.0,0.0,-0.024170761049657045,-9.243440166120902e-05,0.1848152533120094,0.18824968933114344,1.32,0.87,-0.16919532734759932,-0.0006470408116284631,0.1332246672028341,-0.0005094809540381599,
1791389487.3699055,balance,-0.025644221744389184,-0.06039254436197461,-0.01600722293092656,0.01992964964083006,-2.074677764705643e-05,-0.00965774559110968,0.17702514383195786,-0.02145591144368338,0.0,-0.001449249558659725,False,0.0,0.0,-0.026226517436069356,0.0018103857531959902,0.1848152533120094,0.18824968933114344,1.35,0.87,-0.1835856220524855,0.012672700272371933,0.14455560791534292,0.009978504151473963,
1791389487.379926,balance,-0.025545715510364143,-0.05962444783325585,-0.015884815811872642,0.004830201228066531,-2.074677764705643e-05,-0.009681646476138556,0.17702514383195786,-0.02238895995324132,0.0,-0.001663975626570499,False,0.0,0.0,-0.028966624751729873,0.002363870819001932,0.1848152533120094,0.18824968933114344,1.32,0.86,-0.2027663732621091,0.016547095733013523,0.15965856162370795,0.013029209238593326,
1791389487.3899224,balance,-0.02533470404291332,-0.058865629263686305,-0.015673804344421817,0.037567519797423385,-2.074677764705643e-05,-0.009681646476138556,0.17702514383195786,-0.029404485794237302,0.0,-0.0019395335928710658,False,0.0,0.0,-0.030638424185501854,0.0032837088183624475,0.1848152533120094,0.18824968933114344,1.33,0.88,-0.21446896929851297,0.022985961728537133,0.16887320417205745,0.018099182463415065,
1791389487.3999076,balance,-0.024615701506960137,-0.05810600707688683,-0.014909435948872639,0.10331229364363895,-2.074677764705643e-05,-0.009727012335734555,0.17702514383195786,-0.029959514638726887,0.0,-0.002238992940687087,False,0.0,0.0,-0.024823373775575915,0.007371792782023541,0.1848152533120094,0.18824968933114344,1.32,0.86,-0.1737636164290314,0.05160254947416479,0.13682174521970977,0.040631928719814796,
1791389487.409908,balance,-0.023410471590785315,-0.05727311693550494,-0.013662353063889137,0.13030173673782722,-2.074677764705643e-05,-0.009768865304543234,0.17702514383195786,-0.02861041512315886,0.0,-0.002525958182384531,False,0.0,0.0,-0.018887961580710693,0.01152376189728901,0.1848152533120094,0.18824968933114344,1.32,0.88,-0.13221573106497486,0.08066633328102306,0.10410687485431092,0.06351679785907327,
1791389487.419903,balance,-0.02215308151732336,-0.05630432848936331,-0.012367033113084585,0.12877584509880777,-2.074677764705643e-05,-0.009806795181885831,0.17702514383195786,-0.028642648937058163,0.0,-0.002810203012540406,False,0.0,0.0,-0.017956940885184982,0.014665594414111064,0.1848152533120094,0.18824968933114344,1.33,0.86,-0.12569858619629487,0.10265916089877744,0.09897526472149203,0.08083398495966727,
1791389487.429904,balance,-0.02095456834516618,-0.05538683373432021,-0.011134329445700687,0.11520365951453927,-2.074677764705643e-05,-0.00984098567711255,0.17702514383195786,-0.027867283371296542,0.0,-0.0030860336738706847,False,0.0,0.0,-0.018172256392461682,0.016399458743455133,0.1848152533120094,0.18824968933114344,1.34,0.88,-0.1272057947472318,0.11479621120418593,0.10016204310805653,0.09039071748361097,
1791389487.4399076,balance,-0.019822239558150545,-0.05446916980967124,-0.009986336051374564,0.10567685675018919,-2.074677764705643e-05,-0.009856650284423037,0.17702514383195786,-0.021911494677068842,0.0,-0.003327941270140729,False,0.0,0.0,-0.014669937837099306,0.017110423893707483,0.1848152533120094,0.18824968933114344,1.35,0.88,-0.10268956485969515,0.11977296725595238,0.08085792508637413,0.09430942303618298,
1791389487.4499323,balance,-0.018907829076230374,-0.05363628903679701,-0.009071925569454393,0.07714848318251609,-2.074677764705643e-05,-0.009856650284423037,0.17702514383195786,-0.012632001005510216,0.0,-0.0034730288360229396,False,0.0,0.0,-0.010157374416965551,0.016866721995533938,0.1848152533120094,0.18824968933114344,1.33,0.87,-0.07110162091875885,0.11806705396873757,0.05598552828248728,0.09296618422735241,
1791389487.4599016,balance,-0.018359509942962145,-0.05288367452073615,-0.008523606436186165,0.040564649450705675,-2.074677764705643e-05,-0.009856650284423037,0.17702514383195786,-0.005774782309806984,0.0,-0.003546043745351758,False,0.0,0.0,-0.008601103369199115,0.015558555146451764,0.1848152533120094,0.18824968933114344,1.34,0.85,-0.0602077235843938,0.10890988602516234,0.04740765636566441,0.08575581576784436,
1791389487.4698935,balance,-0.018232320506021756,-0.052125331473431576,-0.008396416999245775,-0.008474081365530949,-2.074677764705643e-05,-0.009856650284423037,0.17702514383195786,-0.001251645802478694,0.0,-0.0035679778119898204,False,0.0,0.0,-0.00938868091588192,0.012500316669191294,0.1848152533120094,0.18824968933114344,1.34,0.87,-0.06572076641117344,0.08750221668433905,0.05174863496942791,0.068899383216015,
1791389487.4799101,balance,-0.018288763946412337,-0.051303492192801226,-0.008427546168376104,-0.002516504042447653,-2.074677764705643e-05,-0.00988196455568329,0.17702514383195786,-0.0007532126392031857,0.0,-0.003577205873607319,False,0.0,0.0,-0.009785497739402935,0.010419962616218251,0.1848152533120094,0.18824968933114344,1.34,0.87,-0.06849848417582055,0.07293973831352776,0.05393581431166972,0.05743286481380139,
1791389487.4899206,balance,-0.018266362488811538,-0.05045266542928671,-0.008392536993709142,0.009946501811545374,-2.074677764705643e-05,-0.009894572272749452,0.17702514383195786,0.0012389424005866533,0.0,-0.0035669696664228957,False,0.0,0.0,-0.006746030603605016,0.009455887881401375,0.1848152533120094,0.18824968933114344,1.35,0.87,-0.047222214225235114,0.06619121516980962,0.03718284584664182,0.05211906706284222,
1791389487.499901,balance,-0.01814753018305203,-0.04962550283785895,-0.008248791412912937,0.025571299124149193,-2.074677764705643e-05,-0.00991948554778615,0.17702514383195786,0.0017057157886604844,0.0,-0.00355574662268656,False,0.0,0.0,-0.00421199519268984,0.009540356390984451,0.1848152533120094,0.18824968933114344,1.33,0.88,-0.029483966348828883,0.06678249473689116,0.02321572153451093,0.052584641525111143,
1791389487.5098965,balance,-0.01792341590544859,-0.04882758844917123,-0.008000485965868186,0.02428947159112725,-2.074677764705643e-05,-0.00994367671722746,0.17702514383195786,0.0031846296553305585,0.0,-0.0035306251716304537,False,0.0,0.0,-0.0016069134923073405,0.009543371905049962,0.1848152533120094,0.18824968933114344,1.34,0.88,-0.011248394446151383,0.06680360333534974,0.008857003500906601,0.05260126246877932,
1791389487.5199356,balance,-0.01775758172190731,-0.048091412798777704,-0.007811064731793863,0.023310672077503033,-2.074677764705643e-05,-0.009967263767760503,0.17702514383195786,0.004811622465519459,0.0,-0.003483580851334036,False,0.0,0.0,-0.0003020326375330002,0.009631123626159453,0.1848152533120094,0.18824968933114344,1.34,0.87,-0.0021142284627310016,0.06741786538311617,0.0016647468210480327,0.053084933372532415,
1791389487.529915,balance,-0.017636349141012087,-0.04748413925262733,-0.007666718745086593,0.011558406719008214,-2.074677764705643e-05,-0.00999037717357255,0.17702514383195786,0.004333173630499888,0.0,-0.00344320958075512,False,0.0,0.0,-0.0009418727068881818,0.008971533619549225,0.1848152533120094,0.18824968933114344,1.32,0.88,-0.006593108948217273,0.06280073533684458,0.0051914243686750185,0.04944939790302722,
1791389487.539927,balance,-0.017650770435037433,-0.04702698025536059,-0.007658150739666504,-0.005813668922815776,-2.074677764705643e-05,-0.010013366473017985,0.17702514383195786,0.003435017303139703,0.0,-0.0034087093831929416,False,0.0,0.0,-0.0026886533504639895,0.0075806303157209655,0.1848152533120094,0.18824968933114344,1.34,0.89,-0.018820573453247925,0.053064412210046756,0.014819349175785769,0.041783001740194295,
1791389487.5499,balance,-0.017681175034989238,-0.04664324258939463,-0.007677035586366138,0.007408872802028802,-2.074677764705643e-05,-0.010024886226270156,0.17702514383195786,0.0013192008458392272,0.0,-0.0033858374787986843,False,0.0,0.0,-0.0037915165805202274,0.007370153671718311,0.1848152533120094,0.18824968933114344,1.34,0.87,-0.02654061606364159,0.05159107570202818,0.020898122884757158,0.040622894253565495,
1791389487.559891,balance,-0.01770678077296446,-0.04626729508550409,-0.00769108736235485,-4.747497159559298e-05,-2.074677764705643e-05,-0.010036440188256668,0.17702514383195786,-0.0006673604139502442,0.0,-0.0033918437289656663,False,0.0,0.0,-0.004846788479192317,0.006387438468197556,0.1848152533120094,0.18824968933114344,1.33,0.88,-0.03392751935434622,0.04471206927738289,0.026714582168776552,0.03520635376171881,
1791389487.5699213,balance,-0.01773675324075884,-0.04591851030862172,-0.007697923537583846,0.0013007571840666845,-2.074677764705643e-05,-0.010059576480822051,0.17702514383195786,9.608727242954579e-05,0.0,-0.003395290239479746,False,0.0,0.0,-0.0037184346266885765,0.005889951093606601,0.1848152533120094,0.18824968933114344,1.32,0.88,-0.026029042386820037,0.04122965765524621,0.02049530896600003,0.0324642973663356,
1791389487.579928,balance,-0.017744304288261858,-0.04561706238212465,-0.007693916373209233,-0.00019761417531853512,-2.074677764705643e-05,-0.010071134692699681,0.17702514383195786,-0.0010610073920010467,0.0,-0.0034084638678945124,False,0.0,0.0,-0.004417822020104247,0.0057027244857520585,0.1848152533120094,0.18824968933114344,1.33,0.86,-0.030924754140729732,0.03991907140026441,0.02435020011081081,0.03143233968524757,
1791389487.5899048,balance,-0.017792368455475265,-0.0453586781561231,-0.0077188113132716455,-0.006493227135103296,-2.074677764705643e-05,-0.010094303919850675,0.17702514383195786,-0.0006922354106806137,0.0,-0.0034227654121346935,False,0.0,0.0,-0.004530288580759933,0.005467177042496172,0.1848152533120094,0.18824968933114344,1.34,0.87,-0.03171202006531953,0.0382702392974732,0.024970094539621675,0.03013404669092378,
1791389487.5999,balance,-0.017902386807624487,-0.04511978087413943,-0.00780543019177728,-0.006167998532534635,-2.074677764705643e-05,-0.010117703393494264,0.17702514383195786,-0.0006554517486776052,0.0,-0.0034291018081702962,False,0.0,0.0,-0.0055631357299727995,0.005699874183762946,0.1848152533120094,0.18824968933114344,1.35,0.88,-0.038941950109809595,0.03989911928634062,0.03066295284236976,0.03141662935932332,
1791389487.609896,balance,-0.018030343296807097,-0.04503188696224005,-0.007909700333729747,-0.012956090172316909,-2.074677764705643e-05,-0.010141389740724406,0.17702514383195786,-0.0015318873870259645,0.0,-0.0034424193047157938,False,0.0,0.0,-0.007108177395535556,0.005551449544467877,0.1848152533120094,0.18824968933114344,1.34,0.88,-0.04975724176874889,0.03886014681127514,0.03917893052657393,0.03059854079627964,
1791389487.6199028,balance,-0.018195133220989902,-0.04503954506306281,-0.00805037915756619,-0.012440728702894034,-2.074677764705643e-05,-0.010165500841070768,0.17702514383195786,-0.000492645350562202,0.0,-0.003447278718437983,False,0.0,0.0,-0.00704943164947335,0.005636732924271911,0.1848152533120094,0.18824968933114344,1.33,0.88,-0.04934602154631345,0.03945713046990337,0.03885513507583736,0.031068606669215255,
1791389487.6299026,balance,-0.018315162834916566,-0.04509725056608725,-0.00814598008480117,-0.004149313909580901,-2.074677764705643e-05,-0.010189929527762452,0.17702514383195786,-0.0010789171093449137,0.0,-0.003457630172211474,False,0.0,0.0,-0.007441143400992404,0.006285679496539702,0.1848152533120094,0.18824968933114344,1.35,0.87,-0.05208800380694683,0.04399975647577792,0.04101417622594238,0.034645477539982615,
1791389487.6399043,balance,-0.018355000716534228,-0.04517897089617872,-0.008161308615238961,-0.0009384309171989615,-2.074677764705643e-05,-0.010214438878942323,0.17702514383195786,0.00012837967531624048,0.0,-0.0034578810723914365,False,0.0,0.0,-0.006641468249127128,0.0073619501121266065,0.1848152533120094,0.18824968933114344,1.34,0.87,-0.0464902777438899,0.05153365078488625,0.03660651790857472,0.040577677783374996,
1791389487.649948,balance,-0.018326876791921794,-0.04526688498388175,-0.008108767200935936,0.01244877571581019,-2.074677764705643e-05,-0.010238856368632915,0.17702514383195786,0.0014642611292160377,0.0,-0.0034503467341449774,False,0.0,0.0,-0.00557276240784128,0.009030257259472586,0.1848152533120094,0.18824968933114344,1.34,0.85,-0.03900933685488896,0.0632118008163081,0.030716013271566107,0.04977307150890402,
1791389487.6599002,balance,-0.01816308405395706,-0.04544229504757832,-0.00792105263605785,0.020388026272291356,-2.074677764705643e-05,-0.010262778195546267,0.17702514383195786,0.0019399036960340683,0.0,-0.003429370458711909,False,0.0,0.0,-0.005240246329917313,0.010984836331145205,0.1848152533120094,0.18824968933114344,1.33,0.85,-0.03668172430942119,0.07689385431801643,0.02888324748773322,0.0605463419826901,
1791389487.6699305,balance,-0.01795233740665578,-0.04562226329950363,-0.007687040458891816,0.025667010891509853,-2.074677764705643e-05,-0.010286043725411021,0.17702514383195786,0.0029985414888329845,0.0,-0.0034066312834231953,False,0.0,0.0,-0.0041011306705558215,0.012225602866916823,0.1848152533120094,0.18824968933114344,1.35,0.87,-0.02870791469389075,0.08557922006841777,0.022604657239284055,0.06738521265229745,
1791389487.6799076,balance,-0.01766672212032463,-0.04582951709372802,-0.007379051525988374,0.0303559244247229,-2.074677764705643e-05,-0.010308417371983314,0.17702514383195786,0.0025881016055314,0.0,-0.003374216856868887,False,0.0,0.0,-0.00464749540951082,0.013585396589116635,0.1848152533120094,0.18824968933114344,1.34,0.84,-0.03253246786657574,0.09509777612381645,0.025616116430374595,0.07488013868017043,
1791389487.6899033,balance,-0.017287600072206807,-0.04614591818014012,-0.006978706860608756,0.04380827681402902,-2.074677764705643e-05,-0.010329639989245108,0.17702514383195786,0.004515072505914095,0.0,-0.0033345952763645923,False,0.0,0.0,-0.002359312685307398,0.01567085317407527,0.1848152533120094,0.18824968933114344,1.34,0.87,-0.01651518879715179,0.1096959722185269,0.013004085667048653,0.08637478127443063,
1791389487.699962,balance,-0.016755670411406697,-0.04641300841466292,-0.006427103026471523,0.05945500196895932,-2.074677764705643e-05,-0.01034931416258223,0.17702514383195786,0.004905822802021175,0.0,-0.003286056878249127,False,0.0,0.0,-0.0008789879673152631,0.01776508732260633,0.1848152533120094,0.18824968933114344,1.33,0.87,-0.0061529157712068416,0.1243556112582443,0.004844815567879403,0.09791780414034984,
1791389487.7098982,balance,-0.01615021033248866,-0.046667792937036816,-0.005830549031078738,0.059623435377692165,-2.9652861172308614e-05,-0.01034931416258223,0.17694849231377188,0.008446394325322251,0.0,-0.003209481238109442,False,0.0,0.0,0.002614397602030776,0.01949082073886361,0.18461279140713438,0.18824968933114344,1.34,0.87,0.01830078321421543,0.1364357451720453,-0.014410065523004277,0.10742972060790967,
1791389487.7199092,balance,-0.0155689147093025,-0.04684198843965127,-0.005241379527780738,0.054743506549661036,-2.9652861172308614e-05,-0.01035718804269407,0.17694849231377188,0.013217734165749784,0.0,-0.003073232265814592,False,0.0,0.0,0.005254163514530881,0.020966885278164562,0.18461279140713438,0.18824968933114344,1.46,0.87,0.03677914460171616,0.14676819694715193,-0.028959956379304066,0.11556550940720624,
1791389487.729899,balance,-0.015201724229470501,-0.04708171502899328,-0.00487418904794874,0.02961056187208859,-2.9652861172308614e-05,-0.01035718804269407,0.17694849231377188,0.004413490952041462,0.0,-0.0030140511995131046,False,0.0,0.0,-0.00357483129646373,0.01944648678694724,0.18461279140713438,0.18824968933114344,1.47,0.87,-0.02502381907524611,0.13612540750863067,0.019703794547437883,0.10718536024301627,
1791389487.7399013,balance,-0.014691973661672825,-0.04731737958778901,-0.004357891822430836,0.06436525004570243,-2.9652861172308614e-05,-0.010363734700414297,0.17694849231377188,0.005086529638665659,0.0,-0.002958958947662953,False,0.0,0.0,0.0004237314519124362,0.02011265467826436,0.18461279140713438,0.18824968933114344,1.46,0.87,0.002966120163387053,0.1407885827478505,-0.002335527687706341,0.11085715176996103,
1791389487.7499077,balance,-0.013937823122317452,-0.047456055632935396,-0.0035983356711508496,0.08727661497740194,-2.9652861172308614e-05,-0.01036914031233891,0.17694849231377188,0.006934588823616461,0.0,-0.00288872102665012,False,0.0,0.0,0.005498877458464852,0.02180907156703858,0.18461279140713438,0.18824968933114344,1.47,0.87,0.03849214220925397,0.15266350096927006,-0.030308773393113362,0.1202074810781654,
1791389487.759906,balance,-0.013043802161893436,-0.047498941589056626,-0.00269564629392334,0.09637820157948472,-2.9652861172308614e-05,-0.010377808729142405,0.17694849231377188,0.007630608022420889,0.0,-0.00281646182402675,False,0.0,0.0,0.007831115409969853,0.02386369199659038,0.18461279140713438,0.18824968933114344,1.46,0.86,0.05481780786978897,0.16704584397613265,-0.043163628243928324,0.13153216061112807,
1791389487.7699199,balance,-0.01212207061862549,-0.04744222442985984,-0.0017707095157744913,0.08981676278100782,-2.9652861172308614e-05,-0.010381013964023307,0.17694849231377188,0.009553933977565739,0.0,-0.0027344531077473514,False,0.0,0.0,0.009971405058016752,0.025276266890871122,0.18461279140713438,0.18824968933114344,1.46,0.86,0.06979983540611727,0.17693386823609786,-0.054960500319777374,0.1393180064851164,
1791389487.7799873,balance,-0.01130613545880427,-0.04725682089810718,-0.0009533421944193429,0.08145128215796663,-2.9652861172308614e-05,-0.010382446125557237,0.17694849231377188,0.0077735574807450076,0.0,-0.0026598341239869993,False,0.0,0.0,0.007984185762311373,0.025558451601952716,0.18461279140713438,0.18824968933114344,1.47,0.86,0.055889300336179615,0.178909161213669,-0.044007323099354026,0.14087335528635356,
1791389487.7898996,balance,-0.010570847360819521,-0.04708081255368958,-0.00021673681467123708,0.07581333942325812,-2.9652861172308614e-05,-0.010383763407320593,0.17694849231377188,0.007968193407469843,0.0,-0.002578395499104255,False,0.0,0.0,0.008802703015502525,0.02546756700759623,0.18461279140713438,0.18824968933114344,1.46,0.88,0.061618921108517674,0.1782729690531736,-0.04851883551851785,0.14037241657730204,
1791389487.7999268,balance,-0.00994087183707744,-0.04698735995071026,0.0004212623836811029,0.0644852561825515,-2.074677764705643e-05,-0.0103828809984056,0.17702514383195786,0.005732225418546083,0.0,-0.0025144082292172837,False,0.0,0.0,0.0073632672453081355,0.024314928253340664,0.1848152533120094,0.18824968933114344,1.45,0.87,0.05154287071715695,0.17020449777338464,-0.040584937572564525,0.13401928958534223,
1791389487.8099241,balance,-0.009412637195676197,-0.046830024793829264,0.0009469560101785669,0.04582917931086115,-2.074677764705643e-05,-0.01038033998350182,0.17702514383195786,0.004067941563962419,0.0,-0.002466463255454341,False,0.0,0.0,0.006323072602025334,0.022753420767379493,0.1848152533120094,0.18824968933114344,1.33,0.86,0.04426150821417734,0.15927394537165646,-0.03485158127100578,0.1254125554107531,
1791389487.8199255,balance,-0.008929050291665694,-0.046564689255536904,0.0014265586509062973,0.051979521455317035,-2.074677764705643e-05,-0.010376355720219048,0.17702514383195786,0.0056967330639022835,0.0,-0.0024151618002697843,False,0.0,0.0,0.008830934762990647,0.02243877903017966,0.1848152533120094,0.18824968933114344,1.4000000000000001,0.88,0.061816543340934525,0.15707145321125762,-0.048674443575538996,0.12367830961516348,
1791389487.8299186,balance,-0.008428413566181845,-0.04629868419820706,0.001924594864192341,0.045004769285961616,-2.074677764705643e-05,-0.010373755208021243,0.17702514383195786,0.006678227480068847,0.0,-0.002357642497056635,False,0.0,0.0,0.010404198181072629,0.02218109493844126,0.1848152533120094,0.18824968933114344,1.33,0.87,0.0728293872675084,0.15526766456908883,-0.057345974226384565,0.12225800359770773,
1791389487.8399343,balance,-0.007970356124737961,-0.04594751600394426,0.0023793659770321406,0.04929241368570154,-2.074677764705643e-05,-0.010370468879417158,0.17702514383195786,0.005710355857274962,0.0,-0.002291951555229188,False,0.0,0.0,0.010160574716390595,0.022195693696959146,0.1848152533120094,0.18824968933114344,1.34,0.88,0.07112402301473417,0.15536985587871402,-0.05600316772813714,0.12233846919583781,
1791389487.8499138,balance,-0.007536564331323485,-0.04566973175756993,0.002808938033790946,0.044056578326347934,-2.074677764705643e-05,-0.010366249142761488,0.17702514383195786,0.0027199514565608637,0.0,-0.0022610071592860568,False,0.0,0.0,0.008049650427066676,0.021864665510981218,0.1848152533120094,0.18824968933114344,1.35,0.87,0.056347552989466726,0.15305265857686853,-0.04436815196021002,0.12051390439123506,
1791389487.8598874,balance,-0.007184479020660815,-0.04541727723490354,0.003151763149093093,0.03755724492842223,-2.074677764705643e-05,-0.010356988947400964,0.17702514383195786,0.0036408884211927305,0.0,-0.0022284093899506835,False,0.0,0.0,0.008866707216164749,0.021463129508501974,0.1848152533120094,0.18824968933114344,1.34,0.87,0.062066950513153245,0.1502419065595138,-0.04887161457728602,0.11830071382638882,
1791389487.8698988,balance,-0.00685612530185027,-0.045291823559314645,0.003474896692601783,0.03965853885864009,-2.074677764705643e-05,-0.01035176877209911,0.17702514383195786,0.0023705796872565644,0.0,-0.002206082945817441,False,0.0,0.0,0.007839427584224155,0.021826437231095917,0.1848152533120094,0.18824968933114344,1.35,0.86,0.054875993089569086,0.15278506061767141,-0.043209443377613455,0.12030319733674914,
1791389487.879896,balance,-0.006519476041029272,-0.04518322674980342,0.0038003136585870716,0.03502571016451513,-2.074677764705643e-05,-0.0103405364772634,0.17702514383195786,0.002189840105866187,0.0,-0.0021827751410267763,False,0.0,0.0,0.007501246301710545,0.022222696771819775,0.1848152533120094,0.18824968933114344,1.35,0.87,0.05250872411197381,0.15555887740273844,-0.04134545205667229,0.12248730504152633,
1791389487.8898957,balance,-0.006158360917614823,-0.04513815036475306,0.004155393876181682,0.038125088978477835,-2.074677764705643e-05,-0.010334501571443562,0.17702514383195786,0.004630107172283625,0.0,-0.0021486281562840526,False,0.0,0.0,0.00937759333000177,0.023478529631179093,0.1848152533120094,0.18824968933114344,1.33,0.87,0.0656431533100124,0.16434970741825367,-0.05168752229134835,0.12940921843956982,
1791389487.8999183,balance,-0.005898064481674403,-0.04509791139017143,0.00440906677665392,0.026819746187545988,-2.074677764705643e-05,-0.01032787803597538,0.17702514383195786,0.0052640121629414114,0.0,-0.002090368830992074,False,0.0,0.0,0.008818932978127286,0.023488696589101642,0.1848152533120094,0.18824968933114344,1.34,0.87,0.061732530846890996,0.1644208761237115,-0.04860829200542598,0.12946525679032403,
1791389487.9098938,balance,-0.005730871498379623,-0.045052499785848604,0.004569395370308776,0.019330971523475144,-2.074677764705643e-05,-0.010321013646335456,0.17702514383195786,0.004131631297939449,0.0,-0.0020533890578675064,False,0.0,0.0,0.007402080934916321,0.022698195997027187,0.1848152533120094,0.18824968933114344,1.34,0.89,0.05181456654441424,0.1588873719791903,-0.04079887129481436,0.1251081669127483,
1791389487.9199083,balance,-0.005588775416946648,-0.044971294455669476,0.0047044242145641395,0.015147295225419773,-2.074677764705643e-05,-0.010313946409157844,0.17702514383195786,0.0023580950730587376,0.0,1.2606192325331214e-05,False,0.0,0.0,0.006171737388078613,0.02194871269539426,0.1848152533120094,0.18824968933114344,1.35,0.87,0.04320216171655029,0.15364098886775984,-0.03401745017051204,0.12097715658878727,
1791389487.9299068,balance,-0.005456065700354485,-0.044879425498414525,0.00482272103767387,0.01799157627229013,-2.074677764705643e-05,-0.010299533515675412,0.17702514383195786,0.0018167775900503683,0.0,9.242392723720134e-06,False,0.0,0.0,0.006227951763624035,0.02173556460470576,0.1848152533120094,0.18824968933114344,1.33,0.87,0.04359566234536825,0.1521489522329403,-0.03432729318532933,0.11980232459286638,
1791389487.9399116,balance,-0.005338080620186623,-0.04465964735766248,0.004925971860826113,0.01558812109076205,-2.074677764705643e-05,-0.010284799258659792,0.17702514383195786,0.002492106704084109,0.0,1.271251901984394e-05,False,0.0,0.0,0.007111045058361425,0.02180304363227339,0.1848152533120094,0.18824968933114344,1.36,0.86,0.049777315408529976,0.15262130542591373,-0.03919473654214959,0.12017425624087695,
1791389487.9499202,balance,-0.005222889210293973,-0.04442274193551689,0.005026134836010623,0.01653176452869147,-2.074677764705643e-05,-0.010269770823951653,0.17702514383195786,0.0014761597895538974,0.0014126275910345664,3.1766099259665504e-07,False,0.0,0.0,0.005769733374666148,0.022175168670319205,0.1848152533120094,0.18824968933114344,1.35,0.87,0.04038813362266304,0.15522618069223443,-0.03180168001784491,0.12222533912774364,
1791389487.9599159,balance,-0.005124787961632519,-0.044190033401788884,0.005108957290841322,0.006946371467609474,-2.074677764705643e-05,-0.010254492030120898,0.17702514383195786,0.0002787126341895975,0.0002593513391244317,9.680647532582895e-08,False,0.0,0.0,0.004166728786643667,0.021907630258429716,0.1848152533120094,0.18824968933114344,1.32,0.86,0.029167101506505665,0.15335341180900802,-0.022966221658665877,0.12075071795984883,
1791389487.969909,balance,-0.005118463242875462,-0.044061310878682,0.005099937111870523,0.0009800591936199878,-2.074677764705643e-05,-0.010239147132393042,0.17702514383195786,0.0009695237127329419,0.0006399189974752151,1.648023576288634e-06,False,0.0,0.0,0.004114622739491672,0.02173648588708022,0.1848152533120094,0.18824968933114344,1.33,0.86,0.028802359176441705,0.15215540120956156,-0.022679022973576143,0.11980740252721382,
1791389487.9799001,balance,-0.00515313197605993,-0.04400894957029981,0.005050045896196255,-0.007800777267516447,-2.074677764705643e-05,-0.010223924649903241,0.17702514383195786,0.0003728972774741177,0.00022989335812828538,7.150195967291616e-07,False,0.0,0.0,0.0035118685325220885,0.02077627552232362,0.1848152533120094,0.18824968933114344,1.33,0.86,0.024583079727654618,0.14543392865626534,-0.019356755691066627,0.11451490445375223,
1791389487.9898934,balance,-0.005285076246328629,-0.04398243749992761,0.004903265451750993,-0.01182979111259636,-2.074677764705643e-05,-0.010209088475726678,0.17702514383195786,-0.000736885351235982,-0.0004187819379260241,-1.5905170665497895e-06,False,0.0,0.0,0.0026941077796983266,0.01940416012548464,0.1848152533120094,0.18824968933114344,1.33,0.85,0.018858754457888285,0.1358291208783925,-0.014849412958967153,0.10695206368377362,
1791389487.9998958,balance,-0.005372410870477941,-0.04387076481279757,0.004801444046110081,-0.007363902112630711,-2.074677764705643e-05,-0.010194601694235078,0.17702514383195786,0.0008116395601233999,0.00046883637104886566,1.7140159453726711e-06,False,0.0,0.0,0.004463619408173667,0.019027736366107197,0.1848152533120094,0.18824968933114344,1.34,0.87,0.03124533585721567,0.13319415456275038,-0.024602626659224937,0.10487728705728376,
1791389488.0098896,balance,-0.00549688956905936,-0.043662414735183515,0.004662884428995392,-0.004619543713813885,-2.074677764705643e-05,-0.010180520775701809,0.17702514383195786,0.001854422107618116,0.0010365960303749565,4.089130386215797e-06,False,0.0,0.0,0.005494426871361599,0.018546740414834017,0.1848152533120094,0.18824968933114344,1.33,0.87,0.0384609880995312,0.12982718290383813,-0.03028424259805606,0.10222612827073868,
1791389488.0199094,balance,-0.005575132637058599,-0.04339981919724498,0.004570824348535342,-0.010588633693230346,-2.074677764705643e-05,-0.010166703763240997,0.17702514383195786,0.0004329946895356789,0.00023665294234361615,9.817087359603137e-07,False,0.0,0.0,0.004331201848371275,0.018028834926110737,0.1848152533120094,0.18824968933114344,1.33,0.87,0.030318412938598924,0.12620184448277516,-0.02387276609338498,0.09937153108879934,
1791389488.0299015,balance,-0.005675234746565198,-0.0431300092620577,0.004457258087845544,-0.002784795458974942,-2.074677764705643e-05,-0.010153239612057798,0.17702514383195786,6.059715347097728e-05,3.4343980314775116e-05,1.3126586578101082e-07,False,0.0,0.0,0.004157565430944232,0.018362887583866408,0.1848152533120094,0.18824968933114344,1.34,0.87,0.02910295801660962,0.12854021308706487,-0.022915714973708364,0.1012127662102873,
1791389488.0398962,balance,-0.005767339739555445,-0.042936922878340306,0.004352004403406869,-0.008324770251443389,-2.074677764705643e-05,-0.010140090920609371,0.17702514383195786,0.0007441784256409018,0.0004321818321853904,1.5599829672775573e-06,False,0.0,0.0,0.004234681639711865,0.018223453594493916,0.1848152533120094,0.18824968933114344,1.34,0.86,0.029642771477983054,0.1275641751614574,-0.02334076494329374,0.10044423241059638,
1791389488.0499425,balance,-0.005903042930439433,-0.04283172352151505,0.00420357962196137,-0.01824498079418295,-2.074677764705643e-05,-0.01012736933004786,0.17702514383195786,-0.0015149558937776432,-0.0008868764735899808,-3.140397100938312e-06,False,0.0,0.0,0.002021615856020676,0.017476723789089578,0.1848152533120094,0.18824968933114344,1.35,0.87,0.014151310992144731,0.12233706652362705,-0.011142764560743883,0.09632839883750162,
1791389488.059928,balance,-0.006065479705546719,-0.042816602511154794,0.004028937559044394,-0.01562677210644526,-2.074677764705643e-05,-0.010115164042238169,0.17702514383195786,0.0004367869956131705,0.0002631705201053876,8.680823775389146e-07,False,0.0,0.0,0.003570291161599842,0.017259440681883183,0.1848152533120094,0.18824968933114344,1.35,0.85,0.024992038131198897,0.12081608477318229,-0.019678770182046376,0.09513077541195455,
1791389488.0699146,balance,-0.006133368975346833,-0.04279592419005842,0.003949160811009916,0.0035528741491363263,-2.074677764705643e-05,-0.010103276564003805,0.17702514383195786,0.00012159117756437807,7.458362498700738e-05,2.3503776288685348e-07,False,0.0,0.0,0.004026513850901275,0.01819699413170275,0.1848152533120094,0.18824968933114344,1.33,0.86,0.02818559695630892,0.12737895892191925,-0.022193383430164505,0.10029839285190492,
1791389488.0798984,balance,-0.006059372688994674,-0.042702362662893636,0.004017122361716032,0.011795816688043038,-2.074677764705643e-05,-0.010097241828357762,0.17702514383195786,0.0015583842315280152,0.0009728662626052909,2.9275898446136217e-06,False,0.0,0.0,0.005511153930350622,0.019698914866810472,0.1848152533120094,0.18824968933114344,1.33,0.85,0.03857807751245435,0.1378924040676733,-0.03037643898618453,0.1085766961162782,
1791389488.089905,balance,-0.005873484517257398,-0.042536954868066044,0.004196706017653127,0.026129996498958512,-2.074677764705643e-05,-0.010090937312557582,0.17702514383195786,0.00247812501615955,0.001566303297443685,4.559108593579326e-06,False,0.0,0.0,0.006563424188293872,0.02178862076822073,0.1848152533120094,0.18824968933114344,1.33,0.88,0.0459439693180571,0.1525203453775451,-0.03617635379374575,0.12009476013979929,
1791389488.0999172,balance,-0.005571161863171713,-0.04233766508784379,0.004476851585166378,0.03164025878938323,-2.9652861172308614e-05,-0.010077666309510399,0.17694849231377188,0.004528307045698113,0.0018113228182792453,1.3584921137094341e-05,False,0.0,0.0,0.008102176074435455,0.023384448606756078,0.18461279140713438,0.18824968933114344,1.33,0.85,0.05671523252104819,0.16369114024729253,-0.04465766340240015,0.12889066161204135,
1791389488.109902,balance,-0.005269453680823048,-0.042182755626839916,0.004773317465619086,0.0343677750640876,-2.074677764705643e-05,-0.01006351792408919,0.17702514383195786,0.0034047031780879236,0.0013618812712351694,1.021410953426377e-05,False,0.0,0.0,0.006613976162489801,0.024496049415594717,0.1848152533120094,0.18824968933114344,1.46,0.88,0.04629783313742861,0.17147234590916302,-0.03645498672238473,0.13501759520406537,
1791389488.1198936,balance,-0.004993457755588039,-0.04221689661023316,0.005032997425164759,0.022307620795755052,-2.9652861172308614e-05,-0.010056108041925107,0.17694849231377188,0.0012678477617490982,0.0005293496303886017,3.692490656802482e-06,False,0.0,0.0,0.004392470584063739,0.024622045028410457,0.18461279140713438,0.18824968933114344,1.34,0.88,0.030747294088446175,0.1723543151988732,-0.02421046778617809,0.13571205921171117,
1791389488.1298833,balance,-0.004681772569706879,-0.04230018065289243,0.005337768821844305,0.0450153000723095,-2.074677764705643e-05,-0.01004028816919824,0.17702514383195786,0.0022789441099983344,0.0010188145181525396,6.3006479592289745e-06,False,0.0,0.0,0.006657786893794301,0.025957656921413327,0.1848152533120094,0.18824968933114344,1.44,0.88,0.04660450825656011,0.18170359844989328,-0.03669646319414182,0.1430736995668451,
1791389488.139928,balance,-0.004356175618600083,-0.04243556831504522,0.005645977999891709,0.03759587660835875,-2.9652861172308614e-05,-0.0100318064796641,0.17694849231377188,0.0014211844297098602,0.0006596512846303647,3.8076657253974775e-06,False,0.0,0.0,0.006388368955514844,0.026182623350329698,0.18461279140713438,0.18824968933114344,1.35,0.9,0.0447185826886039,0.18327836345230789,-0.03521148243197158,0.14431367200969125,
1791389488.1498823,balance,-0.003921148733658394,-0.04255431955683037,0.006071971044638535,0.058548940199752326,-2.074677764705643e-05,-0.010013866555943985,0.17702514383195786,0.0035760948588668203,0.00170434079886729,9.358770299997652e-06,False,0.0,0.0,0.009095720240442905,0.02813241686976533,0.1848152533120094,0.18824968933114344,1.44,0.87,0.06367004168310034,0.1969269180883573,-0.05013389108905538,0.1550605654239034,
1791389488.1598933,balance,-0.0034178744325955397,-0.04261882368177674,0.006555823899631532,0.0415093210586445,-2.074677764705643e-05,-0.009994445109874128,0.17702514383195786,0.003963950065083762,0.002037085419616712,9.63432322733525e-06,False,0.0,0.0,0.008849839768473198,0.028942575333398526,0.1848152533120094,0.18824968933114344,1.34,0.87,0.061948878379312386,0.20259802733378968,-0.048778644393159355,0.15952600577463755,
1791389488.1699076,balance,-0.002826762165314838,-0.04264290578053067,0.007125890854706321,0.053769510287639766,-2.074677764705643e-05,-0.009973399797668215,0.17702514383195786,0.0031803853891965847,0.0016047440833311358,7.878206529327245e-06,False,0.0,0.0,0.008965896462101504,0.0302535575426404,0.1848152533120094,0.18824968933114344,1.41,0.88,0.06276127523471053,0.21177490279848282,-0.04941832695646499,0.1667518919673093,
1791389488.1798952,balance,-0.0022256265104730146,-0.042751248845952335,0.007695326219093312,0.04346558723862438,-2.9652861172308614e-05,-0.009950605590738635,0.17694849231377188,0.0037713985237060018,0.0019498585847818196,9.107699694620912e-06,False,0.0,0.0,0.009073358044240606,0.030865511547187682,0.18461279140713438,0.18824968933114344,1.35,0.86,0.06351350630968425,0.21605858083031376,-0.050010634889515154,0.17012486679552263,
1791389488.1899092,balance,-0.001630210926835895,-0.042895673859158816,0.008299647886255684,0.06969528098656783,-2.074677764705643e-05,-0.009950605590738635,0.17702514383195786,0.004021990208636071,0.001704264666928145,1.1588627708539628e-05,False,0.0,0.0,0.010342239861223982,0.03268494477790749,0.1848152533120094,0.18824968933114344,1.46,0.85,0.07239567902856787,0.22879461344535243,-0.0570044716760377,0.18015323893334836,
1791389488.1998918,balance,-0.0010896757726407218,-0.043229029221484076,0.008805107532502032,0.054913514054116166,-2.9652861172308614e-05,-0.009924436166315062,0.17694849231377188,0.005173197044918371,0.0028917448185503142,1.1407261131840285e-05,False,0.0,0.0,0.01073445075848388,0.03258450239287063,0.18461279140713438,0.18824968933114344,1.33,0.88,0.07514115530938716,0.22809151675009443,-0.05916626402313949,0.17959961948826333,
1791389488.209902,balance,-0.0004594363518076618,-0.04354158588210967,0.009416362914772169,0.0741042042389988,-2.074677764705643e-05,-0.009896546044226887,0.17702514383195786,0.003963551628683749,0.002271025237956891,8.46263195363429e-06,False,0.0,0.0,0.011528019691354311,0.034226576603577995,0.1848152533120094,0.18824968933114344,1.46,0.88,0.08069613783948018,0.23958603622504596,-0.06354026601533873,0.18865042222444564,
1791389488.2198923,balance,0.00019808093574881196,-0.043890755149766585,0.010035172446625848,0.06302747590672284,-2.9652861172308614e-05,-0.009866744372049345,0.17694849231377188,0.004194876888760722,0.002592687514906713,8.010946869270046e-06,False,0.0,0.0,0.01210969160473475,0.034576088571303794,0.18461279140713438,0.18824968933114344,1.34,0.88,0.08476784123314325,0.24203261999912656,-0.06674633167964035,0.19057686614104455,
1791389488.2298942,balance,0.0009624521411898351,-0.04414492824822265,0.010767643776364728,0.0839261066606863,-2.9652861172308614e-05,-0.009834844496347202,0.17694849231377188,0.004917694001066038,0.003008852187782182,9.544209066419281e-06,False,0.0,0.0,0.014386148775719705,0.03624897804430696,0.18461279140713438,0.18824968933114344,1.46,0.87,0.10070304143003794,0.25374284631014876,-0.07929373340947869,0.1997975167796447,
1791389488.2399395,balance,0.001748195288959687,-0.04441675018764934,0.011519245668426848,0.07637069366364108,-2.9652861172308614e-05,-0.00980070324063947,0.17694849231377188,0.006936874680831509,0.004308975913274376,1.3139493837785668e-05,False,0.0,0.0,0.016006781389540613,0.03692440472879614,0.18461279140713438,0.18824968933114344,1.46,0.86,0.11204746972678428,0.258470833101573,-0.08822635411557818,0.2035203410248606,
1791389488.2499113,balance,0.0025856270441521846,-0.04470073591645276,0.012320127510810148,0.08002768157896493,-2.9652861172308614e-05,-0.009764153327830271,0.17694849231377188,0.007215408998212341,0.0028861635992849365,2.1646226994637025e-05,False,0.0,0.0,0.01736579220271042,0.03810078468349931,0.18461279140713438,0.18824968933114344,1.47,0.86,0.12156054541897293,0.2667054927844952,-0.09571696489682908,0.21000432502716154,
1791389488.2599032,balance,0.0032949912967826984,-0.045099839085272424,0.012990851630517199,0.0688713547364259,-2.9652861172308614e-05,-0.00972551319490681,0.17694849231377188,0.004691777456725125,0.0018767109826900502,1.4075332370175375e-05,False,0.0,0.0,0.015473852362989387,0.03729047633443526,0.18461279140713438,0.18824968933114344,1.47,0.87,0.10831696654092571,0.2610333343410468,-0.08528895003222496,0.20553805853625734,
1791389488.2699232,balance,0.003999696215360773,-0.04556304979760173,0.013654923936237951,0.07520652467861001,-2.9652861172308614e-05,-0.009684880582049487,0.17694849231377188,0.0028956409407874728,0.0012900106978403151,8.028151214735788e-06,False,0.0,0.0,0.015638255990638335,0.037435372430968256,0.18461279140713438,0.18824968933114344,1.47,0.86,0.10946779193446834,0.26204760701677776,-0.08619511175942389,0.20633669843840768,
1791389488.279912,balance,0.00477385385861648,-0.04601350765276309,0.014407437957124417,0.08026565658466296,-2.9652861172308614e-05,-0.009663236959680245,0.17694849231377188,0.00635368670155735,0.003828188683795863,1.2627490088807437e-05,False,0.0,0.0,0.02003724234494211,0.03810612275285888,0.18461279140713438,0.18824968933114344,1.46,0.86,0.14026069641459477,0.2667428592700122,-0.1104414932398384,0.2100337474567025,
1791389488.2899122,balance,0.005479664950113396,-0.04633155516923584,0.015091001632088246,0.07448026499621155,-2.9652861172308614e-05,-0.009640989543147158,0.17694849231377188,0.009401593672901967,0.004568424926040073,2.4165843734309466e-05,False,0.0,0.0,0.02287212251181883,0.03818939284881339,0.18461279140713438,0.18824968933114344,1.46,0.86,0.1601048575827318,0.2673257499416937,-0.126066816994277,0.2104927164895226,
1791389488.300011,balance,0.006152022378088459,-0.04654212529415554,0.01576335906006331,0.06849669333135763,-2.9652861172308614e-05,-0.009640989543147158,0.17694849231377188,0.009665929977453342,0.004681844732153973,2.4920426226496848e-05,False,0.0,0.0,0.023120265002602,0.03822856486817693,0.18461279140713438,0.18824968933114344,1.46,0.86,0.161841855018214,0.2675999540772385,-0.1274345315104047,0.21070862525766812,
1791389488.3099003,balance,0.00678258984712159,-0.04667759555028372,0.016369715274542784,0.06207263646347238,-2.9652861172308614e-05,-0.009616778288593503,0.17694849231377188,0.013350937798608164,0.0069025960841505515,3.224170857228806e-05,False,0.0,0.0,0.02650010351837269,0.03760774593361789,0.18461279140713438,0.18824968933114344,1.46,0.86,0.18550072462860884,0.26325422153532524,-0.146063562699692,0.20728678861049232,
1791389488.3199027,balance,0.007225062705963651,-0.046782531587860755,0.016812188133384844,0.032550542897029605,-2.9652861172308614e-05,-0.009616778288593503,0.17694849231377188,0.02793713799904048,0.014574130169369563,6.681503914835459e-05,False,0.0,0.0,0.03162355762309154,0.0364871313771126,0.18461279140713438,0.18824968933114344,1.45,0.87,0.22136490336164077,0.2554099196397882,-0.17430307351310298,0.20111017294471512,
1791389488.3298998,balance,0.0073211356003337,-0.04697394311726677,0.016908261027754893,-0.012707244633149192,-2.9652861172308614e-05,-0.009616778288593503,0.17694849231377188,0.041464447133324124,0.022404523423889575,9.529961854717275e-05,False,0.0,0.0,0.03148675660582989,0.0343281856683522,0.18461279140713438,0.18824968933114344,1.48,0.86,0.22040729624080924,0.2402972996784654,-0.1735490521581175,0.18921047218776801,
1791389488.339905,balance,0.0065275708941661004,-0.04722680921587569,0.016114696321587296,-0.1299688820075959,-2.9652861172308614e-05,-0.009616778288593503,0.17694849231377188,0.05077258579360498,0.02932833247879371,0.00010722126657405635,False,0.0,0.0,0.02165824321682877,0.027419549142361287,0.18461279140713438,0.18824968933114344,1.46,0.88,0.1516077025178014,0.19193684399652902,-0.11937614371480425,0.1511313732256134,
1791389488.3498838,balance,0.004706192940087318,-0.04768700965501446,0.014293318367508513,-0.20692831234473086,-2.9652861172308614e-05,-0.009616778288593503,0.17694849231377188,0.04402122388796462,0.026249688010394717,8.88576793878495e-05,False,0.0,0.0,0.009399735625681055,0.018463100955824204,0.18461279140713438,0.18824968933114344,1.46,0.85,0.06579814937976738,0.12924170669076943,-0.05180956644076172,0.1017651233785586,
1791389488.3599064,balance,0.0025452856450364535,-0.048315594170109485,0.012132411072457647,-0.20842184546784248,-2.9652861172308614e-05,-0.009616778288593503,0.17694849231377188,0.040488737205718724,0.024520940082826022,7.983898561446352e-05,False,0.0,0.0,0.00592466569283976,0.011131005105624769,0.18461279140713438,0.18824968933114344,1.36,0.85,0.04147265984987832,0.07791703573937338,-0.03265563767706955,0.061351996645175884,
1791389488.3699203,balance,0.0005830732777232109,-0.048853252942086076,0.010179104788669657,-0.17118817473448805,-2.074677764705643e-05,-0.009616778288593503,0.17702514383195786,0.034723898465120036,0.021407487014989363,6.658205725065336e-05,False,0.0,0.0,0.007774930383224683,0.006983892674237253,0.1848152533120094,0.18824968933114344,1.43,0.88,0.054424512682572784,0.04888724871966077,-0.0428539469941518,0.03849389662965415,
1791389488.3799036,balance,-0.0009234481871363197,-0.049396274550496694,0.008672583323810127,-0.12509955112153318,-2.074677764705643e-05,-0.009616778288593503,0.17702514383195786,0.026146759528270565,0.016363515576794323,4.8916219757381215e-05,False,0.0,0.0,0.009826911620236998,0.006098014345822966,0.1848152533120094,0.18824968933114344,1.33,0.87,0.06878838134165899,0.042686100420760764,-0.05416407979658188,0.03361110269351241,
1791389488.3898988,balance,-0.0018745020038245554,-0.04964899250238013,0.007721529507121891,-0.06730394634384794,-2.074677764705643e-05,-0.009616778288593503,0.17702514383195786,0.015065136717058175,0.0060260546868232704,4.519541015117453e-05,False,0.0,0.0,0.009912172752694928,0.008378711881357522,0.1848152533120094,0.18824968933114344,1.34,0.86,0.06938520926886449,0.05865098316950265,-0.05463402304634999,0.04618187651141941,
1791389488.3999107,balance,-0.0024058558913573826,-0.049721773932072805,0.007179390356159681,-0.01609683640641487,-2.074677764705643e-05,-0.00960599302516412,0.17702514383195786,0.00663494149090259,0.0026670632659683445,1.983939112467123e-05,False,0.0,0.0,0.010553722472776209,0.011839019396176055,0.1848152533120094,0.18824968933114344,1.35,0.85,0.07387605730943346,0.08287313577323238,-0.05817012386569564,0.06525443761671841,
1791389488.4099116,balance,-0.0024365377475227775,-0.04969726645703175,0.007148708499994286,0.024395240429824203,-2.074677764705643e-05,-0.00960599302516412,0.17702514383195786,0.0021838940911229803,0.0009321860929718947,6.258539990755428e-06,False,0.0,0.0,0.012439933358991257,0.015966942388572814,0.1848152533120094,0.18824968933114344,1.33,0.86,0.0870795335129388,0.1117685967200097,-0.06856656182121165,0.08800676907087378,
1791389488.4199307,balance,-0.002236075218351595,-0.04985326967184681,0.007327263553044898,0.02886823545081255,-2.074677764705643e-05,-0.00958408554904355,0.17702514383195786,0.0020702875735103213,0.0012892182255213164,3.9053467399450244e-06,False,0.0,0.0,0.013784033241018588,0.019265940591384874,0.1848152533120094,0.18824968933114344,1.34,0.81,0.09648823268713011,0.13486158413969412,-0.07597498636781898,0.10619022373204262,
1791389488.4298995,balance,-0.00208522660700892,-0.05033623067653555,0.007455773858181393,0.01822524729429097,-2.074677764705643e-05,-0.009561747242837369,0.17702514383195786,0.0029097062857821885,0.0013550810414428597,7.773126221696643e-06,False,0.0,0.0,0.012590558150839709,0.02126440093799532,0.1848152533120094,0.18824968933114344,1.34,0.8200000000000001,0.08813390705587797,0.14885080656596725,-0.06939677720935272,0.11720535950076161,
1791389488.4399397,balance,-0.0019959157099939187,-0.05103093865487587,0.007522489402644316,0.00047752222945975786,-2.074677764705643e-05,-0.00953915189028529,0.17702514383195786,0.0034509312690959495,0.0016500535270351862,9.004388710303817e-06,False,0.0,0.0,0.010130692637101105,0.02229606557732784,0.1848152533120094,0.18824968933114344,1.35,0.85,0.07091484845970773,0.15607245904129488,-0.05583846335410057,0.12289170003251565,
1791389488.449932,balance,-0.00199766595207599,-0.05174219661898496,0.0074981860026813035,0.0003605017788341329,-2.074677764705643e-05,-0.00951659873240435,0.17702514383195786,0.0036172948519138395,0.0017352232396865472,9.410358061136462e-06,False,0.0,0.0,0.008112596466335302,0.02314094395421381,0.1848152533120094,0.18824968933114344,1.35,0.85,0.05678817526434711,0.16198660767949666,-0.04471509863334418,0.12754850998385564,
1791389488.4599104,balance,-0.0019218511293812607,-0.052344292621014046,0.007562707562540087,0.0139121334321659,-2.074677764705643e-05,-0.009505305469568404,0.17702514383195786,0.0020705953238139,0.0010576470788891494,5.064741224623752e-06,False,0.0,0.0,0.006692408626367998,0.024546999963256537,0.1848152533120094,0.18824968933114344,1.35,0.8300000000000001,0.046846860384575986,0.17182899974279575,-0.036887291641398416,0.13529842499432737,
1791389488.4698958,balance,-0.0016862640551203406,-0.05270711378546807,0.00777770447044584,0.03202978864106349,-2.9652861172308614e-05,-0.00949362138673849,0.17694849231377188,0.00019343008666577246,0.00010481696384092138,4.4306561412425543e-07,False,0.0,0.0,0.006491209064365285,0.026758457764174747,0.18461279140713438,0.18824968933114344,1.35,0.86,0.04543846345055699,0.18730920434922324,-0.03577831767760393,0.14748756247970335,
1791389488.4799232,balance,-0.0013088545346934036,-0.05278942640789193,0.008130906596850946,0.04508606454170323,-2.9652861172308614e-05,-0.009469413992716658,0.17694849231377188,-0.0009804518353949316,-0.0005511072697522026,-2.1467228282136454e-06,False,0.0,0.0,0.006834871489543661,0.02849877626779518,0.18461279140713438,0.18824968933114344,1.3800000000000001,0.8300000000000001,0.047844100426805626,0.19949143387456625,-0.03767252002110679,0.15707986919257186,
1791389488.4898977,balance,-0.0008936221597844559,-0.052726092329911864,0.008520774075811975,0.04739786561605011,-2.9652861172308614e-05,-0.00944404909676874,0.17694849231377188,-1.9369385297661347e-05,-1.1308998937786143e-05,-4.030193179937602e-08,False,0.0,0.0,0.0075714971845071925,0.0298122948308549,0.18461279140713438,0.18824968933114344,1.47,0.85,0.05300048029155035,0.20868606381598429,-0.04173266164689004,0.1643197352881766,
1791389488.4999354,balance,-0.0005165181458698287,-0.0527582929395373,0.008884531272592013,0.0289304587278516,-2.9652861172308614e-05,-0.00943070227963415,0.17694849231377188,0.0014386704627820759,0.0008444544533701879,2.97108004705944e-06,False,0.0,0.0,0.0076646644387236736,0.029885201461109144,0.18461279140713438,0.18824968933114344,1.3800000000000001,0.85,0.05365265107106572,0.209196410227764,-0.04224618194572104,0.1647215828565071,
1791389488.5098934,balance,-0.0003298638118814368,-0.052826127848667415,0.009066566860876223,0.018361185173594256,-2.074677764705643e-05,-0.009417177450404716,0.17702514383195786,0.0010279087921912051,0.0006161340490530068,2.0588737156909916e-06,False,0.0,0.0,0.0063580125942891055,0.028931285317417257,0.1848152533120094,0.18824968933114344,1.45,0.84,0.044506088160023737,0.2025189972219208,-0.0350441639055305,0.15946377734009512,
1791389488.519889,balance,-0.0002786272215073402,-0.05304342036652884,0.009104126746073443,0.006564278463446077,-2.074677764705643e-05,-0.00940350074522784,0.17702514383195786,-0.0006508890577630782,-0.0004053243843017124,-1.2278233673068289e-06,False,0.0,0.0,0.004861704015933415,0.027110939619913198,0.1848152533120094,0.18824968933114344,1.35,0.86,0.0340319281115339,0.18977657733939238,-0.02679679378860937,0.14943037585778926,
1791389488.5299008,balance,-0.00031692568960338776,-0.053105753621983345,0.00905222953556043,0.0014125467260882353,-2.074677764705643e-05,-0.009389902002810873,0.17702514383195786,0.0022857574985991553,0.0009143029994396622,6.857272495797466e-06,False,0.0,0.0,0.008131205741534456,0.02574475574088918,0.1848152533120094,0.18824968933114344,1.35,0.84,0.056918440190741194,0.18021329018622426,-0.0448176694415285,0.14190022849308997,
1791389488.5399086,balance,-0.0004014216253462764,-0.052965653627260155,0.008967733599817541,-0.011754498290187158,-2.074677764705643e-05,-0.009389902002810873,0.17702514383195786,-0.0014251438811463278,-0.0005700575524585312,-4.275431643438984e-06,False,0.0,0.0,0.005373979199672844,0.02333830260051886,0.1848152533120094,0.18824968933114344,1.35,0.8300000000000001,0.03761785439770991,0.163368118203632,-0.02962035779347237,0.12863631354616692,
1791389488.549895,balance,-0.0005167741135311311,-0.05266267568468119,0.008825774128589536,-0.013487188766440804,-2.074677764705643e-05,-0.009363295019767725,0.17702514383195786,-0.00031297679839529743,-0.00013116008863406822,-9.090835488061461e-07,False,0.0,0.0,0.007661410083197621,0.021551186088484196,0.1848152533120094,0.18824968933114344,1.35,0.84,0.053629870582383346,0.15085830261938937,-0.04222824455305775,0.1187860650546373,
1791389488.5598903,balance,-0.0007005587197794655,-0.052275124131560456,0.008615942078027095,-0.03061038212029731,-2.074677764705643e-05,-0.009337247575453617,0.17702514383195786,-0.0005919840302304251,-0.00026741059981009557,-1.6228671521016476e-06,False,0.0,0.0,0.007847284963779542,0.01892740033434844,0.1848152533120094,0.18824968933114344,1.34,0.8300000000000001,0.054930994746456796,0.13249180234043906,-0.04325275176886362,0.10432425381136934,
1791389488.5699012,balance,-0.0010635433634811082,-0.051878279749291455,0.008240337565479278,-0.042882279190853086,-2.074677764705643e-05,-0.009324627706607443,0.17702514383195786,-0.0035220624179220935,-0.0016238356857957914,-9.49113366063151e-06,False,0.0,0.0,0.005373478449534779,0.015658375095155184,0.1848152533120094,0.18824968933114344,1.35,0.85,0.037614349146743456,0.10960862566608628,-0.029617597753341305,0.08630600446148526,
1791389488.5798907,balance,-0.0016153044822278307,-0.05155789370529614,0.0076651675707922595,-0.06205192488003297,-2.074677764705643e-05,-0.009301218830667146,0.17702514383195786,-0.002175610842365793,-0.0010165872005183628,-5.795118209237152e-06,False,0.0,0.0,0.006544400179567699,0.012088045693030978,0.1848152533120094,0.18824968933114344,1.35,0.85,0.04581080125697389,0.08461631985121684,-0.036071497052735345,0.06662702350489515,
1791389488.5898986,balance,-0.0023622113486281727,-0.051286312043202754,0.00690788331333533,-0.07448163260561153,-2.074677764705643e-05,-0.009290841439610559,0.17702514383195786,-0.0043344882908991425,-0.0020994773621022937,-1.1175054643984244e-05,False,0.0,0.0,0.004749762710108577,0.008702472536503999,0.1848152533120094,0.18824968933114344,1.36,0.8200000000000001,0.033248338970760044,0.06091730775552799,-0.026179794465165388,0.04796638405947086,
1791389488.5998914,balance,-0.00326977949610673,-0.05095452114922413,0.005981760259367684,-0.08753328232165704,-2.074677764705643e-05,-0.00927228653312147,0.17702514383195786,-0.005235232239266245,-0.0026904010110660325,-1.2724156141001064e-05,False,0.0,0.0,0.0037903757341761018,0.004905403650286557,0.1848152533120094,0.18824968933114344,1.36,0.8300000000000001,0.026532630139232714,0.0343378255520059,-0.02089183475530135,0.027037657914965277,
1791389488.609887,balance,-0.004214017757561427,-0.05047624013371757,0.0050218574355299795,-0.08070871749841105,-2.074677764705643e-05,-0.009256621970738463,0.17702514383195786,-0.006409125755193176,-0.0034431217708794947,-1.4830019921568407e-05,False,0.0,0.0,0.003917838441644878,0.0025441741108356945,0.1848152533120094,0.18824968933114344,1.35,0.8300000000000001,0.027424869091514145,0.01780921877584986,-0.02159438511142846,0.014023006910118001,
1791389488.6199002,balance,-0.005259821889816129,-0.04986473135232967,0.003963499898423282,-0.10019690083832987,-2.074677764705643e-05,-0.009244068565886467,0.17702514383195786,-0.006040128976987033,-0.002925631170347862,-1.5572489033195855e-05,False,0.0,0.0,0.0038785361112378745,-0.0007953363677690728,0.1848152533120094,0.18824968933114344,1.34,0.84,0.02714975277866512,-0.0055673545743835096,-0.021377758093437102,-0.004383743759357094,
1791389488.6299112,balance,-0.0063859408138235456,-0.049094210003912425,0.0028281534993068813,-0.11464007452635039,-2.074677764705643e-05,-0.009234841090777483,0.17702514383195786,-0.008428026026648544,-0.00499939553796923,-1.714315244339657e-05,False,0.0,0.0,0.000998472254584548,-0.0037221558073807373,0.1848152533120094,0.18824968933114344,1.33,0.85,0.006989305782091835,-0.026055090651665162,-0.00550339037959987,-0.02051581941075997,
1791389488.6398966,balance,-0.007650913546726144,-0.04830396757999522,0.0015577186906097305,-0.12432095245706298,-2.074677764705643e-05,-0.009229379014982931,0.17702514383195786,-0.010658341063619884,-0.006173265246935718,-2.242537908342083e-05,False,0.0,0.0,-0.0018288837780557705,-0.006552112809484233,0.1848152533120094,0.18824968933114344,1.35,0.84,-0.012802186446390394,-0.04586478966638963,0.010080461768811333,-0.03611400761133041,
1791389488.6499019,balance,-0.008998864723604613,-0.047515569322547795,0.00020832007243372017,-0.1310000132176302,-2.074677764705643e-05,-0.009227931573685389,0.17702514383195786,-0.010397864572201152,-0.006668975208377289,-1.864444681911932e-05,False,0.0,0.0,-0.002221291978526306,-0.009070337610632617,0.1848152533120094,0.18824968933114344,1.35,0.86,-0.015549043849684141,-0.06349236327442832,0.01224334161392452,-0.04999398683025852,
1791389488.6599023,balance,-0.010408123324863908,-0.04678248221108334,-0.0011981741306968576,-0.13371454514414222,-2.074677764705643e-05,-0.009230695971814107,0.17702514383195786,-0.009751955547185269,-0.00614858044708677,-1.8016875500492495e-05,False,0.0,0.0,-0.003515287355938671,-0.010669306371487776,0.1848152533120094,0.18824968933114344,1.34,0.8300000000000001,-0.0246070114915707,-0.07468514460041444,0.019375599599661966,-0.058807200472767274,
1791389488.6698883,balance,-0.011782449381449414,-0.046061726302666806,-0.002569442936408489,-0.12466237830906249,-2.074677764705643e-05,-0.009233753222687982,0.17702514383195786,-0.008102896547585335,-0.0033957042017909098,-2.3535961728972126e-05,False,0.0,0.0,-0.0041246281382069675,-0.01104277115365709,0.1848152533120094,0.18824968933114344,1.34,0.8200000000000001,-0.028872396967448772,-0.07729939807559963,0.022734170840510843,-0.0608656677760627,
1791389488.6798942,balance,-0.013054412601282869,-0.045341388286361424,-0.0038363724912910766,-0.1177918854580817,-2.074677764705643e-05,-0.009238786887638848,0.17702514383195786,-0.008854089854476164,-0.003751802394841702,-2.551143729817231e-05,False,0.0,0.0,-0.007131001020583829,-0.010015142665532254,0.1848152533120094,0.18824968933114344,1.33,0.8300000000000001,-0.0499170071440868,-0.07010599865872577,0.03930473003471401,-0.055201573747028165,
1791389488.6899037,balance,-0.014197932864766404,-0.04463541657650645,-0.004965617038864868,-0.10841915621018522,-2.074677764705643e-05,-0.009253062603548592,0.17702514383195786,-0.009560099659227345,-0.004571136001108623,-2.4944818290593614e-05,False,0.0,0.0,-0.009125666956043499,-0.008511849013166685,0.1848152533120094,0.18824968933114344,1.33,0.8300000000000001,-0.06387966869230449,-0.059582943092166794,0.050298951726224006,-0.04691570322217858,
1791389488.6998956,balance,-0.015234489734899489,-0.04392075397449166,-0.005993170648134457,-0.08601115187910384,-2.074677764705643e-05,-0.009262065864412089,0.17702514383195786,-0.006935748841709136,-0.0035643014184313718,-1.685723711638882e-05,False,0.0,0.0,-0.0087955714885442,-0.00580052217616492,0.1848152533120094,0.18824968933114344,1.34,0.8300000000000001,-0.0615690004198094,-0.04060365523315444,0.048479527889613704,-0.03197138207334996,
1791389488.7099118,balance,-0.016125697096448344,-0.04326792921651576,-0.006864244222636706,-0.0766805830274876,-2.074677764705643e-05,-0.009282199651458694,0.17702514383195786,-0.006403991172050822,-0.0037091641098861336,-1.3474135310823442e-05,False,0.0,0.0,-0.010576808667367717,-0.0035980256006706048,0.1848152533120094,0.18824968933114344,1.34,0.84,-0.07403766067157402,-0.025186179204694233,0.058297370607538604,-0.01983163716905058,
1791389488.719905,balance,-0.016844393819567077,-0.042683182585158574,-0.007560603356862365,-0.060051031897503854,-2.074677764705643e-05,-0.009304537240351768,0.17702514383195786,-0.005612639303311765,-0.0033991475546336224,-1.1067458743390711e-05,False,0.0,0.0,-0.011752633077143783,-0.0005686088495802066,0.1848152533120094,0.18824968933114344,1.35,0.84,-0.08226843154000649,-0.003980261947061446,0.06477829255118621,-0.0031340645252452334,
1791389488.7298934,balance,-0.01741859423518516,-0.04216096818362699,-0.00811073783976106,-0.05018605038748502,-2.074677764705643e-05,-0.009328603173071154,0.17702514383195786,-0.005570887852643612,-0.0036942984928821183,-9.382946798807469e-06,False,0.0,0.0,-0.01350483877205807,0.0023210993919732426,0.1848152533120094,0.18824968933114344,1.35,0.84,-0.09453387140440649,0.0162476957438127,0.0744361192160681,0.01279346121560055,
1791389488.7398927,balance,-0.017811213550657398,-0.04172351840588729,-0.008478060424644258,-0.030233729079978754,-2.074677764705643e-05,-0.009353899903660196,0.17702514383195786,-0.003491868138331755,-0.002478462666710668,-5.0670273581054356e-06,False,0.0,0.0,-0.012901149733717497,0.005860613483806359,0.1848152533120094,0.18824968933114344,1.36,0.84,-0.09030804813602247,0.04102429438664452,0.07110869931970273,0.0323025940052319,
1791389488.7499225,balance,-0.01808632004078271,-0.04134341162433405,-0.008727072759487298,-0.024245171496908906,-2.074677764705643e-05,-0.009379994058942468,0.17702514383195786,-0.0037187285749796135,-0.002772449255042127,-4.7313965996874335e-06,False,0.0,0.0,-0.014502327571196611,0.008178807918357888,0.1848152533120094,0.18824968933114344,1.34,0.85,-0.10151629299837628,0.057251655428505216,0.07993408897509943,0.04508004364449229,
1791389488.759924,balance,-0.018300973603949555,-0.041054506359024884,-0.008915044382490921,-0.01592058218358665,-2.074677764705643e-05,-0.00940667599910569,0.17702514383195786,-0.0035508504585580417,-0.0026914508745810375,-4.296997919885021e-06,False,0.0,0.0,-0.014870625070021126,0.009574120689601269,0.1848152533120094,0.18824968933114344,1.34,0.85,-0.10409437549014788,0.06701884482720888,0.08196407518909282,0.05277074395843219,
1791389488.7699018,balance,-0.01840918311973394,-0.04080870345165334,-0.008996270959052267,-0.010032038946976867,-2.074677764705643e-05,-0.00943365893832873,0.17702514383195786,-0.0024342772596769226,-0.0018640393974339714,-2.851189311214756e-06,False,0.0,0.0,-0.01423218402929561,0.011083159335201839,0.1848152533120094,0.18824968933114344,1.34,0.84,-0.09962528820506927,0.07758211534641288,0.07844510882288919,0.0610882798003251,
1791389488.779933,balance,-0.01855381073338571,-0.04059348089709974,-0.009113586607719498,-0.014449615420205248,-2.074677764705643e-05,-0.009460970903313269,0.17702514383195786,-0.0018354828715985202,-0.0014454626015981242,-1.95010135000198e-06,False,0.0,0.0,-0.01418739198032707,0.01076811699822902,0.1848152533120094,0.18824968933114344,1.34,0.85,-0.0993117438622895,0.07537681898760314,0.07819822351361377,0.05935182597449066,
1791389488.7899194,balance,-0.018706767531415706,-0.040388254222181785,-0.009238863203222068,-0.01688652656328757,-2.074677764705643e-05,-0.009488651105840695,0.17702514383195786,0.00022615238754541912,0.0001773943010647415,2.43790432403388e-07,False,0.0,0.0,-0.0128916068684797,0.010552720646281145,0.1848152533120094,0.18824968933114344,1.35,0.8300000000000001,-0.09024124807935789,0.07386904452396802,0.0710561008498881,0.05816460198737639,
1791389488.799919,balance,-0.018845122284659486,-0.040225622964130806,-0.009363237179397365,-0.009725373013884452,-2.074677764705643e-05,-0.009502631882909177,0.17702514383195786,-0.001712908334991751,-0.0013542595708353777,-1.793243820781867e-06,False,0.0,0.0,-0.014189176272911759,0.010110182749577907,0.1848152533120094,0.18824968933114344,1.35,0.84,-0.09932423391038231,0.07077127924704535,0.07820805819715142,0.05572541672995697,
1791389488.8099055,balance,-0.018980975878250275,-0.040035669744281646,-0.009484922914676243,-0.012954946983344585,-2.074677764705643e-05,-0.009516799741221089,0.17702514383195786,-0.0004716982688848907,-0.0003817336519563453,-4.4982308464272707e-07,False,0.0,0.0,-0.012280473588867599,0.009223160919058133,0.1848152533120094,0.18824968933114344,1.37,0.8200000000000001,-0.0859633151220732,0.06456212643340693,0.06768764970241983,0.05083632002630467,
1791389488.8198915,balance,-0.01912707010991065,-0.039897480501546984,-0.009602214838327013,-0.007101274915728414,-2.074677764705643e-05,-0.009545602049230693,0.17702514383195786,-0.0006985102599825519,-0.0005696305324928785,-6.443986374483673e-07,False,0.0,0.0,-0.011787760948609125,0.008562749966480022,0.1848152533120094,0.18824968933114344,1.34,0.84,-0.08251432664026387,0.05993924976536016,0.06497191074036525,0.0471962596577639,
1791389488.8298965,balance,-0.019231464019647763,-0.03976005627668082,-0.009677574611589189,-0.009722626245025765,-2.074677764705643e-05,-0.00957463618570563,0.17702514383195786,-0.0007942372532243971,-0.0004575493696702231,-1.68343941777087e-06,False,0.0,0.0,-0.01111491421584316,0.007767037601067746,0.1848152533120094,0.18824968933114344,1.34,0.8200000000000001,-0.07780439951090212,0.05436926320747422,0.06126330670149773,0.04281044347045214,
1791389488.8398929,balance,-0.019343096589743782,-0.03961426923462694,-0.009759928867400895,-0.007710839304321601,-2.074677764705643e-05,-0.009603914499989943,0.17702514383195786,-0.00012836731022040318,-7.255376599289908e-05,-2.790677211375205e-07,False,0.0,0.0,-0.00996401390165337,0.007198212652259526,0.1848152533120094,0.18824968933114344,1.36,0.85,-0.0697480973115736,0.05038748856581668,0.05491976166265637,0.039675187847099745,
1791389488.849905,balance,-0.01951453002225194,-0.03951260185274108,-0.009901702929161281,-0.01773605781658508,-2.074677764705643e-05,-0.009633573870737714,0.17702514383195786,-0.0017171788811910537,-0.0010079301625828085,-3.546243593041226e-06,False,0.0,0.0,-0.011509364630003861,0.006181416137276467,0.1848152533120094,0.18824968933114344,1.35,0.84,-0.08056555241002702,0.04326991296093527,0.06343744284254096,0.034070797607035644,
1791389488.8598943,balance,-0.019670965793295976,-0.03944522804882273,-0.01002807661439356,-0.015446617707475515,-2.074677764705643e-05,-0.009663635956549472,0.17702514383195786,-0.002303326274175385,-0.001394949051467977,-4.541886113537041e-06,False,0.0,0.0,-0.011094880350944537,0.005479446564891767,0.1848152533120094,0.18824968933114344,1.35,0.86,-0.07766416245661176,0.03835612595424237,0.06115288382410374,0.030201673979718402,
1791389488.8698978,balance,-0.019863596381501147,-0.03938464811292292,-0.010190165837129091,-0.011564473791900388,-2.074677764705643e-05,-0.009694177322019113,0.17702514383195786,-0.0023571832079303406,-0.0014788684504868112,-4.391573787217647e-06,False,0.0,0.0,-0.010593402076324546,0.004837972437607157,0.1848152533120094,0.18824968933114344,1.33,0.8300000000000001,-0.07415381453427182,0.033865807063250104,0.058388830341946314,0.026665989813582758,
1791389488.8799033,balance,-0.020059429289603668,-0.03931178291395584,-0.010370534698533898,-0.015556888117287261,-2.074677764705643e-05,-0.009709641368716826,0.17702514383195786,-0.00015693284933489704,-0.00010016555007042744,-2.8383649632234805e-07,False,0.0,0.0,-0.008647088507244027,0.004299225869879093,0.1848152533120094,0.18824968933114344,1.36,0.8200000000000001,-0.06052961955070819,0.03009458108915365,0.04766111775646314,0.023696520542640667,
1791389488.889894,balance,-0.02027487860621795,-0.03930680665203367,-0.010554379772948945,-0.019433836758456786,-2.074677764705643e-05,-0.009741245610916062,0.17702514383195786,-0.00016448007617319584,-0.00011060810081570849,-2.6935987678743677e-07,False,0.0,0.0,-0.0091819522358163,0.0034615364112734514,0.1848152533120094,0.18824968933114344,1.34,0.84,-0.0642736656507141,0.02423075487891416,0.05060918555174339,0.01907933455032611,
1791389488.8998706,balance,-0.020466536833415146,-0.03928302722211267,-0.010713915391606573,-0.015016343100034586,-2.074677764705643e-05,-0.00977336821945563,0.17702514383195786,0.0014366622489789332,0.0009906815046218306,2.229903721785513e-06,False,0.0,0.0,-0.007976889218008595,0.0035072228536642217,0.1848152533120094,0.18824968933114344,1.36,0.8300000000000001,-0.05583822452606016,0.024550559975649554,0.04396710592603162,0.01933114958712563,
1791389488.909866,balance,-0.02066075696009941,-0.039305825807034143,-0.010875522548602114,-0.009189397899697764,-2.074677764705643e-05,-0.009805981189144351,0.17702514383195786,0.0008545214233370446,0.0006477046721710395,1.0340837558300256e-06,False,0.0,0.0,-0.008369455026540011,0.0033852409777196226,0.1848152533120094,0.18824968933114344,1.35,0.84,-0.05858618518578008,0.02369668684403736,0.04613085447699219,0.018658808538612095,
1791389488.9199004,balance,-0.020784009773482034,-0.039342015627871006,-0.010965871273754542,-0.008636041059230689,-2.074677764705643e-05,-0.009838885277374549,0.17702514383195786,0.0009147603583461585,0.0007175395147131015,9.861042181652854e-07,False,0.0,0.0,-0.008188446552515997,0.003668180504400733,0.1848152533120094,0.18824968933114344,1.34,0.8300000000000001,-0.05731912586761198,0.02567726353080513,0.04513316997449762,0.02021831774079144,
1791389488.9299023,balance,-0.02088109739021488,-0.03942162857690582,-0.01102985480180007,-0.006543876115990977,-2.074677764705643e-05,-0.009871989366061866,0.17702514383195786,0.0005804244330074703,0.0004751369601450203,5.264373643122501e-07,False,0.0,0.0,-0.008610461231670736,0.003973959314595502,0.1848152533120094,0.18824968933114344,1.35,0.8300000000000001,-0.06027322862169515,0.027817715202168518,0.04745923513519303,0.021903712757613006,
1791389488.9399047,balance,-0.021005957574133576,-0.03952233165127972,-0.011121353835242417,-0.012268725406249754,-2.074677764705643e-05,-0.009905350516538215,0.17702514383195786,0.0009300962441744885,0.0008062026999110779,6.194677213170532e-07,False,0.0,0.0,-0.008746417513826536,0.0038397578059717837,0.1848152533120094,0.18824968933114344,1.34,0.84,-0.061224922596785754,0.026878304641802485,0.04820860046991004,0.021164019402994082,
1791389488.9499047,balance,-0.021066493746533542,-0.03966228277196596,-0.011148380822704675,0.004203677616538515,-2.074677764705643e-05,-0.009938859701475924,0.17702514383195786,0.0017096464434891608,0.0015589890520542801,7.532869571744031e-07,False,0.0,0.0,-0.007849404798290448,0.004768965479864541,0.1848152533120094,0.18824968933114344,1.35,0.84,-0.054945833588033136,0.03338275835905179,0.04326443589608908,0.026285636503190383,
1791389488.9598315,balance,-0.021133998372960934,-0.03983323212937756,-0.011182314087578242,-0.006968395286110622,-2.074677764705643e-05,-0.009972431063029748,0.17702514383195786,0.0020742645237529812,0.0019301718542392358,7.20463347568727e-07,False,0.0,0.0,-0.008090713173599502,0.004562595953460545,0.1848152533120094,0.18824968933114344,1.34,0.85,-0.056634992215196515,0.03193817167422382,0.04459448205920986,0.025148166672617177,
1791389488.9698946,balance,-0.02122534944323736,-0.04002436797980054,-0.011273665157854669,-0.011832594436285405,-2.074677764705643e-05,-0.009972431063029748,0.17702514383195786,-0.0023438687764159266,-0.002279428952767239,-3.2219911824343895e-07,False,0.0,0.0,-0.011970837198145538,0.004490292168969164,0.1848152533120094,0.18824968933114344,1.34,0.8200000000000001,-0.08379586038701876,0.03143204518278415,0.06598099243072343,0.02474964187620799,
1791389488.979928,balance,-0.021285054863134086,-0.040217479569814404,-0.011316370521884767,0.0045283906499696,-2.074677764705643e-05,-0.009989431118896375,0.17702514383195786,-0.0005794504139082856,-0.0004689347772077673,-5.525781835025916e-07,False,0.0,0.0,-0.009827758379657584,0.00541169950125978,0.1848152533120094,0.18824968933114344,1.37,0.84,-0.06879430865760308,0.03788189650881846,0.05416874697449062,0.029828264967573587,
1791389488.9899032,balance,-0.02122954150312507,-0.040440225417765055,-0.011227028282608263,0.017049499982908698,-2.074677764705643e-05,-0.010023259998163864,0.17702514383195786,-7.333020371188594e-06,-6.105428258913828e-06,-6.1379605613738285e-09,False,0.0,0.0,-0.008724644791770408,0.006646838842752245,0.1848152533120094,0.18824968933114344,1.34,0.84,-0.061072513542392855,0.046527871899265716,0.04808859334046681,0.03663611960572104,
1791389488.9998863,balance,-0.02109153998378866,-0.04065523268406551,-0.011055693363801283,0.010891210912051872,-2.074677764705643e-05,-0.010056593397634435,0.17702514383195786,0.0010978783324578983,0.000970409624210418,6.373435412374012e-07,False,0.0,0.0,-0.007979786496696594,0.007502235032974325,0.1848152533120094,0.18824968933114344,1.35,0.85,-0.05585850547687616,0.05251564523082027,0.043983075178642646,0.04135090175655139,
1791389489.0098925,balance,-0.02099297848371568,-0.04090773582542495,-0.010957131863728303,0.01596451414495758,-2.074677764705643e-05,-0.010056593397634435,0.17702514383195786,0.0011777029067486248,0.001088568186308588,4.456736022001844e-07,False,0.0,0.0,-0.008424348293624677,0.008180381978151173,0.1848152533120094,0.18824968933114344,1.36,0.85,-0.058970438055372734,0.057262673847058215,0.04643341579163207,0.045088719564612766,
1791389489.019892,balance,-0.020838462637779595,-0.04114230468050137,-0.010770138855844356,0.021321772015359307,-2.074677764705643e-05,-0.010089070559582296,0.17702514383195786,-0.0003150561943063917,-0.0003000271925325392,-7.514500886926251e-08,False,0.0,0.0,-0.009735240256129254,0.009312062579678223,0.1848152533120094,0.18824968933114344,1.34,0.85,-0.06814668179290478,0.06518443805774757,0.05365880456134235,0.05132632917932879,
1791389489.0298965,balance,-0.020625251333003174,-0.04138088823969731,-0.010525140969223893,0.02188104523555618,-2.074677764705643e-05,-0.010120857141426338,0.17702514383195786,-0.0007992055156425764,-0.0007710208270020042,-1.4092344320286097e-07,False,0.0,0.0,-0.009821920443910937,0.009959343884734762,0.1848152533120094,0.18824968933114344,1.34,0.84,-0.06875344310737656,0.06971540719314333,0.05413656937588706,0.05489402141192388,
1791389489.0399034,balance,-0.020416560055492458,-0.04157125611008601,-0.01028539463109476,0.017145628522734636,-2.074677764705643e-05,-0.010151912202044755,0.17702514383195786,0.00028683044287968823,0.0,1.3351944350804262e-06,False,0.0,0.0,-0.008675129823386073,0.010150780612868972,0.1848152533120094,0.18824968933114344,1.36,0.85,-0.06072590876370251,0.0710554642900828,0.04781567619189174,0.05594918448038016,
1791389489.049895,balance,-0.020266829351059286,-0.04174276794996468,-0.010105188687169501,0.01759055558636527,-2.074677764705643e-05,-0.010182387441536841,0.17702514383195786,0.000522635649099548,0.0,9.670285736146375e-06,False,0.0,0.0,-0.008851820855683031,0.010395849492586174,0.1848152533120094,0.18824968933114344,1.35,0.85,-0.061962745989781215,0.07277094644810321,0.04878956377148127,0.057299957833152136,
1791389489.059899,balance,-0.020143635547703057,-0.041833570911584635,-0.009952003666844247,0.013720154747201853,-2.074677764705643e-05,-0.010212378658505866,0.17702514383195786,0.0011467294271996686,0.0,5.758652955714354e-06,False,0.0,0.0,-0.008146170658640756,0.009975643859279584,0.1848152533120094,0.18824968933114344,1.35,0.84,-0.057023194610485294,0.06982950701495709,0.04490015323660259,0.05498386379130479,
1791389489.0702944,balance,-0.020037177713476097,-0.0418378863003569,-0.009816002145447686,0.0005083254690272746,-2.074677764705643e-05,-0.010241922345675468,0.17702514383195786,0.004155312408550744,0.0,5.709255379405269e-05,False,0.0,0.0,-0.0052915168536254225,0.008556725924256218,0.1848152533120094,0.18824968933114344,1.3,0.86,-0.03704061797537796,0.05989708146979353,0.029165840925494454,0.047163056275427974,
1791389489.0798903,balance,-0.020034786967416878,-0.04182099436793348,-0.009813611399388467,0.005815024024377395,-2.074677764705643e-05,-0.010241922345675468,0.17702514383195786,0.006002062028129041,0.005939685977125968,3.1188025501536347e-07,False,0.0,0.0,-0.004220030363047931,0.008076349676240154,0.1848152533120094,0.18824968933114344,1.36,0.87,-0.029540212541335514,0.056534447733681076,0.023260009875067333,0.04451531317612683,
1791389489.0899038,balance,-0.020114812691254008,-0.04179515018966718,-0.009878796667540757,-0.009151029072280879,-2.074677764705643e-05,-0.010256762801360307,0.17702514383195786,0.003322470762645894,0.0,3.6433863162817116e-05,False,0.0,0.0,-0.006808466671185818,0.007084610817458602,0.1848152533120094,0.18824968933114344,1.36,0.85,-0.04765926669830073,0.04959227572221021,0.0375269816522053,0.039049036001740325,
1791389489.0998993,balance,-0.020224873267996143,-0.04172295023858035,-0.009958961446185938,-0.005032072372347448,-2.074677764705643e-05,-0.010286658599457262,0.17702514383195786,0.0021899070518056948,0.0,5.860790000653828e-05,False,0.0,0.0,-0.006827376676356692,0.006040410933265841,0.1848152533120094,0.18824968933114344,1.34,0.84,-0.047791636734496844,0.042282876532860884,0.03763121002716287,0.0332936035691818,
1791389489.109897,balance,-0.020313682820481477,-0.04163199738797741,-0.010032733541459006,0.0004455929616944863,-2.074677764705643e-05,-0.010301696056669528,0.17702514383195786,0.003525491131292809,0.0,8.201402687224077e-05,False,0.0,0.0,-0.004870338076926047,0.0055791866269496405,0.1848152533120094,0.18824968933114344,1.35,0.8300000000000001,-0.03409236653848233,0.039054306388647486,0.026844383101167185,0.030751422353265737,
1791389489.1199145,balance,-0.020387700591736304,-0.041454640226720046,-0.010106751312713833,-0.004190858353088515,-2.074677764705643e-05,-0.010301696056669528,0.17702514383195786,-0.0003210931844002885,0.0,8.821621432614679e-05,False,0.0,0.0,-0.00801078749109215,0.004669292158762563,0.1848152533120094,0.18824968933114344,1.35,0.8300000000000001,-0.056075512437645046,0.03268504511133794,0.044153946801295314,0.025736255993179483,
1791389489.1298897,balance,-0.02046320268856549,-0.04128651044425339,-0.010151767158672945,-0.005656697554556231,-2.074677764705643e-05,-0.0103321823075396,0.17702514383195786,0.0006843187393755207,0.0,9.516025403737328e-05,False,0.0,0.0,-0.00690241131120084,0.004634029625801186,0.1848152533120094,0.18824968933114344,1.36,0.8300000000000001,-0.04831687917840588,0.0324382073806083,0.0380447867546503,0.025541895575282126,
1791389489.1398988,balance,-0.02056132928025829,-0.041105862435384444,-0.010219234061899283,-0.008956985157972929,-2.074677764705643e-05,-0.010362841996006062,0.17702514383195786,0.0005189020358121294,0.0,0.00010057120038948515,False,0.0,0.0,-0.007551595659148438,0.004466564074485916,0.1848152533120094,0.18824968933114344,1.35,0.8200000000000001,-0.05286116961403906,0.03126594852140141,0.04162296820003076,0.024618857103465678,
1791389489.1499207,balance,-0.020649169832288497,-0.04092505051921127,-0.010276217922294294,-0.002369630138204374,-2.074677764705643e-05,-0.01039369868764126,0.17702514383195786,-0.00039887175940180335,0.0,9.552152312614883e-05,False,0.0,0.0,-0.008047314233534598,0.004599302925859067,0.1848152533120094,0.18824968933114344,1.35,0.84,-0.05633119963474219,0.032195120481013466,0.044355275302946605,0.025350488567727137,
1791389489.1599162,balance,-0.02068656910653916,-0.040704147570398634,-0.010298146666526864,0.003736149270918474,-2.074677764705643e-05,-0.010409169217659353,0.17702514383195786,0.0019608566266396555,0.0,0.00010754005315856375,False,0.0,0.0,-0.0058044397788138465,0.00527716399519111,0.1848152533120094,0.18824968933114344,1.34,0.8300000000000001,-0.040631078451696924,0.036940147966337766,0.031992975158816474,0.029086730682155722,
1791389489.1699252,balance,-0.02074480251021038,-0.04049707289226716,-0.010340845500092786,0.0026399702834315566,-2.074677764705643e-05,-0.01042470378776465,0.17702514383195786,-0.0003522645346273611,0.0,0.00010618100545631379,False,0.0,0.0,-0.008230590890292542,0.005420994908851216,0.1848152533120094,0.18824968933114344,1.35,0.8200000000000001,-0.057614136232047794,0.03794696436195851,0.04536546160003763,0.029879499497605128,
1791389489.1798892,balance,-0.020764506694232906,-0.04026623149629181,-0.010329504835956774,0.0013685734055569306,-2.074677764705643e-05,-0.010455748635923188,0.17702514383195786,0.0006574890709797173,0.0,0.00011189965455239835,False,0.0,0.0,-0.007649932257003419,0.005865630376907293,0.1848152533120094,0.18824968933114344,1.36,0.84,-0.05354952579902394,0.04105941263835105,0.042164980944113334,0.032330246171929956,
1791389489.1899052,balance,-0.0207904175000583,-0.040023274360978696,-0.010324385239036112,0.0007345340022953796,-2.074677764705643e-05,-0.010486779038669243,0.17702514383195786,0.0016869910482172057,0.0,0.00012232377797522217,False,0.0,0.0,-0.007266014531710985,0.006607710240992319,0.1848152533120094,0.18824968933114344,1.35,0.84,-0.050862101721976895,0.046253971686946234,0.040048898993682594,0.03642045014720176,
1791389489.1999207,balance,-0.020809368882410306,-0.039808581004464175,-0.01034333662138812,0.002789241544484623,-2.074677764705643e-05,-0.010486779038669243,0.17702514383195786,0.0016189611989290188,0.0,0.0001291527943768281,False,0.0,0.0,-0.007646118807906595,0.006865153685604275,0.1848152533120094,0.18824968933114344,1.35,0.8300000000000001,-0.053522831655346166,0.04805607579922993,0.04214396193334344,0.03783942976317317,
1791389489.20989,balance,-0.02077193599840784,-0.03960792917424009,-0.010274986085936333,0.005021281109595291,-2.074677764705643e-05,-0.010517696690118565,0.17702514383195786,0.0022744419883365527,0.0,0.00014850560946757548,False,0.0,0.0,-0.007048214503458924,0.007564069281678064,0.1848152533120094,0.18824968933114344,1.34,0.8300000000000001,-0.04933750152421247,0.05294848497174645,0.038848426397017695,0.04169172045019406,
1791389489.219931,balance,-0.020696690759810534,-0.03943658882714091,-0.010169134958833502,0.0077061868154158575,-2.074677764705643e-05,-0.010548302578624089,0.17702514383195786,0.0022776158286682163,0.0,0.00016628725665337137,False,0.0,0.0,-0.006962287002190363,0.008322691973302467,0.1848152533120094,0.18824968933114344,1.34,0.8300000000000001,-0.04873600901533254,0.058258843813117266,0.03837481024829334,0.045873105364659265,
1791389489.2299008,balance,-0.020662034797810865,-0.039303255908632755,-0.010104068908273622,0.0035762476978705333,-2.074677764705643e-05,-0.0105787126671843,0.17702514383195786,0.0015240014212516226,0.0,0.0001781992863292508,False,0.0,0.0,-0.007902643739301309,0.008009899453407758,0.1848152533120094,0.18824968933114344,1.35,0.8300000000000001,-0.05531850617510916,0.05606929617385431,0.043557878878038706,0.044149052105397095,
1791389489.2398994,balance,-0.020679687352350803,-0.03917352904558127,-0.010091400223355317,0.004206037143503778,-2.074677764705643e-05,-0.010609033906642543,0.17702514383195786,0.002593655214495073,0.0,0.00020143867360188384,False,0.0,0.0,-0.007477014835660319,0.008223459003302794,0.1848152533120094,0.18824968933114344,1.33,0.84,-0.05233910384962223,0.057564213023119565,0.04121189279497813,0.04532615198670832,
1791389489.2499278,balance,-0.020641883547914647,-0.039044004823672464,-0.010038516024290782,0.008148947852802745,-2.074677764705643e-05,-0.010624114301270922,0.17702514383195786,0.0005820237680009963,0.0,0.00020791126822203082,False,0.0,0.0,-0.008950089993990544,0.008368976550818408,0.1848152533120094,0.18824968933114344,1.35,0.84,-0.0626506299579338,0.05858283585572886,0.049331204691286455,0.04612821720923532,
1791389489.2599075,balance,-0.020596935824875113,-0.03889061203430417,-0.009963568289509922,0.0064923804357426155,-2.074677764705643e-05,-0.010654114313012247,0.17702514383195786,0.000753893556194389,0.0,0.00021284804053871376,False,0.0,0.0,-0.008534126970801694,0.008487182762424389,0.1848152533120094,0.18824968933114344,1.37,0.8200000000000001,-0.05973888879561186,0.05941027933697072,0.04703849511465501,0.04677974750942576,
1791389489.269924,balance,-0.020558462530366032,-0.03873483897765942,-0.00989532373356978,0.0013043643308777548,-2.074677764705643e-05,-0.010683885574443308,0.17702514383195786,-0.0014482661818821054,0.0,0.00020372643426074923,False,0.0,0.0,-0.010569259437274695,0.008280852241071125,0.1848152533120094,0.18824968933114344,1.36,0.85,-0.07398481606092286,0.05796596568749787,0.05825576067789202,0.045642492667321156,
1791389489.2799513,balance,-0.02055309984671342,-0.038588160427639254,-0.009860313236298558,0.0018597888776414784,-2.074677764705643e-05,-0.010713533388061918,0.17702514383195786,-0.001314737004905677,0.0,0.00018475763683294035,False,0.0,0.0,-0.010034887644878374,0.007840222851465553,0.1848152533120094,0.18824968933114344,1.36,0.85,-0.07024421351414861,0.054881559960258876,0.0553104043418493,0.04321382674036132,
1791389489.2899086,balance,-0.02050711085567695,-0.03848563043738234,-0.009784850027915747,0.008003324100469713,-2.074677764705643e-05,-0.01074300760540826,0.17702514383195786,0.00022838693990667128,0.0,0.00018201239783402463,False,0.0,0.0,-0.008554226373137994,0.008556781818889553,0.1848152533120094,0.18824968933114344,1.36,0.85,-0.059879584611965964,0.05989747273222687,0.047149279222020446,0.04716336435608415,
1791389489.2999103,balance,-0.02048420570974016,-0.03842559755839207,-0.009732650672591475,0.008175122868082191,-2.074677764705643e-05,-0.010772301814795743,0.17702514383195786,0.00019915989054141144,0.0,0.00017889875439525222,False,0.0,0.0,-0.008687325120171197,0.008756837650428681,0.1848152533120094,0.18824968933114344,1.34,0.84,-0.06081127584119838,0.06129786355300077,0.04788289436314833,0.048266034293701396,
1791389489.309895,balance,-0.020477695759699575,-0.03841204282932185,-0.009696993172597833,-0.004066693188564928,-2.074677764705643e-05,-0.010801449364748798,0.17702514383195786,0.001189704157491834,0.0,0.00018531441313359708,False,0.0,0.0,-0.00822513845433691,0.008249981378868999,0.1848152533120094,0.18824968933114344,1.35,0.8300000000000001,-0.05757596918035837,0.057749869652082994,0.04533540880343179,0.04547233830872677,
1791389489.3199124,balance,-0.020491271715720297,-0.038465973935790466,-0.009681453225615144,0.0035000759535098523,-2.074677764705643e-05,-0.01083056526775221,0.17702514383195786,-0.0002548611826072571,0.0,0.0001849980455318913,False,0.0,0.0,-0.009279494725733774,0.008117223469391942,0.1848152533120094,0.18824968933114344,1.36,0.84,-0.06495646308013642,0.05682056428574359,0.05114682132294206,0.0447406017997981,
1791389489.3298872,balance,-0.020514736847409967,-0.03849501365189746,-0.009690374562334743,0.0007454442573589245,-2.074677764705643e-05,-0.01084510906272228,0.17702514383195786,0.002178120720092642,0.0,0.00019745273436950716,False,0.0,0.0,-0.007055214182927832,0.008170981691480174,0.1848152533120094,0.18824968933114344,1.36,0.84,-0.04938649928049483,0.05719687184036122,0.03888700730747624,0.04503690696091435,
1791389489.339874,balance,-0.02050272626795344,-0.03848422496410866,-0.009649349809370638,0.003935476172006631,-2.074677764705643e-05,-0.010874123236229858,0.17702514383195786,0.0027552567530157524,0.0,0.00022642705282472156,False,0.0,0.0,-0.006458481548054951,0.008226521939526506,0.1848152533120094,0.18824968933114344,1.37,0.84,-0.045209370836384655,0.05758565357668554,0.03559792979242886,0.045343034312350816,
1791389489.3499026,balance,-0.02046907563133974,-0.03847036793599591,-0.009601275623997804,0.005511315004601554,-2.074677764705643e-05,-0.010888546784988993,0.17702514383195786,0.0006389070695528145,0.0,0.00023517611748472795,False,0.0,0.0,-0.00775595185843003,0.007993686802905879,0.1848152533120094,0.18824968933114344,1.35,0.85,-0.054291663009010206,0.05595580762034115,0.04274934095197654,0.0440596910396387,
1791389489.3599021,balance,-0.02041593932502071,-0.03843666405741658,-0.009519479366059187,0.0063860935780878265,-2.074677764705643e-05,-0.010917206736608578,0.17702514383195786,-0.0003291240519906113,0.0,0.00023865485577488643,False,0.0,0.0,-0.00805500954674675,0.007739872935568424,0.1848152533120094,0.18824968933114344,1.36,0.84,-0.056385066827227256,0.05417911054897897,0.04439769041513957,0.04266071696769998,
1791389489.3699226,balance,-0.020394947755691516,-0.03841601146588634,-0.009484240065034899,0.0024262270341582383,-2.074677764705643e-05,-0.010931454468303674,0.17702514383195786,1.5378521847597165e-05,0.0,0.0002454640719095282,False,0.0,0.0,-0.007517468355336682,0.007168410544866394,0.1848152533120094,0.18824968933114344,1.36,0.8300000000000001,-0.052622278487356774,0.05017887381406476,0.041434864950674624,0.03951092426304312,
1791389489.3799112,balance,-0.020366003361223916,-0.03843199936628438,-0.009426917938636354,0.008092405632803883,-2.074677764705643e-05,-0.010959832200234618,0.17702514383195786,0.0013990814468112982,0.0,0.0002578367388453783,False,0.0,0.0,-0.005788547904378379,0.007247149418877215,0.1848152533120094,0.18824968933114344,1.37,0.8200000000000001,-0.04051983533064865,0.050730045932140505,0.03190538215011705,0.039944918056803544,
1791389489.3899002,balance,-0.02034524228686911,-0.03846630392573361,-0.009377946969957881,0.004317290655260627,-2.074677764705643e-05,-0.010988042094558286,0.17702514383195786,0.0008525127795465384,0.0,0.00026800842461722536,False,0.0,0.0,-0.006527850984790713,0.007361074604926178,0.1848152533120094,0.18824968933114344,1.35,0.84,-0.04569495689353499,0.051527522234483245,0.03598028101853149,0.04057285215313641,
1791389489.3999102,balance,-0.02030553247398815,-0.038539516470399555,-0.009310215649608903,0.006968289782890804,-2.074677764705643e-05,-0.011016063602026302,0.17702514383195786,7.085625422993272e-05,0.0,0.0002698403980244808,False,0.0,0.0,-0.007025586073894608,0.007634555302999763,0.1848152533120094,0.18824968933114344,1.37,0.85,-0.049179102517262256,0.05344188712099834,0.03872370276949784,0.04208022607952625,
1791389489.4098775,balance,-0.0202675315614787,-0.03856660652497321,-0.009244389590130509,0.004180455120498003,-2.074677764705643e-05,-0.011043888748995246,0.17702514383195786,-0.00013645180530097542,0.0,0.00026957684976098434,False,0.0,0.0,-0.007211888099234637,0.007641605176199901,0.1848152533120094,0.18824968933114344,1.36,0.84,-0.05048321669464246,0.05349123623339931,0.03975056432649012,0.04211908364834591,
1791389489.419942,balance,-0.020282895800632056,-0.038611669963411914,-0.009231981899686242,0.0029489160195263603,-2.074677764705643e-05,-0.01107166067859287,0.17702514383195786,-0.0002986386015828287,0.0,0.00027007502504510465,False,0.0,0.0,-0.007612889164903902,0.007594354797585954,0.1848152533120094,0.18824968933114344,1.35,0.84,-0.05329022415432731,0.05316048358310168,0.04196080642073017,0.04185864849063124,
1791389489.4298918,balance,-0.02034172001423092,-0.03863744499261555,-0.009262985833295117,-0.0049151105395494775,-2.074677764705643e-05,-0.011099480958582859,0.17702514383195786,0.0017207893996102476,0.0,0.0002841531866643467,False,0.0,0.0,-0.006073872780456372,0.0068753690734180825,0.1848152533120094,0.18824968933114344,1.36,0.84,-0.042517109463194605,0.048127583513926576,0.03347803894739733,0.03789573505033589,
1791389489.439904,balance,-0.020397012845581288,-0.038625033817831646,-0.009290368831934733,-0.001028452428879445,-2.074677764705643e-05,-0.011127390791293611,0.17702514383195786,0.0014103008584677782,0.0,0.00029657514952363033,False,0.0,0.0,-0.006308039497850767,0.006688788367707719,0.1848152533120094,0.18824968933114344,1.37,0.85,-0.04415627648495537,0.04682151857395403,0.03476872164169714,0.036867337459806325,
1791389489.4498987,balance,-0.020446275404750067,-0.03862994655184326,-0.009325621944016857,-0.0015507552137648335,-2.074677764705643e-05,-0.011141400238380266,0.17702514383195786,-0.0011964935929512394,0.0,0.00028828095779725646,False,0.0,0.0,-0.008645880203621168,0.006546083997498151,0.1848152533120094,0.18824968933114344,1.36,0.84,-0.06052116142534818,0.04582258798248706,0.04765445781523479,0.03608077793896619,
1791389489.4599397,balance,-0.020492959587831112,-0.0385997498777739,-0.00934421915027357,0.000883479906766254,-2.074677764705643e-05,-0.011169487215204598,0.17702514383195786,0.000849140239907159,0.0,0.00029002295184348117,False,0.0,0.0,-0.006626635454610081,0.006740409177175334,0.1848152533120094,0.18824968933114344,1.35,0.84,-0.04638644818227057,0.047182864240227336,0.03652476234824455,0.037151861606478216,
1791389489.469915,balance,-0.020551244477462285,-0.03857073389417463,-0.009374350558100696,-0.001976831272398541,-2.074677764705643e-05,-0.011197640697008645,0.17702514383195786,-0.0005789321516518995,0.0,0.0002890991519586516,False,0.0,0.0,-0.008453518297540508,0.0068125348562124615,0.1848152533120094,0.18824968933114344,1.34,0.84,-0.05917462808278356,0.04768774399348723,0.046594195340774455,0.03754940471928128,
1791389489.4799185,balance,-0.020625299801457764,-0.038615751575044814,-0.009420123472538008,-0.004767162497532753,-2.074677764705643e-05,-0.011225923106566813,0.17702514383195786,0.0008574087972824608,0.0,0.00029293099203780103,False,0.0,0.0,-0.007646202507226881,0.007032481140697284,0.1848152533120094,0.18824968933114344,1.37,0.85,-0.05352341755058816,0.04922736798488099,0.04214442326817965,0.03876170707470944,
1791389489.489907,balance,-0.020650334194007233,-0.038732341181015005,-0.009416836514767575,0.001983938152972607,-2.074677764705643e-05,-0.011254244456886714,0.17702514383195786,0.0018387942256632816,0.0,0.00030877761894821434,False,0.0,0.0,-0.006962062261976489,0.007585943426826439,0.1848152533120094,0.18824968933114344,1.37,0.8300000000000001,-0.048734435833835424,0.05310160398778507,0.038373571522705055,0.041812286604555174,
1791389489.4999106,balance,-0.02067450078666047,-0.03891656917176857,-0.009412700978370865,0.005973291185637109,-2.074677764705643e-05,-0.011282546585936663,0.17702514383195786,0.0025024512261799282,0.0,0.0003357559659463101,False,0.0,0.0,-0.006481612563134862,0.008265089090540263,0.1848152533120094,0.18824968933114344,1.3800000000000001,0.85,-0.04537128794194403,0.05785562363378184,0.03572542357633388,0.045555609160458144,
1791389489.5104053,balance,-0.020689486773507893,-0.03920553651252021,-0.009385334474210286,-0.0019192554152669696,-2.074677764705643e-05,-0.011324899076944664,0.17702514383195786,0.002012079672872378,0.0,0.0003559747906299938,False,0.0,0.0,-0.00693055766712161,0.00809600122850349,0.1848152533120094,0.18824968933114344,1.33,0.89,-0.04851390366985127,0.05667200859952443,0.03819992414948919,0.04462362881852318,
1791389489.519895,balance,-0.02068377857808872,-0.03925788202220981,-0.00937444956377289,0.0051086884000605395,-2.9652861172308614e-05,-0.011338981875488138,0.17694849231377188,0.0012895285523522495,0.0,0.0003624224333917551,False,0.0,0.0,-0.007614021402977393,0.00848420764735199,0.18461279140713438,0.18824968933114344,1.36,0.8200000000000001,-0.05329814982084175,0.05938945353146393,0.041967047103025,0.04676334923737317,
1791389489.529897,balance,-0.020699111164362505,-0.03938913439497257,-0.00936163242701519,0.006428652620101325,-2.9652861172308614e-05,-0.011367131598519624,0.17694849231377188,0.0014578390956829685,0.0,0.00037949177352247624,False,0.0,0.0,-0.00738565610422305,0.008646688414428208,0.18461279140713438,0.18824968933114344,1.48,0.85,-0.05169959272956135,0.06052681890099746,0.04070834073193807,0.04765891252047044,
1791389489.5398965,balance,-0.020727511621151735,-0.03948715263191432,-0.009361914640334467,-0.0024760130992957487,-2.9652861172308614e-05,-0.011395249841989577,0.17694849231377188,0.0014075378237125,0.0,0.0003908061069002601,False,0.0,0.0,-0.007780744776043883,0.008123992649258371,0.18461279140713438,0.18824968933114344,1.47,0.8300000000000001,-0.05446521343230718,0.056867948544808596,0.042885994828588334,0.04477791224000677,
1791389489.5499036,balance,-0.02076276011281379,-0.039564014136630854,-0.009369021044634612,0.0002849193590405366,-2.9652861172308614e-05,-0.011423391929351488,0.17694849231377188,0.0015390650509775484,0.0,0.0004007979587740278,False,0.0,0.0,-0.007928114449446735,0.00841584614590509,0.18461279140713438,0.18824968933114344,1.47,0.85,-0.055496801146127143,0.058910923021335625,0.04369826861899775,0.04638655356010679,
1791389489.559945,balance,-0.02080936755271551,-0.039625471207733166,-0.00938744791958718,-0.006855030099821304,-2.9652861172308614e-05,-0.011451572494300639,0.17694849231377188,-0.0008041146032084447,0.0,0.0003990988617012118,False,0.0,0.0,-0.010006277332802042,0.007923668320527226,0.18461279140713438,0.18824968933114344,1.48,0.8300000000000001,-0.07004394132961429,0.055465678243690586,0.05515270970835771,0.04367376239660676,
1791389489.5699074,balance,-0.020909994498886964,-0.03962748462765992,-0.009459713981810263,-0.011997845189437847,-2.9652861172308614e-05,-0.01147993337824901,0.17694849231377188,-0.000416475534283281,0.0,0.0003963464122941045,False,0.0,0.0,-0.01003570264281107,0.007405986369445186,0.18461279140713438,0.18824968933114344,1.48,0.84,-0.07024991849967749,0.0518419045861163,0.055314896456438965,0.0408203973119026,
1791389489.5798955,balance,-0.021023110437079443,-0.03964827160813995,-0.009544209346045036,-0.014045107517392064,-2.9652861172308614e-05,-0.011508553952206716,0.17694849231377188,-0.0004587259023205002,0.0,0.00039083415184642964,False,0.0,0.0,-0.01004262408557222,0.006728105971423888,0.18461279140713438,0.18824968933114344,1.5,0.86,-0.07029836859900554,0.047096741799967215,0.05535304614094924,0.037084048661391505,
1791389489.5899107,balance,-0.02113876952583337,-0.03962062138535836,-0.009630970789013232,-0.010824922440019794,-2.9652861172308614e-05,-0.011537451597992448,0.17694849231377188,-0.0022000407670557005,0.0,0.00037563623231886547,False,0.0,0.0,-0.01140264156602979,0.006501981026186971,0.18461279140713438,0.18824968933114344,1.48,0.8300000000000001,-0.07981849096220853,0.0455138671833088,0.06284920548205396,0.03583769069551874,
1791389489.5999575,balance,-0.02126820600983129,-0.03955058438322681,-0.009731222056943696,-0.006431624737959573,-2.9652861172308614e-05,-0.011566636814059903,0.17694849231377188,-0.0014237148939623442,0.0,0.0003551857749822293,False,0.0,0.0,-0.01028672867071806,0.006544044166980501,0.18461279140713438,0.18824968933114344,1.48,0.84,-0.07200710069502642,0.04580830916886351,0.056698504484272765,0.036069534778632686,
1791389489.6098993,balance,-0.021347054027665416,-0.03948056020110868,-0.009780705808367476,-0.004950004970690292,-2.9652861172308614e-05,-0.011596001080470248,0.17694849231377188,-0.0033020919927130342,0.0,0.00032743640455972894,False,0.0,0.0,-0.011375291345112585,0.006527268307626883,0.18461279140713438,0.18824968933114344,1.49,0.85,-0.0796270394157881,0.04569087815338818,0.06269845623290402,0.035977069412116675,
1791389489.6202378,balance,-0.021437790578367977,-0.039349176608149634,-0.009841949715298878,-0.005967144014119635,-2.9652861172308614e-05,-0.011625493724241407,0.17694849231377188,-0.0008151982344656476,0.0,0.0003047955465122991,False,0.0,0.0,-0.00917915377006572,0.006200900789311208,0.18461279140713438,0.18824968933114344,1.46,0.89,-0.06425407639046005,0.043406305525178455,0.050593760937370114,0.03417819332691217,
1791389489.6299002,balance,-0.02145044436420723,-0.039292592742965614,-0.009839821595886424,0.0019255548943831204,-2.9652861172308614e-05,-0.011640275629493114,0.17694849231377188,-0.001757294536954363,0.0,0.0002960090738275273,False,0.0,0.0,-0.009792949108905814,0.0065718021853058885,0.18461279140713438,0.18824968933114344,1.47,0.84,-0.0685506437623407,0.04600261529714122,0.05397688485223677,0.03622253173003245,
1791389489.6399283,balance,-0.021475035301114023,-0.03921837777963537,-0.009834840501589117,0.003915715495559691,-2.9652861172308614e-05,-0.011669847660697215,0.17694849231377188,-0.00016961334029627336,0.0,0.00029160118969692234,False,0.0,0.0,-0.008548414213246223,0.007255433072183629,0.18461279140713438,0.18824968933114344,1.49,0.8200000000000001,-0.059838899492723564,0.05078803150528541,0.047117243695057924,0.039990575988413705,
1791389489.6499686,balance,-0.021479144316039363,-0.03912398357114745,-0.009809447622247185,-0.0002626335400980847,-2.9652861172308614e-05,-0.011699349554964487,0.17694849231377188,-0.001478536948996857,0.0,0.0002823234467527416,False,0.0,0.0,-0.00995478370633353,0.007400000824386884,0.18461279140713438,0.18824968933114344,1.48,0.8300000000000001,-0.06968348594433471,0.05180000577070819,0.05486888657034229,0.040787406118667865,
1791389489.6599202,balance,-0.02145616956112388,-0.039033134027679835,-0.009757106796946163,0.005577918439660553,-2.9652861172308614e-05,-0.011728715625350026,0.17694849231377188,0.0010730084320658066,0.0,0.00028611081635773603,False,0.0,0.0,-0.007263700326206659,0.007883103142567498,0.18461279140713438,0.18824968933114344,1.49,0.8200000000000001,-0.05084590228344661,0.055181721997972485,0.04003614353027292,0.04345017480155314,
1791389489.669931,balance,-0.021395684274675864,-0.03891911535208858,-0.009682076578232399,0.010189978178034314,-2.9652861172308614e-05,-0.011743260557615773,0.17694849231377188,-0.0014459981390984016,0.0,0.00027208244335311403,False,0.0,0.0,-0.008809776880977527,0.00787320288710516,0.18461279140713438,0.18824968933114344,1.49,0.84,-0.06166843816684269,0.05511242020973611,0.048557825328222594,0.043395606464359145,
1791389489.679945,balance,-0.021280744162883617,-0.03878265056963499,-0.009552713904234088,0.011256145568951848,-2.9652861172308614e-05,-0.011757683119821838,0.17694849231377188,0.0010477330241678952,0.0,0.00027357494800882813,False,0.0,0.0,-0.00646145534958319,0.008479789245187774,0.18461279140713438,0.18824968933114344,1.49,0.84,-0.045230187447082335,0.05935852471631442,0.03561432082447428,0.04673899583961765,
1791389489.689902,balance,-0.021140866403493087,-0.03860179860349359,-0.009384499730895899,0.02547622778263912,-2.9652861172308614e-05,-0.011786019533769497,0.17694849231377188,0.002573346106321958,0.0,0.0002963497293411107,False,0.0,0.0,-0.0051215677464572455,0.009810989022576112,0.18461279140713438,0.18824968933114344,1.47,0.8300000000000001,-0.03585097422520072,0.06867692315803278,0.028229113563150172,0.05407631744726991,
1791389489.6998475,balance,-0.020944567746884826,-0.03842357914400709,-0.009160490672896066,0.031591326143894996,-2.9652861172308614e-05,-0.011813729935161069,0.17694849231377188,0.0022170955990013725,0.0,0.0003229478841911697,False,0.0,0.0,-0.005207445047590772,0.011012742180653104,0.18461279140713438,0.18824968933114344,1.5,0.85,-0.03645211533313541,0.07708919526457172,0.028702453018216858,0.06070015375163128,
1791389489.7098842,balance,-0.020675586033748253,-0.03827504279460416,-0.008864661868651964,0.03127305933843077,-2.9652861172308614e-05,-0.011840577026268598,0.17694849231377188,0.001445718527990279,0.0,0.00033792596432277944,False,0.0,0.0,-0.005550976918726952,0.011934486375423785,0.18461279140713438,0.18824968933114344,1.49,0.8200000000000001,-0.03885683843108866,0.0835414046279665,0.030595935772510758,0.06578063356532796,
1791389489.7198756,balance,-0.020353530789909917,-0.03815886597047423,-0.008516780515264062,0.04097104182538733,-2.9652861172308614e-05,-0.011866403135818163,0.17694849231377188,0.0009953751578654839,0.0,0.0003526261588635629,False,0.0,0.0,-0.005572524782134566,0.013230479075674598,0.18461279140713438,0.18824968933114344,1.48,0.85,-0.03900767347494196,0.09261335352972219,0.030714703523576345,0.07292390041710409,
1791389489.7298787,balance,-0.01992347643422022,-0.03809313171045657,-0.008074299988647083,0.05369277276458765,-2.9652861172308614e-05,-0.011878829306745447,0.17694849231377188,0.0032895435918923236,0.0,0.0003764537335087637,False,0.0,0.0,-0.00280457383446599,0.015257448247235711,0.18461279140713438,0.18824968933114344,1.48,0.84,-0.01963201684126193,0.10680213773064998,0.015458280977371598,0.08409617144145667,
1791389489.7398949,balance,-0.019352877659989925,-0.038049655378959775,-0.007480822897745255,0.06918111442370997,-2.9652861172308614e-05,-0.011901707623416979,0.17694849231377188,0.005519376041460102,0.0,0.0004246939715301107,False,0.0,0.0,-0.00020111598451485636,0.017784649225320644,0.18461279140713438,0.18824968933114344,1.5,0.84,-0.0014078118916039945,0.12449254457724451,0.0011085133004755862,0.09802562565137363,
1791389489.7499104,balance,-0.018641567177987265,-0.038008604145892466,-0.006748756131802638,0.0764776518631882,-2.9652861172308614e-05,-0.011922463907356936,0.17694849231377188,0.006675803709339352,0.0,0.0004844281884803818,False,0.0,0.0,0.0012426547665187347,0.020214575353347235,0.18461279140713438,0.18824968933114344,1.48,0.87,0.008698583365631143,0.14150202747343066,-0.006849278240654443,0.11141891927041785,
1791389489.7599032,balance,-0.017735785720565684,-0.03797517766540786,-0.005824851304378457,0.10177885488828103,-2.9652861172308614e-05,-0.011940587277359535,0.17694849231377188,0.007978259034012714,0.0,0.0005575839927666974,False,0.0,0.0,0.003967876317641486,0.02341351377716696,0.18461279140713438,0.18824968933114344,1.48,0.84,0.027775134223490407,0.1638945964401687,-0.0218701844279452,0.12905086333871552,
1791389489.769904,balance,-0.016594470477371753,-0.03791024221565301,-0.00467651075709275,0.13005072111301996,-2.9652861172308614e-05,-0.011947612581451312,0.17694849231377188,0.01099162098976375,0.0,0.0006602585014323839,False,0.0,0.0,0.008364104843530944,0.027750315402257093,0.18461279140713438,0.18824968933114344,1.49,0.81,0.058548733904716606,0.19425220781579966,-0.04610136527930441,0.15295449434314934,
1791389489.7799904,balance,-0.01514028018339907,-0.0378543596315591,-0.003211744081406332,0.15440062215189912,-2.9652861172308614e-05,-0.011958188963165046,0.17694849231377188,0.01122128087876948,0.0,0.0007713410954025373,False,0.0,0.0,0.010288709071631597,0.03261260305606964,0.18461279140713438,0.18824968933114344,1.49,0.84,0.07202096350142118,0.22828822139248747,-0.05670942007985919,0.1797545050334547,
1791389489.7899287,balance,-0.013472072048072466,-0.03782148573230178,-0.0015378526256180653,0.17767051107354276,-2.9652861172308614e-05,-0.01196387228362671,0.17694849231377188,0.012739659294208809,0.0,0.0008948797021823896,False,0.0,0.0,0.01325447740720864,0.0378730677933362,0.18461279140713438,0.18824968933114344,1.5,0.85,0.09278134185046048,0.2651114745533534,-0.07305617468540196,0.20874919256169558,
1791389489.7999215,balance,-0.011570780876936741,-0.03793021077025005,0.0003640733881578803,0.19683593153460047,-2.9652861172308614e-05,-0.01196450712626693,0.17694849231377188,0.013957807916483182,0.0,0.001022800557380744,False,0.0,0.0,0.015885494730702103,0.043132787309670094,0.18461279140713438,0.18824968933114344,1.48,0.8200000000000001,0.11119846311491471,0.3019295111676907,-0.08755784497237379,0.2377397725729848,
1791389489.8098874,balance,-0.00941834707924219,-0.03809723964393935,0.0025127324250736535,0.2191133450228135,-2.9652861172308614e-05,-0.011960732365488152,0.17694849231377188,0.016662428084446356,0.0,0.0011899763828768298,False,0.0,0.0,0.019820912913837852,0.04906560674821786,0.18461279140713438,0.18824968933114344,1.49,0.86,0.13874639039686495,0.343459247237525,-0.10924912629674406,0.2704403521555315,
1791389489.8198967,balance,-0.00698856799542649,-0.0383548338071545,0.004929227025780396,0.2566821187300798,-2.9652861172308614e-05,-0.011947447882379194,0.17694849231377188,0.017805742834803708,0.0,0.001364580056553635,False,0.0,0.0,0.02345184199285855,0.05551082728631561,0.18461279140713438,0.18824968933114344,1.48,0.85,0.16416289395000985,0.38857579100420925,-0.1292621212204802,0.3059651897670939,
1791389489.8299053,balance,-0.004290466528197103,-0.03861583838796407,0.007615887500270267,0.28138628992216325,-2.9652861172308614e-05,-0.011936006889639679,0.17694849231377188,0.019595729576144357,0.0,0.0015660289605345565,False,0.0,0.0,0.027347763276554672,0.06216010469338202,0.18461279140713438,0.18824968933114344,1.48,0.84,0.1914343429358827,0.43512073285367414,-0.15073570309912024,0.3426147502784836,
1791389489.8398988,balance,-0.0012976885148382527,-0.0388587577963846,0.010594602902395521,0.30537117189088636,-2.9652861172308614e-05,-0.011921944278406081,0.17694849231377188,0.023953657652010307,0.0,0.001789501273577506,False,0.0,0.0,0.033784976919149945,0.06922545690122632,0.18461279140713438,0.18824968933114344,1.49,0.85,0.23649483843404961,0.48457819830858423,-0.18621640821578708,0.38155763646345214,
1791389489.8499331,balance,0.0018516964098390684,-0.03902720131409808,0.013743987827072842,0.31059203377399497,-2.9652861172308614e-05,-0.011921944278406081,0.17694849231377188,0.04561265837341373,0.03698409653018432,4.314280921614705e-05,False,0.0,0.0,0.043722456948950564,0.0739972407329696,0.18461279140713438,0.18824968933114344,1.48,0.84,0.30605719864265396,0.5179806851307871,-0.2409899201910661,0.40785880718959616,
1791389489.8599048,balance,0.004882306000001054,-0.03921633553567104,0.016774597417234825,0.27788167678836595,-2.9652861172308614e-05,-0.011921944278406081,0.17694849231377188,0.07615107412380923,0.04872333967369735,0.00013713867225055936,False,0.0,0.0,0.04831526265131894,0.07659584080133379,0.18461279140713438,0.18824968933114344,1.49,0.81,0.3382068385592326,0.5361708856093366,-0.26630459729073436,0.422181799692391,
1791389489.8699417,balance,0.0069236085522945455,-0.03949455793005307,0.01881589996952832,0.129945536102915,-2.9652861172308614e-05,-0.011921944278406081,0.17694849231377188,0.09535891521772248,0.053749032503195536,0.00020804941357263474,False,0.0,0.0,0.038803720718225354,0.07363480020863075,0.18461279140713438,0.18824968933114344,1.52,0.84,0.2716260450275775,0.5154436014604152,-0.21387877561226573,0.405861103512138,
1791389489.8798957,balance,0.00765338590878257,-0.040079857242545675,0.019545677326016343,0.023594031028114554,-2.9652861172308614e-05,-0.011921944278406081,0.17694849231377188,0.10134280690184065,0.055861479343098985,0.00022740663779370835,False,0.0,0.0,0.02636097781805993,0.06917694592086536,0.18461279140713438,0.18824968933114344,1.49,0.85,0.1845268447264195,0.4842386214460575,-0.14529672813103897,0.3812902531071319,
1791389489.8899138,balance,0.007783412284134669,-0.04117904454485711,0.019675703701368442,-0.0009327150703774366,-2.9652861172308614e-05,-0.011921944278406081,0.17694849231377188,0.0993272972030009,0.05737552955115563,0.00020975883825922638,False,0.0,0.0,0.02247459215366994,0.06179455860433378,0.18461279140713438,0.18824968933114344,1.56,0.8300000000000001,0.1573221450756896,0.4325619102303364,-0.12387570478400754,0.34059992931522554,
1791389489.8999665,balance,0.007993667726496156,-0.04256105542085893,0.01988595914372993,0.024870832737218868,-2.9652861172308614e-05,-0.011921944278406081,0.17694849231377188,0.09115389666354658,0.043726698086247004,0.00023713599288649787,False,0.0,0.0,0.02797054411828436,0.05828052844707683,0.18461279140713438,0.18824968933114344,1.47,0.86,0.19579380882799052,0.40796369912953784,-0.15416835340786655,0.3212312591571164,
1791389489.9099004,balance,0.008647753333325276,-0.04384436623876986,0.02054004475055905,0.08872541620261694,-2.9652861172308614e-05,-0.011921944278406081,0.17694849231377188,0.09623428746051955,0.048856659455452194,0.00023688814002533682,False,0.0,0.0,0.037535512019582946,0.05929670325727462,0.18461279140713438,0.18824968933114344,1.48,0.86,0.26274858413708063,0.41507692280092234,-0.20688864892683514,0.3268322226778916,
1791389489.9199047,balance,0.009468662647829893,-0.045027117507555385,0.021360954065063664,0.06961184106212363,-2.9652861172308614e-05,-0.011921944278406081,0.17694849231377188,0.0960356461514702,0.05950513116840948,0.00018265257491530362,False,0.0,0.0,0.03957926420356892,0.05783588222260082,0.18461279140713438,0.18824968933114344,1.47,0.84,0.27705484942498243,0.4048511755582057,-0.21815342474408064,0.3187804531954376,
1791389489.9299054,balance,0.010046658924504272,-0.04601427462635174,0.021938950341738046,0.036028139589120024,-2.9652861172308614e-05,-0.011921944278406081,0.17694849231377188,0.10586301800040998,0.04234520720016399,0.00031758905400122993,False,0.0,0.0,0.039352267656080166,0.05770506675730463,0.18461279140713438,0.18824968933114344,1.47,0.84,0.27546587359256114,0.4039354673011324,-0.216902262671308,0.3180594230717578,
1791389489.939898,balance,0.010159305512349814,-0.04696193568675099,0.022051596929583587,-0.02131013404037798,-2.9652861172308614e-05,-0.011921944278406081,0.17694849231377188,0.11405615866887128,0.045622463467548516,0.00034216847600661385,False,0.0,0.0,0.03603498457004863,0.05474534896630766,0.18461279140713438,0.18824968933114344,1.48,0.84,0.25224489199034045,0.3832174427641536,-0.19861802518924446,0.3017460179245304,
1791389489.9498734,balance,0.00964346910201335,-0.0482021165773731,0.021535760519247122,-0.08091650235664784,-2.9652861172308614e-05,-0.011921944278406081,0.17694849231377188,0.11154705427172548,0.04639952545397496,0.0003257376440887526,False,0.0,0.0,0.029612315708893534,0.04932494528297057,0.18461279140713438,0.18824968933114344,1.47,0.85,0.20728620996225475,0.345274616980794,-0.1632174881592557,0.2718697771502315,
1791389489.959894,balance,0.008688457508897495,-0.049922972488336395,0.02058074892613127,-0.10795604425744738,-2.9652861172308614e-05,-0.011921944278406081,0.17694849231377188,0.1028810163189137,0.045833587233363955,0.00028523714542774876,False,0.0,0.0,0.02487273306549007,0.043269166369729044,0.18461279140713438,0.18824968933114344,1.48,0.85,0.1741091314584305,0.3028841645881033,-0.13709380429797677,0.2384914681796089,
1791389489.9699032,balance,0.007628569159341028,-0.051887211935678565,0.019520860576574803,-0.1083591013587797,-2.9652861172308614e-05,-0.011921944278406081,0.17694849231377188,0.1037039032725499,0.061999459331181964,0.00020852221970683968,False,0.0,0.0,0.023362182831926096,0.03745317149164644,0.18461279140713438,0.18824968933114344,1.48,0.86,0.16353527982348268,0.26217220044152506,-0.128767936868884,0.2064348034972638,
1791389489.979936,balance,0.0065817081898843985,-0.05372688081730189,0.018473999607118173,-0.09868621377540349,-2.9652861172308614e-05,-0.011921944278406081,0.17694849231377188,0.10288093495187145,0.06342669966289857,0.0001972711764448644,False,0.0,0.0,0.023672786804824025,0.03369070806204673,0.18461279140713438,0.18824968933114344,1.47,0.86,0.16570950763376818,0.23583495643432711,-0.1304799272706836,0.18569681609002134,
1791389489.9899104,balance,0.005784021576350137,-0.05542125444486412,0.01767631299358391,-0.07033862331193158,-2.9652861172308614e-05,-0.011921944278406081,0.17694849231377188,0.10513262408167112,0.06677613724985723,0.00019178243415906947,False,0.0,0.0,0.026921908888316064,0.03259426743155887,0.18461279140713438,0.18824968933114344,1.48,0.85,0.18845336221821246,0.2281598720209121,-0.14838847418756887,0.17965344253615126,
1791389489.999961,balance,0.005053909748538667,-0.05688561924773533,0.01694620116577244,-0.07828471398901814,-2.9652861172308614e-05,-0.011921944278406081,0.17694849231377188,0.10463500361800958,0.051494927393411064,0.0002657003811229926,False,0.0,0.0,0.02961718395161288,0.03142710397518752,0.18461279140713438,0.18824968933114344,1.48,0.84,0.20732028766129015,0.21998972782631263,-0.16324432099314184,0.17322025813095482,
1791389490.0099044,balance,0.004053633342935803,-0.058225240014867084,0.015945924760169577,-0.1048750579449736,-2.9652861172308614e-05,-0.011921944278406081,0.17694849231377188,0.10146882083379363,0.040587528333517454,0.0003044064625013809,False,0.0,0.0,0.02910744697335633,0.02916774635773798,0.18461279140713438,0.18824968933114344,1.48,0.86,0.20375212881349433,0.20417422450416586,-0.16043474709723962,0.160767105908792,
1791389490.0199044,balance,0.002774521651803788,-0.059800716827183846,0.014666813069037561,-0.13394419348940023,-2.9652861172308614e-05,-0.011921944278406081,0.17694849231377188,0.09926993260276484,0.03970797304110594,0.00029780979780829453,False,0.0,0.0,0.02551689051547597,0.02457089164616426,0.18461279140713438,0.18824968933114344,1.48,0.86,0.1786182336083318,0.1719962415231498,-0.1406442784317573,0.13543011143555103,
1791389490.0299106,balance,0.0013157463327276655,-0.06149196270580296,0.013208037749961439,-0.1560125424363566,-2.9652861172308614e-05,-0.011921944278406081,0.17694849231377188,0.09639031725962106,0.04339151723246385,0.0002649940001357861,False,0.0,0.0,0.02325297476426622,0.02024692934467019,0.18461279140713438,0.18824968933114344,1.48,0.84,0.16277082334986354,0.14172850541269133,-0.12816600263768782,0.11159724835644987,
1791389490.039924,balance,-0.00034015340477689407,-0.0634064704003272,0.01155213801245688,-0.15652636270495635,-2.9652861172308614e-05,-0.011921944278406081,0.17694849231377188,0.0908842868934343,0.039641306212025995,0.0002562149034070415,False,0.0,0.0,0.020932613402031074,0.016860860775307757,0.18461279140713438,0.18824968933114344,1.47,0.84,0.14652829381421753,0.1180260254271543,-0.11537660930253349,0.09293387828909788,
1791389490.0498931,balance,-0.0019350338721264401,-0.06557573622294616,0.009957257545107333,-0.15147371103150128,-2.9652861172308614e-05,-0.011921944278406081,0.17694849231377188,0.08667975634339906,0.03996342622159881,0.00023358165060900123,False,0.0,0.0,0.020084128183604937,0.014205452276832248,0.18461279140713438,0.18824968933114344,1.45,0.84,0.14058889728523455,0.09943816593782574,-0.11069991912223193,0.0782977684549809,
1791389490.0599027,balance,-0.003430008530319808,-0.06767332503775851,0.008462282886913964,-0.13567755202598047,-2.9652861172308614e-05,-0.011921944278406081,0.17694849231377188,0.09006376041284261,0.05076441961129001,0.00019649670400776303,False,0.0,0.0,0.0202041915888687,0.0122911935347473,0.18461279140713438,0.18824968933114344,1.43,0.84,0.1414293411220809,0.0860383547432311,-0.11136168592289833,0.0677467360182922,
1791389490.0699012,balance,-0.004982086274799248,-0.06973682047339379,0.006910205142434525,-0.15933642163409575,-2.9652861172308614e-05,-0.011921944278406081,0.17694849231377188,0.08419157521213541,0.040910392869911855,0.0002164059117111178,False,0.0,0.0,0.0172166927191356,0.010194520349928673,0.18461279140713438,0.18824968933114344,1.5,0.85,0.1205168490339492,0.07136164244950072,-0.09489515671964503,0.05619026964527615,
1791389490.079907,balance,-0.006729114539794364,-0.07174239726183353,0.005163176877439409,-0.17307007043128123,-2.9652861172308614e-05,-0.011921944278406081,0.17694849231377188,0.08048066644126999,0.04185970547832038,0.00019310480481474803,False,0.0,0.0,0.012465017422805327,0.008083793946773134,0.18461279140713438,0.18824968933114344,1.37,0.85,0.08725512195963729,0.05658655762741194,-0.06870482044065929,0.04455634458851333,
1791389490.0899236,balance,-0.008528341976420818,-0.07368958579381837,0.0033728555243382075,-0.16113275196691496,-2.074677764705643e-05,-0.011921944278406081,0.17702514383195786,0.07836187005172503,0.03134474802069001,0.00023508561015517509,False,0.0,0.0,0.01085561189575699,0.0072552275052021374,0.1848152533120094,0.18824968933114344,1.49,0.85,0.07598928327029894,0.05078659253641496,-0.05983408131519601,0.03998944294205902,
1791389490.0999217,balance,-0.010263490784347558,-0.0756165729191396,0.0016288006328862153,-0.1762296157566742,-2.9652861172308614e-05,-0.011921944278406081,0.17694849231377188,0.07821569611584253,0.04238395346289973,0.000179158713264714,False,0.0,0.0,0.00788796106165033,0.004734651747336454,0.18461279140713438,0.18824968933114344,1.35,0.86,0.05521572743155231,0.03314256223135518,-0.04347695073350575,0.026096505693980455,
1791389490.1098907,balance,-0.011891957394185892,-0.07746003950106296,3.34023047880716e-07,-0.15487408822885998,-2.9652861172308614e-05,-0.011921944278406081,0.17694849231377188,0.07572754796713131,0.04185973924094453,0.00016933904363093392,False,0.0,0.0,0.006492887037661847,0.004876811442979581,0.18461279140713438,0.18824968933114344,1.47,0.85,0.045450209263632926,0.03413768010085707,-0.03578756634931726,0.026880063071540998,
1791389490.1198947,balance,-0.013385730231142515,-0.07943698555732613,-0.0014934388139087422,-0.14397976279723745,-2.9652861172308614e-05,-0.011921944278406081,0.17694849231377188,0.0711220340649407,0.02903135630158918,0.00021045338881675764,False,0.0,0.0,0.005529962081429234,0.005463652729878054,0.18461279140713438,0.18824968933114344,1.3900000000000001,0.86,0.038709734570004636,0.03824556910914638,-0.030480105960633573,0.03011462134578455,
1791389490.1299038,balance,-0.014680385945032919,-0.08125656239339371,-0.002788094527799146,-0.10682896301153108,-2.9652861172308614e-05,-0.011921944278406081,0.17694849231377188,0.06765648883550714,0.0402381282799989,0.0001370918027775412,False,0.0,0.0,0.005466875534781914,0.006002104309406123,0.18461279140713438,0.18824968933114344,1.48,0.85,0.03826812874347339,0.04201473016584287,-0.030132384837380625,0.033082464697514066,
1791389490.1399412,balance,-0.0158103132147663,-0.08313523031349343,-0.0039180217975325286,-0.1071523757353154,-2.9652861172308614e-05,-0.011921944278406081,0.17694849231377188,0.061984306766990425,0.03686464565284988,0.00012559830557070273,False,0.0,0.0,0.003984878154341836,0.006247259988952012,0.18461279140713438,0.18824968933114344,1.3900000000000001,0.86,0.027894147080392853,0.04373081992266409,-0.02196389533889201,0.034433716474538655,
1791389490.1499107,balance,-0.016847643539533552,-0.08484209263454871,-0.004955352122299779,-0.08717576724523751,-2.9652861172308614e-05,-0.011921944278406081,0.17694849231377188,0.05415414729869872,0.034144037018866646,0.00010005055139916036,False,0.0,0.0,0.002316140438587823,0.006747116761441013,0.18461279140713438,0.18824968933114344,1.48,0.84,0.01621298307011476,0.04722981733008709,-0.012766128401665166,0.03718883254337566,
1791389490.1599002,balance,-0.017739145961784546,-0.08664377229094886,-0.005846854544550773,-0.08450994175253308,-2.9652861172308614e-05,-0.011921944278406081,0.17694849231377188,0.04423331307714825,0.028301567151198657,7.965872962974797e-05,False,0.0,0.0,0.0003690777389823711,0.006396674277988613,0.18461279140713438,0.18824968933114344,1.49,0.87,0.0025835441728765977,0.04477671994592029,-0.0020342867502965334,0.03525725979993724,
1791389490.1699052,balance,-0.018451125405356227,-0.08829596888468468,-0.006558833988122454,-0.060449029291963455,-2.9652861172308614e-05,-0.011921944278406081,0.17694849231377188,0.04038264449520321,0.016483821872560367,0.00011949411311321421,False,0.0,0.0,0.0021350173544590393,0.007502180621211177,0.18461279140713438,0.18824968933114344,1.48,0.84,0.014945121481213275,0.05251526434847824,-0.011767812189931712,0.041350601849195465,
1791389490.1799688,balance,-0.01900400219933798,-0.08988992744737778,-0.00710104321593105,-0.04727236623598812,-2.9652861172308614e-05,-0.011932611844579237,0.17694849231377188,0.03744365252090738,0.015691619342410833,0.00010876016589248274,False,0.0,0.0,0.004087838961993561,0.007158927367326093,0.18461279140713438,0.18824968933114344,1.48,0.86,0.028614872733954928,0.05011249157128265,-0.022531395853507816,0.03945865478053752,
1791389490.1899347,balance,-0.01942358774257628,-0.09138188903964603,-0.007498326084076393,-0.037701131534242496,-2.9652861172308614e-05,-0.011954914519672196,0.17694849231377188,0.03744066166541912,0.015923185530860848,0.00010758738067279138,False,0.0,0.0,0.0064337329255871835,0.006737770038641221,0.18461279140713438,0.18824968933114344,1.49,0.85,0.04503613047911029,0.04716439027048855,-0.035461520062291564,0.03713731517361303,
1791389490.200231,balance,-0.020638743534961392,-0.09337097613666165,-0.008700411653646812,-0.1071744462340632,-2.9652861172308614e-05,-0.011967984742486889,0.17694849231377188,0.04276657170343127,0.017390434401035618,0.00012688068651197827,False,0.0,0.0,0.0035690566247292264,0.0024335549373146613,0.18461279140713438,0.18824968933114344,1.46,0.92,0.024983396373104583,0.01703488456120263,-0.019671965648113843,0.01341329493008081,
1791389490.2099051,balance,-0.021101096020648837,-0.09382425940976315,-0.009162764139334256,-0.11744419610278471,-2.9652861172308614e-05,-0.011967984742486889,0.17694849231377188,0.0392513065507508,0.017730571927726892,0.00010760367311511953,False,0.0,0.0,0.000498270113219309,0.0003165205376291031,0.18461279140713438,0.18824968933114344,1.49,0.87,0.003487890792535163,0.002215643763403722,-0.0027463707027835928,0.0017446013885068677,
1791389490.2199287,balance,-0.02249029785023306,-0.09486360367348831,-0.01055196596891848,-0.1418795457587092,-2.9652861172308614e-05,-0.011967984742486889,0.17694849231377188,0.03130480652441526,0.012521922609766103,9.391441957324578e-05,False,0.0,0.0,-0.005073262636947967,-0.004554122279039879,0.18461279140713438,0.18824968933114344,1.47,0.85,-0.035512838458635766,-0.03187885595327915,0.027962864928059657,-0.025101461380534762,
1791389490.2299352,balance,-0.024060634492802165,-0.09579915557804378,-0.012122302611487584,-0.13676106824376816,-2.9652861172308614e-05,-0.011967984742486889,0.17694849231377188,0.019028027610024537,0.009601073765579718,4.71347692222241e-05,False,0.0,0.0,-0.012203853576508172,-0.008573878411552594,0.18461279140713438,0.18824968933114344,1.48,0.85,-0.0854269750355572,-0.06001714888086816,0.06726533467366709,-0.04725759754399068,
1791389490.2399058,balance,-0.02522445465166942,-0.09664128198059972,-0.013277216686829588,-0.06153411897488847,-2.074677764705643e-05,-0.011967984742486889,0.17702514383195786,0.007833316883292897,0.004744042595576054,1.5446371438584216e-05,False,0.0,0.0,-0.012374706638933131,-0.009065613835053894,0.1848152533120094,0.18824968933114344,1.45,0.85,-0.08662294647253192,-0.06345929684537727,0.06820704446656056,-0.049967950271950605,
1791389490.2499092,balance,-0.025703014183903666,-0.09711724442404211,-0.013764682302589086,-0.013007742277804284,-2.9652861172308614e-05,-0.011967984742486889,0.17694849231377188,0.0017991070984609509,0.001095175702417549,3.5196569802170096e-06,False,0.0,0.0,-0.007623481359364536,-0.008205483582350232,0.18461279140713438,0.18824968933114344,1.37,0.87,-0.05336436951555175,-0.057438385076451624,0.04201918859492264,-0.04522707486334773,
1791389490.2599285,balance,-0.02580266709852398,-0.09714989266829376,-0.013813918578807762,0.008129663544607606,-2.074677764705643e-05,-0.012009495297363273,0.17702514383195786,0.001353696319552437,0.0008787550284601362,2.374706455461504e-06,False,0.0,0.0,-0.003317586444939332,-0.005509027301889515,0.1848152533120094,0.18824968933114344,1.37,0.93,-0.023223105114575322,-0.038563191113226605,0.018285909539035687,-0.030364717411989452,
1791389490.2699034,balance,-0.02598515162393777,-0.09697078979379127,-0.013975408499565222,-0.014316358881577524,-2.074677764705643e-05,-0.012030489902019605,0.17702514383195786,-0.002704788621029434,-0.001810482552703406,-4.47153034163014e-06,False,0.0,0.0,-0.007809518241577871,-0.004994289049563954,0.1848152533120094,0.18824968933114344,1.34,0.89,-0.0546666276910451,-0.03496002334694768,0.043044588733106376,-0.02752757743854148,
1791389490.2799523,balance,-0.026441321617454678,-0.0966135476197967,-0.014409931125342506,-0.04919877531100888,-2.074677764705643e-05,-0.012052137269759228,0.17702514383195786,-0.005301051766633006,-0.002394587286396773,-1.4532322401181167e-05,False,0.0,0.0,-0.013226300647741012,-0.005803805296981366,0.1848152533120094,0.18824968933114344,1.33,0.88,-0.09258410453418708,-0.040626637078869564,0.07290086971195833,-0.03198947801485792,
1791389490.289936,balance,-0.02720058541964839,-0.09622428973325886,-0.015155333859544876,-0.07792581075255971,-2.9652861172308614e-05,-0.01207490442127582,0.17694849231377188,-0.007796606326257264,-0.0038370111607328714,-1.9797975827621965e-05,False,0.0,0.0,-0.01827293050426638,-0.008720845224148741,0.18461279140713438,0.18824968933114344,1.43,0.91,-0.12791051352986466,-0.06104591656904119,0.100716939787295,-0.04806765084176472,
1791389490.299939,balance,-0.02811658415400367,-0.09604626140397524,-0.01601483715211012,-0.09705917634678164,-2.074677764705643e-05,-0.012122493779540607,0.17702514383195786,-0.006220917305498781,-0.0032453023135847674,-1.487807495957007e-05,False,0.0,0.0,-0.01955975670548946,-0.010481603695537725,0.1848152533120094,0.18824968933114344,1.37,0.87,-0.13691829693842622,-0.07337122586876407,0.10780968262868207,-0.05777261879430242,
1791389490.3099065,balance,-0.029191388706395108,-0.09593358726584898,-0.017039037959040423,-0.10543693343960059,-2.074677764705643e-05,-0.012173097525001739,0.17702514383195786,-0.005611887654374374,-0.003259105350168306,-1.1763911521030343e-05,False,0.0,0.0,-0.0216526128345487,-0.01263208776323294,0.1848152533120094,0.18824968933114344,1.42,0.89,-0.1515682898418409,-0.08842461434263059,0.11934511011168575,-0.0696256805847485,
1791389490.319928,balance,-0.03033196084584819,-0.09576334602904003,-0.01812583133257462,-0.11905848464918438,-2.074677764705643e-05,-0.012226876290920629,0.17702514383195786,-0.007588431831224498,-0.00532714240641399,-1.1306447124052538e-05,False,0.0,0.0,-0.02450604949267795,-0.01463778843583333,0.1848152533120094,0.18824968933114344,1.36,0.85,-0.17154234644874564,-0.10246451905083331,0.1350727137391698,-0.08068072366207348,
1791389490.3299286,balance,-0.031557859733132056,-0.09517204972569654,-0.01935173021985848,-0.11584938266514493,-2.074677764705643e-05,-0.012226876290920629,0.17702514383195786,-0.016581979624012134,-0.013084266379431796,-1.748856622290169e-05,False,0.0,0.0,-0.0309525124588606,-0.01664164311694338,0.1848152533120094,0.18824968933114344,1.32,0.88,-0.2166675872120242,-0.11649150181860365,0.1706043993795466,-0.09172559198315249,
1791389490.3399034,balance,-0.032645755630106126,-0.09437107903745182,-0.02043962611683255,-0.08426454055298642,-2.074677764705643e-05,-0.012226876290920629,0.17702514383195786,-0.03300366626544166,-0.031224076616033904,-8.897948247038792e-06,False,0.0,0.0,-0.03401672759561388,-0.017307873989806103,0.1848152533120094,0.18824968933114344,1.3900000000000001,0.89,-0.23811709316929716,-0.12115511792864272,0.18749377414905288,-0.09539773065247459,
1791389490.3499,balance,-0.033235864656104196,-0.09335466931996189,-0.02102973514283062,-0.02110166492489088,-2.074677764705643e-05,-0.012226876290920629,0.17702514383195786,-0.0392771145543885,0.0,-0.00021288885524802333,False,0.0,0.0,-0.030361796266567265,-0.01912384987870378,0.1848152533120094,0.18824968933114344,1.3800000000000001,0.92,-0.21253257386597085,-0.13386694915092648,0.16734848335903216,-0.10540704657553265,
1791389490.3599348,balance,-0.03335537270072798,-0.09197595324494595,-0.021085869277106355,0.002706390863932087,-2.074677764705643e-05,-0.012290250201268674,0.17702514383195786,-0.03724276320339014,0.0,-0.000588148973559611,False,0.0,0.0,-0.025602531135049008,-0.01982717270795714,0.1848152533120094,0.18824968933114344,1.46,0.92,-0.17921771794534305,-0.1387902089557,0.1411163133427898,-0.10928362909897636,
1791389490.3699512,balance,-0.03369274148560857,-0.09059428376394363,-0.021400306784951917,-0.04860072037108171,-2.9652861172308614e-05,-0.012322087561828966,0.17694849231377188,-0.03984481801563684,0.0,-0.000977508329276868,False,0.0,0.0,-0.03037238705153301,-0.02240535964096458,0.18461279140713438,0.18824968933114344,1.3900000000000001,0.9500000000000001,-0.2126067093607311,-0.15683751748675206,0.16740685776435518,-0.12349410825728509,
1791389490.37994,balance,-0.034522669647352164,-0.08923217149231909,-0.0222302349466955,-0.07523995363191255,-2.9652861172308614e-05,-0.012322087561828966,0.17694849231377188,-0.05350062099254097,0.0,-0.0014734483846947466,False,0.0,0.0,-0.03886454061656782,-0.02638932020044373,0.18461279140713438,0.18824968933114344,1.5,0.92,-0.27205178431597477,-0.1847252414031061,0.21421400339840532,-0.1454529459866977,
1791389490.389943,balance,-0.03551639254764226,-0.08810453696646556,-0.023223957846985596,-0.0799718081284637,-2.9652861172308614e-05,-0.012322087561828966,0.17694849231377188,-0.06434264467902776,0.0,-0.0020921591278124712,False,0.0,0.0,-0.04290777365338648,-0.03198009727068751,0.18461279140713438,0.18824968933114344,1.48,0.92,-0.30035441557370535,-0.2238606808948126,0.23649953982181524,-0.17626825267308077,
1791389490.3999395,balance,-0.03629709537701717,-0.08689378487971285,-0.024004660676360506,-0.04856283461533758,-2.9652861172308614e-05,-0.012322087561828966,0.17694849231377188,-0.0778006984234386,0.0,-0.0028415358435028167,False,0.0,0.0,-0.04215862825627345,-0.03527135122018722,0.18461279140713438,0.18824968933114344,1.49,0.92,-0.2951103977939141,-0.24689945854131057,0.2323703919637119,-0.1944090224734729,
1791389490.4098973,balance,-0.03663605282164359,-0.08565775614819957,-0.024343618120986926,0.0060558387451105,-2.9652861172308614e-05,-0.012322087561828966,0.17694849231377188,-0.07982822981235448,0.0,-0.003640914426523778,False,0.0,0.0,-0.036874306562953714,-0.03484109768686773,0.18461279140713438,0.18824968933114344,1.48,0.93,-0.258120145940676,-0.24388768380807413,0.20324420940210708,-0.19203754630557018,
1791389490.419907,balance,-0.03675311553480367,-0.0841166783210279,-0.024460680834147014,0.002702954815596362,-2.9652861172308614e-05,-0.012322087561828966,0.17694849231377188,-0.07810147948499895,0.0,-0.004430762732196141,False,0.0,0.0,-0.03502287830386999,-0.03423230500531212,0.18461279140713438,0.18824968933114344,1.3800000000000001,0.93,-0.24516014812708994,-0.23962613503718486,0.19303948671424404,-0.18868199609227154,
1791389490.4299002,balance,-0.037182103928511755,-0.08217628459321463,-0.0248896692278551,-0.03390868659184469,-2.9652861172308614e-05,-0.012322087561828966,0.17694849231377188,-0.0775913969414864,0.0,-0.00519469617791501,False,0.0,0.0,-0.039268949127229676,-0.03505310440407882,0.18461279140713438,0.18824968933114344,1.48,0.9500000000000001,-0.27488264389060774,-0.24537173082855174,0.2164430266855179,-0.19320608726657618,
1791389490.439908,balance,-0.03792306528858148,-0.08019682353577473,-0.02563063058792482,-0.0752338735141465,-2.9652861172308614e-05,-0.012322087561828966,0.17694849231377188,-0.09032487523927182,0.0,-0.006057435273279861,False,0.0,0.0,-0.04696992359532529,-0.03837344965714718,0.18461279140713438,0.18824968933114344,1.5,0.9,-0.32878946516727703,-0.2686141476000303,0.25888934265139923,-0.2115072028346695,
1791389490.4499009,balance,-0.03865586928668591,-0.0781881467818812,-0.026363434586029244,-0.04359875718992004,-2.9652861172308614e-05,-0.012322087561828966,0.17694849231377188,-0.08857724516971788,0.0,-0.006954035893620651,False,0.0,0.0,-0.04770330659533875,-0.038911517597833005,0.18461279140713438,0.18824968933114344,1.48,0.9,-0.3339231461673713,-0.272380623184831,0.26293161115541047,-0.21447293164159922,
1791389490.4599051,balance,-0.039123984801644675,-0.07626179855847692,-0.02683155010098802,-0.01755597433657254,-2.9652861172308614e-05,-0.012322087561828966,0.17694849231377188,-0.08736440802148204,0.0,-0.007835848491407097,False,0.0,0.0,-0.04545205113909715,-0.03758237223501068,0.18461279140713438,0.18824968933114344,1.49,0.93,-0.31816435797368003,-0.26307660564507473,0.2505231165147087,-0.20714693357879901,
1791389490.4699233,balance,-0.0394302646290994,-0.0743938928659539,-0.02713782992844274,-0.013032621497488541,-2.9652861172308614e-05,-0.012322087561828966,0.17694849231377188,-0.08779248511627809,0.0,-0.008708173371793417,False,0.0,0.0,-0.04518898449992113,-0.04041284410741028,0.18461279140713438,0.18824968933114344,1.48,0.91,-0.31632289149944787,-0.2828899087518719,0.24907314291295107,-0.22274795964714325,
1791389490.479921,balance,-0.03967837983271437,-0.07246274431259782,-0.027385945132057707,-0.009217077234354951,-2.9652861172308614e-05,-0.012322087561828966,0.17694849231377188,-0.09633041464494099,0.0,-0.009655627504529089,False,0.0,0.0,-0.04653074825252946,-0.05800334232002061,0.18461279140713438,0.18824968933114344,1.48,0.91,-0.3257152377677062,-0.4060233962401443,0.25646869115567417,-0.31970346160641283,
1791389490.4899087,balance,-0.03990197882925849,-0.07042988774167178,-0.027609544128601837,-0.009119823557711244,-2.9652861172308614e-05,-0.012322087561828966,0.17694849231377188,-0.09766804339331916,0.0,-0.010626510576004163,False,0.0,0.0,-0.047339411491540764,-0.06504232053361372,0.18461279140713438,0.18824968933114344,1.49,0.93,-0.33137588044078536,-0.4552962437352961,0.2609258901108546,-0.3585009793191308,
1791389490.4999914,balance,-0.040123047387553526,-0.0682019864576653,-0.027830612686896863,-0.007333877139470647,-2.9652861172308614e-05,-0.012322087561828966,0.17694849231377188,-0.09758544617374161,0.0,-0.0116042174026996,False,0.0,0.0,-0.04742073535999256,-0.06727987023958348,0.18461279140713438,0.18824968933114344,1.49,0.9500000000000001,-0.3319451475199479,-0.4709590916770844,0.2613741319054708,-0.37083393045439716,
1791389490.5099094,balance,-0.04038894594594752,-0.066061177514936,-0.02809651124529086,-0.013285918211156069,-2.9652861172308614e-05,-0.012322087561828966,0.17694849231377188,-0.09660460836639644,0.0,-0.012573322467150148,False,0.0,0.0,-0.048579474249571604,-0.06820417423619955,0.18461279140713438,0.18824968933114344,1.5,0.92,-0.34005631974700123,-0.47742921965339685,0.2677608816905521,-0.3759285194121235,
1791389490.5198944,balance,-0.04057206840188553,-0.06388407717647492,-0.028279633701228865,-0.010401281311970502,-2.9652861172308614e-05,-0.012322087561828966,0.17694849231377188,-0.09451752265257696,0.0,-0.0135332204192485,False,0.0,0.0,-0.048355240183523454,-0.06785421926214086,0.18461279140713438,0.18824968933114344,1.5,0.91,-0.3384866812846642,-0.474979534834986,0.2665249458934364,-0.37399963372833545,
1791389490.5299323,balance,-0.04086368710874504,-0.06168657013797139,-0.028571252408088388,-0.024497960191213412,-2.9652861172308614e-05,-0.012322087561828966,0.17694849231377188,-0.09496288540141598,0.0,-0.014486477560026991,False,0.0,0.0,-0.0501109260565202,-0.06853884945285728,0.18461279140713438,0.18824968933114344,1.49,0.92,-0.3507764823956414,-0.47977194617000096,0.27620195464223735,-0.3777731859606307,
1791389490.539916,balance,-0.041156974675200145,-0.059455615283244355,-0.028864539974543482,-0.009584872240589789,-2.9652861172308614e-05,-0.012322087561828966,0.17694849231377188,-0.1044041073591332,0.0,-0.015508069001460607,False,0.0,0.0,-0.05205202666894457,-0.06829805868400089,0.18461279140713438,0.18824968933114344,1.49,0.92,-0.36436418668261195,-0.47808641078800623,0.2869009343957574,-0.3764459927464616,
1791389490.5499318,balance,-0.04119461941629336,-0.05717775696638341,-0.0289021847156367,0.016142758368070102,-2.9652861172308614e-05,-0.012322087561828966,0.17694849231377188,-0.1037844892203477,0.0,-0.01654709684352726,False,0.0,0.0,-0.05100278294173954,-0.06613849504078922,0.18461279140713438,0.18824968933114344,1.48,0.92,-0.35701948059217675,-0.4629694652855246,0.28111770125368246,-0.36454288605159413,
1791389490.5599396,balance,-0.04093873475569443,-0.05479778702071304,-0.028646300055037766,0.04035550723212692,-2.9652861172308614e-05,-0.012322087561828966,0.17694849231377188,-0.10889153726746027,0.0,-0.017624510273312244,False,0.0,0.0,-0.05045095113334241,-0.06296060476149805,0.18461279140713438,0.18824968933114344,1.49,0.9400000000000001,-0.35315665793339684,-0.4407242333304863,0.2780761086089739,-0.34702695537833567,
1791389490.5699363,balance,-0.040436950725655764,-0.05238831586158257,-0.02814451602499911,0.07349446369526269,-2.9652861172308614e-05,-0.012322087561828966,0.17694849231377188,-0.11516035012930757,0.0,-0.018765319432737106,False,0.0,0.0,-0.050397188925561595,-0.05851617205183759,0.18461279140713438,0.18824968933114344,1.5,0.9500000000000001,-0.35278032247893115,-0.40961320436286314,0.27777978147947335,-0.3225300821754828,
1791389490.5799139,balance,-0.03955199903005757,-0.05006390797702969,-0.02725956432940091,0.11298239737727854,-2.9652861172308614e-05,-0.012322087561828966,0.17694849231377188,-0.11853021478369309,-0.09905606937210228,-9.737072705795408e-05,False,0.0,0.0,-0.03553701299400752,-0.04080332318506528,0.18461279140713438,0.18824968933114344,1.49,0.91,-0.24875909095805265,-0.2856232622954569,0.1958732999669706,-0.22490020653185586,
1791389490.5899026,balance,-0.038406265664200315,-0.04783727032732889,-0.026113830963543652,0.11292299532482701,-2.9652861172308614e-05,-0.012322087561828966,0.17694849231377188,-0.1095795769486899,-0.08067350644484561,-0.00014453035251922147,False,0.0,0.0,-0.033533340453198245,-0.03472337865059504,0.18461279140713438,0.18824968933114344,1.48,0.92,-0.2347333831723877,-0.2430636505541653,0.1848294355688092,-0.1913887012237522,
1791389490.599994,balance,-0.037408512416250754,-0.04583486213664313,-0.0251160777155941,0.08742098650438934,-2.9652861172308614e-05,-0.012322087561828966,0.17694849231377188,-0.10135625613529338,-0.07115293676250266,-0.0001510165968639536,False,0.0,0.0,-0.03672740254839893,-0.0318765601297095,0.18461279140713438,0.18824968933114344,1.51,0.93,-0.25709181783879254,-0.2231359209079665,0.2024345022352697,-0.17569757551808385,
1791389490.6099305,balance,-0.036779989898281316,-0.04406966719322779,-0.02448755519762466,0.03262195369332416,-2.9652861172308614e-05,-0.012322087561828966,0.17694849231377188,-0.09432442587642723,-0.03923553721753653,-0.00027544444329445346,False,0.0,0.0,-0.04507372171573596,-0.03398627145286236,0.18461279140713438,0.18824968933114344,1.5,0.9500000000000001,-0.3155160520101517,-0.2379039001700365,0.2484378362284659,-0.187325905645698,
1791389490.620009,balance,-0.036555139571569736,-0.04248446682441789,-0.024262704870913074,0.008261935151946865,-2.9652861172308614e-05,-0.012322087561828966,0.17694849231377188,-0.09493817591551316,-0.040523964802273396,-0.00027207105556619886,False,0.0,0.0,-0.051097003734274817,-0.034716612910722325,0.18461279140713438,0.18824968933114344,1.49,0.97,-0.3576790261399237,-0.2430162903750563,0.28163702845663285,-0.1913514097441388,
1791389490.629902,balance,-0.036293861677638296,-0.04101484955491016,-0.02400142697698164,0.04358662734240133,-2.9652861172308614e-05,-0.012322087561828966,0.17694849231377188,-0.09704640739642996,-0.040971252381391904,-0.0002803757750751903,False,0.0,0.0,-0.05124912376944797,-0.0338570893108151,0.18461279140713438,0.18824968933114344,1.48,0.92,-0.3587438663861358,-0.23699962517570572,0.28247548534341405,-0.18661387809110686,
1791389490.6399388,balance,-0.03555870530561753,-0.03948474808824645,-0.023266270604960865,0.09286206701996552,-2.9652861172308614e-05,-0.012322087561828966,0.17694849231377188,-0.1022874023702807,-0.04350193647662296,-0.0002939273294682887,False,0.0,0.0,-0.04525095160231355,-0.0307928330452385,0.18461279140713438,0.18824968933114344,1.5,0.9500000000000001,-0.31675666121619483,-0.2155498313166695,0.24941469387101955,-0.1697242766272988,
1791389490.6499274,balance,-0.034345307782720505,-0.03785314825743374,-0.022052873082063842,0.13325276439346012,-2.9652861172308614e-05,-0.012322087561828966,0.17694849231377188,-0.10439396325588562,-0.046020736919269056,-0.00029186613168308284,False,0.0,0.0,-0.03858501433070573,-0.026168976731505783,0.18461279140713438,0.18824968933114344,1.47,0.9500000000000001,-0.2700951003149401,-0.18318283712054048,0.2126733073345985,-0.14423845442562241,
1791389490.6598918,balance,-0.03285381284535205,-0.03621570795989764,-0.020561378144695386,0.15786014972926493,-2.9652861172308614e-05,-0.012322087561828966,0.17694849231377188,-0.09881420760591608,-0.047401363855721676,-0.000257064218750972,False,0.0,0.0,-0.033985814954364826,-0.021947815938092776,0.18461279140713438,0.18824968933114344,1.5,0.9500000000000001,-0.2379007046805538,-0.15363471156664943,0.18732338951224708,-0.12097221383200742,
1791389490.6699197,balance,-0.031296600198252644,-0.03458922517207563,-0.01900416549759598,0.13746388798746736,-2.9652861172308614e-05,-0.012322087561828966,0.17694849231377188,-0.08947053419791384,-0.04389281614442679,-0.00022788859026743526,False,0.0,0.0,-0.03273631144814448,-0.018667836718372646,0.18461279140713438,0.18824968933114344,1.5,0.93,-0.22915418013701133,-0.13067485702860854,0.18043636231260735,-0.10289358821150278,
1791389490.6798892,balance,-0.030128242404543346,-0.03299690476689265,-0.017835807703886687,0.09665239811480386,-2.9652861172308614e-05,-0.012322087561828966,0.17694849231377188,-0.08005079463347223,-0.04275613579458478,-0.00018647329419443725,False,0.0,0.0,-0.035812937458949666,-0.01801681518039744,0.18461279140713438,0.18824968933114344,1.52,0.96,-0.2506905622126477,-0.12611770626278207,0.19739414347452572,-0.09930528052187565,
1791389490.689925,balance,-0.029356438952458937,-0.031693562557413485,-0.01706400425180228,0.06852958116817677,-2.9652861172308614e-05,-0.012322087561828966,0.17694849231377188,-0.08094018491068707,-0.04159539546045143,-0.0001967239472511782,False,0.0,0.0,-0.039249597831699,-0.01860869554208565,0.18461279140713438,0.18824968933114344,1.5,0.96,-0.274747184821893,-0.13026086879459953,0.21633636600149053,-0.10256761322409412,
1791389490.7001157,balance,-0.02822779189485604,-0.029881228300591096,-0.01594427556166606,0.07320320026090064,-3.857122863898735e-05,-0.012322087561828966,0.17687184288673394,-0.07030572083253424,-0.04246951634912043,-0.00013918102241706904,False,0.0,0.0,-0.03654627576983203,-0.018360761477520002,0.18441020567926045,0.18824968933114344,1.5,0.9500000000000001,-0.26878487379023713,-0.13245578445497716,0.21164163290569854,-0.10429589327163556,
1791389490.7099073,balance,-0.02793874981631447,-0.029432705355961517,-0.01565523348312449,0.07466015236276902,-3.857122863898735e-05,-0.012322087561828966,0.17687184288673394,-0.06920604957304541,-0.03760934348762486,-0.00015798353042710273,False,0.0,0.0,-0.03578855883080025,-0.018248554239060848,0.18441020567926045,0.18824968933114344,1.61,0.9400000000000001,-0.2505199118156018,-0.12773987967342593,0.197259773083151,-0.10058258242002041,
1791389490.7199013,balance,-0.027243991875447585,-0.02844269090118506,-0.014960475542257606,0.06426434678325067,-3.857122863898735e-05,-0.012322087561828966,0.17687184288673394,-0.0624302244011545,-0.036644584277143684,-0.00012892820062005407,False,0.0,0.0,-0.03430926883395767,-0.018298762824705998,0.18441020567926045,0.18824968933114344,1.6,0.97,-0.24016488183770368,-0.128091339772942,0.1891062061714202,-0.10085932265585983,
1791389490.729834,balance,-0.026559832118396822,-0.027504064321468475,-0.014276315785206843,0.06042127747539536,-3.857122863898735e-05,-0.012322087561828966,0.17687184288673394,-0.06031243944245136,-0.035870316608735554,-0.00012221061416857904,False,0.0,0.0,-0.03286173773109292,-0.019283359492991866,0.18441020567926045,0.18824968933114344,1.61,0.9500000000000001,-0.23003216411765043,-0.13498351645094306,0.18112768828161452,-0.10628623342593942,
1791389490.7398977,balance,-0.025970798961744725,-0.02657800520247183,-0.013687282628554747,0.06288380246020724,-3.857122863898735e-05,-0.012322087561828966,0.17687184288673394,-0.051621370898311855,-0.031503877498685655,-0.000100587466998131,False,0.0,0.0,-0.029522215377884516,-0.02031540886471222,0.18441020567926045,0.18824968933114344,1.61,0.9500000000000001,-0.2066555076451916,-0.14220786205298552,0.1627208721615682,-0.11197469452990987,
1791389490.749904,balance,-0.02546067033198122,-0.02568211988319741,-0.013177153998791243,0.03308357128177248,-3.857122863898735e-05,-0.012322087561828966,0.17687184288673394,-0.040417181236679714,-0.025294422202546366,-7.561379517066675e-05,False,0.0,0.0,-0.02578329970210692,-0.021952674596184787,0.18441020567926045,0.18824968933114344,1.62,0.93,-0.18048309791474845,-0.15366872217329353,0.14211267552342396,-0.120998993837239,
1791389490.7598984,balance,-0.025409302801603507,-0.024844934903877364,-0.013125786468413529,-0.01820435140111198,-3.857122863898735e-05,-0.012322087561828966,0.17687184288673394,-0.028269579661747556,-0.011307831864699023,-8.480873898524266e-05,False,0.0,0.0,-0.025049898560966264,-0.025812014020417592,0.18441020567926045,0.18824968933114344,1.62,0.93,-0.17534928992676385,-0.18068409814292313,0.1380703070289479,-0.1422709434196245,
1791389490.7699366,balance,-0.025856149530117827,-0.024099729871704285,-0.013552274247132456,-0.06714953962445243,-3.857122863898735e-05,-0.012342446511624357,0.17687184288673394,-0.02454377324781139,-0.009817509299124557,-7.363131974343418e-05,False,0.0,0.0,-0.02956294328237945,-0.03016891034010699,0.18441020567926045,0.18824968933114344,1.61,0.9400000000000001,-0.20694060297665615,-0.21118237238074894,0.1629453566745324,-0.1662853325832669,
1791389490.7799387,balance,-0.026694277213870025,-0.023431850905210008,-0.014347780320868383,-0.08448017299540289,-3.857122863898735e-05,-0.012385068121640629,0.17687184288673394,-0.023706749239058557,-0.009529458569862216,-7.088645334598171e-05,False,0.0,0.0,-0.03203567051654263,-0.03481166461289309,0.18441020567926045,0.18824968933114344,1.62,0.93,-0.2242496936157984,-0.24368165229025163,0.17657456190220347,-0.19187531676397765,
1791389490.7899466,balance,-0.027399725607132403,-0.0228471460164419,-0.015053228714130762,-0.06455738435998784,-3.857122863898735e-05,-0.012385068121640629,0.17687184288673394,-0.01717368033088203,-0.0070635335019937715,-5.055073414444129e-05,False,0.0,0.0,-0.025818235239337767,-0.03705510893817243,0.18441020567926045,0.18824968933114344,1.62,0.9500000000000001,-0.18072764667536437,-0.259385762567207,0.1423052336026491,-0.20424075792693466,
1791389490.8001816,balance,-0.028376762705922234,-0.021991692475161057,-0.01600622041420121,-0.06893651173174739,-3.857122863898735e-05,-0.01240911352036001,0.17687184288673394,-0.009413405375209736,-0.004749772348715693,-2.3318165132470218e-05,False,0.0,0.0,-0.020714497525398782,-0.03852753600414021,0.18441020567926045,0.18824968933114344,1.59,0.9,-0.14500148267779148,-0.26969275202898146,0.11417439580928462,-0.21235649766061532,
1791389490.809894,balance,-0.028651630307827077,-0.02182092350527512,-0.016256666384081894,-0.06732008230361455,-3.857122863898735e-05,-0.012433535152384169,0.17687184288673394,-0.010818959114380607,-0.005324427723070499,-2.747265695655054e-05,False,0.0,0.0,-0.02270715931469616,-0.038868798870165346,0.18441020567926045,0.18824968933114344,1.62,0.9400000000000001,-0.1589501152028731,-0.2720815920911574,0.12515757102588435,-0.2142374740875255,
1791389490.8198981,balance,-0.029308467290119704,-0.021450707712932494,-0.016863183365609637,-0.06170455884006969,-3.857122863898735e-05,-0.012483855153149055,0.17687184288673394,-0.010327988964783957,-0.005082802345982443,-2.622593309400757e-05,False,0.0,0.0,-0.022456663172762598,-0.03945104745796893,0.18441020567926045,0.18824968933114344,1.62,0.9500000000000001,-0.15719664220933818,-0.27615733220578254,0.12377688362940015,-0.21744671827226972,
1791389490.8298976,balance,-0.029884995709208228,-0.02116300103027281,-0.017413552217021115,-0.04506155048140198,-3.857122863898735e-05,-0.012510014720826102,0.17687184288673394,-0.006965802164907641,-0.0033848244613836117,-1.7904888517620146e-05,False,0.0,0.0,-0.018956122613994226,-0.039751793013391344,0.18441020567926045,0.18824968933114344,1.61,0.93,-0.13269285829795957,-0.27826255109373943,0.10448256558894455,-0.2191043709399523,
1791389490.8399148,balance,-0.03035948298274836,-0.02098963196819011,-0.017861492648908135,-0.04362050167940771,-3.857122863898735e-05,-0.012536561562479212,0.17687184288673394,-0.00434578275805364,-0.0020981921021321895,-1.1237953279607254e-05,False,0.0,0.0,-0.017298942573330325,-0.039415113204577086,0.18441020567926045,0.18824968933114344,1.62,0.9400000000000001,-0.12109259801331228,-0.2759057924320396,0.09534850237268683,-0.2172486554582989,
1791389490.849906,balance,-0.03075864891927718,-0.021020923962029828,-0.01820613557232529,-0.03360381349287422,-3.857122863898735e-05,-0.01259108457559088,0.17687184288673394,-0.0032993060787731895,-0.001751942715611638,-7.736816815807758e-06,False,0.0,0.0,-0.01760404214631471,-0.037995641657931054,0.18441020567926045,0.18824968933114344,1.62,0.93,-0.12322829502420297,-0.26596949160551736,0.09703015356236455,-0.20942479653977744,
1791389490.8599057,balance,-0.03101971762807247,-0.02117232398971804,-0.018411978982438272,-0.0183527039608926,-3.857122863898735e-05,-0.012646309874273187,0.17687184288673394,-0.0014090192946227533,-0.000772288950133423,-3.183651722446652e-06,False,0.0,0.0,-0.016506167664362786,-0.03589706118858265,0.18441020567926045,0.18824968933114344,1.62,0.9500000000000001,-0.1155431736505395,-0.25127942832007855,0.09097887689018858,-0.19785781757486498,
1791389490.8699026,balance,-0.03107235076232329,-0.021428742078916464,-0.01840925813231644,0.005336898824792465,-3.857122863898735e-05,-0.012701663858645835,0.17687184288673394,-0.0012630032578644327,-0.0007550874812813671,-2.539578882915328e-06,False,0.0,0.0,-0.01639003305970532,-0.03299770347032208,0.18441020567926045,0.18824968933114344,1.62,0.9500000000000001,-0.11473023141793723,-0.2309839242922546,0.09033876489601357,-0.18187710574193275,
1791389490.879901,balance,-0.030942855843729914,-0.021890720552661166,-0.01825225555608516,0.018676266943369057,-3.857122863898735e-05,-0.012729171516283742,0.17687184288673394,0.0014039127858521106,0.0008131402400146189,2.9538627291874586e-06,False,0.0,0.0,-0.014096848462955917,-0.0300154422799907,0.18441020567926045,0.18824968933114344,1.6300000000000001,0.9500000000000001,-0.09867793924069142,-0.2101080959599349,0.07769916475644993,-0.16543944563774401,
1791389490.8899279,balance,-0.030670186715777797,-0.0224497036136965,-0.017925487284935607,0.0331424897143869,-3.857122863898735e-05,-0.012783270659481179,0.17687184288673394,0.001565962413315628,0.0009410807086109756,3.124408523523262e-06,False,0.0,0.0,-0.013904696652345876,-0.027522332309908196,0.18441020567926045,0.18824968933114344,1.6400000000000001,0.9500000000000001,-0.09733287656642113,-0.19265632616935738,0.07664006028852058,-0.15169789462154123,
1791389490.9000645,balance,-0.03026136678290237,-0.023092313074738583,-0.01746389368639778,0.05124510165225778,-3.857122863898735e-05,-0.012836044325143578,0.17687184288673394,0.0031950777962355373,0.0019449490098529102,6.2506439319131355e-06,False,0.0,0.0,-0.011893050425999084,-0.024751414587966526,0.18441020567926045,0.18824968933114344,1.6400000000000001,0.93,-0.08325135298199358,-0.17325990211576567,0.06555224644251463,-0.13642511977619343,
1791389490.9098916,balance,-0.029680184965312675,-0.02373335009149113,-0.016840632207286862,0.06726834141774407,-4.749732920836941e-05,-0.01288705008723418,0.1767951934737761,0.004038223925182434,0.0025335332183181783,7.523453534321277e-06,False,0.0,0.0,-0.010723913129586343,-0.02154469583861214,0.18420761995138657,0.18824968933114344,1.6500000000000001,0.92,-0.0750673919071044,-0.150812870870285,0.05910818260401921,-0.11875029202384646,
1791389490.9199035,balance,-0.028892712492201534,-0.024341269874054442,-0.01602907999457446,0.09004787505331642,-4.749732920836941e-05,-0.012911129826835444,0.1767951934737761,0.00745610488353766,0.0029824419534150645,2.236831465061298e-05,False,0.0,0.0,-0.007160695484282388,-0.01776131560858653,0.18420761995138657,0.18824968933114344,1.74,0.92,-0.05012486838997672,-0.12432920926010572,0.03946840030706828,-0.09789701516543757,
1791389490.929901,balance,-0.027886334695849578,-0.025096591878311956,-0.014977045438529683,0.11075555682696499,-4.749732920836941e-05,-0.012956786586528265,0.1767951934737761,0.009233613283668195,0.0036934453134672782,2.7700839851004584e-05,False,0.0,0.0,-0.004950123143639566,-0.013877191675068233,0.18420761995138657,0.18824968933114344,1.76,0.93,-0.034650862005476964,-0.09714034172547763,0.027284143311399185,-0.07648845805155718,
1791389490.9399037,balance,-0.026685451689395335,-0.02592655837645255,-0.013754736397717012,0.12869164853185783,-4.749732920836941e-05,-0.012978212620886692,0.1767951934737761,0.009549227499922791,0.00426903475665751,2.6400963716326408e-05,False,0.0,0.0,-0.0033538949958429177,-0.009960248365674594,0.18420761995138657,0.18824968933114344,1.78,0.9500000000000001,-0.023477264970900424,-0.06972173855972216,0.018486035410157815,-0.05489900673993871,
1791389490.949904,balance,-0.025356422465606075,-0.026881643766843263,-0.012425707173927752,0.14121611063708203,-4.749732920836941e-05,-0.012978212620886692,0.1767951934737761,0.014942841140475,0.006633819450703941,4.15451084488553e-05,False,0.0,0.0,0.0017078376138243395,-0.0062501885373493484,0.18420761995138657,0.18824968933114344,1.76,0.9500000000000001,0.011954863296770377,-0.04375131976144544,-0.009413278186433368,-0.0344498580798783,
1791389490.9599042,balance,-0.023969075183241366,-0.027880529838172106,-0.011038359891563043,0.13637616732052157,-4.749732920836941e-05,-0.012978212620886692,0.1767951934737761,0.025419383697849463,0.01124532531650745,7.087029190671007e-05,False,0.0,0.0,0.008358602505809654,-0.003745119338418765,0.18420761995138657,0.18824968933114344,1.75,0.91,0.05851021754066758,-0.026215835368931358,-0.04607103743359652,-0.02064239005427666,
1791389490.9699016,balance,-0.02290062341554373,-0.028946765600768632,-0.009969908123865407,0.07658041697167403,-4.749732920836941e-05,-0.012978212620886692,0.1767951934737761,0.03605663056280352,0.017352487743594092,9.352071409604713e-05,False,0.0,0.0,0.008045976683596388,-0.004361119389966189,0.18420761995138657,0.18824968933114344,1.74,0.9500000000000001,0.05632183678517472,-0.030527835729763322,-0.04434790298045253,-0.0240376659289475,
1791389490.979937,balance,-0.022380784888173168,-0.030042279845011347,-0.009450069596494845,0.016769876816179266,-4.749732920836941e-05,-0.012978212620886692,0.1767951934737761,0.045147283928637316,0.02067464072205069,0.00012236321603293314,False,0.0,0.0,0.004239475056519216,-0.0063476448166293374,0.18420761995138657,0.18824968933114344,1.76,0.93,0.02967632539563451,-0.04443351371640536,-0.023367185350893317,-0.03498701867433493,
1791389490.9899426,balance,-0.022559433737036675,-0.031158312853061854,-0.009614275367690314,-0.04835955108966874,-4.749732920836941e-05,-0.01299265569855473,0.1767951934737761,0.04623301752903657,0.023328041182143724,0.00011452488173446424,False,0.0,0.0,-0.0031322539370394597,-0.011674263425649666,0.18420761995138657,0.18824968933114344,1.74,0.9500000000000001,-0.021925777559276216,-0.08171984397954765,0.01726439177895765,-0.06434633384216351,
1791389491.0000608,balance,-0.023018786756990713,-0.03230907939514662,-0.010073628387644352,-0.0460056597175523,-4.749732920836941e-05,-0.01299265569855473,0.1767951934737761,0.04116609843831583,0.020899391532727213,0.00010133353452794311,False,0.0,0.0,-0.005603807030567531,-0.015827459410260626,0.18420761995138657,0.18824968933114344,1.74,0.96,-0.03922664921397272,-0.11079221587182439,0.03088712536533285,-0.08723796525340503,
1791389491.0098922,balance,-0.023193643133355264,-0.033426252313598574,-0.010248484764008903,0.002592231250322079,-4.749732920836941e-05,-0.01299265569855473,0.1767951934737761,0.04119234400038284,0.02251364657653091,9.339348711925963e-05,False,0.0,0.0,0.00042628031620274743,-0.017737659457731175,0.18420761995138657,0.18824968933114344,1.73,0.92,0.002983962213419232,-0.12416361620411823,-0.0023495765459993954,-0.09776662693237656,
1791389491.0199058,balance,-0.023035169617252254,-0.03438344480545044,-0.010074876231034034,0.025940650129278185,-4.749732920836941e-05,-0.01300779071542659,0.1767951934737761,0.046437731470844165,0.02603023427072281,0.00010203748600060677,False,0.0,0.0,0.007150259898793205,-0.017540609424763414,0.18420761995138657,0.18824968933114344,1.74,0.93,0.05005181929155243,-0.1227842659733439,-0.03941088133193105,-0.09668052438845975,
1791389491.029909,balance,-0.022963613125586795,-0.03517938211996698,-0.009988331586375082,-0.009980544679140366,-4.749732920836941e-05,-0.013022778868420083,0.1767951934737761,0.049310013745331116,0.027793578874922537,0.0001075821743520429,False,0.0,0.0,0.00704448334477812,-0.01864264651340527,0.18420761995138657,0.18824968933114344,1.75,0.96,0.04931138341344684,-0.13049852559383687,-0.03882786095546995,-0.10275474456207627,
1791389491.039936,balance,-0.0232057657861574,-0.03596096605095503,-0.010230484246945686,-0.043593960355905355,-4.749732920836941e-05,-0.013022778868420083,0.1767951934737761,0.054245127541052034,0.03217750487810831,0.00011033811331471861,False,0.0,0.0,0.004053506345131031,-0.020982937719985058,0.18420761995138657,0.18824968933114344,1.76,0.9500000000000001,0.028374544415917215,-0.1468805640398954,-0.02234216095741513,-0.1156539874329885,
1791389491.0499504,balance,-0.023817293385863175,-0.03679989973782777,-0.010842011846651461,-0.0785836522183193,-4.749732920836941e-05,-0.013022778868420083,0.1767951934737761,0.05307497615744696,0.03181342567716524,0.0001063077524014086,False,0.0,0.0,-7.003881650286572e-05,-0.024087407810167962,0.18420761995138657,0.18824968933114344,1.75,0.9400000000000001,-0.0004902717155200601,-0.16861185467117573,0.0003860407208819371,-0.13276523989856356,
1791389491.0599258,balance,-0.024662398004638066,-0.037924200578714845,-0.011687116465426353,-0.09585177142847413,-4.749732920836941e-05,-0.013022778868420083,0.1767951934737761,0.03551992298699236,0.02217433545929831,6.672793763847024e-05,False,0.0,0.0,-0.00795386957100785,-0.02827654460750323,0.18420761995138657,0.18824968933114344,1.75,0.9500000000000001,-0.055677086997054946,-0.1979358122525226,0.043840225981933025,-0.15585497027757686,
1791389491.069912,balance,-0.025451367487799668,-0.03930224387543325,-0.012457371819665072,-0.05275421628863982,-4.749732920836941e-05,-0.013041492997342965,0.1767951934737761,0.029989789711968116,0.01932807432205715,5.3308576949554834e-05,False,0.0,0.0,-0.006268611538783621,-0.029483440192359916,0.18420761995138657,0.18824968933114344,1.73,0.97,-0.04388028077148535,-0.20638408134651942,0.03455140218227193,-0.16250715066655072,
1791389491.0799313,balance,-0.025562281615099287,-0.040686754327034995,-0.012568285946964691,0.015459299285280515,-4.749732920836941e-05,-0.013041492997342965,0.1767951934737761,0.03108645194791787,0.012434580779167148,9.325935584375362e-05,False,0.0,0.0,0.003211020566912093,-0.026499881129228797,0.18420761995138657,0.18824968933114344,1.75,0.93,0.022477143968384652,-0.18549916790460158,-0.01769853855778319,-0.14606233693275714,
1791389491.089939,balance,-0.02547077669569277,-0.04183981205797559,-0.012476781027558176,0.008883740847466364,-4.749732920836941e-05,-0.013041492997342965,0.1767951934737761,0.03891899938962667,0.02181567961238922,8.551659888618724e-05,False,0.0,0.0,0.007737748966353286,-0.02516057695736975,0.18420761995138657,0.18824968933114344,1.73,0.93,0.054164242764473,-0.17612403870158824,-0.04264901005076614,-0.13868034543432145,
1791389491.0999336,balance,-0.025600640045662156,-0.04284755472699952,-0.012587734410961268,-0.03564476317025536,-4.749732920836941e-05,-0.013060402963909257,0.1767951934737761,0.03983432760601909,0.016507708246668463,0.00011663309679675314,False,0.0,0.0,0.004355658578386355,-0.025258670806803843,0.18420761995138657,0.18824968933114344,1.75,0.92,0.03048961004870449,-0.17681069564762691,-0.024007566967483848,-0.1392210201949818,
1791389491.1099026,balance,-0.026107048946103564,-0.04385983996422297,-0.01307484502732029,-0.06676794544431816,-4.749732920836941e-05,-0.013079701247991644,0.1767951934737761,0.036875991697572254,0.016428288160065148,0.00010223851768753553,False,0.0,0.0,-0.0016930730594276707,-0.027125445506656687,0.18420761995138657,0.18824968933114344,1.73,0.91,-0.011851511415993695,-0.1898781185465968,0.009331898752750941,-0.14951032956424945,
1791389491.1199079,balance,-0.02683162204243036,-0.0449546956609459,-0.013758506912251008,-0.08112892732061655,-4.749732920836941e-05,-0.013120612459387723,0.1767951934737761,0.03760886338420257,0.01704711506186094,0.00010280874161170816,False,0.0,0.0,-0.004100911230181044,-0.02947367898634719,0.18420761995138657,0.18824968933114344,1.74,0.9,-0.02870637861126731,-0.20631575290443033,0.02260344772540733,-0.16245334874364592,
1791389491.129914,balance,-0.02765131690549973,-0.046262703789918626,-0.014578201775320376,-0.08372185098523324,-4.749732920836941e-05,-0.013120612459387723,0.1767951934737761,0.029168939291799076,0.014309816085715693,7.429561603041692e-05,False,0.0,0.0,-0.009193285053954866,-0.031956135532371685,0.18420761995138657,0.18824968933114344,1.74,0.92,-0.06435299537768406,-0.22369294872660178,0.050671649903688235,-0.17613618009968643,
1791389491.1399271,balance,-0.028453732789134645,-0.04785754370801927,-0.015380617658955292,-0.06075793162433467,-4.749732920836941e-05,-0.013120612459387723,0.1767951934737761,0.021679192653651636,0.010635465920002593,5.5218633668245214e-05,False,0.0,0.0,-0.011068994128710673,-0.03329976101308171,0.18420761995138657,0.18824968933114344,1.74,0.9400000000000001,-0.0774829589009747,-0.233098327091572,0.061010203859035196,-0.18354198983588346,
1791389491.1499364,balance,-0.028753417373464343,-0.049406871467965734,-0.01568030224328499,0.00042985546616869776,-4.749732920836941e-05,-0.013120612459387723,0.1767951934737761,0.009426536069067081,0.00469778016277483,2.3643779531461253e-05,False,0.0,0.0,-0.013078476577036749,-0.031649178608094436,0.18420761995138657,0.18824968933114344,1.74,0.93,-0.09154933603925725,-0.22154425025666105,0.0720860913694939,-0.174444291540678,
1791389491.1598997,balance,-0.0284275558633366,-0.05065628278738349,-0.015331409072057512,0.06299103985333902,-4.749732920836941e-05,-0.013143644120487458,0.1767951934737761,0.0070600338171811486,0.003419638070304655,1.8201978734382467e-05,False,0.0,0.0,-0.006239393377565752,-0.027593609218284198,0.18420761995138657,0.18824968933114344,1.74,0.93,-0.043675753642960266,-0.1931552645279894,0.034390357199181314,-0.1520907594708578,
1791389491.1699114,balance,-0.027664279276614936,-0.05164711904284652,-0.014523977410293697,0.08686511573109068,-4.749732920836941e-05,-0.013187799195529608,0.1767951934737761,0.00596908869006458,0.0031881653114234844,1.3904616893205478e-05,False,0.0,0.0,-0.0025734929032979735,-0.023403628701185,0.18420761995138657,0.18824968933114344,1.75,0.96,-0.018014450323085813,-0.163825400908295,0.014184606553610877,-0.12899637866794883,
1791389491.179907,balance,-0.02686664227588682,-0.05252807210223402,-0.013684730335944913,0.0765814623088993,-4.749732920836941e-05,-0.013229409269150276,0.1767951934737761,0.005778149966026064,0.0031580437908582206,1.3100530875839214e-05,False,0.0,0.0,-0.0030330608805516387,-0.020478464974432606,0.18420761995138657,0.18824968933114344,1.75,0.9400000000000001,-0.02123142616386147,-0.14334925482102823,0.016717658396741317,-0.1128734289929356,
1791389491.1899064,balance,-0.026181052629156258,-0.05331599698022229,-0.01297964197818053,0.06511773217747154,-4.749732920836941e-05,-0.013248907980184098,0.1767951934737761,0.004778744719284993,0.0027826863445687177,9.980291873581378e-06,False,0.0,0.0,-0.005772068299755321,-0.01838358300698123,0.18420761995138657,0.18824968933114344,1.75,0.91,-0.04040447809828725,-0.1286850810488686,0.03181454968369075,-0.10132683547155008,
1791389491.199943,balance,-0.02558364713125345,-0.05417286023475888,-0.012363309271195706,0.058160534307013116,-4.749732920836941e-05,-0.013267835189266114,0.1767951934737761,0.0030428579249076413,0.001828635775562154,6.071110746727436e-06,False,0.0,0.0,-0.008830723266764614,-0.016952176857239834,0.18420761995138657,0.18824968933114344,1.75,0.93,-0.0618150628673523,-0.11866523800067884,0.048673277848308896,-0.09343719527612507,
1791389491.2099004,balance,-0.025020414366207215,-0.05514643055209157,-0.011764358795022009,0.056673296545894744,-4.749732920836941e-05,-0.013303552900393575,0.1767951934737761,0.0032878067721921907,0.00198606261070792,6.508720807421355e-06,False,0.0,0.0,-0.00862687689021574,-0.016045777843626523,0.18420761995138657,0.18824968933114344,1.74,0.91,-0.06038813823151018,-0.11232044490538566,0.0475497151429214,-0.08844129520109106,
1791389491.2199073,balance,-0.02439075856382912,-0.0560825779617022,-0.011100940096624002,0.060739908086063506,-4.749732920836941e-05,-0.013337315796413488,0.1767951934737761,0.003719631026401008,0.0017611840868234708,9.792234697887686e-06,False,0.0,0.0,-0.007882591892982512,-0.014688593774617882,0.18420761995138657,0.18824968933114344,1.74,0.93,-0.05517814325087758,-0.10282015642232517,0.043447356890454786,-0.08096075308844501,
1791389491.2299325,balance,-0.023654018743122295,-0.056811625220071355,-0.010332664071091563,0.07231759765338962,-4.749732920836941e-05,-0.013368852001239101,0.1767951934737761,0.006485577035583975,0.004129467678604639,1.1780546784896681e-05,False,0.0,0.0,-0.004789970364534671,-0.01288101958320545,0.18420761995138657,0.18824968933114344,1.75,0.93,-0.033529792551742696,-0.09016713708243815,0.026401411458065113,-0.07099774573420327,
1791389491.239948,balance,-0.022860934779762386,-0.057285271746802965,-0.009510515823078507,0.074144843758932,-4.749732920836941e-05,-0.013397916285892248,0.1767951934737761,0.005767408912927303,0.0023069635651709213,1.730222673878191e-05,False,0.0,0.0,-0.004616657725381368,-0.011752550529138792,0.18420761995138657,0.18824968933114344,1.75,0.9400000000000001,-0.03231660407766958,-0.08226785370397155,0.025446144943046912,-0.06477783756218232,
1791389491.2499416,balance,-0.02208515781753187,-0.057524538977986976,-0.008708087338921948,0.0755443047672435,-4.749732920836941e-05,-0.013424567807818292,0.1767951934737761,0.0046883946527766646,0.0019720675884534323,1.3581635321616162e-05,False,0.0,0.0,-0.004372200902606599,-0.011091217323850228,0.18420761995138657,0.18824968933114344,1.74,0.92,-0.030605406318246195,-0.0776385212669516,0.02409874513247732,-0.06113269391098551,
1791389491.2599227,balance,-0.021421306385069134,-0.05766221268060661,-0.00801974968657649,0.05895125918344467,-4.749732920836941e-05,-0.013449054027701014,0.1767951934737761,0.0036204160907117623,0.0015566160511122364,1.031900019799763e-05,False,0.0,0.0,-0.0052002639392521545,-0.011747150616506849,0.18420761995138657,0.18824968933114344,1.74,0.9500000000000001,-0.036401847574765084,-0.08223005431554795,0.028662872106114238,-0.06474807426421098,
1791389491.2699409,balance,-0.020854477667687207,-0.057722681263760324,-0.007430258435567836,0.05525268137024336,-4.749732920836941e-05,-0.013471716561327741,0.1767951934737761,0.0024173132769882678,0.0010468518280424297,6.85230724472919e-06,False,0.0,0.0,-0.005444110567033967,-0.012326132797105234,0.18420761995138657,0.18824968933114344,1.73,0.9400000000000001,-0.03810877396923777,-0.08628292957973664,0.030006908637195094,-0.06793931462971389,
1791389491.279931,balance,-0.020430621928902912,-0.05778572304116757,-0.006985179945002414,0.03435209992501228,-4.749732920836941e-05,-0.013492939313108868,0.1767951934737761,0.004746759777948528,0.0021884785119397118,1.2791406330044083e-05,False,0.0,0.0,-0.0033416888481308644,-0.014137443929237105,0.18420761995138657,0.18824968933114344,1.73,0.96,-0.023391821936916052,-0.09896210750465974,0.01841875743064256,-0.07792291929500766,
1791389491.2899065,balance,-0.02012219919061621,-0.057788836539414315,-0.0066565793544327255,0.024058257116292427,-4.749732920836941e-05,-0.013513117165391855,0.1767951934737761,0.004648954770542923,0.0021722947061541195,1.2383300321944019e-05,False,0.0,0.0,-0.0034453465612443537,-0.01582549210266028,0.18420761995138657,0.18824968933114344,1.73,0.9400000000000001,-0.024117425928710474,-0.11077844471862196,0.01899009915646494,-0.08722712182568658,
1791389491.299977,balance,-0.019911623094788694,-0.05772454698772416,-0.0064265595536129125,0.019736050937755732,-4.749732920836941e-05,-0.013532560870384151,0.1767951934737761,0.005072898702789324,0.0024650243019857807,1.3039372004017719e-05,False,0.0,0.0,-0.002530455790334543,-0.017080509184618262,0.18420761995138657,0.18824968933114344,1.73,0.91,-0.017713190532341803,-0.11956356429232784,0.013947394119954175,-0.09414453881285656,
1791389491.309899,balance,-0.019792802678549694,-0.057518710660397605,-0.006298198032763396,-0.0016467940941873674,-4.749732920836941e-05,-0.013542101974994667,0.1767951934737761,0.008784910787433377,0.004323393964872123,2.230758411280627e-05,False,0.0,0.0,-0.00015126508491375407,-0.019103523553769836,0.18420761995138657,0.18824968933114344,1.74,0.91,-0.0010588555943962785,-0.13372466487638884,0.0008337445625167547,-0.105295011713692,
1791389491.3198981,balance,-0.019938084065424033,-0.05717091085845346,-0.006433814200508278,-0.030182192473999905,-4.749732920836941e-05,-0.013551767194124124,0.1767951934737761,0.013324773166581858,0.007013356041198334,3.155708562691762e-05,False,0.0,0.0,0.0002084789313387192,-0.021683272494358353,0.18420761995138657,0.18824968933114344,1.75,0.9500000000000001,0.0014593525193710344,-0.15178290746050846,-0.0011490964719456963,-0.11951410036260508,
1791389491.32989,balance,-0.020522404457578115,-0.05680901446072755,-0.0070076073907733676,-0.06506142033738563,-4.749732920836941e-05,-0.013562294396013117,0.1767951934737761,0.010964896726472039,0.006026948423275533,2.4689741515982528e-05,False,0.0,0.0,-0.005036157140148939,-0.025702044218597588,0.18420761995138657,0.18824968933114344,1.74,0.9400000000000001,-0.03525309998104257,-0.17991430953018311,0.027758346441765804,-0.1416648106536875,
1791389491.339895,balance,-0.021192027530503036,-0.056429256506841954,-0.007666130626953033,-0.07045444423695357,-4.749732920836941e-05,-0.013573394232758372,0.1767951934737761,0.0124671676132708,0.006872065688591366,2.797550962339717e-05,False,0.0,0.0,-0.004230542435343271,-0.02872265317750478,0.18420761995138657,0.18824968933114344,1.74,0.9500000000000001,-0.0296137970474029,-0.20105857224253346,0.023317950431025903,-0.15831383641144367,
1791389491.349905,balance,-0.021987856730039772,-0.05593781854342517,-0.008449788180881497,-0.08267715786426776,-4.749732920836941e-05,-0.013585565878366644,0.1767951934737761,0.016443328761381427,0.009600593133876238,3.421367813752595e-05,False,0.0,0.0,-0.0031343040517195645,-0.031239814381044638,0.18420761995138657,0.18824968933114344,1.75,0.96,-0.021940128362036952,-0.21867870066731246,0.017275691623651144,-0.1721879532813484,
1791389491.3599083,balance,-0.023032342134630686,-0.05547515434537747,-0.009480032175094202,-0.11857610262946276,-4.749732920836941e-05,-0.013599807288744853,0.1767951934737761,0.020056539468067357,0.011304864252172472,4.375837607947443e-05,False,0.0,0.0,-0.005164547047741945,-0.0344274143071835,0.18420761995138657,0.18824968933114344,1.75,0.93,-0.036151829334193614,-0.2409919001502845,0.02846600734975875,-0.1897574016931374,
1791389491.369901,balance,-0.02443704095386297,-0.05507362933179984,-0.010852997159932093,-0.156540949053031,-4.749732920836941e-05,-0.013631541123139248,0.1767951934737761,0.021081320311433175,0.013029530405443983,4.025894952994596e-05,False,0.0,0.0,-0.009508121883413092,-0.03869615536324802,0.18420761995138657,0.18824968933114344,1.75,0.96,-0.06655685318389165,-0.27087308754273615,0.05240697101093831,-0.21328589570294185,
1791389491.3798988,balance,-0.02613904846353466,-0.054667262512399006,-0.012555004669603782,-0.1779166422187477,-4.749732920836941e-05,-0.013631541123139248,0.1767951934737761,0.015069327733822743,0.00938403543999307,2.842646146914836e-05,False,0.0,0.0,-0.015988402847555355,-0.043287125709470874,0.18420761995138657,0.18824968933114344,1.75,0.97,-0.11191881993288748,-0.30300987996629614,0.08812505506526573,-0.2385904566663749,
1791389491.389899,balance,-0.027737798674802094,-0.054315340483371805,-0.014153754880871216,-0.13325707171176573,-4.749732920836941e-05,-0.013631541123139248,0.1767951934737761,0.004045898071981354,0.0026201141725678743,7.128919497067399e-06,False,0.0,0.0,-0.020615868602004463,-0.04521426882919697,0.18420761995138657,0.18824968933114344,1.75,0.9500000000000001,-0.14431108021403125,-0.31649988180437877,0.11363077182207185,-0.24921250535777856,
1791389491.3999398,balance,-0.02876324129892581,-0.05391203178494746,-0.01515642870873744,-0.06574301444385508,-4.749732920836941e-05,-0.01365430991939674,0.1767951934737761,-0.0009585816508899081,-0.00038343266035596323,-2.8757449526697242e-06,False,0.0,0.0,-0.016629537243202614,-0.04368274205404601,0.18420761995138657,0.18824968933114344,1.74,0.9400000000000001,-0.1164067607024183,-0.3057791943783221,0.09165886669481756,-0.24077101919552918,
1791389491.4099066,balance,-0.02922982458338741,-0.053385838607436224,-0.015576390486688223,-0.025163314145227406,-4.749732920836941e-05,-0.013700931425907555,0.1767951934737761,-0.000600197477355189,-0.00024007899094207562,-1.8005924320655672e-06,False,0.0,0.0,-0.010774220814098285,-0.04046024088110729,0.18420761995138657,0.18824968933114344,1.74,0.92,-0.07541954569868799,-0.28322168616775106,0.05938546905408503,-0.2230092017068906,
1791389491.419918,balance,-0.029471563408836964,-0.0528467828416284,-0.015770907371628146,-0.020617607825127733,-4.749732920836941e-05,-0.013748153366417189,0.1767951934737761,-0.0002510159623600711,-0.00010285262050574234,-7.408167092716437e-07,False,0.0,0.0,-0.010412418565718978,-0.037615909113139646,0.18420761995138657,0.18824968933114344,1.75,0.96,-0.07288692996003285,-0.2633113637919775,0.057391283433096726,-0.20733178251336812,
1791389491.429929,balance,-0.02979827700539374,-0.05243176231221814,-0.016073474536732642,-0.03940438384879571,-4.749732920836941e-05,-0.013772299797869467,0.1767951934737761,-0.0018905968785445466,-0.000786419673401172,-5.520886025716873e-06,False,0.0,0.0,-0.014912839727433161,-0.03600094080469196,0.18420761995138657,0.18824968933114344,1.75,0.9500000000000001,-0.10438987809203212,-0.2520065856328437,0.0821967544031749,-0.19843038238806593,
1791389491.439923,balance,-0.030275450529778633,-0.05221280926486341,-0.016501343914516846,-0.055316899484998044,-4.749732920836941e-05,-0.013821603944470155,0.1767951934737761,-0.004295710379785932,-0.0020272701114518407,-1.1342201341670457e-05,False,0.0,0.0,-0.019850724768612188,-0.03598289672246508,0.18420761995138657,0.18824968933114344,1.74,0.9500000000000001,-0.13895507338028532,-0.2518802770572556,0.10941344360652387,-0.19833092681673667,
1791389491.4499044,balance,-0.030820165094632892,-0.05222101723207307,-0.016995281375999753,-0.052310833073342326,-4.749732920836941e-05,-0.01387238104784151,0.1767951934737761,-0.002359730816506415,-0.0011503094478995549,-6.047106843034301e-06,False,0.0,0.0,-0.019760602255688316,-0.03592961869504976,0.18420761995138657,0.18824968933114344,1.74,0.9500000000000001,-0.1383242157898182,-0.2515073308653483,0.10891670534631355,-0.19803726839791205,
1791389491.4599109,balance,-0.03123607575122257,-0.05241630447437731,-0.017359214617474295,-0.0352701379517404,-4.749732920836941e-05,-0.01392435846295664,0.1767951934737761,-0.0015505307823324337,-0.0007703074167930037,-3.9011168276971504e-06,False,0.0,0.0,-0.0194561905372943,-0.034408687475340545,0.18420761995138657,0.18824968933114344,1.74,0.96,-0.1361933337610601,-0.24086081232738382,0.10723884548114969,-0.1896541829349479,
1791389491.4699352,balance,-0.03156618059021313,-0.05257880117559643,-0.017636467014864564,-0.026446754319067043,-4.749732920836941e-05,-0.013977210904556935,0.1767951934737761,-0.0024790610329571295,-0.0012316034754864837,-6.237287787353229e-06,False,0.0,0.0,-0.020248090831975093,-0.03324842853402508,0.18420761995138657,0.18824968933114344,1.75,0.9500000000000001,-0.14173663582382565,-0.23273899973817555,0.11160365025498083,-0.18325905491194924,
1791389491.4798987,balance,-0.031704553882182705,-0.05254950022529433,-0.017748232735758738,-0.011064811668443404,-4.749732920836941e-05,-0.014003818475632337,0.1767951934737761,-0.004258386026038504,-0.0021685367744689087,-1.0449246257847977e-05,False,0.0,0.0,-0.020956559914693057,-0.031446178523271445,0.18420761995138657,0.18824968933114344,1.75,0.93,-0.1466959194028514,-0.22012324966290012,0.1155085979550011,-0.1733253934353544,
1791389491.489913,balance,-0.03175692786983578,-0.052280847035003006,-0.017747265082436084,-0.008909359659778557,-4.749732920836941e-05,-0.014057160116608063,0.1767951934737761,-0.0038611149764530336,-0.002062270050005252,-8.994224632238909e-06,False,0.0,0.0,-0.020154967178503173,-0.030608448406442623,0.18420761995138657,0.18824968933114344,1.74,0.93,-0.1410847702495222,-0.21425913884509837,0.11109037027521433,-0.16870798334259715,
1791389491.4999685,balance,-0.03172204559812573,-0.051990047750443906,-0.017685814236509945,0.003452485278118673,-4.749732920836941e-05,-0.014083728690824152,0.1767951934737761,-0.0030223731020239783,-0.0016377802316555438,-6.922964351842172e-06,False,0.0,0.0,-0.019014725393633216,-0.02942335869232224,0.18420761995138657,0.18824968933114344,1.75,0.9400000000000001,-0.1331030777554325,-0.2059635108462557,0.10480557303577363,-0.1621759927923273,
1791389491.5098982,balance,-0.03164863076240693,-0.051791605069119735,-0.01755956248653431,0.006594411734425127,-4.749732920836941e-05,-0.014136565605080992,0.1767951934737761,-0.003126087566192163,-0.001796037099440691,-6.65025233375736e-06,False,0.0,0.0,-0.01889846285003488,-0.028555672999541697,0.18420761995138657,0.18824968933114344,1.75,0.92,-0.13228923995024416,-0.19988971099679187,0.10416475586633399,-0.15739347322582037,
1791389491.5199277,balance,-0.03157346502034533,-0.051757458285711135,-0.01748439674447271,0.016504297624907564,-4.749732920836941e-05,-0.014136565605080992,0.1767951934737761,-0.008782643347240889,-0.0038853688489284386,-2.4486372491562252e-05,False,0.0,0.0,-0.022404197484000805,-0.028253813400564737,0.18420761995138657,0.18824968933114344,1.74,0.9400000000000001,-0.15682938238800564,-0.19777669380395316,0.12348770266772098,-0.15572968016059305,
1791389491.5299232,balance,-0.031247360157973865,-0.051856284493134674,-0.017158291882101242,0.04264557279326014,-4.749732920836941e-05,-0.014136565605080992,0.1767951934737761,-0.0026822601857184472,-0.0016327800526570954,-5.247400665306759e-06,False,0.0,0.0,-0.014203585931010685,-0.026540988001670422,0.18420761995138657,0.18824968933114344,1.75,0.93,-0.09942510151707479,-0.18578691601169295,0.0782874815095077,-0.1462889102454275,
1791389491.5399277,balance,-0.030879560038033743,-0.05195234291057318,-0.016765306024517878,0.023397735229898547,-4.749732920836941e-05,-0.014161751342724235,0.1767951934737761,0.0010454268603960384,0.0006396361577981471,2.0289535129894564e-06,False,0.0,0.0,-0.012633482860967367,-0.026011328995364215,0.18420761995138657,0.18824968933114344,1.75,0.9400000000000001,-0.08843438002677156,-0.1820793029675495,0.06963337009982012,-0.14336952989570828,
1791389491.5499165,balance,-0.03080874492473609,-0.052068900319340916,-0.016644452530128664,-0.0073927317223364195,-4.749732920836941e-05,-0.014211789723815794,0.1767951934737761,0.0026016928736225632,0.0015999143453871917,5.008892641176857e-06,False,0.0,0.0,-0.014872376150195493,-0.026651943284291702,0.18420761995138657,0.18824968933114344,1.75,0.98,-0.10410663305136846,-0.1865636029900419,0.08197372681210115,-0.14690047479530857,
1791389491.5599053,balance,-0.030870197014804358,-0.05217180301849694,-0.016655860360983883,-0.01207561222450066,-4.749732920836941e-05,-0.014261833983028844,0.1767951934737761,0.002809530988954818,0.0011468245565956086,8.313532161796046e-06,False,0.0,0.0,-0.015820458377482003,-0.02788503044978422,0.18420761995138657,0.18824968933114344,1.76,0.9400000000000001,-0.11074320864237402,-0.19519521314848953,0.08719937688375907,-0.15369701822715712,
1791389491.5699701,balance,-0.030977483973055782,-0.052173177423103005,-0.01671294867520176,-0.011743411245419309,-4.749732920836941e-05,-0.014312032627062392,0.1767951934737761,0.0025570507915386935,0.0010318389759496128,7.626059077945403e-06,False,0.0,0.0,-0.015348211148140221,-0.029779484479387566,0.18420761995138657,0.18824968933114344,1.75,0.92,-0.10743747803698155,-0.20845639135571298,0.08459643939919807,-0.16413889083127006,
1791389491.5799224,balance,-0.03096900926335949,-0.05215001198785072,-0.016654356839152062,0.00500821669737455,-4.749732920836941e-05,-0.014362149753415798,0.1767951934737761,0.0015529782968481396,0.0006990959926797249,4.269411520842073e-06,False,0.0,0.0,-0.01385915476205694,-0.030064735202841242,0.18420761995138657,0.18824968933114344,1.75,0.93,-0.09701408333439858,-0.2104531464198887,0.07638904199558944,-0.16571113891329817,
1791389491.5898955,balance,-0.030912767063134637,-0.05216921041762986,-0.01654833161572814,0.005731206760619934,-4.749732920836941e-05,-0.014411932776614867,0.1767951934737761,0.00197554881584642,0.0008954646576265076,5.4004207910995625e-06,False,0.0,0.0,-0.012336366620180944,-0.030101207335190526,0.18420761995138657,0.18824968933114344,1.76,0.9400000000000001,-0.0863545663412666,-0.21070845134633368,0.06799572152855639,-0.16591216641443596,
1791389491.6024683,balance,-0.030825563255611484,-0.05203504634650567,-0.016387052888251992,0.0023351459111956518,-4.749732920836941e-05,-0.014486007696567861,0.1767951934737761,0.0016172873103356732,0.0008462139491824846,3.855366805765943e-06,False,0.0,0.0,-0.01177795884444818,-0.030366831010896343,0.18420761995138657,0.18824968933114344,1.74,0.89,-0.08244571191113725,-0.2125678170762744,0.06491788339459627,-0.1673762339183263,
1791389491.6098862,balance,-0.03082713879759746,-0.05202521712769458,-0.016364045487592613,0.00359876985187649,-4.749732920836941e-05,-0.014510590639213217,0.1767951934737761,0.0011570162902457745,0.0005388347432913243,3.090907734772251e-06,False,0.0,0.0,-0.01203307960882526,-0.030657379152541513,0.18420761995138657,0.18824968933114344,1.75,0.92,-0.08423155726177682,-0.21460165406779058,0.06632406083604474,-0.16897768036833904,
1791389491.6198971,balance,-0.030869796827628655,-0.05203226770156137,-0.01635755192335181,-0.009464744117759027,-4.749732920836941e-05,-0.014559742233485214,0.1767951934737761,0.0010585008586550461,0.0004929550631701844,2.827728977424309e-06,False,0.0,0.0,-0.012644157603337675,-0.031765777332439994,0.18420761995138657,0.18824968933114344,1.75,0.92,-0.08850910322336372,-0.22236044132707997,0.06969220726249112,-0.17508696167486612,
1791389491.629927,balance,-0.030977169785325696,-0.05210334349926911,-0.016415640791310852,-0.012570866078210376,-4.749732920836941e-05,-0.014609026323223214,0.1767951934737761,0.0009338072266639918,0.0003735228906655967,2.801421679991975e-06,False,0.0,0.0,-0.012405348612943888,-0.03299223846019751,0.18420761995138657,0.18824968933114344,1.74,0.92,-0.08683744029060722,-0.2309456692213826,0.0683759372366986,-0.18184698363888394,
1791389491.6399207,balance,-0.031123666185351357,-0.05218931071133793,-0.016537293985549505,-0.015002227622846621,-4.749732920836941e-05,-0.01463386952901022,0.1767951934737761,-0.0005526694244173182,-0.000284018417957717,-1.3432550322980062e-06,False,0.0,0.0,-0.01281129376924379,-0.03445947309429855,0.18420761995138657,0.18824968933114344,1.75,0.91,-0.08967905638470652,-0.24121631166008986,0.07061343022417836,-0.1899341036693621,
1791389491.6499357,balance,-0.031284657192086555,-0.052231993782650026,-0.01664832538250187,-0.014154394395657854,-4.749732920836941e-05,-0.014683829138793056,0.1767951934737761,-2.9917998750961825e-05,-1.6398171361918448e-05,-6.759913694521689e-08,False,0.0,0.0,-0.01169032949449834,-0.035215769261876646,0.18420761995138657,0.18824968933114344,1.75,0.92,-0.08183230646148837,-0.24651038483313653,0.0644348869775499,-0.19410266522294214,
1791389491.6599646,balance,-0.03153054077827893,-0.05218968699137294,-0.016869032574420142,-0.024119538710877488,-4.749732920836941e-05,-0.014709005533067155,0.1767951934737761,-0.0022440374418895353,-0.0012229885229253783,-5.1052445948207855e-06,False,0.0,0.0,-0.01353350594878662,-0.03686001801474614,0.18420761995138657,0.18824968933114344,1.74,0.93,-0.09473454164150634,-0.258020126103223,0.07459412727677664,-0.20316545362458505,
1791389491.6699271,balance,-0.03187126963964668,-0.05202771379692645,-0.01720976143578789,-0.028570718718075257,-4.749732920836941e-05,-0.014709005533067155,0.1767951934737761,-0.0025143384446998794,-0.0014132975690064307,-5.5052043784672435e-06,False,0.0,0.0,-0.01344059723164157,-0.03865847507995161,0.18420761995138657,0.18824968933114344,1.75,0.9400000000000001,-0.094084180621491,-0.2706093255596613,0.07408203198542598,-0.2130782091020955,
1791389491.679887,balance,-0.032285502951603304,-0.05180927611268895,-0.017571413597534946,-0.0373738059811492,-4.749732920836941e-05,-0.014761586683276729,0.1767951934737761,-0.0022553907450733966,-0.001309818816180176,-4.7278596444661026e-06,False,0.0,0.0,-0.01349284284840658,-0.040108678234569754,0.18420761995138657,0.18824968933114344,1.74,0.93,-0.09444989993884606,-0.2807607476419883,0.07436999995184729,-0.22107145483621124,
1791389491.6899052,balance,-0.03274194320782251,-0.05158714578335877,-0.017974086497666145,-0.0453508309043743,-4.749732920836941e-05,-0.014815354039364738,0.1767951934737761,-0.003425028022412942,-0.002148821469344791,-6.381032765340755e-06,False,0.0,0.0,-0.01502455738762345,-0.041376932367153486,0.18420761995138657,0.18824968933114344,1.74,0.92,-0.10517190171336414,-0.2896385265700744,0.08281252103414499,-0.22806183194494045,
1791389491.6999638,balance,-0.03320532016601472,-0.05136318910662725,-0.018410073792503118,-0.042572360142040286,-4.749732920836941e-05,-0.014842743702719973,0.1767951934737761,-0.0015319018300070128,-0.0009730042196453643,-2.7944880518082427e-06,False,0.0,0.0,-0.0133052693682812,-0.042384868527326536,0.18420761995138657,0.18824968933114344,1.74,0.96,-0.0931368855779684,-0.29669407969128575,0.07333613037635307,-0.23361738558368955,
1791389491.7098858,balance,-0.03365878490672162,-0.05110014634995194,-0.01880723762140269,-0.032219569819036176,-4.749732920836941e-05,-0.014899044614527299,0.1767951934737761,-0.001922739075262699,-0.0007690956301050797,-5.768217225788097e-06,False,0.0,0.0,-0.014086712722165237,-0.04197576025404915,0.18420761995138657,0.18824968933114344,1.74,0.91,-0.09860698905515666,-0.29383032177834406,0.07764329846862729,-0.2313624580931843,
1791389491.7199244,balance,-0.0339965576206463,-0.05074610599189941,-0.019116487160851594,-0.021590104065366607,-4.749732920836941e-05,-0.014927567789003077,0.1767951934737761,-0.004147110827008014,-0.0016588443308032056,-1.2441332481024042e-05,False,0.0,0.0,-0.01600906898583928,-0.04099230516052045,0.18420761995138657,0.18824968933114344,1.74,0.9500000000000001,-0.11206348290087495,-0.28694613612364317,0.08823896291407476,-0.22594183946743557,
1791389491.729896,balance,-0.034313501376461206,-0.05035883736114388,-0.019404459982166784,-0.024031849746597733,-4.749732920836941e-05,-0.01495653872350279,0.1767951934737761,-0.0017781571980299347,-0.0007451774601015182,-5.164898689642083e-06,False,0.0,0.0,-0.014372819926987565,-0.04036578036530458,0.18420761995138657,0.18824968933114344,1.74,0.92,-0.10060973948891296,-0.2825604625571321,0.07922026731410468,-0.22248855319459218,
1791389491.7398977,balance,-0.034639311694499124,-0.0499349437348698,-0.01970088082137561,-0.036784850769179,-4.749732920836941e-05,-0.014985928202331883,0.1767951934737761,-0.004355226788258307,-0.0018319280319974126,-1.2616493781304472e-05,False,0.0,0.0,-0.018097713183731736,-0.040292686739982354,0.18420761995138657,0.18824968933114344,1.74,0.92,-0.12668399228612215,-0.28204880717987646,0.09975117502844263,-0.22208567494478462,
1791389491.7499073,balance,-0.03503134814264168,-0.049548126770977294,-0.020063005522228866,-0.03973659536764578,-4.749732920836941e-05,-0.015015839949621183,0.1767951934737761,-0.005470410825699522,-0.0024710900385920007,-1.4996603935537607e-05,False,0.0,0.0,-0.019582092844367217,-0.04096327557209551,0.18420761995138657,0.18824968933114344,1.75,0.89,-0.13707464991057053,-0.2867429290046686,0.10793279520517364,-0.22578183386194375,
1791389491.7598994,balance,-0.035450483862557135,-0.04919268379113202,-0.020420976582245967,-0.04278110459720595,-4.749732920836941e-05,-0.015077004609519535,0.1767951934737761,-0.005229977737904193,-0.002378742723837982,-1.4256175070331056e-05,False,0.0,0.0,-0.019781989788575528,-0.04167580955000255,0.18420761995138657,0.18824968933114344,1.74,0.9,-0.13847392852002868,-0.29173066685001786,0.10903458938584935,-0.22970918649607705,
1791389491.7698982,balance,-0.035888411740993637,-0.048860402485501116,-0.02079663112720819,-0.039559654542222884,-4.749732920836941e-05,-0.015139277942993816,0.1767951934737761,-0.00439945627561838,-0.0021172669189977204,-1.1410946783103298e-05,False,0.0,0.0,-0.019530394091292213,-0.041765427954710346,0.18420761995138657,0.18824968933114344,1.74,0.91,-0.1367127586390455,-0.29235799568297244,0.10764784144806733,-0.23020314620706492,
1791389491.7798877,balance,-0.036314242589929345,-0.04845669846755281,-0.0212224619761439,-0.0371485224923407,-4.749732920836941e-05,-0.015139277942993816,0.1767951934737761,-0.004081573039002711,-0.0020277352890708754,-1.0269188749659177e-05,False,0.0,0.0,-0.019339048323598503,-0.04223153385870748,0.18420761995138657,0.18824968933114344,1.74,0.91,-0.13537333826518952,-0.2956207370109524,0.1065931797363697,-0.23277223386689164,
1791389491.7899008,balance,-0.03674196816672429,-0.048008150915538804,-0.021617712271609434,-0.036866103702764684,-4.749732920836941e-05,-0.015171753224323225,0.1767951934737761,-0.005381517136676594,-0.0028074075183116974,-1.2870548091824485e-05,False,0.0,0.0,-0.0205643605514817,-0.04245635637409296,0.18420761995138657,0.18824968933114344,1.74,0.92,-0.1439505238603719,-0.2971944946186507,0.11334686918139521,-0.23401141308555173,
1791389491.7999165,balance,-0.037133563674943006,-0.04749039620718144,-0.021976521074325538,-0.03184338799504492,-4.749732920836941e-05,-0.015204539929825837,0.1767951934737761,-0.0036497977734219044,-0.001994794400286289,-8.275016865678077e-06,False,0.0,0.0,-0.019444272626266697,-0.04201254524931872,0.18420761995138657,0.18824968933114344,1.73,0.92,-0.13610990838386688,-0.294087816745231,0.1071731562077692,-0.23156521003561495,
1791389491.8098936,balance,-0.03754122779362762,-0.04695143849393403,-0.022350867708229274,-0.04183203137844598,-4.749732920836941e-05,-0.015237857414606714,0.1767951934737761,-0.0005758970509826103,-0.00031386084322427915,-1.3101810387916558e-06,False,0.0,0.0,-0.018555619894100095,-0.04212737532800805,0.18420761995138657,0.18824968933114344,1.74,0.91,-0.12988933925870066,-0.2948916272960564,0.10227507028244147,-0.23219813172917825,
1791389491.8199081,balance,-0.03800952304202989,-0.046421506006227395,-0.0227849342121966,-0.04935151796703865,-4.749732920836941e-05,-0.01527208615904166,0.1767951934737761,-0.0016318249637778967,-0.0009502196309223459,-3.408026664277754e-06,False,0.0,0.0,-0.020970130449705755,-0.04277522298572962,0.18420761995138657,0.18824968933114344,1.75,0.9500000000000001,-0.1467909131479403,-0.29942656090010733,0.11558339617948055,-0.2357689455906357,
1791389491.8298957,balance,-0.03853055475932061,-0.045927042821216055,-0.02323641519179353,-0.05035465574781189,-4.749732920836941e-05,-0.015341636896735449,0.1767951934737761,-0.0005696628231790185,-0.0003308318464585688,-1.1941548836022488e-06,False,0.0,0.0,-0.021184431989595465,-0.04324319460207063,0.18420761995138657,0.18824968933114344,1.75,0.96,-0.14829102392716825,-0.3027023622144944,0.11676458576942382,-0.23834831670432632,
1791389491.8398929,balance,-0.03906833440220953,-0.04545697574551749,-0.02373853354243043,-0.04961776032089215,-4.749732920836941e-05,-0.015377298188987473,0.1767951934737761,-0.0026924770149711584,-0.0016222565770463047,-5.351102189624269e-06,False,0.0,0.0,-0.02370646652364917,-0.04366415199247313,0.18420761995138657,0.18824968933114344,1.75,0.93,-0.1659452656655442,-0.3056490639473119,0.13066556351617653,-0.24066855428922196,
1791389491.8498957,balance,-0.03964387202724943,-0.04500823572500639,-0.024314071167470325,-0.050975653860346554,-4.749732920836941e-05,-0.015377298188987473,0.1767951934737761,-0.0035868420708014123,-0.0022113091688892353,-6.877664509560885e-06,False,0.0,0.0,-0.02502625885901235,-0.044387785089359734,0.18420761995138657,0.18824968933114344,1.6400000000000001,0.93,-0.17518381201308644,-0.3107144956255181,0.1379400094591232,-0.2446570831696993,
1791389491.8599079,balance,-0.0402366365755057,-0.04451871551225419,-0.024832525975204633,-0.04555248937682589,-4.749732920836941e-05,-0.015451607929509432,0.1767951934737761,-0.0044664115917868496,-0.0027605123767723786,-8.529496075072355e-06,False,0.0,0.0,-0.02570528307898504,-0.04495391726031493,0.18420761995138657,0.18824968933114344,1.6500000000000001,0.9400000000000001,-0.17993698155289528,-0.3146774208222045,0.14168266264007504,-0.24777749671039725,
1791389491.8698952,balance,-0.040852451674766935,-0.04401185292928229,-0.025363527041859953,-0.05418623284046929,-3.857122863898735e-05,-0.015527495861545965,0.17687184288673394,-0.0058473975187189045,-0.002338959007487562,-1.754219255615671e-05,False,0.0,0.0,-0.027179667000620168,-0.04639148371391126,0.18441020567926045,0.18824968933114344,1.62,0.97,-0.19025766900434118,-0.3247403859973788,0.14980918819239464,-0.25570109133651875,
1791389491.8799055,balance,-0.04141498504524307,-0.04345097044246837,-0.025857638000710323,-0.052582166883063865,-4.749732920836941e-05,-0.015604844373741114,0.1767951934737761,-0.004653294085922643,-0.0019066655611107378,-1.3733142624059526e-05,False,0.0,0.0,-0.026214544633349775,-0.04718174805599697,0.18420761995138657,0.18824968933114344,1.6,0.9500000000000001,-0.18350181243344843,-0.33027223639197884,0.14448961608932948,-0.2600568790488022,
1791389491.889896,balance,-0.04196266005386424,-0.04289212480124981,-0.026317593670222485,-0.053115473045832584,-3.857122863898735e-05,-0.015683637612280744,0.17687184288673394,-0.002793541100520646,-0.0011837257542313634,-8.049076731446414e-06,False,0.0,0.0,-0.025174072402901947,-0.04716043815099807,0.18441020567926045,0.18824968933114344,1.6400000000000001,0.9400000000000001,-0.17621850682031362,-0.33012306705698646,0.1387547297797745,-0.2599394228795169,
1791389491.8999343,balance,-0.04261494297322383,-0.04227863080760818,-0.026938777333805966,-0.06049721525351674,-4.749732920836941e-05,-0.015723662968626234,0.1767951934737761,-0.0036370268859372214,-0.001580720207203702,-1.0281533393667597e-05,False,0.0,0.0,-0.02725707628536526,-0.04867849157688302,0.18420761995138657,0.18824968933114344,1.6,0.96,-0.19079953399755684,-0.3407494410381811,0.15023585354138333,-0.2683066464867568,
1791389491.9098947,balance,-0.043276453664451174,-0.041714000452208376,-0.02755037095640648,-0.057245486210893266,-3.857122863898735e-05,-0.015764653936683685,0.17687184288673394,-0.0017462091843807094,-0.0007480767543281121,-4.990662150262987e-06,False,0.0,0.0,-0.02580532065968123,-0.04875518878956113,0.18441020567926045,0.18824968933114344,1.6400000000000001,0.92,-0.18063724461776862,-0.3412863215269279,0.14223405088013277,-0.26872938702907706,
1791389491.9199045,balance,-0.04399744015572065,-0.041121446514036694,-0.028187047271135288,-0.06318851784217107,-3.857122863898735e-05,-0.015848964113224354,0.17687184288673394,-0.0019454098241354623,-0.0008848277556721659,-5.302910342316481e-06,False,0.0,0.0,-0.026744425490709326,-0.05053504195486565,0.18441020567926045,0.18824968933114344,1.61,0.96,-0.18721097843496529,-0.35374529368405955,0.14741021924013015,-0.2785396013260311,
1791389491.9298909,balance,-0.04471957042925989,-0.040623694348374886,-0.02886581377835751,-0.07676894115192248,-3.857122863898735e-05,-0.015892327879541365,0.17687184288673394,-0.0038507195480814893,-0.0017633894278956492,-1.0436650600929201e-05,False,0.0,0.0,-0.02885544407302389,-0.05185410788828526,0.18441020567926045,0.18824968933114344,1.6,0.96,-0.20198810851116722,-0.36297875521799683,0.15904575473320254,-0.2858100434787377,
1791389491.9399261,balance,-0.04550993016759957,-0.04004946458197548,-0.02961168925642215,-0.074482673163494,-3.857122863898735e-05,-0.01593681213981641,0.17687184288673394,-0.006067113115456474,-0.002957565112667126,-1.554774001394674e-05,False,0.0,0.0,-0.030924567889689773,-0.05304507314491533,0.18441020567926045,0.18824968933114344,1.6,0.9500000000000001,-0.2164719752278284,-0.37131551201440727,0.17045037419514047,-0.2923744189089821,
1791389491.949891,balance,-0.046281895942925366,-0.039459294009914034,-0.030293040335942732,-0.07681559818542116,-3.857122863898735e-05,-0.016027426835621618,0.17687184288673394,-0.006833010376255913,-0.0034371460964554915,-1.697932139900211e-05,False,0.0,0.0,-0.03148477617929542,-0.054073140219241624,0.18441020567926045,0.18824968933114344,1.61,0.9500000000000001,-0.22039343325506794,-0.37851198153469134,0.17353813642131333,-0.29804093034227663,
1791389491.9599082,balance,-0.04702180911101711,-0.038828319613283,-0.030940354226960523,-0.05933558494022975,-3.857122863898735e-05,-0.01612002611269557,0.17687184288673394,-0.007227455375942189,-0.0039052177096381793,-1.6611188331520047e-05,False,0.0,0.0,-0.03130390927884078,-0.05401435368270573,0.18441020567926045,0.18824968933114344,1.62,0.92,-0.21912736495188548,-0.3781004757789401,0.1725412322455791,-0.29771691006215756,
1791389491.9699066,balance,-0.04768539288932903,-0.03818934297761567,-0.031556532098264534,-0.06884779610602311,-3.857122863898735e-05,-0.01616743201970348,0.17687184288673394,-0.004760009053856306,-0.002586779864117712,-1.086614594869297e-05,False,0.0,0.0,-0.029912364954751858,-0.05437794709440409,0.18441020567926045,0.18824968933114344,1.61,0.92,-0.209386554683263,-0.38064562966082865,0.1648713029002071,-0.29972096823687294,
1791389491.9798954,balance,-0.04833125114696156,-0.03755112090345715,-0.032106213099584016,-0.054555872905051005,-3.857122863898735e-05,-0.01626360927601653,0.17687184288673394,-0.003810338794181583,-0.002141773143651119,-8.34282825265232e-06,False,0.0,0.0,-0.030007968997354716,-0.05358605849840975,0.18441020567926045,0.18824968933114344,1.61,0.92,-0.210055782981483,-0.37510240948886825,0.16539825431612834,-0.29535622794399075,
1791389491.9899023,balance,-0.04897868062930291,-0.036956686755216024,-0.03265583185583108,-0.06104375624581014,-3.857122863898735e-05,-0.016361420002110817,0.17687184288673394,-0.0036119916601672335,-0.002041513507061264,-7.852390765529847e-06,False,0.0,0.0,-0.031233666572972375,-0.053418367774482486,0.18441020567926045,0.18824968933114344,1.6,0.91,-0.2186356660108066,-0.3739285744213774,0.17215406772504457,-0.2944319483632893,
1791389491.9999347,balance,-0.04954827282530952,-0.03643209486182002,-0.03317591274013112,-0.056234629806211564,-3.857122863898735e-05,-0.016410931313817385,0.17687184288673394,-0.000701391102940386,-0.00041932721710307986,-1.4103194291865308e-06,False,0.0,0.0,-0.029763743403428335,-0.052914508582986464,0.18441020567926045,0.18824968933114344,1.62,0.96,-0.20834620382399835,-0.37040156008090525,0.1640521289952743,-0.29165477171724824,
1791389492.0098698,balance,-0.050086694825874016,-0.03597980868837565,-0.03361355843687802,-0.04445081770839292,-3.857122863898735e-05,-0.01651170761763499,0.17687184288673394,-0.00019631246260049776,-0.00012163815525967872,-3.733715367040952e-07,False,0.0,0.0,-0.03035005316685295,-0.05230052196127824,0.18441020567926045,0.18824968933114344,1.6,0.92,-0.21245037216797064,-0.3661036537289477,0.1672837576125753,-0.2882705934873604,
1791389492.0200148,balance,-0.0505880234889507,-0.0355729129548878,-0.03401290278971805,-0.05107446170359009,-3.857122863898735e-05,-0.016613691927871637,0.17687184288673394,-0.0019188570847545423,-0.00123966434415958,-3.3959637029748113e-06,False,0.0,0.0,-0.03252459169705014,-0.05248227893912434,0.18441020567926045,0.18824968933114344,1.62,0.9400000000000001,-0.22767214187935098,-0.3673759525738704,0.17926940305460706,-0.28927240360147277,
1791389492.029889,balance,-0.05105058397970743,-0.03517189522530275,-0.03447546328047478,-0.03577800787892494,-3.857122863898735e-05,-0.016613691927871637,0.17687184288673394,-0.0025322371970257405,-0.0010128948788102963,-7.596711591077221e-06,False,0.0,0.0,-0.032481532047592646,-0.05197489268618354,0.18441020567926045,0.18824968933114344,1.62,0.91,-0.22737072433314853,-0.3638242488032848,0.17903206640405395,-0.28647578645927935,
1791389492.0399272,balance,-0.051471003159022324,-0.03473810032655927,-0.034843538636099985,-0.03407754681870671,-3.857122863898735e-05,-0.016666035751561323,0.17687184288673394,-0.003292338379520675,-0.00131693535180827,-9.877015138562025e-06,False,0.0,0.0,-0.033185445768124835,-0.05147379955332809,0.18441020567926045,0.18824968933114344,1.6,0.93,-0.23229812037687386,-0.36031659687329665,0.1829119058085621,-0.2837138558057454,
1791389492.0499115,balance,-0.05184029214111544,-0.03428401552092471,-0.03511637395494876,-0.029747960419642384,-4.749732920836941e-05,-0.016771415515375053,0.1767951934737761,-0.002352899055734247,-0.0009896939806396518,-6.816025375472976e-06,False,0.0,0.0,-0.032872863191896064,-0.051041676697178025,0.18420761995138657,0.18824968933114344,1.62,0.92,-0.23011004234327245,-0.3572917368802462,0.18118900971911217,-0.2813320762836584,
1791389492.0598533,balance,-0.05210002962377725,-0.03383325787700846,-0.03526129479433722,-0.02146120655480272,-3.857122863898735e-05,-0.016877306058079022,0.17687184288673394,-0.001099949321701576,-0.00047463869672678455,-3.1265531248739572e-06,False,0.0,0.0,-0.03194342876917922,-0.04974943159966473,0.18441020567926045,0.18824968933114344,1.67,0.9500000000000001,-0.22360400138425457,-0.34824602119765313,0.1760661428222477,-0.2742094655099631,
1791389492.0699482,balance,-0.052388297069907636,-0.033427268502558345,-0.035505150608525424,-0.02315316354682777,-4.749732920836941e-05,-0.016930643790590578,0.1767951934737761,-0.0029513539423706514,-0.0013056545981058783,-8.228496721323866e-06,False,0.0,0.0,-0.033986604480704063,-0.04995498737391867,0.18420761995138657,0.18824968933114344,1.72,0.92,-0.23790623136492844,-0.3496849116174307,0.18732774123222712,-0.2753424500924651,
1791389492.0799277,balance,-0.05262926634468755,-0.03318508377917604,-0.03563910429938165,-0.022798473224146947,-4.749732920836941e-05,-0.01703765937451427,0.1767951934737761,-0.0009051191535995611,-0.0005650467133586621,-1.7003622012044952e-06,False,0.0,0.0,-0.032832726801905694,-0.04901968516882998,0.18420761995138657,0.18824968933114344,1.6400000000000001,0.93,-0.22982908761333987,-0.34313779618180984,0.18096778552231485,-0.27018724108803926,
1791389492.0899134,balance,-0.05286553080361175,-0.03291708651532628,-0.0358127309539642,-0.004360798518324123,-3.857122863898735e-05,-0.017091371078286538,0.17687184288673394,-0.0023155433901533183,-0.0011503675177979768,-5.825879361776708e-06,False,0.0,0.0,-0.03419074312665882,-0.04830254637688995,0.18441020567926045,0.18824968933114344,1.73,0.91,-0.23933520188661173,-0.33811782463822965,0.18845291487134783,-0.2662345075891572,
1791389492.0999408,balance,-0.05306587525227074,-0.032755363092334906,-0.035905239478288,-0.025761331271481492,-3.857122863898735e-05,-0.017199207002621727,0.17687184288673394,-0.0014771686310708248,-0.0007453428848105981,-3.6591287313011333e-06,False,0.0,0.0,-0.03365798703541986,-0.0489932788434158,0.18441020567926045,0.18824968933114344,1.72,0.9400000000000001,-0.23560590924793903,-0.34295295190391056,0.18551646397475513,-0.270041694412528,
1791389492.1099012,balance,-0.053211728749156056,-0.03246098809864871,-0.035997076584445564,-0.022387661167015165,-3.857122863898735e-05,-0.017253223393349476,0.17687184288673394,0.0002913941704367732,0.00015427829402102965,6.855793820787177e-07,False,0.0,0.0,-0.03200958405119925,-0.04829555456760566,0.18441020567926045,0.18824968933114344,1.71,0.92,-0.22406708835839473,-0.33806888197323964,0.17643077823495648,-0.266195970057669,
1791389492.1199076,balance,-0.05332374080641915,-0.03212683320142244,-0.03606389910516049,-0.02160420097056451,-4.749732920836941e-05,-0.01730733903046703,0.1767951934737761,-0.002381234904007251,-0.0012348290490350135,-5.732029274861187e-06,False,0.0,0.0,-0.03443194021474751,-0.04817034285828448,0.18420761995138657,0.18824968933114344,1.72,0.92,-0.24102358150323258,-0.3371924000079914,0.1897823476403406,-0.265505826777946,
1791389492.1299217,balance,-0.053402339694371796,-0.031730929672575396,-0.036034181640805296,-0.014949775465038324,-4.749732920836941e-05,-0.017415655382774866,0.1767951934737761,-0.0001154127093448319,-6.415525188650441e-05,-2.5628728729163745e-07,False,0.0,0.0,-0.0319786871885346,-0.04761542128021928,0.18420761995138657,0.18824968933114344,1.6600000000000001,0.93,-0.22385081031974222,-0.333307948961535,0.17626048056672616,-0.26244720390672044,
1791389492.1399086,balance,-0.05352816346546632,-0.03128974773206231,-0.036105820480014664,-0.0002953453029984817,-4.749732920836941e-05,-0.017469840314660024,0.1767951934737761,-0.0009793631164559523,-0.0005718104252407306,-2.0377634560761087e-06,False,0.0,0.0,-0.032953355680283444,-0.04751612045317863,0.18420761995138657,0.18824968933114344,1.6500000000000001,0.93,-0.2306734897619841,-0.33261284317225037,0.18163266910392448,-0.261899876513583,
1791389492.149932,balance,-0.053643496671128506,-0.03095940809933348,-0.036112623576555564,0.006612435837402166,-4.749732920836941e-05,-0.017578370423781315,0.1767951934737761,-0.0008633811715871244,-0.0005389905753744423,-1.6219529810634107e-06,False,0.0,0.0,-0.03224328054751746,-0.047746508015908226,0.18420761995138657,0.18824968933114344,1.62,0.96,-0.22570296383262223,-0.33422555611135757,0.17771886915954505,-0.2631697292215414,
1791389492.1599064,balance,-0.053689311076812386,-0.030601554197953438,-0.036041137481586105,0.01220151828476258,-3.857122863898735e-05,-0.017686744823865272,0.17687184288673394,-0.0020130040573273574,-0.0012629345827120592,-3.750347373076491e-06,False,0.0,0.0,-0.032208475924227035,-0.04762391614421799,0.18441020567926045,0.18824968933114344,1.73,0.93,-0.22545933146958924,-0.3333674130095259,0.17752703265321987,-0.26249402599175264,
1791389492.1698995,balance,-0.05369991989948458,-0.030245531584349995,-0.035952620391841966,0.0006613048681576377,-4.749732920836941e-05,-0.017794796836850982,0.1767951934737761,-0.0008186416444793063,-0.0005148785937315784,-1.5188152537386398e-06,False,0.0,0.0,-0.031041748327621133,-0.047604106149559046,0.18420761995138657,0.18824968933114344,1.71,0.92,-0.21729223829334793,-0.3332287430469133,0.1710962506246834,-0.26238483704481363,
1791389492.1798902,balance,-0.05360234462075119,-0.029750589548054297,-0.03585504511310858,0.0069525104712949,-4.749732920836941e-05,-0.017794796836850982,0.1767951934737761,-0.00012442931293783104,-4.977172517513242e-05,-3.732879388134931e-07,False,0.0,0.0,-0.030199766162852797,-0.04636230694218251,0.18420761995138657,0.18824968933114344,1.6500000000000001,0.91,-0.21139836313996957,-0.3245361485952776,0.16645540404722012,-0.25554027448447053,
1791389492.1899562,balance,-0.053526818226251494,-0.029075697334954353,-0.03567219127024233,0.02093268907210196,-4.749732920836941e-05,-0.017902124285217536,0.1767951934737761,-0.00042475298864503344,-0.00016990119545801338,-1.2742589659351002e-06,False,0.0,0.0,-0.029498591306818322,-0.04597601417231793,0.18420761995138657,0.18824968933114344,1.75,0.9500000000000001,-0.20649013914772826,-0.3218320992062255,0.16259066074624273,-0.25341110173718545,
1791389492.1999576,balance,-0.05338297034587943,-0.028394773747654357,-0.03542176005219205,0.010323062884675006,-4.749732920836941e-05,-0.01800870762289575,0.1767951934737761,0.00037232901501126227,0.0001589270886414414,1.0670096318491044e-06,False,0.0,0.0,-0.029059990772476136,-0.045917897573256476,0.18420761995138657,0.18824968933114344,1.6600000000000001,0.91,-0.20341993540733294,-0.3214252830127953,0.16017317748608892,-0.2530907740258231,
1791389492.209888,balance,-0.05326064976118805,-0.027553638592464257,-0.035299439467500665,0.02350714892736652,-4.749732920836941e-05,-0.01800870762289575,0.1767951934737761,0.00192741366244915,0.0008137194742816624,5.568470940837438e-06,False,0.0,0.0,-0.027897341226908193,-0.04492349951304489,0.18420761995138657,0.18824968933114344,1.74,0.93,-0.19528138858835736,-0.31446449659131426,0.1537648729042184,-0.24760983983568052,
1791389492.2199743,balance,-0.05305499863377415,-0.026772862090599238,-0.034988459564209456,0.023808566461082814,-4.749732920836941e-05,-0.01811403639877306,0.1767951934737761,0.0020642479368446296,0.0009196243512153776,5.723117928146261e-06,False,0.0,0.0,-0.02721033175772477,-0.04498469750639567,0.18420761995138657,0.18824968933114344,1.76,0.91,-0.19047232230407338,-0.3148928825447697,0.14997820653864044,-0.2479471516100549,
1791389492.2299283,balance,-0.052796715803278695,-0.025888681508266363,-0.034625891748582285,0.034997276346661735,-4.749732920836941e-05,-0.018218321383904775,0.1767951934737761,0.0016796712432538125,0.0008031302981924064,4.3827047253070305e-06,False,0.0,0.0,-0.026205285168414715,-0.043887588404107544,0.18420761995138657,0.18824968933114344,1.75,0.93,-0.183436996178903,-0.3072131188287528,0.14443857966842755,-0.24190009356594708,
1791389492.2399316,balance,-0.05241973980072514,-0.024939043879739612,-0.03424891574602873,0.04398132742343263,-4.749732920836941e-05,-0.018218321383904775,0.1767951934737761,0.001437289338814966,0.0006626576824151005,3.873158281999327e-06,False,0.0,0.0,-0.025253066244865986,-0.0427822638682513,0.18420761995138657,0.18824968933114344,1.76,0.96,-0.1767714637140619,-0.2994758470777591,0.13919012890871016,-0.2358077536045347,
1791389492.249895,balance,-0.05198665107462341,-0.02381837339109612,-0.03371416681281028,0.055256481092671644,-4.749732920836941e-05,-0.018319981591021498,0.1767951934737761,0.003224533161392552,0.0015668660210031754,8.288335701946883e-06,False,0.0,0.0,-0.02219670466006927,-0.041809676551559365,0.18420761995138657,0.18824968933114344,1.75,0.9400000000000001,-0.1553769326204849,-0.29266773586091555,0.12234404143345268,-0.23044703611095713,
1791389492.2599015,balance,-0.051393150314069144,-0.02249778733508786,-0.03302100822354571,0.0612379783490161,-4.749732920836941e-05,-0.018419639419731806,0.1767951934737761,0.00535578230534153,0.0026857436565317504,1.3350193244048897e-05,False,0.0,0.0,-0.019374823423356315,-0.04016403610112818,0.18420761995138657,0.18824968933114344,1.77,0.9500000000000001,-0.1356237639634942,-0.2811482527078973,0.10679036532558599,-0.22137657693535218,
1791389492.2698996,balance,-0.05070896543224948,-0.021013239908966887,-0.03223944249675896,0.07398255877295724,-4.749732920836941e-05,-0.01851702026469889,0.1767951934737761,0.005470444669572187,0.0029303375720800633,1.270053548746062e-05,False,0.0,0.0,-0.018126092152231137,-0.03880514787821769,0.18420761995138657,0.18824968933114344,1.77,0.9400000000000001,-0.12688264506561797,-0.2716360351475238,0.09990759453985668,-0.21388664184844394,
1791389492.2798865,balance,-0.049953614718321,-0.019432856214182927,-0.03138924263847536,0.08329351315541018,-4.749732920836941e-05,-0.01861186940905401,0.1767951934737761,0.005159391814054139,0.002924131592797564,1.1176301106282876e-05,False,0.0,0.0,-0.01728722337271703,-0.036974039920120765,0.18420761995138657,0.18824968933114344,1.76,0.92,-0.12101056360901923,-0.25881827944084534,0.09528390835355845,-0.20379392081956327,
1791389492.2898588,balance,-0.04913933143008758,-0.017783932829412603,-0.030529096911216577,0.08940136939087812,-4.749732920836941e-05,-0.01865773184807937,0.1767951934737761,0.006035331263651493,0.003505020346598056,1.2651554585267183e-05,False,0.0,0.0,-0.015118222103305379,-0.035748988314150625,0.18420761995138657,0.18824968933114344,1.75,0.92,-0.10582755472313765,-0.25024291819905436,0.08332878324656508,-0.19704166787327115,
1791389492.2999263,balance,-0.048343756083782996,-0.01614802599594678,-0.029643923112210684,0.07995429018891086,-4.749732920836941e-05,-0.01874733030078068,0.1767951934737761,0.0064335721288876655,0.0037062941335852767,1.3636389976511944e-05,False,0.0,0.0,-0.013474546856979856,-0.03598964264386132,0.18420761995138657,0.18824968933114344,1.75,0.91,-0.09432182799885899,-0.2519274985070292,0.07426915590461337,-0.19836810906065294,
1791389492.309881,balance,-0.04757705071293504,-0.014459489329723588,-0.02879019507338312,0.07407236202450618,-4.749732920836941e-05,-0.01883435296876029,0.1767951934737761,0.0064567642804360436,0.0038099934340015506,1.3233854232172466e-05,False,0.0,0.0,-0.012334352118322695,-0.03657219440095392,0.18420761995138657,0.18824968933114344,1.75,0.93,-0.08634046482825887,-0.2560053608066774,0.06798461797500699,-0.2015790242572263,
1791389492.3199275,balance,-0.046924065023850256,-0.012714721539372878,-0.02805248906386317,0.06216323260561603,-4.749732920836941e-05,-0.018919073289195454,0.1767951934737761,0.006037368346736356,0.0036282166376281713,1.2045758545540925e-05,False,0.0,0.0,-0.011937340636254498,-0.03781989563180399,0.18420761995138657,0.18824968933114344,1.75,0.91,-0.08356138445378149,-0.26473926942262793,0.06579636571163897,-0.20845611765561253,
1791389492.3299222,balance,-0.0463322056630151,-0.010862388332592126,-0.027460629703028018,0.06121930670420523,-4.749732920836941e-05,-0.018919073289195454,0.1767951934737761,0.005497333852803896,0.0034147768626145046,1.0412784950946959e-05,False,0.0,0.0,-0.011577579237130452,-0.03848095783786453,0.18420761995138657,0.18824968933114344,1.75,0.92,-0.08104305465991316,-0.2693667048650517,0.06381342886607334,-0.21209976761027693,
1791389492.339896,balance,-0.04581126009507063,-0.008938836263270756,-0.026858600686250067,0.05420851157904537,-4.749732920836941e-05,-0.019000156738028934,0.1767951934737761,0.004205697996781253,0.0016822791987125012,1.2617093990343757e-05,False,0.0,0.0,-0.011161075663155473,-0.03970915804307875,0.18420761995138657,0.18824968933114344,1.75,0.93,-0.07812752964208831,-0.2779641063015513,0.06151773987566009,-0.21886937504059156,
1791389492.3499117,balance,-0.04529841322114497,-0.006938768262052642,-0.026306235181605922,0.05124707170672524,-4.749732920836941e-05,-0.01903967536874742,0.1767951934737761,0.005939296933428476,0.0023757187733713906,1.781789080028543e-05,False,0.0,0.0,-0.008485824788310361,-0.0403373073864026,0.18420761995138657,0.18824968933114344,1.75,0.93,-0.05940077351817252,-0.2823611517048182,0.04677226261273427,-0.22233161551560487,
1791389492.3599017,balance,-0.044771516749749586,-0.004879656142416213,-0.025740346920383215,0.05829051107231663,-4.749732920836941e-05,-0.01907866715857474,0.1767951934737761,0.0034160733169666547,0.0014422048767972024,9.869342200847262e-06,False,0.0,0.0,-0.009296645290430899,-0.03994501337096817,0.18420761995138657,0.18824968933114344,1.75,0.92,-0.0650765170330163,-0.27961509359677716,0.05124135199450102,-0.2201693650368324,
1791389492.3699355,balance,-0.0443026998199532,-0.002844239338111431,-0.025195501359817102,0.043341570998593926,-4.749732920836941e-05,-0.019154695789344464,0.1767951934737761,0.004839070209331619,0.002200946854355347,1.319061677488136e-05,False,0.0,0.0,-0.007722740793388889,-0.040597500979625334,0.18420761995138657,0.18824968933114344,1.74,0.9,-0.054059185553722224,-0.28418250685737734,0.04256628783757655,-0.22376575343100577,
1791389492.3799014,balance,-0.04389483069290081,-0.0008840366672398456,-0.024750201636940833,0.03938956796645064,-4.749732920836941e-05,-0.019192126385168345,0.1767951934737761,0.002758742713593318,0.001246177271837163,7.562827208780775e-06,False,0.0,0.0,-0.009255997745735635,-0.04101000003294896,0.18420761995138657,0.18824968933114344,1.74,0.92,-0.06479198422014945,-0.2870700002306427,0.051017310409566495,-0.2260393702603486,
1791389492.389909,balance,-0.0435217254404045,0.0009844147921997239,-0.024340305720839065,0.0376560322774964,-4.749732920836941e-05,-0.019228917048773806,0.1767951934737761,0.0010052271198954092,0.00046658220222667535,2.693224588343669e-06,False,0.0,0.0,-0.010217218781772027,-0.04126195490887184,0.18420761995138657,0.18824968933114344,1.75,0.93,-0.0715205314724042,-0.2888336843621029,0.05631537911212929,-0.22742809792291566,
1791389492.4013832,balance,-0.04295385727896859,0.003880229780053628,-0.02366477679358634,0.03184276289160882,-4.749732920836941e-05,-0.019336577814590618,0.1767951934737761,-9.276456195197632e-05,-5.1421460438073764e-05,-2.067155075695128e-07,False,0.0,0.0,-0.010147439843357352,-0.041390460796951155,0.18420761995138657,0.18824968933114344,1.75,0.92,-0.07103207890350147,-0.2897332255786581,0.05593077079015864,-0.22813639809343159,
1791389492.4099042,balance,-0.04279461609984361,0.004586922925607769,-0.023470277311039674,0.042711526583495654,-4.749732920836941e-05,-0.019371836118012308,0.1767951934737761,0.0006461183781300453,0.00033003320706197854,1.5804258553403338e-06,False,0.0,0.0,-0.009008139382409948,-0.040668723663319216,0.18420761995138657,0.18824968933114344,1.75,0.92,-0.06305697567686963,-0.28468106564323453,0.049651161950291046,-0.22415831940412168,
1791389492.4199235,balance,-0.042407079178714786,0.006380454010388493,-0.023013285879309297,0.04598716224866867,-4.749732920836941e-05,-0.01944129062861386,0.1767951934737761,0.0018343797084602383,0.000743073407538785,5.456531504607267e-06,False,0.0,0.0,-0.007175905376689349,-0.03999576083208837,0.18420761995138657,0.18824968933114344,1.75,0.9400000000000001,-0.05023133763682544,-0.27997032582461856,0.03955223435970507,-0.22044907545245557,
1791389492.4299057,balance,-0.04195600330921254,0.008237353111376163,-0.022562210009807054,0.04918879295617841,-4.749732920836941e-05,-0.01944129062861386,0.1767951934737761,0.0020255239169265243,0.0010818577884681927,4.718330642291658e-06,False,0.0,0.0,-0.007128918327846614,-0.03892833573393276,0.18420761995138657,0.18824968933114344,1.76,0.91,-0.0499024282949263,-0.2724983501375293,0.039293250625926215,-0.21456563002955065,
1791389492.4399345,balance,-0.041491580762143807,0.010049972202486157,-0.022031269391305598,0.039372455025577374,-4.749732920836941e-05,-0.019507808700046578,0.1767951934737761,0.0007314017339163842,0.0004077063129702443,1.6184771047306993e-06,False,0.0,0.0,-0.008807281630772795,-0.03777669098626832,0.18420761995138657,0.18824968933114344,1.75,0.92,-0.06165097141540957,-0.2644368369038782,0.048544071980637454,-0.20821798181407733,
1791389492.4499018,balance,-0.040958298962053115,0.01179841675613038,-0.021465740609828084,0.053498616575641506,-4.749732920836941e-05,-0.0195400556814334,0.1767951934737761,0.0022702673984100847,0.001307870429028981,4.811984846905519e-06,False,0.0,0.0,-0.007647315510864683,-0.03558136058373347,0.18420761995138657,0.18824968933114344,1.74,0.91,-0.05353120857605278,-0.2490695240861343,0.042150557933899824,-0.19611773550089315,
1791389492.4599252,balance,-0.040424431131858785,0.013403418573351237,-0.02086879738536037,0.0543931192953119,-4.749732920836941e-05,-0.019603131075706784,0.1767951934737761,0.003218878677112186,0.0019294131617570635,6.447327576775612e-06,False,0.0,0.0,-0.007659507022100078,-0.03348186810642946,0.18420761995138657,0.18824968933114344,1.74,0.92,-0.053616549154700544,-0.23437307674500624,0.04221775523992169,-0.18454572972047734,
1791389492.469901,balance,-0.03989515036528649,0.014862873649316122,-0.020278215974166503,0.05777994665074064,-4.749732920836941e-05,-0.01966443172032836,0.1767951934737761,0.004396181150803373,0.002710271457448776,8.429548466772985e-06,False,0.0,0.0,-0.007661205427507324,-0.0313975878899833,0.18420761995138657,0.18824968933114344,1.75,0.92,-0.053628437992551264,-0.21978311522988309,0.042227116529567926,-0.17305757104715203,
1791389492.4799087,balance,-0.03938335457220212,0.016184259265417226,-0.01970684776438976,0.05772025875814662,-4.749732920836941e-05,-0.01972400413702073,0.1767951934737761,0.003295840864631612,0.0020780183624639873,6.0891125108381236e-06,False,0.0,0.0,-0.009322828096730807,-0.029782747094413132,0.18420761995138657,0.18824968933114344,1.75,0.93,-0.06525979667711565,-0.2084792296608919,0.05138566667489421,-0.16415687374873378,
1791389492.4899178,balance,-0.03881029858633879,0.017344257587668624,-0.01907605478440546,0.07071393800343462,-4.749732920836941e-05,-0.0197817411311417,0.1767951934737761,0.004211836305940521,0.002662098583109953,7.74868861415284e-06,False,0.0,0.0,-0.007992522477719624,-0.027366254556947713,0.18420761995138657,0.18824968933114344,1.75,0.92,-0.05594765734403737,-0.191563781898634,0.04405327349924203,-0.15083762354223149,
1791389492.4999614,balance,-0.03811341180817238,0.018473872334267772,-0.018323634334930883,0.07694294262241962,-4.749732920836941e-05,-0.01983727480244987,0.1767951934737761,0.005225857341797267,0.002090342936718907,1.5677572025391802e-05,False,0.0,0.0,-0.006735387939729188,-0.024915919747619125,0.18420761995138657,0.18824968933114344,1.74,0.91,-0.04714771557810432,-0.17441143823333388,0.03712418549457033,-0.13733184112860936,
1791389492.5099013,balance,-0.037298643271911715,0.01957471280341142,-0.017455878293845414,0.0839669791591784,-4.749732920836941e-05,-0.01989026230727467,0.1767951934737761,0.0055881408517148975,0.0031063180645718746,1.2409113935715115e-05,False,0.0,0.0,-0.0068146013404879364,-0.02220418100946475,0.18420761995138657,0.18824968933114344,1.74,0.93,-0.04770220938341556,-0.15542926706625323,0.03756079479009099,-0.12238524965846712,
1791389492.5199258,balance,-0.03641067033169599,0.020604358473985465,-0.016543053495599244,0.08827585085301574,-4.749732920836941e-05,-0.019915114165305114,0.1767951934737761,0.008049158564386925,0.003560881241520456,2.2441386614332343e-05,False,0.0,0.0,-0.005070299574915111,-0.01955786568248793,0.18420761995138657,0.18824968933114344,1.75,0.93,-0.035492097024405776,-0.13690505977741552,0.027946533090083287,-0.10779925966725631,
1791389492.5299194,balance,-0.03547782506100976,0.021594968131660692,-0.015586227235692307,0.09436923392328624,-4.749732920836941e-05,-0.01993909515452582,0.1767951934737761,0.006570945051126208,0.003989735385081265,1.2906048330224717e-05,False,0.0,0.0,-0.006157876974308298,-0.0175512830853419,0.18420761995138657,0.18824968933114344,1.74,0.92,-0.04310513882015808,-0.12285898159739331,0.03394105418910085,-0.09673935558849867,
1791389492.5399327,balance,-0.034564571281025816,0.02239762183702505,-0.014628418946120936,0.09385113628371411,-4.749732920836941e-05,-0.01998364966411325,0.1767951934737761,0.007003058583817848,0.0031960772433608504,1.9034906702284987e-05,False,0.0,0.0,-0.005239998497411952,-0.01591461078302891,0.18420761995138657,0.18824968933114344,1.76,0.92,-0.03667998948188366,-0.11140227548120238,0.02888188148179816,-0.08771832715055305,
1791389492.5499241,balance,-0.03365027718194596,0.023038769589543137,-0.013672456638397144,0.0962557053270485,-4.749732920836941e-05,-0.020025317872757183,0.1767951934737761,0.007530737603660574,0.0036593380417185143,1.9356997809710297e-05,False,0.0,0.0,-0.004093583343506894,-0.01450840793845357,0.18420761995138657,0.18824968933114344,1.75,0.93,-0.02865508340454826,-0.10155885556917499,0.022563057798856898,-0.079967602810374,
1791389492.5599256,balance,-0.03274664079777782,0.02354702274246293,-0.012749667023847666,0.09278158178989698,-4.749732920836941e-05,-0.020044471103138527,0.1767951934737761,0.004920779404069155,0.002383456654949076,1.2686613745600396e-05,False,0.0,0.0,-0.005582593708846953,-0.013705011945830282,0.18420761995138657,0.18824968933114344,1.75,0.92,-0.03907815596192867,-0.09593508362081198,0.030770201544825727,-0.0755394359218992,
1791389492.5699031,balance,-0.0318614189547389,0.023920636771216697,-0.011828336302721044,0.08627262571409618,-4.749732920836941e-05,-0.020080579981226226,0.1767951934737761,0.003593062336255307,0.001757113297295992,9.179745194796576e-06,False,0.0,0.0,-0.005862511400744758,-0.013624803123403991,0.18420761995138657,0.18824968933114344,1.74,0.9400000000000001,-0.0410375798052133,-0.09537362186382795,0.03231305496473488,-0.07509734005025823,
1791389492.5799234,balance,-0.03094386490115635,0.02423023585365188,-0.010894416075764784,0.09662253921528563,-4.749732920836941e-05,-0.020096946154599934,0.1767951934737761,0.005688286654923723,0.0028966981197799217,1.3957942675719006e-05,False,0.0,0.0,-0.0030617427312653422,-0.01223454260074944,0.18420761995138657,0.18824968933114344,1.75,0.9400000000000001,-0.021432199118857395,-0.08564179820524609,0.01687574733768299,-0.06743448677578433,
1791389492.589899,balance,-0.02999883225657861,0.024528132463612854,-0.009918983824004027,0.0999001164629799,-4.749732920836941e-05,-0.02012734576178295,0.1767951934737761,0.005176563849847077,0.0027487729577397517,1.2138954460536626e-05,False,0.0,0.0,-0.0023093749101385885,-0.011296513616518254,0.18420761995138657,0.18824968933114344,1.75,0.93,-0.01616562437097012,-0.07907559531562777,0.012728838087378047,-0.06226424828002187,
1791389492.5999372,balance,-0.0289942567287345,0.024848177394598377,-0.008900414758121027,0.10821848060583432,-4.749732920836941e-05,-0.020141339299821842,0.1767951934737761,0.007765394874506901,0.004256243103193311,1.754575885656795e-05,False,0.0,0.0,0.0011576141300105734,-0.009776888492417611,0.18420761995138657,0.18824968933114344,1.76,0.9400000000000001,0.008103298910074015,-0.06843821944692327,-0.006380550322892925,-0.05388836176923092,
1791389492.6098874,balance,-0.027980473474284565,0.02512567944057284,-0.007874184045793788,0.1095080871217763,-4.749732920836941e-05,-0.020153786757699146,0.1767951934737761,0.008586966079407872,0.004799993978885224,1.893486050261324e-05,False,0.0,0.0,0.002727059187527554,-0.008617602910389313,0.18420761995138657,0.18824968933114344,1.75,0.9500000000000001,0.019089414312692878,-0.06032322037272519,-0.015031034891884155,-0.04749859871868125,
1791389492.6199038,balance,-0.026921830911754745,0.02544209890182263,-0.006794482570341397,0.1086601042031963,-4.749732920836941e-05,-0.020174845670621718,0.1767951934737761,0.008011180761630685,0.0047147660281675954,1.6482073667315448e-05,False,0.0,0.0,0.002693220400518677,-0.007453727913419775,0.18420761995138657,0.18824968933114344,1.74,0.9500000000000001,0.018852542803630738,-0.05217609539393842,-0.014844521892622628,-0.04108353968026647,
1791389492.6299045,balance,-0.02586502054335694,0.025690958849896178,-0.005719847204291275,0.10637309800585282,-4.749732920836941e-05,-0.020192670668274033,0.1767951934737761,0.006968975028911044,0.00416640714814214,1.4012839403844524e-05,False,0.0,0.0,0.0028131064325349294,-0.006573282650705805,0.18420761995138657,0.18824968933114344,1.75,0.93,0.019691745027744505,-0.04601297855494063,-0.015505311045468114,-0.036230691775543805,
1791389492.6398938,balance,-0.024806915237279167,0.02589777018847464,-0.004647130494270683,0.0996977436347059,-4.749732920836941e-05,-0.020207282072216854,0.1767951934737761,0.00564112666508226,0.0034251698183881034,1.1079784233470783e-05,False,0.0,0.0,0.0028058357403296496,-0.006074804432116522,0.18420761995138657,0.18824968933114344,1.74,0.91,0.019640850182307545,-0.042523631024815656,-0.01546523636402169,-0.033483174035287916,
1791389492.6499689,balance,-0.023770156091043798,0.025987990920874452,-0.0035989239825329374,0.10107989466863601,-4.749732920836941e-05,-0.02021872943771923,0.1767951934737761,0.004543215134659397,0.0022570801909845796,1.1430674718374088e-05,False,0.0,0.0,0.003416007847877784,-0.005377842182614626,0.18420761995138657,0.18824968933114344,1.73,0.92,0.023912054935144488,-0.037644895278302386,-0.018828389712712196,-0.02964164982543495,
1791389492.6598942,balance,-0.022782950359682592,0.026053608794776476,-0.00260327186767418,0.10505124604785863,-4.749732920836941e-05,-0.020227175821216782,0.1767951934737761,0.006631435125566662,0.002652574050226665,1.9894305376699984e-05,False,0.0,0.0,0.0060170337404001845,-0.004535572521648629,0.18420761995138657,0.18824968933114344,1.74,0.9,0.04211923618280129,-0.0317490076515404,-0.03316475289984354,-0.02499921862326016,
1791389492.6699128,balance,-0.021743398011547174,0.0261089604895379,-0.0015583726398880338,0.11399903286601494,-4.749732920836941e-05,-0.02023252270086751,0.1767951934737761,0.0063865891625309035,0.002577161018108413,1.9047140722112452e-05,False,0.0,0.0,0.007677474008038292,-0.0035551547868704417,0.18420761995138657,0.18824968933114344,1.73,0.91,0.05374231805626804,-0.02488608350809309,-0.0423167858710772,-0.01959534134495519,
1791389492.6799233,balance,-0.02066449482411317,0.02619403362603928,-0.0004787502482753482,0.11426928602785401,-4.749732920836941e-05,-0.02023324190504619,0.1767951934737761,0.007985374350211119,0.004649922409734099,1.66772597023851e-05,False,0.0,0.0,0.009948045048770414,-0.002531385140840246,0.18420761995138657,0.18824968933114344,1.75,0.91,0.06963631534139289,-0.01771969598588172,-0.05483174436330149,-0.013952516524316316,
1791389492.6899402,balance,-0.01956061229795857,0.02640983118247619,0.0006248443628341059,0.11107232789518864,-4.749732920836941e-05,-0.020232953990001044,0.1767951934737761,0.0067930472622543415,0.0028151006694582758,1.9889732963980328e-05,False,0.0,0.0,0.009815291628927029,-0.0013001841314341177,0.18420761995138657,0.18824968933114344,1.74,0.9400000000000001,0.0687070414024892,-0.009101288920038824,-0.0541000326003852,-0.007166369228377026,
1791389492.6999354,balance,-0.018468528646975374,0.02662338194111099,0.0017143526217965749,0.11055029418588011,-4.749732920836941e-05,-0.02023037859798032,0.1767951934737761,0.004023142691994303,0.0018110767804419413,1.1060329557761811e-05,False,0.0,0.0,0.009132263058679518,-0.000729236597186943,0.18420761995138657,0.18824968933114344,1.76,0.92,0.06392584141075662,-0.0051046561803086005,-0.05033530819744616,-0.0040194143152036226,
1791389492.7099035,balance,-0.01729767201920301,0.026903233686277683,0.002877257226121095,0.11485479716135645,-4.749732920836941e-05,-0.020222426574532475,0.1767951934737761,0.005109775440988683,0.0022922968664904615,1.4087392872491107e-05,False,0.0,0.0,0.011208004283780257,0.0005465732946992188,0.18420761995138657,0.18824968933114344,1.74,0.93,0.0784560299864618,0.0038260130628945312,-0.061776401564143144,0.003012608710940576,
1791389492.719937,balance,-0.016129195160226248,0.027137884770374647,0.004034339013776474,0.11826898942614172,-4.749732920836941e-05,-0.02021103150321109,0.1767951934737761,0.005254868496439971,0.0025861237858219414,1.3343723553090148e-05,False,0.0,0.0,0.012254431351828748,0.0018203658269134008,0.18420761995138657,0.18824968933114344,1.74,0.93,0.08578101946280124,0.012742560788393805,-0.06754410981322932,0.010033512431806146,
1791389492.7299101,balance,-0.015006387345872388,0.027293482416376302,0.005157146828130335,0.11054046188929238,-4.749732920836941e-05,-0.02021103150321109,0.1767951934737761,0.009005584014375139,0.004529995746658325,2.237794133858407e-05,False,0.0,0.0,0.016053207357479782,0.0024816830257060837,0.18420761995138657,0.18824968933114344,1.75,0.93,0.11237245150235847,0.017371781179942584,-0.08848224527744762,0.013678567858222508,
1791389492.7399204,balance,-0.013921007771204258,0.027461698187586016,0.00622445269690935,0.10358975665408636,-4.749732920836941e-05,-0.020192957797321977,0.1767951934737761,0.010487844503666112,0.005487559482561629,2.5001425105522415e-05,False,0.0,0.0,0.01715822402639385,0.0031242247077028114,0.18420761995138657,0.18824968933114344,1.74,0.91,0.12010756818475694,0.02186957295391968,-0.09457288833445429,0.017220136184188724,
1791389492.7499025,balance,-0.012957049379415985,0.027601974633095737,0.007178198329130187,0.0850992003602769,-4.749732920836941e-05,-0.02018274503775454,0.1767951934737761,0.014403041860651963,0.007983926530142543,3.20955766525471e-05,False,0.0,0.0,0.019661711335291487,0.0023708661148440745,0.18420761995138657,0.18824968933114344,1.76,0.91,0.1376319793470404,0.01659606280390852,-0.10837163728113418,0.013067765987329545,
1791389492.7599244,balance,-0.012191728740989677,0.02779711765173295,0.007943518967556495,0.061509243387282156,-4.749732920836941e-05,-0.02018274503775454,0.1767951934737761,0.026194994720344984,0.011954951613443458,7.120021553450764e-05,False,0.0,0.0,0.024125457765842497,0.0017261779322328484,0.18420761995138657,0.18824968933114344,1.75,0.92,0.16887820436089748,0.012083245525629938,-0.1329749640636988,0.009514366555614124,
1791389492.7699242,balance,-0.011718407269317214,0.027956824603373297,0.008416840439228957,0.03251049361007026,-4.749732920836941e-05,-0.02018274503775454,0.1767951934737761,0.04352546299778704,0.026495381821587023,8.51504058810001e-05,False,0.0,0.0,0.02623630645122788,0.00045221803239988686,0.18420761995138657,0.18824968933114344,1.75,0.91,0.18365414515859516,0.003165526226799208,-0.14460956311700407,0.0024925403360623686,
1791389492.7801688,balance,-0.012668914176930788,0.027961918195141072,0.00745417389462435,-0.11635809935478915,-4.749732920836941e-05,-0.020170585400763507,0.1767951934737761,0.042556802246338434,0.028882853998988434,6.836974123675001e-05,False,0.0,0.0,0.01067528023031269,-0.009462100972846284,0.18420761995138657,0.18824968933114344,1.74,0.87,0.07472696161218882,-0.04031962888551354,-0.05884012725369198,-0.03174773927993192,
1791389492.7899191,balance,-0.013195237428710382,0.02783807836431294,0.006927850642844756,-0.1288051424516942,-4.749732920836941e-05,-0.020170585400763507,0.1767951934737761,0.03445952776798702,0.017923132934573364,8.268197416706826e-05,False,0.0,0.0,0.004983690259428299,-0.012051994619599937,0.18420761995138657,0.18824968933114344,1.75,0.92,0.034885831815998095,-0.08436396233719956,-0.02746915891023472,-0.06642831680094453,
1791389492.7999609,balance,-0.014336286812317122,0.027459538769729553,0.005786801259238016,-0.07691502146455514,-4.749732920836941e-05,-0.020170585400763507,0.1767951934737761,0.023170162047595335,0.015185043560956199,3.992559243319568e-05,False,0.0,0.0,0.0034193648534762513,-0.015626092219025858,0.18420761995138657,0.18824968933114344,1.73,0.91,0.023935553974333758,-0.109382645533181,-0.018846892893176186,-0.08612806734896142,
1791389492.8099043,balance,-0.014904071365184025,0.0270981834518846,0.005219016706371113,-0.0342801725489287,-4.749732920836941e-05,-0.020170585400763507,0.1767951934737761,0.011614917359531251,0.007666244956007634,1.9743362017618083e-05,False,0.0,0.0,0.002999624135371576,-0.016081408059635587,0.18420761995138657,0.18824968933114344,1.72,0.93,0.020997368947601035,-0.1125698564174491,-0.016533361376063805,-0.08863768221846385,
1791389492.819903,balance,-0.015043097747969424,0.026762479263695918,0.005079990323585713,0.004052954186792375,-4.749732920836941e-05,-0.020170585400763507,0.1767951934737761,0.00676514700650142,0.003876275883242471,1.4444355616294746e-05,False,0.0,0.0,0.006002907434679122,-0.013867885850058876,0.18420761995138657,0.18824968933114344,1.73,0.91,0.04202035204275385,-0.09707520095041212,-0.03308689137224713,-0.07643716610268671,
1791389492.8299081,balance,-0.014699042965858646,0.0265952024587494,0.005416184800951126,0.04360328537167578,-4.749732920836941e-05,-0.02016272509601814,0.1767951934737761,0.005118118258491592,0.0021448645646107633,1.4866268469404146e-05,False,0.0,0.0,0.010398407232579069,-0.010476065848870996,0.18420761995138657,0.18824968933114344,1.74,0.93,0.07278885062805349,-0.07333246094209697,-0.05731405561264054,-0.05774209522999761,
1791389492.839927,balance,-0.014048929075084992,0.02658243664577779,0.0060576076846342065,0.05826782492992921,-4.749732920836941e-05,-0.020154034088927568,0.1767951934737761,0.007977798941447638,0.0034797034949145614,2.2490477232665383e-05,False,0.0,0.0,0.015504448971794404,-0.006614015250627789,0.18420761995138657,0.18824968933114344,1.75,0.9400000000000001,0.10853114280256083,-0.046298106754394525,-0.08545759275792192,-0.036455202168814586,
1791389492.8499327,balance,-0.013431836497838193,0.026471926328125037,0.006674700261881005,0.05031517079443952,-4.749732920836941e-05,-0.020154034088927568,0.1767951934737761,0.017929296597654815,0.007959645383955521,4.984825606849647e-05,False,0.0,0.0,0.020057506642831735,-0.0030340344078865857,0.18420761995138657,0.18824968933114344,1.75,0.93,0.14040254649982215,-0.0212382408552061,-0.1105531862203324,-0.01672302429543787,
1791389492.8599,balance,-0.013110901836406692,0.0261819176131086,0.006995634923312507,0.02098210373482776,-4.749732920836941e-05,-0.020154034088927568,0.1767951934737761,0.03124222695578925,0.014938386992082539,8.151919981853356e-05,False,0.0,0.0,0.021370731783509685,-0.0020564240257518085,0.18420761995138657,0.18824968933114344,1.75,0.93,0.1495951224845678,-0.01439496818026266,-0.11779143502721874,-0.011334620614380047,
1791389492.8699124,balance,-0.013363346694746562,0.025380948956906308,0.006733075279875178,-0.07242930961057774,-4.749732920836941e-05,-0.02014391930383011,0.1767951934737761,0.03619831974717792,0.02276666486802959,6.715827439574167e-05,False,0.0,0.0,0.013692034691229519,-0.005671268322202904,0.18420761995138657,0.18824968933114344,1.77,0.91,0.09584424283860662,-0.03969887825542033,-0.07546790774693435,-0.03125895925623648,
1791389492.8799353,balance,-0.014452142316031187,0.024245187156496456,0.005644279658590554,-0.12110229188652027,-4.749732920836941e-05,-0.02014391930383011,0.1767951934737761,0.028262963699591505,0.018566653490332992,4.8481551046292566e-05,False,0.0,0.0,0.0023555352399689884,-0.01128898259003086,0.18420761995138657,0.18824968933114344,1.74,0.9500000000000001,0.01648874667978292,-0.07902287813021602,-0.012983265102191275,-0.062222738685209465,
1791389492.8899128,balance,-0.015592427644352131,0.022898210169653124,0.004496608627913533,-0.09314115741800723,-4.749732920836941e-05,-0.020136533601474035,0.1767951934737761,0.022473811827175404,0.011863795142944562,5.305008342115421e-05,False,0.0,0.0,0.00037514155497346855,-0.014846771195493163,0.18420761995138657,0.18824968933114344,1.75,0.92,0.00262599088481428,-0.10392739836845215,-0.0020677093581214804,-0.0818325971405135,
1791389492.8999472,balance,-0.016410286848421177,0.02168061406688623,0.0036787494238444893,-0.057254602897608954,-4.749732920836941e-05,-0.020136533601474035,0.1767951934737761,0.017026624211927677,0.007214804744960338,4.9059097334836696e-05,False,0.0,0.0,0.002273335390969618,-0.015927533915717065,0.18420761995138657,0.18824968933114344,1.73,0.92,0.015913347736787323,-0.11149273741001946,-0.012530195068336475,-0.08778955701576335,
1791389492.9099054,balance,-0.01688998523870262,0.020737852371699828,0.003199051033563046,-0.024887522999143537,-4.749732920836941e-05,-0.020136533601474035,0.1767951934737761,0.009534074909714951,0.0041733312189692374,2.6803718453728568e-05,False,0.0,0.0,0.0013668923701980942,-0.01491284003764315,0.18420761995138657,0.18824968933114344,1.75,0.93,0.009568246591386659,-0.10438988026350204,-0.007534052434162723,-0.08219675611299374,
1791389492.9199567,balance,-0.017015416863852568,0.020177797945872128,0.003069008979300479,-0.0030478610172859546,-4.749732920836941e-05,-0.020131923172361416,0.1767951934737761,0.005533873729560865,0.003093358042429223,1.2202578435658209e-05,False,0.0,0.0,0.003053350060171116,-0.013736981247210121,0.18420761995138657,0.18824968933114344,1.74,0.92,0.021373450421197815,-0.09615886873047085,-0.0168294885206282,-0.07571564466966209,
1791389492.9299357,balance,-0.016789545762180228,0.01986000159098,0.003285212116031583,0.03502064870986979,-4.749732920836941e-05,-0.02012225520742018,0.1767951934737761,0.007922729516866102,0.004527227822390175,1.6977508472379636e-05,False,0.0,0.0,0.009151068187184619,-0.010896034828586788,0.18420761995138657,0.18824968933114344,1.75,0.93,0.06405747731029234,-0.07627224380010753,-0.05043895851204121,-0.06005688488197443,
1791389492.939911,balance,-0.016413010599421286,0.019663199437555394,0.0036617472787905253,0.03301125273845257,-4.749732920836941e-05,-0.02012225520742018,0.1767951934737761,0.017089685334067354,0.009685732465634983,3.7019764342161855e-05,False,0.0,0.0,0.015455888531010533,-0.008661932993803936,0.18420761995138657,0.18824968933114344,1.74,0.92,0.10819121971707374,-0.060633530956627546,-0.08518993678509743,-0.04774293776112405,
1791389492.9499013,balance,-0.016204966477951003,0.01929306212260271,0.003863986713160416,0.017313446658825875,-4.749732920836941e-05,-0.020116450520319788,0.1767951934737761,0.021363941930519843,0.010082262794609982,5.6408395679549305e-05,False,0.0,0.0,0.014452408426729688,-0.006714631262962355,0.18420761995138657,0.18824968933114344,1.74,0.91,0.10116685898710781,-0.047002418840736485,-0.07965894408433685,-0.03700977861475314,
1791389492.9598987,balance,-0.01632192350475385,0.018468061093894407,0.0037470296863575704,-0.036713125970743325,-4.749732920836941e-05,-0.020116450520319788,0.1767951934737761,0.016792768820956167,0.008159946741795834,4.316411039580167e-05,False,0.0,0.0,0.0063288776485374955,-0.008684027619455059,0.18420761995138657,0.18824968933114344,1.75,0.92,0.044302143539762466,-0.06078819333618541,-0.034883577590364145,-0.047864719162350716,
1791389492.969932,balance,-0.016780157577049988,0.017340187503754097,0.003288795614061431,-0.054160771205838905,-4.749732920836941e-05,-0.020116450520319788,0.1767951934737761,0.005645981265595414,0.003445671803284266,1.1001547311555742e-05,False,0.0,0.0,-0.004572662328309911,-0.011314462274901998,0.18420761995138657,0.18824968933114344,1.75,0.93,-0.03200863629816938,-0.07920123592431398,0.025203650628479825,-0.062363177893160614,
1791389492.9799204,balance,-0.01708582684665747,0.016135152431986207,0.0029786516549372664,-0.019949171222745917,-4.749732920836941e-05,-0.020111975830803108,0.1767951934737761,0.0009576684238066803,0.0004832158838728183,2.3722626996693102e-06,False,0.0,0.0,-0.0034478207409727266,-0.012312269750582387,0.18420761995138657,0.18824968933114344,1.74,0.91,-0.024134745186809088,-0.0861858882540767,0.01900373636756621,-0.06786290413706828,
1791389492.9899285,balance,-0.017203873708826273,0.015088115445609207,0.0028519785859922077,-0.011570379813362518,-4.749732920836941e-05,-0.02010334962402685,0.1767951934737761,0.001939736891804955,0.001207921153383936,3.6590786921050952e-06,False,0.0,0.0,-0.00024483413161991547,-0.01235304701114705,0.18420761995138657,0.18824968933114344,1.74,0.93,-0.0017138389213394083,-0.08647132907802935,0.0013494794656215812,-0.06808766069136168,
1791389492.9999297,balance,-0.017128034010353958,0.01435291735167319,0.0029191608588833295,0.026637703255921956,-4.749732920836941e-05,-0.020094692198445657,0.1767951934737761,0.001580180042283845,0.0006320720169135381,4.740540126851535e-06,False,0.0,0.0,0.0025761239564046317,-0.010423877092208008,0.18420761995138657,0.18824968933114344,1.75,0.92,0.018032867694832422,-0.07296713964545606,-0.014199108421127891,-0.05745444066571344,
1791389493.0099294,balance,-0.01679559803921394,0.014022405557463775,0.0032467194347783127,0.04410462562880531,-4.749732920836941e-05,-0.02008981480320062,0.1767951934737761,0.004573058642348758,0.001873789462111197,1.3496345901187804e-05,False,0.0,0.0,0.007426924385227628,-0.008495077380358512,0.18420761995138657,0.18824968933114344,1.75,0.93,0.051988470696593396,-0.059465541662509586,-0.04093580369810504,-0.04682326115158235,
1791389493.0199387,balance,-0.016325006919391653,0.01396202307242779,0.0037064545110039003,0.04892771111739088,-4.749732920836941e-05,-0.020078958759603922,0.1767951934737761,0.003100862532981679,0.001309128538059289,8.95866997461195e-06,False,0.0,0.0,0.006995104189789304,-0.0069615060835029555,0.18420761995138657,0.18824968933114344,1.74,0.93,0.04896572932852513,-0.04873054258452069,-0.038555692384665455,-0.03837050597206353,
1791389493.029917,balance,-0.015880214143442005,0.01393015941105244,0.0041390579517221054,0.03770735552092389,-4.749732920836941e-05,-0.02006676942437248,0.1767951934737761,0.0037237758579963917,0.0021625838878231393,7.805959850866263e-06,False,0.0,0.0,0.007249323632435336,-0.006218623026861604,0.18420761995138657,0.18824968933114344,1.75,0.93,0.050745265427047354,-0.043530361188031226,-0.03995690191106091,-0.03427587495120569,
1791389493.0398786,balance,-0.01556458259902209,0.013725162121022955,0.004441505025314055,0.022437499130732095,-4.749732920836941e-05,-0.020053584953544513,0.1767951934737761,0.002064785684904338,0.0009038144383060741,5.80485623299132e-06,False,0.0,0.0,0.004680156253226276,-0.006494125630431354,0.18420761995138657,0.18824968933114344,1.74,0.92,0.03276109377258393,-0.04545887941301947,-0.025796136828806247,-0.03579439323859801,
1791389493.0499337,balance,-0.015358309139655434,0.013303272130111126,0.0046339684071254085,0.02064629045649339,-4.749732920836941e-05,-0.02003977487598921,0.1767951934737761,0.0002532547512090966,0.00012188049459331194,6.568712830789235e-07,False,0.0,0.0,0.003181682400482149,-0.007231143540068492,0.18420761995138657,0.18824968933114344,1.72,0.89,0.022271776803375044,-0.050618004780479446,-0.017536832128641766,-0.03985669667754287,
1791389493.0599043,balance,-0.015189358206739206,0.012811811227317853,0.0047958137969521634,0.014860766044143107,-4.749732920836941e-05,-0.02003266933289974,0.1767951934737761,0.0018905985502315759,0.0009245583687597842,4.830200907358958e-06,False,0.0,0.0,0.004877432878794195,-0.008069063850143037,0.18420761995138657,0.18824968933114344,1.73,0.93,0.034142030151559366,-0.05648344695100126,-0.02688348830831446,-0.044475155079528546,
1791389493.0699415,balance,-0.014930015044462926,0.012453973617344065,0.005047744688288074,0.032824983266423934,-4.749732920836941e-05,-0.02002525706195937,0.1767951934737761,0.00408115278603526,0.002027526506387264,1.0268131398239978e-05,False,0.0,0.0,0.007770153053612165,-0.007162121509835622,0.18420761995138657,0.18824968933114344,1.72,0.92,0.054391071375285156,-0.05013485056884935,-0.04282761525613005,-0.03947626029043256,
1791389493.079969,balance,-0.014623383523309514,0.012354953327723399,0.005338494956034941,0.02760479740041004,-4.749732920836941e-05,-0.020009375808552825,0.1767951934737761,0.005521973416501718,0.0022087893666006874,1.6565920249505154e-05,False,0.0,0.0,0.008756484172504532,-0.0063882154286037125,0.18420761995138657,0.18824968933114344,1.74,0.92,0.06129538920753172,-0.04471750800022599,-0.048264085990182455,-0.03521063622065038,
1791389493.0899339,balance,-0.01437526730475376,0.012498966868828442,0.005578231257828812,0.02126833223791033,-4.749732920836941e-05,-0.02000099589179094,0.1767951934737761,0.0026592541252870375,0.001412072957926101,6.2359058368046824e-06,False,0.0,0.0,0.006446904764610269,-0.00694247667171532,0.18420761995138657,0.18824968933114344,1.75,0.93,0.045128333352271885,-0.04859733670200724,-0.03553412074982038,-0.038265619450399406,
1791389493.0999205,balance,-0.01420710516989694,0.012796075024505615,0.005729262661349386,0.013766465721150806,-4.749732920836941e-05,-0.019983865160454695,0.1767951934737761,0.0019041626278448894,0.0010880818294734503,4.080403991857195e-06,False,0.0,0.0,0.006550387380317835,-0.007937204595496843,0.18420761995138657,0.18824968933114344,1.75,0.93,0.04585271166222484,-0.0555604321684779,-0.036104497371830586,-0.04374837178620307,
1791389493.1099055,balance,-0.014161049120241305,0.013111520982629578,0.005758022845417866,-0.0023923064449600543,-4.749732920836941e-05,-0.01996656929486754,0.1767951934737761,0.00414852097133367,0.001893314658358378,1.127603156487646e-05,False,0.0,0.0,0.0077958766835279055,-0.009697201461052385,0.18420761995138657,0.18824968933114344,1.75,0.93,0.054571136784695336,-0.0678804102273667,-0.042969399043067194,-0.05344914191131236,
1791389493.1199267,balance,-0.014275679340831777,0.013373543212924275,0.005634927535890151,-0.018608599158015396,-4.749732920836941e-05,-0.019958104205930298,0.1767951934737761,-0.0014102369631410609,-0.0008431112666396353,-2.8356284825071277e-06,False,0.0,0.0,0.0032234141050621425,-0.01243291548415506,0.18420761995138657,0.18824968933114344,1.74,0.91,0.022563898735434997,-0.08703040838908542,-0.017766849397980313,-0.0685278806213271,
1791389493.1299264,balance,-0.014549562201669522,0.013524407321450172,0.005352825532730801,-0.02824609985200436,-4.749732920836941e-05,-0.019949885063608692,0.1767951934737761,-0.0015471909035676323,-0.0007590271644114884,-3.94081869578072e-06,False,0.0,0.0,0.0026686561109192626,-0.01434723992760023,0.18420761995138657,0.18824968933114344,1.72,0.9400000000000001,0.01868059277643484,-0.10043067949320161,-0.014709128170421134,-0.07907927519149734,
1791389493.139921,balance,-0.01486493547578818,0.013687840575321615,0.005022144996907946,-0.03325190815399714,-4.749732920836941e-05,-0.019934577801904496,0.1767951934737761,-0.0017735761221812337,-0.0008645737707212683,-4.5450117572998275e-06,False,0.0,0.0,0.002789838854753648,-0.01600917321426905,0.18420761995138657,0.18824968933114344,1.74,0.92,0.019528871983275534,-0.11206421249988334,-0.015377064553760263,-0.08823953740148294,
1791389493.149933,balance,-0.015309214579289744,0.013921860790338084,0.004563867762817407,-0.04245341227498632,-4.749732920836941e-05,-0.01992057967131552,0.1767951934737761,-0.0012580203252527075,-0.0006328103445048927,-3.1260499037390736e-06,False,0.0,0.0,0.003229289598752924,-0.018350925717918652,0.18420761995138657,0.18824968933114344,1.72,0.91,0.022605027191270468,-0.12845648002543056,-0.017799234008874384,-0.10114683466569335,
1791389493.1599202,balance,-0.015761436451621612,0.014255765943526405,0.004099034986049282,-0.056667803705343835,-4.749732920836941e-05,-0.019907968766879263,0.1767951934737761,-0.0019488999550754261,-0.0007795599820301705,-5.846699865226278e-06,False,0.0,0.0,0.0024296855202447527,-0.020639890830393765,0.18420761995138657,0.18824968933114344,1.73,0.93,0.01700779864171327,-0.14447923581275635,-0.013391967434419897,-0.11376317780531996,
1791389493.1699014,balance,-0.016326091601961322,0.014754448885972831,0.0035234241072031394,-0.06675098474637811,-4.749732920836941e-05,-0.01989701303837283,0.1767951934737761,-0.0027575915131117733,-0.0015928982042791393,-5.82346654416317e-06,False,0.0,0.0,0.0012754926243366271,-0.023032880836890066,0.18420761995138657,0.18824968933114344,1.72,0.96,0.00892844837035639,-0.16123016585823047,-0.007030274307367236,-0.12695288650254366,
1791389493.1799428,balance,-0.016991116856535864,0.015342366285140454,0.0028541112543496554,-0.07998361200096091,-4.749732920836941e-05,-0.01989272544009389,0.1767951934737761,-0.004389226594008541,-0.0025558680414702905,-9.16679276269125e-06,False,0.0,0.0,-0.0003396363845658059,-0.025357059272778683,0.18420761995138657,0.18824968933114344,1.73,0.93,-0.0023774546919606413,-0.1774994149094508,0.0018720115684729458,-0.1397633188263392,
1791389493.189907,balance,-0.017786260226919363,0.015959687854492373,0.002064297557214337,-0.08460034950956667,-3.857122863898735e-05,-0.019889129012772688,0.17687184288673394,-0.003158694605220402,-0.0014219327759379397,-8.683809146412312e-06,False,0.0,0.0,4.393092336996091e-05,-0.027452674851877454,0.18441020567926045,0.18824968933114344,1.6300000000000001,0.93,0.00030751646358972637,-0.19216872396314216,-0.00024213894770844596,-0.15131395587648988,
1791389493.1999323,balance,-0.018731438804997703,0.0165650238609856,0.001117440300667294,-0.08879325761398203,-3.857122863898735e-05,-0.019887450334303985,0.17687184288673394,-0.005125071953662371,-0.002315093812016005,-1.4049890708231828e-05,False,0.0,0.0,-0.0030004232941539225,-0.02940230694652241,0.18441020567926045,0.18824968933114344,1.7,0.93,-0.021002963059077458,-0.20581614862565686,0.016537766188249967,-0.1620599595477613,
1791389493.2098956,balance,-0.01974185476807607,0.01705462562006267,0.00010604540979188004,-0.11745155510174332,-3.857122863898735e-05,-0.01988647140650694,0.17687184288673394,-0.006751906835492805,-0.004204575953948208,-1.2736654407722987e-05,False,0.0,0.0,-0.005595757547161479,-0.03176056777361239,0.18441020567926045,0.18824968933114344,1.62,0.92,-0.03917030283013036,-0.22232397441528676,0.03084275813396091,-0.17505824757109192,
1791389493.2198982,balance,-0.020809820564407888,0.017612035929677926,-0.0009611072829023154,-0.10306051342337827,-3.857122863898735e-05,-0.01988728451014456,0.17687184288673394,-0.004938022930027724,-0.0024762514613230857,-1.2308857343523193e-05,False,0.0,0.0,-0.004376475112749528,-0.03292585271862349,0.18441020567926045,0.18824968933114344,1.61,0.92,-0.030635325789246694,-0.23048096903036444,0.024122303771060387,-0.1814810779766649,
1791389493.2299092,balance,-0.021849255781939785,0.018072284992010065,-0.0019951597575635256,-0.10456070764714806,-3.857122863898735e-05,-0.019892667253015247,0.17687184288673394,-0.0036385716981936914,-0.0014554286792774766,-1.0915715094581073e-05,False,0.0,0.0,-0.0048708889947498574,-0.033751616827775596,0.18441020567926045,0.18824968933114344,1.62,0.91,-0.034096222963249004,-0.23626131779442916,0.026847419656101577,-0.1860325336964009,
1791389493.2399375,balance,-0.022843987684152044,0.018587399789315475,-0.002985975346594262,-0.0962532331356719,-3.857122863898735e-05,-0.01989658356619677,0.17687184288673394,-0.007316103751382268,-0.0037711404529307047,-1.7724816492257816e-05,False,0.0,0.0,-0.008889202314715856,-0.03402229593216129,0.18441020567926045,0.18824968933114344,1.6,0.91,-0.062224416203010995,-0.23815607152512902,0.04899560330945747,-0.18752446576781812,
1791389493.249903,balance,-0.02379317398237891,0.019095719735181326,-0.003923939595811943,-0.09636434304053076,-3.857122863898735e-05,-0.019907805615205956,0.17687184288673394,-0.007674771535306858,-0.003287875376957364,-2.1934480791747473e-05,False,0.0,0.0,-0.010113006623159101,-0.0340291861471895,0.18441020567926045,0.18824968933114344,1.61,0.92,-0.07079104636211371,-0.2382043030303265,0.05574098138749111,-0.18756244333096575,
1791389493.2599182,balance,-0.024705975356216894,0.01957009899051904,-0.004822766683602063,-0.08613017553955006,-3.857122863898735e-05,-0.01992177990125382,0.17687184288673394,-0.009106733127547324,-0.004071215209965225,-2.5177589587910492e-05,False,0.0,0.0,-0.011802935308489594,-0.03350605827422663,0.18441020567926045,0.18824968933114344,1.62,0.91,-0.08262054715942715,-0.23454240791958642,0.06505554894443083,-0.18467906135400505,
1791389493.2699194,balance,-0.025639034788471193,0.019979723095876225,-0.005739106525625693,-0.08840371620720588,-3.857122863898735e-05,-0.019938499491484487,0.17687184288673394,-0.008376735048750682,-0.0037448655475761715,-2.315934750587255e-05,False,0.0,0.0,-0.012365320805467357,-0.03364128608954925,0.18441020567926045,0.18824968933114344,1.62,0.9,-0.0865572456382715,-0.23548900262684475,0.06815531152619803,-0.18542441151720057,
1791389493.2799537,balance,-0.02655242438478898,0.020331596486496645,-0.0066331091777393665,-0.09194479700622549,-3.857122863898735e-05,-0.0199578864356886,0.17687184288673394,-0.009274838833193256,-0.004117530640617239,-2.5786540962880086e-05,False,0.0,0.0,-0.014819556304540155,-0.033792182531869545,0.18441020567926045,0.18824968933114344,1.62,0.93,-0.10373689413178108,-0.2365452777230868,0.08168259380455203,-0.18625612419140694,
1791389493.2899015,balance,-0.027452807859450288,0.02055008173883884,-0.007522714123983948,-0.08734327925949119,-3.857122863898735e-05,-0.019968664964105327,0.17687184288673394,-0.006213591810544663,-0.0037051411125199048,-1.254225349012379e-05,False,0.0,0.0,-0.013439081003840742,-0.0336969760254005,0.18441020567926045,0.18824968933114344,1.61,0.93,-0.0940735670268852,-0.23587883217780348,0.07407367482431905,-0.1857313639195303,
1791389493.299914,balance,-0.028224496045479195,0.020736604416691055,-0.008269950869574893,-0.06951468041684829,-3.857122863898735e-05,-0.01999311640454329,0.17687184288673394,-0.005523793609120137,-0.0033711022036308305,-1.0763457027446532e-05,False,0.0,0.0,-0.013886448315686547,-0.03255403780254064,0.18441020567926045,0.18824968933114344,1.72,0.93,-0.09720513820980584,-0.2278782646177845,0.07653947890535892,-0.17943170442345235,
1791389493.309887,balance,-0.028902967919481288,0.020903914401202667,-0.008922179162687956,-0.07404368848694945,-3.857122863898735e-05,-0.02001935998543232,0.17687184288673394,-0.0059621490735325385,-0.003666431164413263,-1.1478589545596378e-05,False,0.0,0.0,-0.015067425744634438,-0.03210767962756195,0.18441020567926045,0.18824968933114344,1.61,0.91,-0.10547198021244107,-0.22475375739293363,0.08304880331688273,-0.17697146251412096,
1791389493.319941,balance,-0.02946583095048533,0.021210562491424823,-0.009485042193691999,-0.04739858097451621,-3.857122863898735e-05,-0.02001935998543232,0.17687184288673394,-0.00536504067451734,-0.002146016269806936,-1.609512202355202e-05,False,0.0,0.0,-0.015042498285072467,-0.029751505695888542,0.18441020567926045,0.18824968933114344,1.72,0.92,-0.10529748799550727,-0.20826053987121979,0.08291140787047817,-0.1639846770639526,
1791389493.3299015,balance,-0.029941907276381508,0.021409655264315076,-0.009970044620157558,-0.05412476586969943,-4.749732920836941e-05,-0.02001935998543232,0.1767951934737761,-0.005517734940566234,-0.002955669417342752,-1.281032761611741e-05,False,0.0,0.0,-0.016131324942018323,-0.02873892412095457,0.18420761995138657,0.18824968933114344,1.62,0.92,-0.11291927459412826,-0.20117246884668197,0.08891281464104588,-0.15840351877691494,
1791389493.3399122,balance,-0.030422267351264957,0.021718141284212795,-0.010419336690245924,-0.036490986979083644,-4.749732920836941e-05,-0.020050427990227403,0.1767951934737761,-0.00458337433240217,-0.0018333497329608682,-1.3750122997206513e-05,False,0.0,0.0,-0.015605081070732049,-0.027465932112043755,0.18420761995138657,0.18824968933114344,1.6300000000000001,0.91,-0.10923556749512434,-0.19226152478430628,0.08601225787017665,-0.15138702738921753,
1791389493.349899,balance,-0.030854286427773058,0.021882427977858193,-0.010819095562737822,-0.030522742647187684,-4.749732920836941e-05,-0.020082688194243605,0.1767951934737761,-0.00460395011125903,-0.002609330025163916,-9.973100430475569e-06,False,0.0,0.0,-0.01661942039529467,-0.026927040267853298,0.18420761995138657,0.18824968933114344,1.6400000000000001,0.9400000000000001,-0.1163359427670627,-0.18848928187497307,0.09160310454099425,-0.14841675738186855,
1791389493.3599067,balance,-0.03128039184199948,0.021943264837779815,-0.011202847019860542,-0.03138029663610022,-3.857122863898735e-05,-0.02011611605077793,0.17687184288673394,-0.0033649251671288324,-0.0014886150907454235,-9.381550381917044e-06,False,0.0,0.0,-0.01644418854809883,-0.02734739336535521,0.18441020567926045,0.18824968933114344,1.6300000000000001,0.9400000000000001,-0.1151093198366918,-0.19143175355748646,0.09063725971393055,-0.15073366421849327,
1791389493.3699212,balance,-0.03175095558600138,0.021984343218531183,-0.01163873646029542,-0.041395027366392154,-3.857122863898735e-05,-0.020150790354344948,0.17687184288673394,-0.0028118573842850158,-0.001707298846147131,-5.522792690689424e-06,False,0.0,0.0,-0.016943219203771728,-0.028209208583778324,0.18441020567926045,0.18824968933114344,1.6,0.93,-0.11860253442640209,-0.19746446008644827,0.09338782238299377,-0.15548382683972306,
1791389493.3800642,balance,-0.03224232133286307,0.021974205698636617,-0.012094057973992635,-0.04832363494490589,-3.857122863898735e-05,-0.020186834587509424,0.17687184288673394,-0.004115224549995475,-0.0024986751337782143,-8.082747081086305e-06,False,0.0,0.0,-0.018110156614445542,-0.029204912170718994,0.18441020567926045,0.18824968933114344,1.59,0.93,-0.1267710963011188,-0.20443438519503296,0.09981976086702267,-0.16097195684648263,
1791389493.3899162,balance,-0.03275289479685764,0.022035504921581236,-0.012586066036853916,-0.060873226021452266,-3.857122863898735e-05,-0.020205399988642708,0.17687184288673394,-0.005311765223884936,-0.003258219168635845,-1.0267730276245456e-05,False,0.0,0.0,-0.019306914383136097,-0.030874259948295832,0.18441020567926045,0.18824968933114344,1.61,0.93,-0.1351484006819527,-0.2161198196380708,0.1064160635290966,-0.17017308632918962,
1791389493.4000607,balance,-0.03333681304782158,0.02207615716999777,-0.01313084742357961,-0.06373213872036636,-3.857122863898735e-05,-0.02024453685288096,0.17687184288673394,-0.0049119906804294036,-0.0024021080997363516,-1.254941290346526e-05,False,0.0,0.0,-0.01872923921383249,-0.03262272232876143,0.18441020567926045,0.18824968933114344,1.61,0.93,-0.13110467449682744,-0.22835905630133,0.10323202716285626,-0.17981028055222834,
1791389493.409893,balance,-0.03393295719192374,0.022099657378686827,-0.01368620536275299,-0.06339320981029042,-3.857122863898735e-05,-0.020285323057809734,0.17687184288673394,-0.0038286282093488804,-0.0015390028186692375,-1.1448126953398216e-05,False,0.0,0.0,-0.017822095406016408,-0.03422024487904381,0.18441020567926045,0.18824968933114344,1.61,0.9400000000000001,-0.12475466784211485,-0.23954171415330666,0.09823202192292507,-0.18861552295535958,
1791389493.4199374,balance,-0.03462732680430628,0.02211365265982234,-0.014337885143480247,-0.07627405194747867,-3.857122863898735e-05,-0.020328012889465025,0.17687184288673394,-0.005263349600856653,-0.002811221191482125,-1.226064204687264e-05,False,0.0,0.0,-0.019662144911578673,-0.036418040400591045,0.18441020567926045,0.18824968933114344,1.61,0.91,-0.13763501438105072,-0.2549262828041373,0.10837402707169348,-0.20072935653869078,
1791389493.4299276,balance,-0.03539901141050167,0.021991085379517196,-0.015064749858189026,-0.07847173768208147,-3.857122863898735e-05,-0.020372832780951627,0.17687184288673394,-0.005046520312828909,-0.0022090030724670447,-1.4187586201809323e-05,False,0.0,0.0,-0.01970424111882992,-0.038169000730658764,0.18441020567926045,0.18824968933114344,1.62,0.93,-0.13792968783180942,-0.26718300511461135,0.10860605341087357,-0.21038031898788295,
1791389493.4399319,balance,-0.03623503288571938,0.02182312640636629,-0.0158536301870714,-0.08484049524643839,-3.857122863898735e-05,-0.02041997392728697,0.17687184288673394,-0.0040155708590934956,-0.0017639702328856104,-1.1258003131039427e-05,False,0.0,0.0,-0.019656687473831154,-0.039939928672947655,0.18441020567926045,0.18824968933114344,1.6,0.92,-0.13759681231681808,-0.2795795007106336,0.10834394670615598,-0.22014133914223116,
1791389493.4499032,balance,-0.03706937287256525,0.02164226719870722,-0.016638438845371792,-0.08594673021726125,-3.857122863898735e-05,-0.02046950525583245,0.17687184288673394,-0.004111314144547598,-0.0018699426836707369,-1.1206857304384309e-05,False,0.0,0.0,-0.02009467538924516,-0.041056670645293156,0.18441020567926045,0.18824968933114344,1.61,0.92,-0.1406627277247161,-0.2873966945170521,0.11075805332654812,-0.22629660985594652,
1791389493.459912,balance,-0.03790788619149101,0.0214342659903932,-0.01742508111176915,-0.0892316065096335,-3.857122863898735e-05,-0.02052137630836085,0.17687184288673394,-0.002625138655738723,-0.0012470409738846722,-6.890488409270254e-06,False,0.0,0.0,-0.01978533673621383,-0.04196497567282403,0.18441020567926045,0.18824968933114344,1.62,0.93,-0.13849735715349681,-0.2937548297097682,0.10905303712873765,-0.2313030155195025,
1791389493.4699042,balance,-0.03880578359145926,0.021257373909108476,-0.018268589949689128,-0.09032256937771253,-3.857122863898735e-05,-0.020575764870409123,0.17687184288673394,-0.0031492882076987784,-0.0019317629400755422,-6.087626338116181e-06,False,0.0,0.0,-0.02177354114911606,-0.04249933887551473,0.18441020567926045,0.18824968933114344,1.62,0.92,-0.15241478804381242,-0.2974953721286031,0.12001164412898616,-0.2342483245107111,
1791389493.479932,balance,-0.039753337441701654,0.021037402158911426,-0.019216143799931522,-0.09690710989891867,-3.857122863898735e-05,-0.020575764870409123,0.17687184288673394,-0.003390109119161944,-0.0017685380511321491,-8.107855340148975e-06,False,0.0,0.0,-0.022872280463720876,-0.044072492514001645,0.18441020567926045,0.18824968933114344,1.61,0.93,-0.16010596324604615,-0.3085074475980115,0.12606768759531192,-0.2429192500771744,
1791389493.4899182,balance,-0.040795861402149476,0.0208112835564433,-0.020198587205622745,-0.11269852407681208,-3.857122863898735e-05,-0.020635845425165722,0.17687184288673394,-0.00425893830069498,-0.002241647965548998,-1.0086451675729909e-05,False,0.0,0.0,-0.02557345544952532,-0.0458511512992079,0.18441020567926045,0.18824968933114344,1.61,0.92,-0.17901418814667724,-0.3209580590944553,0.14095605365880098,-0.25272288117673647,
1791389493.5000105,balance,-0.04192144876185385,0.020498124750544394,-0.021260914065038727,-0.11068469856851748,-3.857122863898735e-05,-0.020699105925454115,0.17687184288673394,-0.00371948339346519,-0.002021316480341809,-8.490834565616906e-06,False,0.0,0.0,-0.026303667147663398,-0.04738588731175468,0.18441020567926045,0.18824968933114344,1.61,0.93,-0.18412567003364377,-0.33170121118228274,0.1449808425461762,-0.26118205604904154,
1791389493.5099175,balance,-0.04302739233298123,0.020195037948021907,-0.022333967650554513,-0.10803533608048811,-3.857122863898735e-05,-0.02073199591106571,0.17687184288673394,-0.007841857043783292,-0.0032741187490524758,-2.2838691473654083e-05,False,0.0,0.0,-0.030749424604747916,-0.04823728403254718,0.18441020567926045,0.18824968933114344,1.61,0.92,-0.2152459722332354,-0.33766098822783025,0.16948501750648456,-0.2658747938801813,
1791389493.519938,balance,-0.044093757613441614,0.019922570524742,-0.023365822659757625,-0.09657979309884906,-3.857122863898735e-05,-0.020766506182322973,0.17687184288673394,-0.012110156615837444,-0.0068823662292398485,-2.6138951932987978e-05,False,0.0,0.0,-0.03340132182443371,-0.048503674049517435,0.18441020567926045,0.18824968933114344,1.62,0.92,-0.23380925277103598,-0.33952571834662204,0.1841017738354614,-0.26734308531230083,
1791389493.5299208,balance,-0.04499580647907509,0.019644348022339247,-0.02426787152539111,-0.07930116212010872,-3.857122863898735e-05,-0.020766506182322973,0.17687184288673394,-0.017183914803632863,-0.010193274999684337,-3.495319901974263e-05,False,0.0,0.0,-0.03599295668314246,-0.04800990633278892,0.18441020567926045,0.18824968933114344,1.6,0.91,-0.2519506967819972,-0.33606934432952246,0.19838637541889545,-0.2646215309681279,
1791389493.5398986,balance,-0.0456096265198072,0.019425080406791587,-0.024844369028774023,-0.04342641039237965,-3.857122863898735e-05,-0.02080382871967216,0.17687184288673394,-0.020077039855202764,-0.012127920207282815,-3.974559823959975e-05,False,0.0,0.0,-0.03520172850108311,-0.04606102991316564,0.18441020567926045,0.18824968933114344,1.61,0.92,-0.24641209950758175,-0.32242720939215946,0.19402527520282029,-0.2538796924347712,
1791389493.549916,balance,-0.04582301155115939,0.0192142370773214,-0.025057754060126218,-0.012413013980924575,-3.857122863898735e-05,-0.02080382871967216,0.17687184288673394,-0.01328007452929951,-0.008207888894521845,-2.5360928173888322e-05,False,0.0,0.0,-0.02741514132054647,-0.043024522227142765,0.18441020567926045,0.18824968933114344,1.61,0.9,-0.1919059892438253,-0.30117165558999937,0.15110707814474433,-0.2371430358976373,
1791389493.5599322,balance,-0.04615248626644829,0.018981572082912124,-0.02535806064367052,-0.0469827473136756,-4.749732920836941e-05,-0.020841922951986135,0.1767951934737761,-0.010038606482833976,-0.006360524895742172,-1.8390407935459025e-05,False,0.0,0.0,-0.029331160913097485,-0.04169950173223708,0.18420761995138657,0.18824968933114344,1.61,0.93,-0.2053181263916824,-0.2918965121256596,0.16166781605644284,-0.22983977332729102,
1791389493.5699313,balance,-0.04678309634678603,0.018579629544093423,-0.02590226461835879,-0.059126019719169746,-3.857122863898735e-05,-0.02091940295706622,0.17687184288673394,-0.011349863305288596,-0.00577979446020543,-2.7850344225415834e-05,False,0.0,0.0,-0.03490145455228878,-0.041594353442063976,0.18441020567926045,0.18824968933114344,1.6400000000000001,0.93,-0.2443101818660215,-0.29116047409444784,0.19237022194174921,-0.22926021582239986,
1791389493.5799096,balance,-0.047509890548311416,0.018079541790447615,-0.026598470751173088,-0.062296344934069686,-4.749732920836941e-05,-0.020958917126346698,0.1767951934737761,-0.008520457826748781,-0.0034081831306995124,-2.5561373480246344e-05,False,0.0,0.0,-0.03465280318880127,-0.04276031880299974,0.18420761995138657,0.18824968933114344,1.72,0.9400000000000001,-0.2425696223216089,-0.2993222316209982,0.19099970261544008,-0.2356867965519671,
1791389493.5899134,balance,-0.04820051626310497,0.017556669223224314,-0.027198838239257866,-0.07775017315028414,-3.857122863898735e-05,-0.021040249252486085,0.17687184288673394,-0.009484078172414943,-0.003915544536638318,-2.784266817888313e-05,False,0.0,0.0,-0.03733757189490195,-0.04345203530136081,0.18441020567926045,0.18824968933114344,1.6400000000000001,0.91,-0.26136300326431366,-0.30416424710952567,0.2057976403656013,-0.23949940717285484,
1791389493.600021,balance,-0.04894837650036614,0.017124264058612598,-0.027955624577088424,-0.0589847057118324,-4.749732920836941e-05,-0.021040249252486085,0.1767951934737761,-0.014303964923194341,-0.006283482279889522,-4.010241321652409e-05,False,0.0,0.0,-0.04087568258201391,-0.0442776863704937,0.18420761995138657,0.18824968933114344,1.71,0.93,-0.2861297780740974,-0.30994380459345594,0.22529903785362,-0.24405023983736687,
1791389493.6099017,balance,-0.04945264939728729,0.01664805942728938,-0.02840857903313035,-0.04715952497026744,-3.857122863898735e-05,-0.021082641592795923,0.17687184288673394,-0.017400664954699874,-0.008022521283619929,-4.689071835539973e-05,False,0.0,0.0,-0.040684828956742886,-0.04455826771302713,0.18441020567926045,0.18824968933114344,1.6500000000000001,0.91,-0.2847938026972002,-0.3119078739911899,0.22424708873795293,-0.24559675117416527,
1791389493.6199105,balance,-0.049805077191861315,0.0165585403073998,-0.02872677802888135,-0.009298847139574901,-4.749732920836941e-05,-0.021125796492188334,0.1767951934737761,-0.021695985251246254,-0.012566221229935021,-4.5648820106556166e-05,False,0.0,0.0,-0.03919961823867179,-0.043925879311087795,0.18420761995138657,0.18824968933114344,1.72,0.9,-0.2743973276707025,-0.30748115517761454,0.21606088792968703,-0.2421111458091453,
1791389493.6298966,balance,-0.04986506624561153,0.016423327703072876,-0.02877784098206218,-0.01232688205919501,-3.857122863898735e-05,-0.021125796492188334,0.17687184288673394,-0.02799549837931999,-0.013777666235367816,-7.108916071976086e-05,False,0.0,0.0,-0.039576493143087386,-0.04403264634214675,0.18441020567926045,0.18824968933114344,1.74,0.92,-0.2770354520016117,-0.30822852439502724,0.21813815118237143,-0.24269962550789545,
1791389493.6399047,balance,-0.04986460520864262,0.016510919321625975,-0.02878630604566266,-0.006808508078917438,-4.749732920836941e-05,-0.021125796492188334,0.1767951934737761,-0.01837792869154271,-0.009044488659523403,-4.666720016009654e-05,False,0.0,0.0,-0.032463065085116795,-0.043563226064222284,0.18420761995138657,0.18824968933114344,1.71,0.91,-0.22724145559581757,-0.30494258244955597,0.17893027999670674,-0.24011226964531965,
1791389493.649903,balance,-0.05018958857333213,0.016456457158666525,-0.029067622476236638,-0.06976450352824133,-4.749732920836941e-05,-0.021169463426303863,0.1767951934737761,-0.01460352152192983,-0.007413982029429999,-3.594769746249916e-05,False,0.0,0.0,-0.03566176408070683,-0.04497410553940495,0.18420761995138657,0.18824968933114344,1.75,0.92,-0.24963234856494781,-0.31481873877583466,0.19656090438184867,-0.24788877068963358,
1791389493.6598918,balance,-0.05102976151927396,0.01633524894997074,-0.029863468340164404,-0.08696432032779204,-4.749732920836941e-05,-0.021213790508317922,0.1767951934737761,-0.011476042316596297,-0.0045904169266385185,-3.4428126949788894e-05,False,0.0,0.0,-0.03847520146272121,-0.04779063465864644,0.18420761995138657,0.18824968933114344,1.74,0.93,-0.26932641023904846,-0.3345344426105251,0.2120680395583059,-0.26341294693742134,
1791389493.6699033,balance,-0.05204211074856638,0.01606946518582418,-0.030783886797311543,-0.11101726690400616,-4.749732920836941e-05,-0.021305721280463204,0.1767951934737761,-0.011355000973667727,-0.004564396841091691,-3.395302066288018e-05,False,0.0,0.0,-0.0413238664060147,-0.051627402067973095,0.18420761995138657,0.18824968933114344,1.74,0.9,-0.2892670648421029,-0.36139181447581165,0.22776934239535662,-0.2845604838392218,
1791389493.679915,balance,-0.05310717646756608,0.015861488220456868,-0.03174518140786543,-0.09974519138020045,-3.857122863898735e-05,-0.021400566288339636,0.17687184288673394,-0.012833141124797033,-0.007313198408166664,-2.759971358315185e-05,False,0.0,0.0,-0.042601236153049116,-0.05352312031998641,0.18441020567926045,0.18824968933114344,1.73,0.93,-0.2982086530713438,-0.3746618422399049,0.2348099630483022,-0.29500932459835033,
1791389493.6899204,balance,-0.05394835830480299,0.01578481784186389,-0.03254639641165322,-0.06734525442778047,-4.749732920836941e-05,-0.021449459222358143,0.1767951934737761,-0.015546635603720438,-0.009173724949269707,-3.186455327225365e-05,False,0.0,0.0,-0.04154299749948397,-0.05390888091472534,0.18420761995138657,0.18824968933114344,1.72,0.9400000000000001,-0.2908009824963878,-0.3773621664030774,0.2289771515719589,-0.29713556409691133,
1791389493.6999545,balance,-0.054416366940434426,0.01594419398954477,-0.03291567576093453,-0.041550928020996115,-4.749732920836941e-05,-0.021548188508708266,0.1767951934737761,-0.014514359409659356,-0.006398468791786115,-4.057945308936621e-05,False,0.0,0.0,-0.03698714929636681,-0.05278681825082995,0.18420761995138657,0.18824968933114344,1.6500000000000001,0.89,-0.25891004507456766,-0.36950772775580965,0.20386617722406902,-0.290950966736858,
1791389493.7099228,balance,-0.05475029060760922,0.016441426896689964,-0.033249599428109324,-0.017521482402450154,-4.749732920836941e-05,-0.021548188508708266,0.1767951934737761,-0.019364792282353088,-0.008897971626214996,-5.233410328069046e-05,False,0.0,0.0,-0.03857505025541901,-0.0520077459995072,0.18420761995138657,0.18824968933114344,1.76,0.92,-0.2700253517879331,-0.3640542219965504,0.21261838723459298,-0.2866568677138192,
1791389493.719906,balance,-0.05493140356302264,0.016801041093823396,-0.03343071238352274,-0.016945659277116346,-4.749732920836941e-05,-0.021548188508708266,0.1767951934737761,-0.024945212786881835,-0.012005045740248927,-6.470083523316455e-05,False,0.0,0.0,-0.041130882258634927,-0.051012683522578255,0.18420761995138657,0.18824968933114344,1.6500000000000001,0.9400000000000001,-0.2879161758104445,-0.3570887846580478,0.22670565024444447,-0.2811722713842896,
1791389493.7298987,balance,-0.05482604413918844,0.017216470041878165,-0.03327536493024902,0.03553563323811309,-4.749732920836941e-05,-0.021598176538147797,0.1767951934737761,-0.026883952790174873,-0.01075358111606995,-8.065185837052461e-05,False,0.0,0.0,-0.038566199150000056,-0.0480463766583835,0.18420761995138657,0.18824968933114344,1.74,0.92,-0.2699633940500004,-0.3363246366086845,0.21256960161417354,-0.2648225485107752,
1791389493.7399023,balance,-0.05450146290667674,0.017441336929611993,-0.032901357522190706,0.03709878705626944,-4.749732920836941e-05,-0.021647602713694404,0.1767951934737761,-0.028278283240521326,-0.01149897244694819,-8.389655396786568e-05,False,0.0,0.0,-0.038162183571326364,-0.04571430272599972,0.18420761995138657,0.18824968933114344,1.75,0.93,-0.2671352849992845,-0.320000119081998,0.2103427440939248,-0.25196859770236063,
1791389493.7498877,balance,-0.05414877877262876,0.017678643632791844,-0.032548673388142726,0.03206108922445313,-4.749732920836941e-05,-0.021647602713694404,0.1767951934737761,-0.015141472362573573,-0.006251225296558124,-4.445123533007724e-05,False,0.0,0.0,-0.031111026561978117,-0.042333135088492894,0.18420761995138657,0.18824968933114344,1.75,0.91,-0.21777718593384682,-0.29633194561945025,0.1714780991605093,-0.23333224064523642,
1791389493.7599027,balance,-0.05416410381067098,0.017834020415379178,-0.032563998426184945,-0.03220899220762689,-4.749732920836941e-05,-0.021647602713694404,0.1767951934737761,-0.006447764336733561,-0.0027722486059262104,-1.8377578654036753e-05,False,0.0,0.0,-0.032659573835365385,-0.04253627176405922,0.18420761995138657,0.18824968933114344,1.75,0.9400000000000001,-0.2286170168475577,-0.29775390234841453,0.1800133990925651,-0.23445189161292482,
1791389493.7699058,balance,-0.05474450403468144,0.017962144105414652,-0.03303652883421481,-0.06615884038889223,-3.857122863898735e-05,-0.02174654642910561,0.17687184288673394,-0.006491990803126576,-0.00297292695697166,-1.759531923077458e-05,False,0.0,0.0,-0.03963092860655904,-0.04497856685356116,0.18441020567926045,0.18824968933114344,1.74,0.93,-0.2774165002459133,-0.3148499679749281,0.21843818917001048,-0.2479133606101796,
1791389493.7799003,balance,-0.05543493487231198,0.018045436643751543,-0.033635185173917184,-0.07931539811868775,-4.749732920836941e-05,-0.02184724702760316,0.1767951934737761,-0.006238887918116007,-0.0028085270419972623,-1.7151804380593724e-05,False,0.0,0.0,-0.041266592396998474,-0.047757192500828126,0.18420761995138657,0.18824968933114344,1.7,0.9400000000000001,-0.2888661467789893,-0.3343003475057969,0.22745365888109395,-0.26322862008330467,
1791389493.7899053,balance,-0.055998111545104805,0.018232903920122806,-0.034087228441219725,-0.056389202386630366,-3.857122863898735e-05,-0.021949454332524074,0.17687184288673394,-0.006746098049934497,-0.003309528036828858,-1.7182850065528198e-05,False,0.0,0.0,-0.039766197569285934,-0.04912098812994387,0.18441020567926045,0.18824968933114344,1.6400000000000001,0.91,-0.2783633829850015,-0.3438469169096071,0.21918376612992246,-0.27074560386583235,
1791389493.799933,balance,-0.056492885267163624,0.01858964386964908,-0.034539041871452146,-0.03223587593079509,-4.749732920836941e-05,-0.022001340724919848,0.1767951934737761,-0.004502918095512386,-0.0022790616849872633,-1.1119282052625614e-05,False,0.0,0.0,-0.036265436739801794,-0.04951718444309842,0.18420761995138657,0.18824968933114344,1.61,0.93,-0.25385805717861254,-0.3466202911016889,0.1998882339989075,-0.272929363072196,
1791389493.8098938,balance,-0.05691466047754182,0.018929868812611245,-0.03484735978301766,-0.036371302755915165,-3.857122863898735e-05,-0.022105871923163146,0.17687184288673394,-0.004988167120319398,-0.0031837980739377763,-9.021845231908107e-06,False,0.0,0.0,-0.03636722040800543,-0.05005353896049737,0.18441020567926045,0.18824968933114344,1.6300000000000001,0.93,-0.254570542856038,-0.3503747727234816,0.200449246343337,-0.27588564781376507,
1791389493.8198857,balance,-0.05742776647435507,0.019405522635589097,-0.0352636945949157,-0.040969400986260306,-4.749732920836941e-05,-0.02221156920864774,0.1767951934737761,-0.005550375373895076,-0.0029472681445855547,-1.3015536146547607e-05,False,0.0,0.0,-0.03706403862533174,-0.05117489432193091,0.18420761995138657,0.18824968933114344,1.6,0.93,-0.25944827037732215,-0.3582242602535164,0.2042899766750568,-0.28206634665631214,
1791389493.8299031,balance,-0.0578521583427965,0.019763233193587037,-0.03557245760096173,-0.0466001326181548,-3.857122863898735e-05,-0.022318271970473758,0.17687184288673394,-0.003401577561034773,-0.0018802820576544492,-7.60647751690162e-06,False,0.0,0.0,-0.035145649030043746,-0.05165169082329129,0.18441020567926045,0.18824968933114344,1.6300000000000001,0.92,-0.24601954321030622,-0.361561835763039,0.19371617575614664,-0.28469435886853467,
1791389493.8399053,balance,-0.05836530538951745,0.01992912338750972,-0.03598665727063724,-0.04728015818035016,-4.749732920836941e-05,-0.022426145448088578,0.1767951934737761,-0.004770970673774005,-0.0019697168050019018,-1.4006269343860515e-05,False,0.0,0.0,-0.03765341060727401,-0.05209727799609245,0.18420761995138657,0.18824968933114344,1.62,0.9400000000000001,-0.26357387425091805,-0.36468094597264716,0.2075384836621402,-0.28715035115956467,
1791389493.849915,balance,-0.058969036275685664,0.019878008040472538,-0.03652697386448621,-0.06588046939028702,-3.857122863898735e-05,-0.02248063363983845,0.17687184288673394,-0.009080876384699715,-0.00394671946361342,-2.5670784605431474e-05,False,0.0,0.0,-0.04209547546385163,-0.0539376692056708,0.18441020567926045,0.18824968933114344,1.6400000000000001,0.92,-0.29466832824696143,-0.3775636844396956,0.23202230570626883,-0.29729423971629576,
1791389493.8599255,balance,-0.05967030012321785,0.0197662463590379,-0.03718173273294762,-0.0574171263052804,-4.749732920836941e-05,-0.022536064719478596,0.1767951934737761,-0.012827757462651012,-0.007708968606265123,-2.5593944281929444e-05,False,0.0,0.0,-0.04449331548446593,-0.05537806956327112,0.18420761995138657,0.18824968933114344,1.61,0.9400000000000001,-0.3114532083912615,-0.3876464869428978,0.24523874676477284,-0.30523345428574633,
1791389493.8699083,balance,-0.060074733695014496,0.019643081174417036,-0.03757724020417488,-0.02514895438768313,-3.857122863898735e-05,-0.022536064719478596,0.17687184288673394,-0.021136467931452744,-0.013063614968517727,-4.0364264814675087e-05,False,0.0,0.0,-0.045435972262197276,-0.055020710561935145,0.18441020567926045,0.18824968933114344,1.6300000000000001,0.92,-0.31805180583538095,-0.385144973933546,0.2504344927837645,-0.3032637590027921,
1791389493.8799179,balance,-0.060083955154064124,0.01967780224388702,-0.0375953877637939,0.029664500612488976,-4.749732920836941e-05,-0.022536064719478596,0.1767951934737761,-0.026973855346896232,-0.017006939661075814,-4.983457842910209e-05,False,0.0,0.0,-0.04210040333910974,-0.05321728734459157,0.18420761995138657,0.18824968933114344,1.61,0.9400000000000001,-0.2947028233737682,-0.372521011412141,0.23204946722343953,-0.2933236310331819,
1791389493.889902,balance,-0.05959491193520202,0.019749046180391923,-0.03704177231669587,0.06891286145596041,-3.857122863898735e-05,-0.02259171084714514,0.17687184288673394,-0.029520513904894113,-0.011808205561957646,-8.856154171468234e-05,False,0.0,0.0,-0.03827165281079098,-0.04959406227984236,0.18441020567926045,0.18824968933114344,1.6400000000000001,0.93,-0.26790156967553685,-0.3471584359588965,0.21094611785475342,-0.2733530991802335,
1791389493.8999364,balance,-0.058913642861762684,0.019966460308118713,-0.036369429343825914,0.07500658164445316,-4.749732920836941e-05,-0.02259171084714514,0.1767951934737761,-0.01939673136241109,-0.007887412315667471,-5.75465952337181e-05,False,0.0,0.0,-0.03169156474093115,-0.046138388488730815,0.18420761995138657,0.18824968933114344,1.73,0.93,-0.22184095318651803,-0.3229687194211157,0.1746779158948961,-0.2543060782843431,
1791389493.909905,balance,-0.058531791352451235,0.020004039849041,-0.035987577834514464,-0.0035318837958206064,-4.749732920836941e-05,-0.02259171084714514,0.1767951934737761,-0.012509522879329856,-0.005417426453918664,-3.546048212705596e-05,False,0.0,0.0,-0.0340137741414785,-0.0459342211451088,0.18420761995138657,0.18824968933114344,1.6300000000000001,0.91,-0.2380964189903495,-0.32153954801576157,0.18747749526799173,-0.2531807464691036,
1791389493.919918,balance,-0.05879565125742391,0.019881280575379242,-0.036197060582877916,-0.023667437733095164,-4.749732920836941e-05,-0.02264608800375437,0.1767951934737761,-0.009249681926638527,-0.004034464990055477,-2.6076084682915254e-05,False,0.0,0.0,-0.039231949683354486,-0.046363042532804905,0.18420761995138657,0.18824968933114344,1.75,0.9500000000000001,-0.2746236477834814,-0.32454129772963436,0.21623909274289876,-0.25554432892097195,
1791389493.9299252,balance,-0.0594765473550702,0.019301105111094716,-0.03681372703408488,-0.08105655158214255,-3.857122863898735e-05,-0.022701391549624302,0.17687184288673394,-0.01025542942144499,-0.004616632200393864,-2.819398610525563e-05,False,0.0,0.0,-0.045246619053855956,-0.05077605573331077,0.18441020567926045,0.18824968933114344,1.75,0.9400000000000001,-0.3167263333769917,-0.35543239013317535,0.2493908136826706,-0.2798680237269097,
1791389493.9399025,balance,-0.06033256703944349,0.01870055147231481,-0.03766974671845817,-0.08412995054414835,-3.857122863898735e-05,-0.022701391549624302,0.17687184288673394,-0.02101526358625448,-0.009623680242022477,-5.6957916721160005e-05,False,0.0,0.0,-0.05230994127595878,-0.05492419513750709,0.18441020567926045,0.18824968933114344,1.69,0.93,-0.3661695889317115,-0.38446936596254966,0.28832251096985156,-0.30273178422248004,
1791389493.9499307,balance,-0.06082323424369804,0.018163790087551195,-0.03810332628467614,-0.03228763842142217,-3.857122863898735e-05,-0.02275847918766089,0.17687184288673394,-0.022410569030299317,-0.01064587493988571,-5.882347045206803e-05,False,0.0,0.0,-0.04735155215100475,-0.055327922817055404,0.18441020567926045,0.18824968933114344,1.6,0.9,-0.33146086505703326,-0.38729545971938784,0.26099280713152223,-0.3049570548971558,
1791389493.9599311,balance,-0.06087960546246557,0.018083723666964084,-0.03810241275029713,0.016169911202296418,-3.857122863898735e-05,-0.02281576394080742,0.17687184288673394,-0.02822995338372778,-0.013629734510665202,-7.30010943653129e-05,False,0.0,0.0,-0.04384645809689813,-0.054155471946624435,0.18441020567926045,0.18824968933114344,1.61,0.92,-0.30692520667828693,-0.379088303626371,0.2416733910852653,-0.2984947272648591,
1791389493.969896,balance,-0.060623939608549865,0.018140098145529422,-0.03773309761348437,0.03152036085628634,-3.857122863898735e-05,-0.02292941322370448,0.17687184288673394,-0.030567324008349866,-0.01927261150936579,-5.647356249492037e-05,False,0.0,0.0,-0.04133005573984372,-0.051880379936495136,0.18441020567926045,0.18824968933114344,1.62,0.93,-0.28931039017890603,-0.36316265955546595,0.22780345683378428,-0.285954850043674,
1791389493.9798932,balance,-0.06023755260493943,0.018197112598189194,-0.03735563671044332,0.03423790148898755,-4.749732920836941e-05,-0.02292941322370448,0.1767951934737761,-0.02314947514888539,-0.01247238956355754,-5.338542792663925e-05,False,0.0,0.0,-0.03645329402638126,-0.05014487542453349,0.18420761995138657,0.18824968933114344,1.62,0.91,-0.25517305818466884,-0.3510141279717344,0.20092366786194396,-0.27638907714309796,
1791389493.989931,balance,-0.0600958909740726,0.018199353569004723,-0.0372050489790071,-0.001570443999399111,-3.857122863898735e-05,-0.02292941322370448,0.17687184288673394,-0.01778371128684204,-0.009553796545362942,-4.114957370739549e-05,False,0.0,0.0,-0.03812610576397128,-0.04911394641411708,0.18441020567926045,0.18824968933114344,1.6600000000000001,0.92,-0.26688274034779896,-0.34379762489881954,0.21014389003763698,-0.270706791258913,
1791389493.9999685,balance,-0.06048590866695448,0.017886137144256402,-0.03760399277245837,-0.053602610308465255,-4.749732920836941e-05,-0.02292941322370448,0.1767951934737761,-0.009802014724302777,-0.005783951545627441,-2.0090315893376682e-05,False,0.0,0.0,-0.04010770074424307,-0.05054325647359681,0.18420761995138657,0.18824968933114344,1.71,0.9,-0.2807539052097015,-0.35380279531517767,0.22106606709425314,-0.2785848782009273,
1791389494.0099049,balance,-0.061351178160124864,0.017198400433767844,-0.038345648613563266,-0.11213643159730866,-3.857122863898735e-05,-0.023044100775200586,0.17687184288673394,-0.008194691815496546,-0.004682633264716567,-1.7560292753899896e-05,False,0.0,0.0,-0.04605449525409038,-0.054366905262475444,0.18441020567926045,0.18824968933114344,1.6300000000000001,0.93,-0.32238146677863266,-0.3805683368373281,0.2538436746288446,-0.29966010774592766,
1791389494.0199265,balance,-0.06257390716408438,0.016649695770379228,-0.039459366446304864,-0.10436486440390172,-4.749732920836941e-05,-0.0231620380469879,0.1767951934737761,-0.008066055890556605,-0.004897534274629373,-1.584260807963616e-05,False,0.0,0.0,-0.048890133385500564,-0.057423712889885035,0.18420761995138657,0.18824968933114344,1.71,0.9500000000000001,-0.34223093369850394,-0.40196599022919527,0.26947317614055427,-0.3165086537237758,
1791389494.029936,balance,-0.06358086468071118,0.016162689083567182,-0.04039730319114203,-0.10626415222262853,-3.857122863898735e-05,-0.023222132718208135,0.17687184288673394,-0.00915316619939258,-0.00571412775569274,-1.7195192218499195e-05,False,0.0,0.0,-0.04925258261066062,-0.05942025447836191,0.18441020567926045,0.18824968933114344,1.6500000000000001,0.92,-0.34476807827462436,-0.4159417813485334,0.27147092777529475,-0.3275132136602625,
1791389494.0399258,balance,-0.06456156841524732,0.016119591237121127,-0.04126342929647836,-0.09035648584596742,-4.749732920836941e-05,-0.023345636447977325,0.1767951934737761,-0.007585536834442682,-0.004853413980622213,-1.3660614269102346e-05,False,0.0,0.0,-0.04722784369500494,-0.06086990576489626,0.18420761995138657,0.18824968933114344,1.7,0.92,-0.3305949058650346,-0.4260893403542738,0.26031094950002726,-0.3355034176017904,
1791389494.0499113,balance,-0.06548055471506702,0.01607880762481628,-0.04205656228208053,-0.09837236606337732,-4.749732920836941e-05,-0.02347148976219486,0.1767951934737761,-0.0068064104943621395,-0.002722564197744856,-2.0419231483086418e-05,False,0.0,0.0,-0.047329482297270596,-0.06168416503751747,0.18420761995138657,0.18824968933114344,1.6400000000000001,0.9400000000000001,-0.3313063760808942,-0.4317891552626223,0.2608711622684206,-0.33999146083671045,
1791389494.0599306,balance,-0.06656115124295962,0.01625559983266264,-0.04300848817096516,-0.09563641645896455,-4.749732920836941e-05,-0.023600160401202837,0.1767951934737761,-0.006880258695370872,-0.002752103478148349,-2.0640776086112614e-05,False,0.0,0.0,-0.049294324696488444,-0.06226343999760839,0.18420761995138657,0.18824968933114344,1.76,0.93,-0.3450602728754191,-0.4358440799832587,0.27170100226410954,-0.3431843149474478,
1791389494.069895,balance,-0.06774926070473623,0.01609857474727411,-0.04413030273629266,-0.13038942500929251,-4.749732920836941e-05,-0.02366645529765195,0.1767951934737761,-0.008046727584966402,-0.0033346372160923078,-2.356045184437047e-05,False,0.0,0.0,-0.05312912438362392,-0.06487983372527928,0.18420761995138657,0.18824968933114344,1.75,0.93,-0.3719038706853674,-0.45415883607695495,0.29283769345304517,-0.3576053827377598,
1791389494.0799122,balance,-0.06902607226045254,0.015759546358060553,-0.04527178693210862,-0.1364390488549246,-4.749732920836941e-05,-0.023801782657552284,0.1767951934737761,-0.009230816490676134,-0.003854034723209462,-2.6883908837333363e-05,False,0.0,0.0,-0.055957624649408615,-0.06654500093129863,0.18420761995138657,0.18824968933114344,1.73,0.92,-0.3917033725458603,-0.4658150065190904,0.3084278523983152,-0.3667834697000712,
1791389494.0899696,balance,-0.0704207543552119,0.015080822387192088,-0.04652743303924868,-0.1516475580869194,-4.749732920836941e-05,-0.0239408186451716,0.1767951934737761,-0.009268656086439857,-0.0041003768689978504,-2.5841396087210033e-05,False,0.0,0.0,-0.057802965697537984,-0.06867396851302356,0.18420761995138657,0.18824968933114344,1.75,0.91,-0.4046207598827659,-0.4807177795911649,0.31859902352973696,-0.3785179366859566,
1791389494.0999155,balance,-0.07189201013302492,0.014360649175125965,-0.04785569871776694,-0.1454967312799903,-4.749732920836941e-05,-0.024083808744466355,0.1767951934737761,-0.009432019372028802,-0.004451243047838253,-2.4903881620952744e-05,False,0.0,0.0,-0.0592661174519133,-0.07015507811328706,0.18420761995138657,0.18824968933114344,1.6500000000000001,0.9400000000000001,-0.4148628221633931,-0.4910855467930094,0.3266636394987347,-0.38668153290788143,
1791389494.1098878,balance,-0.07330119568047173,0.013767891537153869,-0.04925595816464436,-0.1223105163196344,-3.857122863898735e-05,-0.024083808744466355,0.17687184288673394,-0.01306736657824202,-0.006309069476453365,-3.379148550894328e-05,False,0.0,0.0,-0.061383543079461846,-0.07077075775899185,0.18441020567926045,0.18824968933114344,1.75,0.96,-0.4296848015562329,-0.49539530431294293,0.3383344894143566,-0.3900750427660968,
1791389494.1199102,balance,-0.0745703306511475,0.013260595149113584,-0.05053401923588952,-0.11409880932382023,-4.749732920836941e-05,-0.024083808744466355,0.1767951934737761,-0.02361986325000871,-0.011293774237924995,-6.163044506041858e-05,False,0.0,0.0,-0.06719782149162248,-0.07213493372185051,0.18420761995138657,0.18824968933114344,1.72,0.9500000000000001,-0.4703847504413574,-0.5049445360529535,0.37038169326091136,-0.3975941228763414,
1791389494.1299338,balance,-0.07538645934334869,0.012934417426600012,-0.05135014792809071,-0.05941289446867452,-4.749732920836941e-05,-0.024083808744466355,0.1767951934737761,-0.03887984721962212,-0.01901339029303731,-9.933228463292405e-05,False,0.0,0.0,-0.06768232164042581,-0.07040437575414417,0.18420761995138657,0.18824968933114344,1.75,0.9400000000000001,-0.4737762514829807,-0.4928306302790092,0.37305216652203205,-0.38805561439292063,
1791389494.1399093,balance,-0.07563518387050974,0.012584446687361674,-0.05159887245525175,0.009033809324697311,-4.749732920836941e-05,-0.024083808744466355,0.1767951934737761,-0.05706202536086784,-0.02852596740851874,-0.0001426802897617455,False,0.0,0.0,-0.06479366977354345,-0.067283959541009,0.18420761995138657,0.18824968933114344,1.74,0.93,-0.45355568841480415,-0.470987716787063,0.35713046331874343,-0.37085646991107324,
1791389494.149903,balance,-0.07520177302806842,0.012010397003475629,-0.051165461612810444,0.06926243869489816,-4.749732920836941e-05,-0.024083808744466355,0.1767951934737761,-0.06968342123664004,-0.037327120505685894,-0.00016178150365477072,False,0.0,0.0,-0.05926873755595105,-0.06241264983582665,0.18420761995138657,0.18824968933114344,1.75,0.93,-0.41488116289165733,-0.43688854885078654,0.32667808101705303,-0.3440067313785721,
1791389494.1599362,balance,-0.07425729265311126,0.011242403988572609,-0.05022098123785327,0.1204852234883688,-4.749732920836941e-05,-0.024083808744466355,0.1767951934737761,-0.07247860571973869,-0.040514527230638794,-0.00015982039244549946,False,0.0,0.0,-0.05445766018958895,-0.05565437537169295,0.18420761995138657,0.18824968933114344,1.75,0.9400000000000001,-0.3812036213271226,-0.3895806276018507,0.3001603317536398,-0.3067563996864966,
1791389494.1699052,balance,-0.07288809587272367,0.010321493814289746,-0.04885178445746569,0.14158222377848592,-4.749732920836941e-05,-0.024083808744466355,0.1767951934737761,-0.06540735409820679,-0.03757861289846297,-0.00013914370599871911,False,0.0,0.0,-0.050629006951511055,-0.048876572674099235,0.18420761995138657,0.18824968933114344,1.6500000000000001,0.91,-0.35440304866057737,-0.34213600871869465,0.27905751863037587,-0.2693984320619643,
1791389494.1799424,balance,-0.07161676586648533,0.009496539895143796,-0.047571528350657956,0.1307854128112898,-3.857122863898735e-05,-0.024083808744466355,0.17687184288673394,-0.057962662027367606,-0.03393215704157306,-0.00012015252492897272,False,0.0,0.0,-0.05259975657917085,-0.04339434949923033,0.18441020567926045,0.18824968933114344,1.74,0.9400000000000001,-0.36819829605419596,-0.3037604464946123,0.2899199181529102,-0.2391814539327656,
1791389494.189905,balance,-0.07047932793030316,0.008739688835588953,-0.046443016515045184,0.10592116617778051,-4.749732920836941e-05,-0.024083808744466355,0.1767951934737761,-0.05096312684862358,-0.031022932593385788,-9.970097127618895e-05,False,0.0,0.0,-0.05620383516306981,-0.039740191666332705,0.18420761995138657,0.18824968933114344,1.73,0.91,-0.39342684614148865,-0.27818134166432895,0.3097849182216446,-0.21904042650734562,
1791389494.199943,balance,-0.06941742639010869,0.008228179242800601,-0.04538111497485071,0.10055688012309796,-4.749732920836941e-05,-0.024083808744466355,0.1767951934737761,-0.05201809069002174,-0.032473792055662726,-9.772149317179506e-05,False,0.0,0.0,-0.05884126471110979,-0.03642236801001017,0.18420761995138657,0.18824968933114344,1.75,0.9400000000000001,-0.41188885297776856,-0.25495657607007116,0.3243219314785579,-0.20075320950399303,
1791389494.2098968,balance,-0.06813018856762267,0.007849586854586386,-0.04409387715236469,0.15456913781005335,-4.749732920836941e-05,-0.024083808744466355,0.1767951934737761,-0.052667574004600405,-0.03337050976422306,-9.648532120188673e-05,False,0.0,0.0,-0.05511791950077319,-0.03203247807659938,0.18420761995138657,0.18824968933114344,1.78,0.93,-0.38582543650541234,-0.2242273465361957,0.30379955630347427,-0.17655696577653204,
1791389494.2199101,balance,-0.06644160583461961,0.00744179504683547,-0.04240529441936162,0.17825748224923055,-4.749732920836941e-05,-0.024083808744466355,0.1767951934737761,-0.04301026055760009,-0.01720410422304004,-0.00012903078167280028,False,0.0,0.0,-0.049277038792194465,-0.02923315287099099,0.18420761995138657,0.18824968933114344,1.75,0.92,-0.34493927154536125,-0.20463207009693693,0.27160572562626867,-0.16112761424955663,
1791389494.2299333,balance,-0.06479412290761725,0.0070921334968555025,-0.040757811492359276,0.16603969766209853,-4.749732920836941e-05,-0.024083808744466355,0.1767951934737761,-0.036231238344858537,-0.014492495337943416,-0.0001086937150345756,False,0.0,0.0,-0.047722920895851575,-0.02633647075372715,0.18420761995138657,0.18824968933114344,1.75,0.92,-0.33406044627096104,-0.18435529527609007,0.26303972147319765,-0.14516164982369298,
1791389494.2399154,balance,-0.06330258262289927,0.006750096062969117,-0.03926627120764129,0.14243660229525856,-4.749732920836941e-05,-0.024083808744466355,0.1767951934737761,-0.029811541083169142,-0.012168795261039575,-8.821372911064784e-05,False,0.0,0.0,-0.04683621157193729,-0.024850192906753395,0.18420761995138657,0.18824968933114344,1.76,0.92,-0.32785348100356104,-0.17395135034727377,0.25815234724689845,-0.13696956720257777,
1791389494.2498991,balance,-0.061971040711396794,0.00651884473596212,-0.03793472929613881,0.12804434863177222,-4.749732920836941e-05,-0.024083808744466355,0.1767951934737761,-0.022403719686131102,-0.009319134141436959,-6.542292772347072e-05,False,0.0,0.0,-0.044929285795081327,-0.024010450780048032,0.18420761995138657,0.18824968933114344,1.75,0.93,-0.3145050005655693,-0.16807315546033622,0.24764173272879472,-0.1323410672916033,
1791389494.2599068,balance,-0.06071443805678683,0.006419263952441641,-0.03667812664152884,0.1253443575575654,-4.749732920836941e-05,-0.024083808744466355,0.1767951934737761,-0.013640887117704673,-0.006034615751023199,-3.8031356833407375e-05,False,0.0,0.0,-0.039870132437787115,-0.023486579631845694,0.18420761995138657,0.18824968933114344,1.75,0.92,-0.2790909270645098,-0.16440605742291986,0.21975663548386595,-0.12945358852198413,
1791389494.2699285,balance,-0.05954822366976269,0.006369849576133351,-0.0355119122545047,0.10872903937113103,-4.749732920836941e-05,-0.024083808744466355,0.1767951934737761,-0.004326761810133421,-0.0018670392772569206,-1.2298612664382505e-05,False,0.0,0.0,-0.03404418898091773,-0.02391392960449294,0.18420761995138657,0.18824968933114344,1.75,0.92,-0.23830932286642412,-0.16739750723145058,0.18764513611529457,-0.1318090608121658,
1791389494.279931,balance,-0.05862041587518286,0.006425144523768694,-0.03458410445992487,0.08257070953653761,-4.749732920836941e-05,-0.024083808744466355,0.1767951934737761,0.0012127842069317976,0.0006043994896223486,3.0419235865472454e-06,False,0.0,0.0,-0.032148479980081635,-0.024994894200617332,0.18420761995138657,0.18824968933114344,1.74,0.92,-0.22503935986057144,-0.1749642594043213,0.17719634634690665,-0.13776713338922938,
1791389494.2899373,balance,-0.057839776769836725,0.006470950132918224,-0.03375276015654687,0.07568336689119337,-4.749732920836941e-05,-0.02413451394249822,0.1767951934737761,0.004167032973631204,0.0020378018422773005,1.0646155656769515e-05,False,0.0,0.0,-0.030581494921963204,-0.0264103683926295,0.18420761995138657,0.18824968933114344,1.74,0.91,-0.21407046445374242,-0.18487257874840649,0.16855942082971845,-0.14556895964441455,
1791389494.2999415,balance,-0.057119116567462165,0.006536043708482431,-0.03293266815240134,0.0732682189940635,-4.749732920836941e-05,-0.024233945744269195,0.1767951934737761,0.004415331542242308,0.0021454990904839384,1.134916225879185e-05,False,0.0,0.0,-0.029321567325124295,-0.027584471788760473,0.18420761995138657,0.18824968933114344,1.75,0.9500000000000001,-0.20525097127587005,-0.1930913025213233,0.1616149380124961,-0.15204039568608135,
1791389494.309915,balance,-0.05636019356953808,0.006523253707185809,-0.03207680294513953,0.08411374515244606,-4.749732920836941e-05,-0.024330887953606918,0.1767951934737761,0.003993669395127258,0.002039941229088265,9.768640830194967e-06,False,0.0,0.0,-0.02728837052314915,-0.027972117315287336,0.18420761995138657,0.18824968933114344,1.74,0.9,-0.19101859366204405,-0.19580482120701134,0.1504083414661764,-0.15417702457244986,
1791389494.3199162,balance,-0.0555358525100967,0.0065294206137427886,-0.03120506877466786,0.08051174701519268,-4.749732920836941e-05,-0.024378281064637207,0.1767951934737761,0.006122911478825288,0.0031751378018186386,1.4738868385033249e-05,False,0.0,0.0,-0.023286443712962443,-0.028646078163376876,0.18420761995138657,0.18824968933114344,1.74,0.92,-0.1630051059907371,-0.20052254714363812,0.1283504771580607,-0.15789176940443947,
1791389494.329928,balance,-0.054633929975169325,0.006609492809901232,-0.030257116060218234,0.095775898267502,-4.749732920836941e-05,-0.02442431124415946,0.1767951934737761,0.007356991244133512,0.0041124552429799835,1.6222680005767646e-05,False,0.0,0.0,-0.020270956710794014,-0.027856171014770295,0.18420761995138657,0.18824968933114344,1.75,0.92,-0.1418966969755581,-0.19499319710339208,0.11172968265791976,-0.15353795047511187,
1791389494.3399239,balance,-0.053751372141390884,0.0066898967150003895,-0.029285971123152683,0.08992043378301057,-4.749732920836941e-05,-0.02451289834744657,0.1767951934737761,0.007381636836127887,0.004126231784320091,1.627702525903898e-05,False,0.0,0.0,-0.018964306354539905,-0.028005554071363563,0.18420761995138657,0.18824968933114344,1.74,0.93,-0.13275014448177933,-0.19603887849954493,0.10452767282029868,-0.15436132165318497,
1791389494.3498862,balance,-0.05289272936559989,0.006808777534096999,-0.028384174023853757,0.08857796683772522,-4.749732920836941e-05,-0.024556052670954502,0.1767951934737761,0.006386686972142156,0.002696344675055019,1.8451711485435685e-05,False,0.0,0.0,-0.018800310517395752,-0.02753173530840259,0.18420761995138657,0.18824968933114344,1.74,0.9400000000000001,-0.13160217362177026,-0.19272214715881814,0.10362375875729941,-0.15174972217229774,
1791389494.3599224,balance,-0.052074534116862935,0.006847487318290311,-0.027482600504890705,0.07650169322276783,-4.749732920836941e-05,-0.0246394309411806,0.1767951934737761,0.005015344787052225,0.0028580852619321134,1.078629762560056e-05,False,0.0,0.0,-0.019065400308184804,-0.027930426037263274,0.18420761995138657,0.18824968933114344,1.75,0.92,-0.13345780215729364,-0.1955129822608429,0.10508488358842019,-0.15394723012664796,
1791389494.369937,balance,-0.051227802320891004,0.006840063367176354,-0.026635868708918774,0.08491532786379517,-4.749732920836941e-05,-0.0246394309411806,0.1767951934737761,0.004925864252536312,0.002921958675365528,1.0019527885853919e-05,False,0.0,0.0,-0.017571076392074465,-0.027395201300085388,0.18420761995138657,0.18824968933114344,1.75,0.92,-0.12299753474452126,-0.19176640910059772,0.09684845255474114,-0.15099717252015568,
1791389494.3799195,balance,-0.05037381798614637,0.0067009682972059455,-0.0257040470025344,0.0925536955172696,-4.749732920836941e-05,-0.024717268312820336,0.1767951934737761,0.005681264024397589,0.003599685008896155,1.0407895077507171e-05,False,0.0,0.0,-0.015097921620709392,-0.026907903109314554,0.18420761995138657,0.18824968933114344,1.74,0.92,-0.10568545134496575,-0.18835532176520187,0.08321689082280767,-0.14831127698047392,
1791389494.3899136,balance,-0.04944881884846164,0.006550795399605539,-0.0247418792930524,0.09636157277672941,-4.749732920836941e-05,-0.02475443688461761,0.1767951934737761,0.007576071056759703,0.004753136042541891,1.4114675071089062e-05,False,0.0,0.0,-0.01262917083841652,-0.025745980610262054,0.18420761995138657,0.18824968933114344,1.73,0.93,-0.08840419586891564,-0.18022186427183437,0.06960960304639027,-0.14190697974160185,
1791389494.399938,balance,-0.04846228350532611,0.006396143929995541,-0.02368353413679785,0.10267455496017523,-4.749732920836941e-05,-0.02482624669773663,0.1767951934737761,0.006810926287035601,0.0027589806959057574,2.025972795564922e-05,False,0.0,0.0,-0.011523595883095891,-0.024298158120478208,0.18420761995138657,0.18824968933114344,1.75,0.93,-0.08066517118167124,-0.17008710684334746,0.06351588282021357,-0.13392685578216335,
1791389494.4098897,balance,-0.04748543975420165,0.006255139374328682,-0.02270669038567339,0.09909000419174678,-4.749732920836941e-05,-0.02482624669773663,0.1767951934737761,0.005898589691919478,0.0023894099579453375,1.7545898669870706e-05,False,0.0,0.0,-0.011180165609622294,-0.023378965048057546,0.18420761995138657,0.18824968933114344,1.75,0.92,-0.07826115926735606,-0.16365275533640283,0.06162296005303627,-0.12886043727275814,
1791389494.419927,balance,-0.04647547012544789,0.006129874611815013,-0.02163107923800641,0.10091253377281084,-4.749732920836941e-05,-0.024891888216649852,0.1767951934737761,0.007057563037387716,0.002935690036229929,2.0609365005788935e-05,False,0.0,0.0,-0.00924753649118874,-0.02221183340239832,0.18420761995138657,0.18824968933114344,1.76,0.9400000000000001,-0.06473275543832117,-0.15548283381678824,0.050970673573481236,-0.12242742820219546,
1791389494.4299276,balance,-0.04547448989875804,0.005974607465274268,-0.020630099011316558,0.0976395529053053,-4.749732920836941e-05,-0.024891888216649852,0.1767951934737761,0.01250245005906875,0.005569852980814266,3.466298539127242e-05,False,0.0,0.0,-0.004656671605376776,-0.021132732291204194,0.18420761995138657,0.18824968933114344,1.75,0.91,-0.03259670123763743,-0.14792912603842936,0.025666693887903488,-0.11647962680191289,
1791389494.4398582,balance,-0.044612062307176466,0.005821131861810165,-0.019738019912605383,0.06787833218443926,-4.749732920836941e-05,-0.024921539723779453,0.1767951934737761,0.01953035757341141,0.008761515644669284,5.384420964371063e-05,False,0.0,0.0,-0.002474340588811388,-0.021387235772284793,0.18420761995138657,0.18824968933114344,1.75,0.92,-0.017320384121679716,-0.14971065040599355,0.013638097733606075,-0.11788240189448311,
1791389494.4499338,balance,-0.04408782705183243,0.005581963748376688,-0.01915590052835638,0.04636445217457819,-4.749732920836941e-05,-0.02497942385268442,0.1767951934737761,0.018920907337966326,0.008635181420065417,5.142862958950454e-05,False,0.0,0.0,-0.0058552506002007626,-0.022052397472842437,0.18420761995138657,0.18824968933114344,1.75,0.9500000000000001,-0.04098675420140534,-0.15436678230989706,0.03227303480425617,-0.12154864748810792,
1791389494.459921,balance,-0.04363669633447199,0.005262929330465474,-0.018704769810995937,0.04687886385178316,-4.749732920836941e-05,-0.02497942385268442,0.1767951934737761,0.022987704855772832,0.011384610519578528,5.801547168097152e-05,False,0.0,0.0,-0.0035166262148303676,-0.02242398061833782,0.18420761995138657,0.18824968933114344,1.75,0.93,-0.024616383503812574,-0.15696786432836474,0.019382979136860295,-0.12359674356564153,
1791389494.4699214,balance,-0.04319357313985976,0.004997456178880683,-0.01826164661638371,0.03839720167196498,-4.749732920836941e-05,-0.02497942385268442,0.1767951934737761,0.023639006685574997,0.01133967659346682,6.149665046054088e-05,False,0.0,0.0,-0.00341438217959773,-0.023118787055631262,0.18420761995138657,0.18824968933114344,1.75,0.9400000000000001,-0.02390067525718411,-0.16183150938941884,0.01881942933636544,-0.1274263853459991,
1791389494.4799092,balance,-0.042812040382571095,0.004731952502871977,-0.0178532936883064,0.04887547369892031,-4.749732920836941e-05,-0.025006244023473064,0.1767951934737761,0.026675447915906546,0.013832998133510315,6.421224891198116e-05,False,0.0,0.0,-0.0011003317514657177,-0.023064068516089477,0.18420761995138657,0.18824968933114344,1.74,0.92,-0.007702322260260025,-0.16144847961262634,0.006064820677370098,-0.12712478709655617,
1791389494.489913,balance,-0.04238914577561733,0.004496595661622422,-0.01737790912260342,0.040819439539930204,-4.749732920836941e-05,-0.02505873398222228,0.1767951934737761,0.027715917349277627,0.014544898498059431,6.585509425609098e-05,False,0.0,0.0,-1.8702382967737558e-05,-0.02309678494823801,0.18420761995138657,0.18824968933114344,1.75,0.92,-0.00013091668077416292,-0.16167749463766606,0.0001030840006095771,-0.12730511388792604,
1791389494.4999068,balance,-0.04202116062000027,0.004350751591714136,-0.01700992396698636,0.028711361977418977,-4.749732920836941e-05,-0.02505873398222228,0.1767951934737761,0.03555845734647566,0.019766122818784884,7.896167263845389e-05,False,0.0,0.0,0.0025600195278572243,-0.023787279361291137,0.18420761995138657,0.18824968933114344,1.76,0.92,0.01792013669500057,-0.16651095552903797,-0.014110343854331157,-0.1311109886055417,
1791389494.5099013,balance,-0.04195574151139637,0.004154435948094708,-0.016919088101094885,-0.012944115120495694,-4.749732920836941e-05,-0.025084150739509852,0.1767951934737761,0.041348487481269576,0.023563186120023474,8.892650680623051e-05,False,0.0,0.0,0.0007708332506234885,-0.02589603045299495,0.18420761995138657,0.18824968933114344,1.74,0.9400000000000001,0.00539583275436442,-0.18127221317096465,-0.00424868720816096,-0.1427340261188698,
1791389494.5199244,balance,-0.04228514930966039,0.0038259491792886654,-0.017248495899358906,-0.03576286163151517,-4.749732920836941e-05,-0.025084150739509852,0.1767951934737761,0.03147555513884463,0.018230505995897095,6.622524571473768e-05,False,0.0,0.0,-0.006869214666290056,-0.028750659570052826,0.18420761995138657,0.18824968933114344,1.75,0.9400000000000001,-0.048084502664030394,-0.20125461699036978,0.037861813121283776,-0.15846820235462186,
1791389494.5298944,balance,-0.04245371546422172,0.003375344722712581,-0.017417062053920237,0.009571364977766884,-4.749732920836941e-05,-0.025084150739509852,0.1767951934737761,0.026053605934684396,0.015495163225292628,5.279221354695884e-05,False,0.0,0.0,-0.00506658946962206,-0.028761899466300735,0.18420761995138657,0.18824968933114344,1.75,0.93,-0.03546612628735442,-0.20133329626410515,0.02792608369083025,-0.15853015453866548,
1791389494.5398633,balance,-0.04209125447827965,0.0030295342266795865,-0.017054601067978164,0.061821741785828,-4.749732920836941e-05,-0.025084150739509852,0.1767951934737761,0.024626351103387505,0.014990870410497115,4.817740346445195e-05,False,0.0,0.0,0.0009209802615982953,-0.02633316989813675,0.18420761995138657,0.18824968933114344,1.74,0.92,0.006446861831188067,-0.18433218928695724,-0.005076269158415801,-0.1451434561314624,
1791389494.549901,balance,-0.04126977846971858,0.002795900858441943,-0.016208235883462315,0.09261236719813505,-4.749732920836941e-05,-0.02510903991546463,0.1767951934737761,0.02566713365292689,0.01618305532131967,4.7420391658036105e-05,False,0.0,0.0,0.006540519296955994,-0.02297285983029303,0.18420761995138657,0.18824968933114344,1.76,0.93,0.04578363507869196,-0.1608100188120512,-0.03605010636117477,-0.12662206205673324,
1791389494.559863,balance,-0.040353109629971906,0.0026622498554147948,-0.015291567043715645,0.07674866211192384,-4.749732920836941e-05,-0.02510903991546463,0.1767951934737761,0.035857500357495846,0.014343000142998339,0.00010757250107248754,False,0.0,0.0,0.01106341538026723,-0.019525275238025084,0.18420761995138657,0.18824968933114344,1.75,0.92,0.0774439076618706,-0.1366769266661756,-0.06097945485186662,-0.10761962729620125,
1791389494.5698984,balance,-0.03988455346119383,0.0025681358481299092,-0.014823010874937568,0.024324413217307547,-4.749732920836941e-05,-0.02510903991546463,0.1767951934737761,0.0449836518666167,0.018781497438046035,0.00013101077214285333,False,0.0,0.0,0.008128669918415212,-0.019178606959247804,0.18420761995138657,0.18824968933114344,1.75,0.91,0.056900689428906484,-0.13425024871473462,-0.04480369246370589,-0.10570885725569655,
1791389494.5799208,balance,-0.039974956700840274,0.0023563764234180093,-0.014891176863476043,-0.021884442026669063,-4.749732920836941e-05,-0.0251312771665726,0.1767951934737761,0.04529115798760925,0.018557840867837135,0.00013366658559886059,False,0.0,0.0,0.0015556057852770307,-0.02128292245507966,0.18420761995138657,0.18824968933114344,1.74,0.91,0.010889240496939215,-0.14898045718555764,-0.00857420511570017,-0.11730744660280129,
1791389494.589896,balance,-0.04033595392813901,0.001887073057048596,-0.015229295829638619,-0.03900393388380428,-4.749732920836941e-05,-0.02515415542770876,0.1767951934737761,0.04862002876978615,0.021282346305604757,0.00013668841232090695,False,0.0,0.0,-0.0009717441282496186,-0.023729825451933945,0.18420761995138657,0.18824968933114344,1.74,0.91,-0.00680220889774733,-0.1661087781635376,0.0053560699982262445,-0.13079431351459656,
1791389494.5999098,balance,-0.04081808283542814,0.0012152213889841045,-0.015688186055333612,-0.054053411187138675,-4.749732920836941e-05,-0.0251773941093029,0.1767951934737761,0.04595087171181735,0.021042633816211957,0.00012454118947802698,False,0.0,0.0,-0.003315790153469643,-0.026440059558347186,0.18420761995138657,0.18824968933114344,1.73,0.9400000000000001,-0.023210531074287503,-0.1850804169084303,0.01827600871991142,-0.1457326117389215,
1791389494.6099033,balance,-0.0411541240693554,0.000506459724969261,-0.016024227289260867,-0.01114859180612326,-4.749732920836941e-05,-0.0251773941093029,0.1767951934737761,0.03863248479943234,0.01793149973618218,0.0001035049253162508,False,0.0,0.0,-0.0028910351797864207,-0.02618142582710446,0.18420761995138657,0.18824968933114344,1.75,0.9400000000000001,-0.020237246258504944,-0.18326998078973122,0.01593483957362594,-0.14430707148797733,
1791389494.6198971,balance,-0.040803488059407596,6.587930373739473e-06,-0.015673591279313066,0.07523678009411489,-4.749732920836941e-05,-0.0251773941093029,0.1767951934737761,0.02186352802513332,0.01058994258695635,5.636792719088485e-05,False,0.0,0.0,-0.004199209265482034,-0.023099214821799254,0.18420761995138657,0.18824968933114344,1.73,0.93,-0.029394464858374235,-0.16169450375259478,0.02314524791997971,-0.1273185068918069,
1791389494.6298885,balance,-0.0394645722868375,-0.00017476793474569715,-0.014313173493482857,0.1768088879695016,-4.749732920836941e-05,-0.025198896122563014,0.1767951934737761,0.01852090301880932,0.008942097339404624,4.789402839702349e-05,False,0.0,0.0,0.007444109806230499,-0.016409123586410036,0.18420761995138657,0.18824968933114344,1.75,0.93,0.052108768643613496,-0.11486386510487026,-0.041030526491034246,-0.09044398827155138,
1791389494.6399333,balance,-0.03740156708957005,-0.00012549944390303098,-0.012250168296215405,0.2212676984364574,-4.749732920836941e-05,-0.025198896122563014,0.1767951934737761,0.014562121741393558,0.007687259754378112,3.437430993507723e-05,False,0.0,0.0,0.012940431237997123,-0.009667807862502676,0.18420761995138657,0.18824968933114344,1.74,0.91,0.09058301866597986,-0.06767465503751872,-0.07132521154801563,-0.05328712995080215,
1791389494.6499333,balance,-0.03528323361884006,-8.774640281228893e-05,-0.010100204939804451,0.2097532360258369,-4.749732920836941e-05,-0.025230526008243978,0.1767951934737761,0.013331726911621615,0.0070170160727181085,3.157355419451754e-05,False,0.0,0.0,0.012892164215487294,-0.004151196965802254,0.18420761995138657,0.18824968933114344,1.74,0.9400000000000001,0.09024514950841106,-0.02905837876061578,-0.07105917284126854,-0.02288061319733526,
1791389494.6599143,balance,-0.03334252185309182,-0.00027042293870421503,-0.00813390560398844,0.1842371601007864,-4.749732920836941e-05,-0.02525611357831175,0.1767951934737761,0.013631476540112264,0.007598613433345946,3.016431553383159e-05,False,0.0,0.0,0.011438812063791517,-0.0007181238151514553,0.18420761995138657,0.18824968933114344,1.75,0.9500000000000001,0.08007168444654061,-0.005026866706060187,-0.06304857043034694,-0.003958162760677313,
1791389494.6698983,balance,-0.03159253204742047,-0.0006670927291289423,-0.006373318882625625,0.1708248961257851,-4.749732920836941e-05,-0.025266710494003215,0.1767951934737761,0.011786300664891542,0.006570054410331806,2.6081231272798682e-05,False,0.0,0.0,0.008535613086277686,0.0013045194291683036,0.18420761995138657,0.18824968933114344,1.74,0.93,0.0597492916039438,0.009131636004178125,-0.04704668630231795,0.007190264570218996,
1791389494.6799102,balance,-0.029864054868201168,-0.0012359928087321277,-0.004637874440851213,0.16921406080034118,-4.749732920836941e-05,-0.025273677756558324,0.1767951934737761,0.012590414876322484,0.007409751708977566,2.5903315836724594e-05,False,0.0,0.0,0.009898085031032707,0.0030463256338729766,0.18420761995138657,0.18824968933114344,1.73,0.9400000000000001,0.06928659521722895,0.021324279437110835,-0.054556374186794446,0.01679077121032349,
1791389494.6899028,balance,-0.028069094488523894,-0.0018311717257512153,-0.0028332772712871164,0.18279486965582845,-4.749732920836941e-05,-0.025283314546445147,0.1767951934737761,0.010387823162576502,0.006484897942577006,1.951462609999748e-05,False,0.0,0.0,0.009976843438235905,0.005312031866101812,0.18420761995138657,0.18824968933114344,1.74,0.92,0.06983790406765134,0.037184223062712685,-0.054990475643819946,0.029278915797411563,
1791389494.6999235,balance,-0.02613693971691545,-0.0021683766945391077,-0.0008997708159291518,0.20068474673656042,-4.749732920836941e-05,-0.025284666230194666,0.1767951934737761,0.012220008108429777,0.007495712438632781,2.3621478348984978e-05,False,0.0,0.0,0.014347066562546388,0.008368307958691418,0.18420761995138657,0.18824968933114344,1.75,0.93,0.10042946593782472,0.05857815571083993,-0.07907831963608246,0.04612453205577947,
1791389494.7099068,balance,-0.02411268328490693,-0.002145059784496264,0.0011223326851187779,0.20058136905857213,-4.749732920836941e-05,-0.025282513299234078,0.1767951934737761,0.012977631651033135,0.008444633848816102,2.2664989011085165e-05,False,0.0,0.0,0.017190934352687846,0.010499963522313928,0.18420761995138657,0.18824968933114344,1.75,0.92,0.12033654046881492,0.07349974465619749,-0.09475318147150781,0.057873814689919284,
1791389494.7199323,balance,-0.02217249808244818,-0.0018875800880088518,0.0030544752948480844,0.18617888493939344,-4.749732920836941e-05,-0.025274470706504633,0.1767951934737761,0.0122039750276512,0.005038466245857873,3.5827543908966634e-05,False,0.0,0.0,0.017728847140427276,0.011631526283834156,0.18420761995138657,0.18824968933114344,1.75,0.9500000000000001,0.12410192998299094,0.08142068398683909,-0.09771805510471727,0.06411077479278668,
1791389494.7298908,balance,-0.020366135178352944,-0.001611094954790159,0.004854593770861299,0.16628758307025515,-4.749732920836941e-05,-0.025268226278422613,0.1767951934737761,0.01487523373646513,0.006441931121554221,4.2166513074554545e-05,False,0.0,0.0,0.02059225490730161,0.011700875210981336,0.18420761995138657,0.18824968933114344,1.74,0.92,0.14414578435111128,0.08190612647686935,-0.11350061759930022,0.06449301297391287,
1791389494.739902,balance,-0.018837628606616565,-0.0014443461448013437,0.006383100342597679,0.13518293756558236,-4.749732920836941e-05,-0.025268226278422613,0.1767951934737761,0.02682122803739509,0.013366546533333813,6.727340752030639e-05,False,0.0,0.0,0.026665155514696764,0.010491421597119747,0.18420761995138657,0.18824968933114344,1.73,0.92,0.18665608860287736,0.07343995117983823,-0.14697329811250184,0.057826733212471046,
1791389494.7499359,balance,-0.017836419581660677,-0.0013938643304285247,0.007384309367553566,0.06350361565273545,-4.749732920836941e-05,-0.025268226278422613,0.1767951934737761,0.04970487474850619,0.025852561985524738,0.00011926156381490727,False,0.0,0.0,0.028094569384261456,0.0076182389764640375,0.18420761995138657,0.18824968933114344,1.74,0.93,0.19666198568983018,0.053327672835248266,-0.15485195723608675,0.041990293571061627,
1791389494.759925,balance,-0.017728727072604394,-0.0014654655220963369,0.007492001876609849,-0.03202390628195981,-4.749732920836941e-05,-0.025268226278422613,0.1767951934737761,0.06876476367294782,0.04175247376717732,0.00013506144952885247,False,0.0,0.0,0.02149169583743599,0.0015144789413686656,0.18420761995138657,0.18824968933114344,1.73,0.93,0.15044187086205194,0.01060135258958066,-0.11845816603311175,0.00834752172407926,
1791389494.76991,balance,-0.018856276235560885,-0.0016491605008305335,0.00637337881422274,-0.17430923184741146,-3.857122863898735e-05,-0.025268226278422613,0.17687184288673394,0.07578125183976202,0.05060727677247037,0.00012586987533645823,False,0.0,0.0,0.007415397109529322,-0.01009016926441751,0.18441020567926045,0.18824968933114344,1.6400000000000001,0.9,0.051907779766705256,-0.07063118485092257,-0.040872267532838784,-0.05561510618182879,
1791389494.7798913,balance,-0.021154292831539936,-0.0019223869618660587,0.0040753622182436895,-0.2387678592606144,-3.857122863898735e-05,-0.025268226278422613,0.17687184288673394,0.06259099039170118,0.042285240031883976,0.00010152875179908605,False,0.0,0.0,-0.004968099829614141,-0.022104860945563486,0.18441020567926045,0.18824968933114344,1.61,0.9500000000000001,-0.034776698807298986,-0.1547340266189444,0.027383227407322037,-0.12183781623538928,
1791389494.7899034,balance,-0.0234219766460962,-0.002240855459581005,0.0018076784036874238,-0.2016068582458939,-3.857122863898735e-05,-0.025268226278422613,0.17687184288673394,0.04842586112516831,0.03203801634475266,8.193922390207824e-05,False,0.0,0.0,-0.004575922314649873,-0.029401416007839437,0.18441020567926045,0.18824968933114344,1.59,0.93,-0.03203145620254911,-0.20580991205487606,0.02522161905712528,-0.16205504886210714,
1791389494.7999153,balance,-0.025159004328333862,-0.0023261231709294666,7.0650721449763e-05,-0.15234009402325505,-3.857122863898735e-05,-0.025268226278422613,0.17687184288673394,0.0404572458358743,0.024942129287807133,7.757558274033586e-05,False,0.0,0.0,0.0009115015532508187,-0.03203847679345782,0.18441020567926045,0.18824968933114344,1.58,0.92,0.006380510872755731,-0.22426933755420472,-0.005024024309256481,-0.17659002957023995,
1791389494.8099039,balance,-0.02630233309232684,-0.0022597186606208874,-0.001072678042543216,-0.0762774139243049,-3.857122863898735e-05,-0.025268226278422613,0.17687184288673394,0.03256805258042982,0.019167055703600312,6.700498438414756e-05,False,0.0,0.0,0.0068621503670754725,-0.029918184693611544,0.18441020567926045,0.18824968933114344,1.58,0.9500000000000001,0.04803505256952831,-0.2094272928552808,-0.03782287603899867,-0.1649033802010085,
1791389494.8199027,balance,-0.026739728799757178,-0.00208547214944955,-0.0015080214517749976,-0.03490210890971417,-3.857122863898735e-05,-0.025270278576621168,0.17687184288673394,0.03721050714920356,0.0216100126020725,7.800247273565531e-05,False,0.0,0.0,0.015469202606158918,-0.02774450631241341,0.18441020567926045,0.18824968933114344,1.62,0.93,0.10828441824311243,-0.19421154418689388,-0.08526332145126962,-0.1529224757377117,
1791389494.8299067,balance,-0.027283156228474097,-0.0017677965140229322,-0.0020514488804919163,-0.07478300118954835,-3.857122863898735e-05,-0.025270278576621168,0.17687184288673394,0.04530507982769313,0.02588835292873556,9.708363449478784e-05,False,0.0,0.0,0.015414075190263797,-0.02802242581162253,0.18441020567926045,0.18824968933114344,1.61,0.92,0.10789852633184657,-0.1961569806813577,-0.0849594695526351,-0.15445431549713204,
1791389494.8399198,balance,-0.02816265253277842,-0.0017112767310461555,-0.002926548767019043,-0.10809443016281271,-3.857122863898735e-05,-0.025274674994398363,0.17687184288673394,0.04977828191866524,0.028986136211077405,0.00010396072853793919,False,0.0,0.0,0.010597665127469314,-0.028954079099218037,0.18441020567926045,0.18824968933114344,1.62,0.92,0.07418365589228519,-0.20267855369452625,-0.05841232747424031,-0.15958941235789467,
1791389494.849904,balance,-0.029594296122578495,-0.0020251883357943513,-0.00435819235681912,-0.17863508347306092,-3.857122863898735e-05,-0.025274674994398363,0.17687184288673394,0.03958723792748624,0.0234210932612172,8.083072333134519e-05,False,0.0,0.0,-4.2035488645066996e-05,-0.033708900121180524,0.18441020567926045,0.18824968933114344,1.62,0.9400000000000001,-0.00029424842051546896,-0.23596230084826367,0.00023169166969721965,-0.18579708728209737,
1791389494.8599055,balance,-0.031338810762903783,-0.0027158512687234597,-0.006102706997144412,-0.16524991866590438,-3.857122863898735e-05,-0.025274674994398363,0.17687184288673394,0.028312156670217026,0.017190527757612175,5.560814456302426e-05,False,0.0,0.0,-0.006602467447454234,-0.036271869183163725,0.18441020567926045,0.18824968933114344,1.61,0.96,-0.04621727213217964,-0.2539030842821461,0.03639155285998397,-0.19992368841113864,
1791389494.8699167,balance,-0.03281153263264418,-0.0035970846923721847,-0.007575428866884799,-0.12929790991176243,-3.857122863898735e-05,-0.025274674994398363,0.17687184288673394,0.01830425740537633,0.011711516367936561,3.2963705187198846e-05,False,0.0,0.0,-0.007928436133609135,-0.03789255326326755,0.18441020567926045,0.18824968933114344,1.61,0.9400000000000001,-0.05549905293526394,-0.2652478728428728,0.04370004168131019,-0.20885659278966365,
1791389494.8798912,balance,-0.03395336474090836,-0.004369220788378934,-0.008704765535634006,-0.07995656651007142,-3.857122863898735e-05,-0.02528717043391334,0.17687184288673394,0.01204096434412195,0.007479481426237589,2.28074145894218e-05,False,0.0,0.0,-0.0075205289124666555,-0.03677611755822436,0.18441020567926045,0.18824968933114344,1.59,0.96,-0.05264370238726659,-0.2574328229075705,0.04145173416320204,-0.20270301016344136,
1791389494.889919,balance,-0.034475196511305685,-0.0048542017192827105,-0.009226597306031335,-0.013505454854672104,-3.857122863898735e-05,-0.02528717043391334,0.17687184288673394,0.0030947374925892265,0.0012378949970356908,9.28421247776768e-06,False,0.0,0.0,-0.0065658345196844365,-0.03349649080658502,0.18441020567926045,0.18824968933114344,1.61,0.93,-0.04596084163779106,-0.23447543564609513,0.036189639084874846,-0.18462632728038986,
1791389494.900284,balance,-0.034053080572047936,-0.005025064383385261,-0.00876401860578058,0.041006675084376346,-3.857122863898735e-05,-0.02532763319490634,0.17687184288673394,0.003095733770575676,0.0015187175805097578,7.885080950329591e-06,False,0.0,0.0,0.0011607283702172962,-0.0264788462190047,0.18441020567926045,0.18824968933114344,1.6400000000000001,0.88,0.008125098591521074,-0.1853519235330329,-0.006397715426394546,-0.14594639648270308,
1791389494.909888,balance,-0.03386901617205938,-0.004994945086943819,-0.008567084274483338,0.042430822695528496,-3.857122863898735e-05,-0.02534050312621503,0.17687184288673394,0.0032275512391665363,0.001367631757481831,9.299597408423527e-06,False,0.0,0.0,0.0014398393787113089,-0.024557682242029883,0.18441020567926045,0.18824968933114344,1.62,0.93,0.010078875650979162,-0.17190377569420917,-0.007936122559826111,-0.1353573036962277,
1791389494.9199042,balance,-0.03360059236432321,-0.005070882277951833,-0.008282545410169002,0.019616257675451144,-4.749732920836941e-05,-0.025365544283362577,0.1767951934737761,0.0021648538142190364,0.0009846371278838452,5.901083431675956e-06,False,0.0,0.0,-0.0025219032990741845,-0.02225965419340021,0.18420761995138657,0.18824968933114344,1.73,0.9500000000000001,-0.01765332309351929,-0.15581757935380147,0.013900254404345898,-0.122691007365198,
1791389494.9299026,balance,-0.033456616917761604,-0.005547595089577471,-0.008114084164974777,0.005489119557536478,-4.749732920836941e-05,-0.025390030081995196,0.1767951934737761,0.002884405187680378,0.0012805210908597797,8.01942048410299e-06,False,0.0,0.0,-0.005058384642868916,-0.020438314338784028,0.18420761995138657,0.18824968933114344,1.74,0.91,-0.03540869250008241,-0.1430682003714882,0.027880860236285363,-0.11265212627676237,
1791389494.9399085,balance,-0.03340429639396311,-0.006207860657651359,-0.008037545814779692,0.008630809375400148,-4.749732920836941e-05,-0.02541424790839179,0.1767951934737761,0.0022798908308183942,0.0010511364227853994,6.143772040164975e-06,False,0.0,0.0,-0.0074478719260657545,-0.01937278111614755,0.18420761995138657,0.18824968933114344,1.74,0.92,-0.05213510348246028,-0.13560946781303285,0.0410512625846144,-0.10677910851419908,
1791389494.9499195,balance,-0.033278459843664746,-0.0071043028369212665,-0.00789080870282785,0.025144407201030367,-3.857122863898735e-05,-0.02542622236947588,0.17687184288673394,0.0036531446850951153,0.001735383041914279,9.588808215904183e-06,False,0.0,0.0,-0.006609168301026349,-0.017054305259135004,0.18441020567926045,0.18824968933114344,1.6300000000000001,0.92,-0.046264178107184445,-0.11938013681394502,0.03642848669857043,-0.09400010772751577,
1791389494.9598963,balance,-0.03296932444831351,-0.007923816042990988,-0.00757030079751541,0.044885505983860284,-3.857122863898735e-05,-0.025437594879437093,0.17687184288673394,0.002334872358962268,0.001112783183494156,6.110445877340559e-06,False,0.0,0.0,-0.006595609899106257,-0.01522163987650587,0.18441020567926045,0.18824968933114344,1.61,0.92,-0.0461692692937438,-0.10655147913554108,0.03635375534940456,-0.08389880246892999,
1791389494.9699175,balance,-0.032523251617213964,-0.008460894353977655,-0.007102576451853179,0.044186730771470985,-3.857122863898735e-05,-0.025459246393999768,0.17687184288673394,0.0018208991729113209,0.0009470883686010177,4.369054021551516e-06,False,0.0,0.0,-0.0067481302261670865,-0.01345531303179963,0.18441020567926045,0.18824968933114344,1.61,0.9400000000000001,-0.0472369115831696,-0.09418719122259742,0.03719441856942488,-0.07416314269495859,
1791389494.9798992,balance,-0.03206154666992244,-0.00862049967153429,-0.006620692461027866,0.048636276372613876,-3.857122863898735e-05,-0.025479425437533565,0.17687184288673394,0.0009423834244664946,0.000490153652301142,2.2611488608267626e-06,False,0.0,0.0,-0.006366918749004289,-0.012583711241449054,0.18441020567926045,0.18824968933114344,1.61,0.92,-0.044568431243030025,-0.08808597869014338,0.035093252947267735,-0.06935903833869557,
1791389494.9899013,balance,-0.03164948833788438,-0.00876054514477871,-0.00619932117779631,0.035541418088142034,-3.857122863898735e-05,-0.02548873838872705,0.17687184288673394,0.002296871874788279,0.0012482123140810269,5.243297803536261e-06,False,0.0,0.0,-0.005654930845178489,-0.01274577002242276,0.18441020567926045,0.18824968933114344,1.61,0.91,-0.039584515916249424,-0.08922039015695932,0.031168910170275135,-0.0702522757141412,
1791389495.0012553,balance,-0.03128871108393379,-0.009166162160304563,-0.0058118894100146895,0.014944119973928569,-3.857122863898735e-05,-0.02551539290255808,0.17687184288673394,0.0024305761089010126,0.0014455647188851997,4.925056950079064e-06,False,0.0,0.0,-0.006004759446991121,-0.014729338676112497,0.18441020567926045,0.18824968933114344,1.6,0.88,-0.04203331612893785,-0.10310537073278749,0.03309709931412429,-0.08118533128565944,
1791389495.0098708,balance,-0.031249026206263134,-0.0093290311283712,-0.0057635462255455246,0.003963188793951517,-3.857122863898735e-05,-0.025524051209356597,0.17687184288673394,0.003785662306340416,0.002157328379962247,8.141669631890845e-06,False,0.0,0.0,-0.005279893495760929,-0.015654532236391395,0.18441020567926045,0.18824968933114344,1.62,0.92,-0.036959254470326504,-0.10958172565473977,0.029101775173485434,-0.08628482335018879,
1791389495.0199225,balance,-0.031295367611570514,-0.009799140089717088,-0.005801172799406628,-0.009884598847133398,-3.857122863898735e-05,-0.025532766040802877,0.17687184288673394,-0.0007638074771734635,-0.00034383915573998154,-2.09984160716741e-06,False,0.0,0.0,-0.008875836665080959,-0.018439913449658216,0.18441020567926045,0.18824968933114344,1.6,0.9400000000000001,-0.06213085665556671,-0.1290793941476075,0.048921934374461976,-0.10163731822646259,
1791389495.029916,balance,-0.03140783078085715,-0.010211443650011755,-0.005895976979957963,-0.01415631587258964,-3.857122863898735e-05,-0.025550425029538176,0.17687184288673394,-0.0010905736387318604,-0.00063843713660661,-2.2606825106262522e-06,False,0.0,0.0,-0.0077715935730816,-0.020673419028285886,0.18441020567926045,0.18824968933114344,1.61,0.91,-0.054401155011571195,-0.1447139331980012,0.04283555512722141,-0.11394797889606392,
1791389495.039907,balance,-0.031509468713094346,-0.010405035891576054,-0.005979690087767074,-0.008124172996196822,-3.857122863898735e-05,-0.025568349853966256,0.17687184288673394,-0.00013530525162303055,-8.551992348918507e-05,-2.489266406692274e-07,False,0.0,0.0,-0.005584626170193332,-0.022067620403381626,0.18441020567926045,0.18824968933114344,1.61,0.92,-0.03909238319135332,-0.1544733428236714,0.030781404087679782,-0.12163255340446566,
1791389495.0499115,balance,-0.03162037462307869,-0.01034886694120966,-0.006072409186032798,-0.013312955313916483,-3.857122863898735e-05,-0.02558653666568488,0.17687184288673394,-0.0005673049551299908,-0.0003532745387357127,-1.0701520819713902e-06,False,0.0,0.0,-0.004952878572251538,-0.023599587198663202,0.18441020567926045,0.18824968933114344,1.61,0.93,-0.034670150005760764,-0.16519711039064242,0.027299330713197453,-0.1300764648745216,
1791389495.0599034,balance,-0.031797407274867004,-0.010098510857925657,-0.006230827447142203,-0.02160135539825981,-3.857122863898735e-05,-0.025605151056363785,0.17687184288673394,-0.0003885979047022159,-0.00015543916188088635,-1.1657937141066478e-06,False,0.0,0.0,-0.004423888046488315,-0.024918719264363197,0.18441020567926045,0.18824968933114344,1.62,0.93,-0.030967216325418205,-0.17443103485054237,0.024383634901904098,-0.13734727153586013,
1791389495.0699098,balance,-0.032105314559319365,-0.009763045933142341,-0.006519332121083927,-0.035792785204334716,-3.857122863898735e-05,-0.02562455366687442,0.17687184288673394,0.00019463080269618139,7.785232107847257e-05,5.838924080885441e-07,False,0.0,0.0,-0.004395353767117547,-0.02693021398472451,0.18441020567926045,0.18824968933114344,1.6,0.91,-0.030767476369822827,-0.1885114978930716,0.024226359346317186,-0.1484342503095052,
1791389495.0799568,balance,-0.03251843705497703,-0.009396809650650699,-0.006911928648449001,-0.03966700951557798,-3.857122863898735e-05,-0.025645079635167017,0.17687184288673394,-0.0007053257429479886,-0.0002821302971791955,-2.115977228843966e-06,False,0.0,0.0,-0.005509522109196387,-0.028973087763237426,0.18441020567926045,0.18824968933114344,1.6,0.91,-0.03856665476437471,-0.20281161434266198,0.030367444696358038,-0.15969418452178108,
1791389495.089907,balance,-0.033019996853281754,-0.009097976361349605,-0.007391574750247525,-0.04991503626728728,-3.857122863898735e-05,-0.02566699333167322,0.17687184288673394,-0.0013742102864197998,-0.0006058029419580778,-3.84203672230861e-06,False,0.0,0.0,-0.006736313696009138,-0.03059521333604604,0.18441020567926045,0.18824968933114344,1.61,0.91,-0.047154195872063966,-0.2141664933523223,0.03712928808823934,-0.16863503413568684,
1791389495.099912,balance,-0.03351479672920291,-0.00878108452309622,-0.007874856180467325,-0.05587219862080137,-3.857122863898735e-05,-0.02567851177737458,0.17687184288673394,-0.002399165504853217,-0.0010688304352778036,-6.651675347877067e-06,False,0.0,0.0,-0.007729550009622336,-0.03217367602429114,0.18441020567926045,0.18824968933114344,1.6,0.93,-0.054106850067356355,-0.22521573217003796,0.04260381895067429,-0.17733522218113223,
1791389495.1098533,balance,-0.034085982750236214,-0.008460770643059452,-0.008421065182660902,-0.05493096180247289,-3.857122863898735e-05,-0.025703488796214303,0.17687184288673394,-0.003780731353386065,-0.001795991575003543,-9.92369889191261e-06,False,0.0,0.0,-0.008650778016382539,-0.033469813612520244,0.18441020567926045,0.18824968933114344,1.62,0.92,-0.06055544611467777,-0.2342886952876417,0.04768145363360454,-0.18447928762806434,
1791389495.1199257,balance,-0.0346629352818255,-0.008050871357481958,-0.008984520687678806,-0.058032189138548504,-3.857122863898735e-05,-0.025716985822785678,0.17687184288673394,-0.0016609710997324107,-0.0007477105392499323,-4.566302802412392e-06,False,0.0,0.0,-0.006877612961708957,-0.0346402485315991,0.18441020567926045,0.18824968933114344,1.6,0.9400000000000001,-0.048143290731962704,-0.2424817397211937,0.03790810293855331,-0.19093050371747533,
1791389495.129924,balance,-0.035277520952762376,-0.0075124858089594265,-0.009599106358615682,-0.06597780610427927,-3.857122863898735e-05,-0.025716985822785678,0.17687184288673394,-0.00546348345505296,-0.00270577822388907,-1.3788526155819449e-05,False,0.0,0.0,-0.010098567358422276,-0.036440608736486635,0.18441020567926045,0.18824968933114344,1.62,0.9400000000000001,-0.07068997150895592,-0.25508426115540644,0.05566139488894167,-0.20085374894126493,
1791389495.1399515,balance,-0.03599362404546927,-0.0068868961547623175,-0.010300182983176191,-0.07394296839356972,-3.857122863898735e-05,-0.02573201229093206,0.17687184288673394,-0.007383452440700338,-0.003656638662040924,-1.8634068893297068e-05,False,0.0,0.0,-0.011746502477053803,-0.03858242682587817,0.18441020567926045,0.18824968933114344,1.6,0.92,-0.08222551733937662,-0.2700769877811472,0.06474450184202883,-0.2126590454969663,
1791389495.1499133,balance,-0.036779651641540796,-0.006253630535947407,-0.011053442229305422,-0.08404946088175265,-3.857122863898735e-05,-0.025764780640874365,0.17687184288673394,-0.0065577654679235394,-0.0033292761105183613,-1.614244678702589e-05,False,0.0,0.0,-0.01092956638285855,-0.0410184388582361,0.18441020567926045,0.18824968933114344,1.61,0.9500000000000001,-0.07650696468000985,-0.2871290720076527,0.0602417044724487,-0.22608588347059266,
1791389495.1599045,balance,-0.03763440938616717,-0.005566489832550849,-0.011890337673970897,-0.0822043504207178,-3.857122863898735e-05,-0.025782642940835262,0.17687184288673394,-0.009036088805772396,-0.004910573133094112,-2.062757836339142e-05,False,0.0,0.0,-0.013045372732924236,-0.04279244622751459,0.18441020567926045,0.18824968933114344,1.6,0.9400000000000001,-0.09131760913046966,-0.2995471235926021,0.07190362923659029,-0.23586387684456858,
1791389495.1699038,balance,-0.03851156887375619,-0.004874942858589826,-0.012729727146149106,-0.08118289885995986,-3.857122863898735e-05,-0.025820412956246066,0.17687184288673394,-0.009562022881747465,-0.00516665674921552,-2.1976830662659724e-05,False,0.0,0.0,-0.013747436451530592,-0.043930313044664805,0.18441020567926045,0.18824968933114344,1.62,0.92,-0.09623205516071415,-0.3075121913126536,0.07577327178008988,-0.24213558371075086,
1791389495.1799047,balance,-0.03938528677946812,-0.0041941964010113,-0.013563170438368816,-0.08087510532474865,-3.857122863898735e-05,-0.025860687569738288,0.17687184288673394,-0.009989872006825622,-0.005599728936704661,-2.1950715350604807e-05,False,0.0,0.0,-0.014725725502968271,-0.044862489249019456,0.18441020567926045,0.18824968933114344,1.6,0.92,-0.1030800785207779,-0.3140374247431362,0.08116541615809283,-0.247273562789871,
1791389495.1899025,balance,-0.040260205186262686,-0.0034713954387783105,-0.014416431711895644,-0.08756135373717326,-3.857122863898735e-05,-0.025882344703006033,0.17687184288673394,-0.006771630408267767,-0.0037536653848509855,-1.5089825117083907e-05,False,0.0,0.0,-0.013641167763289592,-0.045214400023081136,0.18441020567926045,0.18824968933114344,1.6,0.91,-0.09548817434302714,-0.31650080016156795,0.07518753885277728,-0.24921322847367555,
1791389495.1999466,balance,-0.04117079373069061,-0.0027961571545863455,-0.015281618389647884,-0.0948382418507788,-3.857122863898735e-05,-0.025927746569681717,0.17687184288673394,-0.0070795857869114355,-0.004144489026355324,-1.467548380278056e-05,False,0.0,0.0,-0.015682028674331657,-0.04597480415958607,0.18441020567926045,0.18824968933114344,1.61,0.92,-0.1097742007203216,-0.3218236291171025,0.08643637851993827,-0.25340443237567123,
1791389495.2099352,balance,-0.042125197475943565,-0.0021252866315664165,-0.016212250874786834,-0.10146539372496687,-3.857122863898735e-05,-0.025951517829795715,0.17687184288673394,-0.008517675753539396,-0.005370370521013466,-1.5736526162629654e-05,False,0.0,0.0,-0.018509871788051125,-0.04721119098848818,0.18441020567926045,0.18824968933114344,1.62,0.92,-0.12956910251635786,-0.33047833691941725,0.10202291536721092,-0.260219162928675,
1791389495.2199204,balance,-0.043118122712764724,-0.0014974972187078062,-0.017179973489460886,-0.09835727177210082,-3.857122863898735e-05,-0.02597672045194283,0.17687184288673394,-0.011095404703432862,-0.006874879679603764,-2.110262511914549e-05,False,0.0,0.0,-0.02134865563994856,-0.048221380352591256,0.18441020567926045,0.18824968933114344,1.61,0.93,-0.14944058947963992,-0.3375496624681388,0.11766975549577946,-0.26578713580168406,
1791389495.2298994,balance,-0.044111983569864906,-0.0009169048968251692,-0.018146573595041227,-0.09632492659313757,-3.857122863898735e-05,-0.02600398120346267,0.17687184288673394,-0.007017829273630349,-0.0044465412490591666,-1.2856440122855912e-05,False,0.0,0.0,-0.018638723295920864,-0.048527352796904004,0.18441020567926045,0.18824968933114344,1.62,0.93,-0.13047106307144604,-0.339691469578328,0.10273312052869767,-0.26747359809317167,
1791389495.2399101,balance,-0.04511486105028697,-0.0003747590298361907,-0.019092625539306313,-0.09463708564979492,-3.857122863898735e-05,-0.026060806739619646,0.17687184288673394,-0.007268948412572166,-0.0029075793650288665,-2.18068452377165e-05,False,0.0,0.0,-0.020121326082246,-0.04932535877747006,0.18441020567926045,0.18824968933114344,1.62,0.93,-0.140849282575722,-0.3452775114422904,0.11090494691001732,-0.271872056253772,
1791389495.2499063,balance,-0.04602597173494214,0.00019913132808958584,-0.01997425016839548,-0.09091085067626833,-3.857122863898735e-05,-0.02609029279518565,0.17687184288673394,-0.009509517278434663,-0.003803806911373865,-2.852855183530399e-05,False,0.0,0.0,-0.02263358601672629,-0.04980911024365026,0.18441020567926045,0.18824968933114344,1.62,0.93,-0.15843510211708403,-0.34866377170555185,0.12475204891108979,-0.2745384029177574,
1791389495.259903,balance,-0.04689064392925165,0.0007919046829353822,-0.0207769546365795,-0.0828813040228105,-3.857122863898735e-05,-0.02615226052131114,0.17687184288673394,-0.007790919654630263,-0.003373968347513018,-2.2084756535586222e-05,False,0.0,0.0,-0.022181883651072314,-0.048989727764319424,0.18441020567926045,0.18824968933114344,1.61,0.92,-0.1552731855575062,-0.34292809435023597,0.12226235083268204,-0.2700221215356189,
1791389495.2698996,balance,-0.0477011350311737,0.0013673130458119957,-0.021523188174618554,-0.0771216589459514,-3.857122863898735e-05,-0.026216518085194138,0.17687184288673394,-0.006225235393854365,-0.00273463731877564,-1.7452990375393625e-05,False,0.0,0.0,-0.022316002669463878,-0.04817146438311647,0.18441020567926045,0.18824968933114344,1.61,0.93,-0.15621201868624715,-0.3372002506818153,0.12300158951673004,-0.2655120084108782,
1791389495.2799027,balance,-0.04852705732328666,0.0018973614645737687,-0.02228262340523737,-0.08301490954648442,-3.857122863898735e-05,-0.026283005146688274,0.17687184288673394,-0.0070229653200227045,-0.0031396553329805644,-1.94165499352107e-05,False,0.0,0.0,-0.024680530665753403,-0.047935177530574045,0.18441020567926045,0.18824968933114344,1.62,0.9400000000000001,-0.17276371466027382,-0.33554624271401834,0.1360344209923416,-0.2642096399322979,
1791389495.2899046,balance,-0.04935076624551739,0.002311411918465657,-0.023037551537490257,-0.07605242624289628,-3.857122863898735e-05,-0.026351785936666115,0.17687184288673394,-0.0065633690854434695,-0.002923986953919052,-1.819691065762209e-05,False,0.0,0.0,-0.025697710413541398,-0.0473064139510954,0.18441020567926045,0.18824968933114344,1.61,0.92,-0.17988397289478977,-0.3311448976576678,0.14164092353920454,-0.2607440139036754,
1791389495.299915,balance,-0.05015897456811707,0.002596437187000678,-0.02381046829448215,-0.07605752326150593,-3.857122863898735e-05,-0.026387077502273912,0.17687184288673394,-0.005061473846467031,-0.002420130139116678,-1.3206718536751766e-05,False,0.0,0.0,-0.026123354227924916,-0.04690428564485461,0.18441020567926045,0.18824968933114344,1.61,0.92,-0.18286347959547442,-0.3283299995139823,0.14398699180746016,-0.258527558672427,
1791389495.309879,balance,-0.05092152691165509,0.002804494932573925,-0.0244998021687316,-0.07738204226543628,-3.857122863898735e-05,-0.026460295971562478,0.17687184288673394,-0.005610670845263256,-0.0026652826203020204,-1.4726941124806178e-05,False,0.0,0.0,-0.027996413048846258,-0.046940578021585154,0.18441020567926045,0.18824968933114344,1.61,0.92,-0.1959748913419238,-0.3285840461510961,0.15431093806450694,-0.25872759539456386,
1791389495.3199277,balance,-0.051633804812898525,0.002984558026933496,-0.02513691079780608,-0.06755408651499811,-3.857122863898735e-05,-0.026535465243731435,0.17687184288673394,-0.004747413441688664,-0.0026537377374798855,-1.046837852104389e-05,False,0.0,0.0,-0.02801093919372997,-0.04624640032453941,0.18441020567926045,0.18824968933114344,1.61,0.92,-0.1960765743561098,-0.32372480227177586,0.15439100343000772,-0.25490141911163455,
1791389495.3298962,balance,-0.052299908509263415,0.0031650559896402156,-0.025726058820376232,-0.06175836790478331,-3.857122863898735e-05,-0.026612420917526167,0.17687184288673394,-0.004877866053208845,-0.002521915660591301,-1.1779751963087721e-05,False,0.0,0.0,-0.02898992166897855,-0.04567270254218904,0.18441020567926045,0.18824968933114344,1.6,0.9400000000000001,-0.20292945168284987,-0.3197089177953233,0.15978696982901563,-0.25173930535064826,
1791389495.3398952,balance,-0.05291676009893542,0.003354709838105337,-0.02626430281755785,-0.05824764446840695,-3.857122863898735e-05,-0.026691028510016555,0.17687184288673394,-0.0030891658668301446,-0.0016979862022210733,-6.955898323045357e-06,False,0.0,0.0,-0.027745660694122085,-0.04516258476974603,0.18441020567926045,0.18824968933114344,1.61,0.93,-0.19421962485885458,-0.3161380933882222,0.15292883847153904,-0.24892763258915132,
1791389495.3499324,balance,-0.053535151255321975,0.00347803506021515,-0.02680246517368363,-0.05893574422215415,-3.857122863898735e-05,-0.026771257310277328,0.17687184288673394,-0.004024016917702359,-0.002174300817297857,-9.248580502022508e-06,False,0.0,0.0,-0.029204288980107723,-0.04547770043698204,0.18441020567926045,0.18824968933114344,1.61,0.9400000000000001,-0.20443002286075407,-0.3183439030588743,0.16096852193760164,-0.2506644905975388,
1791389495.35998,balance,-0.05414471162218404,0.0035134302420220974,-0.027330218110725075,-0.06003262462368092,-3.857122863898735e-05,-0.026853064740097948,0.17687184288673394,-0.004236003704953058,-0.0023744520957232167,-9.307758046149207e-06,False,0.0,0.0,-0.02912171054165065,-0.04657615171263753,0.18441020567926045,0.18824968933114344,1.6,0.9400000000000001,-0.20385197379155456,-0.3260330619884627,0.16051336519020043,-0.25671894644760845,
1791389495.3699389,balance,-0.05473202542660725,0.00350833452103274,-0.027875655617275567,-0.057760717009290925,-3.857122863898735e-05,-0.02689494103797067,0.17687184288673394,-0.0072783887550764495,-0.0041703517710779715,-1.554018491999239e-05,False,0.0,0.0,-0.031455268257770896,-0.047238648739317705,0.18441020567926045,0.18824968933114344,1.6,0.9500000000000001,-0.22018687780439627,-0.33067054117522393,0.1733754943341703,-0.26037050486238106,
1791389495.3799155,balance,-0.05528449078903762,0.003461339483146037,-0.02834322741601064,-0.05271531405500014,-3.857122863898735e-05,-0.02697983460166596,0.17687184288673394,-0.00664635294689858,-0.003932197858850771,-1.3570775440239044e-05,False,0.0,0.0,-0.0304978834865375,-0.04773497499786705,0.18441020567926045,0.18824968933114344,1.61,0.91,-0.2134851844057625,-0.33414482498506937,0.1680985703982382,-0.2631061614055664,
1791389495.389897,balance,-0.05585259907579849,0.0034147106732855697,-0.028868284484018437,-0.05185917847685079,-3.857122863898735e-05,-0.02702288582041904,0.17687184288673394,-0.004831200400603606,-0.003098631981076798,-8.662842097634038e-06,False,0.0,0.0,-0.029024959606475647,-0.048494285509313104,0.18441020567926045,0.18824968933114344,1.62,0.93,-0.20317471724532954,-0.3394599985651917,0.1599800923191571,-0.26729133745290684,
1791389495.3999135,balance,-0.05640452511293644,0.0034228972853961787,-0.029332357429080406,-0.053865774984389325,-3.857122863898735e-05,-0.027110738912495026,0.17687184288673394,-0.00511755260746639,-0.003258425267349941,-9.295636700582245e-06,False,0.0,0.0,-0.03007277299761164,-0.048856794901027484,0.18441020567926045,0.18824968933114344,1.6,0.9400000000000001,-0.2105094109832815,-0.3419975643071924,0.1657554417191193,-0.2692894207143247,
1791389495.409904,balance,-0.05692708406694441,0.00344583283889637,-0.029765743073364898,-0.05497984559553966,-3.857122863898735e-05,-0.027199912222218497,0.17687184288673394,-0.0031336216883285127,-0.0012534486753314053,-9.400865064985538e-06,False,0.0,0.0,-0.028760348810854784,-0.049157485018758974,0.18441020567926045,0.18824968933114344,1.61,0.93,-0.20132244167598348,-0.3441023951313128,0.15852160761888462,-0.2709467678199313,
1791389495.4199286,balance,-0.05751500497920065,0.003409470949488791,-0.030263026854191962,-0.06053773739731456,-3.857122863898735e-05,-0.02729054935364768,0.17687184288673394,-0.0026406523629579335,-0.0010562609451831735,-7.9219570888738e-06,False,0.0,0.0,-0.02880867488260703,-0.0504690742101992,0.18441020567926045,0.18824968933114344,1.61,0.9500000000000001,-0.2016607241782492,-0.3532835194713944,0.158787971793897,-0.27817599958377515,
1791389495.4299324,balance,-0.058186036195983115,0.003301984093225417,-0.030841731669051044,-0.07051555606411218,-3.857122863898735e-05,-0.027382875755571055,0.17687184288673394,-0.0029742144638066686,-0.0011909284009456013,-8.916430314305336e-06,False,0.0,0.0,-0.02959948690417568,-0.05218879729517898,0.18441020567926045,0.18824968933114344,1.61,0.9400000000000001,-0.20719640832922975,-0.36532158106625284,0.16314677821199192,-0.287654788241144,
1791389495.4399123,balance,-0.058902877711242606,0.003147526530903209,-0.03151123532453408,-0.0715687770808146,-3.857122863898735e-05,-0.02743021361534752,0.17687184288673394,-0.005513117868844332,-0.0023532513903221715,-1.5799332392610803e-05,False,0.0,0.0,-0.032087746466831046,-0.05374720900577885,0.18441020567926045,0.18824968933114344,1.61,0.9400000000000001,-0.22461422526781732,-0.37623046304045193,0.17686159469906876,-0.29624445908697,
1791389495.4499292,balance,-0.05958881722537873,0.0030336710422892758,-0.03214887907641219,-0.06625128784235565,-3.857122863898735e-05,-0.02747850937760553,0.17687184288673394,-0.003338401028004056,-0.0015183998006462183,-9.10000613678919e-06,False,0.0,0.0,-0.030340641700665874,-0.05450724583547682,0.18441020567926045,0.18824968933114344,1.6,0.93,-0.21238449190466113,-0.38155072084833774,0.16723188338949696,-0.30043363846325805,
1791389495.459891,balance,-0.06022648010688959,0.0030005723675659516,-0.03273771458856607,-0.051146591304390705,-3.857122863898735e-05,-0.02752733674696251,0.17687184288673394,-0.0015529871477906766,-0.0007353138610569926,-4.08836643366842e-06,False,0.0,0.0,-0.02843103924517025,-0.05450806564873763,0.18441020567926045,0.18824968933114344,1.61,0.9400000000000001,-0.19901727471619174,-0.3815564595411634,0.1567065155245604,-0.3004381571190263,
1791389495.4699101,balance,-0.06071820645607832,0.0030805344482946555,-0.033130118887602034,-0.0412537019166158,-3.857122863898735e-05,-0.027626658797115275,0.17687184288673394,-0.0019023643425580203,-0.0008741216376604234,-5.1412135244879845e-06,False,0.0,0.0,-0.028980866062618352,-0.053399301607856685,0.18441020567926045,0.18824968933114344,1.61,0.93,-0.20286606243832847,-0.3737951112549968,0.1597370570380539,-0.294326859255903,
1791389495.4799268,balance,-0.061158329555806266,0.00323401906958074,-0.03346985861163747,-0.041400315327584016,-3.857122863898735e-05,-0.027727042172807793,0.17687184288673394,-0.002970744372833052,-0.0014573997767847462,-7.5667229802415304e-06,False,0.0,0.0,-0.030716321021750637,-0.05241430255596121,0.18441020567926045,0.18824968933114344,1.6,0.93,-0.21501424715225445,-0.3669001178917285,0.16930255681279877,-0.28889773062340823,
1791389495.4899068,balance,-0.06158710978036507,0.003335916453521138,-0.03379726412740079,-0.0417625041167323,-3.857122863898735e-05,-0.027828416881603275,0.17687184288673394,-0.0017809720551303383,-0.0008986346050251729,-4.411687250525827e-06,False,0.0,0.0,-0.030655015352665436,-0.05157863309810928,0.18441020567926045,0.18824968933114344,1.61,0.92,-0.21458510746865805,-0.361050431686765,0.16896465155012444,-0.2842916784935157,
1791389495.4999347,balance,-0.062023412563338085,0.003306365908150098,-0.034131202888052936,-0.04721056653134662,-3.857122863898735e-05,-0.02793078090392413,0.17687184288673394,-0.0019117062679977939,-0.0009824313881829625,-4.646374399074157e-06,False,0.0,0.0,-0.03256813319256521,-0.05100038945685285,0.18441020567926045,0.18824968933114344,1.61,0.9400000000000001,-0.2279769323479565,-0.3570027261979699,0.17950939554957204,-0.28110450881729915,
1791389495.5098941,balance,-0.06249845669223711,0.0031909419922644612,-0.03455461881789486,-0.04958017330986936,-3.857122863898735e-05,-0.027982409102981234,0.17687184288673394,-0.004547164006311253,-0.0024923182598850257,-1.0274228732131136e-05,False,0.0,0.0,-0.0358210667434663,-0.051346086380965106,0.18441020567926045,0.18824968933114344,1.61,0.9500000000000001,-0.2507474672042641,-0.35942260466675574,0.19743895055453867,-0.2830099249344533,
1791389495.519923,balance,-0.0629708010199163,0.0030270107870600735,-0.03492223405923987,-0.03960627630435738,-3.857122863898735e-05,-0.028087138189315405,0.17687184288673394,-0.005127050062960346,-0.002778274209164183,-1.1743879268980819e-05,False,0.0,0.0,-0.03556304406235683,-0.05142530979715142,0.18441020567926045,0.18824968933114344,1.6,0.9500000000000001,-0.2489413084364978,-0.3599771685800599,0.19601677829645497,-0.283446589433118,
1791389495.5299227,balance,-0.06338504791589639,0.002889567299542867,-0.03523076025879572,-0.036009036502424804,-3.857122863898735e-05,-0.02819285888573965,0.17687184288673394,-0.004423874091970456,-0.0025622888239143415,-9.307926340280573e-06,False,0.0,0.0,-0.034295962934259176,-0.05137946223900644,0.18441020567926045,0.18824968933114344,1.6,0.9500000000000001,-0.24007174053981423,-0.35965623567304505,0.18903286656678286,-0.2831938863567284,
1791389495.5399137,balance,-0.06370066706481595,0.0028751105705216284,-0.03554637940771528,-0.024092577960276463,-3.857122863898735e-05,-0.02819285888573965,0.17687184288673394,0.00012029599663809203,6.91138902226531e-05,2.5591053207719466e-07,False,0.0,0.0,-0.030363906093614508,-0.05107244413203349,0.18441020567926045,0.18824968933114344,1.61,0.96,-0.21254734265530156,-0.35750710892423443,0.1673601123270091,-0.2815016605702633,
1791389495.5498872,balance,-0.06388332827671438,0.0029916255293235884,-0.03562201884665124,-0.014794164439453718,-3.857122863898735e-05,-0.028299880658702124,0.17687184288673394,0.0006303345520662734,0.00037880582693203426,1.2576436256711959e-06,False,0.0,0.0,-0.029922190669287023,-0.05025667556964984,0.18441020567926045,0.18824968933114344,1.61,0.92,-0.20945533468500915,-0.3517967289875489,0.16492546038189698,-0.2770052984153928,
1791389495.5599082,balance,-0.06403058908487554,0.003157565377830316,-0.035662124276099355,-0.017092315631604068,-3.857122863898735e-05,-0.02840703603741516,0.17687184288673394,-0.00022673981554142869,-0.00013837647564538723,-4.418166994802073e-07,False,0.0,0.0,-0.030989104855072846,-0.04975961386118353,0.18441020567926045,0.18824968933114344,1.61,0.93,-0.21692373398550993,-0.3483172970282847,0.17080608975237002,-0.2742655882112478,
1791389495.5699255,balance,-0.06416837710563839,0.003275488032645074,-0.035692673918205575,-0.015061414666655122,-3.857122863898735e-05,-0.028514274416071798,0.17687184288673394,-0.000751687319505437,-0.00045290254704850825,-1.4939238622846437e-06,False,0.0,0.0,-0.03170014837249725,-0.04918914606667425,0.18441020567926045,0.18824968933114344,1.62,0.93,-0.22190103860748078,-0.3443240224667198,0.17472522724998488,-0.2711212775328502,
1791389495.5799212,balance,-0.06438821562638639,0.003270453989947399,-0.03580498691170948,-0.021308918658606874,-3.857122863898735e-05,-0.028621799943315887,0.17687184288673394,-0.0015245145864067444,-0.0006098058345626978,-4.573543759220233e-06,False,0.0,0.0,-0.033193717311456684,-0.04935168453127404,0.18441020567926045,0.18824968933114344,1.61,0.92,-0.2323560211801968,-0.3454617917189183,0.18295749699228095,-0.2720171588337939,
1791389495.589915,balance,-0.06467223678444198,0.003174099431783443,-0.03598099797001683,-0.026886630069337704,-3.857122863898735e-05,-0.028729810043064127,0.17687184288673394,-0.0018122179540271852,-0.0007248871816108741,-5.436653862081555e-06,False,0.0,0.0,-0.03393167905022901,-0.049809178186427966,0.18441020567926045,0.18824968933114344,1.61,0.92,-0.23752175335160305,-0.3486642473049958,0.18702500263905752,-0.27453877740550847,
1791389495.599912,balance,-0.06500949373826502,0.0030901451961116446,-0.036209607154827295,-0.037988761253066446,-3.857122863898735e-05,-0.028838457812076713,0.17687184288673394,-0.0020943605913505414,-0.000864666235572064,-6.148471778892387e-06,False,0.0,0.0,-0.03462902014813741,-0.05086699356174857,0.18441020567926045,0.18824968933114344,1.6,0.9400000000000001,-0.24240314103696187,-0.35606895493224,0.19086861498973376,-0.2803692558521575,
1791389495.6098955,balance,-0.06541638882714525,0.0030758286555337146,-0.036561833404374106,-0.04097915639640961,-3.857122863898735e-05,-0.02889312665141013,0.17687184288673394,-0.003955289486959066,-0.0017067454020183825,-1.1242720424703417e-05,False,0.0,0.0,-0.03598814978852799,-0.052422727033884176,0.18441020567926045,0.18824968933114344,1.61,0.9400000000000001,-0.25191704851969593,-0.36695908923718923,0.19835988072417002,-0.2889441647536923,
1791389495.6199057,balance,-0.06583449125753493,0.0031841535358720693,-0.03686932872701727,-0.04000828553136283,-3.857122863898735e-05,-0.02900373375915664,0.17687184288673394,-0.004284881411500799,-0.0018955961319809124,-1.1946426397599431e-05,False,0.0,0.0,-0.03549474387243994,-0.053863790577836086,0.18441020567926045,0.18824968933114344,1.61,0.9400000000000001,-0.2484632071070796,-0.3770465340448526,0.19564032055675556,-0.2968870346809863,
1791389495.629904,balance,-0.06631649774362157,0.0034035090587261436,-0.03723965853986093,-0.04862637018463626,-3.857122863898735e-05,-0.02911541043239962,0.17687184288673394,-0.0035626975326252036,-0.001753341084948772,-9.046782238382158e-06,False,0.0,0.0,-0.034913888818602426,-0.05561446045354826,0.18441020567926045,0.18824968933114344,1.62,0.9400000000000001,-0.244397221730217,-0.38930122317483784,0.1924387572678874,-0.3065363962006597,
1791389495.6399417,balance,-0.06680052441082057,0.003670182895730885,-0.03761088474758266,-0.045430087400586364,-3.857122863898735e-05,-0.0292282108918769,0.17687184288673394,-0.003528728635106956,-0.0017146807674020693,-9.070239338524432e-06,False,0.0,0.0,-0.034787180303580474,-0.0561790422599108,0.18441020567926045,0.18824968933114344,1.6,0.93,-0.24351026212506333,-0.3932532958193756,0.1917403638780026,-0.3096482644247052,
1791389495.6499302,balance,-0.06734124092971044,0.003953818719802992,-0.03803755887300188,-0.052947867960403176,-3.857122863898735e-05,-0.02934225328534755,0.17687184288673394,-0.003809649738386398,-0.0018985655851718553,-9.555420766072715e-06,False,0.0,0.0,-0.03557677207725274,-0.057247576816733356,0.18441020567926045,0.18824968933114344,1.61,0.93,-0.24903740454076917,-0.4007330377171335,0.19609244452029068,-0.31553782497412086,
1791389495.6599245,balance,-0.06790827200595612,0.004153903897144992,-0.038489207954037694,-0.057138971950454344,-3.857122863898735e-05,-0.029457635280557403,0.17687184288673394,-0.0035076908863031653,-0.0017262701893539362,-8.907103484746146e-06,False,0.0,0.0,-0.03610211940725949,-0.05789341021300143,0.18441020567926045,0.18824968933114344,1.61,0.9500000000000001,-0.25271483585081644,-0.40525387149101,0.19898805972505232,-0.3190975366070945,
1791389495.6699088,balance,-0.06854076572956116,0.004224598923213664,-0.0390048122490365,-0.07095483479105084,-3.857122863898735e-05,-0.029574524709163653,0.17687184288673394,-0.0032235919918676727,-0.0016816700874667393,-7.709609522004667e-06,False,0.0,0.0,-0.036932601143476906,-0.05924675967680117,0.18441020567926045,0.18824968933114344,1.61,0.9500000000000001,-0.25852820800433834,-0.4147273177376082,0.20356551811365223,-0.3265569431004789,
1791389495.6798823,balance,-0.06923412357303128,0.004299427139934356,-0.039638622837367854,-0.07714725216364601,-3.857122863898735e-05,-0.029634071964302414,0.17687184288673394,-0.004773979028771907,-0.002653744365160475,-1.0601173318057159e-05,False,0.0,0.0,-0.03911573225715286,-0.060454878978059456,0.18441020567926045,0.18824968933114344,1.61,0.9500000000000001,-0.27381012580007,-0.4231841528464162,0.21559852425202364,-0.3332158683830049,
1791389495.689908,balance,-0.06995199776467471,0.004350243822271487,-0.04023595105794636,-0.07506217561209295,-3.857122863898735e-05,-0.029754617935367333,0.17687184288673394,-0.004696553873179283,-0.0027056213437123837,-9.954662647334497e-06,False,0.0,0.0,-0.039509513886065814,-0.06128369649247636,0.18441020567926045,0.18824968933114344,1.61,0.93,-0.2765665972024607,-0.4289858754473345,0.21776897417516589,-0.337784153895539,
1791389495.6999393,balance,-0.07069844065409196,0.004405931307949339,-0.04085997775932333,-0.07165848010763397,-3.857122863898735e-05,-0.029877034123407614,0.17687184288673394,-0.004648892925808158,-0.0027070730122499722,-9.70909956779093e-06,False,0.0,0.0,-0.03934532058370789,-0.06258696345021929,0.18441020567926045,0.18824968933114344,1.62,0.9400000000000001,-0.27541724408595525,-0.438108744151535,0.2168639717212246,-0.3449675150799488,
1791389495.7098951,balance,-0.07150250872809352,0.0045050152230868635,-0.04160204063815175,-0.08146482664543014,-3.857122863898735e-05,-0.02993903931858076,0.17687184288673394,-0.0038060352740133486,-0.0017665941206265164,-1.019720576693416e-05,False,0.0,0.0,-0.03902784978610601,-0.06419053888288942,0.18441020567926045,0.18824968933114344,1.61,0.9,-0.27319494850274206,-0.44933377218022597,0.21511413267932444,-0.3538061198269496,
1791389495.7199016,balance,-0.07231979803374952,0.004633260066595723,-0.04235616865737476,-0.08458713134672351,-3.857122863898735e-05,-0.030002200605013747,0.17687184288673394,-0.0025966376404847336,-0.0015685486674403937,-5.140444865221699e-06,False,0.0,0.0,-0.03858100406531473,-0.06530864986853858,0.18441020567926045,0.18824968933114344,1.61,0.9500000000000001,-0.2700670284572031,-0.4571605490797701,0.21265120350960873,-0.3599689362832835,
1791389495.7299109,balance,-0.07319734365469631,0.0047865742350911575,-0.043169386298014985,-0.08870165445576747,-3.857122863898735e-05,-0.030066528585320308,0.17687184288673394,-0.00014785247279650574,-9.023251629706711e-05,-2.8809978249719314e-07,False,0.0,0.0,-0.03798420715114,-0.06641657316316207,0.18441020567926045,0.18824968933114344,1.61,0.9400000000000001,-0.26588945005798004,-0.4649160121421345,0.20936177169919687,-0.3660756001119169,
1791389495.7399275,balance,-0.0740535766183939,0.004929915070389273,-0.043959580832820006,-0.082713531684634,-3.857122863898735e-05,-0.030132567014212876,0.17687184288673394,-0.003141156721318303,-0.0012564626885273212,-9.423470163954908e-06,False,0.0,0.0,-0.04105043631718904,-0.06734312020553727,0.18441020567926045,0.18824968933114344,1.59,0.93,-0.2873530542203233,-0.4714018414387609,0.22626224741757742,-0.37118255231398495,
1791389495.749906,balance,-0.07487676638636209,0.005068410518606715,-0.04471559644488701,-0.07939666408202803,-3.857122863898735e-05,-0.03019974117011406,0.17687184288673394,-0.005434931989174876,-0.0021739727956699506,-1.6304795967524627e-05,False,0.0,0.0,-0.04331152351730206,-0.06750712500654434,0.18441020567926045,0.18824968933114344,1.61,0.9400000000000001,-0.3031806646211144,-0.47254987504581036,0.23872493277253104,-0.3720865157841026,
1791389495.7599282,balance,-0.07556320980103792,0.005184813882839459,-0.045266293924199646,-0.06407837782877952,-3.857122863898735e-05,-0.030335487105477264,0.17687184288673394,-0.0058516341904964395,-0.0023406536761985757,-1.755490257148932e-05,False,0.0,0.0,-0.04377253562239584,-0.0663670051111594,0.18441020567926045,0.18824968933114344,1.6,0.9,-0.30640774935677084,-0.46456903577811576,0.2412659443754101,-0.3658023903764691,
1791389495.7699053,balance,-0.07614041313413128,0.005261090835576108,-0.04570636938700763,-0.048301107050991963,-3.857122863898735e-05,-0.03047261497576263,0.17687184288673394,-0.004182267769906162,-0.0017461732906573577,-1.2180472396244023e-05,False,0.0,0.0,-0.0422129711459838,-0.06442399189120541,0.18441020567926045,0.18824968933114344,1.61,0.9500000000000001,-0.2954907980218866,-0.4509679432384379,0.2326699197022729,-0.3550928686916834,
1791389495.7799065,balance,-0.07665417496682146,0.0053129677587249145,-0.046081873172126586,-0.04433173822087739,-3.857122863898735e-05,-0.030610873023333856,0.17687184288673394,-0.003820284536286719,-0.001678184357748891,-1.0710500892689141e-05,False,0.0,0.0,-0.04334120964539341,-0.06259617915064887,0.18441020567926045,0.18824968933114344,1.61,0.9400000000000001,-0.3033884675177539,-0.4381732540545421,0.23888855710059362,-0.345018310279167,
1791389495.7899072,balance,-0.07710407411974506,0.005341817007318486,-0.046392537858473096,-0.04402786071918331,-3.857122863898735e-05,-0.030750107489910947,0.17687184288673394,-0.0021455371246184908,-0.000969180484794049,-5.881783199122208e-06,False,0.0,0.0,-0.04355642071379217,-0.06117819356035412,0.18441020567926045,0.18824968933114344,1.61,0.9400000000000001,-0.3048949449965452,-0.42824735492247884,0.24007475983979934,-0.3372026416712432,
1791389495.7998953,balance,-0.0775128668698517,0.005356663784608171,-0.04666125214373289,-0.03372825501430474,-3.857122863898735e-05,-0.030890185954757798,0.17687184288673394,-0.0011011278248959661,-0.0005367721315765057,-2.821778466597302e-06,False,0.0,0.0,-0.04407119691811665,-0.059508051616506935,0.18441020567926045,0.18824968933114344,1.61,0.9400000000000001,-0.30849837842681654,-0.4165563613155485,0.24291210899749333,-0.3279971348941327,
1791389495.8099034,balance,-0.07782477469717586,0.005370006752102474,-0.04683251861809497,-0.02899572572165761,-3.857122863898735e-05,-0.03103082730771987,0.17687184288673394,-0.0009168624377724525,-0.0005894819435762979,-1.6369024709807727e-06,False,0.0,0.0,-0.04458237464839584,-0.05844895421366607,0.18441020567926045,0.18824968933114344,1.6,0.91,-0.3120766225387709,-0.40914267949566246,0.2457296240462763,-0.3221595901540649,
1791389495.8199122,balance,-0.07803582006278179,0.005383038207957778,-0.04690261965097786,-0.010203832625948877,-3.857122863898735e-05,-0.03117177164044291,0.17687184288673394,-0.0012425533189261123,-0.0006327567650874367,-3.048982769193378e-06,False,0.0,0.0,-0.04458254348577482,-0.05654275193052231,0.18441020567926045,0.18824968933114344,1.6,0.93,-0.3120778044004237,-0.39579926351365613,0.2457305546460029,-0.3116529633965796,
1791389495.8299026,balance,-0.07811606941251496,0.005412854300738594,-0.046912394697209966,0.0029572842564296723,-3.857122863898735e-05,-0.031242245943943977,0.17687184288673394,-0.00029045689950738993,-0.00015062126647009567,-6.991781651864713e-07,False,0.0,0.0,-0.04345919529055629,-0.05468816646809788,0.18441020567926045,0.18824968933114344,1.61,0.9400000000000001,-0.30421436703389404,-0.3828171652766852,0.23953887168023152,-0.3014308388005395,
1791389495.8399255,balance,-0.07807244727423557,0.005406058249758057,-0.046798425857335894,0.010831759174052059,-3.857122863898735e-05,-0.03131259264553866,0.17687184288673394,0.0017704143731634072,0.0009428483047503332,4.13783034206537e-06,False,0.0,0.0,-0.04145649782453203,-0.052962047716169365,0.18441020567926045,0.18824968933114344,1.6,0.9500000000000001,-0.2901954847717242,-0.37073433401318556,0.22850038171001905,-0.29191679843557916,
1791389495.8498957,balance,-0.07789694673947387,0.005390850632455366,-0.046483033891987456,0.020188366929573404,-3.857122863898735e-05,-0.031452484076125393,0.17687184288673394,0.001733375875702578,0.0009204284677895865,4.064737039564958e-06,False,0.0,0.0,-0.04150329752311384,-0.0510258642037115,0.18441020567926045,0.18824968933114344,1.6,0.9400000000000001,-0.2905230826617969,-0.3571810494259805,0.22875833280456448,-0.2812449208078587,
1791389495.85993,balance,-0.0775689389820319,0.005305419000257931,-0.046085578516974826,0.03813103366726641,-3.857122863898735e-05,-0.03152193169369606,0.17687184288673394,0.0021973810326550484,0.001265881576739087,4.657497279579807e-06,False,0.0,0.0,-0.04042309323191509,-0.04825706462969822,0.18441020567926045,0.18824968933114344,1.61,0.9,-0.28296165262340567,-0.33779945240788756,0.22280445088457138,-0.26598382079361227,
1791389495.8699307,balance,-0.07715476112851408,0.005165202397405323,-0.04553420904704866,0.04917486748362338,-3.857122863898735e-05,-0.0316591233101044,0.17687184288673394,0.0005579744517713415,0.0003335854605155715,1.12194495627885e-06,False,0.0,0.0,-0.04161847428025669,-0.045658109897058735,0.18441020567926045,0.18824968933114344,1.6,0.9500000000000001,-0.29132931996179684,-0.3196067692794111,0.22939316532424947,-0.2516588734483552,
1791389495.8798368,balance,-0.07659903674829231,0.004914716432438661,-0.04491066317823173,0.06715128303538756,-3.857122863898735e-05,-0.031726944798699565,0.17687184288673394,-0.00545099670482812,-0.003275830759407759,-1.0875829727101806e-05,False,0.0,0.0,-0.044664026252949796,-0.04301643422197748,0.18441020567926045,0.18824968933114344,1.6,0.91,-0.31264818377064857,-0.30111503955384233,0.2461796722603532,-0.23709845634160814,
1791389495.8899143,balance,-0.07576782405906225,0.004610060871399786,-0.04407945048900167,0.11057568734946924,-3.857122863898735e-05,-0.031726944798699565,0.17687184288673394,-0.017945698856275324,-0.010868341093557585,-3.53867888135887e-05,False,0.0,0.0,-0.046812583089176865,-0.0395093348004416,0.18441020567926045,0.18824968933114344,1.6,0.9400000000000001,-0.32768808162423807,-0.2765653436030912,0.2580221115151481,-0.21776798708904818,
1791389495.8999069,balance,-0.07435222915994437,0.004337412043418921,-0.04266385558988379,0.1805627698716602,-3.857122863898735e-05,-0.031726944798699565,0.17687184288673394,-0.02992480396724887,-0.018402296303113415,-5.7612538320677284e-05,False,0.0,0.0,-0.042231259094692275,-0.03461648022176999,0.18441020567926045,0.18824968933114344,1.61,0.9400000000000001,-0.2956188136628459,-0.24231536155238992,0.2327707194195637,-0.1907994972853464,
1791389495.909855,balance,-0.07207056449433867,0.004199354190984217,-0.040321617637891674,0.2699804527053584,-3.857122863898735e-05,-0.03178751808508598,0.17687184288673394,-0.03334965964668302,-0.017812472481822692,-7.768593582430166e-05,False,0.0,0.0,-0.032719741448124666,-0.026725104610948246,0.18441020567926045,0.18824968933114344,1.61,0.91,-0.22903819013687265,-0.18707573227663774,0.18034503160383672,-0.14730372620207696,
1791389495.9199135,balance,-0.06896124207106202,0.0041268348628199164,-0.03721229521461503,0.33042136569660274,-3.857122863898735e-05,-0.03178751808508598,0.17687184288673394,-0.024427823946277547,-0.00977112957851102,-7.328347183883264e-05,False,0.0,0.0,-0.020758439424706857,-0.017264668221923855,0.18441020567926045,0.18824968933114344,1.6,0.92,-0.145309075972948,-0.12085267755346699,0.11441659525428977,-0.09515958862477715,
1791389495.929902,balance,-0.06585150205832202,0.004081669373686668,-0.03410255520187502,0.28385596441603766,-3.857122863898735e-05,-0.03178751808508598,0.17687184288673394,-0.014292293072970886,-0.005967293774408158,-4.162499649281364e-05,False,0.0,0.0,-0.018455379753589927,-0.010921719652042293,0.18441020567926045,0.18824968933114344,1.61,0.93,-0.12918765827512949,-0.07645203756429605,0.1017225655709681,-0.06019845477503626,
1791389495.9399238,balance,-0.06347345442250568,0.003803213408049701,-0.031724507566058685,0.21540452541857769,-3.857122863898735e-05,-0.03178751808508598,0.17687184288673394,-0.009473514819519762,-0.004161549809186039,-2.6559825051668614e-05,False,0.0,0.0,-0.024621292845653595,-0.008356561118051116,0.18441020567926045,0.18824968933114344,1.61,0.9500000000000001,-0.17234904991957517,-0.05849592782635781,0.13570791332250012,-0.04605978569004552,
1791389495.949897,balance,-0.06167016049808764,0.00318413950268189,-0.02987531934360317,0.1682307815837488,-3.857122863898735e-05,-0.031833412383123455,0.17687184288673394,-0.012828556314881008,-0.005635361014512218,-3.596597650184395e-05,False,0.0,0.0,-0.032135525634663605,-0.009049401039365685,0.18441020567926045,0.18824968933114344,1.61,0.93,-0.22494867944264524,-0.06334580727555979,0.17712494444302773,-0.049878588405952586,
1791389495.959928,balance,-0.05997929860970459,0.0024301913059192578,-0.028141086790591012,0.18813330752995178,-3.857122863898735e-05,-0.031876783047752565,0.17687184288673394,-0.01167373536008492,-0.005400286469458592,-3.136724445313164e-05,False,0.0,0.0,-0.02938932551508389,-0.009263677378309894,0.18441020567926045,0.18824968933114344,1.6,0.93,-0.20572527860558723,-0.06484574164816925,0.1619884083508561,-0.05105963909304666,
1791389495.9699192,balance,-0.057773876166368705,0.0017016585297107173,-0.025895337555778067,0.24005365983593158,-3.857122863898735e-05,-0.03191710983922963,0.17687184288673394,-0.008096183609302851,-0.0038082372225629805,-2.143973193369935e-05,False,0.0,0.0,-0.01951309748590148,-0.006421407596976798,0.18441020567926045,0.18824968933114344,1.59,0.93,-0.13659168240131037,-0.04494985317883759,0.10755250582780343,-0.03539358518018708,
1791389495.9799125,balance,-0.05523383172397357,0.0011906794684969032,-0.023355293113382927,0.2591692851319684,-3.857122863898735e-05,-0.03191710983922963,0.17687184288673394,0.00835478544685257,0.004202630554339576,2.0760774462564975e-05,False,0.0,0.0,-0.0026449431609725797,-0.00286171426860818,0.18441020567926045,0.18824968933114344,1.6,0.93,-0.01851460212680806,-0.02003199988025726,0.014578426871502409,-0.015773228252171072,
1791389495.9898999,balance,-0.05302820961712286,0.0010418389270796325,-0.021085049006293773,0.19804174023518858,-3.857122863898735e-05,-0.03198173183946807,0.17687184288673394,0.007727029354233907,0.003934905668391243,1.8960618429213318e-05,False,0.0,0.0,-0.007509752778273151,-0.002498616177300516,0.18441020567926045,0.18824968933114344,1.61,0.96,-0.05256826944791206,-0.01749031324110361,0.041392338147962254,-0.013771900189845362,
1791389495.999904,balance,-0.051263222220135324,0.000914307998228656,-0.019261137663271942,0.16387257925169718,-3.857122863898735e-05,-0.032040655785502366,0.17687184288673394,0.008671376499386567,0.004537128131470408,2.0671241839580794e-05,False,0.0,0.0,-0.010608575390954228,-0.0018751602970897533,0.18441020567926045,0.18824968933114344,1.61,0.93,-0.0742600277366796,-0.013126122079628273,0.058472462784787085,-0.010335529196557695,
1791389496.009907,balance,-0.04965034941595601,0.0006925390450749541,-0.01762082358426953,0.17042756740135542,-3.857122863898735e-05,-0.03206809706032547,0.17687184288673394,0.011398176457171188,0.0049007031186722345,3.2487366692494765e-05,False,0.0,0.0,-0.008874621385582988,-0.00054069812705735,0.18441020567926045,0.18824968933114344,1.61,0.92,-0.06212234969908092,-0.0037848868894014504,0.04891523598352828,-0.0029802258971664965,
1791389496.0199306,balance,-0.04795924976986477,0.00037758799137298075,-0.015880904579244015,0.18001370476749734,-3.857122863898735e-05,-0.03211691641925975,0.17687184288673394,0.011959525899869388,0.0066108391074691155,2.6743433962001362e-05,False,0.0,0.0,-0.006500488555571364,0.0003681587094716782,0.18441020567926045,0.18824968933114344,1.59,0.92,-0.045503419888999544,0.0025771109663017475,0.0358294644795272,0.0020292212333084627,
1791389496.0299015,balance,-0.04598628727218312,-0.00014496855736230755,-0.013887080168440015,0.20504955777084716,-3.857122863898735e-05,-0.03213777833238209,0.17687184288673394,0.014979132301541902,0.008629276094709941,3.17492810341598e-05,False,0.0,0.0,-8.439427578085859e-05,0.003038992359118433,0.18441020567926045,0.18824968933114344,1.59,0.9400000000000001,-0.0005907599304660102,0.02127294651382903,0.00046516529957953557,0.016750351585692148,
1791389496.0399303,balance,-0.0438195581720583,-0.0007679128841204751,-0.011720351068315198,0.22118171498233477,-3.857122863898735e-05,-0.03213777833238209,0.17687184288673394,0.023012598178360627,0.013078371615994433,4.967113281183097e-05,False,0.0,0.0,0.009296652614372082,0.005811506122104142,0.18441020567926045,0.18824968933114344,1.59,0.93,0.06507656830060457,0.040680542854728996,-0.051241392362680764,0.032031923507660626,
1791389496.0499065,balance,-0.04178753985071648,-0.0011613177373559548,-0.009688332746973373,0.1757974833803447,-3.857122863898735e-05,-0.03213777833238209,0.17687184288673394,0.03407885642905339,0.016559607081314445,8.759624673869471e-05,False,0.0,0.0,0.015290033707063428,0.005511018685665831,0.18441020567926045,0.18824968933114344,1.58,0.9,0.107030235949444,0.03857713079966082,-0.08427577633814488,0.030375693543040014,
1791389496.0599203,balance,-0.0404620519698133,-0.001528517936864324,-0.008362844866070189,0.08757394713595826,-3.857122863898735e-05,-0.03213777833238209,0.17687184288673394,0.0448219251104327,0.02331283607676396,0.00010754544516834372,False,0.0,0.0,0.012220328173481829,0.002243459472136994,0.18441020567926045,0.18824968933114344,1.57,0.91,0.0855422972143728,0.01570421630495896,-0.06735613953887622,0.012365524649573984,
1791389496.0698977,balance,-0.03995863509451043,-0.002082790769029447,-0.007850509623300646,0.016389309279413733,-2.9652861172308614e-05,-0.03213777833238209,0.17694849231377188,0.0553110072716505,0.03642118127699822,9.444912997326142e-05,False,0.0,0.0,0.005285606213797555,-0.0018922166263287085,0.18461279140713438,0.18824968933114344,1.58,0.93,0.03699924349658289,-0.01324551638430096,-0.029133262595734555,-0.010429540460079496,
1791389496.0799036,balance,-0.04023697122925602,-0.0026929223197609824,-0.00812884575804624,-0.05879276277564528,-2.9652861172308614e-05,-0.03213777833238209,0.17694849231377188,0.06003345638298864,0.03411782736934098,0.0001295781450682383,False,0.0,0.0,-0.0030424069288563344,-0.006906841447787633,0.18461279140713438,0.18824968933114344,1.48,0.92,-0.021296848501994342,-0.04834789013451343,0.01676917204881444,-0.03806920483032554,
1791389496.0899076,balance,-0.04111002631591652,-0.0033413161430358297,-0.009001900844706735,-0.10325866652420677,-2.9652861172308614e-05,-0.03213777833238209,0.17694849231377188,0.050321493148792945,0.030006514556133682,0.00010157489296329631,False,0.0,0.0,-0.01238152179170449,-0.011625259348218968,0.18461279140713438,0.18824968933114344,1.48,0.93,-0.08667065254193143,-0.08137681543753278,0.06824460830073341,-0.06407623262797857,
1791389496.0999463,balance,-0.0420966714018993,-0.00409816385749873,-0.009973563111793489,-0.0613195474393445,-2.9652861172308614e-05,-0.032152761151278124,0.17694849231377188,0.0481321231993019,0.021966685240560162,0.0001308271897937087,False,0.0,0.0,-0.012603433669382217,-0.01268634842032722,0.18461279140713438,0.18824968933114344,1.45,0.92,-0.08822403568567552,-0.08880443894229054,0.06946774463439018,-0.06992475507266971,
1791389496.1098714,balance,-0.042294121903145236,-0.004703430020895602,-0.010155745301684331,0.009132604698872594,-2.9652861172308614e-05,-0.03216802946263322,0.17694849231377188,0.04966012375182523,0.023436050318199488,0.0001311203671681287,False,0.0,0.0,-0.0036050856489792536,-0.011159772843340013,0.18461279140713438,0.18824968933114344,1.48,0.9,-0.025235599542854776,-0.07811840990338009,0.019870550821145493,-0.06151055897903944,
1791389496.1199055,balance,-0.041963611930698044,-0.00508957825517886,-0.009825235329237132,0.049275578416274744,-2.9652861172308614e-05,-0.03216802946263322,0.17694849231377188,0.0543507033979038,0.026156629164921973,0.00014097037116490914,False,0.0,0.0,0.005532280689744145,-0.009331500562633994,0.18461279140713438,0.18824968933114344,1.48,0.92,0.03872596482820902,-0.06532050393843797,-0.03049288569150316,-0.051433467668061394,
1791389496.1298923,balance,-0.041563283250215174,-0.00551043081886916,-0.009424906648754262,0.023960312749667288,-2.9652861172308614e-05,-0.03216802946263322,0.17694849231377188,0.061474310338721076,0.039715052889653595,0.00010879628724533741,False,0.0,0.0,0.007512867573062796,-0.010237610313322024,0.18461279140713438,0.18824968933114344,1.49,0.91,0.05259007301143957,-0.07166327219325416,-0.041409506308220136,-0.056427773380515085,
1791389496.1399276,balance,-0.04186806196687805,-0.006074991644792479,-0.009729685365417136,-0.057644925496118125,-2.9652861172308614e-05,-0.03216802946263322,0.17694849231377188,0.056737490188707065,0.03788971282008632,9.423888684310374e-05,False,0.0,0.0,-0.0014355222038631836,-0.01441111340321294,0.18461279140713438,0.18824968933114344,1.48,0.93,-0.010048655427042285,-0.10087779382249058,0.007912327107907312,-0.07943133371849652,
1791389496.1499403,balance,-0.04278736105754613,-0.006898621995116132,-0.010648984456085218,-0.10129782944686594,-2.9652861172308614e-05,-0.03216802946263322,0.17694849231377188,0.05195225252839264,0.027425293312551478,0.0001226347960792058,False,0.0,0.0,-0.008830025617128602,-0.018338659986970058,0.18461279140713438,0.18824968933114344,1.56,0.96,-0.06181017931990021,-0.1283706199087904,0.048669432535354495,-0.10107922827463811,
1791389496.1598814,balance,-0.04381103714406853,-0.007986862452552378,-0.011681578910074299,-0.11083618864697557,-3.857122863898735e-05,-0.03216802946263322,0.17687184288673394,0.04699260677399842,0.02363825693822819,0.00011677174917885116,False,0.0,0.0,-0.011587587061793109,-0.022368359981138265,0.18441020567926045,0.18824968933114344,1.48,0.92,-0.08111310943255176,-0.15657851986796786,0.06386859010437146,-0.12329017312438414,
1791389496.1699557,balance,-0.044652683493001395,-0.009255411908620115,-0.01251430689154049,-0.05407712794502104,-2.9652861172308614e-05,-0.03216802946263322,0.17694849231377188,0.04081833647593142,0.016915490486582366,0.00011951422994674529,False,0.0,0.0,-0.007881815517127529,-0.023777902248553553,0.18461279140713438,0.18824968933114344,1.53,0.9,-0.0551727086198927,-0.16644531573987487,0.04344307765345882,-0.13105930373218494,
1791389496.1798368,balance,-0.04507330626658941,-0.010575768713225128,-0.012915527270630806,-0.015565386354462087,-2.9652861172308614e-05,-0.03218743185713091,0.17694849231377188,0.03947943996238455,0.016728885727650706,0.00011375277117366924,False,0.0,0.0,-0.0011986704301790176,-0.02519887413234593,0.18461279140713438,0.18824968933114344,1.49,0.91,-0.008390693011253123,-0.1763921189264215,0.0066068448907504905,-0.13889143222552874,
1791389496.1899283,balance,-0.04518284853618034,-0.011501857112153091,-0.013025069540221743,-0.01572018836171346,-2.9652861172308614e-05,-0.03218743185713091,0.17694849231377188,0.04496544236188548,0.020311757241217702,0.0001232684256033389,False,0.0,0.0,0.004804176845903429,-0.026197289173105685,0.18461279140713438,0.18824968933114344,1.47,0.89,0.033629237921324,-0.1833810242117398,-0.026479714898680316,-0.1443945072533384,
1791389496.1999028,balance,-0.045633849664296906,-0.012183997778617367,-0.013476070668338308,-0.0686891851832604,-2.9652861172308614e-05,-0.03218743185713091,0.17694849231377188,0.04303824608418677,0.020043367129736325,0.00011497439477225223,False,0.0,0.0,0.0012647184280263487,-0.02905600167908427,0.18461279140713438,0.18824968933114344,1.49,0.86,0.008853028996184441,-0.2033920117535899,-0.006970888973373576,-0.16015119035715739,
1791389496.2098906,balance,-0.046424575451294525,-0.012752999433966503,-0.01426679645533592,-0.08151319724633868,-2.9652861172308614e-05,-0.03218743185713091,0.17694849231377188,0.035969002902624704,0.01574463848356807,0.00010112182209528317,False,0.0,0.0,-0.004401220843210604,-0.03159546850470655,0.18461279140713438,0.18824968933114344,1.49,0.89,-0.030808545902474227,-0.22116827953294585,0.024258697561003326,-0.17414825160074476,
1791389496.2199411,balance,-0.04719907308623047,-0.013430851975244953,-0.01504129409027187,-0.07052939439976898,-2.9652861172308614e-05,-0.03218743185713091,0.17694849231377188,0.03203821846149925,0.019104267549752307,6.466975455873471e-05,False,0.0,0.0,-0.005785938169873798,-0.03325154806797553,0.18461279140713438,0.18824968933114344,1.48,0.9,-0.040501567189116586,-0.23276083647582868,0.031890997786705975,-0.1832762491935659,
1791389496.2299104,balance,-0.04770895319709006,-0.014235610096801219,-0.01555117420113146,-0.044143657054809216,-2.9652861172308614e-05,-0.03218743185713091,0.17694849231377188,0.03742113113712985,0.022779474114367135,7.320828511381359e-05,False,0.0,0.0,-0.0017011774422023593,-0.03309813643567483,0.18461279140713438,0.18824968933114344,1.49,0.84,-0.011908242095416514,-0.2316869550497238,0.009376568579068122,-0.18243067326749907,
1791389496.2399018,balance,-0.0481480404523538,-0.01527290328336735,-0.015942593426250956,-0.045788542955476144,-2.9652861172308614e-05,-0.03223509988727516,0.17694849231377188,0.03466937079733185,0.021858940431573562,6.405215182879144e-05,False,0.0,0.0,-0.0025464364893133854,-0.03286072000177606,0.18461279140713438,0.18824968933114344,1.48,0.88,-0.0178250554251937,-0.23002504001243243,0.014035476712750943,-0.1811220787499468,
1791389496.2499025,balance,-0.048729189685850334,-0.016440395807641298,-0.016523742659747487,-0.05539921361960867,-2.9652861172308614e-05,-0.03223509988727516,0.17694849231377188,0.028250016918029062,0.017591969902159596,5.329023507934733e-05,False,0.0,0.0,-0.006814193372550199,-0.03389936814379874,0.18461279140713438,0.18824968933114344,1.46,0.8300000000000001,-0.047699353607851394,-0.2372955770065912,0.037558546147914484,-0.18684691102881198,
1791389496.2599218,balance,-0.04932065589089138,-0.017480922509219232,-0.01708953605149134,-0.05528190559113599,-2.9652861172308614e-05,-0.03226077270057234,0.17694849231377188,0.026029157108926945,0.010411662843570778,7.808747132678084e-05,False,0.0,0.0,-0.006702898858253939,-0.034355302731503175,0.18461279140713438,0.18824968933114344,1.44,0.84,-0.04692029200777757,-0.24048711912052223,0.03694511181714769,-0.18935993631537182,
1791389496.2699006,balance,-0.04988266168667277,-0.018326566515838288,-0.017625405082264775,-0.048123981371300494,-2.9652861172308614e-05,-0.0322869094655803,0.17694849231377188,0.023528199347306787,0.00956741658324225,6.980391382032268e-05,False,0.0,0.0,-0.00694382254799692,-0.035540808001573734,0.18461279140713438,0.18824968933114344,1.44,0.85,-0.04860675783597844,-0.24878565601101615,0.038273037666124755,-0.19589421733150877,
1791389496.2798479,balance,-0.050455025595259086,-0.01907883110316396,-0.0181977689908511,-0.06294866887846302,-2.9652861172308614e-05,-0.0322869094655803,0.17694849231377188,0.028073389276049666,0.015648989472624233,6.212199901712717e-05,False,0.0,0.0,-0.005907965246064097,-0.03688144197055471,0.18461279140713438,0.18824968933114344,1.46,0.87,-0.04135575672244868,-0.25817009379388295,0.03256358797043203,-0.20328353842038027,
1791389496.2899036,balance,-0.0511818529515951,-0.019782109575244223,-0.01889668819183083,-0.08572869743341277,-2.9652861172308614e-05,-0.03231481762093658,0.17694849231377188,0.022178591076342503,0.009880582688448528,6.149004193946988e-05,False,0.0,0.0,-0.012030682668504081,-0.03832154641119295,0.18461279140713438,0.18824968933114344,1.48,0.84,-0.08421477867952856,-0.26825082487835067,0.06631084935395949,-0.21122112195145723,
1791389496.2999058,balance,-0.05207362566421991,-0.02037628026522573,-0.019788460904455636,-0.0893741117304537,-2.9652861172308614e-05,-0.03231481762093658,0.17694849231377188,0.008208142863257608,0.0038864205859499286,2.1608611386538395e-05,False,0.0,0.0,-0.0231141127224849,-0.039993452753397586,0.18461279140713438,0.18824968933114344,1.46,0.87,-0.1617987890573943,-0.2799541692737831,0.12740062130503488,-0.22043635375888432,
1791389496.309903,balance,-0.05255734866747691,-0.020996464905351144,-0.020272183907712633,-0.008437042784289025,-2.9652861172308614e-05,-0.03231481762093658,0.17694849231377188,0.0020660685770285533,0.0012608958309691057,4.025863730297238e-06,False,0.0,0.0,-0.020647921021223627,-0.03757809926994606,0.18461279140713438,0.18824968933114344,1.45,0.85,-0.1445354471485654,-0.26304669488962246,0.11380743869965779,-0.20712338180285234,
1791389496.31993,balance,-0.05239601959395169,-0.021599437402230744,-0.020080688551936135,0.03611440867128087,-2.9652861172308614e-05,-0.032344983903187866,0.17694849231377188,0.00039724313199266184,0.0001930284895340878,1.0210732122928702e-06,False,0.0,0.0,-0.014267484780157562,-0.03547254620269278,0.18461279140713438,0.18824968933114344,1.47,0.89,-0.09987239346110294,-0.24830782341884947,0.07863967989063224,-0.19551797119594447,
1791389496.3299336,balance,-0.05200402638447132,-0.022100694649500735,-0.019629439356744854,0.042152163943658186,-2.9652861172308614e-05,-0.032404239888898775,0.17694849231377188,0.0028682814434615894,0.0014026740960877077,7.328036736869408e-06,False,0.0,0.0,-0.008170012445407934,-0.03393722274122704,0.18461279140713438,0.18824968933114344,1.46,0.9,-0.05719008711785553,-0.2375605591885893,0.04503156465972876,-0.18705555841621205,
1791389496.3398743,balance,-0.05174885081825681,-0.0226255881725406,-0.01931609902085303,0.009414150962374206,-2.9652861172308614e-05,-0.03246240465857608,0.17694849231377188,0.002105665507810489,0.0010526465765835996,5.265094656134447e-06,False,0.0,0.0,-0.010351465427124994,-0.03432078521663895,0.18461279140713438,0.18824968933114344,1.47,0.91,-0.07246025798987496,-0.24024549651647265,0.057055321251870045,-0.18916968229643516,
1791389496.3499296,balance,-0.05198533224731454,-0.023051545011559527,-0.01949421487576363,-0.05020096826736677,-2.9652861172308614e-05,-0.03252077023272321,0.17694849231377188,-0.00013256100933061414,-7.039034546235596e-05,-3.1085331934129094e-07,False,0.0,0.0,-0.01676916008298555,-0.037451686842901254,0.18461279140713438,0.18824968933114344,1.49,0.89,-0.11738412058089885,-0.2621618079003088,0.09242844140228255,-0.20642662039394394,
1791389496.3599203,balance,-0.05266276649959312,-0.023407804634555694,-0.020141847243990825,-0.07545475336302236,-2.9652861172308614e-05,-0.0325505721167746,0.17694849231377188,-0.0021096380495320773,-0.0009562438035380619,-5.766971229970077e-06,False,0.0,0.0,-0.021648939565203987,-0.04095327591108905,0.18461279140713438,0.18824968933114344,1.47,0.88,-0.15154257695642792,-0.28667293137762334,0.11932486374521883,-0.22572671762017585,
1791389496.3699028,balance,-0.05344909067631556,-0.02381559292362471,-0.020865885154764417,-0.06930199383213786,-2.9652861172308614e-05,-0.03261285838272345,0.17694849231377188,-0.00384974690523299,-0.002217787270400903,-8.159798174160434e-06,False,0.0,0.0,-0.023292362915918796,-0.04302414499753372,0.18461279140713438,0.18824968933114344,1.49,0.91,-0.16304654041143157,-0.30116901498273607,0.1283831026861666,-0.23714095667931973,
1791389496.379831,balance,-0.05402840496206148,-0.024099356378169144,-0.02138121158476336,-0.039184668713314406,-2.9652861172308614e-05,-0.03267684623847043,0.17694849231377188,-0.003577345181051499,-0.0016604462411177888,-9.58449469966855e-06,False,0.0,0.0,-0.020237500107159672,-0.04348655144371362,0.18461279140713438,0.18824968933114344,1.48,0.88,-0.14166250075011771,-0.30440586010599535,0.11154527618119504,-0.239689653626768,
1791389496.3898666,balance,-0.05437240391540862,-0.02413717089414153,-0.02169278756680456,-0.01706878566092833,-2.9652861172308614e-05,-0.03270926920977637,0.17694849231377188,-0.002530420802749887,-0.001194178845703852,-6.681209785230176e-06,False,0.0,0.0,-0.01630281261473192,-0.043312086429458704,0.18461279140713438,0.18824968933114344,1.48,0.9,-0.11411968830312345,-0.3031846050062109,0.08985802228592397,-0.23872803543796134,
1791389496.3999238,balance,-0.05460341899515261,-0.023941643366619417,-0.021891046861464196,-0.02206715736976347,-2.9652861172308614e-05,-0.03274202499486072,0.17694849231377188,0.0001601832868619143,7.833434463677745e-05,4.092447111256842e-07,False,0.0,0.0,-0.013846159070848851,-0.042959951891556165,0.18461279140713438,0.18824968933114344,1.49,0.89,-0.09692311349594196,-0.30071966324089316,0.0763174122015291,-0.2367871364101521,
1791389496.4099224,balance,-0.05497988442454689,-0.023627946988621695,-0.02220102500706026,-0.0409229774974078,-2.9652861172308614e-05,-0.032808512278658934,0.17694849231377188,-0.000832876599755243,-0.0005277159092632125,-1.5258034524601524e-06,False,0.0,0.0,-0.016782465259206028,-0.043687957425617666,0.18461279140713438,0.18824968933114344,1.49,0.9,-0.1174772568144422,-0.3058157019793237,0.09250177701924582,-0.24079976533805014,
1791389496.4199216,balance,-0.055587124590399675,-0.02322624324506154,-0.022740285496948322,-0.06826825888503105,-2.9652861172308614e-05,-0.03287649195462366,0.17694849231377188,-0.0024929783364803413,-0.001300526588891488,-5.962258737944266e-06,False,0.0,0.0,-0.021519802032761184,-0.04527665069677815,0.18461279140713438,0.18824968933114344,1.48,0.86,-0.15063861422932828,-0.31693655487744704,0.11861308207033723,-0.24955634242318664,
1791389496.4299152,balance,-0.056362346089838686,-0.022836087985934332,-0.023445480083579495,-0.0704318068708233,-2.9652861172308614e-05,-0.032946518867431496,0.17694849231377188,-0.0037030131945831298,-0.0014885090513925905,-1.1072520715952697e-05,False,0.0,0.0,-0.024212923893323204,-0.0462422216974877,0.18461279140713438,0.18824968933114344,1.47,0.9,-0.16949046725326244,-0.3236955518824139,0.1334570608293405,-0.2548783873089873,
1791389496.4399376,balance,-0.057204129751335445,-0.022511362821652208,-0.02421497248282218,-0.08113285698892438,-2.9652861172308614e-05,-0.03301881012968557,0.17694849231377188,-0.004843435702965347,-0.0019373742811861388,-1.4530307108896038e-05,False,0.0,0.0,-0.026857423068693733,-0.04742393118152687,0.18461279140713438,0.18824968933114344,1.49,0.88,-0.18800196148085613,-0.3319675182706881,0.1480330405361072,-0.26139174666983317,
1791389496.4499168,balance,-0.05803071549942016,-0.022172246579342716,-0.025041558230906903,-0.07665491872602365,-2.9652861172308614e-05,-0.03301881012968557,0.17694849231377188,-0.004917038473159491,-0.0019918016517511674,-1.4626184107041619e-05,False,0.0,0.0,-0.02741851677571999,-0.04821087177016793,0.18461279140713438,0.18824968933114344,1.47,0.9,-0.19192961743003992,-0.33747610239117554,0.15112568301577947,-0.2657292144812406,
1791389496.4599254,balance,-0.058844468048095795,-0.021773443367063113,-0.025778285976840114,-0.07605158681095994,-2.9652861172308614e-05,-0.033095834932427994,0.17694849231377188,-0.0037578275904444317,-0.002252462034114939,-7.526827781647464e-06,False,0.0,0.0,-0.026786420262365915,-0.04893526184033691,0.18461279140713438,0.18824968933114344,1.47,0.89,-0.1875049418365614,-0.3425468328823584,0.14764168648548143,-0.26972191565540027,
1791389496.469904,balance,-0.05965249841535454,-0.021198515879459937,-0.026507102076138628,-0.08217261923170036,-2.9652861172308614e-05,-0.03317504920038822,0.17694849231377188,-0.005980440413962746,-0.0027107773722363946,-1.634831520863176e-05,False,0.0,0.0,-0.029248364400560938,-0.0502891031132481,0.18461279140713438,0.18824968933114344,1.3800000000000001,0.91,-0.20473855080392656,-0.3520237217927367,0.16121145732592643,-0.2771840329076667,
1791389496.4801981,balance,-0.061084679849735965,-0.020057932381126988,-0.027847977429967703,-0.09914208182535576,-2.074677764705643e-05,-0.03325744919741532,0.17702514383195786,-0.00474258045803476,-0.002474089684364979,-1.1342453868348906e-05,False,0.0,0.0,-0.029230159543621518,-0.052916845306110794,0.1848152533120094,0.18824968933114344,1.48,0.86,-0.20461111680535063,-0.37041791714277555,0.16111111559476426,-0.29166765129352407,
1791389496.489906,balance,-0.061466367103688774,-0.01975459646230374,-0.028187320186894634,-0.08647498801651894,-2.074677764705643e-05,-0.0332997936944412,0.17702514383195786,-0.005188103233477404,-0.0024887430163067457,-1.3496801085853293e-05,False,0.0,0.0,-0.02987252516385313,-0.053077953112948155,0.1848152533120094,0.18824968933114344,1.3800000000000001,0.9,-0.2091076761469719,-0.3715456717906371,0.16465171350155267,-0.2925556470792418,
1791389496.4999356,balance,-0.06239721087564982,-0.018898385045126725,-0.02904031383829688,-0.0841790741244047,-2.9652861172308614e-05,-0.03338654989852525,0.17694849231377188,-0.005222148366674326,-0.0025131928334265396,-1.3544777666238931e-05,False,0.0,0.0,-0.03025780058023364,-0.053909009774039084,0.18461279140713438,0.18824968933114344,1.44,0.91,-0.21180460406163548,-0.3773630684182736,0.16677527878868936,-0.2971362743450973,
1791389496.5098987,balance,-0.06325426976932626,-0.01816143861288154,-0.029808300159262023,-0.09165876909134242,-2.9652861172308614e-05,-0.03347562247123654,0.17694849231377188,-0.004782657229991518,-0.002405775891380603,-1.1884406693054574e-05,False,0.0,0.0,-0.03085644555268693,-0.05410753470664207,0.18461279140713438,0.18824968933114344,1.37,0.89,-0.2159951188688085,-0.37875274294649447,0.1700748967470933,-0.29823050625708225,
1791389496.5199158,balance,-0.0641272585037704,-0.017269946822200538,-0.030589818726580224,-0.0707650094089203,-2.9652861172308614e-05,-0.03356709263836249,0.17694849231377188,-0.004369034814164672,-0.002218091406893094,-1.0754717036357892e-05,False,0.0,0.0,-0.030955110353696018,-0.05390342363216637,0.18461279140713438,0.18824968933114344,1.48,0.89,-0.21668577247587212,-0.37732396542516455,0.17061871848493868,-0.29710548458674374,
1791389496.5298772,balance,-0.06499600114471811,-0.016593763078573593,-0.031364816878024906,-0.08407727989689555,-2.9652861172308614e-05,-0.03366083712786551,0.17694849231377188,-0.005719724471179846,-0.00309943589133374,-1.3101442899230529e-05,False,0.0,0.0,-0.033228761248779264,-0.054908176283509066,0.18461279140713438,0.18824968933114344,1.37,0.91,-0.23260132874145484,-0.38435723398456345,0.18315065255232665,-0.3026434913264279,
1791389496.5399058,balance,-0.0658856563575415,-0.015758846662803905,-0.032158308821865246,-0.07366851496434364,-2.9652861172308614e-05,-0.033757000396848556,0.17694849231377188,-0.004122946264353636,-0.0023046693163983525,-9.091384739776418e-06,False,0.0,0.0,-0.032089935475383635,-0.05565077914946924,0.18461279140713438,0.18824968933114344,1.47,0.89,-0.22462954832768545,-0.38955545404628467,0.17687366010053973,-0.3067365779892005,
1791389496.5499349,balance,-0.06677523013817158,-0.015032161465147678,-0.032949404587833915,-0.0930532361777305,-2.9652861172308614e-05,-0.033855478411509966,0.17694849231377188,-0.003953963140408592,-0.002296265217502919,-8.288489614528367e-06,False,0.0,0.0,-0.0327860099353721,-0.05755197933322323,0.18461279140713438,0.18824968933114344,1.46,0.92,-0.2295020695476047,-0.40286385533256264,0.18071029098236588,-0.31721563412012804,
1791389496.5598896,balance,-0.06776887613494673,-0.014166219700142018,-0.03389275230349552,-0.09952164998153987,-2.9652861172308614e-05,-0.03390577669262351,0.17694849231377188,-0.004440064742567727,-0.0020401752583696967,-1.199944742099015e-05,False,0.0,0.0,-0.03434192715768961,-0.059198777011226125,0.18461279140713438,0.18824968933114344,1.47,0.87,-0.2403934901038273,-0.4143914390785829,0.18928621268017898,-0.3262924717154196,
1791389496.5699427,balance,-0.0687446386553935,-0.013258398971026894,-0.034816784098955035,-0.09764817670644803,-2.9652861172308614e-05,-0.03395750741761077,0.17694849231377188,-0.0071401283375145145,-0.003469533082060747,-1.835297627726884e-05,False,0.0,0.0,-0.03686994603645818,-0.060478021674984346,0.18461279140713438,0.18824968933114344,1.48,0.88,-0.25808962225520726,-0.42334615172489043,0.2032201750041002,-0.33334342655503185,
1791389496.5799017,balance,-0.06973612042239868,-0.01223618044044074,-0.03575514417309008,-0.0972712838944238,-2.9652861172308614e-05,-0.03401062911048091,0.17694849231377188,-0.008761584551627434,-0.0054424302776295876,-1.659577136998923e-05,False,0.0,0.0,-0.0381531514005938,-0.06174988439432567,0.18461279140713438,0.18824968933114344,1.48,0.89,-0.2670720598041566,-0.4322491907602797,0.21029296047571386,-0.34035369351203126,
1791389496.5899053,balance,-0.07061791400561486,-0.011125297705366695,-0.0365819823496718,-0.0783702756263825,-2.9652861172308614e-05,-0.03406558451711537,0.17694849231377188,-0.007302714741986967,-0.004649751953858252,-1.3264813940643575e-05,False,0.0,0.0,-0.03644999347714896,-0.061697964288212226,0.18461279140713438,0.18824968933114344,1.48,0.87,-0.25514995434004273,-0.4318857500174856,0.20090547585830135,-0.34006751969880755,
1791389496.5999234,balance,-0.07140910791050899,-0.009976999690573508,-0.037261572499115735,-0.06696580846880659,-2.9652861172308614e-05,-0.03417718827256556,0.17694849231377188,-0.0061506678671830375,-0.0024602671468732153,-1.845200360154911e-05,False,0.0,0.0,-0.03578589554510285,-0.06107520506178927,0.18461279140713438,0.18824968933114344,1.49,0.9,-0.25050126881571994,-0.4275264354325249,0.19724509355568498,-0.33663498852954715,
1791389496.6099358,balance,-0.07216122203844978,-0.008826937563515951,-0.03795666609711595,-0.07323980580373304,-2.9652861172308614e-05,-0.03423420880250614,0.17694849231377188,-0.008998103727635256,-0.0048199886888948855,-2.0890575193701854e-05,False,0.0,0.0,-0.038887998845346335,-0.06115744206098604,0.18461279140713438,0.18824968933114344,1.48,0.89,-0.27221599191742435,-0.4281020944269023,0.21434330072238136,-0.3370882633282695,
1791389496.619913,balance,-0.07291793191151798,-0.007756500310599471,-0.038655305906228864,-0.0696205444707433,-2.9652861172308614e-05,-0.03429227886646142,0.17694849231377188,-0.009888299384635745,-0.004113173601844083,-2.887562891395831e-05,False,0.0,0.0,-0.03994444025270749,-0.06101902492657189,0.18461279140713438,0.18824968933114344,1.48,0.89,-0.27961108176895244,-0.4271331744860032,0.22016620611728538,-0.3363253342409474,
1791389496.6299295,balance,-0.07365336749156594,-0.006683255139043825,-0.03927307652590529,-0.0697819677605649,-2.9652861172308614e-05,-0.034409943826832955,0.17694849231377188,-0.00890986266360381,-0.0038308401266233093,-2.5395112684902503e-05,False,0.0,0.0,-0.04049056098068489,-0.06084534700622285,0.18461279140713438,0.18824968933114344,1.48,0.91,-0.28343392686479424,-0.42591742904355995,0.2231763203659797,-0.33536805436500783,
1791389496.6399055,balance,-0.07429749542335196,-0.00563002550958108,-0.03985769799035505,-0.056510214198404365,-2.9652861172308614e-05,-0.03446945029416921,0.17694849231377188,-0.013294006733809365,-0.00594315894163481,-3.675423896087278e-05,False,0.0,0.0,-0.043890616832239576,-0.06042509624464325,0.18461279140713438,0.18824968933114344,1.49,0.89,-0.307234317825677,-0.4229756737125027,0.24191678568950944,-0.3330517115846478,
1791389496.6499288,balance,-0.07473408525837139,-0.004571265031920366,-0.04029428782537448,-0.019921143544080484,-2.9652861172308614e-05,-0.03446945029416921,0.17694849231377188,-0.011548209983202454,-0.0071554446432001,-2.1963826700011767e-05,False,0.0,0.0,-0.03942217439594312,-0.0591196366618104,0.18461279140713438,0.18824968933114344,1.49,0.89,-0.27595522077160184,-0.4138374566326728,0.21728757541071012,-0.3258562650650967,
1791389496.6599271,balance,-0.07485108824713577,-0.003451474090509935,-0.04041129081413886,-0.008470060533786317,-2.9652861172308614e-05,-0.03446945029416921,0.17694849231377188,-0.006333940615694685,-0.003954144946854826,-1.1898978344199296e-05,False,0.0,0.0,-0.03401343648078516,-0.05735751097804809,0.18461279140713438,0.18824968933114344,1.48,0.88,-0.23809405536549613,-0.4015025768463366,0.18747563414605994,-0.31614376129632804,
1791389496.669902,balance,-0.07513005165825631,-0.002315107099495561,-0.040629218843921525,-0.029655533800405226,-2.9652861172308614e-05,-0.034530485675507094,0.17694849231377188,-0.003087690888597771,-0.0015099717763174688,-7.888595561401512e-06,False,0.0,0.0,-0.03490309685915534,-0.056817126756838324,0.18461279140713438,0.18824968933114344,1.47,0.92,-0.24432167801408738,-0.3977198872978683,0.19237927402684046,-0.31316526558887264,
1791389496.679905,balance,-0.07562957164878666,-0.0012887488541828455,-0.04100577367474618,-0.05204895852753871,-2.9652861172308614e-05,-0.03465345083521278,0.17694849231377188,-0.004004205846176079,-0.0019768492818024665,-1.0136782821868063e-05,False,0.0,0.0,-0.03930671123453191,-0.05748742885310449,0.18461279140713438,0.18824968933114344,1.47,0.9,-0.2751469786417234,-0.40241200197173144,0.21665116428482156,-0.31685984407222945,
1791389496.6899095,balance,-0.07627277652774202,-0.0002666578264658109,-0.04152451512537198,-0.06583238217622135,-2.9652861172308614e-05,-0.03477791426354234,0.17694849231377188,-0.0033059404886794336,-0.0017092111592320023,-7.983646647237157e-06,False,0.0,0.0,-0.041759621712547525,-0.058109179836548,0.18461279140713438,0.18824968933114344,1.48,0.9,-0.29231735198783265,-0.406764258855836,0.23017114329750601,-0.32028681799672126,
1791389496.699926,balance,-0.07685870710552874,0.0006489077747594477,-0.042047280034603965,-0.04422766565095103,-2.9652861172308614e-05,-0.03484107993209708,0.17694849231377188,-0.004656821181256313,-0.0026030979305227265,-1.0268616253667934e-05,False,0.0,0.0,-0.04273825593914009,-0.05775795252423126,0.18461279140713438,0.18824968933114344,1.47,0.9,-0.2991677915739806,-0.4043056676696188,0.23556519021573274,-0.3183509194248967,
1791389496.7098722,balance,-0.07716021053020013,0.0015506468714133667,-0.04228539159929558,-0.016950091902056964,-2.9652861172308614e-05,-0.034904471792076855,0.17694849231377188,-0.0008656369258170286,-0.000382950623528196,-2.4134315114441634e-06,False,0.0,0.0,-0.03801607438859349,-0.0560302986416337,0.18461279140713438,0.18824968933114344,1.49,0.89,-0.2661125207201544,-0.3922120904914359,0.20953741788988536,-0.308828417709792,
1791389496.7199097,balance,-0.07726059382673729,0.002473544819674663,-0.04225872042573395,0.00487406650861745,-2.9652861172308614e-05,-0.03503152626217565,0.17694849231377188,-0.0020426303327853224,-0.0009671518523828457,-5.377392402012384e-06,False,0.0,0.0,-0.0376302816388903,-0.05422422026713444,0.18461279140713438,0.18824968933114344,1.49,0.9,-0.2634119714722321,-0.3795695418699411,0.20741100115923788,-0.2988736550157016,
1791389496.7299147,balance,-0.07723730207244149,0.0034736034139290334,-0.04217206206638414,0.0016723979610014836,-2.9652861172308614e-05,-0.03509489286722966,0.17694849231377188,-0.001030827921139806,-0.0004912850894472187,-2.6977141584629365e-06,False,0.0,0.0,-0.0363395511769627,-0.05300760728942443,0.18461279140713438,0.18824968933114344,1.48,0.89,-0.2543768582387389,-0.371053251025971,0.20029673877066054,-0.29216791419367794,
1791389496.7399096,balance,-0.07725341963212733,0.004492246596780183,-0.04206172274506914,0.001318058747735259,-2.9652861172308614e-05,-0.03522134974823049,0.17694849231377188,-0.00045660647449995373,-0.0002729825363632928,-9.181196906833046e-07,False,0.0,0.0,-0.036910764552046234,-0.05207205183240584,0.18461279140713438,0.18824968933114344,1.49,0.92,-0.25837535186432364,-0.3645043628268409,0.20344515894828633,-0.28701130931247315,
1791389496.749895,balance,-0.07729171132549643,0.00542208808332267,-0.04203686441678059,-0.001746044665978421,-2.9652861172308614e-05,-0.03528449976988815,0.17694849231377188,0.0005102332155260022,0.0003082161399107406,1.0100853780763081e-06,False,0.0,0.0,-0.037226202089460245,-0.051408370676235424,0.18461279140713438,0.18824968933114344,1.48,0.89,-0.2605834146262217,-0.35985859473364795,0.20518379104426906,-0.2833532241997228,
1791389496.7599168,balance,-0.07736022113437167,0.006318316997481901,-0.042042216164317345,-0.007324379452682093,-2.9652861172308614e-05,-0.035347657831226634,0.17694849231377188,0.0010595316023643648,0.000560967736002153,2.492819331811059e-06,False,0.0,0.0,-0.03769819530126114,-0.0516755802099714,0.18461279140713438,0.18824968933114344,1.48,0.87,-0.263887367108828,-0.3617290614697998,0.20778532843214803,-0.28482603265338563,
1791389496.7699268,balance,-0.0773557094682156,0.007125064415685235,-0.04197461296102995,0.008012862062749844,-2.9652861172308614e-05,-0.035410749368357954,0.17694849231377188,0.0019449933214815533,0.0007909046112518641,5.770443551148447e-06,False,0.0,0.0,-0.0357086214509321,-0.05113447367879788,0.18461279140713438,0.18824968933114344,1.49,0.87,-0.2499603501565247,-0.35794131575158517,0.19681917335159427,-0.2818435557099096,
1791389496.7799206,balance,-0.07724392471082009,0.007896126517242136,-0.04173724413932706,0.016413999362180152,-2.9652861172308614e-05,-0.03553633343266534,0.17694849231377188,0.0018342405058900796,0.000988245391983301,4.2299755695338924e-06,False,0.0,0.0,-0.034472386700994236,-0.05077126460291087,0.18461279140713438,0.18824968933114344,1.46,0.88,-0.24130670690695966,-0.3553988522203761,0.19000528102910208,-0.279841615921556,
1791389496.7899017,balance,-0.07707353091969958,0.00865088482227875,-0.04150450007268424,0.02533265588756727,-2.9652861172308614e-05,-0.035598683708187646,0.17694849231377188,0.00021964372978542924,9.13638185922788e-05,6.413995559657522e-07,False,0.0,0.0,-0.034485273009790214,-0.05016528774088216,0.18461279140713438,0.18824968933114344,1.48,0.89,-0.2413969110685315,-0.3511570141861751,0.19007630792797756,-0.2765015859733662,
1791389496.799942,balance,-0.07687860559194558,0.009373689199424565,-0.04118562386488249,0.02338228583430068,-2.9652861172308614e-05,-0.035722634588235394,0.17694849231377188,0.0011429815624697365,0.0004665544992133886,3.3821353162817397e-06,False,0.0,0.0,-0.0327223015651192,-0.04994547524935788,0.18461279140713438,0.18824968933114344,1.48,0.89,-0.2290561109558344,-0.34961832674550514,0.18035914248490897,-0.2752900210594529,
1791389496.8099253,balance,-0.07669776184592754,0.010144445497170427,-0.040881748770329775,0.017439633848205544,-2.9652861172308614e-05,-0.03584566593677007,0.17694849231377188,0.0016903063813587802,0.0007477775767063978,4.712644023261912e-06,False,0.0,0.0,-0.03196312559258393,-0.050063339204921745,0.18461279140713438,0.18824968933114344,1.49,0.89,-0.2237418791480875,-0.3504433744344522,0.17617470799062007,-0.2759396649090175,
1791389496.8199263,balance,-0.07653480431216218,0.010875100384201315,-0.040657713049709575,0.013052021592743414,-2.9652861172308614e-05,-0.03590674412362491,0.17694849231377188,0.0026906378402890042,0.0011903159487503502,7.50160945769327e-06,False,0.0,0.0,-0.03183145919099246,-0.05009432461651689,0.18461279140713438,0.18824968933114344,1.48,0.9,-0.2228202143369472,-0.35066027231561825,0.17544898766688757,-0.27611045064221906,
1791389496.829926,balance,-0.07635114233402018,0.0116304888252553,-0.0403525968168147,0.023299411805721374,-2.9652861172308614e-05,-0.03602819837837779,0.17694849231377188,0.002152537981782367,0.0010091523709852585,5.7169280539855434e-06,False,0.0,0.0,-0.03176735901246619,-0.04938650375781029,0.18461279140713438,0.18824968933114344,1.48,0.9,-0.22237151308726333,-0.34570552630467205,0.17509567959627034,-0.27220907583045045,
1791389496.8399012,balance,-0.07610429952610602,0.01237662913146977,-0.03998536501908678,0.03138443271682318,-2.9652861172308614e-05,-0.03614858736819154,0.17694849231377188,0.0018233138542048273,0.0009285027519968805,4.4740555110397345e-06,False,0.0,0.0,-0.031535534112889556,-0.048191687082860535,0.18461279140713438,0.18824968933114344,1.48,0.9,-0.22074873879022688,-0.33734180958002374,0.17381790455923377,-0.2656234721102549,
1791389496.849911,balance,-0.07579145969636261,0.013129305398737823,-0.03961280327172619,0.04074774275482346,-2.9652861172308614e-05,-0.036208309285808725,0.17694849231377188,0.00313809271222458,0.0015053490593010639,8.16371826461758e-06,False,0.0,0.0,-0.029463475514897502,-0.04679209150029671,0.18461279140713438,0.18824968933114344,1.49,0.91,-0.20624432860428252,-0.32754464050207693,0.16239710913723032,-0.2579091657496669,
1791389496.8599606,balance,-0.07539033748071783,0.013854591763980845,-0.03909388383111256,0.044261072928543095,-2.9652861172308614e-05,-0.03632610651077758,0.17694849231377188,0.00411802898374935,0.0021098651738098214,1.0040819049697645e-05,False,0.0,0.0,-0.02816501099458321,-0.04573072431755064,0.18461279140713438,0.18824968933114344,1.47,0.89,-0.19715507696208248,-0.32011507022285446,0.1552402180803799,-0.25205911041169643,
1791389496.869895,balance,-0.07502261507899481,0.014541393203228186,-0.038609858069122094,0.029985396692104354,-2.9652861172308614e-05,-0.03644240987104502,0.17694849231377188,0.0030737845272601413,0.0015987406753002202,7.375219259799606e-06,False,0.0,0.0,-0.029683633463224723,-0.04549666452950844,0.18461279140713438,0.18824968933114344,1.5,0.91,-0.20778543424257306,-0.3184766517065591,0.16361057814375832,-0.2507690170917788,
1791389496.8799028,balance,-0.07468861283845572,0.01514529482375455,-0.038160920007232646,0.027550533837859378,-2.9652861172308614e-05,-0.03655734569239538,0.17694849231377188,0.0007231458530355913,0.0004031042255015613,1.60020813767015e-06,False,0.0,0.0,-0.03126997695472111,-0.045916312746646135,0.18461279140713438,0.18824968933114344,1.49,0.89,-0.2188898386830478,-0.32141418922652293,0.1723542036874392,-0.2530820387610417,
1791389496.8899014,balance,-0.07438531905536622,0.01570564073051466,-0.03774394640669853,0.03484799160034613,-2.9652861172308614e-05,-0.03667102550983999,0.17694849231377188,6.767465652352678e-05,3.8565631402959364e-05,1.4554512560283706e-07,False,0.0,0.0,-0.030952509864993153,-0.045343038224587406,0.18461279140713438,0.18824968933114344,1.48,0.9,-0.21666756905495207,-0.31740126757211184,0.17060438508263942,-0.24992225793079673,
1791389496.8999746,balance,-0.07408261212740891,0.016251884156797715,-0.03732879232336105,0.03935819044568957,-2.9652861172308614e-05,-0.03678347266522016,0.17694849231377188,0.0015731297606268579,0.0009258234177945579,3.2365317141615e-06,False,0.0,0.0,-0.02890073085922108,-0.04474780248746408,0.18461279140713438,0.18824968933114344,1.48,0.89,-0.20230511601454756,-0.31323461741224856,0.15929536694058863,-0.24664143103326658,
1791389496.909888,balance,-0.07377974033296808,0.016794023599531548,-0.03691474325663761,0.03625567031409275,-2.9652861172308614e-05,-0.03689464993750278,0.17694849231377188,0.0022502752812394756,0.001079461344333875,5.854069684528003e-06,False,0.0,0.0,-0.027971363878465372,-0.04459067900513494,0.18461279140713438,0.18824968933114344,1.49,0.88,-0.1957995471492576,-0.3121347530359446,0.15417287177106898,-0.24577539609129498,
1791389496.9199438,balance,-0.07348957320904898,0.017363748353978803,-0.03651461414465185,0.028831880161221762,-2.9652861172308614e-05,-0.03700461192556943,0.17694849231377188,0.002729538950159435,0.001627613671901895,5.509626391287701e-06,False,0.0,0.0,-0.02758653391401931,-0.04469816798358241,0.18461279140713438,0.18824968933114344,1.49,0.89,-0.1931057373981352,-0.31288717588507686,0.1520517617308151,-0.24636785502761957,
1791389496.9299207,balance,-0.07322678584470867,0.01788903664685395,-0.03625182678031154,0.02837001543959697,-2.9652861172308614e-05,-0.03700461192556943,0.17694849231377188,0.002795875254063233,0.0017062877248867326,5.447937645882502e-06,False,0.0,0.0,-0.027521452752502205,-0.04423132669374751,0.18461279140713438,0.18824968933114344,1.48,0.9,-0.19265016926751544,-0.3096192868562326,0.151693046667335,-0.24379471406002565,
1791389496.9399092,balance,-0.07296253715011411,0.018405537509980197,-0.0358795522280978,0.027048675333664063,-2.9652861172308614e-05,-0.037112637783188615,0.17694849231377188,0.003826972377638524,0.0024426421551326113,6.921651112529563e-06,False,0.0,0.0,-0.026663207278156704,-0.04425202010152001,0.18461279140713438,0.18824968933114344,1.48,0.91,-0.18664245094709692,-0.30976414071064007,0.1469625598008637,-0.24390877221310242,
1791389496.949908,balance,-0.07267760002120269,0.01883865414449252,-0.035487734580018936,0.03571843622264547,-2.9652861172308614e-05,-0.03721951830235606,0.17694849231377188,0.0027047474798892615,0.0010818989919557046,8.114242439667785e-06,False,0.0,0.0,-0.026968946762959214,-0.04357486722339848,0.18461279140713438,0.18824968933114344,1.48,0.91,-0.1887826273407145,-0.30502407056378933,0.14864773806355472,-0.24017643351479476,
1791389496.9599097,balance,-0.07241638243452761,0.019183560881821174,-0.03517351231328072,0.032800694584500086,-2.9652861172308614e-05,-0.0372725229824192,0.17694849231377188,0.0014847064323318937,0.0005938825729327576,4.454119296995681e-06,False,0.0,0.0,-0.027242603061522184,-0.04389606276204355,0.18461279140713438,0.18824968933114344,1.47,0.9,-0.1906982214306553,-0.30727243933430487,0.15015607986665772,-0.2419468026254369,
1791389496.969945,balance,-0.07215296278715427,0.019477543714131143,-0.03485772752690852,0.025739585147195595,-2.9652861172308614e-05,-0.03732488812141806,0.17694849231377188,0.0025831583964336146,0.0010745001250772736,7.543291356781705e-06,False,0.0,0.0,-0.02535613462993939,-0.04464207143310956,0.18461279140713438,0.18824968933114344,1.48,0.89,-0.17749294240957575,-0.31249450003176693,0.1397582223697447,-0.24605866144233615,
1791389496.9799373,balance,-0.07197372936804096,0.019812127126492288,-0.034626357675786985,0.018725404435174082,-2.9652861172308614e-05,-0.03737702455342628,0.17694849231377188,0.000711886467101361,0.0003005456965692917,2.056703852660346e-06,False,0.0,0.0,-0.02648714235262513,-0.04594653989870471,0.18461279140713438,0.18824968933114344,1.48,0.9,-0.18540999646837591,-0.32162577929093294,0.1459921232034456,-0.25324864511097084,
1791389496.9899201,balance,-0.07181328870727528,0.0201828410688094,-0.0343625076036977,0.014321060801495917,-2.9652861172308614e-05,-0.037480433964749885,0.17694849231377188,0.0018997243996060655,0.0008670020176995605,5.163611909532524e-06,False,0.0,0.0,-0.024328289689542145,-0.0473682579360804,0.18461279140713438,0.18824968933114344,1.48,0.89,-0.170298027826795,-0.3315778055525628,0.13409293529668898,-0.26108488626186044,
1791389496.9999285,balance,-0.07171712677005868,0.020600776332087324,-0.03421488435162239,0.01093767384727456,-2.9652861172308614e-05,-0.03753189527960859,0.17694849231377188,0.005138943927105658,0.002489128062180855,1.3249079324624016e-05,False,0.0,0.0,-0.021625483714551988,-0.048014871787660916,0.18461279140713438,0.18824968933114344,1.49,0.92,-0.15137838600186393,-0.33610410251362643,0.11919557952902672,-0.2646488996170287,
1791389497.0099223,balance,-0.07167448320294088,0.021107021609440675,-0.03406977700003296,0.004020634911932748,-2.9652861172308614e-05,-0.037634359064080226,0.17694849231377188,0.0027705788133991966,0.001294595018963149,7.3799189721802385e-06,False,0.0,0.0,-0.023707497467605677,-0.048912079114827325,0.18461279140713438,0.18824968933114344,1.49,0.9,-0.16595248227323975,-0.3423845538037913,0.13067124588444073,-0.26959413685337896,
1791389497.0198965,balance,-0.07165155065012797,0.021637201717084224,-0.0339447650841417,0.00991226724509321,-2.9652861172308614e-05,-0.037736438427158576,0.17694849231377188,0.0018894154109565364,0.0010326586609912519,4.283783749826423e-06,False,0.0,0.0,-0.023777636775971545,-0.0489564188498628,0.18461279140713438,0.18824968933114344,1.49,0.88,-0.1664434574318008,-0.3426949319490396,0.13105784049748095,-0.26983852909373196,
1791389497.0299125,balance,-0.07165255119620889,0.02209395475177746,-0.03384397829819727,0.005837967373789819,-2.9652861172308614e-05,-0.03783822575918393,0.17694849231377188,0.0009673793596053059,0.0004775886319861753,2.4489536380956532e-06,False,0.0,0.0,-0.024195373522974496,-0.04932915339948386,0.18461279140713438,0.18824968933114344,1.47,0.9,-0.16936761466082148,-0.34530407379638706,0.13336032650458385,-0.27189297149321817,
1791389497.0399036,balance,-0.07162885335136376,0.022517933966642485,-0.033718874402960126,0.0137464584412663,-2.9652861172308614e-05,-0.03793963180957594,0.17694849231377188,0.0017812506580352897,0.0009264663331637913,4.273921624357492e-06,False,0.0,0.0,-0.023164964599291453,-0.04878229934872703,0.18461279140713438,0.18824968933114344,1.48,0.9,-0.16215475219504016,-0.3414760954410892,0.1276809072401891,-0.2688788153079443,
1791389497.0499053,balance,-0.0716135535177693,0.022933348440288156,-0.03360253240162146,0.0018861344971182051,-2.9652861172308614e-05,-0.03804067397732014,0.17694849231377188,0.0014991926898759052,0.0008287052301940908,3.3524372984090723e-06,False,0.0,0.0,-0.023841283279887777,-0.04912021480397404,0.18461279140713438,0.18824968933114344,1.47,0.88,-0.16688898295921445,-0.3438415036278183,0.13140864799938146,-0.270741341439227,
1791389497.0599,balance,-0.07160690493653234,0.02331012435953194,-0.0334951708225849,-0.0012492730580502607,-2.9652861172308614e-05,-0.03814138697511974,0.17694849231377188,0.0011915791521421608,0.0005160302661438299,3.3777444299916545e-06,False,0.0,0.0,-0.02455197098888238,-0.04882066394368211,0.18461279140713438,0.18824968933114344,1.47,0.88,-0.17186379692217668,-0.3417446476057748,0.13532582434817061,-0.26909027370533445,
1791389497.0698967,balance,-0.07161839633269032,0.023693702113638852,-0.03340622210814236,-0.0034456062760049597,-2.9652861172308614e-05,-0.03824182708572026,0.17694849231377188,0.0005435898683074402,0.00032414056649122404,1.0972465090810808e-06,False,0.0,0.0,-0.02548310466574544,-0.04842712581511898,0.18461279140713438,0.18824968933114344,1.49,0.9,-0.1783817326602181,-0.33898988070583286,0.14045805721277016,-0.2669211659101046,
1791389497.0799096,balance,-0.0716552849299563,0.024067117422639686,-0.033342873204238385,-0.0016333656912680037,-2.9652861172308614e-05,-0.038342064586890226,0.17694849231377188,0.0012719657809342603,0.0007584683468682674,2.5674871703299645e-06,False,0.0,0.0,-0.025685306313654583,-0.04770430638947521,0.18461279140713438,0.18824968933114344,1.48,0.9,-0.17979714419558207,-0.3339301447263265,0.1415725544847103,-0.2629371218317531,
1791389497.0898998,balance,-0.07169319146369785,0.024437914544787536,-0.03333070856837295,-0.0019274972408374013,-2.9652861172308614e-05,-0.0383921357564972,0.17694849231377188,-0.0004858751525332557,-0.0002935021857366921,-9.618648339828181e-07,False,0.0,0.0,-0.027436433836100185,-0.04722296634478726,0.18461279140713438,0.18824968933114344,1.48,0.89,-0.1920550368527013,-0.3305607644135108,0.15122443846669395,-0.2602840664673313,
1791389497.0999522,balance,-0.07175710611435111,0.02474331375389092,-0.033344570626336854,-0.005734866742754688,-2.9652861172308614e-05,-0.038442188349186564,0.17694849231377188,0.0010743975175282771,0.0006540211291152551,2.10188194206511e-06,False,0.0,0.0,-0.026114169135277737,-0.04735751678073353,0.18461279140713438,0.18824968933114344,1.49,0.88,-0.18279918394694417,-0.3315026174651347,0.14393636531255447,-0.26102568304341317,
1791389497.1098912,balance,-0.07181400803406078,0.02499359458685124,-0.0333013904362963,-0.01307166179318396,-2.9652861172308614e-05,-0.03854227045893679,0.17694849231377188,0.0013173105766921631,0.0008387521140043809,2.392792313438911e-06,False,0.0,0.0,-0.026260849696543766,-0.047818224839475156,0.18461279140713438,0.18824968933114344,1.48,0.89,-0.18382594787580636,-0.33472757387632607,0.14474484084709163,-0.26356501880025673,
1791389497.1199117,balance,-0.07189363899827683,0.025237128199639254,-0.03328098163035514,-0.006156826281899177,-2.9652861172308614e-05,-0.038642310229094,0.17694849231377188,0.00012861255461714389,6.949334168766169e-05,2.95596064647411e-07,False,0.0,0.0,-0.027170551349813218,-0.04778736043666388,0.18461279140713438,0.18824968933114344,1.48,0.92,-0.19019385944869252,-0.33451152305664716,0.1497589444477894,-0.2633949000446041,
1791389497.1298673,balance,-0.07192717493031156,0.025493175382301437,-0.03321465169718083,0.001846137420989241,-2.9652861172308614e-05,-0.038742176094303034,0.17694849231377188,-0.001967613554182405,-0.000787045421672962,-5.9028406625472154e-06,False,0.0,0.0,-0.027782077548124857,-0.04770225017721625,0.18461279140713438,0.18824968933114344,1.48,0.89,-0.194474542836874,-0.33391575124051376,0.15312956128887714,-0.2629257883783573,
1791389497.139921,balance,-0.07194924971400038,0.025822750319259728,-0.033137098832252486,-0.0005252267968701282,-2.9652861172308614e-05,-0.0388418037429202,0.17694849231377188,-4.842518078830715e-05,-2.104649325127119e-05,-1.368934376851798e-07,False,0.0,0.0,-0.026100197564880762,-0.047352584923318175,0.18461279140713438,0.18824968933114344,1.47,0.91,-0.18270138295416533,-0.3314680944632272,0.1438593566568231,-0.2609984995773443,
1791389497.1499057,balance,-0.07202208650675647,0.02612603526641659,-0.033110423728677445,5.751697156189797e-05,-2.9652861172308614e-05,-0.03894131563925133,0.17694849231377188,0.0009152851711828074,0.000390685661520005,2.6229975483140118e-06,False,0.0,0.0,-0.026282836968936723,-0.04636954282468601,0.18461279140713438,0.18824968933114344,1.49,0.9,-0.18397985878255707,-0.324586799772802,0.1448660305374465,-0.2555801573014189,
1791389497.1599026,balance,-0.07211452846052557,0.02643167494144659,-0.03310339497093533,-0.010125182497222914,-2.9652861172308614e-05,-0.039040786350762545,0.17694849231377188,0.000646035552215894,0.000292831035071993,1.766022585719505e-06,False,0.0,0.0,-0.027591897904515043,-0.046313128115866214,0.18461279140713438,0.18824968933114344,1.48,0.92,-0.1931432853316053,-0.32419189681106353,0.15208132703276006,-0.25526921008745157,
1791389497.1699038,balance,-0.07226707432362467,0.02664902785853166,-0.033156340252547746,-0.0133396075955928,-2.9652861172308614e-05,-0.03914038693224923,0.17694849231377188,0.0008878106826461293,0.0004189835678926391,2.344135573767451e-06,False,0.0,0.0,-0.02888294252776679,-0.04600629304370561,0.18461279140713438,0.18824968933114344,1.49,0.91,-0.20218059769436753,-0.32204405130593927,0.15919732101918702,-0.25357799315428287,
1791389497.1798918,balance,-0.07239833957234894,0.026780793523798255,-0.03318790788499589,-0.018059335756050336,-2.9652861172308614e-05,-0.03924008454852535,0.17694849231377188,-0.0010529174330166442,-0.0005034496454868811,-2.747338937648816e-06,False,0.0,0.0,-0.030545174560572104,-0.04672108183161323,0.18461279140713438,0.18824968933114344,1.47,0.9,-0.21381622192400473,-0.3270475728212926,0.16835922986142104,-0.25751777387503355,
1791389497.189889,balance,-0.07257872121306082,0.026901442737685792,-0.033268362401213544,-0.017556652553653553,-2.9652861172308614e-05,-0.03934001167301958,0.17694849231377188,-0.00032782288575976184,-0.00016439208797137028,-8.171539889419578e-07,False,0.0,0.0,-0.029697041172057105,-0.04725496013591786,0.18461279140713438,0.18824968933114344,1.47,0.92,-0.20787928820439974,-0.330784720951425,0.16368447890110216,-0.26046041019797245,
1791389497.199904,balance,-0.07276082292928143,0.027033698277818353,-0.03335029651997194,-0.008135461758197252,-2.9652861172308614e-05,-0.039440179270481796,0.17694849231377188,-0.00021090457425642492,-0.00011100743340887201,-4.994857042377645e-07,False,0.0,0.0,-0.028443719927303556,-0.04785333417788718,0.18461279140713438,0.18824968933114344,1.47,0.91,-0.1991060394911249,-0.3349733392452103,0.15677640904812984,-0.2637585348387482,
1791389497.2098951,balance,-0.07304252270495991,0.027234156314631202,-0.033531450846441616,-0.028677277723198714,-2.9652861172308614e-05,-0.0395407247196906,0.17694849231377188,-0.0013043838920801859,-0.0006885767044059559,-3.07903593837115e-06,False,0.0,0.0,-0.02953146766591715,-0.04944822277383581,0.18461279140713438,0.18824968933114344,1.48,0.9,-0.20672027366142004,-0.34613755941685065,0.1627718690247402,-0.27254925938334695,
1791389497.219894,balance,-0.07338753634293725,0.02746514091308393,-0.033775126392536804,-0.03697304775708334,-2.9652861172308614e-05,-0.03964206281157275,0.17694849231377188,-0.0016885722815242726,-0.0009150128753296498,-3.867797030973114e-06,False,0.0,0.0,-0.02976730884503341,-0.051230741974532056,0.18461279140713438,0.18824968933114344,1.48,0.91,-0.20837116191523386,-0.3586151938217244,0.1640717810356172,-0.28237416836356255,
1791389497.2298908,balance,-0.07379844346027672,0.027704319658851593,-0.034083824933190426,-0.04931127146541118,-2.9652861172308614e-05,-0.039744271388258604,0.17694849231377188,-0.002806907695114692,-0.0015952037072903638,-6.058519939121641e-06,False,0.0,0.0,-0.03076571923000107,-0.05328571776089613,0.18461279140713438,0.18824968933114344,1.48,0.91,-0.2153600346100075,-0.3730000243262729,0.1695748304015807,-0.29370080655612035,
1791389497.239919,balance,-0.07421265011947406,0.027962432739465505,-0.03439484842599442,-0.042772594105844046,-2.9652861172308614e-05,-0.03984745455465195,0.17694849231377188,-0.003006965910378323,-0.0017229233051299976,-6.4202130262416276e-06,False,0.0,0.0,-0.030828924923072886,-0.05383562230194321,0.18461279140713438,0.18824968933114344,1.47,0.9,-0.2158024744615102,-0.3768493561136025,0.1699232082374096,-0.2967317764674035,
1791389497.2499301,balance,-0.07464684121559785,0.028220729909018943,-0.03477706682988935,-0.04651728421444666,-2.9652861172308614e-05,-0.03989942724688081,0.17694849231377188,-0.0023083128395591057,-0.001344141818606045,-4.820855104765303e-06,False,0.0,0.0,-0.030447489922752383,-0.05439804130719503,0.18461279140713438,0.18824968933114344,1.48,0.91,-0.2131324294592667,-0.38078628915036516,0.16782081059784779,-0.29983172374044503,
1791389497.259929,balance,-0.07513094228951389,0.02846579204810797,-0.03520857632764724,-0.051799731764730315,-2.9652861172308614e-05,-0.039952018823038955,0.17694849231377188,-0.003840032382314174,-0.002361432803043105,-7.392997896355346e-06,False,0.0,0.0,-0.0328444623083882,-0.054830749886027895,0.18461279140713438,0.18824968933114344,1.48,0.88,-0.22991123615871742,-0.3838152492021953,0.18103246941631293,-0.30221673165527185,
1791389497.269924,balance,-0.0756427252863016,0.028642563373077218,-0.03561357299498761,-0.05057020979714111,-2.9652861172308614e-05,-0.0400588051524863,0.17694849231377188,-0.004722320347596769,-0.0029774096501592614,-8.72455348718754e-06,False,0.0,0.0,-0.033946400348952695,-0.05504908965937162,0.18461279140713438,0.18824968933114344,1.48,0.92,-0.23762480244266887,-0.38534362761560137,0.18710614365564476,-0.30342017922488296,
1791389497.2798986,balance,-0.07616536304193795,0.028849953411432774,-0.036028201048650246,-0.05455410226001023,-2.9652861172308614e-05,-0.04016681485446001,0.17694849231377188,-0.0041522668166279215,-0.0026438128046479457,-7.542270059899879e-06,False,0.0,0.0,-0.033837692278534955,-0.055663709108907264,0.18461279140713438,0.18824968933114344,1.49,0.9,-0.2368638459497447,-0.38964596376235083,0.1865069653147596,-0.306807845482166,
1791389497.2899213,balance,-0.07668854163024072,0.028974319645506497,-0.03649686447098923,-0.05101550856222803,-2.9652861172308614e-05,-0.040221330020423794,0.17694849231377188,-0.0022591339058751657,-0.0009036535623500663,-6.777401717625497e-06,False,0.0,0.0,-0.033134681157622456,-0.05582901085698462,0.18461279140713438,0.18824968933114344,1.48,0.91,-0.23194276810335718,-0.39080307599889236,0.18263210086878517,-0.3077189574794428,
1791389497.2999125,balance,-0.07723626239058687,0.02912318752258001,-0.03704458523133538,-0.05694397501174112,-2.9652861172308614e-05,-0.040221330020423794,0.17694849231377188,-0.00564844926358955,-0.00225937970543582,-1.6945347790768652e-05,False,0.0,0.0,-0.03703923321165634,-0.05651010113575028,0.18461279140713438,0.18824968933114344,1.49,0.92,-0.2592746324815944,-0.39557070795025195,0.20415325392251527,-0.31147299838602516,
1791389497.3098855,balance,-0.07779274559314918,0.029249983537088194,-0.037544666831246847,-0.05454335813075005,-2.9652861172308614e-05,-0.04027773162307464,0.17694849231377188,-0.007637750748592184,-0.004411878769686006,-1.6129359894530892e-05,False,0.0,0.0,-0.038839971820009846,-0.05665068044801953,0.18461279140713438,0.18824968933114344,1.48,0.89,-0.2718798027400689,-0.39655476313613675,0.2140785848346999,-0.31224784498908403,
1791389497.3201005,balance,-0.07868198844018771,0.029492425636329308,-0.03837625881376795,-0.05177891032328334,-2.9652861172308614e-05,-0.04033538248759207,0.17694849231377188,-0.00243458824423602,-0.001198154924593587,-6.182166598212166e-06,False,0.0,0.0,-0.035640224918861,-0.0564064512851857,0.18461279140713438,0.18824968933114344,1.47,0.9,-0.24679792885343263,-0.39440837797069894,0.1943290778373485,-0.3105577779296842,
1791389497.3299103,balance,-0.07889052715926098,0.029566015602816666,-0.03852692033654196,-0.047123127816820494,-2.9652861172308614e-05,-0.040393259683891326,0.17694849231377188,-0.003128378697371917,-0.0013839688870251913,-8.722049051733628e-06,False,0.0,0.0,-0.036537885155826885,-0.05635077727242022,0.18461279140713438,0.18824968933114344,1.49,0.91,-0.2557651960907882,-0.39445544090694157,0.20138991818172297,-0.3105948353597965,
1791389497.3399372,balance,-0.0794304459710595,0.029723217575163916,-0.03895005735011016,-0.05544865495921905,-2.9652861172308614e-05,-0.040510041482121645,0.17694849231377188,-0.002705082166392327,-0.001251374831734746,-7.268536673287906e-06,False,0.0,0.0,-0.03714319522484529,-0.05673221865619362,0.18461279140713438,0.18824968933114344,1.47,0.91,-0.26000236657391707,-0.39712553059335537,0.2047262728928481,-0.3126972681837444,
1791389497.3499398,balance,-0.07996109465409465,0.029825971168580746,-0.039362667511988025,-0.05715316706206984,-2.9652861172308614e-05,-0.04062808000327893,0.17694849231377188,-0.00396443592817894,-0.0018339536610691594,-1.06524113355489e-05,False,0.0,0.0,-0.03896150729094631,-0.05702028103904129,0.18461279140713438,0.18824968933114344,1.46,0.92,-0.27273055103662414,-0.39914196727328904,0.2147484653831686,-0.314285013601015,
1791389497.3599303,balance,-0.08047824721535701,0.029871391444118205,-0.03982000034314051,-0.054918079132286905,-2.9652861172308614e-05,-0.04068789973338881,0.17694849231377188,-0.0013386779362767579,-0.0006650584140354401,-3.3680976112065887e-06,False,0.0,0.0,-0.037376389738160216,-0.05734907008709418,0.18461279140713438,0.18824968933114344,1.48,0.91,-0.2616347281671215,-0.4014434906096593,0.20601159698198546,-0.3160972367005191,
1791389497.3699186,balance,-0.08101871736979575,0.029896142995805317,-0.04029992979183288,-0.05042400807174601,-2.9652861172308614e-05,-0.040748440439135176,0.17694849231377188,-0.0025792793912888024,-0.001293421365664569,-6.429290128121167e-06,False,0.0,0.0,-0.03843903662735853,-0.057900202964507964,0.18461279140713438,0.18824968933114344,1.47,0.91,-0.2690732563915097,-0.40530142075155573,0.21186870582008638,-0.3191349769697289,
1791389497.3799222,balance,-0.08154517285944617,0.02992480875939972,-0.04076544550520006,-0.04767140138681308,-2.9652861172308614e-05,-0.04080938021541841,0.17694849231377188,-0.0016066263025512578,-0.0006707958676795913,-4.679152174358333e-06,False,0.0,0.0,-0.03784812653035274,-0.05783440106946522,0.18461279140713438,0.18824968933114344,1.48,0.92,-0.26493688571246915,-0.4048408074862565,0.20861172103344028,-0.3187722893592571,
1791389497.3899415,balance,-0.08208928591257517,0.03002250008110916,-0.04118604001618884,-0.04818401308711827,-2.9652861172308614e-05,-0.04093289875755863,0.17694849231377188,-0.002602271024444935,-0.001377769272562828,-6.122508759410535e-06,False,0.0,0.0,-0.03969189996781185,-0.05788147490193768,0.18461279140713438,0.18824968933114344,1.48,0.92,-0.2778432997746829,-0.40517032431356376,0.21877425179108892,-0.31903175142800294,
1791389497.3998933,balance,-0.08260106818989135,0.030181221381295278,-0.041573132992134235,-0.051065918890013606,-2.9652861172308614e-05,-0.04105758805892942,0.17694849231377188,-0.0045126682866029125,-0.002473411021879613,-1.0196286323616497e-05,False,0.0,0.0,-0.04155359474344431,-0.05821599815392978,0.18461279140713438,0.18824968933114344,1.48,0.89,-0.29087516320411017,-0.40751198707750846,0.2290355615780395,-0.3208755803759909,
1791389497.4099061,balance,-0.08315481445657781,0.03033928223045264,-0.042000915622517496,-0.05530341638439213,-2.9652861172308614e-05,-0.04118355169523262,0.17694849231377188,-0.0046796375215600785,-0.0026085770261116037,-1.0355302477242374e-05,False,0.0,0.0,-0.042145458738893374,-0.05862246322705066,0.18461279140713438,0.18824968933114344,1.48,0.91,-0.29501821117225363,-0.41035724258935463,0.23229780407264064,-0.3231159390467359,
1791389497.4199488,balance,-0.08359360233168187,0.030453563083585447,-0.04231271711958195,-0.0391902252565044,-2.9652861172308614e-05,-0.04131053807327222,0.17694849231377188,-0.002436352581706744,-0.0013846122112847901,-5.25870185210977e-06,False,0.0,0.0,-0.04033079890254708,-0.05764380068657805,0.18461279140713438,0.18824968933114344,1.48,0.9,-0.28231559231782954,-0.4035066048060464,0.22229574198254295,-0.31772173606775306,
1791389497.4298947,balance,-0.08405241510058,0.030519735815775564,-0.042707639630930425,-0.038526305168140436,-2.9652861172308614e-05,-0.041374428330821875,0.17694849231377188,-0.0037305718420510116,-0.002230325280962852,-7.501232805440798e-06,False,0.0,0.0,-0.04228043671533134,-0.05712858249474795,0.18461279140713438,0.18824968933114344,1.47,0.92,-0.2959630570073194,-0.39990007746323564,0.23304177717111763,-0.31488195075845327,
1791389497.4398978,balance,-0.0844434032286073,0.03054161833036206,-0.042969661422097294,-0.03541666577730919,-2.9652861172308614e-05,-0.04150339466768231,0.17694849231377188,-0.0038697474111431037,-0.0023436108644778555,-7.630682733326242e-06,False,0.0,0.0,-0.04261492412102555,-0.05653437306126044,0.18461279140713438,0.18824968933114344,1.48,0.93,-0.29830446884717887,-0.3957406114288231,0.23488540854108572,-0.3116067806526166,
1791389497.4499054,balance,-0.0848782837629,0.03054893727588623,-0.043274686607911624,-0.042591202970515364,-2.9652861172308614e-05,-0.04163325001616069,0.17694849231377188,-0.003921628621158992,-0.001972660623171858,-9.744839989935671e-06,False,0.0,0.0,-0.04366248301884959,-0.056546172476632045,0.18461279140713438,0.18824968933114344,1.48,0.9,-0.30563738113194716,-0.3958232073364243,0.24065935522200563,-0.31167181680033407,
1791389497.4599042,balance,-0.08530401765139564,0.03055414830360307,-0.043634869865662645,-0.043295949467905555,-2.9652861172308614e-05,-0.0416988006469053,0.17694849231377188,-0.0019770845713721467,-0.0012250313447673634,-3.7602661330239165e-06,False,0.0,0.0,-0.04297126857299367,-0.05668344508699789,0.18461279140713438,0.18824968933114344,1.48,0.91,-0.3007988800109557,-0.3967841156089852,0.23684951181965017,-0.3124284374873899,
1791389497.4698918,balance,-0.08574383987554066,0.030581383079312633,-0.043942822983526454,-0.03795389517410332,-2.9652861172308614e-05,-0.04183066975318651,0.17694849231377188,-0.003494233424859644,-0.002213968515287379,-6.401324547861324e-06,False,0.0,0.0,-0.04455066415156926,-0.05654598268687551,0.18461279140713438,0.18824968933114344,1.48,0.91,-0.3118546490609848,-0.3958218788081286,0.24555484178030298,-0.3116707707150619,
1791389497.479899,balance,-0.08619886598317088,0.030623628355813486,-0.0442650278106624,-0.04048394978119933,-2.9652861172308614e-05,-0.041963491033680786,0.17694849231377188,-0.0031414545360235746,-0.0013262657536030034,-9.075943912102857e-06,False,0.0,0.0,-0.04466914044912814,-0.05679234837312875,0.18461279140713438,0.18824968933114344,1.48,0.91,-0.312683983143897,-0.39754643861190125,0.24620786074322598,-0.31302869182039467,
1791389497.489896,balance,-0.08662914230168997,0.030631153701528892,-0.04456158441752338,-0.04397233418377774,-2.9652861172308614e-05,-0.0420972107453389,0.17694849231377188,-0.0028491562608015013,-0.0011497114129269195,-8.49722423937291e-06,False,0.0,0.0,-0.045123420803554845,-0.05713466531204979,0.18461279140713438,0.18824968933114344,1.49,0.91,-0.3158639456248839,-0.3999426571843485,0.24871176820857,-0.3149154780979122,
1791389497.5003018,balance,-0.08737329677416701,0.030538088001268532,-0.04510329084508634,-0.039049742891413115,-2.9652861172308614e-05,-0.04229965879025298,0.17694849231377188,-0.001879338651533873,-0.0009219735485475021,-4.7868255149318545e-06,False,0.0,0.0,-0.044732189724983815,-0.05746313830418074,0.18461279140713438,0.18824968933114344,1.51,0.87,-0.3131253280748867,-0.40224196812926516,0.24655537643691866,-0.3167259591569017,
1791389497.509887,balance,-0.08757785887563699,0.03048623065857874,-0.045307852946556315,-0.04462305541218805,-2.9652861172308614e-05,-0.04229965879025298,0.17694849231377188,-9.488144086488471e-05,-5.495492196901502e-05,-1.9963259447934845e-07,False,0.0,0.0,-0.04344930042849876,-0.05785684951266067,0.18461279140713438,0.18824968933114344,1.49,0.86,-0.3041451029994913,-0.4049979465886247,0.2394843330704656,-0.31889602093592495,
1791389497.519904,balance,-0.08807769387410307,0.030309312673382872,-0.04567066071335227,-0.046110144439350645,-2.9652861172308614e-05,-0.0424366860219231,0.17694849231377188,-0.00010994382767679318,-5.051833476350115e-05,-2.971274645664602e-07,False,0.0,0.0,-0.0435053103070673,-0.05895721800330882,0.18461279140713438,0.18824968933114344,1.48,0.91,-0.3045371721494711,-0.4127005260231617,0.23979304893659142,-0.32496104411272575,
1791389497.529836,balance,-0.08860074239492688,0.03018380950765772,-0.04612441867032482,-0.04810739895323523,-2.9652861172308614e-05,-0.04250597658577437,0.17694849231377188,-0.002380459356552975,-0.0010975032220007384,-6.414780672761184e-06,False,0.0,0.0,-0.04540594518554353,-0.060347865191764216,0.18461279140713438,0.18824968933114344,1.49,0.92,-0.3178416162988047,-0.4224350563423495,0.25026898921165724,-0.33262602861602325,
1791389497.5398757,balance,-0.08913045060145308,0.03008889687139196,-0.04651458125206149,-0.05184289367082116,-2.9652861172308614e-05,-0.0426455222105639,0.17694849231377188,-0.002905629290302168,-0.0014254553565196896,-7.400869668912392e-06,False,0.0,0.0,-0.04578830104374028,-0.06154303171373367,0.18461279140713438,0.18824968933114344,1.47,0.91,-0.32051810730618197,-0.4308012219961357,0.2523764624458126,-0.33921356062687846,
1791389497.5498724,balance,-0.08967603713809934,0.0299801834110628,-0.0469194228941723,-0.051250891299705316,-2.9652861172308614e-05,-0.04278626710509934,0.17694849231377188,-0.0020331917130528322,-0.0010006121854094344,-5.162897638216989e-06,False,0.0,0.0,-0.04498479341184814,-0.06224076106884329,0.18461279140713438,0.18824968933114344,1.49,0.91,-0.314893553882937,-0.43568532748190303,0.24794768022278504,-0.3430593129778764,
1791389497.5598867,balance,-0.09021698115016835,0.029932601904120518,-0.047318420047989466,-0.048648161992781346,-2.9652861172308614e-05,-0.04292821396335119,0.17694849231377188,-0.002875648374342476,-0.0013883949206556678,-7.436267268434041e-06,False,0.0,0.0,-0.04520385451476183,-0.0631958217954445,0.18461279140713438,0.18824968933114344,1.49,0.92,-0.3164269816033328,-0.44237075256811154,0.2491551036246715,-0.34832342721898546,
1791389497.5698645,balance,-0.09075438773381317,0.029854159068029115,-0.04778436302087892,-0.0479938321973168,-2.9652861172308614e-05,-0.042999677574106554,0.17694849231377188,-0.004785967102812782,-0.0024223212632938076,-1.1818229197594873e-05,False,0.0,0.0,-0.04690182623080406,-0.06344608823523332,0.18461279140713438,0.18824968933114344,1.49,0.92,-0.3283127836156284,-0.4441226176466332,0.2585140028469515,-0.34970284854065603,
1791389497.5798304,balance,-0.09126671738841842,0.029715829389972383,-0.04822424763647094,-0.043131901763765995,-2.9652861172308614e-05,-0.04307212261311978,0.17694849231377188,-0.002153766178153472,-0.0009126296703483484,-6.205682539025619e-06,False,0.0,0.0,-0.044408527540141636,-0.06390235098868455,0.18461279140713438,0.18824968933114344,1.5,0.92,-0.31085969278099146,-0.4473164569207918,0.24477141163857594,-0.3522176826147967,
1791389497.5898416,balance,-0.09179248882273787,0.02958607266888644,-0.04867721305415294,-0.05584863273253662,-2.9652861172308614e-05,-0.04314492862975723,0.17694849231377188,-0.0045082733964635704,-0.0020014314189249604,-1.253420988769305e-05,False,0.0,0.0,-0.047307219215794734,-0.06499902983213311,0.18461279140713438,0.18824968933114344,1.48,0.9,-0.33115053451056314,-0.45499320882493177,0.26074845237052213,-0.3582623691534896,
1791389497.59992,balance,-0.0923309759112448,0.02951151299292403,-0.04906848231906942,-0.04897524658760244,-2.9652861172308614e-05,-0.04329214645334768,0.17694849231377188,-0.0034273414749582194,-0.0020170700966399896,-7.05135689159115e-06,False,0.0,0.0,-0.04674054040298809,-0.06473883908557475,0.18461279140713438,0.18824968933114344,1.47,0.91,-0.32718378282091665,-0.4531718735990232,0.25762502584324143,-0.35682824692836473,
1791389497.6098766,balance,-0.09281356191538769,0.02950795535582805,-0.04955106832321231,-0.03994102244668138,-2.9652861172308614e-05,-0.04329214645334768,0.17694849231377188,-0.007006347241640821,-0.004014478150481418,-1.4959345455797012e-05,False,0.0,0.0,-0.049870199104975976,-0.06434208309244217,0.18461279140713438,0.18824968933114344,1.49,0.9,-0.34909139373483183,-0.4503945816470952,0.27487511317703295,-0.3546414028717285,
1791389497.619902,balance,-0.09324196449063481,0.02950939637430795,-0.04982987072244495,-0.03301192088901385,-2.9652861172308614e-05,-0.04344174662936216,0.17694849231377188,-0.0075065603942118374,-0.004429454843278212,-1.5385527754668125e-05,False,0.0,0.0,-0.04975710260599778,-0.06352477762395929,0.18461279140713438,0.18824968933114344,1.47,0.91,-0.34829971824198447,-0.444673443367715,0.27425174664723184,-0.35013656958087797,
1791389497.6298397,balance,-0.09351885072329856,0.029498095342933,-0.0501067569551087,-0.020544224675064584,-2.9652861172308614e-05,-0.04344174662936216,0.17694849231377188,-0.014538225709013057,-0.008646487589167254,-2.9458690599229012e-05,False,0.0,0.0,-0.053919755530889804,-0.06268020744253254,0.18461279140713438,0.18824968933114344,1.49,0.91,-0.37743828871622864,-0.43876145209772777,0.29719550292616426,-0.34548145834466754,
1791389497.6398687,balance,-0.09353660409023186,0.02945518107996448,-0.050049264448032205,0.01600890147588294,-2.9652861172308614e-05,-0.04351699250337196,0.17694849231377188,-0.019051676839891205,-0.011804705593877236,-3.623485623006985e-05,False,0.0,0.0,-0.053105878806678664,-0.06080387462993788,0.18461279140713438,0.18824968933114344,1.48,0.91,-0.37174115164675064,-0.4256271224095652,0.2927095682257879,-0.33513946646422454,
1791389497.649916,balance,-0.09325810432466522,0.029391943380612663,-0.049770764682465565,0.044698697249029924,-2.9652861172308614e-05,-0.04351699250337196,0.17694849231377188,-0.025061732538580326,-0.016151998189966953,-4.4548671743066866e-05,False,0.0,0.0,-0.0521497259314818,-0.058325415476844555,0.18461279140713438,0.18824968933114344,1.47,0.9,-0.3650480815203726,-0.4082779083379119,0.28743943426800994,-0.32147866798260777,
1791389497.6598315,balance,-0.09272993515354108,0.029320304947413865,-0.04924259551134143,0.06970864400216586,-2.9652861172308614e-05,-0.04351699250337196,0.17694849231377188,-0.03128039300516782,-0.016999020348901064,-7.140686328133379e-05,False,0.0,0.0,-0.05119148528756793,-0.05566807069041989,0.18461279140713438,0.18824968933114344,1.48,0.9,-0.3583403970129755,-0.3896764948329392,0.28215779292360277,-0.30683188569522774,
1791389497.669892,balance,-0.09195347160171373,0.029235303853709295,-0.048466131959514075,0.10833302103070773,-2.9652861172308614e-05,-0.04351699250337196,0.17694849231377188,-0.03945980029320249,-0.01672056367997757,-0.00011369618306612461,False,0.0,0.0,-0.04988861845041455,-0.05294107448801823,0.18461279140713438,0.18824968933114344,1.48,0.9,-0.34922032915290185,-0.3705875214161276,0.2749766371282692,-0.2918011979654548,
1791389497.679865,balance,-0.09073010074364846,0.029127163492428408,-0.04710034140801734,0.13809777072331705,-2.9652861172308614e-05,-0.04365941219680342,0.17694849231377188,-0.04057770934123821,-0.016437282102090934,-0.00012070213619573637,False,0.0,0.0,-0.045197956408943606,-0.04924168437070071,0.18461279140713438,0.18824968933114344,1.49,0.92,-0.31638569486260526,-0.34469179059490496,0.24912259438000414,-0.2714108587361456,
1791389497.6898372,balance,-0.08938566148642321,0.029024251514293158,-0.045686463021297315,0.1354105605938245,-2.9652861172308614e-05,-0.0437288513262982,0.17694849231377188,-0.04438215632294368,-0.024809004851078037,-9.78657573593282e-05,False,0.0,0.0,-0.04357323111111841,-0.04638061946572845,0.18461279140713438,0.18824968933114344,1.47,0.9,-0.30501261777782884,-0.3246643362600991,0.24016741557309357,-0.25564120965362136,
1791389497.699852,balance,-0.08800538233857644,0.028874831563907948,-0.04423888903790099,0.14178414868178438,-2.9652861172308614e-05,-0.04379614616184775,0.17694849231377188,-0.04090551641124275,-0.018604993061991756,-0.00011150261674625498,False,0.0,0.0,-0.04199694981121464,-0.04366798891703992,0.18461279140713438,0.18824968933114344,1.49,0.9,-0.2939786486785025,-0.30567592241927943,0.2314792509279547,-0.24068970269234602,
1791389497.7098658,balance,-0.08663561023911895,0.028710700622501976,-0.0428691169384435,0.11775891026058796,-2.9652861172308614e-05,-0.04379614616184775,0.17694849231377188,-0.02556009237657396,-0.015877153251170336,-4.841469562701811e-05,False,0.0,0.0,-0.0359296872655633,-0.04165730286420313,0.18461279140713438,0.18824968933114344,1.49,0.89,-0.25150781085894314,-0.29160112004942196,0.1980376463456245,-0.22960718114127712,
1791389497.7198863,balance,-0.08590930962275632,0.02858912404340093,-0.042142816322080875,0.036727176841931206,-2.9652861172308614e-05,-0.04379614616184775,0.17694849231377188,-0.015919964970275178,-0.007587339510332756,-4.16631272997121e-05,False,0.0,0.0,-0.03923422163568553,-0.043909552733640805,0.18461279140713438,0.18824968933114344,1.48,0.92,-0.27463955144979874,-0.3073668691354856,0.21625161531480216,-0.24202115679959496,
1791389497.7298594,balance,-0.08588967872338474,0.028465138665558463,-0.04212318542270929,-0.013348125901852735,-2.9652861172308614e-05,-0.04379614616184775,0.17694849231377188,-0.00852790406669654,-0.004117366641791717,-2.2052687124524117e-05,False,0.0,0.0,-0.04315890956574856,-0.04636886018391027,0.18461279140713438,0.18824968933114344,1.48,0.9,-0.3021123669602399,-0.32458202128737185,0.23788375351199992,-0.255576394714466,
1791389497.7398934,balance,-0.08634908392871679,0.02836230855827902,-0.04245526846374458,-0.04881829690634369,-2.9652861172308614e-05,-0.043923468326144514,0.17694849231377188,-0.006089432680595856,-0.003082044223608314,-1.503694228493771e-05,False,0.0,0.0,-0.04718459612820974,-0.04983271963989947,0.18461279140713438,0.18824968933114344,1.48,0.9,-0.33029217289746815,-0.3488290374792963,0.26007257708462056,-0.2746685334482648,
1791389497.749891,balance,-0.08689899227568294,0.028440016735980154,-0.04287655975449414,-0.04543474016801013,-2.9652861172308614e-05,-0.044052085382361106,0.17694849231377188,-0.00642060969298838,-0.0032496628264526697,-1.5854734332678552e-05,False,0.0,0.0,-0.047841059944612754,-0.053095058932275084,0.18461279140713438,0.18824968933114344,1.48,0.9,-0.3348874196122893,-0.3716654125259256,0.26369088158447973,-0.29264993112277604,
1791389497.759919,balance,-0.08728034749325136,0.028559726381969772,-0.04312843711299871,-0.03283449847439959,-2.9652861172308614e-05,-0.044181563241424957,0.17694849231377188,-0.004529273585915784,-0.0024191419632612512,-1.0550658113272665e-05,False,0.0,0.0,-0.04426583167371778,-0.05488108847163638,0.18461279140713438,0.18824968933114344,1.47,0.91,-0.30986082171602447,-0.38416761930145465,0.24398489898899564,-0.30249418842634224,
1791389497.7698898,balance,-0.08752518292563881,0.028616156092197965,-0.04324337786566914,-0.018767626336710842,-2.9652861172308614e-05,-0.044311457921141974,0.17694849231377188,-0.004375617609895791,-0.002554745756874613,-9.10435926510589e-06,False,0.0,0.0,-0.04232766899202239,-0.05547727360587466,0.18461279140713438,0.18824968933114344,1.47,0.91,-0.2962936829441567,-0.3883409152411226,0.2333021125544541,-0.30578024822135635,
1791389497.779911,balance,-0.08775475688574338,0.028753530743699005,-0.043342771906682794,-0.019133461247892527,-2.9652861172308614e-05,-0.044441637840232896,0.17694849231377188,-0.004446725738300275,-0.002084712957404437,-1.1810063904479194e-05,False,0.0,0.0,-0.041741253002795804,-0.05603242160352027,0.18461279140713438,0.18824968933114344,1.48,0.89,-0.29218877101957064,-0.39222695122464185,0.2300698984406068,-0.30884011907452114,
1791389497.7899349,balance,-0.08805998760026307,0.02886892043430911,-0.04351737464789602,-0.02592786869723599,-2.9652861172308614e-05,-0.044572265813539354,0.17694849231377188,-0.004528030029893494,-0.0026789293512719144,-9.245503393107897e-06,False,0.0,0.0,-0.04230376815876603,-0.05624906113235075,0.18461279140713438,0.18824968933114344,1.46,0.89,-0.2961263771113622,-0.3937434279264553,0.23317037567823795,-0.31003419521768133,
1791389497.7999167,balance,-0.08844067341562786,0.02896177211172148,-0.043832213372565924,-0.03919084562091618,-2.9652861172308614e-05,-0.044638112904234244,0.17694849231377188,-0.0013973468437331671,-0.0008636448248214454,-2.668510094558609e-06,False,0.0,0.0,-0.04126239094798486,-0.056730002514505586,0.18461279140713438,0.18824968933114344,1.48,0.88,-0.28883673663589404,-0.3971100176015391,0.22743050128810555,-0.3126850532295583,
1791389497.8098943,balance,-0.08883765621836441,0.029049345119299304,-0.044096836615408086,-0.03791078263331069,-2.9652861172308614e-05,-0.04477047246412863,0.17694849231377188,-0.00153162488548457,-0.0009490178216514686,-2.9130353191655075e-06,False,0.0,0.0,-0.04222634666622634,-0.05713811453240318,0.18461279140713438,0.18824968933114344,1.49,0.91,-0.2955844266635844,-0.39996680172682225,0.23274364304219244,-0.3149344895486789,
1791389497.8199267,balance,-0.08918957753674565,0.02914754863765676,-0.04431571174235833,-0.03534883705128669,-2.9652861172308614e-05,-0.04490351865555963,0.17694849231377188,-0.00176415552262049,-0.000892891936446722,-4.35631793086884e-06,False,0.0,0.0,-0.04249813997077056,-0.05724054436911711,0.18461279140713438,0.18824968933114344,1.47,0.91,-0.2974869797953939,-0.40068381058381974,0.2342417163743259,-0.31549906345182654,
1791389497.8298974,balance,-0.08943304914575427,0.02922138537101875,-0.044492344576339896,-0.019864017010077752,-2.9652861172308614e-05,-0.04497035743058668,0.17694849231377188,-0.00036518312240659586,-0.00019391347631573602,-8.563482304542992e-07,False,0.0,0.0,-0.04124079449147573,-0.05617436899626719,0.18461279140713438,0.18824968933114344,1.49,0.89,-0.28868556144033014,-0.3932205829738703,0.22731146570104735,-0.309622506278638,
1791389497.8399227,balance,-0.08959222333062128,0.029301146427240132,-0.04458460278455583,-0.0066706441123217655,-2.9652861172308614e-05,-0.04503727340723775,0.17694849231377188,-0.001040566563368874,-0.0004198966796853709,-3.1033494184175156e-06,False,0.0,0.0,-0.04144802463168544,-0.054981918909087296,0.18461279140713438,0.18824968933114344,1.49,0.91,-0.29013617242179807,-0.38487343236361105,0.22845367907228195,-0.30304994674300084,
1791389497.8499298,balance,-0.08967806844845898,0.0293507043510975,-0.044536548531436876,0.004436347229557535,-2.9652861172308614e-05,-0.04517117277819441,0.17694849231377188,-0.00024725489904236066,-0.00010553972339745608,-7.08575878224523e-07,False,0.0,0.0,-0.04023503333600714,-0.05361412943513919,0.18461279140713438,0.18824968933114344,1.48,0.92,-0.28164523335205,-0.3752989060459743,0.22176790027720472,-0.29551094964249947,
1791389497.8599367,balance,-0.08973266420514456,0.029368958517064964,-0.044457500714505965,0.005355445856297152,-2.9652861172308614e-05,-0.0453048163518109,0.17694849231377188,0.00026321346661312974,0.00015531643033266904,5.394851814023035e-07,False,0.0,0.0,-0.03986261830584935,-0.052429509449844966,0.18461279140713438,0.18824968933114344,1.48,0.89,-0.2790383281409454,-0.36700656614891475,0.21971521900861843,-0.28898154814875177,
1791389497.8698914,balance,-0.08974238202188645,0.029403769351946604,-0.044400508473053345,0.005860379980993323,-2.9652861172308614e-05,-0.04537152641000541,0.17694849231377188,0.0018829654917544877,0.0008271538950642626,5.279057983451126e-06,False,0.0,0.0,-0.03901899842676945,-0.05165688581450319,0.18461279140713438,0.18824968933114344,1.47,0.92,-0.27313298898738614,-0.3615982007015223,0.21506534565935917,-0.28472299267836404,
1791389497.879862,balance,-0.08972435636411,0.029362454507965666,-0.04424941124337727,0.0100416681497252,-2.9652861172308614e-05,-0.04550459798190503,0.17694849231377188,0.002231207336593341,0.0010044107577135942,6.133982894398735e-06,False,0.0,0.0,-0.03902160914953827,-0.05083763279787881,0.18461279140713438,0.18824968933114344,1.48,0.9,-0.27315126404676787,-0.3558634295851517,0.21507973546989595,-0.2802074248701982,
1791389497.889859,balance,-0.08971509130143024,0.029309348542978335,-0.04410751311206774,0.004918142263615103,-2.9652861172308614e-05,-0.045637231050534806,0.17694849231377188,0.0012515091777486546,0.0007540524890454137,2.4872834435162044e-06,False,0.0,0.0,-0.04053663768068069,-0.05043515451694699,0.18461279140713438,0.18824968933114344,1.46,0.89,-0.2837564637647648,-0.35304608161862894,0.2234302864289487,-0.27798904064458974,
1791389497.899905,balance,-0.08960797985323381,0.029238748615276436,-0.043868411493945644,0.022198957993585018,-2.9652861172308614e-05,-0.04576922122046047,0.17694849231377188,0.00021074903928898012,8.429961571559205e-05,6.322471178669403e-07,False,0.0,0.0,-0.04055640334575008,-0.04905818782791078,0.18461279140713438,0.18824968933114344,1.48,0.9,-0.2838948234202506,-0.34340731479537545,0.22353923103956738,-0.2703994604687996,
1791389497.909851,balance,-0.08943655134905977,0.029200803392183276,-0.04356585153478304,0.030260736689197737,-2.9652861172308614e-05,-0.045900352675449035,0.17694849231377188,-0.00044189903901062323,-0.0002497632723924426,-9.60678833090903e-07,False,0.0,0.0,-0.039867460362403455,-0.0481226972777518,0.18461279140713438,0.18824968933114344,1.48,0.89,-0.2790722225368242,-0.3368588809442626,0.21974190750931039,-0.26524321334193907,
1791389497.9198744,balance,-0.08915383212058033,0.029120028253536476,-0.04321801748441476,0.039741881552880394,-2.9652861172308614e-05,-0.04596546749733787,0.17694849231377188,0.0022156954070620643,0.0009423158533309684,6.36689776865548e-06,False,0.0,0.0,-0.03645514940890876,-0.04684694461029095,0.18461279140713438,0.18824968933114344,1.48,0.91,-0.2551860458623613,-0.3279286122720367,0.20093389437981207,-0.25821150572601315,
1791389497.9298549,balance,-0.08877158149822903,0.028998029263082654,-0.04270710631046896,0.043379934484771177,-2.9652861172308614e-05,-0.04609412804893238,0.17694849231377188,0.003593769685409219,0.0015172250960308403,1.0382722946891896e-05,False,0.0,0.0,-0.0347614254748474,-0.0456271303495691,0.18461279140713438,0.18824968933114344,1.47,0.9,-0.24332997832393183,-0.31938991244698367,0.1915984081290802,-0.251488120036995,
1791389497.9398816,balance,-0.08832249493973199,0.02886268776689883,-0.04213107419677603,0.050440582707429425,-2.9652861172308614e-05,-0.04622107360412826,0.17694849231377188,0.00423721371395649,0.001795462754586937,1.2208754796847766e-05,False,0.0,0.0,-0.03394919675184064,-0.044151309481451385,0.18461279140713438,0.18824968933114344,1.47,0.9,-0.23764437726288448,-0.3090591663701597,0.18712155689990903,-0.24335367430721233,
1791389497.9498906,balance,-0.08791307612093871,0.028639832166479192,-0.04159634371280149,0.045589800436372035,-2.9652861172308614e-05,-0.04634638526930952,0.17694849231377188,0.004472109204867978,0.002082708632273387,1.1947002862972955e-05,False,0.0,0.0,-0.033686653828329034,-0.04371674991829625,0.18461279140713438,0.18824968933114344,1.48,0.91,-0.23580657679830325,-0.30601724942807373,0.1856744699199238,-0.2409584641165935,
1791389497.9598348,balance,-0.08747503315067522,0.028367049058482568,-0.041034649638716135,0.0522177928557077,-2.9652861172308614e-05,-0.046470036373131386,0.17694849231377188,0.003862700635146861,0.0018169153576854963,1.0228926387306824e-05,False,0.0,0.0,-0.03372615881958504,-0.042972070247694526,0.18461279140713438,0.18824968933114344,1.49,0.91,-0.23608311173709526,-0.3008044917338617,0.18589221396621675,-0.2368539304991037,
1791389497.9698496,balance,-0.08694285713578949,0.02808044103208877,-0.040380699595255844,0.06452089866677284,-2.9652861172308614e-05,-0.04659181040170595,0.17694849231377188,0.005121469734943098,0.0025204731020151113,1.3004983164639932e-05,False,0.0,0.0,-0.031004319503611082,-0.041942932042312225,0.18461279140713438,0.18824968933114344,1.47,0.9,-0.2170302365252776,-0.29360052429618555,0.17088995001990362,-0.2311815151938469,
1791389497.9799051,balance,-0.08627732777737117,0.027866102646218117,-0.03959567420660449,0.08012341063402106,-2.9652861172308614e-05,-0.046711306431938986,0.17694849231377188,0.0031061801123670463,0.0014948693621097467,8.056553751286498e-06,False,0.0,0.0,-0.030587653605859143,-0.040254717481678644,0.18461279140713438,0.18824968933114344,1.48,0.9,-0.21411357524101401,-0.2817830223717505,0.1685933663315071,-0.2218763955683075,
1791389497.989885,balance,-0.08545366320293091,0.027722362768509052,-0.03871385161771598,0.0918808209174136,-2.9652861172308614e-05,-0.04676946444638723,0.17694849231377188,0.005690764364957107,0.0028714194434793098,1.4096724607388987e-05,False,0.0,0.0,-0.02670452110801641,-0.03792200270076967,0.18461279140713438,0.18824968933114344,1.48,0.92,-0.18693164775611487,-0.26545401890538767,0.1471902738237125,-0.2090189125239273,
1791389497.9999108,balance,-0.08455802751820589,0.0275826912164349,-0.03770430013533182,0.10108627370533649,-2.9652861172308614e-05,-0.046883380244046376,0.17694849231377188,0.006222110501899696,0.003323307442058757,1.4494015299204693e-05,False,0.0,0.0,-0.02572331645673359,-0.03538835528111559,0.18461279140713438,0.18824968933114344,1.48,0.91,-0.18006321519713514,-0.24771848696780915,0.14178205921034262,-0.19505392674630642,
1791389498.009906,balance,-0.08359352570299321,0.027540826415088586,-0.03662909248315525,0.09567564197090202,-2.9652861172308614e-05,-0.046994086081010265,0.17694849231377188,0.0060446068922321294,0.003228500532599272,1.4080531798164288e-05,False,0.0,0.0,-0.0257988558848331,-0.033455152923341246,0.18461279140713438,0.18824968933114344,1.49,0.88,-0.1805919911938317,-0.2341860704633887,0.14219841826285962,-0.18439848067983364,
1791389498.0199265,balance,-0.0826309168415399,0.02754014346691156,-0.035558986101092926,0.10397463738117954,-2.9652861172308614e-05,-0.047101583601619285,0.17694849231377188,0.006567717757319583,0.0036610522880878085,1.4533327346158871e-05,False,0.0,0.0,-0.024846966738512194,-0.03154400453798147,0.18461279140713438,0.18824968933114344,1.47,0.89,-0.17392876716958536,-0.2208080317658703,0.13695178517290185,-0.17386459194163015,
1791389498.0298889,balance,-0.08163621804919749,0.027470567364275365,-0.03446008168331254,0.1077950240335233,-2.9652861172308614e-05,-0.04720578922705725,0.17694849231377188,0.006046730335663649,0.00352104054992463,1.2628448928695094e-05,False,0.0,0.0,-0.024750811822354703,-0.02986629404194666,0.18461279140713438,0.18824968933114344,1.46,0.88,-0.17325568275648293,-0.20906405829362662,0.13642179744604954,-0.16461736873513907,
1791389498.0398715,balance,-0.08055811400583011,0.02736770095925758,-0.03328125380932952,0.11813890656909162,-2.9652861172308614e-05,-0.0473065130576729,0.17694849231377188,0.004997692203676594,0.002949027353974065,1.0243324248512644e-05,False,0.0,0.0,-0.023411797867673542,-0.028043747900114463,0.18461279140713438,0.18824968933114344,1.47,0.92,-0.16388258507371478,-0.19630623530080124,0.12904140556985416,-0.15457183881952855,
1791389498.0498824,balance,-0.07944695664346091,0.027270703280860422,-0.03207298635675635,0.11553011667121166,-2.9652861172308614e-05,-0.04740362314787686,0.17694849231377188,0.004714670728726699,0.0028553164763319,9.296771261973993e-06,False,-0.0015833333333332977,-0.0015833333333332977,-0.02188160605627684,-0.02710483245149956,0.18461279140713438,0.18824968933114344,1.44,0.98,-0.15317124239393787,-0.18973382716049692,0.12060727747554163,-0.14939671429960386,
1791389498.0598783,balance,-0.07828343527899606,0.02718900108922158,-0.030863100794803068,0.1191648050424031,-2.9652861172308614e-05,-0.0474499873453653,0.17694849231377188,0.006525563617439952,0.003911457869132005,1.3070528741539737e-05,False,-0.0031666666666665955,-0.0031666666666665955,-0.019502803679794588,-0.025900769398637023,0.18461279140713438,0.18824968933114344,1.31,1.08,-0.1365196257585621,-0.18130538579045916,0.10749576831382843,-0.1427601462917001,
1791389498.069919,balance,-0.07715825650289179,0.02712910249359654,-0.02964810932509416,0.11889563998953794,-2.9652861172308614e-05,-0.04753980003896994,0.17694849231377188,0.008752797660150757,0.004321196869725179,2.2158003952127888e-05,False,-0.004749999999999893,-0.004749999999999893,-0.01712592816679239,-0.02467352403983625,0.18461279140713438,0.18824968933114344,1.2,1.18,-0.11988149716754673,-0.17271466827885376,0.0943948796594856,-0.13599580179437304,
1791389498.0798914,balance,-0.07609437017400797,0.027192552564432176,-0.028512486685373074,0.10962296374186015,-4.426113584501609e-05,-0.047626144624479914,0.1767953256109573,0.008699123402976648,0.0034796493611906594,2.6097370208929943e-05,False,-0.0063333333333334225,-0.0063333333333334225,-0.016932039315677126,-0.023598817506309846,0.18441020567926045,0.18804809635858466,1.2,1.1,-0.11852427520973988,-0.16519172254416892,0.09332620095255108,-0.13007222247572356,
1791389498.0901184,balance,-0.07446068556436475,0.027619186380314464,-0.02680305633609073,0.09860233083260028,-4.995597038376029e-05,-0.04770758519865778,0.17671880834090928,0.007833182171176588,0.004329929753629245,1.7516262087736716e-05,False,-0.008708333333333254,-0.008708333333333254,-0.017149599026916394,-0.02218444592681951,0.18441020567926045,0.1878464388524644,1.1400000000000001,1.22,-0.11109036287023015,-0.1531162700316451,0.08747272666947256,-0.12056399215090165,
1791389498.0999002,balance,-0.07407423894148175,0.02779199878419575,-0.02638591016432537,0.11241798875055106,-5.8894744231985374e-05,-0.04774722352138837,0.17664215894593646,0.00804587369751342,0.0032183494790053685,2.413762109254026e-05,False,-0.009500000000000019,-0.009500000000000019,-0.015945362954081447,-0.021481535320044914,0.18420761995138657,0.1878464388524644,1.04,1.2,-0.11161754067857013,-0.1503707472403144,0.08788782730596073,-0.11840216318134993,
1791389498.1099217,balance,-0.07304500075004473,0.02837956471811075,-0.02529549843152333,0.10109242081130414,-7.43345249463942e-05,-0.04782383684346779,0.17648907998490004,0.010015708565696689,0.00422845249435502,2.8936280356708344e-05,False,-0.011083333333333317,-0.011083333333333317,-0.013867562671804697,-0.02082599312370102,0.1840049739935406,0.18764478134634419,1.06,1.1400000000000001,-0.09707293870263288,-0.14578195186590714,0.07643538480522274,-0.11478893847709223,
1791389498.1198556,balance,-0.0719420489290288,0.028870373285387472,-0.02412583558244854,0.11204038095507277,-8.08496871312174e-05,-0.04789706303371149,0.17641265224044195,0.009659865862144495,0.0041232734926420775,2.7682961847512086e-05,False,-0.012666666666666614,-0.012666666666666614,-0.013182020027281362,-0.01902428382101163,0.1840049739935406,0.1874430046775467,1.06,1.1400000000000001,-0.09227414019096954,-0.13316998674708141,0.07265680329997601,-0.10485825728116646,
1791389498.1298678,balance,-0.0708205975573238,0.029403385610513717,-0.02298534964774393,0.10857135467262935,-9.634494333202875e-05,-0.0479315928529119,0.1762595751676767,0.007017534265191255,0.003104499175504796,1.9565175448432292e-05,False,-0.014249999999999912,-0.014249999999999912,-0.014100926642370868,-0.018308218727596123,0.18380227246209999,0.1872412220645504,1.08,1.1300000000000001,-0.09870648649659608,-0.12815753109317285,0.07772164291070557,-0.10091144180564791,
1791389498.1399086,balance,-0.06976677360546481,0.0298047142962138,-0.021881733471333042,0.11127885530003173,-0.0001130419791488535,-0.04799808211328062,0.17610633911731244,0.005642357777342747,0.002654020455514919,1.4941686609139141e-05,False,-0.015833333333333442,-0.015833333333333442,-0.013845407659560886,-0.017233285321809053,0.1835995660144428,0.1870393673616566,1.08,1.11,-0.0969178536169262,-0.12063299725266337,0.07631327056450882,-0.09498661200997116,
1791389498.1499002,balance,-0.06878274759139864,0.030020008597273547,-0.020851172201630283,0.09946035195288373,-0.00012979231288133206,-0.048061367702649696,0.1759530998414529,0.005348439671930397,0.002524083546421048,1.4121780627546744e-05,False,-0.01741666666666674,-0.01741666666666674,-0.012283262437040858,-0.016865377641503587,0.18339669919636176,0.18683742877179627,0.98,1.11,-0.085982837059286,-0.11805764349052511,0.0677030213065244,-0.09295877440198827,
1791389498.1598916,balance,-0.06794965207508427,0.030304672517940775,-0.019964724682563058,0.08201872153377457,-0.00013697034355872675,-0.04812189773607994,0.17587651870264026,0.005258399931654124,0.002522464476498175,1.3679677275779746e-05,False,-0.019000000000000038,-0.019000000000000038,-0.013219406885938121,-0.017786762537491157,0.18339669919636176,0.18663549018193595,1.01,1.1300000000000001,-0.09253584820156685,-0.1245073377624381,0.07286287259965894,-0.09803727382869142,
1791389498.1699138,balance,-0.06728241652247492,0.030594208289385128,-0.019249471839791872,0.051507910854758164,-0.00014719104178640557,-0.04818013572446946,0.17579970715790777,0.004802973162823257,0.0023711952911988628,1.215888935812197e-05,False,-0.020583333333333335,-0.020583333333333335,-0.014162354914725672,-0.019872978168646038,0.18319383237828066,0.18663549018193595,1.01,1.27,-0.0991364844030797,-0.13911084718052227,0.07806022393943284,-0.10953610014214352,
1791389498.1799073,balance,-0.06675850644000948,0.03099474611795745,-0.018686475445003806,0.049290595514080916,-0.00016463284520008142,-0.048236663840205765,0.17564631138657916,0.0040070049672806815,0.002127733225180904,9.396358710498887e-06,False,-0.022166666666666633,-0.022166666666666633,-0.014222476891516194,-0.021242410871294744,0.18299090309463303,0.18643339097990522,1.01,1.22,-0.09955733824061336,-0.1486968760990632,0.07839160491386879,-0.11708415440871119,
1791389498.1898687,balance,-0.0663020374574056,0.03146203967100129,-0.01819246774126062,0.04719868024130117,-0.00018210513985507035,-0.04829167485600005,0.17549291566877848,0.003626585267692922,0.0019933833310283,8.16600968332311e-06,False,-0.02374999999999993,-0.02374999999999993,-0.013976478830213137,-0.022305465901804898,0.18278792047945228,0.18623128712095785,1.03,1.31,-0.09783535181149196,-0.15613826131263428,0.07703571008778894,-0.12294351284459391,
1791389498.1999295,balance,-0.06591578813671553,0.03201844939030262,-0.017771218243443306,0.04624885600327566,-0.00020080058462703526,-0.04834537047789927,0.17533948115298226,0.0031480764370327295,0.001725472927002538,7.113017550150958e-06,False,-0.02533333333333323,-0.02533333333333323,-0.012823150996693268,-0.023215000030360824,0.18258493369347872,0.18602914683040453,1.06,1.27,-0.08976205697685288,-0.16250500021252579,0.070678785021144,-0.12795669308072896,
1791389498.209908,balance,-0.06559099874643476,0.032567675939386295,-0.017438832244820943,0.02559680974818998,-0.0002195536105509821,-0.0483717201121648,0.17518604589037323,0.001619045114178316,0.0009100574860171936,3.544938140805612e-06,False,-0.026916666666666755,-0.026916666666666755,-0.014119265280864296,-0.025070081313354208,0.18238186609667828,0.18582696731162412,1.04,1.27,-0.09883485696605007,-0.17549056919347947,0.07782272202051187,-0.13818155054604683,
1791389498.219897,balance,-0.0653449127064193,0.03304639161269488,-0.017187173284520837,0.008779608696349894,-0.00023990690931288,-0.04839764633121134,0.17503244516394403,-0.0007889910614325246,-0.00031559642457300985,-2.3669731842975738e-06,False,-0.028500000000000053,-0.028500000000000053,-0.016007636131804375,-0.026316742692636657,0.1821787984998778,0.1856247877928437,1.07,1.28,-0.11205345292263062,-0.1842171988484566,0.08823106529340993,-0.14505291247909968,
1791389498.2298803,balance,-0.06525460500306582,0.0335208256563431,-0.01706597194213212,-0.0012007955241132144,-0.0002603284047304269,-0.04844896146566412,0.17487884108716492,-0.0010977903595931087,-0.0006409552920633628,-2.2841753376487297e-06,False,-0.03008333333333335,-0.03008333333333335,-0.015879406982651074,-0.028070742467292003,0.18197564376362416,0.1854224444608907,1.1,1.29,-0.11115584887855752,-0.19649519727104403,0.0875242904555571,-0.1547206277724756,
1791389498.2399244,balance,-0.06524788490746199,0.03398645789718518,-0.017019665745787456,-0.014378535349550206,-0.0002718827925121299,-0.04850010195418666,0.1748019901200333,-0.0012754978464909479,-0.0007784203946238527,-2.485387259335476e-06,False,-0.03166666666666665,-0.03166666666666665,-0.01589417991018215,-0.03000192645577566,0.1817724202195233,0.1854224444608907,1.09,1.32,-0.11125925937127505,-0.21001348519042962,0.08760571604037405,-0.1653649489688422,
1791389498.249863,balance,-0.06534808072031958,0.03450251634369345,-0.017090191995269968,-0.017162548633804724,-0.0002935376595449256,-0.048551426384594545,0.17464826643802656,-0.0021205849760092066,-0.001284276584697198,-4.181541956560044e-06,False,-0.033249999999999946,-0.033249999999999946,-0.016723638742846426,-0.031109368505262632,0.1815691881139024,0.18522009966748007,1.06,1.24,-0.11706547119992498,-0.21776557953683842,0.09217753637789369,-0.1714689602652271,
1791389498.2598784,balance,-0.06555585509572631,0.03497625388427252,-0.017267894440323207,-0.0326586895319933,-0.0003152547619594548,-0.04860321541736256,0.17449454039362622,-0.0021205849760092066,-0.0013106497133035244,-4.049676313528411e-06,False,-0.034833333333333244,-0.034833333333333244,-0.015280894916746666,-0.03293301130685073,0.18136583942689477,0.18501769687065542,0.93,1.37,-0.10696626441722666,-0.23053107914795512,0.08422540505293438,-0.1815205347621694,
1791389498.2698681,balance,-0.06588648506064082,0.03548764616979365,-0.017554895280789566,-0.030651410113034773,-0.0003241925548562591,-0.04865578233470751,0.17441778742462072,-0.0021205849760092066,-0.0008482339904036827,-6.361754928027621e-06,False,-0.03641666666666678,-0.03641666666666678,-0.016935449910549252,-0.034479519607130145,0.18136583942689477,0.18481523626813487,0.9500000000000001,1.32,-0.11854814937384477,-0.24135663724991102,0.09334499950696439,-0.19004459625977246,
1791389498.2798822,balance,-0.06612830942145528,0.03597327921024104,-0.01776555121004065,-0.044848550069829705,-0.00034619256381828237,-0.04870895077523291,0.1742641634248048,-0.0021205849760092066,-0.0008623065269959652,-6.291392245066207e-06,False,-0.038000000000000075,-0.038000000000000075,-0.01803392249350039,-0.03582839272160517,0.18116249073988713,0.18461277435272636,0.97,1.31,-0.12623745745450274,-0.2507987490512362,0.09939957279882106,-0.19747932996160333,
1791389498.2898674,balance,-0.06638289814417225,0.036612829450111115,-0.017988273461032017,-0.03890030890434797,-0.0003682360091299061,-0.04876286069227015,0.17411054157809341,-0.0021205849760092066,-0.0008590098859201753,-6.307875450445156e-06,False,-0.03958333333333337,-0.03958333333333337,-0.01695374972762278,-0.03655404046930082,0.18095909832971635,0.18441018862485245,0.98,1.26,-0.11867624809335944,-0.25587828328510576,0.09344586464044051,-0.2014789632166187,
1791389498.3006475,balance,-0.06677370117071554,0.0377628644954479,-0.018341858552772983,-0.011386326156928368,-0.0004132373464014842,-0.04884507996434405,0.17380336379799274,-0.0021205849760092066,-0.001251310173939289,-4.346374010349588e-06,False,-0.04195833333333343,-0.04195833333333343,-0.015970481008984686,-0.03633602950622342,0.1805522351880966,0.18400495692938382,0.9,1.24,-0.1117933670628928,-0.25435220654356394,0.08802627327786836,-0.20027732798705822,
1791389498.3098464,balance,-0.06684815231371148,0.03805090776271999,-0.01838868523122527,-0.03004343675493709,-0.0004132373464014842,-0.0488727044288877,0.17380336379799274,-0.0021205849760092066,-0.0009183494252844101,-6.011177753623983e-06,False,-0.04274999999999997,-0.04274999999999997,-0.017006849343202634,-0.03654390730441877,0.1805522351880966,0.18400495692938382,0.97,1.16,-0.11904794540241843,-0.2558073511309314,0.09373853968694365,-0.20142311112671762,
1791389498.3198533,balance,-0.06711911496372157,0.03877318764327485,-0.018626753446578548,-0.03353004295314954,-0.000436213306497079,-0.0489285748236401,0.1736498092259082,-0.0021205849760092066,-0.0009051628609812476,-6.077110575139795e-06,False,-0.044333333333333266,-0.044333333333333266,-0.01647492708313044,-0.037446949531097506,0.1803486455666257,0.18380225539794318,0.98,1.18,-0.11532448958191308,-0.26212864671768255,0.09080668471016777,-0.2064005092265217,
1791389498.3298535,balance,-0.06740050595816253,0.03936522038128099,-0.018865318693622915,-0.03498629662541527,-0.0004499523666644731,-0.048985139631204086,0.17357290350250598,-0.0021205849760092066,-0.000977688964648647,-5.714480056802798e-06,False,-0.04591666666666679,-0.04591666666666679,-0.01548392881290437,-0.03809611682932894,0.1801450559451548,0.18380225539794318,0.92,1.33,-0.1083875016903306,-0.26667281780530255,0.08534448951994535,-0.20997859669708863,
1791389498.339897,balance,-0.0677124453346631,0.039818932540907806,-0.019133684166685136,-0.03532366487948213,-0.0004637036070798198,-0.04904246477505779,0.17349599781189673,-0.0021205849760092066,-0.0012249370453329617,-4.4782396533812245e-06,False,-0.04750000000000009,-0.04750000000000009,-0.018622709039403253,-0.038736940814216615,0.17994142114148953,0.18380225539794318,0.9400000000000001,1.42,-0.13035896327582278,-0.2711585856995163,0.1026448529730888,-0.2135106974011939,
1791389498.349897,balance,-0.06797413094865316,0.04015489168813535,-0.0193583682605471,-0.02980560718476698,-0.0004846998634110526,-0.04910046255151712,0.17334237918421982,-0.0021205849760092066,-0.0012875732257729901,-4.165058751181082e-06,False,-0.04908333333333339,-0.04908333333333339,-0.01705516980331172,-0.03865371076518514,0.17994142114148953,0.18339668211829052,0.93,1.33,-0.11938618862318205,-0.27057597535629596,0.09400487293163941,-0.21305194909944564,
1791389498.359881,balance,-0.06810544530607489,0.04047611961135438,-0.019466078842285905,-0.0069184706575159335,-0.0005195644204940356,-0.049158930884283025,0.17311185181642133,-0.0021205849760092066,-0.0010699949147707922,-5.252950306192072e-06,False,-0.050666666666666686,-0.050666666666666686,-0.016683765557953006,-0.0363973972434213,0.1797377558943685,0.18299088600681357,0.9400000000000001,1.17,-0.11678635890567104,-0.25478178070394913,0.09195776291785121,-0.20061557535744026,
1791389498.369903,balance,-0.06815840170082683,0.04112305578061398,-0.01950185619565336,-0.001516386784092456,-0.0005609982855324484,-0.04921754379070593,0.17288089565684453,-0.0021205849760092066,-0.0010732915558465822,-5.236467100813122e-06,False,-0.052249999999999984,-0.052249999999999984,-0.01668182459980899,-0.03461734256032348,0.17933024238933284,0.18278790339163284,0.96,1.08,-0.11677277219866292,-0.24232139792226434,0.09194706472335662,-0.1908042503324916,
1791389498.3798532,balance,-0.06826789812019735,0.04203576194719024,-0.019591633113681207,-0.006401103857906334,-0.0006001286634105887,-0.04927639366992672,0.1726501215193248,-0.0021362067218926124,-0.001154258572049035,-4.9097407492178875e-06,False,-0.05383333333333328,-0.05383333333333328,-0.016446056045663283,-0.034231737957724086,0.1791264118333987,0.18238184900170476,1.01,1.1,-0.11512239231964298,-0.2396221657040686,0.0906475530075929,-0.18867887063312488,
1791389498.3898685,balance,-0.06834038079954007,0.04297371904157049,-0.01963252507891273,-0.0021653737855939627,-0.00062751120116461,-0.04933536692179195,0.17249619706367156,-0.0026753537453922506,-0.0014206219107949815,-6.273659172986346e-06,False,-0.05541666666666681,-0.05541666666666681,-0.017273910804790394,-0.033438605108673275,0.1789225346364533,0.1821787814049043,1.1300000000000001,1.1400000000000001,-0.12091737563353276,-0.23407023576071292,0.09521053199490769,-0.18430727225252985,
1791389498.399924,balance,-0.06826683371373335,0.043874313197026234,-0.019544626119985448,0.008493324795449227,-0.0006719051320533548,-0.049394112725801256,0.17226514748926813,-0.0038958640134496613,-0.0021716770402660903,-8.620934865917856e-06,False,-0.057000000000000106,-0.057000000000000106,-0.018206786178499756,-0.03178180202227017,0.1785147115383514,0.18197562665552244,1.12,1.16,-0.1274475032494983,-0.2224726141558912,0.1003523647633845,-0.1751752867369222,
1791389498.4099329,balance,-0.06810383974374874,0.04464419219962388,-0.019340362380831172,0.032113751312875354,-0.0006889113527370691,-0.04945238871565463,0.1721880212436644,-0.0026579122286016395,-0.0015270554226478083,-5.654284029769156e-06,False,-0.058583333333333404,-0.058583333333333404,-0.017191583461039724,-0.028550754736876835,0.17831072035944173,0.18197562665552244,1.1400000000000001,1.1500000000000001,-0.12034108422727807,-0.19985528315813783,0.09475675923407723,-0.1573663646914471,
1791389498.4200008,balance,-0.06786862904807595,0.04508941308438257,-0.01910533706358407,0.027055708460889342,-0.0007178721664326954,-0.04948116415092457,0.17203404498899608,-0.0005343773134959365,-0.00031532420377616935,-1.0952655485988359e-06,False,-0.0601666666666667,-0.0601666666666667,-0.016596344300871563,-0.026695193310192957,0.17810672918053203,0.1817724031114216,1.1300000000000001,1.1400000000000001,-0.11617441010610094,-0.1868663531713507,0.09147591346937081,-0.14713886076484306,
1791389498.4299173,balance,-0.06754812858996069,0.04526839900255276,-0.018758484742132715,0.0392427508620196,-0.0007480825673203753,-0.04953772641514836,0.17187994924250052,-0.00177233346003896,-0.0010898987179750474,-3.4121737103195625e-06,False,-0.06175,-0.06175,-0.0179590900332522,-0.024146153604594024,0.1779026388146077,0.18156917099526568,1.1500000000000001,1.1500000000000001,-0.1257136302327654,-0.16902307523215818,0.09898711041950033,-0.13308903561587257,
1791389498.4399207,balance,-0.06730060356470298,0.04546283659410446,-0.01848554359675008,0.03312820018105197,-0.0007783715588037671,-0.049593431526756666,0.17172585122094158,-0.0011708269361165073,-0.0007236418278493367,-2.2359255413358526e-06,False,-0.0633333333333333,-0.0633333333333333,-0.01809574055272791,-0.023189033940752456,0.1776984917096465,0.18136582230825807,1.16,1.1400000000000001,-0.12667018386909537,-0.1623232375852672,0.0997403022591302,-0.1278135729017852,
1791389498.4498951,balance,-0.06699926246251006,0.04579831140393607,-0.018160753421244062,0.03457775031141404,-0.0008097013511331463,-0.049648210392399146,0.17157182002997975,-0.0015426550368608598,-0.0009270739085987872,-3.0779056413103633e-06,False,-0.0649166666666666,-0.0649166666666666,-0.017831320473040292,-0.022916833770144918,0.17749433221431168,0.18116247362125046,1.3,1.08,-0.12481924331128205,-0.16041783639101442,0.09828286874904099,-0.12631325700079876,
1791389498.4598286,balance,-0.06660830261157931,0.04626044181391754,-0.017774498269889777,0.04919939329078327,-0.0008411078508146139,-0.04967491219250414,0.17141779038572613,0.0031257807283400496,0.00125031229133602,9.377342185020148e-06,False,-0.06650000000000013,-0.06650000000000013,-0.013075250481573273,-0.02199553765412535,0.1772901001009387,0.18095908120471274,1.29,1.1,-0.0915267533710129,-0.15396876357887745,0.07206830974095504,-0.12123524691250193,
1791389498.4698734,balance,-0.06618954452902666,0.04695809637859243,-0.017334773109529952,0.052267565698619935,-0.0008725708426493353,-0.04972734226214605,0.17126376091085774,0.0020809255029713026,0.0008397095775799143,6.2060796269569416e-06,False,-0.06808333333333343,-0.06808333333333343,-0.01280601834335191,-0.022261030379962597,0.17708586798756573,0.18075565688651182,1.29,1.11,-0.08964212840346338,-0.15582721265973817,0.0705843530735932,-0.12269859264546312,
1791389498.4799128,balance,-0.06569635166368312,0.04769489380062986,-0.016841209014374324,0.05902483348749183,-0.0009231365317793339,-0.04977827918108813,0.17103273984795028,0.0019088710998554294,0.0008029236242582305,5.529737377985995e-06,False,-0.06966666666666672,-0.06966666666666672,-0.011252065416462847,-0.021793874463849196,0.17667721211640502,0.18055221804917715,1.29,1.21,-0.07876445791523994,-0.15255712124694437,0.06201925820097633,-0.12012371751727903,
1791389498.4898598,balance,-0.06521933049387403,0.04830284526558684,-0.01631478638321486,0.07650787833591961,-0.0009231365317793339,-0.049827680642438504,0.17103273984795028,0.00291888314411188,0.0013049027885173032,8.069901777972884e-06,False,-0.07125000000000002,-0.07125000000000002,-0.008885740951469422,-0.02114374653410947,0.17667721211640502,0.18055221804917715,1.29,1.21,-0.062200186660285955,-0.1480062257387663,0.04897652492935902,-0.11654033522737503,
1791389498.4998653,balance,-0.0647360476611072,0.048743639726693974,-0.01581819271242,0.03808743345991257,-0.0009575671211213277,-0.04987542206980853,0.17087864532526423,0.0016726392371866619,0.0007763655430411585,4.481368470727517e-06,False,-0.07283333333333332,-0.07283333333333332,-0.010861453391295926,-0.022309070472352876,0.17647285020255438,0.18034862842770624,1.28,1.18,-0.07603017373907148,-0.15616349330647014,0.05986627853470195,-0.1229633805562757,
1791389498.5098426,balance,-0.06428666585231811,0.04901265375534719,-0.015380240318353035,0.04932465176958042,-0.0009921015538479905,-0.04989852708781307,0.17072454823779445,0.0027831232042134116,0.0012701702594649295,7.564764723742411e-06,False,-0.07441666666666662,-0.07441666666666662,-0.010491082716423381,-0.02051928260312349,0.17626841731046197,0.1801450388062353,1.31,1.18,-0.07343757901496367,-0.1436349782218644,0.05782486536611313,-0.11309840804871213,
1791389498.519884,balance,-0.0639607058426336,0.04910665128810831,-0.015057643116129699,0.04902705571796951,-0.0010409519438968201,-0.049944014670400716,0.17049354705339215,0.0010440533408781144,0.0004975882282988784,2.7323255628961806e-06,False,-0.07600000000000015,-0.07600000000000015,-0.012430382550404554,-0.02038849174555457,0.17606398441836957,0.1797377387490826,1.19,1.12,-0.08701267785283187,-0.142719442218882,0.06851391956915895,-0.1123775135581748,
1791389498.5298963,balance,-0.06360011915322253,0.04926505926170544,-0.014668593096782208,0.05402586107024166,-0.0010568296172796185,-0.049988355673719946,0.17041647746156027,0.0024964554048127682,0.0012635308350508055,6.164622848809814e-06,False,-0.07758333333333345,-0.07758333333333345,-0.010538133587778034,-0.019970805222220323,0.17606398441836957,0.17953405578606482,1.21,1.1500000000000001,-0.07376693511444624,-0.13979563655554225,0.05808420087751672,-0.11007530437444271,
1791389498.5398762,balance,-0.06318803478620572,0.049544591309349746,-0.014233966854002869,0.041896209727961806,-0.0010772518845562004,-0.050031319816759054,0.17033928513877739,0.00372147419915284,0.0019240471060405703,8.987135465561347e-06,False,-0.07916666666666675,-0.07916666666666675,-0.009405600328165913,-0.020742260143722626,0.17585947341231709,0.17953405578606482,1.08,1.16,-0.06583920229716139,-0.14519582100605838,0.05184189157256802,-0.1143274181150066,
1791389498.5498986,balance,-0.0627019002253825,0.04999579516106382,-0.013763316061503585,0.0552367101934031,-0.0011136511177851846,-0.0500522352816641,0.1701850200182969,0.005082525928708371,0.0025961223035969286,1.2432018125557211e-05,False,-0.08075000000000004,-0.08075000000000004,-0.007181303127265104,-0.01971662701312481,0.17565492475915573,0.17933022523013065,1.08,1.1500000000000001,-0.05026912189085573,-0.13801638909187366,0.039581985740831285,-0.10867432211958557,
1791389498.5598547,balance,-0.062267486840445016,0.05036868821607529,-0.013324858272289374,0.04632087179203003,-0.0011296240268869606,-0.0500722525950426,0.1701079471928723,0.0026899834296181583,0.001436753967634514,6.266147309918221e-06,False,-0.08233333333333334,-0.08233333333333334,-0.009237534517008233,-0.019273040742938403,0.17565492475915573,0.17912639467419647,1.09,1.17,-0.06466274161905763,-0.13491128520056883,0.050915544581935146,-0.10622935842564475,
1791389498.5698936,balance,-0.06183538475795144,0.05068301796065277,-0.012910694497531981,0.04170407787619737,-0.0011669574690711254,-0.050091647729490575,0.16995362824125007,0.0009985102341804688,0.00039940409367218753,2.9955307025414067e-06,False,-0.08391666666666664,-0.08391666666666664,-0.010335450071811,-0.019115659716756727,0.1754503530208858,0.17892251747088514,1.01,1.25,-0.072348150502677,-0.1338096180172971,0.056967047639903144,-0.10536190395062764,
1791389498.5798767,balance,-0.061517826334361016,0.05085602406593372,-0.012576501311319863,0.043602624961076746,-0.0011883400966496774,-0.05012966511969083,0.16987638103942612,0.0005330232415287727,0.00029878117231986744,1.1712103460445261e-06,False,-0.08550000000000016,-0.08550000000000016,-0.01105310775597584,-0.018528861357535415,0.17524567919433012,0.17892251747088514,1.01,1.24,-0.07737175429183088,-0.1297020295027479,0.060922641174669986,-0.10212758228562827,
1791389498.5898464,balance,-0.06112207416560283,0.05072775053099987,-0.012160017807872105,0.04528856326426326,-0.0012043759408945573,-0.05016643229862528,0.16979930841728702,0.0007796701830332846,0.00045521781596298463,1.6222618353514999e-06,False,-0.08708333333333346,-0.08708333333333346,-0.011239889511996377,-0.017649424268552306,0.17524567919433012,0.178718611294844,1.0,1.22,-0.07867922658397464,-0.12354596987986614,0.06195214691651546,-0.09728029124398908,
1791389498.599878,balance,-0.06057805099597156,0.05045053316002642,-0.011619616332877537,0.06041391210666042,-0.0012432791559322531,-0.05020171381902627,0.1696449377805979,0.0019941584089919724,0.0011860089586787088,4.040747251566318e-06,False,-0.08866666666666675,-0.08866666666666675,-0.007905981168050863,-0.01607332858158469,0.17504100536777448,0.17851469436562736,1.03,1.19,-0.055341868176356036,-0.11251330007109284,0.04357627415461105,-0.08859314966227783,
1791389498.609923,balance,-0.060042255886645704,0.05014594540956373,-0.011089130796277581,0.06515555439625582,-0.0012822821170878351,-0.05023540720745596,0.1694905663615345,0.0026033055716323025,0.0015321058200131062,5.3559987580959815e-06,False,-0.09025000000000005,-0.09025000000000005,-0.00591515976483716,-0.014943157167048679,0.17483627906516003,0.17831070318671768,1.02,1.3,-0.04140611835386012,-0.10460210016934075,0.03260324279831506,-0.08236385840105571,
1791389498.6198657,balance,-0.05943839972038733,0.04973277153592977,-0.010492448428127646,0.0724078234545241,-0.001321356190475749,-0.05026730748273543,0.1693361952007755,0.0026033055716323025,0.00160090607608174,5.011997477752813e-06,False,-0.09183333333333335,-0.09183333333333335,-0.00526838916636585,-0.01437254975490287,0.17463152963789857,0.178106712007808,0.9500000000000001,1.25,-0.03687872416456095,-0.10060784828432008,0.02903836548390626,-0.07921877817662998,
1791389498.6298342,balance,-0.05890889746170168,0.04950735682500527,-0.009973285603503732,0.0498207300434965,-0.0013619235006644206,-0.05029753535886237,0.16918176464106688,0.003236382869228788,0.0020204052650476248,6.0798880209058155e-06,False,-0.09341666666666665,-0.09341666666666665,-0.005512640052834743,-0.014861196852315284,0.17442676384672678,0.17790262162875725,0.99,1.1300000000000001,-0.0385884803698432,-0.104028377966207,0.03038463021247496,-0.08191210863480866,
1791389498.639875,balance,-0.05837626538937919,0.04942268677218366,-0.009452662007452373,0.04268181415656724,-0.0014025944041773514,-0.05032619778610417,0.16902733312540072,0.004141708548498199,0.0016566834193992798,1.2425125645494596e-05,False,-0.09500000000000018,-0.09500000000000018,-0.004983887552765121,-0.01474868423426171,0.1742219341098253,0.17769847452379603,1.08,1.27,-0.03488721286935585,-0.10324078963983198,0.027470246353823505,-0.0812919603463244,
1791389498.6498668,balance,-0.05790367856992887,0.049216098194626155,-0.008994501122585173,0.05309544535923645,-0.0014443416852443977,-0.05035351913258809,0.16887296867573456,0.00397235731371253,0.0016338302813778617,1.1692635161673343e-05,False,-0.09658333333333348,-0.09658333333333348,-0.004052277139466363,-0.015116142207097104,0.17401710437292384,0.17749431502130492,1.07,1.24,-0.02836593997626454,-0.10581299544967973,0.022335385808082316,-0.08331731925171633,
1791389498.6598873,balance,-0.05749102875382637,0.04894863055974777,-0.008578910643186069,0.04466077411199362,-0.001467442874645418,-0.05037956098528572,0.16879566161801401,0.0030560217347075764,0.0013139518678524193,8.710349334275785e-06,False,-0.09816666666666678,-0.09816666666666678,-0.004548065583700254,-0.015572403571109604,0.17381221397988766,0.17749431502130492,1.1300000000000001,1.24,-0.03183645908590178,-0.10900682499776723,0.025068078020395103,-0.08583214566753325,
1791389498.6698697,balance,-0.057037824683060304,0.04851170433318152,-0.008168119468762294,0.03633179581460175,-0.0015346581087984507,-0.05040436332309646,0.16856405658934467,0.0022942288090990496,0.0009471827325711114,6.735230382639692e-06,False,-0.09975000000000007,-0.09975000000000007,-0.004577517778381935,-0.015563676140112039,0.17340235863456022,0.17729008290793194,1.1300000000000001,1.22,-0.03204262444867355,-0.10894573298078428,0.025230412951711453,-0.08578404171715297,
1791389498.6798503,balance,-0.056605975438017674,0.04788306938262762,-0.0077688185407955995,0.041057671041219636,-0.0015788771597864473,-0.05041603405700852,0.16840976020360804,0.00524040353260912,0.002196111006756416,1.5221462629263522e-05,False,-0.10133333333333337,-0.10133333333333337,-0.0015943963293237938,-0.015274180737768959,0.17319732812355867,0.17708585079455894,1.19,1.36,-0.011160774305266557,-0.10691926516438272,0.008788011263989415,-0.08418839776723049,
1791389498.6899073,balance,-0.056261782757732796,0.047009584786218535,-0.007468926012371049,0.03383738345249893,-0.0016231773116467743,-0.05041603405700852,0.16825546414777112,0.014482895413725189,0.006744837819623093,3.869028797051048e-05,False,-0.10291666666666667,-0.10291666666666667,0.003457002075874315,-0.015594699456640349,0.17299229761255708,0.17688154279271392,1.17,1.31,0.024199014531120205,-0.10916289619648244,-0.01905434215048835,-0.08595503637518302,
1791389498.6998873,balance,-0.056276920725324815,0.046130235788261816,-0.007528445455843288,-0.028338087296694695,-0.0016675587875269945,-0.05041603405700852,0.16810116842274228,0.015001106162085465,0.007149418085705741,3.925844038189862e-05,False,-0.10449999999999997,-0.10449999999999997,-0.00172554118643808,-0.017974520114993137,0.17278720479807924,0.17667719491365264,1.2,1.29,-0.012078788305066559,-0.12582164080495195,0.009510856933123275,-0.09907215811413539,
1791389498.7098403,balance,-0.056714649121889255,0.045178238545293244,-0.007979716544417217,-0.035705960017260806,-0.0016930890356873368,-0.050428021613159374,0.16802392803601698,0.013509653382091058,0.006396598583613,3.5565273992390295e-05,False,-0.1060833333333335,-0.1060833333333335,-0.00651757577907814,-0.019321060302800317,0.1725820892583409,0.17667719491365264,1.26,1.3,-0.04562303045354698,-0.13524742211960222,0.03592364602641494,-0.10649403316504112,
1791389498.719847,balance,-0.057083060206266106,0.04410504358920349,-0.008396096727699656,-0.035141262905134835,-0.0017410581345929238,-0.050428021613159374,0.1678694496036372,0.004506839871872882,0.0021269082320681592,1.1899658199023616e-05,False,-0.1076666666666668,-0.1076666666666668,-0.01266452977013055,-0.021165855697340242,0.17237694565838582,0.1764728329926453,1.28,1.27,-0.08865170839091385,-0.14816098988138168,0.06980449479599515,-0.11666219675699345,
1791389498.7298598,balance,-0.05708985383401194,0.04306509668862307,-0.00842548223183593,0.03624581668431945,-0.0017891872705605022,-0.05045355887273651,0.16771496776282507,0.003161608342386133,0.001560864606137903,8.00371868124115e-06,False,-0.1092500000000001,-0.1092500000000001,-0.0062558296200180405,-0.020009784982844246,0.17217171437328418,0.17626840010055292,1.29,1.28,-0.04379080734012628,-0.14006849487990972,0.034480950661516754,-0.1102901534487478,
1791389498.7398899,balance,-0.05637410123951016,0.04203410363580185,-0.007757947518188112,0.08675375757740507,-0.0018374051514144646,-0.05045355887273651,0.16756048631122655,0.003063489957104422,0.0016124361390026018,7.255269090509102e-06,False,-0.1108333333333334,-0.1108333333333334,0.0022978530198899234,-0.017760421428429488,0.17196648308818252,0.17606396720846054,1.35,1.26,0.016084971139229465,-0.12432294999900642,-0.012665331605692491,-0.09789208661339088,
1791389498.7498763,balance,-0.05538688592925233,0.04106062117009488,-0.00682516454681497,0.09150474770869957,-0.0019129137271319194,-0.05047463510956928,0.16732871389436574,0.0013110288426736658,0.0007124656640638742,2.992815893048958e-06,False,-0.11241666666666669,-0.11241666666666669,0.004728612400620699,-0.016379773656311734,0.17155594188928217,0.1758594561926628,1.35,1.3900000000000001,0.033100286804344896,-0.11465841559418213,-0.02606321795617708,-0.09028221700329302,
1791389498.7598355,balance,-0.05456257550705387,0.04013405292189486,-0.006032204750354632,0.07934940172837232,-0.001962809598905574,-0.050493180355604815,0.16717410667026225,0.002587434827703313,0.0014222054839336522,5.826146718848304e-06,False,-0.11399999999999999,-0.11399999999999999,0.005228222868716838,-0.015444412881892487,0.17135064594051863,0.17565490753950144,1.37,1.36,0.03659756008101787,-0.1081108901732474,-0.028816976441746352,-0.08512668517578535,
1791389498.7698672,balance,-0.05399864542107995,0.039183194156772384,-0.005502446324963321,0.04157601154960018,-0.002013680173233931,-0.050509879269350556,0.16701944319375298,0.0047786847314587235,0.0026117867714380697,1.0834489800103269e-05,False,-0.11558333333333351,-0.11558333333333351,0.0035219537338547382,-0.01560529372751669,0.17114529419095692,0.175450335790694,1.4000000000000001,1.34,0.024653676136983167,-0.10923705609261683,-0.019412343414947377,-0.08601342999418649,
1791389498.779859,balance,-0.05368795438374947,0.03814238044271318,-0.0052269196354744335,0.035077932690180696,-0.0020646624536527353,-0.050525697201927774,0.16686477904776018,0.0021975539069437108,0.001276230055999215,4.606619254722479e-06,False,-0.11716666666666681,-0.11716666666666681,-0.0009418722233735414,-0.01566395965279043,0.17093994244139524,0.17524566196413835,1.4000000000000001,1.23,-0.0065931055636147895,-0.10964771756953301,0.005191421703633693,-0.08633678548782127,
1791389498.789876,balance,-0.05327872884138548,0.0369316655965765,-0.0048614678138506895,0.04427260713140874,-0.0021157393308484443,-0.050533000358383234,0.1667101153362858,0.0014491388777133896,0.000850599084706665,2.9926989650336227e-06,False,-0.1187500000000001,-0.1187500000000001,-0.00035408851050078375,-0.014689179885111928,0.17073449411823335,0.17504098813758268,1.51,1.3800000000000001,-0.002478619573505486,-0.1028242591957835,0.0019516689555161308,-0.08096398361872717,
1791389498.799924,balance,-0.05262676695422008,0.035538429419382705,-0.004277822177836552,0.07995103658102215,-0.0021973062090338627,-0.050546250985417394,0.1664780317598282,0.0013775109490551788,0.0008385362508490563,2.6948734910306125e-06,False,-0.1203333333333334,-0.1203333333333334,0.0031957466251466135,-0.013199405223903865,0.17032353027668845,0.17483626182860387,1.5,1.35,0.022370226376026293,-0.09239583656732706,-0.01761435147718606,-0.07275262721836775,
1791389498.8098562,balance,-0.051770675912421994,0.034194467563328584,-0.003463652231351151,0.08997711428448647,-0.0022500917867414594,-0.0505571154678123,0.1663233682922614,0.0017392195014822257,0.0010695352469963582,3.3484212724293378e-06,False,-0.1219166666666667,-0.1219166666666667,0.005562908858461814,-0.011243798935881068,0.1701180179078467,0.17463151240134242,1.55,1.34,0.0389403620092327,-0.07870659255116748,-0.030661702369474565,-0.061973694922179114,
1791389498.819925,balance,-0.050812719370978525,0.032858232602840765,-0.002528098765909065,0.09479300102562356,-0.002280598206582919,-0.05056521881165238,0.16624594839494924,0.002714230436555917,0.00178304641169593,4.655920124299935e-06,False,-0.1235,-0.1235,0.006824403287161027,-0.008973788244136,0.16991250553900494,0.17463151240134242,1.57,1.33,0.047770823010127195,-0.062816517708952,-0.037614821267816685,-0.04946182496767874,
1791389498.8298793,balance,-0.04998847071510973,0.03162712294584752,-0.0018127529452370908,0.07292881525838876,-0.0023895010417797416,-0.05056521881165238,0.16593650333481608,0.002959204285689843,0.0012447226165069644,8.572408345914393e-06,False,-0.12508333333333355,-0.12508333333333355,0.005510020285643288,-0.0080470452238195,0.16950125660862433,0.1742219168665084,1.69,1.29,0.03857014199950301,-0.0563293165667365,-0.030370190550789773,-0.044353792572233465,
1791389498.8398361,balance,-0.049202347504907214,0.03029899728775085,-0.0010816370183165044,0.08294521080207921,-0.0024461332179284423,-0.05056684370451915,0.16578186203285877,0.0055877743047440896,0.002254817673361595,1.6664783156912474e-05,False,-0.12666666666666684,-0.12666666666666684,0.006908334083498577,-0.005381429307057292,0.169295608401652,0.17401708712960692,1.71,1.33,0.04835833858449004,-0.03767000514940105,-0.03807743195629137,-0.029661421377481137,
1791389498.8499432,balance,-0.0485818075761827,0.029076117196738527,-0.0004920386112770014,0.078892541742964,-0.0024788866090734857,-0.05056865557397919,0.16570452591131052,0.00554640696735969,0.002350215921107553,1.5980955231260684e-05,False,-0.12825000000000014,-0.12825000000000014,0.007279301259639753,-0.006548323445662464,0.16908993541353018,0.17401708712960692,1.68,1.44,0.050955108817478265,-0.04583826411963725,-0.04012213292714824,-0.03609312135404508,
1791389498.859865,balance,-0.04761756435049764,0.02763935901167437,0.00043927892631397125,0.09772916545820488,-0.002511670587193114,-0.050568513864004724,0.1656271899676936,0.006921210407454363,0.0029650494705573535,1.978080468448505e-05,False,-0.12983333333333344,-0.12983333333333344,0.009129473417594335,-0.0030910982864129147,0.16888426242540835,0.17401708712960692,1.73,1.53,0.06390631392316035,-0.021637688004890403,-0.050319932222960904,-0.017037549610149923,
1791389498.8698447,balance,-0.04668318011971329,0.025998697034393944,0.0013408485492088645,0.08946191553377904,-0.0025444851950825673,-0.050568513864004724,0.1655498542022573,0.01574038271583764,0.0069389454081611734,4.400718653838233e-05,False,-0.13141666666666674,-0.13141666666666674,0.014418465385444766,-0.0010558891009394334,0.16867852054565124,0.17401708712960692,1.7,1.6400000000000001,0.10092925769811337,-0.007391223706576034,-0.07947185645520738,-0.005819861186280342,
1791389498.8798904,balance,-0.046102154092540336,0.02406381850905386,0.0018649236040128858,0.024848726514569517,-0.0026014361674515027,-0.050568513864004724,0.1653952160281166,0.026649601475251045,0.012535289366202913,7.057156054524066e-05,False,-0.13300000000000003,-0.13300000000000003,0.015689014309894615,-0.0036899363359559805,0.16847276251401083,0.17381219672941312,1.72,1.62,0.1098231001692623,-0.025829554351691864,-0.08647488202304118,-0.02033823177298572,
1791389498.8898952,balance,-0.04616914342330694,0.02206072653315907,0.0017629602851650175,-0.022951640425285073,-0.002636410155532766,-0.050568513864004724,0.16531771804677597,0.04469335995797546,0.021508969883915503,0.00011592195037029978,False,-0.13458333333333333,-0.13458333333333333,0.01184596389759848,-0.004492536484597875,0.16826698031540935,0.17381219672941312,1.73,1.78,0.08292174728318935,-0.031447755392185126,-0.06529271439621209,-0.02476201211983081,
1791389498.8999174,balance,-0.04704040294870673,0.01997654575995711,0.0008324672581395964,-0.12514554606896014,-0.0026956436571583947,-0.050568513864004724,0.16516291467648708,0.05700438882913996,0.027876824903712377,0.00014563781962713792,False,-0.13616666666666685,-0.13616666666666685,0.0018644230899922964,-0.009064892467071109,0.16806114670800743,0.17360728196839417,1.72,1.86,0.013050961629946074,-0.06345424726949776,-0.01027634774011502,-0.04996397422795099,
1791389498.9098797,balance,-0.04867277425005992,0.01779712489572581,-0.0007999040432135895,-0.17734161342128718,-0.0026956436571583947,-0.050568513864004724,0.16516291467648708,0.0624939779604418,0.030367090577927202,0.00016063443691257298,False,-0.13775000000000015,-0.13775000000000015,-0.006101480139888585,-0.014721155272142645,0.16806114670800743,0.17360728196839417,1.77,1.9000000000000001,-0.0427103609792201,-0.10304808690499852,0.033630205495448894,-0.08114022590944765,
1791389498.9199228,balance,-0.050672511022109935,0.015686560898504995,-0.002869894843748347,-0.21475536111987248,-0.002765897685643136,-0.050568513864004724,0.16500791324902794,0.051806233729399014,0.027026060936627697,0.0001239008639638566,False,-0.13933333333333345,-0.13933333333333345,-0.015435175623615386,-0.019369854028751486,0.16764940895417135,0.17360728196839417,1.72,2.0100000000000002,-0.1080462293653077,-0.1355889782012604,0.08507577115378559,-0.10676297496162236,
1791389498.929838,balance,-0.052644181814191164,0.013333276925093325,-0.0048415656358295756,-0.15452041624279908,-0.002765897685643136,-0.050568513864004724,0.16500791324902794,0.039092953840792255,0.02069771752042973,9.197618160181262e-05,False,-0.14091666666666675,-0.14091666666666675,-0.01888131165657751,-0.019353030550420047,0.16764940895417135,0.17360728196839417,1.75,2.14,-0.13216918159604257,-0.13547121385294034,0.10407022172916738,-0.10667024712829948,
1791389498.9398644,balance,-0.053439607330230045,0.010777625768099984,-0.005663659432993441,-0.011900206926213028,-0.0028010742182949036,-0.05057702211553151,0.1649304128411356,0.037260784046233605,0.020133154224198303,8.563814911017651e-05,False,-0.14250000000000004,-0.14250000000000004,-0.006399403513842785,-0.014416324440705576,0.16744349029955544,0.17360728196839417,1.71,2.22,-0.04479582459689949,-0.10091427108493903,0.035272302832204325,-0.07946005597239293,
1791389498.949943,balance,-0.05298630225325452,0.008048315253652336,-0.005273516402046825,0.06326675904932846,-0.002864236264323812,-0.05057702211553151,0.16477582124366194,0.04748326358104004,0.026247212344364897,0.00010618025618337572,False,-0.14408333333333334,-0.14408333333333334,0.008124918006948516,-0.007692957550977177,0.16723755963472103,0.1734023413743414,1.6600000000000001,2.21,0.05687442604863961,-0.05385070285684024,-0.0447830126367241,-0.04240212823373247,
1791389498.9599004,balance,-0.05239602148056025,0.005419034457715908,-0.004712874872437246,0.049751720046399044,-0.0029009554396154658,-0.05058410204773847,0.16469846965251575,0.04994131384696862,0.029003432209876483,0.00010468940818546069,False,-0.14566666666666686,-0.14566666666666686,0.01072796489144792,-0.004577179486404298,0.1670316055628591,0.1734023413743414,1.71,2.36,0.07509575424013544,-0.03204025640483008,-0.059130515149712945,-0.025228548350259908,
1791389498.9699287,balance,-0.05238737950503475,0.0027121845061821403,-0.0047409865791072855,-0.027502235953570174,-0.0029377091218110093,-0.05058410204773847,0.16462111828364082,0.054152450441702665,0.032122530026880494,0.00011014960207411086,False,-0.14725000000000016,-0.14725000000000016,0.003854517076607325,-0.006655524529225331,0.16682565149099715,0.1734023413743414,1.72,2.49,0.026981619536251274,-0.04658867170457732,-0.021245369713583682,-0.03668399346817112,
1791389498.9799154,balance,-0.05302591329299785,5.2404594454695567e-05,-0.005443004840953364,-0.08381313458691926,-0.0030011935956939864,-0.05058410204773847,0.16446653242680345,0.049789585950742045,0.029224925843167653,0.00010282330053787196,False,-0.14883333333333346,-0.14883333333333346,-0.004722800178147332,-0.009490055992821642,0.16661965931535191,0.17319731086333984,1.83,2.46,-0.03305960124703133,-0.06643039194975149,0.026031182084276634,-0.052307395236024797,
1791389498.9898598,balance,-0.054065235703678785,-0.002539827403056067,-0.00651917995533436,-0.12041085106770391,-0.003038046299394047,-0.05058410204773847,0.1643891816652437,0.03342762465343176,0.020764225403643668,6.331699624894048e-05,False,-0.15041666666666675,-0.15041666666666675,-0.016483567274308903,-0.012432251422501216,0.16641366034924823,0.17319731086333984,1.84,2.57,-0.11538497092016232,-0.08702575995750851,0.09085430781115143,-0.06852422043898308,
1791389498.9998655,balance,-0.05509937517479505,-0.005352989459582745,-0.007630971151783128,-0.057425405670510694,-0.0031156980247265473,-0.05058410204773847,0.16423410588784615,0.020085036357978467,0.012850902762543923,3.617066797717272e-05,False,-0.15200000000000005,-0.15200000000000005,-0.021372962461839822,-0.012187113978762362,0.16600150521132462,0.17319731086333984,1.85,2.67,-0.14961073723287877,-0.08530979785133654,0.11780373010462895,-0.06717306917428073,
1791389499.0098991,balance,-0.05485319873084071,-0.00836486446310029,-0.00743899944415561,0.08454442611657154,-0.003181442511952265,-0.05059564179863737,0.16407933254183113,0.021850298296881916,0.008740119318752767,6.555089489064575e-05,False,-0.15358333333333335,-0.15358333333333335,-0.004896926024463467,-0.006278839242871324,0.16579539052018263,0.17299228035233827,1.86,2.63,-0.03427848217124427,-0.04395187470009927,0.026990930843499423,-0.03460777535440888,
1791389499.019906,balance,-0.05355807241167804,-0.011521206340405996,-0.006170742419352018,0.15637568850615213,-0.0032083118063113494,-0.05059564179863737,0.16400209874215357,0.03127051312454462,0.013347688229609325,8.961412447467647e-05,False,-0.1551666666666669,-0.1551666666666669,0.011366041548990003,0.0006031358663165142,0.16579539052018263,0.1727871875307024,1.87,2.8000000000000003,0.07956229084293003,0.004221951064215599,-0.06264747310466931,0.003324370916705196,
1791389499.0298874,balance,-0.052007684086500396,-0.01460104376858589,-0.004698389688317643,0.12171904484548647,-0.003286347400454616,-0.05059564179863737,0.1638470213201265,0.04482608866858322,0.01927320158285426,0.00012776443542864477,False,-0.1567500000000002,-0.1567500000000002,0.01669300063671455,0.004572418254246776,0.1653831522790991,0.1727871875307024,1.92,2.7800000000000002,0.11685100445700183,0.03200692777972743,-0.09200866492677309,0.025202305338368057,
1791389499.0399656,balance,-0.05130698745030676,-0.017404572012519427,-0.004038998718591175,0.03796422326562981,-0.0033276530669217805,-0.05059564179863737,0.16376954801082383,0.051384567965505064,0.023451045906422673,0.00013966761029541195,False,-0.1583333333333335,-0.1583333333333335,0.008888008119782282,0.004389337009396798,0.16517700429813034,0.1727871875307024,1.8900000000000001,2.9,0.062216056838475975,0.030725359065777585,-0.048989021132658246,0.0241931961147855,
1791389499.0499246,balance,-0.051327277044058414,-0.020014185998010834,-0.0041277010091777255,-0.045638801367547936,-0.0033960657637566796,-0.05059564179863737,0.1636148433638093,0.05735884411212623,0.025375078699263167,0.0001599188270643153,False,-0.1599166666666668,-0.1599166666666668,-0.0019118232356272634,0.0025741902821581294,0.16497080929734834,0.17258207199096406,1.9100000000000001,2.87,-0.013382762649390843,0.018019331975106904,0.01053760838534712,0.014188450374099925,
1791389499.0598953,balance,-0.052095529823582336,-0.022328009591971332,-0.004937416602958884,-0.10301996791814423,-0.0034375285780139167,-0.05059564179863737,0.16353737215195055,0.04708408970458406,0.022586327634213657,0.00012248881035185202,False,-0.1615000000000001,-0.1615000000000001,-0.015997908619529103,0.00010455681798254343,0.16476461429656628,0.17258207199096406,1.95,3.0300000000000002,-0.11198536033670373,0.000731897725877804,0.08817744908401869,0.0005762974219510268,
1791389499.0705075,balance,-0.05297721156076605,-0.026396893483080216,-0.005889182807261119,0.02097165414485923,-0.003507613045132439,-0.05059564179863737,0.16338261825315212,0.018222338179080238,0.009846092997659388,4.188122590710425e-05,False,-0.1638749999999999,-0.1638749999999999,-0.02787663071246123,0.0031787507936823557,0.16455834381616302,0.17237692838126512,1.85,3.16,-0.1951364149872286,0.02225125555577649,0.15365072046238473,0.017520673665965738,
1791389499.0798614,balance,-0.052623484919816346,-0.027456235013871576,-0.005535456166311417,0.11014538763544116,-0.003507613045132439,-0.05059564179863737,0.16338261825315212,0.015451880997305137,0.007796638322824821,3.827621337240158e-05,False,-0.16466666666666668,-0.16466666666666668,-0.020462932435433647,0.00759804180244843,0.16455834381616302,0.17237692838126512,1.83,3.14,-0.14324052704803553,0.05318629261713901,0.11278781657325632,0.041878970564676384,
1791389499.089865,balance,-0.050472146946544165,-0.030182471174765253,-0.003377476161784111,0.2629379838304445,-0.003507613045132439,-0.05060228382989249,0.16338261825315212,0.017539275739083628,0.008877152653344815,4.331061542869407e-05,False,-0.16624999999999998,-0.16624999999999998,0.002412394144479617,0.01830571967215895,0.16455834381616302,0.17237692838126512,1.79,3.21,0.01688675901135732,0.12814003770511267,-0.013296660638864031,0.10089766748434069,
1791389499.0999522,balance,-0.04761121616345417,-0.032949137326426174,-0.0005859126355725955,0.28758882723840734,-0.0035778604912481346,-0.05060316401912971,0.1632278641267975,0.019258659841986058,0.010465928305069528,4.396365768458265e-05,False,-0.16783333333333328,-0.16783333333333328,0.013297725133133726,0.024616463657149215,0.16435206375985217,0.17217169709616348,1.78,3.35,0.09308407593193609,0.17231524560004452,-0.07329454797790243,0.13568129574806656,
1791389499.109842,balance,-0.044752558351020454,-0.03539842468845067,0.0022247046859007608,0.253002870804119,-0.0036207705934754794,-0.050598033630396694,0.16315044060808467,0.018937935323673296,0.011410381579370934,3.763776872151181e-05,False,-0.16941666666666658,-0.16941666666666658,0.01595026073740094,0.026580992784915058,0.16414578558819096,0.17217169709616348,1.69,3.36,0.11165182516180658,0.18606694949440541,-0.08791482296205243,0.1465094090507129,
1791389499.1198456,balance,-0.0427610792974686,-0.037536570337352804,0.0042161837394526155,0.16689514648293502,-0.0036207705934754794,-0.050598033630396694,0.16315044060808467,0.013883283964122995,0.009487187238700755,2.19804836271112e-05,False,-0.17099999999999987,-0.17099999999999987,0.008052772184917234,0.023339624130187486,0.16414578558819096,0.17217169709616348,1.71,3.5,0.05636940529442064,0.1633773689113124,-0.04438535849954381,0.12864359756796254,
1791389499.1298628,balance,-0.04129630168074944,-0.03929121404367661,0.00563798470511323,0.11377441616959812,-0.00366374724453402,-0.050598033630396694,0.16307301833924312,0.00924971314283684,0.008031983882528628,6.088646301541057e-06,False,-0.17258333333333317,-0.17258333333333317,0.001412079618156229,0.019587524910491615,0.16393951027776887,0.17217169709616348,1.7,3.58,0.009884557327093603,0.1371126743734413,-0.0077831160055855135,0.10796273572711913,
1791389499.1398742,balance,-0.03999102602252946,-0.0406910227974003,0.006851705290073298,0.13640475185969295,-0.0037355667051284583,-0.05057829801773122,0.1629183134389026,0.009164720619462864,0.0,4.723100878631253e-05,False,-0.17416666666666647,-0.17416666666666647,0.00361690352962406,0.02070783013833555,0.16373323496734682,0.1719664658110618,1.7,3.5700000000000003,0.02531832470736842,0.14495481096834886,-0.019935688745959385,0.11413764643177075,
1791389499.1498973,balance,-0.03828806960802408,-0.042164106687,0.0084998907788255,0.17864220120322738,-0.003778659197853196,-0.05056661958470278,0.1628408919756979,0.011658145643304698,0.0,0.00015547509620954955,False,-0.17574999999999977,-0.17574999999999977,0.010080476249691899,0.02533521812385478,0.16352688253106387,0.1719664658110618,1.62,3.69,0.0705633337478433,0.17734652686698346,-0.05556168011641204,0.13964293454093185,
1791389499.159867,balance,-0.036337377944377004,-0.04364869443306503,0.010377348089801453,0.19296227402312094,-0.003821792685984371,-0.05053651872016283,0.1627634708151704,0.012120447932846012,0.0,0.00027045973420648307,False,-0.17733333333333307,-0.17733333333333307,0.014928783410277433,0.027295942147011247,0.16332052216326529,0.1719664658110618,1.6300000000000001,3.8000000000000003,0.10450148387194202,0.19107159502907872,-0.08228463297003309,0.15045007482604625,
1791389499.1698375,balance,-0.03441478895825893,-0.0452336985697523,0.012271039355260964,0.17623228268945093,-0.0038506904066429315,-0.05053651872016283,0.16268618842280874,0.022186711270060302,0.0,0.0004535477008460596,False,-0.17891666666666636,-0.17891666666666636,0.024657945530884046,0.027746352514279274,0.16332052216326529,0.17176120077109733,1.6500000000000001,3.83,0.17260561871618832,0.19422446759995493,-0.1359099359969987,0.1529326516535078,
1791389499.1798675,balance,-0.03292291046441046,-0.04679582642221356,0.01371743795589047,0.10018515058247443,-0.0038961702998618966,-0.05053651872016283,0.16260871314592923,0.04759291364267401,0.0,0.0008682010909248996,False,-0.18049999999999966,-0.18049999999999966,0.031110715696090113,0.027287934047249846,0.16311414705028465,0.17176120077109733,1.6400000000000001,3.93,0.2177750098726308,0.1910155383307489,-0.17147638572648094,0.15040593569350308,
1791389499.1898637,balance,-0.0326090917944472,-0.04824961827322787,0.01395669038893313,-0.03792431401694468,-0.003970736536782496,-0.05053651872016283,0.16245395525123432,0.07307758951907131,0.0,0.0015435563671679095,False,-0.18208333333333296,-0.18208333333333296,0.02468169013150452,0.022704370631441567,0.16290775127540255,0.17155592460838348,1.6400000000000001,3.9,0.17277183092053167,0.15893059442009097,-0.13604081174845012,0.1251422003307803,
1791389499.1999323,balance,-0.03374248701454712,-0.049503384516522995,0.012777646013791166,-0.20199768523014214,-0.004016385691824539,-0.05053651872016283,0.16237647973699398,0.09012538492807733,0.0,0.0024154634798113374,False,-0.18366666666666626,-0.18366666666666626,0.010519914557650138,0.014700387567483403,0.16270135550052042,0.17155592460838348,1.6,4.05,0.07363940190355096,0.10290271297238382,-0.05798378102641808,0.08102575824597151,
1791389499.2099364,balance,-0.03651123004811676,-0.05066958538275204,0.009963210242853855,-0.3340534049051973,-0.004062078429192213,-0.05053651872016283,0.16229900456144414,0.08341855250064908,0.0,0.0032719602726322392,False,-0.18524999999999955,-0.18524999999999955,-0.010795052851346106,0.003945988932193275,0.1624949181402902,0.17155592460838348,1.68,4.19,-0.07556536995942274,0.027621922525352924,0.05950029130663208,0.021749545295553483,
1791389499.2202466,balance,-0.04140013053790854,-0.05275803709022755,0.004949631822033236,-0.3008373662857891,-0.004186756360221054,-0.05053651872016283,0.1620666534785681,0.06931851348190281,0.0,0.00440490343657508,False,-0.18762499999999938,-0.18762499999999938,-0.020334544635370058,-0.004913541064725579,0.16208202135273822,0.1713506286532568,1.6,4.21,-0.14234181244759042,-0.03439478745307905,0.11208016728156726,-0.027082509805574053,
1791389499.2298732,balance,-0.04241127668348029,-0.053346677059729855,0.0039384856764614826,-0.2424682882924555,-0.004186756360221054,-0.05053651872016283,0.1620666534785681,0.06507255813602586,0.0,0.004730266227255209,False,-0.18841666666666615,-0.18841666666666615,-0.01832025382439034,-0.004750694895204001,0.16208202135273822,0.1713506286532568,1.6300000000000001,4.29,-0.12824177677073237,-0.03325486426642801,0.10097777698482864,-0.0261849324932504,
1791389499.2398632,balance,-0.04384489172443022,-0.05496361509993281,0.0024564605913846432,-0.09672638915708316,-0.004235166404347963,-0.05053651872016283,0.16198918502282345,0.05940927108521031,0.0,0.005347556428669813,False,-0.18999999999999945,-0.18999999999999945,-0.005375211930667911,4.895407315269611e-07,0.16187554526821607,0.1713506286532568,1.56,4.39,-0.03762648351467538,3.4267851206887278e-06,0.02962715237376014,2.6982560005423053e-06,
1791389499.2498865,balance,-0.04424042467060508,-0.056621893370052974,0.0020609276452097855,-0.014215873359984378,-0.004235166404347963,-0.05053651872016283,0.16198918502282345,0.05518528851012227,0.0,0.0059072630859129385,False,-0.19158333333333274,-0.19158333333333274,0.008392433558989356,0.001993118820885567,0.16187554526821607,0.1713506286532568,1.6,4.47,0.05874703491292549,0.013951831746198969,-0.04625750780545314,0.010985694288345645,
1791389499.259869,balance,-0.044172930071516875,-0.05831504710644565,0.0020006216423466075,-0.006166491960659468,-0.004362967006299345,-0.05053651872016283,0.16175684046151328,0.06582232627861898,0.0,0.006546103807012284,False,-0.19316666666666604,-0.19316666666666604,0.01663225468700321,0.004119075929066278,0.1614625506438419,0.17114527690369508,1.6,4.49,0.11642578280902247,0.028833531503463943,-0.09167384473151376,0.022703568112963736,
1791389499.269859,balance,-0.04455489993461763,-0.05961073890687856,0.001570064540758788,-0.07420124713398746,-0.0044115542447864114,-0.05053651872016283,0.16167937338982463,0.07425097597959279,0.0,0.00726134061718452,False,-0.19474999999999934,-0.19474999999999934,0.014807834877597383,0.0018355685087759078,0.1612560296530678,0.17114527690369508,1.6600000000000001,4.6000000000000005,0.10365484414318168,0.012848979561431354,-0.08161798751431629,0.010117306741284532,
1791389499.2798243,balance,-0.04568470158484075,-0.06085277103923495,0.0003592177410281644,-0.16937802435339483,-0.00449259939429391,-0.05053651872016283,0.16152454626060866,0.06965294817798087,0.0,0.007980698867692088,False,-0.19633333333333264,-0.19633333333333264,0.00440724177747753,-0.0038644045561393604,0.161049510824754,0.17093992515413337,1.7,4.72,0.030850692442342714,-0.027050831892975524,-0.024291883812868276,-0.021299867632264192,
1791389499.289832,balance,-0.04771002177672482,-0.06189672706360776,-0.0017665788898561657,-0.22200079383094876,-0.004593075833294172,-0.05053651872016283,0.16136971196274616,0.054960481362027934,0.0,0.008565600737309362,False,-0.19791666666666594,-0.19791666666666594,-0.00998968346192075,-0.010450790953796649,0.16063647834606967,0.17093992515413337,1.75,4.72,-0.06992778423344526,-0.07315553667657654,0.05506124742790965,-0.057602784784705936,
1791389499.2999313,balance,-0.04962337288651817,-0.06332936204023687,-0.0036799299996495144,-0.1971856261383566,-0.004593075833294172,-0.05053651872016283,0.16136971196274616,0.04550962276614193,0.0,0.009040206557234672,False,-0.19949999999999923,-0.19949999999999923,-0.015244110727817154,-0.012697347441366325,0.16063647834606967,0.17093992515413337,1.79,4.86,-0.10670877509472007,-0.08888143208956427,0.0840226575548977,-0.0699853795980821,
1791389499.3098814,balance,-0.05117706572162878,-0.06490967576276152,-0.005334292272285122,-0.12770225978929656,-0.004693745270819172,-0.05053651872016283,0.16121487929712322,0.03283440218351509,0.0,0.009391295467227856,False,-0.20108333333333253,-0.20108333333333253,-0.01614475612239945,-0.013356517702966308,0.16022327873945721,0.17093992515413337,1.78,4.95,-0.11301329285679616,-0.09349562392076416,0.08898684476913084,-0.07361860151241273,
1791389499.319876,balance,-0.0513929160207961,-0.06674969063396635,-0.005541692185560304,0.024100235915196725,-0.004693745270819172,-0.050544969106054966,0.16121487929712322,0.028555723808702697,0.0,0.009696173891335775,False,-0.20266666666666583,-0.20266666666666583,-0.004187927131321354,-0.006195619377525352,0.16022327873945721,0.17093992515413337,1.79,5.05,-0.02931548991924948,-0.04336933564267747,0.023083062928542897,-0.0341490831832106,
1791389499.3298388,balance,-0.050897418916233374,-0.06874011955160435,-0.005121993291002061,0.0743556237463179,-0.0047772380125577565,-0.05055266363778907,0.16106000038987517,0.02330051117656499,0.0,0.00993201430398194,False,-0.20424999999999913,-0.20424999999999913,0.0035041145943358084,-0.003736902265097926,0.16001667969240208,0.17073447682043238,1.73,5.07,0.02452880216035066,-0.026158315855685482,-0.019314017449095007,-0.020597099098964948,
1791389499.3398395,balance,-0.04981979183039747,-0.07066660891483602,-0.004090068238321053,0.09897574679158123,-0.00482968697300612,-0.050559410565082535,0.16098252773768232,0.027413796722944233,0.0,0.010188441173478434,False,-0.20583333333333242,-0.20583333333333242,0.012421138945855021,0.0012785088623451942,0.1598100831434199,0.17073447682043238,1.7,5.18,0.08694797262098515,0.008949562036416359,-0.06846297056770484,0.007046899241272724,
1791389499.349856,balance,-0.049304231086670106,-0.07233998639171771,-0.0036270069612046596,0.027275731108044925,-0.004882186439617089,-0.050559410565082535,0.16090505552876178,0.034948153357035404,0.0,0.010508899258033519,False,-0.20741666666666572,-0.20741666666666572,0.011658810653784815,-0.0003513796760920217,0.15960348659443768,0.17073447682043238,1.7,5.29,0.08161167457649371,-0.002459657732644152,-0.06426116108385331,-0.0019367383721607496,
1791389499.3598764,balance,-0.049179734520107626,-0.07383891883740996,-0.0035497278494539056,-0.02706757236658799,-0.004934736485088985,-0.050564743155742706,0.16082758376375397,0.03847482967488863,0.0,0.010895811205119343,False,-0.20899999999999902,-0.20899999999999902,0.006903581949098973,-0.002147237896688597,0.15939684585085695,0.17073447682043238,1.79,5.42,0.04832507364369281,-0.015030665276820178,-0.0380512390895219,-0.011835169509307226,
1791389499.3698745,balance,-0.04966310086155059,-0.07520918130134964,-0.004117060124711462,-0.08271308761981538,-0.005018702418903578,-0.050564743155742706,0.1606727069404139,0.02956094248640721,0.0,0.011218504841620193,False,-0.21058333333333232,-0.21058333333333232,-0.003603442944196295,-0.006591277001724168,0.1591902043928512,0.17052899987899914,1.76,5.41,-0.025224100609374064,-0.046138939012069176,0.019861496542814223,-0.036329873237849745,
1791389499.3798568,balance,-0.0502951813775378,-0.07670007569946184,-0.0048045352009898,-0.08245329007524883,-0.005074096979194705,-0.050564743155742706,0.16059527374919338,0.019655351747686442,0.0,0.011441488366661133,False,-0.21216666666666562,-0.21216666666666562,-0.011369482639485003,-0.00867966412675849,0.15898356528241395,0.17052899987899914,1.72,5.53,-0.07958637847639502,-0.060757648887309425,0.06266643974519293,-0.04784066841520427,
1791389499.3898396,balance,-0.050915928496585036,-0.0783196810876358,-0.005425282320037035,-0.035999335827676886,-0.005074096979194705,-0.050564743155742706,0.16059527374919338,0.00908386213529546,0.0,0.011544317920763611,False,-0.2137499999999989,-0.2137499999999989,-0.016225670795459998,-0.010474774558293076,0.15898356528241395,0.17052899987899914,1.67,5.65,-0.11357969556821998,-0.07332342190805154,0.08943283115607872,-0.05773497788035554,
1791389499.3998764,balance,-0.05062295993826252,-0.08013926293201562,-0.005180036512009323,0.05714297740607144,-0.0051296014568485634,-0.05057252488310176,0.16051784183326936,0.0051065217178751544,0.0,0.011602285478055828,False,-0.2153333333333322,-0.2153333333333322,-0.008814588349014097,-0.00781891258924335,0.15877692857861173,0.17052899987899914,1.55,5.73,-0.06170211844309868,-0.05473238812470345,0.04858434523078636,-0.0430963686021287,
1791389499.4098344,balance,-0.049753562834460544,-0.08180263825882175,-0.004343607991091951,0.10362143812575592,-0.005162570039733166,-0.05057252488310176,0.16044043687416973,0.005294285229575976,0.0,0.011644547100272434,False,-0.2169166666666655,-0.2169166666666655,0.00029372625676231856,-0.005181045400127021,0.15877692857861173,0.1703235129759051,1.56,5.73,0.00205608379733623,-0.03626731780088915,-0.0016189636199497872,-0.028556943150306414,
1791389499.4198334,balance,-0.04865784865484835,-0.08338062631519717,-0.0032985393582347713,0.09551688887384732,-0.00521817082838838,-0.05057748012500196,0.16036300574741538,0.007524880224282761,0.0,0.011717650544553971,False,-0.2184999999999988,-0.2184999999999988,0.004398649729262032,-0.0024692743896093995,0.1585702917372026,0.1703235129759051,1.48,5.8500000000000005,0.030790548104834226,-0.017284920727265795,-0.024244526066798604,-0.013610173800996689,
1791389499.4298208,balance,-0.04791620010173972,-0.0846723895657173,-0.002552655857237754,0.05697399265143313,-0.00521817082838838,-0.050581715072890346,0.16036300574741538,0.0051373775734514975,0.0,0.01177937641400611,False,-0.2200833333333321,-0.2200833333333321,0.0006422650118357168,-0.003599552934268721,0.1585702917372026,0.1703235129759051,1.5,5.95,0.004495855082850018,-0.02519687053988105,-0.0035400433723228484,-0.019840055543213424,
1791389499.4398472,balance,-0.04753186049085515,-0.08575150886181826,-0.0022537023005717513,0.021633528923600865,-0.005306942514505655,-0.050585100704789054,0.1602081709190507,0.0021092381411180455,0.0,0.011801807998127469,False,-0.2216666666666654,-0.2216666666666654,-0.004267246593313724,-0.005799038119858138,0.1583636148785804,0.1701180006070633,1.49,5.95,-0.02987072615319607,-0.040593266839006964,0.023520256813540214,-0.031963202235438554,
1791389499.449879,balance,-0.04704874700974984,-0.08658486583929957,-0.0018205291992550443,0.04041138710130067,-0.005362693761247157,-0.050590911571741955,0.1601307410813553,0.0030007772197268,0.0,0.011829560850862283,False,-0.2232499999999987,-0.2232499999999987,-0.002350741369965425,-0.004835977059681054,0.15815693801995817,0.1701180006070633,1.49,6.08,-0.016455189589757974,-0.03385183941776738,0.012956842196659822,-0.02665499166753337,
1791389499.4598608,balance,-0.04654514919867546,-0.08743050161179859,-0.0013721586837926875,0.05127537098767181,-0.0054199823868799,-0.05059297290176267,0.16005332901431507,0.002789424885069733,0.0,0.011850594336863054,False,-0.224833333333332,-0.224833333333332,-0.0009676926358343339,-0.00466640538791045,0.15795025872164245,0.1701180006070633,1.41,6.16,-0.006773848450840337,-0.032664837715373145,0.005333738937669557,-0.02572034465777413,
1791389499.4698846,balance,-0.04586483214299202,-0.08826439919319133,-0.0007798663759731594,0.06328081766446052,-0.005510636718824916,-0.05059560248584378,0.15989851471176264,0.0012229540862766525,0.0,0.011864415327446556,False,-0.2264166666666653,-0.2264166666666653,-0.0006373119808061572,-0.0036198766566949403,0.1577435771078928,0.16991248823822158,1.42,6.3100000000000005,-0.0044611838656431,-0.025339136596864584,0.00351274320129378,-0.019952076060523294,
1791389499.4798536,balance,-0.045163853623031665,-0.08915305836107526,-7.826128752921185e-05,0.06669306907901396,-0.005510636718824916,-0.05059622905432737,0.15989851471176264,0.002339348144665009,0.0,0.011886671725375563,False,-0.2279999999999986,-0.2279999999999986,0.0017123722247660807,-0.0030534515993191195,0.1577435771078928,0.16991248823822158,1.43,6.3100000000000005,0.011986605573362565,-0.021374161195233835,-0.009438272105009894,-0.016830048185223493,
1791389499.489896,balance,-0.044535578635069135,-0.0900967575175854,0.0004913682913542314,0.04271314307892818,-0.00556811069912979,-0.05059505762555316,0.15982110435794122,0.0015581055949350972,0.0,0.011900803626276373,False,-0.2295833333333319,-0.2295833333333319,0.000308711534880241,-0.003382265535590337,0.1575368946883721,0.16991248823822158,1.41,6.42,0.002160980744161687,-0.023675858749132358,-0.0017015596410721945,-0.018642408463883747,
1791389499.4998407,balance,-0.04409504878795661,-0.09092440681871469,0.0008732288125966256,0.027996832549265323,-0.005625640381989698,-0.05059391798254293,0.15974369453256196,0.0012475682710800177,0.0,0.0119210029095078,False,-0.2311666666666652,-0.2311666666666652,-0.0007590092267919206,-0.004184184754119019,0.15733017767492985,0.16991248823822158,1.35,6.51,-0.005313064587543444,-0.02928929327883313,0.004183515423262554,-0.023062435652624513,
1791389499.5098553,balance,-0.043803703290129434,-0.09163149598047318,0.0010704226448128226,0.02432439511630072,-0.005716670103890431,-0.05059079603883269,0.15958888321856737,0.0022792805116433473,0.0,0.011940009532901204,False,-0.23274999999999849,-0.23274999999999849,-0.0009292022540900012,-0.0043276798471316566,0.1571234606614876,0.16970687686171035,1.35,6.51,-0.006504415778630008,-0.030293758929921595,0.005121587227267723,-0.02385335348812724,
1791389499.5198658,balance,-0.0434422236927209,-0.09220574668721046,0.00136768467475077,0.02339486964380545,-0.005776878494886277,-0.050586786862357944,0.15951152006874764,0.0007910495349794355,0.0,0.01194907159166684,False,-0.23433333333333178,-0.23433333333333178,-0.0025928575456688496,-0.0037428923666783217,0.15691674111591875,0.16970687686171035,1.34,6.65,-0.018150002819681946,-0.026200246566748252,0.01429134080289917,-0.02063011540688839,
1791389499.5298283,balance,-0.04306674336290694,-0.09270834029669003,0.0016779401264421373,0.03241501901160239,-0.005837197592291621,-0.050581881081640696,0.15943415843662428,0.0020278411391635976,0.0,0.011967825911036954,False,-0.23591666666666508,-0.23591666666666508,-0.0011148116997362852,-0.003011054219162152,0.1567100193464252,0.16970687686171035,1.37,6.76,-0.007803681898153997,-0.021077379534135063,0.006144631415869289,-0.016596361837901624,
1791389499.5398705,balance,-0.04262475565700119,-0.0931208991629397,0.0020535404177087144,0.03661171211827903,-0.005897575254708236,-0.05057587132941814,0.15935679738514832,0.0023422701174005216,0.0,0.011987231646912873,False,-0.23749999999999838,-0.23749999999999838,-0.0003081390491106995,-0.002430420642882103,0.1565032977771485,0.16970687686171035,1.37,6.87,-0.002156973343774896,-0.01701294450017472,0.0016984042076967686,-0.013396019291476158,
1791389499.5498595,balance,-0.04208800842188836,-0.09357388625897593,0.002549274910479807,0.045124140786434556,-0.005931188656888582,-0.05056847198925675,0.1592793965138845,0.0014201421923393511,0.0,0.011999384660692336,False,-0.23908333333333168,-0.23908333333333168,-0.0003254727071826352,-0.0010337526058171254,0.1565032977771485,0.16950123929730154,1.37,6.99,-0.0022783089502784464,-0.007236268240719878,0.0017939440553373593,-0.005697849008440848,
1791389499.5598624,balance,-0.04158986876868509,-0.09468885561266861,0.002942513568411048,0.0578550519376791,-0.0060274584596748115,-0.05055984079677095,0.15912471830324817,0.004283587944331742,0.0,0.01203512623461892,False,-0.24066666666666497,-0.24066666666666497,0.0011426976757611769,0.0019659561993913663,0.15629658076370626,0.1692955910873471,1.3,6.82,0.007998883730328237,0.013761693395739565,-0.006298333645927746,0.010835979051763436,
1791389499.5698555,balance,-0.041243291187177414,-0.09516075356095402,0.0032188533084441043,0.018625658482587917,-0.006088046133896942,-0.05055019062951846,0.15904735908524087,0.0041083711251202705,0.0,0.012077052376912532,False,-0.24224999999999827,-0.24224999999999827,0.0009711222233756124,-0.0005094016684978213,0.156089863750264,0.1692955910873471,1.31,7.0,0.006797855563629287,-0.0035658116794847487,-0.005352642176086052,-0.002807725731877755,
1791389499.5799034,balance,-0.04063390358638681,-0.09491578927515495,0.003759846662144399,0.049086686142110474,-0.006150792138630498,-0.05054454238716171,0.15897010200346653,0.0014863006521323855,0.0,0.012091981238739554,False,-0.24383333333333157,-0.24383333333333157,-0.00031563371657633186,0.002049045418972452,0.15588314411273602,0.1692955910873471,1.33,7.1000000000000005,-0.002209436016034323,0.014343317932807164,0.001739713398452223,0.011293951128194618,
1791389499.5898914,balance,-0.04020606021552037,-0.09531434473014049,0.004118651809117628,-0.014414803991113626,-0.00621364310392214,-0.050538355128560135,0.1588928476733157,-0.0012535834475937836,0.0,0.012084463973609934,False,-0.24541666666666487,-0.24541666666666487,-0.003647141408508695,-0.0024220819547802384,0.1556764223432425,0.1692955910873471,1.27,7.21,-0.025529989859560866,-0.01695457368346167,0.020102354220126666,-0.013350058018473755,
1791389499.5998607,balance,-0.03952969495013937,-0.09586027353071828,0.004745153110972435,0.05748625022015129,-0.006249651615112935,-0.050524499676224736,0.15881553256238434,0.000499383252919551,0.0,0.012087597341873361,False,-0.24699999999999817,-0.24699999999999817,0.0022087292983772803,0.0008780567291939692,0.1556764223432425,0.1690899180992253,1.33,7.3,0.015461105088640962,0.006146397104357784,-0.012174098494992883,0.004839682759336838,
1791389499.6098523,balance,-0.0390381045810327,-0.09617124257184667,0.005158529245546155,0.04618556032234186,-0.006312611892924598,-0.05050924571950345,0.15873827922066427,0.0008819665008783263,0.0,0.012092930845073548,False,-0.24858333333333146,-0.24858333333333146,0.0028906437383386424,0.0008550096955683526,0.15546970086592485,0.1690899180992253,1.23,7.3,0.020234506168370497,0.005985067868978468,-0.015932682022338975,0.004712651865337376,
1791389499.6198397,balance,-0.038418559402960385,-0.09659082680205863,0.005698279572276456,0.025436966749509737,-0.00637563348222709,-0.05049247245746393,0.15866102650879502,0.0012521564233054304,0.0,0.012103074101921877,False,-0.25016666666666476,-0.25016666666666476,0.003946702357737414,0.0033302868086032295,0.15526298385248263,0.1690899180992253,1.28,7.42,0.0276269165041619,0.02331200766022261,-0.021753477562332205,0.01835591154348237,
1791389499.6298373,balance,-0.038084159675469915,-0.09678800669100118,0.005951822495634175,0.02719912520978909,-0.006438716472121499,-0.05047469864322559,0.15858377442769694,0.0007171711060499939,0.0,0.012106645964806631,False,-0.25174999999999803,-0.25174999999999803,0.003286583677718764,0.00667269096884929,0.15505626683904042,0.1690899180992253,1.21,7.5200000000000005,0.023006085744031346,0.04670883678194503,-0.01811502814490657,0.036778611639326796,
1791389499.6398475,balance,-0.03767870599197905,-0.09683050291976306,0.006273289381803555,0.03313047426188113,-0.006503991461668211,-0.050455986835450814,0.15850647685142935,0.0014823649312037408,0.0,0.012117520090096708,False,-0.25333333333333136,-0.25333333333333136,0.005769406870638564,0.01498648039485006,0.15484954710955331,0.1690899180992253,1.21,7.640000000000001,0.04038584809446995,0.10490536276395042,-0.03179988038934641,0.08260264784563025,
1791389499.649828,balance,-0.03724487517549704,-0.09681898667454791,0.0066319444113137685,0.04887369588607894,-0.006569373921160096,-0.0504461935079709,0.15842917900436673,0.002896420910173548,0.0,0.012138055938701556,False,-0.2549166666666646,-0.2549166666666646,0.008900678478960313,0.02173698427927079,0.15464282534005977,0.1690899180992253,1.26,7.7700000000000005,0.06230474935272219,0.15215888995489554,-0.04905885775804897,0.1198101495707839,
1791389499.6598518,balance,-0.03670519082931728,-0.09669227396565191,0.00708508018485305,0.04448042250686916,-0.006634820211926247,-0.05042509122609658,0.1583518818352288,0.004403117588574947,0.0,0.01217573799822265,False,-0.25649999999999795,-0.25649999999999795,0.011168772088376779,0.026286001611499594,0.15443610395470128,0.1690899180992253,1.29,7.88,0.07818140461863746,0.18400201128049715,-0.06156016111703737,0.14488347344921035,
1791389499.6699111,balance,-0.03627805343935898,-0.09652337223306856,0.007388220221775599,0.03608118061251356,-0.006736717517721785,-0.05040299117885636,0.15819727302822506,0.004933175691873116,0.0,0.012222309804714136,False,-0.2580833333333312,-0.2580833333333312,0.011953135652411493,0.027805978923055814,0.154229386941259,0.1688842451111035,1.29,7.86,0.08367194956688045,0.1946418524613907,-0.06588342485581138,0.15326130115070133,
1791389499.6799147,balance,-0.03592944962581506,-0.09636231411826746,0.007648250475125726,0.014467248793878318,-0.00680234159987541,-0.0503800417008162,0.15811997759578772,0.003772451830558415,0.0,0.012266029087110383,False,-0.25966666666666455,-0.25966666666666455,0.010240566417036284,0.027999019911519162,0.1540226699278168,0.1688842451111035,1.3,8.0,0.07168396491925398,0.19599313938063415,-0.05644406686555432,0.15432530659892452,
1791389499.6898904,balance,-0.035808186402215926,-0.09607922684295513,0.007701264595938971,0.004195879555875015,-0.0068705907026613,-0.0503800417008162,0.15804268927212187,0.003596953731611552,0.0,0.012293844804025303,False,-0.2612499999999978,-0.2612499999999978,0.010204029210364361,0.02581814341635012,0.15381597381458612,0.1688842451111035,1.31,8.11,0.07142820447255052,0.18072700391445085,-0.05624268068704765,0.14230472749169357,
1791389499.6999137,balance,-0.035839888729315275,-0.09583848341780242,0.007601193224358427,-0.015033102540781497,-0.006938959747142495,-0.0503800417008162,0.1579654018192625,0.012524395396100823,0.0,0.012387250700458945,False,-0.26283333333333114,-0.26283333333333114,0.014212105904765727,0.025442637527854,0.15360929220083647,0.1688842451111035,1.32,8.23,0.09948474133336009,0.178098462694978,-0.07833444199477173,0.14023500999604568,
1791389499.7098732,balance,-0.03620971355334719,-0.09555614468638551,0.007162932421813685,-0.06994389754189524,-0.00700739572565532,-0.0503800417008162,0.15788811510550782,0.02670036073634819,0.0,0.012624115343884072,False,-0.2644166666666644,-0.2644166666666644,0.01521771604802995,0.024490053556970846,0.1534026110630885,0.1688842451111035,1.44,8.370000000000001,0.10652401233620966,0.17143037489879592,-0.08387717506788162,0.13498454716440625,
1791389499.7199051,balance,-0.037078905686203964,-0.09537161513287591,0.006188559125182874,-0.11103956339433121,-0.007112576889429359,-0.0503800417008162,0.15773351898388105,0.03793943648407793,0.0,0.012975168302246107,False,-0.26599999999999774,-0.26599999999999774,0.012304588952863611,0.02308841192574332,0.15319593420446628,0.1686785032241871,1.43,8.32,0.08613212267004527,0.16161888348020323,-0.0678205690315317,0.12725896337023876,
1791389499.7298605,balance,-0.03831701594366515,-0.0952855919166115,0.004881827123006582,-0.16317104983526176,-0.007181198634144466,-0.0503800417008162,0.15765623414872795,0.0460047095295852,0.0,0.013425234058379656,False,-0.267583333333331,-0.267583333333331,0.007892383160560814,0.02104997332884111,0.15298925734584407,0.1686785032241871,1.48,8.47,0.055246682123925694,0.14734981330188776,-0.04350132450702811,0.1160234750408565,
1791389499.7399375,balance,-0.04012125345739729,-0.09531207312308229,0.002936238010193319,-0.21882270474727114,-0.007322550233225589,-0.0503800417008162,0.1575017076420305,0.04488269779645576,0.0,0.013888640194911437,False,-0.26916666666666433,-0.26916666666666433,-0.000973380800709383,0.017069858604441056,0.1525758959740724,0.1686785032241871,1.5,8.55,-0.006813665604965681,0.11948901023108739,0.005365091027532032,0.09408583482762786,
1791389499.7498703,balance,-0.04226833305000554,-0.09548243572661642,0.000718358863594476,-0.22212144182223167,-0.007393349787216182,-0.0503800417008162,0.15742444577701223,0.03107806332135404,0.0,0.014238882923911355,False,-0.2707499999999976,-0.2707499999999976,-0.010495502991429618,0.012689550227364316,0.15236921492826566,0.1686785032241871,1.61,8.67,-0.07346852094000732,0.08882685159155021,0.057849229086619935,0.06994240282799229,
1791389499.7598715,balance,-0.044059773735719586,-0.09593711445317926,-0.0011439509048741109,-0.17406121087848392,-0.007464218869970722,-0.0503800417008162,0.157347184701871,0.01048377992595468,0.0,0.014402518330200127,False,-0.27233333333333093,-0.27233333333333093,-0.01944757631934952,0.009391708666778792,0.15216253806964342,0.1686785032241871,1.6,8.8,-0.13613303423544665,0.06574196066745154,0.10719136553972176,0.05176532336019806,
1791389499.7698975,balance,-0.045078189164809004,-0.09669495478056357,-0.0022299550896697218,-0.038462697580755385,-0.007535157583247777,-0.05038339165838706,0.15726992441777096,0.002729608598064373,0.0,0.014436788569658002,False,-0.2739166666666642,-0.2739166666666642,-0.011899542183691004,0.011553240041546467,0.15195586121102123,0.1686785032241871,1.56,8.91,-0.08329679528583703,0.08087268029082527,0.06558802778412365,0.06367927581954745,
1791389499.77994,balance,-0.044863490410928145,-0.09771823480143757,-0.002049016902325028,0.04815087068922084,-0.00757218781498762,-0.05038666132359074,0.15719261693652142,0.004965456257611988,0.0,0.014474732435117394,False,-0.2754999999999975,-0.2754999999999975,0.004310878713283872,0.015070618399341564,0.15195586121102123,0.16847274519254665,1.48,9.040000000000001,0.0301761509929871,0.10549432879539095,-0.02376074881337567,0.08306640062629209,
1791389499.7898414,balance,-0.04439858284478541,-0.09897299731465573,-0.001725574209322421,0.05429706462516467,-0.007719039080284727,-0.05039204771574771,0.15703838771362696,0.005184661075300717,0.0,0.014525881201984855,False,-0.2770833333333308,-0.2770833333333308,0.008584747148920548,0.017576422588241474,0.15154263058090173,0.16847274519254665,1.54,9.05,0.06009323004244384,0.12303495811769032,-0.04731750397042822,0.0968779197777089,
1791389499.8024461,balance,-0.04435296257634867,-0.10076680659685924,-0.0017485927543608032,-0.035821026280686244,-0.007792596658584693,-0.05039696648057256,0.15696127584118424,0.0005290237355426448,0.0,0.0145604865960369,False,-0.27945833333333087,-0.27945833333333087,0.0011271826662693151,0.012939751669730087,0.15133602436585522,0.16847274519254665,1.6300000000000001,9.31,0.007890278663885206,0.0905782616881106,-0.006212817845578903,0.07132146589615009,
1791389499.8098586,balance,-0.04449074257601505,-0.10121812581157648,-0.001960002642127756,-0.03339851116653206,-0.00786622654668527,-0.05039696648057256,0.1568841648188495,-0.0017248809439517746,0.0,0.014551862191317141,False,-0.2802499999999974,-0.2802499999999974,-0.0021645752593342006,0.012358465685455029,0.151129387662053,0.16847274519254665,1.58,9.28,-0.015152026815339404,0.0865092597981852,0.0119307297758578,0.06811752740014583,
1791389499.8198938,balance,-0.0448280077022274,-0.10238437573618205,-0.0023674136170108093,-0.04059480395300116,-0.00793992885046415,-0.05040052293568074,0.15680705464787684,-0.004055967855000645,0.0,0.01451261856018242,False,-0.2818333333333307,-0.2818333333333307,-0.0058966308294789715,0.01168935404034081,0.1509227509582508,0.16847274519254665,1.6500000000000001,9.4,-0.0412764158063528,0.08182547828238566,0.032501114808151814,0.06442951045857138,
1791389499.8298361,balance,-0.04506670070866346,-0.1036519959817826,-0.0026743507933181254,-0.02013836717466396,-0.008016098615180517,-0.050408448530525854,0.15672992041275682,-0.006068464802939588,0.0,0.01445493380596301,False,-0.283416666666664,-0.283416666666664,-0.007521656260506385,0.012714923935797802,0.15071616324670828,0.16847274519254665,1.6600000000000001,9.49,-0.0526515938235447,0.08900446755058461,0.04145794789255488,0.07008225791384615,
1791389499.8398538,balance,-0.04517174847717105,-0.10518973781970736,-0.0028471667344793436,-0.01079275600388779,-0.008092393191436113,-0.05041697493412782,0.1566527865705836,-0.0046170315230952,0.0,0.014404133382109018,False,-0.2849999999999973,-0.2849999999999973,-0.0068506352755746455,0.014852545409072203,0.1505096021001903,0.16847274519254665,1.67,9.59,-0.047954446929022516,0.10396781786350542,0.03775940703072639,0.0818644235145712,
1791389499.8499002,balance,-0.04523831584628821,-0.10680365718325416,-0.0030209399311480756,-0.016050550085807733,-0.008208464449151201,-0.05042584036429133,0.15649818905837706,-0.004451417556253727,0.0,0.014358490997768402,False,-0.2865833333333306,-0.2865833333333306,-0.007562172085563684,0.015314334491367439,0.15030304805387268,0.16826696298758292,1.59,9.73,-0.05293520459894579,0.10720034143957208,0.041681263463736844,0.08440971766895439,
1791389499.859892,balance,-0.04536042329847895,-0.1085957509329898,-0.003214720518938445,-0.015621617025645346,-0.008284966909516384,-0.050430669689056885,0.15642105751855068,-0.0032225162725555154,0.0,0.014330126696980841,False,-0.2881666666666639,-0.2881666666666639,-0.008033521924696242,0.016328670633044294,0.15009653181453053,0.16826696298758292,1.62,9.71,-0.056234653472873694,0.11430069443131005,0.04427925470305015,0.09000054679630713,
1791389499.8698478,balance,-0.045455014855305384,-0.1104579617718567,-0.0033808111849087663,-0.020810526680839412,-0.008361544853690173,-0.05043574852408679,0.15634392689510168,-0.001200597711957183,0.0,0.014318027879126028,False,-0.2897499999999972,-0.2897499999999972,-0.00814620760389674,0.017029839568025687,0.14989001557518838,0.16826696298758292,1.55,9.86,-0.057023453227277185,0.11920887697617981,0.0449003568718718,0.09386525746155891,
1791389499.8798916,fault,-0.04314421938004452,-0.10791041536750512,-0.0033808111849087663,-0.020810526680839412,-0.007979444371295885,-0.05043574852408679,0.15943701501143753,-0.001200597711957183,0.0,0.014318027879126028,False,-0.2897499999999972,-0.2897499999999972,-0.00814620760389674,0.017029839568025687,0.1467941594011181,0.17953405578606482,1.55,9.86,-0.057023453227277185,0.11920887697617981,0.0449003568718718,0.09386525746155891,leg_r current saturated
1791389499.8910997,fault,-0.04314421938004452,-0.10791041536750512,-0.0033808111849087663,-0.020810526680839412,-0.007979444371295885,-0.05043574852408679,0.15943701501143753,-0.001200597711957183,0.0,0.014318027879126028,False,-0.2897499999999972,-0.2897499999999972,-0.00814620760389674,0.017029839568025687,0.1467941594011181,0.17953405578606482,1.55,9.86,-0.057023453227277185,0.11920887697617981,0.0449003568718718,0.09386525746155891,leg_r current saturated
1791389499.8999913,fault,-0.04495426737458053,-0.1067240829597483,-0.0033808111849087663,-0.020810526680839412,-0.008149972678685863,-0.05043574852408679,0.15982200766082408,-0.001200597711957183,0.0,0.014318027879126028,False,-0.2897499999999972,-0.2897499999999972,-0.00814620760389674,0.017029839568025687,0.14596945579001486,0.18136582230825807,1.55,9.86,-0.057023453227277185,0.11920887697617981,0.0449003568718718,0.09386525746155891,leg_r current saturated
1791389499.9098732,fault,-0.047132520723620605,-0.1036711788744198,-0.0033808111849087663,-0.020810526680839412,-0.008668850752251073,-0.05043574852408679,0.16043665465711549,-0.001200597711957183,0.0,0.014318027879126028,False,-0.2897499999999972,-0.2897499999999972,-0.00814620760389674,0.017029839568025687,0.1441154770012581,0.18481523626813487,1.55,9.86,-0.057023453227277185,0.11920887697617981,0.0449003568718718,0.09386525746155891,leg_r current saturated
1791389499.919918,fault,-0.04902386672084745,-0.0982003897869005,-0.0033808111849087663,-0.020810526680839412,-0.008984717348212747,-0.05043574852408679,0.1614315588070906,-0.001200597711957183,0.0,0.014318027879126028,False,-0.2897499999999972,-0.2897499999999972,-0.00814620760389674,0.017029839568025687,0.1428809713172044,0.1886527616411415,1.55,9.86,-0.057023453227277185,0.11920887697617981,0.0449003568718718,0.09386525746155891,leg_r current saturated
1791389499.9299288,fault,-0.05071829328238765,-0.09313459089861124,-0.0033808111849087663,-0.020810526680839412,-0.009175035667063125,-0.05043574852408679,0.16265090719197203,-0.001200597711957183,0.0,0.014318027879126028,False,-0.2897499999999972,-0.2897499999999972,-0.00814620760389674,0.017029839568025687,0.14205874067489532,0.1926706633146807,1.55,9.86,-0.057023453227277185,0.11920887697617981,0.0449003568718718,0.09386525746155891,leg_r current saturated
1791389499.939969,fault,-0.05861061402426734,-0.08788534269642,-0.0033808111849087663,-0.020810526680839412,-0.009558229772158706,-0.05043574852408679,0.161507152348364,-0.001200597711957183,0.0,0.014318027879126028,False,-0.2897499999999972,-0.2897499999999972,-0.00814620760389674,0.017029839568025687,0.14144241281199324,0.19026264530683917,1.55,9.86,-0.057023453227277185,0.11920887697617981,0.0449003568718718,0.09386525746155891,leg_r current saturated
1791389499.9499328,fault,-0.0635954639224877,-0.08169190860965073,-0.0033808111849087663,-0.020810526680839412,-0.009812903632941378,-0.05043574852408679,0.1602846677770229,-0.001200597711957183,0.0,0.014318027879126028,False,-0.2897499999999972,-0.2897499999999972,-0.00814620760389674,0.017029839568025687,0.14123706106243156,0.1872412220645504,1.55,9.86,-0.057023453227277185,0.11920887697617981,0.0449003568718718,0.09386525746155891,leg_r current saturated
1791389499.959879,fault,-0.06527306869855048,-0.07474531567383347,-0.0033808111849087663,-0.020810526680839412,-0.009920890375053365,-0.05043574852408679,0.1601318771930487,-0.001200597711957183,0.0,0.014318027879126028,False,-0.2897499999999972,-0.2897499999999972,-0.00814620760389674,0.017029839568025687,0.1410317477472483,0.1870393673616566,1.55,9.86,-0.057023453227277185,0.11920887697617981,0.0449003568718718,0.09386525746155891,leg_r current saturated
1791389499.9699028,fault,-0.06542634661694373,-0.06748759013922631,-0.0033808111849087663,-0.020810526680839412,-0.010242580092147117,-0.05043574852408679,0.160285296433602,-0.001200597711957183,0.0,0.014318027879126028,False,-0.2897499999999972,-0.2897499999999972,-0.00814620760389674,0.017029839568025687,0.14021103428303613,0.18824968933114344,1.55,9.86,-0.057023453227277185,0.11920887697617981,0.0449003568718718,0.09386525746155891,leg_r current saturated
1791389499.9798827,fault,-0.06631486466358985,-0.06021781192782286,-0.0033808111849087663,-0.020810526680839412,-0.010577283640924008,-0.05043574852408679,0.16043903336819043,-0.001200597711957183,0.0,0.014318027879126028,False,-0.2897499999999972,-0.2897499999999972,-0.00814620760389674,0.017029839568025687,0.13939105213489053,0.18945808471977055,1.55,9.86,-0.057023453227277185,0.11920887697617981,0.0449003568718718,0.09386525746155891,leg_r current saturated
1791389499.9898653,fault,-0.06651754506199238,-0.05623345644200272,-0.0033808111849087663,-0.020810526680839412,-0.011027564398984419,-0.05043574852408679,0.16051610664903387,-0.001200597711957183,0.0,0.014318027879126028,False,-0.2897499999999972,-0.2897499999999972,-0.00814620760389674,0.017029839568025687,0.13836713763747482,0.19066457860335054,1.55,9.86,-0.057023453227277185,0.11920887697617981,0.0449003568718718,0.09386525746155891,leg_r current saturated
1791389499.9998834,fault,-0.06695340731723955,-0.05283498786636463,-0.0033808111849087663,-0.020810526680839412,-0.0114232545941408,-0.05043574852408679,0.16036439483118925,-0.001200597711957183,0.0,0.014318027879126028,False,-0.2897499999999972,-0.2897499999999972,-0.00814620760389674,0.017029839568025687,0.13754899443445937,0.1910662163536369,1.55,9.86,-0.057023453227277185,0.11920887697617981,0.0449003568718718,0.09386525746155891,leg_r current saturated
1791389500.0099347,fault,-0.06602925926437542,-0.04788811500156262,-0.0033808111849087663,-0.020810526680839412,-0.011765867316856006,-0.05043574852408679,0.15998453933721532,-0.001200597711957183,0.0,0.014318027879126028,False,-0.2897499999999972,-0.2897499999999972,-0.00814620760389674,0.017029839568025687,0.1369360020870993,0.19066457860335054,1.55,9.86,-0.057023453227277185,0.11920887697617981,0.0449003568718718,0.09386525746155891,leg_r current saturated
1791389500.0198636,fault,-0.06454294790964463,-0.04392861552734663,-0.0033808111849087663,-0.020810526680839412,-0.012211780219697183,-0.05043574852408679,0.15960525781527707,-0.001200597711957183,0.0,0.014318027879126028,False,-0.2897499999999972,-0.2897499999999972,-0.00814620760389674,0.017029839568025687,0.1361195515174584,0.19046362018101914,1.55,9.86,-0.057023453227277185,0.11920887697617981,0.0449003568718718,0.09386525746155891,leg_r current saturated
1791389500.0298939,fault,-0.0634232738015583,-0.040203752653829035,-0.0033808111849087663,-0.020810526680839412,-0.012644765193689893,-0.05043574852408679,0.15937873653459833,-0.001200597711957183,0.0,0.014318027879126028,False,-0.2897499999999972,-0.2897499999999972,-0.00814620760389674,0.017029839568025687,0.1353040347286616,0.19066457860335054,1.55,9.86,-0.057023453227277185,0.11920887697617981,0.0449003568718718,0.09386525746155891,leg_r current saturated
1791389500.0398378,fault,-0.062412755424128406,-0.0363105929625954,-0.0033808111849087663,-0.020810526680839412,-0.012972445580761618,-0.05043574852408679,0.15922813427997795,-0.001200597711957183,0.0,0.014318027879126028,False,-0.2897499999999972,-0.2897499999999972,-0.00814620760389674,0.017029839568025687,0.13469314433076654,0.1908653974784937,1.55,9.86,-0.057023453227277185,0.11920887697617981,0.0449003568718718,0.09386525746155891,leg_r current saturated
1791389500.0499356,fault,-0.061244871134030876,-0.03258893461815481,-0.0033808111849087663,-0.020810526680839412,-0.013445292024158194,-0.05043574852408679,0.15885002789485414,-0.001200597711957183,0.0,0.014318027879126028,False,-0.2897499999999972,-0.2897499999999972,-0.00814620760389674,0.017029839568025687,0.13387952705459497,0.19066457860335054,1.55,9.86,-0.057023453227277185,0.11920887697617981,0.0449003568718718,0.09386525746155891,leg_r current saturated
1791389500.0598695,disarmed,-0.0598282314834418,-0.029485342824700125,-0.0033808111849087663,-0.020810526680839412,-0.013796779760260329,-0.05043574852408679,0.15862389787817222,-0.001200597711957183,0.0,0.014318027879126028,False,-0.2897499999999972,-0.2897499999999972,-0.00814620760389674,0.017029839568025687,0.13327012437298885,0.19066457860335054,1.55,9.86,-0.057023453227277185,0.11920887697617981,0.0449003568718718,0.09386525746155891,
1791389500.0699005,disarmed,-0.05828394086944937,-0.027384372199231528,-0.0033808111849087663,-0.020810526680839412,-0.01415194510060512,-0.05043574852408679,0.15839799106180746,-0.001200597711957183,0.0,0.014318027879126028,False,-0.2897499999999972,-0.2897499999999972,-0.00814620760389674,0.017029839568025687,0.13266134762589477,0.19066457860335054,1.55,9.86,-0.057023453227277185,0.11920887697617981,0.0449003568718718,0.09386525746155891,
1791389500.0798838,disarmed,-0.056810998969028206,-0.02515595817360471,-0.0033808111849087663,-0.020810526680839412,-0.014392587261610308,-0.05043574852408679,0.15824759517360237,-0.001200597711957183,0.0,0.014318027879126028,False,-0.2897499999999972,-0.2897499999999972,-0.00814620760389674,0.017029839568025687,0.1322558990115022,0.19066457860335054,1.55,9.86,-0.057023453227277185,0.11920887697617981,0.0449003568718718,0.09386525746155891,
1791389500.0898383,disarmed,-0.055460511636638225,-0.022979674550505917,-0.0033808111849087663,-0.020810526680839412,-0.014637126890905863,-0.05043574852408679,0.15809741419070916,-0.001200597711957183,0.0,0.014318027879126028,False,-0.2897499999999972,-0.2897499999999972,-0.00814620760389674,0.017029839568025687,0.13185075581959865,0.19066457860335054,1.55,9.86,-0.057023453227277185,0.11920887697617981,0.0449003568718718,0.09386525746155891,
1791389500.099845,disarmed,-0.05446402244722395,-0.02124301541361315,-0.0033808111849087663,-0.020810526680839412,-0.014882131536796052,-0.05043574852408679,0.15794724267996113,-0.001200597711957183,0.0,0.014318027879126028,False,-0.2897499999999972,-0.2897499999999972,-0.00814620760389674,0.017029839568025687,0.13144590885163163,0.19066457860335054,1.55,9.86,-0.057023453227277185,0.11920887697617981,0.0449003568718718,0.09386525746155891,
1791389500.1099236,disarmed,-0.05363538848212864,-0.019846512685480704,-0.0033808111849087663,-0.020810526680839412,-0.01513147572711486,-0.05043574852408679,0.15779724474605528,-0.001200597711957183,0.0,0.014318027879126028,False,-0.2897499999999972,-0.2897499999999972,-0.00814620760389674,0.017029839568025687,0.1310414695044307,0.19066457860335054,1.55,9.86,-0.057023453227277185,0.11920887697617981,0.0449003568718718,0.09386525746155891,
1791389500.1198506,disarmed,-0.05284045483727625,-0.01877365678057405,-0.0033808111849087663,-0.020810526680839412,-0.015256345437192682,-0.05043574852408679,0.1577222503008352,-0.001200597711957183,0.0,0.014318027879126028,False,-0.2897499999999972,-0.2897499999999972,-0.00814620760389674,0.017029839568025687,0.13083937397795098,0.19066457860335054,1.55,9.86,-0.057023453227277185,0.11920887697617981,0.0449003568718718,0.09386525746155891,
1791389500.129923,disarmed,-0.05236986413267266,-0.017716112496342758,-0.0033808111849087663,-0.020810526680839412,-0.015381333948968581,-0.05043574852408679,0.1576472583172303,-0.001200597711957183,0.0,0.014318027879126028,False,-0.2897499999999972,-0.2897499999999972,-0.00814620760389674,0.017029839568025687,0.13063739058623525,0.19066457860335054,1.55,9.86,-0.057023453227277185,0.11920887697617981,0.0449003568718718,0.09386525746155891,
1791389500.140203,disarmed,-0.05149801764899726,-0.016373166018580187,-0.0033808111849087663,-0.020810526680839412,-0.01563416610537579,-0.05043574852408679,0.15749755492438947,-0.001200597711957183,0.0,0.014318027879126028,False,-0.2897499999999972,-0.2897499999999972,-0.00814620760389674,0.017029839568025687,0.13023363643746383,0.19066457860335054,1.55,9.86,-0.057023453227277185,0.11920887697617981,0.0449003568718718,0.09386525746155891,
1791389500.1502502,disarmed,-0.05085291531907115,-0.015770649106928523,-0.0033808111849087663,-0.020810526680839412,-0.015762064070083702,-0.05043574852408679,0.15742284931279196,-0.001200597711957183,0.0,0.014318027879126028,False,-0.2897499999999972,-0.2897499999999972,-0.00814620760389674,0.017029839568025687,0.1300318584668836,0.19066457860335054,1.55,9.86,-0.057023453227277185,0.11920887697617981,0.0449003568718718,0.09386525746155891,
1791389500.1598382,disarmed,-0.050813678342095846,-0.013706614304077715,-0.0033808111849087663,-0.020810526680839412,-0.015762064070083702,-0.05043574852408679,0.15742284931279196,-0.001200597711957183,0.0,0.014318027879126028,False,-0.2897499999999972,-0.2897499999999972,-0.00814620760389674,0.017029839568025687,0.1300318584668836,0.19066457860335054,1.55,9.86,-0.057023453227277185,0.11920887697617981,0.0449003568718718,0.09386525746155891,
1791389500.169888,disarmed,-0.057173927937407075,-0.0021496624956089143,-0.0033808111849087663,-0.020810526680839412,-0.015890083479258833,-0.05043574852408679,0.15734814627874524,-0.001200597711957183,0.0,0.014318027879126028,False,-0.2897499999999972,-0.2897499999999972,-0.00814620760389674,0.017029839568025687,0.12983018734248208,0.19066457860335054,1.55,9.86,-0.057023453227277185,0.11920887697617981,0.0449003568718718,0.09386525746155891,
1791389500.1798222,disarmed,-0.05680720181181419,-0.001171483180861964,-0.0033808111849087663,-0.020810526680839412,-0.015890083479258833,-0.05043574852408679,0.15734814627874524,-0.001200597711957183,0.0,0.014318027879126028,False,-0.2897499999999972,-0.2897499999999972,-0.00814620760389674,0.017029839568025687,0.12983018734248208,0.19066457860335054,1.55,9.86,-0.057023453227277185,0.11920887697617981,0.0449003568718718,0.09386525746155891,
1791389500.1899154,disarmed,-0.055821742946190876,-0.0020734007596121284,-0.0033808111849087663,-0.020810526680839412,-0.016030536130192022,-0.05043574852408679,0.15719720707441945,-0.001200597711957183,0.0,0.014318027879126028,False,-0.2897499999999972,-0.2897499999999972,-0.00814620760389674,0.017029839568025687,0.1296286055082052,0.19046362018101914,1.55,9.86,-0.057023453227277185,0.11920887697617981,0.0449003568718718,0.09386525746155891,
1791389500.1998386,disarmed,-0.055290031521848707,-0.0016591811562183501,-0.0033808111849087663,-0.020810526680839412,-0.016158867023639632,-0.05043574852408679,0.1571225094554872,-0.001200597711957183,0.0,0.014318027879126028,False,-0.2897499999999972,-0.2897499999999972,-0.00814620760389674,0.017029839568025687,0.12942703923174262,0.19046362018101914,1.55,9.86,-0.057023453227277185,0.11920887697617981,0.0449003568718718,0.09386525746155891,
1791389500.2098782,disarmed,-0.05473490751269938,-0.0011126687384750281,-0.0033808111849087663,-0.020810526680839412,-0.01628943553730114,-0.05043574852408679,0.15704787517572197,-0.001200597711957183,0.0,0.014318027879126028,False,-0.2897499999999972,-0.2897499999999972,-0.00814620760389674,0.017029839568025687,0.12922574311900256,0.19046362018101914,1.55,9.86,-0.057023453227277185,0.11920887697617981,0.0449003568718718,0.09386525746155891,
1791389500.2198277,disarmed,-0.054139129779330976,-0.0005924682163541061,-0.0033808111849087663,-0.020810526680839412,-0.016301896580360895,-0.05043574852408679,0.15697163695218577,-0.001200597711957183,0.0,0.014318027879126028,False,-0.2897499999999972,-0.2897499999999972,-0.00814620760389674,0.017029839568025687,0.12922574311900256,0.19026264530683917,1.55,9.86,-0.057023453227277185,0.11920887697617981,0.0449003568718718,0.09386525746155891,
