t,mode,pitch,roll,th,thd,th_kin,th_bias,l_pend,v,v_ref,x_err,lifted,a0,a1,a2,a3,hL,hR,IhL,IhR,tauwL,tauwR,IwL,IwR,fault
1791373235.850233,disarmed,0.034341265211725015,0.002328539833698671,0.0,0.0,-0.08126060329150546,0.0,0.1291563573025948,0.0,0.0,0.0,False,0.0,0.0,0.0,0.0,0.1224791,0.1224791,0.0,0.0,0.0,0.0,0.0,0.0,
1791373235.8602233,disarmed,0.034300661313174004,0.002501691734089189,0.0,0.0,-0.08126060329150546,0.0,0.1291563573025948,0.0,0.0,0.0,False,0.0,0.0,0.0,0.0,0.1224791,0.1224791,0.0,0.0,0.0,0.0,0.0,0.0,
1791373235.8702354,disarmed,0.03422927125803266,0.002968024193905069,0.0,0.0,-0.08126060329150546,0.0,0.1291563573025948,0.0,0.0,0.0,False,0.0,0.0,0.0,0.0,0.1224791,0.1224791,0.0,0.0,0.0,0.0,0.0,0.0,
1791373235.8802192,disarmed,0.03420400844523881,0.003409153066387914,0.0,0.0,-0.08126060329150546,0.0,0.1291563573025948,0.0,0.0,0.0,False,0.0,0.0,0.0,0.0,0.1224791,0.1224791,0.0,0.0,0.0,0.0,0.0,0.0,
1791373235.8902557,disarmed,0.03413689648498162,0.0035781689001061147,0.0,0.0,-0.08126060329150546,0.0,0.1291563573025948,0.0,0.0,0.0,False,0.0,0.0,0.0,0.0,0.1224791,0.1224791,0.0,0.0,0.0,0.0,0.0,0.0,
1791373235.9002388,disarmed,0.034028269959254225,0.0038639968649158618,0.0,0.0,-0.08126060329150546,0.0,0.1291563573025948,0.0,0.0,0.0,False,0.0,0.0,0.0,0.0,0.1224791,0.1224791,0.0,0.0,0.0,0.0,0.0,0.0,
1791373235.9102337,disarmed,0.03385860815503712,0.0038381148348449043,0.0,0.0,-0.08126060329150546,0.0,0.1291563573025948,0.0,0.0,0.0,False,0.0,0.0,0.0,0.0,0.1224791,0.1224791,0.0,0.0,0.0,0.0,0.0,0.0,
1791373235.920227,disarmed,0.03368205786026836,0.003799891508314137,0.0,0.0,-0.08126060329150546,0.0,0.1291563573025948,0.0,0.0,0.0,False,0.0,0.0,0.0,0.0,0.1224791,0.1224791,0.0,0.0,0.0,0.0,0.0,0.0,
1791373235.9302974,disarmed,0.03354407470453688,0.0036940720072671765,0.0,0.0,-0.08126060329150546,0.0,0.1291563573025948,0.0,0.0,0.0,False,0.0,0.0,0.0,0.0,0.1224791,0.1224791,0.0,0.0,0.0,0.0,0.0,0.0,
1791373235.940285,disarmed,0.03342203287710632,0.0034408841137085196,0.0,0.0,-0.08126060329150546,0.0,0.1291563573025948,0.0,0.0,0.0,False,0.0,0.0,0.0,0.0,0.1224791,0.1224791,0.0,0.0,0.0,0.0,0.0,0.0,
1791373235.9502425,disarmed,0.03320160407898021,0.0031523983302560996,0.0,0.0,-0.08126060329150546,0.0,0.1291563573025948,0.0,0.0,0.0,False,0.0,0.0,0.0,0.0,0.1224791,0.1224791,0.0,0.0,0.0,0.0,0.0,0.0,
1791373235.9602358,disarmed,0.03298577891272966,0.0027832878399118503,0.0,0.0,-0.08126060329150546,0.0,0.1291563573025948,0.0,0.0,0.0,False,0.0,0.0,0.0,0.0,0.1224791,0.1224791,0.0,0.0,0.0,0.0,0.0,0.0,
1791373235.9702566,disarmed,0.03273704921614631,0.002397798201599143,0.0,0.0,-0.08126060329150546,0.0,0.1291563573025948,0.0,0.0,0.0,False,0.0,0.0,0.0,0.0,0.1224791,0.1224791,0.0,0.0,0.0,0.0,0.0,0.0,
1791373235.9802403,disarmed,0.03242403908608056,0.0022705929853368933,0.0,0.0,-0.08126060329150546,0.0,0.1291563573025948,0.0,0.0,0.0,False,0.0,0.0,0.0,0.0,0.1224791,0.1224791,0.0,0.0,0.0,0.0,0.0,0.0,
1791373235.990273,disarmed,0.0320869963917884,0.0020763126357759574,0.0,0.0,-0.08126060329150546,0.0,0.1291563573025948,0.0,0.0,0.0,False,0.0,0.0,0.0,0.0,0.1224791,0.1224791,0.0,0.0,0.0,0.0,0.0,0.0,
1791373236.000232,disarmed,0.031809005274944145,0.002004407818197262,0.0,0.0,-0.08126060329150546,0.0,0.1291563573025948,0.0,0.0,0.0,False,0.0,0.0,0.0,0.0,0.1224791,0.1224791,0.0,0.0,0.0,0.0,0.0,0.0,
1791373236.010252,disarmed,0.0315455874402571,0.002065703641420316,0.0,0.0,-0.08126060329150546,0.0,0.1291563573025948,0.0,0.0,0.0,False,0.0,0.0,0.0,0.0,0.1224791,0.1224791,0.0,0.0,0.0,0.0,0.0,0.0,
1791373236.020238,disarmed,0.031232591750951506,0.0021507625354111374,0.0,0.0,-0.08126060329150546,0.0,0.1291563573025948,0.0,0.0,0.0,False,0.0,0.0,0.0,0.0,0.1224791,0.1224791,0.0,0.0,0.0,0.0,0.0,0.0,
1791373236.0302572,disarmed,0.030928016331080617,0.0022039252319422855,0.0,0.0,-0.08126060329150546,0.0,0.1291563573025948,0.0,0.0,0.0,False,0.0,0.0,0.0,0.0,0.1224791,0.1224791,0.0,0.0,0.0,0.0,0.0,0.0,
1791373236.040282,disarmed,0.030636915298723293,0.002331377211134799,0.0,0.0,-0.08126060329150546,0.0,0.1291563573025948,0.0,0.0,0.0,False,0.0,0.0,0.0,0.0,0.1224791,0.1224791,0.0,0.0,0.0,0.0,0.0,0.0,
1791373236.0502307,disarmed,0.030280341681739726,0.002442394554081276,0.0,0.0,-0.08126060329150546,0.0,0.1291563573025948,0.0,0.0,0.0,False,0.0,0.0,0.0,0.0,0.1224791,0.1224791,0.0,0.0,0.0,0.0,0.0,0.0,
1791373236.0602515,disarmed,0.029978429538868617,0.00257105493679774,0.0,0.0,-0.08126060329150546,0.0,0.1291563573025948,0.0,0.0,0.0,False,0.0,0.0,0.0,0.0,0.1224791,0.1224791,0.0,0.0,0.0,0.0,0.0,0.0,
1791373236.0702477,disarmed,0.02955513065015347,0.0027367019950477393,0.0,0.0,-0.08126060329150546,0.0,0.1291563573025948,0.0,0.0,0.0,False,0.0,0.0,0.0,0.0,0.1224791,0.1224791,0.0,0.0,0.0,0.0,0.0,0.0,
1791373236.0802372,disarmed,0.029019328365413967,0.0029208308876081186,0.0,0.0,-0.08126060329150546,0.0,0.1291563573025948,0.0,0.0,0.0,False,0.0,0.0,0.0,0.0,0.1224791,0.1224791,0.0,0.0,0.0,0.0,0.0,0.0,
1791373236.0902908,disarmed,0.02856790393316334,0.003030874659121948,0.0,0.0,-0.08126060329150546,0.0,0.1291563573025948,0.0,0.0,0.0,False,0.0,0.0,0.0,0.0,0.1224791,0.1224791,0.0,0.0,0.0,0.0,0.0,0.0,
1791373236.100225,disarmed,0.028321368000431557,0.0030248871697749007,0.0,0.0,-0.08126060329150546,0.0,0.1291563573025948,0.0,0.0,0.0,False,0.0,0.0,0.0,0.0,0.1224791,0.1224791,0.0,0.0,0.0,0.0,0.0,0.0,
1791373236.1102626,disarmed,0.028064920930010933,0.0030741059917820876,0.0,0.0,-0.08126060329150546,0.0,0.1291563573025948,0.0,0.0,0.0,False,0.0,0.0,0.0,0.0,0.1224791,0.1224791,0.0,0.0,0.0,0.0,0.0,0.0,
1791373236.1202626,disarmed,0.02786989777488573,0.003045879969916838,0.0,0.0,-0.08126060329150546,0.0,0.1291563573025948,0.0,0.0,0.0,False,0.0,0.0,0.0,0.0,0.1224791,0.1224791,0.0,0.0,0.0,0.0,0.0,0.0,
1791373236.1302402,disarmed,0.027661435952437058,0.0030220253027642965,0.0,0.0,-0.08126060329150546,0.0,0.1291563573025948,0.0,0.0,0.0,False,0.0,0.0,0.0,0.0,0.1224791,0.1224791,0.0,0.0,0.0,0.0,0.0,0.0,
1791373236.1402855,disarmed,0.027186651585623153,0.0029649109269123818,0.0,0.0,-0.08126060329150546,0.0,0.1291563573025948,0.0,0.0,0.0,False,0.0,0.0,0.0,0.0,0.1224791,0.1224791,0.0,0.0,0.0,0.0,0.0,0.0,
1791373236.1502342,disarmed,0.026759844770954777,0.0028234849559239006,0.0,0.0,-0.08126060329150546,0.0,0.1291563573025948,0.0,0.0,0.0,False,0.0,0.0,0.0,0.0,0.1224791,0.1224791,0.0,0.0,0.0,0.0,0.0,0.0,
1791373236.1602435,disarmed,0.02678879221280831,0.0027133946855605225,0.0,0.0,-0.08126060329150546,0.0,0.1291563573025948,0.0,0.0,0.0,False,0.0,0.0,0.0,0.0,0.1224791,0.1224791,0.0,0.0,0.0,0.0,0.0,0.0,
1791373236.1702704,disarmed,0.02700295939016695,0.002699760519095701,0.0,0.0,-0.08126060329150546,0.0,0.1291563573025948,0.0,0.0,0.0,False,0.0,0.0,0.0,0.0,0.1224791,0.1224791,0.0,0.0,0.0,0.0,0.0,0.0,
1791373236.18026,disarmed,0.02696551592314016,0.0025607426025259206,0.0,0.0,-0.08126060329150546,0.0,0.1291563573025948,0.0,0.0,0.0,False,0.0,0.0,0.0,0.0,0.1224791,0.1224791,0.0,0.0,0.0,0.0,0.0,0.0,
1791373236.190269,disarmed,0.02716375216727994,0.0025045381738423933,0.0,0.0,-0.08126060329150546,0.0,0.1291563573025948,0.0,0.0,0.0,False,0.0,0.0,0.0,0.0,0.1224791,0.1224791,0.0,0.0,0.0,0.0,0.0,0.0,
1791373236.2002254,disarmed,0.027532817399767925,0.0025199818251441233,0.0,0.0,-0.08126060329150546,0.0,0.1291563573025948,0.0,0.0,0.0,False,0.0,0.0,0.0,0.0,0.1224791,0.1224791,0.0,0.0,0.0,0.0,0.0,0.0,
1791373236.2102385,disarmed,0.027944378238560694,0.0025074746404729876,0.0,0.0,-0.08126060329150546,0.0,0.1291563573025948,0.0,0.0,0.0,False,0.0,0.0,0.0,0.0,0.1224791,0.1224791,0.0,0.0,0.0,0.0,0.0,0.0,
1791373236.2202382,disarmed,0.02840068803792241,0.002532723978729911,0.0,0.0,-0.08126060329150546,0.0,0.1291563573025948,0.0,0.0,0.0,False,0.0,0.0,0.0,0.0,0.1224791,0.1224791,0.0,0.0,0.0,0.0,0.0,0.0,
1791373236.2303343,disarmed,0.02893533319991727,0.002573380639319123,0.0,0.0,-0.08126060329150546,0.0,0.1291563573025948,0.0,0.0,0.0,False,0.0,0.0,0.0,0.0,0.1224791,0.1224791,0.0,0.0,0.0,0.0,0.0,0.0,
1791373236.240238,disarmed,0.029456215896640787,0.0026916438235001054,0.0,0.0,-0.08126060329150546,0.0,0.1291563573025948,0.0,0.0,0.0,False,0.0,0.0,0.0,0.0,0.1224791,0.1224791,0.0,0.0,0.0,0.0,0.0,0.0,
1791373236.250243,disarmed,0.029985207902797212,0.002816120685857683,0.0,0.0,-0.08126060329150546,0.0,0.1291563573025948,0.0,0.0,0.0,False,0.0,0.0,0.0,0.0,0.1224791,0.1224791,0.0,0.0,0.0,0.0,0.0,0.0,
1791373236.2602592,disarmed,0.030490321058430206,0.0029353599309167805,0.0,0.0,-0.08126060329150546,0.0,0.1291563573025948,0.0,0.0,0.0,False,0.0,0.0,0.0,0.0,0.1224791,0.1224791,0.0,0.0,0.0,0.0,0.0,0.0,
1791373236.2702525,disarmed,0.030965106917803333,0.00297413208430165,0.0,0.0,-0.08126060329150546,0.0,0.1291563573025948,0.0,0.0,0.0,False,0.0,0.0,0.0,0.0,0.1224791,0.1224791,0.0,0.0,0.0,0.0,0.0,0.0,
1791373236.2802548,disarmed,0.031629767586897756,0.002983318020433908,0.0,0.0,-0.08126060329150546,0.0,0.1291563573025948,0.0,0.0,0.0,False,0.0,0.0,0.0,0.0,0.1224791,0.1224791,0.0,0.0,0.0,0.0,0.0,0.0,
1791373236.290263,disarmed,0.0322679772863735,0.0029814875564304413,0.0,0.0,-0.08126060329150546,0.0,0.1291563573025948,0.0,0.0,0.0,False,0.0,0.0,0.0,0.0,0.1224791,0.1224791,0.0,0.0,0.0,0.0,0.0,0.0,
1791373236.300246,disarmed,0.0330150566590241,0.0029535830262766667,0.0,0.0,-0.08126060329150546,0.0,0.1291563573025948,0.0,0.0,0.0,False,0.0,0.0,0.0,0.0,0.1224791,0.1224791,0.0,0.0,0.0,0.0,0.0,0.0,
1791373236.310247,disarmed,0.03372286492545759,0.0029182266649970478,0.0,0.0,-0.08126060329150546,0.0,0.1291563573025948,0.0,0.0,0.0,False,0.0,0.0,0.0,0.0,0.1224791,0.1224791,0.0,0.0,0.0,0.0,0.0,0.0,
1791373236.32023,disarmed,0.03439657117668822,0.0028868235435092096,0.0,0.0,-0.08126060329150546,0.0,0.1291563573025948,0.0,0.0,0.0,False,0.0,0.0,0.0,0.0,0.1224791,0.1224791,0.0,0.0,0.0,0.0,0.0,0.0,
1791373236.3302348,disarmed,0.035089821688624574,0.0028594729064694052,0.0,0.0,-0.08126060329150546,0.0,0.1291563573025948,0.0,0.0,0.0,False,0.0,0.0,0.0,0.0,0.1224791,0.1224791,0.0,0.0,0.0,0.0,0.0,0.0,
1791373236.3402617,disarmed,0.035808702772412805,0.0027682855420575257,0.0,0.0,-0.08126060329150546,0.0,0.1291563573025948,0.0,0.0,0.0,False,0.0,0.0,0.0,0.0,0.1224791,0.1224791,0.0,0.0,0.0,0.0,0.0,0.0,
1791373236.350243,disarmed,0.036427148500960356,0.002730932810620294,0.0,0.0,-0.08126060329150546,0.0,0.1291563573025948,0.0,0.0,0.0,False,0.0,0.0,0.0,0.0,0.1224791,0.1224791,0.0,0.0,0.0,0.0,0.0,0.0,
1791373236.3602357,disarmed,0.03722866443056986,0.0025675447001317184,0.0,0.0,-0.08126060329150546,0.0,0.1291563573025948,0.0,0.0,0.0,False,0.0,0.0,0.0,0.0,0.1224791,0.1224791,0.0,0.0,0.0,0.0,0.0,0.0,
1791373236.3702633,disarmed,0.03791291246221304,0.0023803561116490317,0.0,0.0,-0.08126060329150546,0.0,0.1291563573025948,0.0,0.0,0.0,False,0.0,0.0,0.0,0.0,0.1224791,0.1224791,0.0,0.0,0.0,0.0,0.0,0.0,
1791373236.3802478,disarmed,0.03856346778479731,0.0021613578939779885,0.0,0.0,-0.08126060329150546,0.0,0.1291563573025948,0.0,0.0,0.0,False,0.0,0.0,0.0,0.0,0.1224791,0.1224791,0.0,0.0,0.0,0.0,0.0,0.0,
1791373236.3902478,disarmed,0.03910489542324478,0.0021328903153396642,0.0,0.0,-0.08126060329150546,0.0,0.1291563573025948,0.0,0.0,0.0,False,0.0,0.0,0.0,0.0,0.1224791,0.1224791,0.0,0.0,0.0,0.0,0.0,0.0,
1791373236.400228,disarmed,0.039658423812200076,0.0021176640939912688,0.0,0.0,-0.08126060329150546,0.0,0.1291563573025948,0.0,0.0,0.0,False,0.0,0.0,0.0,0.0,0.1224791,0.1224791,0.0,0.0,0.0,0.0,0.0,0.0,
1791373236.4102616,disarmed,0.04020478838140403,0.0021358948820999744,0.0,0.0,-0.08126060329150546,0.0,0.1291563573025948,0.0,0.0,0.0,False,0.0,0.0,0.0,0.0,0.1224791,0.1224791,0.0,0.0,0.0,0.0,0.0,0.0,
1791373236.420261,disarmed,0.04074353396663476,0.0022234266812976035,0.0,0.0,-0.08126060329150546,0.0,0.1291563573025948,0.0,0.0,0.0,False,0.0,0.0,0.0,0.0,0.1224791,0.1224791,0.0,0.0,0.0,0.0,0.0,0.0,
1791373236.4302459,disarmed,0.04126190195830837,0.002375967765203796,0.0,0.0,-0.08126060329150546,0.0,0.1291563573025948,0.0,0.0,0.0,False,0.0,0.0,0.0,0.0,0.1224791,0.1224791,0.0,0.0,0.0,0.0,0.0,0.0,
1791373236.4402595,disarmed,0.041904925681059045,0.0025534270155818718,0.0,0.0,-0.08126060329150546,0.0,0.1291563573025948,0.0,0.0,0.0,False,0.0,0.0,0.0,0.0,0.1224791,0.1224791,0.0,0.0,0.0,0.0,0.0,0.0,
1791373236.4502366,disarmed,0.04243842380195057,0.002763545630308049,0.0,0.0,-0.08126060329150546,0.0,0.1291563573025948,0.0,0.0,0.0,False,0.0,0.0,0.0,0.0,0.1224791,0.1224791,0.0,0.0,0.0,0.0,0.0,0.0,
1791373236.4602396,disarmed,0.042932540018441524,0.0028770689409618054,0.0,0.0,-0.08126060329150546,0.0,0.1291563573025948,0.0,0.0,0.0,False,0.0,0.0,0.0,0.0,0.1224791,0.1224791,0.0,0.0,0.0,0.0,0.0,0.0,
1791373236.470244,disarmed,0.043399650021089774,0.0029910198721371634,0.0,0.0,-0.08126060329150546,0.0,0.1291563573025948,0.0,0.0,0.0,False,0.0,0.0,0.0,0.0,0.1224791,0.1224791,0.0,0.0,0.0,0.0,0.0,0.0,
1791373236.4802368,disarmed,0.04392373507820668,0.0030122017867928305,0.0,0.0,-0.08126060329150546,0.0,0.1291563573025948,0.0,0.0,0.0,False,0.0,0.0,0.0,0.0,0.1224791,0.1224791,0.0,0.0,0.0,0.0,0.0,0.0,
1791373236.4902463,disarmed,0.04443923185255694,0.0029761739838201524,0.0,0.0,-0.08126060329150546,0.0,0.1291563573025948,0.0,0.0,0.0,False,0.0,0.0,0.0,0.0,0.1224791,0.1224791,0.0,0.0,0.0,0.0,0.0,0.0,
1791373236.5002437,disarmed,0.04496628420576655,0.0029128679372989272,0.0,0.0,-0.08126060329150546,0.0,0.1291563573025948,0.0,0.0,0.0,False,0.0,0.0,0.0,0.0,0.1224791,0.1224791,0.0,0.0,0.0,0.0,0.0,0.0,
1791373236.5102448,disarmed,0.04546392666000749,0.0028734891039770383,0.0,0.0,-0.08126060329150546,0.0,0.1291563573025948,0.0,0.0,0.0,False,0.0,0.0,0.0,0.0,0.1224791,0.1224791,0.0,0.0,0.0,0.0,0.0,0.0,
1791373236.5202332,disarmed,0.04591996783896928,0.0027853218452909916,0.0,0.0,-0.08126060329150546,0.0,0.1291563573025948,0.0,0.0,0.0,False,0.0,0.0,0.0,0.0,0.1224791,0.1224791,0.0,0.0,0.0,0.0,0.0,0.0,
1791373236.5302439,disarmed,0.04637073551979379,0.0026289669581294247,0.0,0.0,-0.08126060329150546,0.0,0.1291563573025948,0.0,0.0,0.0,False,0.0,0.0,0.0,0.0,0.1224791,0.1224791,0.0,0.0,0.0,0.0,0.0,0.0,
1791373236.5402858,disarmed,0.04674643292444818,0.0025279110996382064,0.0,0.0,-0.08126060329150546,0.0,0.1291563573025948,0.0,0.0,0.0,False,0.0,0.0,0.0,0.0,0.1224791,0.1224791,0.0,0.0,0.0,0.0,0.0,0.0,
1791373236.5502355,disarmed,0.047192720639614556,0.0024875377058876233,0.0,0.0,-0.08126060329150546,0.0,0.1291563573025948,0.0,0.0,0.0,False,0.0,0.0,0.0,0.0,0.1224791,0.1224791,0.0,0.0,0.0,0.0,0.0,0.0,
1791373236.5602512,disarmed,0.047678738201382874,0.002383962102202301,0.0,0.0,-0.08126060329150546,0.0,0.1291563573025948,0.0,0.0,0.0,False,0.0,0.0,0.0,0.0,0.1224791,0.1224791,0.0,0.0,0.0,0.0,0.0,0.0,
1791373236.5702372,disarmed,0.0481374339577679,0.002291673250632375,0.0,0.0,-0.08126060329150546,0.0,0.1291563573025948,0.0,0.0,0.0,False,0.0,0.0,0.0,0.0,0.1224791,0.1224791,0.0,0.0,0.0,0.0,0.0,0.0,
1791373236.5802426,disarmed,0.0486287436764653,0.002283782858941276,0.0,0.0,-0.08126060329150546,0.0,0.1291563573025948,0.0,0.0,0.0,False,0.0,0.0,0.0,0.0,0.1224791,0.1224791,0.0,0.0,0.0,0.0,0.0,0.0,
1791373236.5902975,disarmed,0.04909804270166774,0.002293388486395375,0.0,0.0,-0.08126060329150546,0.0,0.1291563573025948,0.0,0.0,0.0,False,0.0,0.0,0.0,0.0,0.1224791,0.1224791,0.0,0.0,0.0,0.0,0.0,0.0,
1791373236.6002367,disarmed,0.04962963886831179,0.0023277525291215554,0.0,0.0,-0.08126060329150546,0.0,0.1291563573025948,0.0,0.0,0.0,False,0.0,0.0,0.0,0.0,0.1224791,0.1224791,0.0,0.0,0.0,0.0,0.0,0.0,
1791373236.6102407,disarmed,0.05012441708696897,0.0023359520377406857,0.0,0.0,-0.08126060329150546,0.0,0.1291563573025948,0.0,0.0,0.0,False,0.0,0.0,0.0,0.0,0.1224791,0.1224791,0.0,0.0,0.0,0.0,0.0,0.0,
1791373236.6202378,disarmed,0.050732892623598834,0.0024247907209507705,0.0,0.0,-0.08126060329150546,0.0,0.1291563573025948,0.0,0.0,0.0,False,0.0,0.0,0.0,0.0,0.1224791,0.1224791,0.0,0.0,0.0,0.0,0.0,0.0,
1791373236.6302469,disarmed,0.05124343122076036,0.002516166174277096,0.0,0.0,-0.08126060329150546,0.0,0.1291563573025948,0.0,0.0,0.0,False,0.0,0.0,0.0,0.0,0.1224791,0.1224791,0.0,0.0,0.0,0.0,0.0,0.0,
1791373236.6402311,disarmed,0.051831440072821144,0.002647938752560976,0.0,0.0,-0.08126060329150546,0.0,0.1291563573025948,0.0,0.0,0.0,False,0.0,0.0,0.0,0.0,0.1224791,0.1224791,0.0,0.0,0.0,0.0,0.0,0.0,
1791373236.6502378,disarmed,0.05234450149467939,0.002747942158798909,0.0,0.0,-0.08126060329150546,0.0,0.1291563573025948,0.0,0.0,0.0,False,0.0,0.0,0.0,0.0,0.1224791,0.1224791,0.0,0.0,0.0,0.0,0.0,0.0,
1791373236.660248,disarmed,0.0528157612653705,0.0028141925807573394,0.0,0.0,-0.08126060329150546,0.0,0.1291563573025948,0.0,0.0,0.0,False,0.0,0.0,0.0,0.0,0.1224791,0.1224791,0.0,0.0,0.0,0.0,0.0,0.0,
1791373236.6702578,disarmed,0.053207462604388675,0.0027831020176852296,0.0,0.0,-0.08126060329150546,0.0,0.1291563573025948,0.0,0.0,0.0,False,0.0,0.0,0.0,0.0,0.1224791,0.1224791,0.0,0.0,0.0,0.0,0.0,0.0,
1791373236.6802616,disarmed,0.05359650351024306,0.0027929637962766816,0.0,0.0,-0.08126060329150546,0.0,0.1291563573025948,0.0,0.0,0.0,False,0.0,0.0,0.0,0.0,0.1224791,0.1224791,0.0,0.0,0.0,0.0,0.0,0.0,
1791373236.6902502,disarmed,0.05401405833237314,0.002887664840794192,0.0,0.0,-0.08126060329150546,0.0,0.1291563573025948,0.0,0.0,0.0,False,0.0,0.0,0.0,0.0,0.1224791,0.1224791,0.0,0.0,0.0,0.0,0.0,0.0,
1791373236.700249,disarmed,0.0544447242625233,0.002847141184039537,0.0,0.0,-0.08126060329150546,0.0,0.1291563573025948,0.0,0.0,0.0,False,0.0,0.0,0.0,0.0,0.1224791,0.1224791,0.0,0.0,0.0,0.0,0.0,0.0,
1791373236.710273,disarmed,0.05481061937757904,0.0027790074167098615,0.0,0.0,-0.08126060329150546,0.0,0.1291563573025948,0.0,0.0,0.0,False,0.0,0.0,0.0,0.0,0.1224791,0.1224791,0.0,0.0,0.0,0.0,0.0,0.0,
1791373236.7202568,disarmed,0.055243880232046856,0.0026713274201012444,0.0,0.0,-0.08126060329150546,0.0,0.1291563573025948,0.0,0.0,0.0,False,0.0,0.0,0.0,0.0,0.1224791,0.1224791,0.0,0.0,0.0,0.0,0.0,0.0,
1791373236.7302623,disarmed,0.05566134451114637,0.002615399353392295,0.0,0.0,-0.08126060329150546,0.0,0.1291563573025948,0.0,0.0,0.0,False,0.0,0.0,0.0,0.0,0.1224791,0.1224791,0.0,0.0,0.0,0.0,0.0,0.0,
1791373236.7402484,disarmed,0.056160315508886505,0.0022172792833853876,0.0,0.0,-0.08126060329150546,0.0,0.1291563573025948,0.0,0.0,0.0,False,0.0,0.0,0.0,0.0,0.1224791,0.1224791,0.0,0.0,0.0,0.0,0.0,0.0,
1791373236.750247,disarmed,0.05658876615036169,0.0019670082053612967,0.0,0.0,-0.08126060329150546,0.0,0.1291563573025948,0.0,0.0,0.0,False,0.0,0.0,0.0,0.0,0.1224791,0.1224791,0.0,0.0,0.0,0.0,0.0,0.0,
1791373236.7602584,disarmed,0.05703277865684803,0.0017603286769694501,0.0,0.0,-0.08126060329150546,0.0,0.1291563573025948,0.0,0.0,0.0,False,0.0,0.0,0.0,0.0,0.1224791,0.1224791,0.0,0.0,0.0,0.0,0.0,0.0,
1791373236.7702231,disarmed,0.05737579166255132,0.0016921705023868327,0.0,0.0,-0.08126060329150546,0.0,0.1291563573025948,0.0,0.0,0.0,False,0.0,0.0,0.0,0.0,0.1224791,0.1224791,0.0,0.0,0.0,0.0,0.0,0.0,
1791373236.7802362,disarmed,0.05770914039700955,0.001722428025346618,0.0,0.0,-0.08126060329150546,0.0,0.1291563573025948,0.0,0.0,0.0,False,0.0,0.0,0.0,0.0,0.1224791,0.1224791,0.0,0.0,0.0,0.0,0.0,0.0,
1791373236.790244,disarmed,0.05809523707939094,0.001809360860126317,0.0,0.0,-0.08126060329150546,0.0,0.1291563573025948,0.0,0.0,0.0,False,0.0,0.0,0.0,0.0,0.1224791,0.1224791,0.0,0.0,0.0,0.0,0.0,0.0,
1791373236.800241,disarmed,0.05851757365015195,0.001852117427675965,0.0,0.0,-0.08126060329150546,0.0,0.1291563573025948,0.0,0.0,0.0,False,0.0,0.0,0.0,0.0,0.1224791,0.1224791,0.0,0.0,0.0,0.0,0.0,0.0,
1791373236.8102458,disarmed,0.05888829902713194,0.0018769406105153838,0.0,0.0,-0.08126060329150546,0.0,0.1291563573025948,0.0,0.0,0.0,False,0.0,0.0,0.0,0.0,0.1224791,0.1224791,0.0,0.0,0.0,0.0,0.0,0.0,
1791373236.8202393,disarmed,0.05922955868759133,0.0019212606388911483,0.0,0.0,-0.08126060329150546,0.0,0.1291563573025948,0.0,0.0,0.0,False,0.0,0.0,0.0,0.0,0.1224791,0.1224791,0.0,0.0,0.0,0.0,0.0,0.0,
1791373236.8302438,disarmed,0.05941190448975186,0.002173619773499771,0.0,0.0,-0.08126060329150546,0.0,0.1291563573025948,0.0,0.0,0.0,False,0.0,0.0,0.0,0.0,0.1224791,0.1224791,0.0,0.0,0.0,0.0,0.0,0.0,
1791373236.840245,disarmed,0.059681061262835684,0.0023210535703716345,0.0,0.0,-0.08126060329150546,0.0,0.1291563573025948,0.0,0.0,0.0,False,0.0,0.0,0.0,0.0,0.1224791,0.1224791,0.0,0.0,0.0,0.0,0.0,0.0,
1791373236.8502395,disarmed,0.059970487068118174,0.002364448331188046,0.0,0.0,-0.08126060329150546,0.0,0.1291563573025948,0.0,0.0,0.0,False,0.0,0.0,0.0,0.0,0.1224791,0.1224791,0.0,0.0,0.0,0.0,0.0,0.0,
1791373236.8602607,disarmed,0.06040712228781796,0.0022875538405892517,0.0,0.0,-0.08126060329150546,0.0,0.1291563573025948,0.0,0.0,0.0,False,0.0,0.0,0.0,0.0,0.1224791,0.1224791,0.0,0.0,0.0,0.0,0.0,0.0,
1791373236.8702273,disarmed,0.0607899950172915,0.002158368273696932,0.0,0.0,-0.08126060329150546,0.0,0.1291563573025948,0.0,0.0,0.0,False,0.0,0.0,0.0,0.0,0.1224791,0.1224791,0.0,0.0,0.0,0.0,0.0,0.0,
1791373236.880246,disarmed,0.06113293064539129,0.0020380712696913706,0.0,0.0,-0.08126060329150546,0.0,0.1291563573025948,0.0,0.0,0.0,False,0.0,0.0,0.0,0.0,0.1224791,0.1224791,0.0,0.0,0.0,0.0,0.0,0.0,
1791373236.8902726,disarmed,0.06151189322087766,0.0019335670439715443,0.0,0.0,-0.08126060329150546,0.0,0.1291563573025948,0.0,0.0,0.0,False,0.0,0.0,0.0,0.0,0.1224791,0.1224791,0.0,0.0,0.0,0.0,0.0,0.0,
1791373236.9002244,disarmed,0.06191658929563965,0.0019412886435008214,0.0,0.0,-0.08126060329150546,0.0,0.1291563573025948,0.0,0.0,0.0,False,0.0,0.0,0.0,0.0,0.1224791,0.1224791,0.0,0.0,0.0,0.0,0.0,0.0,
1791373236.9102416,disarmed,0.06239537113151149,0.001938864478478969,0.0,0.0,-0.08126060329150546,0.0,0.1291563573025948,0.0,0.0,0.0,False,0.0,0.0,0.0,0.0,0.1224791,0.1224791,0.0,0.0,0.0,0.0,0.0,0.0,
1791373236.9202638,disarmed,0.06290885951074203,0.0019462425090441431,0.0,0.0,-0.08126060329150546,0.0,0.1291563573025948,0.0,0.0,0.0,False,0.0,0.0,0.0,0.0,0.1224791,0.1224791,0.0,0.0,0.0,0.0,0.0,0.0,
1791373236.930242,disarmed,0.06341210288503026,0.0019559590517233077,0.0,0.0,-0.08126060329150546,0.0,0.1291563573025948,0.0,0.0,0.0,False,0.0,0.0,0.0,0.0,0.1224791,0.1224791,0.0,0.0,0.0,0.0,0.0,0.0,
1791373236.9402564,disarmed,0.06385365210422958,0.0019835894607627626,0.0,0.0,-0.08126060329150546,0.0,0.1291563573025948,0.0,0.0,0.0,False,0.0,0.0,0.0,0.0,0.1224791,0.1224791,0.0,0.0,0.0,0.0,0.0,0.0,
1791373236.9502583,disarmed,0.06425288688351302,0.0020065019354553936,0.0,0.0,-0.08126060329150546,0.0,0.1291563573025948,0.0,0.0,0.0,False,0.0,0.0,0.0,0.0,0.1224791,0.1224791,0.0,0.0,0.0,0.0,0.0,0.0,
1791373236.9602456,disarmed,0.06485380215863591,0.0020191174872557613,0.0,0.0,-0.08126060329150546,0.0,0.1291563573025948,0.0,0.0,0.0,False,0.0,0.0,0.0,0.0,0.1224791,0.1224791,0.0,0.0,0.0,0.0,0.0,0.0,
1791373236.970269,disarmed,0.06543238317419799,0.0020911868965359705,0.0,0.0,-0.08126060329150546,0.0,0.1291563573025948,0.0,0.0,0.0,False,0.0,0.0,0.0,0.0,0.1224791,0.1224791,0.0,0.0,0.0,0.0,0.0,0.0,
1791373236.9802349,disarmed,0.06598400004595646,0.002108623291665357,0.0,0.0,-0.08126060329150546,0.0,0.1291563573025948,0.0,0.0,0.0,False,0.0,0.0,0.0,0.0,0.1224791,0.1224791,0.0,0.0,0.0,0.0,0.0,0.0,
1791373236.9902503,disarmed,0.06656781331939061,0.002102657116393306,0.0,0.0,-0.08126060329150546,0.0,0.1291563573025948,0.0,0.0,0.0,False,0.0,0.0,0.0,0.0,0.1224791,0.1224791,0.0,0.0,0.0,0.0,0.0,0.0,
1791373237.000224,disarmed,0.067107105408603,0.002110097327777547,0.0,0.0,-0.08126060329150546,0.0,0.1291563573025948,0.0,0.0,0.0,False,0.0,0.0,0.0,0.0,0.1224791,0.1224791,0.0,0.0,0.0,0.0,0.0,0.0,
1791373237.0102532,disarmed,0.06766628841890766,0.0020859060086638303,0.0,0.0,-0.08126060329150546,0.0,0.1291563573025948,0.0,0.0,0.0,False,0.0,0.0,0.0,0.0,0.1224791,0.1224791,0.0,0.0,0.0,0.0,0.0,0.0,
1791373237.0202577,disarmed,0.0683109050434071,0.0020835963115932816,0.0,0.0,-0.08126060329150546,0.0,0.1291563573025948,0.0,0.0,0.0,False,0.0,0.0,0.0,0.0,0.1224791,0.1224791,0.0,0.0,0.0,0.0,0.0,0.0,
1791373237.0302396,disarmed,0.06892107391300326,0.002061654662231842,0.0,0.0,-0.08126060329150546,0.0,0.1291563573025948,0.0,0.0,0.0,False,0.0,0.0,0.0,0.0,0.1224791,0.1224791,0.0,0.0,0.0,0.0,0.0,0.0,
1791373237.040237,disarmed,0.0695617936088967,0.0019355767294122492,0.0,0.0,-0.08126060329150546,0.0,0.1291563573025948,0.0,0.0,0.0,False,0.0,0.0,0.0,0.0,0.1224791,0.1224791,0.0,0.0,0.0,0.0,0.0,0.0,
1791373237.0502558,disarmed,0.07015794221740516,0.001912261809824889,0.0,0.0,-0.08126060329150546,0.0,0.1291563573025948,0.0,0.0,0.0,False,0.0,0.0,0.0,0.0,0.1224791,0.1224791,0.0,0.0,0.0,0.0,0.0,0.0,
1791373237.060253,disarmed,0.0707816583429612,0.001844926200442281,0.0,0.0,-0.08126060329150546,0.0,0.1291563573025948,0.0,0.0,0.0,False,0.0,0.0,0.0,0.0,0.1224791,0.1224791,0.0,0.0,0.0,0.0,0.0,0.0,
1791373237.070262,disarmed,0.07146603980125468,0.00190129364567912,0.0,0.0,-0.08126060329150546,0.0,0.1291563573025948,0.0,0.0,0.0,False,0.0,0.0,0.0,0.0,0.1224791,0.1224791,0.0,0.0,0.0,0.0,0.0,0.0,
1791373237.0802374,disarmed,0.07218089705385511,0.001941214805973624,0.0,0.0,-0.08126060329150546,0.0,0.1291563573025948,0.0,0.0,0.0,False,0.0,0.0,0.0,0.0,0.1224791,0.1224791,0.0,0.0,0.0,0.0,0.0,0.0,
1791373237.0902393,disarmed,0.0729560524587192,0.002021422968328299,0.0,0.0,-0.08126060329150546,0.0,0.1291563573025948,0.0,0.0,0.0,False,0.0,0.0,0.0,0.0,0.1224791,0.1224791,0.0,0.0,0.0,0.0,0.0,0.0,
1791373237.1002522,disarmed,0.07363219033985498,0.0020952696423665648,0.0,0.0,-0.08126060329150546,0.0,0.1291563573025948,0.0,0.0,0.0,False,0.0,0.0,0.0,0.0,0.1224791,0.1224791,0.0,0.0,0.0,0.0,0.0,0.0,
1791373237.110268,disarmed,0.07423086711203139,0.0020673051029917538,0.0,0.0,-0.08126060329150546,0.0,0.1291563573025948,0.0,0.0,0.0,False,0.0,0.0,0.0,0.0,0.1224791,0.1224791,0.0,0.0,0.0,0.0,0.0,0.0,
1791373237.1202545,disarmed,0.07493443842013303,0.002006319805781241,0.0,0.0,-0.08126060329150546,0.0,0.1291563573025948,0.0,0.0,0.0,False,0.0,0.0,0.0,0.0,0.1224791,0.1224791,0.0,0.0,0.0,0.0,0.0,0.0,
1791373237.1302538,disarmed,0.07568180033186439,0.001894153277353219,0.0,0.0,-0.08126060329150546,0.0,0.1291563573025948,0.0,0.0,0.0,False,0.0,0.0,0.0,0.0,0.1224791,0.1224791,0.0,0.0,0.0,0.0,0.0,0.0,
1791373237.140247,disarmed,0.07626791194398608,0.001811105858482931,0.0,0.0,-0.08126060329150546,0.0,0.1291563573025948,0.0,0.0,0.0,False,0.0,0.0,0.0,0.0,0.1224791,0.1224791,0.0,0.0,0.0,0.0,0.0,0.0,
1791373237.150241,disarmed,0.07672394370915307,0.0017599930214985248,0.0,0.0,-0.08126060329150546,0.0,0.1291563573025948,0.0,0.0,0.0,False,0.0,0.0,0.0,0.0,0.1224791,0.1224791,0.0,0.0,0.0,0.0,0.0,0.0,
1791373237.1602435,disarmed,0.0772468430906754,0.0016470906506942339,0.0,0.0,-0.08126060329150546,0.0,0.1291563573025948,0.0,0.0,0.0,False,0.0,0.0,0.0,0.0,0.1224791,0.1224791,0.0,0.0,0.0,0.0,0.0,0.0,
1791373237.1702242,disarmed,0.07774726498253008,0.0016536483391360157,0.0,0.0,-0.08126060329150546,0.0,0.1291563573025948,0.0,0.0,0.0,False,0.0,0.0,0.0,0.0,0.1224791,0.1224791,0.0,0.0,0.0,0.0,0.0,0.0,
1791373237.1802301,disarmed,0.07826214198065663,0.001710245561562035,0.0,0.0,-0.08126060329150546,0.0,0.1291563573025948,0.0,0.0,0.0,False,0.0,0.0,0.0,0.0,0.1224791,0.1224791,0.0,0.0,0.0,0.0,0.0,0.0,
1791373237.1902447,disarmed,0.07846978929889215,0.0016963082020075722,0.0,0.0,-0.08126060329150546,0.0,0.1291563573025948,0.0,0.0,0.0,False,0.0,0.0,0.0,0.0,0.1224791,0.1224791,0.0,0.0,0.0,0.0,0.0,0.0,
1791373237.200239,disarmed,0.07885384492504231,0.0016914795249672813,0.0,0.0,-0.08126060329150546,0.0,0.1291563573025948,0.0,0.0,0.0,False,0.0,0.0,0.0,0.0,0.1224791,0.1224791,0.0,0.0,0.0,0.0,0.0,0.0,
1791373237.2102602,disarmed,0.07896596974987354,0.001710089725014223,0.0,0.0,-0.08126060329150546,0.0,0.1291563573025948,0.0,0.0,0.0,False,0.0,0.0,0.0,0.0,0.1224791,0.1224791,0.0,0.0,0.0,0.0,0.0,0.0,
1791373237.2202346,disarmed,0.07917350453573878,0.0016888240311647169,0.0,0.0,-0.08126060329150546,0.0,0.1291563573025948,0.0,0.0,0.0,False,0.0,0.0,0.0,0.0,0.1224791,0.1224791,0.0,0.0,0.0,0.0,0.0,0.0,
1791373237.2302418,disarmed,0.07927625622101399,0.001726851372433462,0.0,0.0,-0.08126060329150546,0.0,0.1291563573025948,0.0,0.0,0.0,False,0.0,0.0,0.0,0.0,0.1224791,0.1224791,0.0,0.0,0.0,0.0,0.0,0.0,
1791373237.2402391,disarmed,0.07942345083421708,0.0017541241184715207,0.0,0.0,-0.08126060329150546,0.0,0.1291563573025948,0.0,0.0,0.0,False,0.0,0.0,0.0,0.0,0.1224791,0.1224791,0.0,0.0,0.0,0.0,0.0,0.0,
1791373237.2502413,disarmed,0.07943321364412194,0.0017859795173615237,0.0,0.0,-0.08126060329150546,0.0,0.1291563573025948,0.0,0.0,0.0,False,0.0,0.0,0.0,0.0,0.1224791,0.1224791,0.0,0.0,0.0,0.0,0.0,0.0,
1791373237.2602658,disarmed,0.07942502192196693,0.001839254549524073,0.0,0.0,-0.08126060329150546,0.0,0.1291563573025948,0.0,0.0,0.0,False,0.0,0.0,0.0,0.0,0.1224791,0.1224791,0.0,0.0,0.0,0.0,0.0,0.0,
1791373237.2702665,disarmed,0.07944436665113544,0.001910615292018977,0.0,0.0,-0.08126060329150546,0.0,0.1291563573025948,0.0,0.0,0.0,False,0.0,0.0,0.0,0.0,0.1224791,0.1224791,0.0,0.0,0.0,0.0,0.0,0.0,
1791373237.2802546,disarmed,0.07936140644803102,0.001988106724291211,0.0,0.0,-0.08126060329150546,0.0,0.1291563573025948,0.0,0.0,0.0,False,0.0,0.0,0.0,0.0,0.1224791,0.1224791,0.0,0.0,0.0,0.0,0.0,0.0,
1791373237.2902584,disarmed,0.0792382802098194,0.0020754508279608296,0.0,0.0,-0.08126060329150546,0.0,0.1291563573025948,0.0,0.0,0.0,False,0.0,0.0,0.0,0.0,0.1224791,0.1224791,0.0,0.0,0.0,0.0,0.0,0.0,
1791373237.3002415,disarmed,0.07898901830343191,0.0021001712455371167,0.0,0.0,-0.08126060329150546,0.0,0.1291563573025948,0.0,0.0,0.0,False,0.0,0.0,0.0,0.0,0.1224791,0.1224791,0.0,0.0,0.0,0.0,0.0,0.0,
1791373237.310249,disarmed,0.07865244312420798,0.002080734752094172,0.0,0.0,-0.08126060329150546,0.0,0.1291563573025948,0.0,0.0,0.0,False,0.0,0.0,0.0,0.0,0.1224791,0.1224791,0.0,0.0,0.0,0.0,0.0,0.0,
1791373237.320231,disarmed,0.0782804004146835,0.0020318238774333966,0.0,0.0,-0.08126060329150546,0.0,0.1291563573025948,0.0,0.0,0.0,False,0.0,0.0,0.0,0.0,0.1224791,0.1224791,0.0,0.0,0.0,0.0,0.0,0.0,
1791373237.3302803,disarmed,0.07800339757412571,0.0019503133952085674,0.0,0.0,-0.08126060329150546,0.0,0.1291563573025948,0.0,0.0,0.0,False,0.0,0.0,0.0,0.0,0.1224791,0.1224791,0.0,0.0,0.0,0.0,0.0,0.0,
1791373237.3402724,disarmed,0.07762404913077982,0.0018482910398853066,0.0,0.0,-0.08126060329150546,0.0,0.1291563573025948,0.0,0.0,0.0,False,0.0,0.0,0.0,0.0,0.1224791,0.1224791,0.0,0.0,0.0,0.0,0.0,0.0,
1791373237.3502426,disarmed,0.07724727572406224,0.0016964365938133632,0.0,0.0,-0.08126060329150546,0.0,0.1291563573025948,0.0,0.0,0.0,False,0.0,0.0,0.0,0.0,0.1224791,0.1224791,0.0,0.0,0.0,0.0,0.0,0.0,
1791373237.3602378,disarmed,0.0768130579415453,0.0016483437732230071,0.0,0.0,-0.08126060329150546,0.0,0.1291563573025948,0.0,0.0,0.0,False,0.0,0.0,0.0,0.0,0.1224791,0.1224791,0.0,0.0,0.0,0.0,0.0,0.0,
1791373237.37026,disarmed,0.076329188738873,0.0016343810590767934,0.0,0.0,-0.08126060329150546,0.0,0.1291563573025948,0.0,0.0,0.0,False,0.0,0.0,0.0,0.0,0.1224791,0.1224791,0.0,0.0,0.0,0.0,0.0,0.0,
1791373237.3802443,disarmed,0.07585626692443358,0.001688335298559285,0.0,0.0,-0.08126060329150546,0.0,0.1291563573025948,0.0,0.0,0.0,False,0.0,0.0,0.0,0.0,0.1224791,0.1224791,0.0,0.0,0.0,0.0,0.0,0.0,
1791373237.3902838,disarmed,0.07540354651725566,0.001730041642823631,0.0,0.0,-0.08126060329150546,0.0,0.1291563573025948,0.0,0.0,0.0,False,0.0,0.0,0.0,0.0,0.1224791,0.1224791,0.0,0.0,0.0,0.0,0.0,0.0,
1791373237.400238,disarmed,0.07488928274872705,0.0017595979218941044,0.0,0.0,-0.08126060329150546,0.0,0.1291563573025948,0.0,0.0,0.0,False,0.0,0.0,0.0,0.0,0.1224791,0.1224791,0.0,0.0,0.0,0.0,0.0,0.0,
1791373237.4102411,disarmed,0.07438569060260494,0.0017694872752678482,0.0,0.0,-0.08126060329150546,0.0,0.1291563573025948,0.0,0.0,0.0,False,0.0,0.0,0.0,0.0,0.1224791,0.1224791,0.0,0.0,0.0,0.0,0.0,0.0,
1791373237.420248,disarmed,0.0737589141850559,0.0018077206609965733,0.0,0.0,-0.08126060329150546,0.0,0.1291563573025948,0.0,0.0,0.0,False,0.0,0.0,0.0,0.0,0.1224791,0.1224791,0.0,0.0,0.0,0.0,0.0,0.0,
1791373237.4302325,disarmed,0.07313378453381625,0.001809635472580259,0.0,0.0,-0.08126060329150546,0.0,0.1291563573025948,0.0,0.0,0.0,False,0.0,0.0,0.0,0.0,0.1224791,0.1224791,0.0,0.0,0.0,0.0,0.0,0.0,
1791373237.4402773,disarmed,0.07247147118787181,0.00181822157771231,0.0,0.0,-0.08126060329150546,0.0,0.1291563573025948,0.0,0.0,0.0,False,0.0,0.0,0.0,0.0,0.1224791,0.1224791,0.0,0.0,0.0,0.0,0.0,0.0,
1791373237.450235,disarmed,0.07191898894395748,0.0017859286747480489,0.0,0.0,-0.08126060329150546,0.0,0.1291563573025948,0.0,0.0,0.0,False,0.0,0.0,0.0,0.0,0.1224791,0.1224791,0.0,0.0,0.0,0.0,0.0,0.0,
1791373237.4602013,disarmed,0.07128128535653151,0.0017872050305511528,0.0,0.0,-0.08126060329150546,0.0,0.1291563573025948,0.0,0.0,0.0,False,0.0,0.0,0.0,0.0,0.1224791,0.1224791,0.0,0.0,0.0,0.0,0.0,0.0,
1791373237.470242,disarmed,0.07066206335985008,0.0017333765384372863,0.0,0.0,-0.08126060329150546,0.0,0.1291563573025948,0.0,0.0,0.0,False,0.0,0.0,0.0,0.0,0.1224791,0.1224791,0.0,0.0,0.0,0.0,0.0,0.0,
1791373237.480243,disarmed,0.07006376620418175,0.001714536099513603,0.0,0.0,-0.08126060329150546,0.0,0.1291563573025948,0.0,0.0,0.0,False,0.0,0.0,0.0,0.0,0.1224791,0.1224791,0.0,0.0,0.0,0.0,0.0,0.0,
1791373237.4902527,disarmed,0.06942522569537686,0.001678322128241474,0.0,0.0,-0.08126060329150546,0.0,0.1291563573025948,0.0,0.0,0.0,False,0.0,0.0,0.0,0.0,0.1224791,0.1224791,0.0,0.0,0.0,0.0,0.0,0.0,
1791373237.5002446,disarmed,0.06893669172919971,0.0016736483931789423,0.0,0.0,-0.08126060329150546,0.0,0.1291563573025948,0.0,0.0,0.0,False,0.0,0.0,0.0,0.0,0.1224791,0.1224791,0.0,0.0,0.0,0.0,0.0,0.0,
1791373237.5102348,disarmed,0.06846762835296809,0.0015572007251838742,0.0,0.0,-0.08126060329150546,0.0,0.1291563573025948,0.0,0.0,0.0,False,0.0,0.0,0.0,0.0,0.1224791,0.1224791,0.0,0.0,0.0,0.0,0.0,0.0,
1791373237.5202494,disarmed,0.06801345319662215,0.0013738757392224167,0.0,0.0,-0.08126060329150546,0.0,0.1291563573025948,0.0,0.0,0.0,False,0.0,0.0,0.0,0.0,0.1224791,0.1224791,0.0,0.0,0.0,0.0,0.0,0.0,
1791373237.5302446,disarmed,0.06759435833025158,0.0012607002427877303,0.0,0.0,-0.08126060329150546,0.0,0.1291563573025948,0.0,0.0,0.0,False,0.0,0.0,0.0,0.0,0.1224791,0.1224791,0.0,0.0,0.0,0.0,0.0,0.0,
1791373237.5402622,disarmed,0.06717375461068925,0.0012695754120283917,0.0,0.0,-0.08126060329150546,0.0,0.1291563573025948,0.0,0.0,0.0,False,0.0,0.0,0.0,0.0,0.1224791,0.1224791,0.0,0.0,0.0,0.0,0.0,0.0,
1791373237.550271,disarmed,0.06686784414490764,0.0013076332942375838,0.0,0.0,-0.08126060329150546,0.0,0.1291563573025948,0.0,0.0,0.0,False,0.0,0.0,0.0,0.0,0.1224791,0.1224791,0.0,0.0,0.0,0.0,0.0,0.0,
1791373237.560233,disarmed,0.06653428157333861,0.001389654935316411,0.0,0.0,-0.08126060329150546,0.0,0.1291563573025948,0.0,0.0,0.0,False,0.0,0.0,0.0,0.0,0.1224791,0.1224791,0.0,0.0,0.0,0.0,0.0,0.0,
1791373237.5702496,disarmed,0.06623032297559213,0.0014748591458202205,0.0,0.0,-0.08126060329150546,0.0,0.1291563573025948,0.0,0.0,0.0,False,0.0,0.0,0.0,0.0,0.1224791,0.1224791,0.0,0.0,0.0,0.0,0.0,0.0,
1791373237.5802553,disarmed,0.06586237872041646,0.0016789351863965162,0.0,0.0,-0.08126060329150546,0.0,0.1291563573025948,0.0,0.0,0.0,False,0.0,0.0,0.0,0.0,0.1224791,0.1224791,0.0,0.0,0.0,0.0,0.0,0.0,
1791373237.5902712,disarmed,0.06551585351609115,0.0018772303669722596,0.0,0.0,-0.08126060329150546,0.0,0.1291563573025948,0.0,0.0,0.0,False,0.0,0.0,0.0,0.0,0.1224791,0.1224791,0.0,0.0,0.0,0.0,0.0,0.0,
1791373237.6002398,disarmed,0.06510086657713214,0.0018439234338217688,0.0,0.0,-0.08126060329150546,0.0,0.1291563573025948,0.0,0.0,0.0,False,0.0,0.0,0.0,0.0,0.1224791,0.1224791,0.0,0.0,0.0,0.0,0.0,0.0,
1791373237.610276,disarmed,0.06463347872659213,0.001839593858473825,0.0,0.0,-0.08126060329150546,0.0,0.1291563573025948,0.0,0.0,0.0,False,0.0,0.0,0.0,0.0,0.1224791,0.1224791,0.0,0.0,0.0,0.0,0.0,0.0,
1791373237.6202664,disarmed,0.06423961959749994,0.0018456343587401904,0.0,0.0,-0.08126060329150546,0.0,0.1291563573025948,0.0,0.0,0.0,False,0.0,0.0,0.0,0.0,0.1224791,0.1224791,0.0,0.0,0.0,0.0,0.0,0.0,
1791373237.630245,disarmed,0.06382004734355354,0.0018831893146595605,0.0,0.0,-0.08126060329150546,0.0,0.1291563573025948,0.0,0.0,0.0,False,0.0,0.0,0.0,0.0,0.1224791,0.1224791,0.0,0.0,0.0,0.0,0.0,0.0,
1791373237.640259,disarmed,0.06333314061737323,0.0019087191243568134,0.0,0.0,-0.08126060329150546,0.0,0.1291563573025948,0.0,0.0,0.0,False,0.0,0.0,0.0,0.0,0.1224791,0.1224791,0.0,0.0,0.0,0.0,0.0,0.0,
1791373237.6502454,disarmed,0.0628755397636934,0.0018812874943136238,0.0,0.0,-0.08126060329150546,0.0,0.1291563573025948,0.0,0.0,0.0,False,0.0,0.0,0.0,0.0,0.1224791,0.1224791,0.0,0.0,0.0,0.0,0.0,0.0,
1791373237.6602364,disarmed,0.0623650136634589,0.0017750147332354937,0.0,0.0,-0.08126060329150546,0.0,0.1291563573025948,0.0,0.0,0.0,False,0.0,0.0,0.0,0.0,0.1224791,0.1224791,0.0,0.0,0.0,0.0,0.0,0.0,
1791373237.6704314,disarmed,0.06180626796739099,0.0016421318457892078,0.0,0.0,-0.08126060329150546,0.0,0.1291563573025948,0.0,0.0,0.0,False,0.0,0.0,0.0,0.0,0.1224791,0.1224791,0.0,0.0,0.0,0.0,0.0,0.0,
1791373237.6802666,disarmed,0.0612335490626757,0.0015374030681252614,0.0,0.0,-0.08126060329150546,0.0,0.1291563573025948,0.0,0.0,0.0,False,0.0,0.0,0.0,0.0,0.1224791,0.1224791,0.0,0.0,0.0,0.0,0.0,0.0,
1791373237.6902833,disarmed,0.06075178124898091,0.0015174434570548708,0.0,0.0,-0.08126060329150546,0.0,0.1291563573025948,0.0,0.0,0.0,False,0.0,0.0,0.0,0.0,0.1224791,0.1224791,0.0,0.0,0.0,0.0,0.0,0.0,
1791373237.7003036,disarmed,0.06027938674173931,0.0014781856450867136,0.0,0.0,-0.08126060329150546,0.0,0.1291563573025948,0.0,0.0,0.0,False,0.0,0.0,0.0,0.0,0.1224791,0.1224791,0.0,0.0,0.0,0.0,0.0,0.0,
1791373237.7102444,disarmed,0.05974379133916237,0.0014632577849640288,0.0,0.0,-0.08126060329150546,0.0,0.1291563573025948,0.0,0.0,0.0,False,0.0,0.0,0.0,0.0,0.1224791,0.1224791,0.0,0.0,0.0,0.0,0.0,0.0,
1791373237.7202384,disarmed,0.05913985814699175,0.0014881641703054186,0.0,0.0,-0.08126060329150546,0.0,0.1291563573025948,0.0,0.0,0.0,False,0.0,0.0,0.0,0.0,0.1224791,0.1224791,0.0,0.0,0.0,0.0,0.0,0.0,
1791373237.7302446,disarmed,0.05852253817285539,0.001438339332469909,0.0,0.0,-0.08126060329150546,0.0,0.1291563573025948,0.0,0.0,0.0,False,0.0,0.0,0.0,0.0,0.1224791,0.1224791,0.0,0.0,0.0,0.0,0.0,0.0,
1791373237.7402537,disarmed,0.05797864371313494,0.0014795575841408685,0.0,0.0,-0.08126060329150546,0.0,0.1291563573025948,0.0,0.0,0.0,False,0.0,0.0,0.0,0.0,0.1224791,0.1224791,0.0,0.0,0.0,0.0,0.0,0.0,
1791373237.75023,disarmed,0.05748061489316418,0.0015089575279344256,0.0,0.0,-0.08126060329150546,0.0,0.1291563573025948,0.0,0.0,0.0,False,0.0,0.0,0.0,0.0,0.1224791,0.1224791,0.0,0.0,0.0,0.0,0.0,0.0,
1791373237.760238,disarmed,0.056945762313956594,0.0016217078339697787,0.0,0.0,-0.08126060329150546,0.0,0.1291563573025948,0.0,0.0,0.0,False,0.0,0.0,0.0,0.0,0.1224791,0.1224791,0.0,0.0,0.0,0.0,0.0,0.0,
1791373237.7702367,disarmed,0.056354561362721635,0.0018752830229896273,0.0,0.0,-0.08126060329150546,0.0,0.1291563573025948,0.0,0.0,0.0,False,0.0,0.0,0.0,0.0,0.1224791,0.1224791,0.0,0.0,0.0,0.0,0.0,0.0,
1791373237.7802367,disarmed,0.055708330108949655,0.0020010375642708104,0.0,0.0,-0.08126060329150546,0.0,0.1291563573025948,0.0,0.0,0.0,False,0.0,0.0,0.0,0.0,0.1224791,0.1224791,0.0,0.0,0.0,0.0,0.0,0.0,
1791373237.7902865,disarmed,0.054981219837118955,0.0020730177912828057,0.0,0.0,-0.08126060329150546,0.0,0.1291563573025948,0.0,0.0,0.0,False,0.0,0.0,0.0,0.0,0.1224791,0.1224791,0.0,0.0,0.0,0.0,0.0,0.0,
1791373237.8002264,disarmed,0.05437094984191001,0.002102978661574582,0.0,0.0,-0.08126060329150546,0.0,0.1291563573025948,0.0,0.0,0.0,False,0.0,0.0,0.0,0.0,0.1224791,0.1224791,0.0,0.0,0.0,0.0,0.0,0.0,
1791373237.8102624,disarmed,0.05380103017317279,0.002177712904125606,0.0,0.0,-0.08126060329150546,0.0,0.1291563573025948,0.0,0.0,0.0,False,0.0,0.0,0.0,0.0,0.1224791,0.1224791,0.0,0.0,0.0,0.0,0.0,0.0,
1791373237.8202405,disarmed,0.053188079552116206,0.0021725503386751718,0.0,0.0,-0.08126060329150546,0.0,0.1291563573025948,0.0,0.0,0.0,False,0.0,0.0,0.0,0.0,0.1224791,0.1224791,0.0,0.0,0.0,0.0,0.0,0.0,
1791373237.8302557,disarmed,0.052373767794990166,0.0020284716921463723,0.0,0.0,-0.08126060329150546,0.0,0.1291563573025948,0.0,0.0,0.0,False,0.0,0.0,0.0,0.0,0.1224791,0.1224791,0.0,0.0,0.0,0.0,0.0,0.0,
1791373237.8402522,disarmed,0.051505896165704945,0.0020300592538979173,0.0,0.0,-0.08126060329150546,0.0,0.1291563573025948,0.0,0.0,0.0,False,0.0,0.0,0.0,0.0,0.1224791,0.1224791,0.0,0.0,0.0,0.0,0.0,0.0,
1791373237.8502402,stand,0.05090654892686308,0.00204422542198686,0.0,0.0,-0.08126060329150546,0.0,0.1291563573025948,0.0,0.0,0.0,False,0.0,0.0,0.0,0.0,0.1224791,0.1224791,0.0,0.0,0.0,0.0,0.0,-0.0,
1791373237.8602362,stand,0.05058354486445262,0.002028414955235686,0.0,0.0,-0.08126060329150546,0.0,0.1291563573025948,0.0,0.0,0.0,False,0.0,0.0,0.0,0.0,0.1224791,0.1224791,0.79,-1.1400000000000001,0.0,0.0,0.0,-0.0,
1791373237.870231,stand,0.05251451297090302,0.0021060167639235334,0.0,0.0,-0.08126060329150546,0.0,0.1291563573025948,0.0,0.0,0.0,False,0.0,0.0,0.0,0.0,0.1224791,0.1224791,1.29,-1.1,0.0,0.0,0.0,-0.0,
1791373237.880241,stand,0.05157157366543918,0.002029632476913716,0.0,0.0,-0.08126060329150546,0.0,0.1291563573025948,0.0,0.0,0.0,False,0.0,0.0,0.0,0.0,0.1224791,0.1224791,1.48,-1.85,0.0,0.0,0.0,-0.0,
1791373237.8902571,stand,0.05120101172344117,0.0019370944547281326,0.0,0.0,-0.08126060329150546,0.0,0.1291563573025948,0.0,0.0,0.0,False,0.0,0.0,0.0,0.0,0.1224791,0.1224791,1.6400000000000001,-1.8900000000000001,0.0,0.0,0.0,-0.0,
1791373237.9002466,stand,0.050614776381123924,0.0020405849852315416,0.0,0.0,-0.08126060329150546,0.0,0.1291563573025948,0.0,0.0,0.0,False,0.0,0.0,0.0,0.0,0.1224791,0.1224791,1.79,-1.95,0.0,0.0,0.0,-0.0,
1791373237.9102592,stand,0.05046060114861182,0.002525962910360026,0.0,0.0,-0.08126060329150546,0.0,0.1291563573025948,0.0,0.0,0.0,False,0.0,0.0,0.0,0.0,0.1224791,0.1224791,2.0100000000000002,-2.23,0.0,0.0,0.0,-0.0,
1791373237.9202514,stand,0.05051455641218846,0.0027791105434860916,0.0,0.0,-0.08126060329150546,0.0,0.1291563573025948,0.0,0.0,0.0,False,0.0,0.0,0.0,0.0,0.1224791,0.1224791,2.2600000000000002,-2.3000000000000003,0.0,0.0,0.0,-0.0,
1791373237.9302692,stand,0.050659886125503005,0.002741270143027712,0.0,0.0,-0.08126060329150546,0.0,0.1291563573025948,0.0,0.0,0.0,False,0.0,0.0,0.0,0.0,0.1224791,0.1224791,2.41,-2.52,0.0,0.0,0.0,-0.0,
1791373237.9402626,stand,0.05093776762311851,0.0026681520208806913,0.0,0.0,-0.08126060329150546,0.0,0.1291563573025948,0.0,0.0,0.0,False,0.0,0.0,0.0,0.0,0.1224791,0.1224791,2.54,-2.58,0.0,0.0,0.0,-0.0,
1791373237.950261,stand,0.050808852967979816,0.00277738439294885,0.0,0.0,-0.08126060329150546,0.0,0.1291563573025948,0.0,0.0,0.0,False,0.0,0.0,0.0,0.0,0.1224791,0.1224791,2.69,-2.62,0.0,0.0,0.0,-0.0,
1791373237.9602556,stand,0.05059302415968898,0.0026652159020675286,0.0,0.0,-0.08126060329150546,0.0,0.1291563573025948,0.0,0.0,0.0,False,0.0,0.0,0.0,0.0,0.1224791,0.1224791,2.8000000000000003,-2.77,0.0,0.0,0.0,-0.0,
1791373237.9702578,stand,0.05023717520217535,0.002250703334461354,0.0,0.0,-0.08126060329150546,0.0,0.1291563573025948,0.0,0.0,0.0,False,0.0,0.0,0.0,0.0,0.1224791,0.1224791,2.83,-2.97,0.0,0.0,0.0,-0.0,
1791373237.9802587,stand,0.05004269495405424,0.002046246132745384,0.0,0.0,-0.08126060329150546,0.0,0.1291563573025948,0.0,0.0,0.0,False,0.0,0.0,0.0,0.0,0.1224791,0.1224791,2.88,-2.88,0.0,0.0,0.0,-0.0,
1791373237.990257,stand,0.049772360875077463,0.0020576070076731142,0.0,0.0,-0.08126060329150546,0.0,0.1291563573025948,0.0,0.0,0.0,False,0.0,0.0,0.0,0.0,0.1224791,0.1224791,2.94,-2.92,0.0,0.0,0.0,-0.0,
1791373238.0002577,stand,0.04952758904875793,0.001934198069586095,0.0,0.0,-0.08126060329150546,0.0,0.1291563573025948,0.0,0.0,0.0,False,0.0,0.0,0.0,0.0,0.1224791,0.1224791,2.94,-2.98,0.0,0.0,0.0,-0.0,
1791373238.0102606,stand,0.04922104665476856,0.001443325666785927,0.0,0.0,-0.08126060329150546,0.0,0.1291563573025948,0.0,0.0,0.0,False,0.0,0.0,0.0,0.0,0.1224791,0.1224791,2.89,-2.94,0.0,0.0,0.0,-0.0,
1791373238.020256,stand,0.04870332037095192,0.0007631567825642425,0.0,0.0,-0.08126060329150546,0.0,0.1291563573025948,0.0,0.0,0.0,False,0.0,0.0,0.0,0.0,0.1224791,0.1224791,2.74,-3.09,0.0,0.0,0.0,-0.0,
1791373238.0302439,stand,0.04817488749932425,0.00031159703942981655,0.0,0.0,-0.08126060329150546,0.0,0.1291563573025948,0.0,0.0,0.0,False,0.0,0.0,0.0,0.0,0.1224791,0.1224791,2.71,-2.95,0.0,0.0,0.0,-0.0,
1791373238.0402727,stand,0.04775947594527017,-5.893126987578972e-06,0.0,0.0,-0.08126060329150546,0.0,0.1291563573025948,0.0,0.0,0.0,False,0.0,0.0,0.0,0.0,0.1224791,0.1224791,2.56,-2.9,0.0,0.0,0.0,-0.0,
1791373238.050272,stand,0.04762740018670765,-0.000533888295959698,0.0,0.0,-0.08126060329150546,0.0,0.1291563573025948,0.0,0.0,0.0,False,0.0,0.0,0.0,0.0,0.1224791,0.1224791,2.41,-2.88,0.0,0.0,0.0,-0.0,
1791373238.0602415,stand,0.04739027533284307,-0.0014265995231016791,0.0,0.0,-0.08126060329150546,0.0,0.1291563573025948,0.0,0.0,0.0,False,0.0,0.0,0.0,0.0,0.1224791,0.1224791,2.37,-2.84,0.0,0.0,0.0,-0.0,
1791373238.0702481,stand,0.04720776587249612,-0.0022921470203775382,0.0,0.0,-0.08126060329150546,0.0,0.1291563573025948,0.0,0.0,0.0,False,0.0,0.0,0.0,0.0,0.1224791,0.1224791,2.25,-2.8000000000000003,0.0,0.0,0.0,-0.0,
1791373238.0802562,stand,0.04697265474466931,-0.0027086552323972984,0.0,0.0,-0.08126060329150546,0.0,0.1291563573025948,0.0,0.0,0.0,False,0.0,0.0,0.0,0.0,0.1224791,0.1224791,2.17,-2.74,0.0,0.0,0.0,-0.0,
1791373238.0902686,stand,0.04695170924733035,-0.0029804475357932043,0.0,0.0,-0.08126060329150546,0.0,0.1291563573025948,0.0,0.0,0.0,False,0.0,0.0,0.0,0.0,0.1224791,0.1224791,2.2,-2.75,0.0,0.0,0.0,-0.0,
1791373238.1002567,stand,0.047010293535703,-0.0036116811342271154,0.0,0.0,-0.08126060329150546,0.0,0.1291563573025948,0.0,0.0,0.0,False,0.0,0.0,0.0,0.0,0.1224791,0.1224791,2.07,-2.73,0.0,0.0,0.0,-0.0,
1791373238.1102655,stand,0.04723002094382492,-0.004325693041139483,0.0,0.0,-0.08126060329150546,0.0,0.1291563573025948,0.0,0.0,0.0,False,0.0,0.0,0.0,0.0,0.1224791,0.1224791,2.11,-2.79,0.0,0.0,0.0,-0.0,
1791373238.1202528,stand,0.04770324018357418,-0.004515665074012217,0.0,0.0,-0.08126060329150546,0.0,0.1291563573025948,0.0,0.0,0.0,False,0.0,0.0,0.0,0.0,0.1224791,0.1224791,2.14,-2.7800000000000002,0.0,0.0,0.0,-0.0,
1791373238.1302595,stand,0.04808498361813724,-0.0044574327253716515,0.0,0.0,-0.0812566403806684,0.0,0.1291578237069714,0.0,0.0,0.0,False,0.0,0.0,0.0,0.0,0.1224791,0.1224791,2.18,-2.95,0.0,0.0,0.0,-0.0,
1791373238.1402552,stand,0.04849667343877275,-0.0047776741715502,0.0,0.0,-0.08106078416416863,0.0,0.12923034084429474,0.0,0.0,0.0,False,0.0,0.0,0.0,0.0,0.1224791,0.12263925733028717,2.2600000000000002,-2.89,0.0,0.0,0.0,-0.0,
1791373238.1502542,stand,0.04899722181086057,-0.005318166008740829,0.0,0.0,-0.08086117724443603,0.0,0.12930433564534963,0.0,0.0,0.0,False,0.0,0.0,0.0,0.0,0.1224791,0.12283693950922583,2.29,-2.97,0.0,0.0,0.0,-0.0,
1791373238.1602542,stand,0.04975223143462147,-0.0053547875575651075,0.0,0.0,-0.08008083874900467,0.0,0.1295944737519406,0.0,0.0,0.0,False,0.0,0.0,0.0,0.0,0.12283695615083516,0.12323273385502426,2.34,-2.99,0.0,0.0,0.0,-0.0,
1791373238.1702447,stand,0.050463340341713035,-0.0049234081212193755,0.0,0.0,-0.07969203931688007,0.0,0.12973957648879123,0.0,0.0,0.0,False,0.0,0.0,0.0,0.0,0.1230347425509885,0.12343074182809585,2.46,-2.96,0.0,0.0,0.0,-0.0,
1791373238.1802483,stand,0.05100990658332018,-0.00462353394436792,0.0,0.0,-0.07911645147627971,0.0,0.12995767913861744,0.0,0.0,0.0,False,0.0,0.0,0.0,0.0,0.12323275052406013,0.12382733714926288,2.5300000000000002,-2.94,0.0,0.0,0.0,-0.0,
1791373238.1902852,stand,0.05136420475276647,-0.004619158993921794,0.0,0.0,-0.07854285353453021,0.0,0.13017582889799992,0.0,0.0,0.0,False,0.0,0.0,0.0,0.0,0.12362902918889938,0.12402577230341232,2.46,-3.06,0.0,0.0,0.0,-0.0,
1791373238.2002404,stand,0.051802869859524106,-0.004599984730113752,0.0,0.0,-0.07797420362248444,0.0,0.13039423311848036,0.0,0.0,0.0,False,0.0,0.0,0.0,0.0,0.12382735384495829,0.12442307323335965,2.56,-3.08,0.0,0.0,0.0,-0.0,
1791373238.2102706,stand,0.05243408707888558,-0.004141515017279289,0.0,0.0,-0.0772248138730086,0.0,0.1306862139529339,0.0,0.0,0.0,False,0.0,0.0,0.0,0.0,0.12422443949150917,0.12482088539403735,2.58,-3.02,0.0,0.0,0.0,-0.0,
1791373238.2202451,stand,0.053077159166273334,-0.0033403870734057192,0.0,0.0,-0.07666650803659673,0.0,0.1309054347227114,0.0,0.0,0.0,False,0.0,0.0,0.0,0.0,0.12442308995648284,0.12521918197616164,2.65,-2.86,0.0,0.0,0.0,-0.0,
1791373238.2302563,stand,0.05360951620732512,-0.0028580354258896743,0.0,0.0,-0.075931489899804,0.0,0.13119835805984859,0.0,0.0,0.0,False,0.0,0.0,0.0,0.0,0.12482090214043844,0.12561792763017587,2.62,-3.02,0.0,0.0,0.0,-0.0,
1791373238.240236,stand,0.0541126513400628,-0.0028298898921230884,0.0,0.0,-0.07520226067326928,0.0,0.1314914443633326,0.0,0.0,0.0,False,0.0,0.0,0.0,0.0,0.1252191987499917,0.12601707899589162,2.58,-2.97,0.0,0.0,0.0,-0.0,
1791373238.250238,stand,0.05468940474161667,-0.002657635788832281,0.0,0.0,-0.07465885149015969,0.0,0.1317113571874485,0.0,0.0,0.0,False,0.0,0.0,0.0,0.0,0.12541845155112358,0.12641662864749625,2.68,-2.89,0.0,0.0,0.0,-0.0,
1791373238.2602315,stand,0.055422442418675145,-0.0019323855237100374,0.0,0.0,-0.07394539105405025,0.0,0.13200509426381574,0.0,0.0,0.0,False,0.0,0.0,0.0,0.0,0.12581747372794203,0.12681670017387825,2.67,-2.88,0.0,0.0,0.0,-0.0,
1791373238.270244,stand,0.05616629355575065,-0.0013409483800958185,0.0,0.0,-0.07341362328495213,0.0,0.13222552631519044,0.0,0.0,0.0,False,0.0,0.0,0.0,0.0,0.12601709581366763,0.12721719551822186,2.72,-2.87,0.0,0.0,0.0,-0.0,
1791373238.2802522,stand,0.05706509484388288,-0.0014081103667877265,0.0,0.0,-0.0728812455123928,0.0,0.1324458344833431,0.0,0.0,0.0,False,0.0,0.0,0.0,0.0,0.12641664546527226,0.12741752791528158,2.67,-3.0,0.0,0.0,0.0,-0.0,
1791373238.2902417,stand,0.05799843763441401,-0.001728578692808722,0.0,0.0,-0.07218658238269371,0.0,0.13274065698462217,0.0,0.0,0.0,False,0.0,0.0,0.0,0.0,0.12681671701492997,0.12781873747937209,2.64,-2.91,0.0,0.0,0.0,-0.0,
1791373238.3002424,stand,0.058908668135413844,-0.0016539357991011657,0.0,0.0,-0.07149499849781653,0.0,0.13303554325689182,0.0,0.0,0.0,False,0.0,0.0,0.0,0.0,0.12721721238293626,0.12822025152888109,2.65,-2.84,0.0,0.0,0.0,-0.0,
1791373238.3102455,stand,0.05970823121529419,-0.0013411260504642664,0.0,0.0,-0.07097992107310595,0.0,0.13325690447200966,0.0,0.0,0.0,False,0.0,0.0,0.0,0.0,0.1276181362717139,0.12842106578378096,2.63,-2.82,0.0,0.0,0.0,-0.0,
1791373238.3202307,stand,0.06051177732854111,-0.0014466294648901653,0.0,0.0,-0.07030553649022621,0.0,0.1335529351583785,0.0,0.0,0.0,False,0.0,0.0,0.0,0.0,0.12801945417926014,0.12882324460895508,2.6,-2.72,0.0,0.0,0.0,-0.0,
1791373238.3302317,stand,0.061392491308696444,-0.0019586019555222667,0.0,0.0,-0.06963419531261644,0.0,0.13384903093281286,0.0,0.0,0.0,False,0.0,0.0,0.0,0.0,0.1284210826890599,0.12922572617315906,2.41,-2.74,0.0,0.0,0.0,-0.0,
1791373238.340265,stand,0.06219637840439851,-0.002379259213498237,0.0,0.0,-0.06897424987369527,0.0,0.13414570886351518,0.0,0.0,0.0,False,0.0,0.0,0.0,0.0,0.12882326153828616,0.1296285885383086,2.43,-2.82,0.0,0.0,0.0,-0.0,
1791373238.3502686,stand,0.06303282262621618,-0.002591644556745048,0.0,0.0,-0.06831967854945314,0.0,0.13444251283971628,0.0,0.0,0.0,False,0.0,0.0,0.0,0.0,0.12922574311900256,0.13003184148047553,2.36,-2.77,0.0,0.0,0.0,-0.0,
1791373238.3602493,stand,0.06390314040066848,-0.002911378175216558,0.0,0.0,-0.06750938492289729,0.0,0.1348137091157447,0.0,0.0,0.0,False,0.0,0.0,0.0,0.0,0.1298301873424821,0.13043539742163604,2.33,-2.59,0.0,0.0,0.0,-0.0,
1791373238.370547,stand,0.06466845592290003,-0.0034549997117487696,0.0,0.0,-0.06687212657845616,0.0,0.13511135303139343,0.0,0.0,0.0,False,0.0,0.0,0.0,0.0,0.13023363643746386,0.13083935697424984,2.23,-2.73,0.0,0.0,0.0,-0.0,
1791373238.3802361,stand,0.06554493563930051,-0.0038591412207250467,0.0,0.0,-0.0662406538434638,0.0,0.13540934429415263,0.0,0.0,0.0,False,0.0,0.0,0.0,0.0,0.13063739058623525,0.13124367215443894,2.25,-2.73,0.0,0.0,0.0,-0.0,
1791373238.3902514,stand,0.06642260181715101,-0.004228905228068657,0.0,0.0,-0.06577106144426823,0.0,0.13563308545483474,0.0,0.0,0.0,False,0.0,0.0,0.0,0.0,0.1310414695044307,0.13144589182803942,2.2,-2.71,0.0,0.0,0.0,-0.0,
1791373238.400243,stand,0.0676350064801092,-0.004632336772904305,0.0,0.0,-0.06515184573060609,0.0,0.13593163050601154,0.0,0.0,0.0,False,0.0,0.0,0.0,0.0,0.13144590885163165,0.13185073877871248,2.22,-2.79,0.0,0.0,0.0,-0.0,
1791373238.41026,stand,0.06900136687538272,-0.0050540912843563025,0.0,0.0,-0.06484549049164445,0.0,0.13608101039435871,0.0,0.0,0.0,False,0.0,0.0,0.0,0.0,0.13164833071470025,0.13205326073230556,2.31,-2.81,0.0,0.0,0.0,-0.0,
1791373238.4202385,stand,0.07034203973827104,-0.005383421053768801,0.0,0.0,-0.06438721673632757,0.0,0.13630510410817392,0.0,0.0,0.0,False,0.0,0.0,0.0,0.0,0.1320532777897016,0.13225588195410617,2.34,-2.88,0.0,0.0,0.0,-0.0,
1791373238.4302392,stand,0.07153446737605963,-0.005547380383748703,0.0,0.0,-0.0639344011924359,0.0,0.13652944222174837,0.0,0.0,0.0,False,0.0,0.0,0.0,0.0,0.13225589901150223,0.13266133055120402,2.41,-2.97,0.0,0.0,0.0,-0.0,
1791373238.4403446,stand,0.07276678236585003,-0.005687209898872348,0.0,0.0,-0.06363466696255247,0.0,0.13667908839393753,0.0,0.0,0.0,False,0.0,0.0,0.0,0.0,0.1324585209635576,0.13286415721354122,2.5,-3.13,0.0,0.0,0.0,-0.0,
1791373238.450246,stand,0.07398167016829466,-0.005873268602008216,0.0,0.0,-0.06319197892170346,0.0,0.1369038911646725,0.0,0.0,0.0,False,0.0,0.0,0.0,0.0,0.13286417428823197,0.13306708451178828,2.47,-3.14,0.0,0.0,0.0,-0.0,
1791373238.4602175,stand,0.075231061198221,-0.0058675081301828875,0.0,0.0,-0.06275077315157297,0.0,0.13712872279693786,0.0,0.0,0.0,False,0.0,0.0,0.0,0.0,0.1330671016029881,0.13347313382141587,2.58,-3.0100000000000002,0.0,0.0,0.0,-0.0,
1791373238.4702463,stand,0.07636874646118058,-0.005547931293264011,0.0,0.0,-0.062167759416414906,0.0,0.1374287477650399,0.0,0.0,0.0,False,0.0,0.0,0.0,0.0,0.13347315092653075,0.13387950994948009,2.52,-3.0500000000000003,0.0,0.0,0.0,-0.0,
1791373238.4802287,stand,0.07722650264232782,-0.005267673524166724,0.0,0.0,-0.061734409446206555,0.0,0.1376539518936931,0.0,0.0,0.0,False,0.0,0.0,0.0,0.0,0.133879527054595,0.13408280243677195,2.56,-3.0300000000000002,0.0,0.0,0.0,-0.0,
1791373238.4902208,stand,0.07812760395059361,-0.005440514531042494,0.0,0.0,-0.0611588834306686,0.0,0.13795426813362627,0.0,0.0,0.0,False,0.0,0.0,0.0,0.0,0.13428620372177613,0.13448957772950051,2.5100000000000002,-3.0700000000000003,0.0,0.0,0.0,-0.0,
1791373238.500263,stand,0.07913209848117223,-0.00546610049312387,0.0,0.0,-0.06073615040613544,0.0,0.13817993513596313,0.0,0.0,0.0,False,0.0,0.0,0.0,0.0,0.13448959486503953,0.13489667666095456,2.52,-3.0100000000000002,0.0,0.0,0.0,-0.0,
1791373238.5102236,stand,0.08020931449351512,-0.004894618106595462,0.0,0.0,-0.06017937706184995,0.0,0.13848112296522264,0.0,0.0,0.0,False,0.0,0.0,0.0,0.0,0.13489669379649358,0.1353040175799953,2.5,-2.84,0.0,0.0,0.0,-0.0,
1791373238.5202608,stand,0.08112259473844773,-0.004360583668151621,0.0,0.0,-0.0596274941880502,0.0,0.13878245316028118,0.0,0.0,0.0,False,0.0,0.0,0.0,0.0,0.1353040347286616,0.13571164648054274,2.42,-2.98,0.0,0.0,0.0,-0.0,
1791373238.530318,stand,0.08202118377696277,-0.004570747803315061,0.0,0.0,-0.05908284417354796,0.0,0.13908402044577525,0.0,0.0,0.0,False,0.0,0.0,0.0,0.0,0.13571166364650583,0.13611953434174906,2.4,-2.92,0.0,0.0,0.0,-0.0,
1791373238.540258,stand,0.08292617472628465,-0.004967698829601265,0.0,0.0,-0.058542963553537664,0.0,0.13938572576835248,0.0,0.0,0.0,False,0.0,0.0,0.0,0.0,0.1361195515174584,0.1365276009822148,2.4,-2.86,0.0,0.0,0.0,-0.0,
1791373238.5502546,stand,0.08387772870366511,-0.004750713079890701,0.0,0.0,-0.05814181489634199,0.0,0.13961210979675615,0.0,0.0,0.0,False,0.0,0.0,0.0,0.0,0.13652761817184111,0.1367317929398439,2.35,-2.79,0.0,0.0,0.0,-0.0,
1791373238.5602164,stand,0.08487911460142987,-0.004360985914969446,0.0,0.0,-0.05748342017521093,0.0,0.13998972314622798,0.0,0.0,0.0,False,0.0,0.0,0.0,0.0,0.13693600208709933,0.13734461680691767,2.31,-2.72,0.0,0.0,0.0,-0.0,
1791373238.570265,stand,0.08566189331392879,-0.004484315424038276,0.0,0.0,-0.0570901612753883,0.0,0.1402163249567332,0.0,0.0,0.0,False,0.0,0.0,0.0,0.0,0.13734463400967004,0.13754897722116985,2.23,-2.7800000000000002,0.0,0.0,0.0,-0.0,
1791373238.5802646,stand,0.08635520845110015,-0.0049541377608677715,0.0,0.0,-0.05657906351745964,0.0,0.14051920998704484,0.0,0.0,0.0,False,0.0,0.0,0.0,0.0,0.13775346748229564,0.1379579233168424,2.24,-2.68,0.0,0.0,0.0,-0.0,
1791373238.5902684,stand,0.08694927645334269,-0.0050456240653550906,0.0,0.0,-0.05607384792372151,0.0,0.14082236557808067,0.0,0.0,0.0,False,0.0,0.0,0.0,0.0,0.13816250867467342,0.1383671204110598,2.27,-2.63,0.0,0.0,0.0,-0.0,
1791373238.6002407,stand,0.08771714294065862,-0.004982322305794285,0.0,0.0,-0.055573075970300444,0.0,0.14112566989273786,0.0,0.0,0.0,False,0.0,0.0,0.0,0.0,0.13857178156693867,0.13877651846802935,2.16,-2.65,0.0,0.0,0.0,-0.0,
1791373238.6102622,stand,0.08830223297793871,-0.0051825455600575995,0.0,0.0,-0.055080900805943314,0.0,0.14142933004005007,0.0,0.0,0.0,False,0.0,0.0,0.0,0.0,0.1389812898430255,0.13918612483827136,2.14,-2.7600000000000002,0.0,0.0,0.0,-0.0,
1791373238.62027,stand,0.08894130103342676,-0.005473328424012974,0.0,0.0,-0.054713198182477434,0.0,0.14165709928051162,0.0,0.0,0.0,False,0.0,0.0,0.0,0.0,0.13918614208834904,0.1395959567343762,2.24,-2.69,0.0,0.0,0.0,-0.0,
1791373238.630263,stand,0.08956595432706303,-0.005468441136210494,0.0,0.0,-0.05410945760709831,0.0,0.1420370123455765,0.0,0.0,0.0,False,0.0,0.0,0.0,0.0,0.13980096906411835,0.14000594687938958,2.22,-2.69,0.0,0.0,0.0,-0.0,
1791373238.6402664,stand,0.09007637807724647,-0.00556432477192009,0.0,0.0,-0.053870580197495764,0.0,0.14218905964321785,0.0,0.0,0.0,False,0.0,0.0,0.0,0.0,0.14000596413662506,0.14021101701605657,2.2,-2.8000000000000003,0.0,0.0,0.0,-0.0,
1791373238.6502397,stand,0.09076878262452558,-0.005872426189729005,0.0,0.0,-0.05339443001272219,0.0,0.14249318125486585,0.0,0.0,0.0,False,0.0,0.0,0.0,0.0,0.14041614510367775,0.14062125845579018,2.25,-2.72,0.0,0.0,0.0,-0.0,
1791373238.660232,stand,0.09128389305468691,-0.006002756507412959,0.0,0.0,-0.053160908319720736,0.0,0.1426453929834965,0.0,0.0,0.0,False,0.0,0.0,0.0,0.0,0.1406212757333084,0.14082649446276013,2.2800000000000002,-2.69,0.0,0.0,0.0,-0.0,
1791373238.6702433,stand,0.09191492998311125,-0.005749182586126957,0.0,0.0,-0.05270269945774891,0.0,0.1429501086147605,0.0,0.0,0.0,False,0.0,0.0,0.0,0.0,0.14103174774724833,0.1412370437751697,2.31,-2.85,0.0,0.0,0.0,-0.0,
1791373238.6802475,stand,0.09228754582656586,-0.005686382636571215,0.0,0.0,-0.05247432681690049,0.0,0.14310247764937142,0.0,0.0,0.0,False,0.0,0.0,0.0,0.0,0.14123706106243156,0.14144239552473142,2.39,-2.81,0.0,0.0,0.0,-0.0,
1791373238.6902425,stand,0.09269942270169115,-0.005994684701572994,0.0,0.0,-0.052132766642165713,0.0,0.14333104826801962,0.0,0.0,0.0,False,0.0,0.0,0.0,0.0,0.14164778679202883,0.14164776949422786,2.37,-2.89,0.0,0.0,0.0,-0.0,
1791373238.700243,stand,0.0930767796051648,-0.006031091826152096,0.0,0.0,-0.051798685352231685,0.0,0.14355986054887046,0.0,0.0,0.0,False,0.0,0.0,0.0,0.0,0.14185326373346208,0.14205872337709438,2.43,-2.92,0.0,0.0,0.0,-0.0,
1791373238.7102349,stand,0.09356628419176376,-0.005662171752091964,0.0,0.0,-0.051354896775583955,0.0,0.1438649684218001,0.0,0.0,0.0,False,0.0,0.0,0.0,0.0,0.14226424196443377,0.1424697370324922,2.45,-2.94,0.0,0.0,0.0,-0.0,
1791373238.7202363,stand,0.09367508093543851,-0.005302782730850589,0.0,0.0,-0.05113375061658802,0.0,0.14401753528692207,0.0,0.0,0.0,False,0.0,0.0,0.0,0.0,0.14246975433327555,0.14267528101477772,2.48,-2.92,0.0,0.0,0.0,-0.0,
1791373238.7302423,stand,0.09365811984593782,-0.005449862778268162,0.0,0.0,-0.05069919369495041,0.0,0.1443230348150097,0.0,0.0,0.0,False,0.0,0.0,0.0,0.0,0.1428809713172044,0.14308662699102137,2.47,-2.99,0.0,0.0,0.0,-0.0,
1791373238.7402449,stand,0.09362381381827821,-0.005619641410123815,0.0,0.0,-0.050376040708063285,0.0,0.14455226221480164,0.0,0.0,0.0,False,0.0,0.0,0.0,0.0,0.14329234900869658,0.14329233169061287,2.43,-2.88,0.0,0.0,0.0,-0.0,
1791373238.7502432,stand,0.09361362300561424,-0.0054124608676811145,0.0,0.0,-0.05005397121159498,0.0,0.14478150727562508,0.0,0.0,0.0,False,0.0,0.0,0.0,0.0,0.14349806688459313,0.1437037924586279,2.5100000000000002,-2.81,0.0,0.0,0.0,-0.0,
1791373238.7602367,stand,0.09353795977265564,-0.005024823052536316,0.0,0.0,-0.04963512888599243,0.0,0.14508758170955974,0.0,0.0,0.0,False,0.0,0.0,0.0,0.0,0.1439096433938562,0.14411545967343167,2.44,-2.87,0.0,0.0,0.0,-0.0,
1791373238.7702472,stand,0.09322306069673184,-0.005166256550931647,0.0,0.0,-0.04932436156608479,0.0,0.14531725009662946,0.0,0.0,0.0,False,0.0,0.0,0.0,0.0,0.14432137234277703,0.14432135500779106,2.36,-3.02,0.0,0.0,0.0,-0.0,
1791373238.7802334,stand,0.09292574173173648,-0.005753667816003301,0.0,0.0,-0.04891164578373985,0.0,0.14562349682736192,0.0,0.0,0.0,False,0.0,0.0,0.0,0.0,0.1447332179954894,0.14473320065752185,2.35,-3.02,0.0,0.0,0.0,-0.0,
1791373238.790234,stand,0.09260421271220572,-0.006047820770722132,0.0,0.0,-0.04851187823247675,0.0,0.1459298126451276,0.0,0.0,0.0,False,0.0,0.0,0.0,0.0,0.1451451261392133,0.14514510880124576,2.35,-2.94,0.0,0.0,0.0,-0.0,
1791373238.8002412,stand,0.09222352016326893,-0.0058815108823104725,0.0,0.0,-0.04811378550336318,0.0,0.14623615168682996,0.0,0.0,0.0,False,0.0,0.0,0.0,0.0,0.14555725279394405,0.1455572354454362,2.27,-2.91,0.0,0.0,0.0,-0.0,
1791373238.8102593,stand,0.09160960456727214,-0.006016359018409657,0.0,0.0,-0.047625524669486115,0.0,0.14661946131841969,0.0,0.0,0.0,False,0.0,0.0,0.0,0.0,0.14617557048115687,0.1459694384385258,2.22,-2.88,0.0,0.0,0.0,-0.0,
1791373238.820258,stand,0.09079338271291762,-0.006601440195015478,0.0,0.0,-0.047240360742551266,0.0,0.1469263160880689,0.0,0.0,0.0,False,0.0,0.0,0.0,0.0,0.14658794994499025,0.14638173284151798,2.1,-2.83,0.0,0.0,0.0,-0.0,
1791373238.8302438,stand,0.0899301151630818,-0.006948475758045016,0.0,0.0,-0.04685966629940739,0.0,0.14723332567790964,0.0,0.0,0.0,False,0.0,0.0,0.0,0.0,0.14700039455672015,0.1467941420394879,2.04,-2.7800000000000002,0.0,0.0,0.0,-0.0,
1791373238.84024,stand,0.08912986783361432,-0.006956483320747632,0.0,0.0,-0.04648869183182809,0.0,0.14754073494876901,0.0,0.0,0.0,False,0.0,0.0,0.0,0.0,0.1474129315424936,0.147206612350692,2.0,-2.73,0.0,0.0,0.0,-0.0,
1791373238.8502433,stand,0.08824196752262428,-0.0070266432774772,0.0,0.0,-0.04611930332679711,0.0,0.14784816455395974,0.0,0.0,0.0,False,0.0,0.0,0.0,0.0,0.14782558236176804,0.1476192343857578,2.0300000000000002,-2.74,0.0,0.0,0.0,-0.0,
1791373238.8602395,stand,0.08717397617094294,-0.007301399980219231,0.0,0.0,-0.04575779379866984,0.0,0.14815563066045492,0.0,0.0,0.0,False,0.0,0.0,0.0,0.0,0.14823829360189222,0.1480319206100588,2.0300000000000002,-2.69,0.0,0.0,0.0,-0.0,
1791373238.8702435,stand,0.08603952746630196,-0.007343005480611619,0.0,0.0,-0.0453998498080874,0.0,0.14846312129935763,0.0,0.0,0.0,False,0.0,0.0,0.0,0.0,0.14865115822261835,0.1484447001644,1.98,-2.64,0.0,0.0,0.0,-0.0,
1791373238.880259,stand,0.08485623231929912,-0.007160567442457258,0.0,0.0,-0.04522149365524843,0.0,0.14861687350319455,0.0,0.0,0.0,False,0.0,0.0,0.0,0.0,0.14885759741567667,0.14865114084368639,2.05,-2.64,0.0,0.0,0.0,-0.0,
1791373238.8902938,stand,0.0837476843434713,-0.007147577636407941,0.0,0.0,-0.04487477843662019,0.0,0.1489243581472741,0.0,0.0,0.0,False,0.0,0.0,0.0,0.0,0.1492704692750809,0.14906401596684668,2.09,-2.74,0.0,0.0,0.0,-0.0,
1791373238.9002569,stand,0.08270714034747874,-0.007194049352144728,0.0,0.0,-0.04470341778657388,0.0,0.14907810155096016,0.0,0.0,0.0,False,0.0,0.0,0.0,0.0,0.14947697517231615,0.14927045189654878,2.13,-2.71,0.0,0.0,0.0,-0.0,
1791373238.9102392,stand,0.08165711054205217,-0.006916797617408387,0.0,0.0,-0.04436179943166156,0.0,0.14938560517886676,0.0,0.0,0.0,False,0.0,0.0,0.0,0.0,0.14989001557518838,0.14968347877739743,2.21,-2.7800000000000002,0.0,0.0,0.0,-0.0,
1791373238.9202363,stand,0.08047758181873939,-0.006290862310513996,0.0,0.0,-0.04419377640527292,0.0,0.1495395518026285,0.0,0.0,0.0,False,0.0,0.0,0.0,0.0,0.15009653181453053,0.1498899981898955,2.2800000000000002,-2.7600000000000002,0.0,0.0,0.0,-0.0,
1791373238.9302473,stand,0.07913782818298942,-0.005810307593947231,0.0,0.0,-0.04394567377197841,0.0,0.14977075361091438,0.0,0.0,0.0,False,0.0,0.0,0.0,0.0,0.1503030480538727,0.15030303066857983,2.38,-2.88,0.0,0.0,0.0,-0.0,
1791373238.940258,stand,0.0776217042106779,-0.005405548808056355,0.0,0.0,-0.04378069713794404,0.0,0.14992489325834446,0.0,0.0,0.0,False,0.0,0.0,0.0,0.0,0.1505096021001903,0.15050958471111697,2.44,-2.84,0.0,0.0,0.0,-0.0,
1791373238.950256,stand,0.07617549802089128,-0.004957255885831209,0.0,0.0,-0.04353391903078149,0.0,0.15015610988381548,0.0,0.0,0.0,False,0.0,0.0,0.0,0.0,0.1507161632467083,0.1509227335628168,2.48,-2.9,0.0,0.0,0.0,-0.0,
1791373238.960243,stand,0.07453929853544373,-0.004241287705243377,0.0,0.0,-0.04337238945042103,0.0,0.15031023561635096,0.0,0.0,0.0,False,0.0,0.0,0.0,0.0,0.1509227509582508,0.15112937026661902,2.59,-2.83,0.0,0.0,0.0,-0.0,
1791373238.970242,stand,0.07269629269644981,-0.0036266603230464905,0.0,0.0,-0.04305530772399464,0.0,0.15061845235207175,0.0,0.0,0.0,False,0.0,0.0,0.0,0.0,0.15133602436585522,0.15154261318844797,2.62,-2.95,0.0,0.0,0.0,-0.0,
1791373238.980237,stand,0.07061531899687558,-0.003230351055165883,0.0,0.0,-0.04281839584579383,0.0,0.15084962776141395,0.0,0.0,0.0,False,0.0,0.0,0.0,0.0,0.15154263058090173,0.15195584381220684,2.67,-2.9,0.0,0.0,0.0,-0.0,
1791373238.990308,stand,0.06849162810270217,-0.003069526693514749,0.0,0.0,-0.04258465058403306,0.0,0.1510809587565216,0.0,0.0,0.0,False,0.0,0.0,0.0,0.0,0.15195586121102123,0.15216252067082905,2.65,-2.83,0.0,0.0,0.0,-0.0,
1791373239.0002334,stand,0.06628421808264735,-0.0028395679816543727,0.0,0.0,-0.04220469843440875,0.0,0.151467013716466,0.0,0.0,0.0,False,0.0,0.0,0.0,0.0,0.15236921492826566,0.15278256018860736,2.63,-2.73,0.0,0.0,0.0,-0.0,
1791373239.0102704,stand,0.0640448799793513,-0.0024683891749097513,0.0,0.0,-0.042053300051289724,0.0,0.15162144223785243,0.0,0.0,0.0,False,0.0,0.0,0.0,0.0,0.1525758959740724,0.15298923994702968,2.67,-2.98,0.0,0.0,0.0,-0.0,
1791373239.020231,stand,0.061806387207018504,-0.0024035809298268694,0.0,0.0,-0.04175547521115094,0.0,0.15193035300443775,0.0,0.0,0.0,False,0.0,0.0,0.0,0.0,0.15298925734584407,0.1534025936642741,2.61,-2.87,0.0,0.0,0.0,-0.0,
1791373239.0302446,stand,0.05936309368622516,-0.0028461240741232243,0.0,0.0,-0.0414628991428346,0.0,0.15223932033831428,0.0,0.0,0.0,False,0.0,0.0,0.0,0.0,0.15360929220083647,0.1536092748016218,2.5500000000000003,-2.8000000000000003,0.0,0.0,0.0,-0.0,
1791373239.0407991,stand,0.056865646125928426,-0.003242748609830505,0.0,0.0,-0.04124430009593637,0.0,0.1524710545253494,0.0,0.0,0.0,False,0.0,0.0,0.0,0.0,0.15381597381458612,0.15402265252562203,2.54,-2.87,0.0,0.0,0.0,-0.0,
1791373239.0502326,stand,0.05425347983512544,-0.0031305612993576953,0.0,0.0,-0.0409619597427176,0.0,0.15278006875676728,0.0,0.0,0.0,False,0.0,0.0,0.0,0.0,0.154229386941259,0.1544360865525065,2.49,-2.73,0.0,0.0,0.0,-0.0,
1791373239.0602329,stand,0.05146868168876959,-0.0034042050411358456,0.0,0.0,-0.040613939168354755,0.0,0.1531663632476931,0.0,0.0,0.0,False,0.0,0.0,0.0,0.0,0.15484954710955331,0.15484952970695817,2.4,-2.87,0.0,0.0,0.0,-0.0,
1791373239.0702481,stand,0.048748672499282046,-0.004361015895640075,0.0,0.0,-0.04040830614420027,0.0,0.15339810105131607,0.0,0.0,0.0,False,0.0,0.0,0.0,0.0,0.15526298385248263,0.15505624943684565,2.31,-2.81,0.0,0.0,0.0,-0.0,
1791373239.0802715,stand,0.04588218032017563,-0.005248286856752165,0.0,0.0,-0.040140954771930186,0.0,0.15370697461873573,0.0,0.0,0.0,False,0.0,0.0,0.0,0.0,0.1556764223432425,0.1554696834637301,2.2600000000000002,-2.84,0.0,0.0,0.0,-0.0,
1791373239.09024,stand,0.04292902639453284,-0.005233118585247674,0.0,0.0,-0.03987472103903469,0.0,0.15401586127546416,0.0,0.0,0.0,False,0.0,0.0,0.0,0.0,0.156089863750264,0.15588312671014087,2.21,-2.82,0.0,0.0,0.0,-0.0,
1791373239.1002574,stand,0.03989494655778929,-0.005360511296694426,0.0,0.0,-0.03961617037697434,0.0,0.1543250728091549,0.0,0.0,0.0,False,0.0,0.0,0.0,0.0,0.1565032977771485,0.15629656336151151,2.21,-2.82,0.0,0.0,0.0,-0.0,
1791373239.1102748,stand,0.03673757315075198,-0.006350440249170826,0.0,0.0,-0.039424554566382844,0.0,0.15455706505954836,0.0,0.0,0.0,False,0.0,0.0,0.0,0.0,0.15691674111591877,0.15650328037495373,2.2,-2.79,0.0,0.0,0.0,-0.0,
1791373239.120251,stand,0.03375120243820141,-0.007364924697649235,0.0,0.0,-0.03917266514465193,0.0,0.15486644523711582,0.0,0.0,0.0,False,0.0,0.0,0.0,0.0,0.15733017767492985,0.1569167237133236,2.16,-2.87,0.0,0.0,0.0,-0.0,
1791373239.1302578,stand,0.030858529416084832,-0.007487149506840955,0.0,0.0,-0.038927072470051595,0.0,0.15517592983128273,0.0,0.0,0.0,False,0.0,0.0,0.0,0.0,0.1577435771078928,0.1573301602727351,2.13,-2.8000000000000003,0.0,0.0,0.0,-0.0,
1791373239.1402388,stand,0.027854767695785026,-0.007471686082351817,0.0,0.0,-0.0387454929411406,0.0,0.15540808448161303,0.0,0.0,0.0,False,0.0,0.0,0.0,0.0,0.15815693801995817,0.15753687728617735,2.19,-2.81,0.0,0.0,0.0,-0.0,
1791373239.1502411,stand,0.02462578928071466,-0.007987076896227942,0.0,0.0,-0.03856598031481445,0.0,0.1556402621309925,0.0,0.0,0.0,False,0.0,0.0,0.0,0.0,0.1583636148785804,0.15795024132242777,2.24,-2.93,0.0,0.0,0.0,-0.0,
1791373239.1602638,stand,0.02155463298093868,-0.008486104698158735,0.0,0.0,-0.038388587738376646,0.0,0.15587246335938484,0.0,0.0,0.0,False,0.0,0.0,0.0,0.0,0.15877692857861173,0.15815692062114378,2.24,-3.06,0.0,0.0,0.0,-0.0,
1791373239.170238,stand,0.01867427677217657,-0.008287581444879625,0.0,0.0,-0.038154969640869424,0.0,0.15618209713097422,0.0,0.0,0.0,False,0.0,0.0,0.0,0.0,0.1591902043928512,0.15857027433838822,2.27,-2.93,0.0,0.0,0.0,-0.0,
1791373239.1802647,stand,0.015791432369742762,-0.007825968279232699,0.0,0.0,-0.038096695280795345,0.0,0.15625950670145114,0.0,0.0,0.0,False,0.0,0.0,0.0,0.0,0.1591902043928512,0.15877691118317774,2.38,-2.91,0.0,0.0,0.0,-0.0,
1791373239.1902506,stand,0.012880554345393893,-0.0076138149603019985,0.0,0.0,-0.03792787981890644,0.0,0.15649181703634127,0.0,0.0,0.0,False,0.0,0.0,0.0,0.0,0.1596034865944377,0.15898354788697994,2.44,-3.04,0.0,0.0,0.0,-0.0,
1791373239.200233,stand,0.009888580082186222,-0.007490029152452479,0.0,0.0,-0.037759622419948125,0.0,0.15672413261546111,0.0,0.0,0.0,False,0.0,0.0,0.0,0.0,0.1598100831434199,0.15939682845502273,2.5300000000000002,-3.1,0.0,0.0,0.0,-0.0,
1791373239.2102418,stand,0.006955704870890424,-0.0070367958362200465,0.0,0.0,-0.037649571939044814,0.0,0.1568790376630033,0.0,0.0,0.0,False,0.0,0.0,0.0,0.0,0.1600166796924021,0.15960346920238408,2.65,-3.0700000000000003,0.0,0.0,0.0,-0.0,
1791373239.2202373,stand,0.003919095116496113,-0.006493162153276665,0.0,0.0,-0.03748494366558805,0.0,0.1571113976344834,0.0,0.0,0.0,False,0.0,0.0,0.0,0.0,0.16022327873945721,0.16001666230034847,2.7,-3.15,0.0,0.0,0.0,-0.0,
1791373239.2302463,stand,0.0009481606199005146,-0.006053468381890344,0.0,0.0,-0.03737747501251866,0.0,0.1572662492804263,0.0,0.0,0.0,False,0.0,0.0,0.0,0.0,0.16042988004171907,0.16022326134700343,2.68,-3.2800000000000002,0.0,0.0,0.0,-0.0,
1791373239.2402346,stand,-0.0020823317359941708,-0.005635142333737751,0.0,0.0,-0.03716708269982527,0.0,0.1575758462107225,0.0,0.0,0.0,False,0.0,0.0,0.0,0.0,0.16084299458541182,0.1606364609607768,2.8000000000000003,-3.17,0.0,0.0,0.0,-0.0,
1791373239.250257,stand,-0.005179343551089319,-0.005236176592686535,0.0,0.0,-0.037062196267540023,0.0,0.15773064728382563,0.0,0.0,0.0,False,0.0,0.0,0.0,0.0,0.161049510824754,0.16084297720011898,2.82,-3.15,0.0,0.0,0.0,-0.0,
1791373239.2602487,stand,-0.008287690358478818,-0.00482179507801584,0.0,0.0,-0.03685462737710149,0.0,0.15804030571249994,0.0,0.0,0.0,False,0.0,0.0,0.0,0.0,0.1614625506438419,0.16125601226737496,2.82,-3.21,0.0,0.0,0.0,-0.0,
1791373239.2702377,stand,-0.0114823713564615,-0.0043671898141546,0.0,0.0,-0.036702867567673436,0.0,0.15827266296432876,0.0,0.0,0.0,False,0.0,0.0,0.0,0.0,0.16166906918369395,0.16166905180178145,2.82,-3.18,0.0,0.0,0.0,-0.0,
1791373239.2802424,stand,-0.014543066423513362,-0.004099400710592886,0.0,0.0,-0.03650121295019957,0.0,0.15858247828433422,0.0,0.0,0.0,False,0.0,0.0,0.0,0.0,0.16208202135273825,0.16208200397082578,2.77,-3.19,0.0,0.0,0.0,-0.0,
1791373239.290246,stand,-0.0175486854772631,-0.004149267036648973,0.0,0.0,-0.036305646723625344,0.0,0.15889231244427102,0.0,0.0,0.0,False,0.0,0.0,0.0,0.0,0.16270135550052045,0.1622884600820719,2.7600000000000002,-3.2600000000000002,0.0,0.0,0.0,-0.0,
1791373239.3002384,stand,-0.020359046408526846,-0.004229922880614339,0.0,0.0,-0.03616328391729422,0.0,0.159124700893055,0.0,0.0,0.0,False,0.0,0.0,0.0,0.0,0.16290775127540255,0.16270133812536872,2.77,-3.13,0.0,0.0,0.0,-0.0,
1791373239.3102596,stand,-0.023046981774127742,-0.003721103245584513,0.0,0.0,-0.035927029761834026,0.0,0.15951201988594096,0.0,0.0,0.0,False,0.0,0.0,0.0,0.0,0.16332052216326529,0.16332050479109425,2.65,-2.95,0.0,0.0,0.0,-0.0,
1791373239.3202493,stand,-0.025905625039742496,-0.0033781730749151253,0.0,0.0,-0.03579284997023181,0.0,0.15974425115433868,0.0,0.0,0.0,False,0.0,0.0,0.0,0.0,0.16373323496734682,0.16352686515889286,2.57,-3.0,0.0,0.0,0.0,-0.0,
1791373239.3302515,stand,-0.028693202758556823,-0.0037734918516504974,0.0,0.0,-0.0356145492853083,0.0,0.16005389730427566,0.0,0.0,0.0,False,0.0,0.0,0.0,0.0,0.16414578558819098,0.1639394929127583,2.61,-3.0,0.0,0.0,0.0,-0.0,
1791373239.3402336,stand,-0.03128496468820247,-0.004148491707023612,0.0,0.0,-0.03539531319542091,0.0,0.16044105935213937,0.0,0.0,0.0,False,0.0,0.0,0.0,0.0,0.16455834381616302,0.16455832645075294,2.61,-2.7800000000000002,0.0,0.0,0.0,-0.0,
1791373239.3502514,stand,-0.03372444809281014,-0.0037296926338180754,0.0,0.0,-0.035266601640468645,0.0,0.16067344487612353,0.0,0.0,0.0,False,0.0,0.0,0.0,0.0,0.16497080929734834,0.16476459693831647,2.59,-2.88,0.0,0.0,0.0,-0.0,
1791373239.360257,stand,-0.03596085267525656,-0.0036098454102623766,0.0,0.0,-0.03509561153933617,0.0,0.16098329773081002,0.0,0.0,0.0,False,0.0,0.0,0.0,0.0,0.1653831522790991,0.16517698693988053,2.52,-2.95,0.0,0.0,0.0,-0.0,
1791373239.3702562,stand,-0.03824025626191266,-0.00425418450984139,0.0,0.0,-0.034972441021789535,0.0,0.16121582436710782,0.0,0.0,0.0,False,0.0,0.0,0.0,0.0,0.16558927171243443,0.16558925436054617,2.62,-2.88,0.0,0.0,0.0,-0.0,
1791373239.3802657,stand,-0.0405816896027134,-0.004684909363043175,0.0,0.0,-0.03481178300219461,0.0,0.16152595084257823,0.0,0.0,0.0,False,0.0,0.0,0.0,0.0,0.16600150521132462,0.16600148785983557,2.56,-2.89,0.0,0.0,0.0,-0.0,
1791373239.3908188,stand,-0.042959564066002244,-0.004456423176638387,0.0,0.0,-0.0346917335591024,0.0,0.1617585446100412,0.0,0.0,0.0,False,0.0,0.0,0.0,0.0,0.16641366034924823,0.16620760255097758,2.58,-2.87,0.0,0.0,0.0,-0.0,
1791373239.4002395,stand,-0.04545981361765276,-0.00475200879604531,0.0,0.0,-0.034613874909983536,0.0,0.1619134180884021,0.0,0.0,0.0,False,0.0,0.0,0.0,0.0,0.16661965931535191,0.16641364300750133,2.61,-2.96,0.0,0.0,0.0,-0.0,
1791373239.4102666,stand,-0.04762380665527663,-0.005557171941477121,0.0,0.0,-0.03446245592398216,0.0,0.16222279734897393,0.0,0.0,0.0,False,0.0,0.0,0.0,0.0,0.1670316055628591,0.16682563415302964,2.68,-3.0500000000000003,0.0,0.0,0.0,-0.0,
1791373239.4202383,stand,-0.04944144826923562,-0.0059107300298736985,0.0,0.0,-0.0343869628067937,0.0,0.1623774883700476,0.0,0.0,0.0,False,0.0,0.0,0.0,0.0,0.16723755963472103,0.16703158822489156,2.64,-3.0500000000000003,0.0,0.0,0.0,-0.0,
1791373239.430236,stand,-0.051268774751068,-0.005595876546270508,0.0,0.0,-0.03423792961862153,0.0,0.16268702753486003,0.0,0.0,0.0,False,0.0,0.0,0.0,0.0,0.16764940895417135,0.16744347296456943,2.7800000000000002,-3.1,0.0,0.0,0.0,-0.0,
1791373239.4402568,stand,-0.05329727402649754,-0.005829983701427921,0.0,0.0,-0.034165790280611584,0.0,0.16284201813474505,0.0,0.0,0.0,False,0.0,0.0,0.0,0.0,0.16785531310060556,0.16764939161918538,2.75,-3.22,0.0,0.0,0.0,-0.0,
1791373239.4502244,stand,-0.055422075797789176,-0.006445114307715706,0.0,0.0,-0.034057838386747044,0.0,0.1630745056197537,0.0,0.0,0.0,False,0.0,0.0,0.0,0.0,0.16826698031540935,0.16785529577277916,2.83,-3.19,0.0,0.0,0.0,-0.0,
1791373239.46023,stand,-0.057539653324500985,-0.006729645451285161,0.0,0.0,-0.033952378637306733,0.0,0.1633068258104642,0.0,0.0,0.0,False,0.0,0.0,0.0,0.0,0.16867852054565124,0.16806112938018106,2.81,-3.24,0.0,0.0,0.0,-0.0,
1791373239.4702408,stand,-0.05928687425464051,-0.00641276675796203,0.0,0.0,-0.0338472183367433,0.0,0.1635391478262355,0.0,0.0,0.0,False,0.0,0.0,0.0,0.0,0.16888426242540838,0.16847274519254665,2.88,-3.27,0.0,0.0,0.0,-0.0,
1791373239.480257,stand,-0.06072523019126608,-0.0063244856783704504,0.0,0.0,-0.03371310115451711,0.0,0.16384847540480163,0.0,0.0,0.0,False,0.0,0.0,0.0,0.0,0.16929560840165203,0.1688842451111035,2.89,-3.25,0.0,0.0,0.0,-0.0,
1791373239.4902735,stand,-0.0620869323323499,-0.006608136599243185,0.0,0.0,-0.033581605996205355,0.0,0.16415789056122568,0.0,0.0,0.0,False,0.0,0.0,0.0,0.0,0.1697068941730331,0.16929559108734712,2.82,-3.25,0.0,0.0,0.0,-0.0,
1791373239.5002353,stand,-0.06351300973620042,-0.006819675747613021,0.0,0.0,-0.0334859095985133,0.0,0.16439005786745695,0.0,0.0,0.0,False,0.0,0.0,0.0,0.0,0.1701180179078467,0.16950123929730154,2.86,-3.37,0.0,0.0,0.0,-0.0,
1791373239.5102623,stand,-0.06503251107750298,-0.006699647987333109,0.0,0.0,-0.033392510619783475,0.0,0.16462230791676363,0.0,0.0,0.0,False,0.0,0.0,0.0,0.0,0.17032353027668845,0.16991248823822158,2.8000000000000003,-3.21,0.0,0.0,0.0,-0.0,
1791373239.520258,stand,-0.06655739919625764,-0.006468106240576737,0.0,0.0,-0.033269897136802486,0.0,0.16493197608761972,0.0,0.0,0.0,False,0.0,0.0,0.0,0.0,0.17073449411823335,0.17032351297590512,2.72,-3.18,0.0,0.0,0.0,-0.0,
1791373239.5302684,stand,-0.06795397753974677,-0.006549180041871414,0.0,0.0,-0.033121326173914854,0.0,0.16531906255347492,0.0,0.0,0.0,False,0.0,0.0,0.0,0.0,0.17135064594051866,0.17073447682043238,2.69,-3.18,0.0,0.0,0.0,-0.0,
1791373239.5402527,stand,-0.0693502574744374,-0.006829000618411654,0.0,0.0,-0.03303491081467034,0.0,0.16555118379082684,0.0,0.0,0.0,False,0.0,0.0,0.0,0.0,0.17176121805199598,0.1709399251541334,2.62,-3.17,0.0,0.0,0.0,-0.0,
1791373239.5502496,stand,-0.07069591358577716,-0.006896842607502272,0.0,0.0,-0.032948707066033575,0.0,0.16578330888799997,0.0,0.0,0.0,False,0.0,0.0,0.0,0.0,0.17196648308818255,0.1713506286532568,2.64,-3.02,0.0,0.0,0.0,-0.0,
1791373239.560262,stand,-0.0716924297711964,-0.006650534769076723,0.0,0.0,-0.03283666087577699,0.0,0.1660925927740822,0.0,0.0,0.0,False,0.0,0.0,0.0,0.0,0.17237694565838582,0.17176120077109733,2.54,-3.0,0.0,0.0,0.0,-0.0,
1791373239.5703022,stand,-0.07257572274005734,-0.006562500840940583,0.0,0.0,-0.03272799304775057,0.0,0.16640169912220906,0.0,0.0,0.0,False,0.0,0.0,0.0,0.0,0.17278720479807924,0.17217169709616348,2.56,-2.98,0.0,0.0,0.0,-0.0,
1791373239.5802553,stand,-0.07355318870653846,-0.00689132239281076,0.0,0.0,-0.03262119824100014,0.0,0.16671075556571055,0.0,0.0,0.0,False,0.0,0.0,0.0,0.0,0.17319732812355867,0.17258207199096406,2.6,-3.1,0.0,0.0,0.0,-0.0,
1791373239.5902324,stand,-0.07447330433177606,-0.006992127824665598,0.0,0.0,-0.032543541730169614,0.0,0.16694247209284555,0.0,0.0,0.0,False,0.0,0.0,0.0,0.0,0.17340235863456022,0.1729922803523383,2.5,-3.0300000000000002,0.0,0.0,0.0,-0.0,
1791373239.6002367,stand,-0.07518093573500435,-0.006606338280747651,0.0,0.0,-0.032442610545491204,0.0,0.167251496247838,0.0,0.0,0.0,False,0.0,0.0,0.0,0.0,0.17381221397988766,0.1734023413743414,2.6,-2.97,0.0,0.0,0.0,-0.0,
1791373239.6102617,stand,-0.07578987820457576,-0.0064689509605694384,0.0,0.0,-0.03234650414272274,0.0,0.1675606537722699,0.0,0.0,0.0,False,0.0,0.0,0.0,0.0,0.1742219341098253,0.17381219672941314,2.61,-2.99,0.0,0.0,0.0,-0.0,
1791373239.6202343,stand,-0.07635909231930775,-0.006812397517599111,0.0,0.0,-0.032252958338789994,0.0,0.16786987606704304,0.0,0.0,0.0,False,0.0,0.0,0.0,0.0,0.17463152963789857,0.1742219168665084,2.61,-2.94,0.0,0.0,0.0,-0.0,
1791373239.630267,stand,-0.07685070658011317,-0.006930482703571543,0.0,0.0,-0.03220776120721612,0.0,0.16802442756181665,0.0,0.0,0.0,False,0.0,0.0,0.0,0.0,0.17483627906516003,0.1744267466034099,2.63,-2.85,0.0,0.0,0.0,-0.0,
1791373239.640265,stand,-0.07708927553332447,-0.006456784896633851,0.0,0.0,-0.03211910414941445,0.0,0.168333469508793,0.0,0.0,0.0,False,0.0,0.0,0.0,0.0,0.17524567919433012,0.17483626182860387,2.64,-2.82,0.0,0.0,0.0,-0.0,
1791373239.650243,stand,-0.07735130259679604,-0.006170094230100287,0.0,0.0,-0.0320322159597283,0.0,0.1686424520326832,0.0,0.0,0.0,False,0.0,0.0,0.0,0.0,0.17565492475915573,0.17524566196413835,2.65,-3.0100000000000002,0.0,0.0,0.0,-0.0,
1791373239.660236,stand,-0.07759790836275625,-0.006336013836927219,0.0,0.0,-0.031989742740134865,0.0,0.16879688909982887,0.0,0.0,0.0,False,0.0,0.0,0.0,0.0,0.17585947341231709,0.17545033579069402,2.74,-2.96,0.0,0.0,0.0,-0.0,
1791373239.670237,stand,-0.07759061185265292,-0.006353224793513902,0.0,0.0,-0.03192662512632552,0.0,0.16902851654844248,0.0,0.0,0.0,False,0.0,0.0,0.0,0.0,0.1760639844183696,0.1758594561926628,2.85,-2.99,0.0,0.0,0.0,-0.0,
1791373239.6802416,stand,-0.07731051389117775,-0.005748896919783236,0.0,0.0,-0.03184385728964295,0.0,0.16933728200155476,0.0,0.0,0.0,False,0.0,0.0,0.0,0.0,0.17647285020255438,0.17626840010055292,2.81,-2.96,0.0,0.0,0.0,-0.0,
1791373239.6902404,stand,-0.0771435577690053,-0.005248291798613825,0.0,0.0,-0.031802628453509285,0.0,0.16949166239612223,0.0,0.0,0.0,False,0.0,0.0,0.0,0.0,0.17667721211640502,0.1764728329926453,2.85,-2.95,0.0,0.0,0.0,-0.0,
1791373239.700261,stand,-0.07715647337880495,-0.005239532076259629,0.0,0.0,-0.031745006203599185,0.0,0.16972296439269843,0.0,0.0,0.0,False,0.0,0.0,0.0,0.0,0.1768815599954663,0.17688154279271395,2.92,-3.04,0.0,0.0,0.0,-0.0,
1791373239.7102525,stand,-0.07699609508859197,-0.005118227059002626,0.0,0.0,-0.03168954701420781,0.0,0.16995413442319934,0.0,0.0,0.0,False,0.0,0.0,0.0,0.0,0.1772901001009387,0.17708585079455896,2.96,-2.99,0.0,0.0,0.0,-0.0,
1791373239.7202394,stand,-0.07655199324323386,-0.0046393474383967705,0.0,0.0,-0.03161585623054581,0.0,0.17026236331990371,0.0,0.0,0.0,False,0.0,0.0,0.0,0.0,0.1776984917096465,0.17749431502130492,2.95,-2.88,0.0,0.0,0.0,-0.0,
1791373239.7302673,stand,-0.07609759411452986,-0.00420078842464169,0.0,0.0,-0.03156279416245111,0.0,0.1704936721098094,0.0,0.0,0.0,False,0.0,0.0,0.0,0.0,0.1779026388146077,0.17790262162875725,3.02,-3.0300000000000002,0.0,0.0,0.0,-0.0,
1791373239.740251,stand,-0.07564688635233405,-0.00404701068173437,0.0,0.0,-0.031510867186382144,0.0,0.17072504808367525,0.0,0.0,0.0,False,0.0,0.0,0.0,0.0,0.17810672918053205,0.17831070318671768,3.0700000000000003,-3.0500000000000003,0.0,0.0,0.0,-0.0,
1791373239.7502437,stand,-0.07528572611417211,-0.004059315295052134,0.0,0.0,-0.0314590807685475,0.0,0.1709564245166399,0.0,0.0,0.0,False,0.0,0.0,0.0,0.0,0.17851471153835144,0.1785146943656274,3.06,-3.0,0.0,0.0,0.0,-0.0,
1791373239.760259,stand,-0.07491540070669005,-0.003996980630122126,0.0,0.0,-0.031393170608828604,0.0,0.17126482067570373,0.0,0.0,0.0,False,0.0,0.0,0.0,0.0,0.1789225346364533,0.17892251747088514,3.0500000000000003,-3.0100000000000002,0.0,0.0,0.0,-0.0,
1791373239.770251,stand,-0.07436214400814803,-0.0037603261051789095,0.0,0.0,-0.03133029849038057,0.0,0.17157311525906407,0.0,0.0,0.0,False,0.0,0.0,0.0,0.0,0.17933024238933284,0.17933022523013067,2.98,-2.97,0.0,0.0,0.0,-0.0,
1791373239.780258,stand,-0.07384974829705673,-0.003592794266433907,0.0,0.0,-0.031283325641578145,0.0,0.17180433320740826,0.0,0.0,0.0,False,0.0,0.0,0.0,0.0,0.17953407294526705,0.1797377387490826,2.98,-2.95,0.0,0.0,0.0,-0.0,
1791373239.7901993,stand,-0.07338318135686758,-0.003843809841495254,0.0,0.0,-0.031225764947588015,0.0,0.17211211893719047,0.0,0.0,0.0,False,0.0,0.0,0.0,0.0,0.1801450559451548,0.17994140399620362,2.95,-3.1,0.0,0.0,0.0,-0.0,
1791373239.8002374,stand,-0.07298811673342485,-0.004399158430917585,0.0,0.0,-0.031170001736484935,0.0,0.17241973980573333,0.0,0.0,0.0,False,0.0,0.0,0.0,0.0,0.18055223518809663,0.18034862842770624,2.85,-3.02,0.0,0.0,0.0,-0.0,
1791373239.8102396,stand,-0.07271799728917255,-0.004594692859372054,0.0,0.0,-0.03111528919562994,0.0,0.17272743094867762,0.0,0.0,0.0,False,0.0,0.0,0.0,0.0,0.18095909832971635,0.18075565688651182,2.88,-2.94,0.0,0.0,0.0,-0.0,
1791373239.8202426,stand,-0.07229412335563108,-0.0046456836481900705,0.0,0.0,-0.031063190960432266,0.0,0.17303532098786742,0.0,0.0,0.0,False,0.0,0.0,0.0,0.0,0.18136583942689477,0.18116247362125046,2.71,-2.92,0.0,0.0,0.0,-0.0,
1791373239.8302784,stand,-0.07199197172341201,-0.00503542631077186,0.0,0.0,-0.031024263045930082,0.0,0.17326623638077399,0.0,0.0,0.0,False,0.0,0.0,0.0,0.0,0.1817724202195233,0.1813658223082581,2.71,-2.89,0.0,0.0,0.0,-0.0,
1791373239.8402631,stand,-0.07171544929981251,-0.005752181812334128,0.0,0.0,-0.030974931906187938,0.0,0.17357388053281128,0.0,0.0,0.0,False,0.0,0.0,0.0,0.0,0.18217879849987784,0.1817724031114216,2.66,-2.77,0.0,0.0,0.0,-0.0,
1791373239.8502498,stand,-0.07139984177485711,-0.006061175971682284,0.0,0.0,-0.0309281667183339,0.0,0.1738812832493815,0.0,0.0,0.0,False,0.0,0.0,0.0,0.0,0.18258493369347872,0.18217878140490432,2.61,-2.77,0.0,0.0,0.0,-0.0,
1791373239.8602438,stand,-0.07118051749769808,-0.006207298035984726,0.0,0.0,-0.030882817030115233,0.0,0.17418864590685898,0.0,0.0,0.0,False,0.0,0.0,0.0,0.0,0.18299090309463303,0.18258491659850523,2.47,-2.69,0.0,0.0,0.0,-0.0,
1791373239.8702486,stand,-0.07105500872118267,-0.006773995265244024,0.0,0.0,-0.03086082671252407,0.0,0.17434230715154347,0.0,0.0,0.0,False,0.0,0.0,0.0,0.0,0.18319383237828069,0.18278790339163284,2.38,-2.64,0.0,0.0,0.0,-0.0,
1791373239.8802364,stand,-0.0706899556135073,-0.007582816305507884,0.0,0.0,-0.03085044558295667,0.0,0.17441911838911267,0.0,0.0,0.0,False,0.0,0.0,0.0,0.0,0.18339669919636176,0.18278790339163284,2.2600000000000002,-2.56,0.0,0.0,0.0,-0.0,
1791373239.8902814,stand,-0.0700537114093579,-0.007913851572578005,0.0,0.0,-0.030829710729735345,0.0,0.17457274092056696,0.0,0.0,0.0,False,0.0,0.0,0.0,0.0,0.18359956601444283,0.1829908860068136,2.18,-2.45,0.0,0.0,0.0,-0.0,
1791373239.9001946,stand,-0.06933100875367594,-0.007981318978521454,0.0,0.0,-0.030829710729735345,0.0,0.17457274092056696,0.0,0.0,0.0,False,0.0,0.0,0.0,0.0,0.18359956601444283,0.1829908860068136,2.13,-2.5100000000000002,0.0,0.0,0.0,-0.0,
1791373239.91026,stand,-0.06846399852844083,-0.008320180993723286,0.0,0.0,-0.030840073592714283,0.0,0.1744959296454621,0.0,0.0,0.0,False,0.0,0.0,0.0,0.0,0.18339669919636176,0.1829908860068136,2.24,-2.56,0.0,0.0,0.0,-0.0,
1791373239.92023,stand,-0.06757582709334578,-0.008836594888847847,0.0,0.0,-0.03085044558295667,0.0,0.17441911838911267,0.0,0.0,0.0,False,0.0,0.0,0.0,0.0,0.18339669919636176,0.18278790339163284,2.2800000000000002,-2.7800000000000002,0.0,0.0,0.0,-0.0,
1791373239.9302397,stand,-0.0665800291772548,-0.009017233607007978,0.0,0.0,-0.030862026242115943,0.0,0.17434226832120941,0.0,0.0,0.0,False,0.0,0.0,0.0,0.0,0.18339669919636176,0.18258491659850523,2.33,-2.85,0.0,0.0,0.0,-0.0,
1791373239.9402378,stand,-0.06555031002377022,-0.009045334625428073,0.0,0.0,-0.030872417054124548,0.0,0.17426545710461827,0.0,0.0,0.0,False,0.0,0.0,0.0,0.0,0.18319383237828069,0.18258491659850523,2.35,-2.82,0.0,0.0,0.0,-0.0,
1791373239.9502614,stand,-0.06459872678177697,-0.009098502389740618,0.0,0.0,-0.030884042495189015,0.0,0.1741886062767826,0.0,0.0,0.0,False,0.0,0.0,0.0,0.0,0.18319383237828069,0.18238184900170476,2.38,-2.95,0.0,0.0,0.0,-0.0,
1791373239.9602385,stand,-0.06356127125621389,-0.009285312301656166,0.0,0.0,-0.030884042495189015,0.0,0.1741886062767826,0.0,0.0,0.0,False,0.0,0.0,0.0,0.0,0.18319383237828069,0.18238184900170476,2.37,-2.9,0.0,0.0,0.0,-0.0,
1791373239.9702387,stand,-0.06265637992027356,-0.009336770014787322,0.0,0.0,-0.030884042495189015,0.0,0.1741886062767826,0.0,0.0,0.0,False,0.0,0.0,0.0,0.0,0.18319383237828069,0.18238184900170476,2.36,-2.9,0.0,0.0,0.0,-0.0,
1791373239.9802382,stand,-0.06184460627731267,-0.00927138071450131,0.0,0.0,-0.030884042495189015,0.0,0.1741886062767826,0.0,0.0,0.0,False,0.0,0.0,0.0,0.0,0.18319383237828069,0.18238184900170476,2.37,-2.88,0.0,0.0,0.0,-0.0,
1791373239.9902694,stand,-0.06104809074126743,-0.009243905577005766,0.0,0.0,-0.030884042495189015,0.0,0.1741886062767826,0.0,0.0,0.0,False,0.0,0.0,0.0,0.0,0.18319383237828069,0.18238184900170476,2.38,-2.88,0.0,0.0,0.0,-0.0,
1791373240.000246,stand,-0.06023659859883535,-0.009237318327029453,0.0,0.0,-0.030872417054124548,0.0,0.17426545710461827,0.0,0.0,0.0,False,0.0,0.0,0.0,0.0,0.18319383237828069,0.18258491659850523,2.36,-2.87,0.0,0.0,0.0,-0.0,
1791373240.0102527,stand,-0.05933607639153127,-0.009167805385995249,0.0,0.0,-0.030872417054124548,0.0,0.17426545710461827,0.0,0.0,0.0,False,0.0,0.0,0.0,0.0,0.18319383237828069,0.18258491659850523,2.38,-2.75,0.0,0.0,0.0,-0.0,
1791373240.020235,stand,-0.05841851325254242,-0.009042219271966148,0.0,0.0,-0.030884042495189015,0.0,0.1741886062767826,0.0,0.0,0.0,False,0.0,0.0,0.0,0.0,0.18319383237828069,0.18238184900170476,2.38,-2.77,0.0,0.0,0.0,-0.0,
1791373240.0306923,stand,-0.057500915066858976,-0.008979530063678479,0.0,0.0,-0.030872417054124548,0.0,0.17426545710461827,0.0,0.0,0.0,False,0.0,0.0,0.0,0.0,0.18319383237828069,0.18258491659850523,2.38,-2.73,0.0,0.0,0.0,-0.0,
1791373240.0402431,stand,-0.056676359154293775,-0.008927044119032489,0.0,0.0,-0.030884042495189015,0.0,0.1741886062767826,0.0,0.0,0.0,False,0.0,0.0,0.0,0.0,0.18319383237828069,0.18238184900170476,2.37,-2.93,0.0,0.0,0.0,-0.0,
1791373240.0502377,stand,-0.05590722138573263,-0.008809826763535868,0.0,0.0,-0.030872417054124548,0.0,0.17426545710461827,0.0,0.0,0.0,False,0.0,0.0,0.0,0.0,0.18319383237828069,0.18258491659850523,2.38,-2.73,0.0,0.0,0.0,-0.0,
1791373240.0603428,stand,-0.055194960992405874,-0.008743582152611984,0.0,0.0,-0.030884042495189015,0.0,0.1741886062767826,0.0,0.0,0.0,False,0.0,0.0,0.0,0.0,0.18319383237828069,0.18238184900170476,2.36,-2.91,0.0,0.0,0.0,-0.0,
1791373240.0702503,stand,-0.05450883248337483,-0.00866480611644257,0.0,0.0,-0.030872417054124548,0.0,0.17426545710461827,0.0,0.0,0.0,False,0.0,0.0,0.0,0.0,0.18319383237828069,0.18258491659850523,2.38,-2.73,0.0,0.0,0.0,-0.0,
1791373240.0802667,stand,-0.053855891773091344,-0.008694338705087555,0.0,0.0,-0.030872417054124548,0.0,0.17426545710461827,0.0,0.0,0.0,False,0.0,0.0,0.0,0.0,0.18319383237828069,0.18258491659850523,2.36,-2.7600000000000002,0.0,0.0,0.0,-0.0,
1791373240.0902822,stand,-0.05323307326963877,-0.008655836751690803,0.0,0.0,-0.030872417054124548,0.0,0.17426545710461827,0.0,0.0,0.0,False,0.0,0.0,0.0,0.0,0.18319383237828069,0.18258491659850523,2.36,-2.7600000000000002,0.0,0.0,0.0,-0.0,
1791373240.1002533,stand,-0.052562734425746827,-0.008667447508740139,0.0,0.0,-0.030872417054124548,0.0,0.17426545710461827,0.0,0.0,0.0,False,0.0,0.0,0.0,0.0,0.18319383237828069,0.18258491659850523,2.36,-2.7600000000000002,0.0,0.0,0.0,-0.0,
1791373240.110254,stand,-0.051951363966439706,-0.008690868679425753,0.0,0.0,-0.030872417054124548,0.0,0.17426545710461827,0.0,0.0,0.0,False,0.0,0.0,0.0,0.0,0.18319383237828069,0.18258491659850523,2.38,-2.77,0.0,0.0,0.0,-0.0,
1791373240.1202815,stand,-0.05137779982694925,-0.00872767426506001,0.0,0.0,-0.030884042495189015,0.0,0.1741886062767826,0.0,0.0,0.0,False,0.0,0.0,0.0,0.0,0.18319383237828069,0.18238184900170476,2.38,-2.77,0.0,0.0,0.0,-0.0,
1791373240.130249,stand,-0.050911310028542496,-0.008773662131874005,0.0,0.0,-0.030872417054124548,0.0,0.17426545710461827,0.0,0.0,0.0,False,0.0,0.0,0.0,0.0,0.18319383237828069,0.18258491659850523,2.36,-2.73,0.0,0.0,0.0,-0.0,
1791373240.1402338,stand,-0.050524102605395804,-0.00885054694849031,0.0,0.0,-0.030884042495189015,0.0,0.1741886062767826,0.0,0.0,0.0,False,0.0,0.0,0.0,0.0,0.18319383237828069,0.18238184900170476,2.37,-2.91,0.0,0.0,0.0,-0.0,
1791373240.1502547,stand,-0.05024804013404968,-0.008912426038191198,0.0,0.0,-0.030872417054124548,0.0,0.17426545710461827,0.0,0.0,0.0,False,0.0,0.0,0.0,0.0,0.18319383237828069,0.18258491659850523,2.36,-2.89,0.0,0.0,0.0,-0.0,
1791373240.1602337,stand,-0.050003101195381455,-0.00903500961956576,0.0,0.0,-0.030884042495189015,0.0,0.1741886062767826,0.0,0.0,0.0,False,0.0,0.0,0.0,0.0,0.18319383237828069,0.18238184900170476,2.38,-2.9,0.0,0.0,0.0,-0.0,
1791373240.1702251,stand,-0.0498206943343717,-0.009121383500672634,0.0,0.0,-0.030884042495189015,0.0,0.1741886062767826,0.0,0.0,0.0,False,0.0,0.0,0.0,0.0,0.18319383237828069,0.18238184900170476,2.38,-2.73,0.0,0.0,0.0,-0.0,
1791373240.1802313,stand,-0.04965919208312648,-0.009245771139594579,0.0,0.0,-0.030884042495189015,0.0,0.1741886062767826,0.0,0.0,0.0,False,0.0,0.0,0.0,0.0,0.18319383237828069,0.18238184900170476,2.37,-2.89,0.0,0.0,0.0,-0.0,
1791373240.1902485,stand,-0.049544722895473,-0.009303267582668676,0.0,0.0,-0.030884042495189015,0.0,0.1741886062767826,0.0,0.0,0.0,False,0.0,0.0,0.0,0.0,0.18319383237828069,0.18238184900170476,2.36,-2.88,0.0,0.0,0.0,-0.0,
1791373240.2002673,stand,-0.049078721232186116,-0.009726363734159445,0.0,0.0,-0.030884042495189015,0.0,0.1741886062767826,0.0,0.0,0.0,False,0.0,0.0,0.0,0.0,0.18319383237828069,0.18238184900170476,2.37,-2.89,0.0,0.0,0.0,-0.0,
1791373240.210263,stand,-0.04906211256490546,-0.009780507682127309,0.0,0.0,-0.030884042495189015,0.0,0.1741886062767826,0.0,0.0,0.0,False,0.0,0.0,0.0,0.0,0.18319383237828069,0.18238184900170476,2.37,-2.89,0.0,0.0,0.0,-0.0,
1791373240.2202277,stand,-0.0491182423256408,-0.009822538158486828,0.0,0.0,-0.030884042495189015,0.0,0.1741886062767826,0.0,0.0,0.0,False,0.0,0.0,0.0,0.0,0.18319383237828069,0.18238184900170476,2.37,-2.9,0.0,0.0,0.0,-0.0,
1791373240.2302485,stand,-0.04928030781485444,-0.009840589547615134,0.0,0.0,-0.030884042495189015,0.0,0.1741886062767826,0.0,0.0,0.0,False,0.0,0.0,0.0,0.0,0.18319383237828069,0.18238184900170476,2.37,-2.89,0.0,0.0,0.0,-0.0,
1791373240.2402303,stand,-0.048176584932961584,-0.010718079431775556,0.0,0.0,-0.030884042495189015,0.0,0.1741886062767826,0.0,0.0,0.0,False,0.0,0.0,0.0,0.0,0.18319383237828069,0.18238184900170476,2.37,-2.89,0.0,0.0,0.0,-0.0,
1791373240.2502315,stand,-0.04827922075925904,-0.010973377252622438,0.0,0.0,-0.030884042495189015,0.0,0.1741886062767826,0.0,0.0,0.0,False,0.0,0.0,0.0,0.0,0.18319383237828069,0.18238184900170476,2.38,-2.89,0.0,0.0,0.0,-0.0,
1791373240.260235,stand,-0.04784196823338703,-0.0114440576966031,0.0,0.0,-0.030884042495189015,0.0,0.1741886062767826,0.0,0.0,0.0,False,0.0,0.0,0.0,0.0,0.18319383237828069,0.18238184900170476,2.37,-2.88,0.0,0.0,0.0,-0.0,
1791373240.2702694,stand,-0.047882975212232066,-0.011654610434461551,0.0,0.0,-0.030884042495189015,0.0,0.1741886062767826,0.0,0.0,0.0,False,0.0,0.0,0.0,0.0,0.18319383237828069,0.18238184900170476,2.38,-2.89,0.0,0.0,0.0,-0.0,
1791373240.2801993,stand,-0.047820629569816,-0.01168398925936753,0.0,0.0,-0.030884042495189015,0.0,0.1741886062767826,0.0,0.0,0.0,False,0.0,0.0,0.0,0.0,0.18319383237828069,0.18238184900170476,2.38,-2.89,0.0,0.0,0.0,-0.0,
1791373240.2902858,stand,-0.04758239191492849,-0.011509794104822143,0.0,0.0,-0.030884042495189015,0.0,0.1741886062767826,0.0,0.0,0.0,False,0.0,0.0,0.0,0.0,0.18319383237828069,0.18238184900170476,2.38,-2.89,0.0,0.0,0.0,-0.0,
1791373240.3002837,stand,-0.0481527205128841,-0.011427121171607556,0.0,0.0,-0.030884042495189015,0.0,0.1741886062767826,0.0,0.0,0.0,False,0.0,0.0,0.0,0.0,0.18319383237828069,0.18238184900170476,2.37,-2.89,0.0,0.0,0.0,-0.0,
1791373240.3102503,stand,-0.04879806420620974,-0.011346597708305994,0.0,0.0,-0.030884042495189015,0.0,0.1741886062767826,0.0,0.0,0.0,False,0.0,0.0,0.0,0.0,0.18319383237828069,0.18238184900170476,2.38,-2.89,0.0,0.0,0.0,-0.0,
1791373240.3202322,stand,-0.04953921165087039,-0.011276025071133067,0.0,0.0,-0.030884042495189015,0.0,0.1741886062767826,0.0,0.0,0.0,False,0.0,0.0,0.0,0.0,0.18319383237828069,0.18238184900170476,2.37,-2.89,0.0,0.0,0.0,-0.0,
1791373240.3302603,stand,-0.0503074329454141,-0.011203126464580167,0.0,0.0,-0.030884042495189015,0.0,0.1741886062767826,0.0,0.0,0.0,False,0.0,0.0,0.0,0.0,0.18319383237828069,0.18238184900170476,2.36,-2.87,0.0,0.0,0.0,-0.0,
1791373240.3402421,stand,-0.05113288723924702,-0.011178646079902902,0.0,0.0,-0.030884042495189015,0.0,0.1741886062767826,0.0,0.0,0.0,False,0.0,0.0,0.0,0.0,0.18319383237828069,0.18238184900170476,2.36,-2.73,0.0,0.0,0.0,-0.0,
1791373240.3502376,stand,-0.05201785809506545,-0.01118341741895933,0.0,0.0,-0.030872417054124548,0.0,0.17426545710461827,0.0,0.0,0.0,False,0.0,0.0,0.0,0.0,0.18319383237828069,0.18258491659850523,2.37,-2.89,0.0,0.0,0.0,-0.0,
1791373240.3602607,stand,-0.052966854856207335,-0.011183445749032414,0.0,0.0,-0.030884042495189015,0.0,0.1741886062767826,0.0,0.0,0.0,False,0.0,0.0,0.0,0.0,0.18319383237828069,0.18238184900170476,2.37,-2.91,0.0,0.0,0.0,-0.0,
1791373240.3702466,balance,-0.05397729026745443,-0.011172813424992134,-0.08484970732157898,-0.10744702854404635,-0.030872417054124548,0.0,0.17426545710461827,-0.003368919051709313,0.0,-2.602582491189809e-05,False,0.0,0.0,-0.09989277695905852,-0.09918329666607806,0.18319383237828069,0.18258491659850523,2.38,-2.87,-0.6992494387134096,-0.6942830766625464,-0.5505901092231572,0.5466795879232649,
1791373240.3802598,balance,-0.055106461500365723,-0.011197866937945914,-0.08599050399555475,-0.12856013683153728,-0.030884042495189015,0.0,0.1741886062767826,-0.016711217460335027,0.0,-0.00013779563406263933,False,0.0,0.0,-0.09285714285714286,-0.09285714285714286,0.18319383237828069,0.18238184900170476,2.37,-2.91,-0.65,-0.65,-0.5118110236220472,0.5118110236220472,
1791373240.3902721,balance,-0.0558433065576964,-0.011224071608313863,-0.08671572361182095,0.027413535217027295,-0.030872417054124548,0.0,0.17426545710461827,-0.0633555625772251,0.0,-0.0006422091260395867,False,0.0,0.0,-0.09285714285714286,-0.09285714285714286,0.18319383237828069,0.18258491659850523,2.35,-2.72,-0.65,-0.65,-0.5118110236220472,0.5118110236220472,
1791373240.400237,balance,-0.05209530895379111,-0.011263512654031575,-0.08295733519590705,0.6961983679618766,-0.030862026242115943,0.0,0.17434226832120941,-0.10081791050872892,0.0,-0.0015566297663077572,False,0.0,0.0,0.0,0.0,0.18339669919636176,0.18258491659850523,2.34,-2.7600000000000002,0.0,0.0,0.0,-0.0,
1791373240.4102652,balance,-0.04220179630521057,-0.01123634356294049,-0.07306382254732652,1.2034605945228727,-0.030862026242115943,0.0,0.17434226832120941,-0.11095877518116587,0.0,-0.0026726862092186247,False,0.0,0.0,0.0,0.0,0.18339669919636176,0.18258491659850523,2.25,-2.79,0.0,0.0,0.0,-0.0,
1791373240.4202614,balance,-0.030088094910353063,-0.011159851605467874,-0.06096051196447761,1.0718070526245453,-0.030872417054124548,0.0,0.17426545710461827,-0.11885615260880558,0.0,-0.0038183762176203116,False,0.0,0.0,0.09285714285714286,0.0,0.18319383237828069,0.18258491659850523,2.32,-2.86,0.65,0.0,0.5118110236220472,-0.0,
1791373240.430269,balance,-0.02260764878084728,-0.011072876334133813,-0.053481290757530615,0.5507950489420832,-0.030873641976683335,0.0,0.17426541747232188,-0.16322122229954247,0.0,-0.005335584003348629,False,0.0,0.0,0.0,-0.09285714285714286,0.18339669919636176,0.18238184900170476,2.33,-2.92,0.0,-0.65,0.0,0.5118110236220472,
1791373240.4402537,balance,-0.01783332212282626,-0.010951722388200706,-0.0487069640995096,0.4764438107374625,-0.030873641976683335,0.0,0.17426541747232188,-0.1930362691254676,0.0,-0.007205017233416684,False,0.0,0.0,0.0,-0.09285714285714286,0.18339669919636176,0.18238184900170476,2.2600000000000002,-2.87,0.0,-0.65,0.0,0.5118110236220472,
1791373240.4502587,balance,-0.011452141089223182,-0.010489461011672745,-0.042325783065906515,0.7767593242423316,-0.030873641976683335,0.0,0.17426541747232188,-0.18129559559065547,0.0,-0.009064743483979622,False,0.0,0.0,0.0,0.0,0.18339669919636176,0.18238184900170476,2.31,-2.77,0.0,0.0,0.0,-0.0,
1791373240.4602616,balance,-0.0030634693791672394,-0.010685655354946855,-0.033947511874356254,0.8483399451024027,-0.030884042495189015,0.0,0.1741886062767826,-0.1630461783480761,0.0,-0.010738351452545666,False,0.0,0.0,0.0,0.0,0.18319383237828069,0.18238184900170476,2.36,-2.89,0.0,0.0,0.0,-0.0,
1791373240.470266,balance,0.004787724458776983,-0.010674035056560503,-0.026096318036412033,0.7116718064179921,-0.030884042495189015,0.0,0.1741886062767826,-0.16022504048264163,0.0,-0.012338552635829671,False,0.0,0.0,0.0,0.0,0.18319383237828069,0.18238184900170476,2.4,-2.93,0.0,0.0,0.0,-0.0,
1791373240.4802608,balance,0.010915729839519949,-0.010671678939290849,-0.019968312655669066,0.5565981243187392,-0.030884042495189015,0.0,0.1741886062767826,-0.17078811915329473,0.0,-0.01401474826745784,False,0.0,0.0,0.0,0.0,0.18319383237828069,0.18238184900170476,2.39,-2.93,0.0,0.0,0.0,-0.0,
1791373240.4902542,balance,0.016674616598790156,-0.010056588380935786,-0.01420942589639886,0.6090933259421842,-0.030884042495189015,0.0,0.1741886062767826,-0.1725424022729902,0.0,-0.015750281460800403,False,0.0,0.0,0.0,0.0,0.18319383237828069,0.18238184900170476,2.39,-2.89,0.0,0.0,0.0,-0.0,
1791373240.500262,balance,0.023073020498646866,-0.009820287839086887,-0.007811021996542149,0.6481858030249718,-0.030884042495189015,0.0,0.1741886062767826,-0.15165110678821467,0.0,-0.017320702020463635,False,0.0,0.0,0.0,0.0,0.18319383237828069,0.18238184900170476,2.41,-2.91,0.0,0.0,0.0,-0.0,
1791373240.5102446,balance,0.028790527894204634,-0.010228737778672106,-0.0020935146009843815,0.48099513135068284,-0.030884042495189015,0.0,0.1741886062767826,-0.14228466775162124,0.0,-0.01875626677687144,False,0.0,0.0,0.0,0.0,0.18319383237828069,0.18238184900170476,2.41,-2.9,0.0,0.0,0.0,-0.0,
1791373240.5202441,balance,0.03325484024033774,-0.010292481779391446,0.0023707977451487214,0.4391999785180697,-0.030884042495189015,0.0,0.1741886062767826,-0.13905187716042752,0.0,-0.020155944008820068,False,0.0,0.0,0.0,0.0,0.18319383237828069,0.18238184900170476,2.4,-2.89,0.0,0.0,0.0,-0.0,
1791373240.5302598,balance,0.0379477050272157,-0.009620065604528522,0.007063662532026685,0.47719819788740747,-0.030884042495189015,0.0,0.1741886062767826,-0.12309223377850308,0.0,-0.02143439999137711,False,0.0,0.0,0.0,0.0,0.18319383237828069,0.18238184900170476,2.45,-2.9,0.0,0.0,0.0,-0.0,
1791373240.540264,balance,0.04226793970044644,-0.00927047480515955,0.011373487510163077,0.3969161262377463,-0.030894452190283365,0.0,0.17411179510010205,-0.11235689104596167,0.0,-0.022584796396168137,False,0.0,0.0,0.09285714285714286,0.0,0.18299090309463303,0.18238184900170476,2.41,-2.9,0.65,0.0,0.5118110236220472,-0.0,
1791373240.5502841,balance,0.04615295839476909,-0.00965208342520195,0.015268915899580078,0.40915221755911385,-0.030884042495189015,0.0,0.1741886062767826,-0.0924435082349636,0.0,-0.023575077039017647,False,0.0,0.0,0.0,0.0,0.18319383237828069,0.18238184900170476,2.49,-2.91,0.0,0.0,0.0,-0.0,
1791373240.5602481,balance,0.04955481499356428,-0.010051474976539755,0.018660362803280917,0.24315280713607573,-0.030894452190283365,0.0,0.17411179510010205,-0.08014797748346322,0.0,-0.024390199871622453,False,0.0,0.0,0.0,0.0,0.18299090309463303,0.18238184900170476,2.43,-2.95,0.0,0.0,0.0,-0.0,
1791373240.5703015,balance,0.05118675106733727,-0.009646153275866678,0.020292298877053905,0.1297855083742717,-0.030894452190283365,0.0,0.17411179510010205,-0.07595250680165953,0.0,-0.02515476743193277,False,0.0,0.0,0.0,0.0,0.18299090309463303,0.18238184900170476,2.5100000000000002,-2.91,0.0,0.0,0.0,-0.0,
1791373240.5802548,balance,0.05267924187532069,-0.009334407086287598,0.021784789685037328,0.19340088544338702,-0.030894452190283365,0.0,0.17411179510010205,-0.06864634585675265,0.0,-0.025868136660574678,False,0.0,0.0,0.0,0.0,0.18299090309463303,0.18238184900170476,2.5500000000000003,-2.84,0.0,0.0,0.0,-0.0,
1791373240.590272,balance,0.05537367056144878,-0.009200353526999367,0.02447921837116542,0.28657638294864496,-0.030894452190283365,0.0,0.17411179510010205,-0.05192362779210527,0.0,-0.02643139229053086,False,0.0,0.0,0.0,0.0,0.18299090309463303,0.18238184900170476,2.52,-2.88,0.0,0.0,0.0,-0.0,
1791373240.6002498,balance,0.058350163837462096,-0.009624603654841224,0.027467346807346863,0.2748158244705104,-0.030882817030115233,0.0,0.17418864590685898,-0.03340252509521668,0.0,-0.026805738466668512,False,0.0,0.0,0.0,0.0,0.18299090309463303,0.18258491659850523,2.5500000000000003,-2.75,0.0,0.0,0.0,-0.0,
1791373240.6102734,balance,0.05998653618295581,-0.009775705177448961,0.029048445866683436,0.09053533430126248,-0.030894452190283365,4.3638125989008666e-05,0.17411179510010205,-0.029291564421422046,0.0,-0.027105278281449513,False,0.0,0.0,0.0,0.0,0.18299090309463303,0.18238184900170476,2.5,-2.91,0.0,0.0,0.0,-0.0,
1791373240.6202383,balance,0.06064751762530115,-0.00965086197416333,0.029709427309028775,0.0733152240711735,-0.030894452190283365,4.3638125989008666e-05,0.17411179510010205,-0.01806161476633816,0.0,-0.027316806603893767,False,0.0,0.0,0.09285714285714286,0.0,0.18299090309463303,0.18238184900170476,2.52,-2.88,0.65,0.0,0.5118110236220472,-0.0,
1791373240.6302552,balance,0.061634662548231654,-0.009800973128803306,0.03069657223195928,0.1147760005492647,-0.030894452190283365,4.3638125989008666e-05,0.17411179510010205,-0.006716045403473039,0.0,-0.027416987361752236,False,0.0,0.0,0.09285714285714286,0.0,0.18299090309463303,0.18238184900170476,2.44,-2.92,0.65,0.0,0.5118110236220472,-0.0,
1791373240.6402376,balance,0.06259505429245582,-0.010240854703696935,0.031667373671277796,0.09829538219802374,-0.030884042495189015,4.3638125989008666e-05,0.1741886062767826,0.003747712532625009,0.0,-0.02740413738240102,False,0.0,0.0,0.09285714285714286,0.0,0.18319383237828069,0.18238184900170476,2.5100000000000002,-2.91,0.65,0.0,0.5118110236220472,-0.0,
1791373240.6502335,balance,0.06339942776866207,-0.010528770129906505,0.03247174714748405,0.059348255716419655,-0.030884042495189015,4.3638125989008666e-05,0.1741886062767826,0.01374713667313657,0.0,-0.027290329079528115,False,0.0,0.0,0.0,0.0,0.18319383237828069,0.18238184900170476,2.41,-2.9,0.0,0.0,0.0,-0.0,
1791373240.6602356,balance,0.0641389188766441,-0.010124742923430808,0.03320082856037172,0.056908191995987484,-0.030894452190283365,4.3638125989008666e-05,0.17411179510010205,0.0221936267225638,0.0,-0.027080685740932735,False,0.0,0.0,0.09285714285714286,0.09285714285714286,0.18299090309463303,0.18238184900170476,2.42,-2.9,0.65,0.65,0.5118110236220472,-0.5118110236220472,
1791373240.6702383,balance,0.06438843052061043,-0.010039786962544674,0.0334607498994324,0.019361123321244615,-0.030884042495189015,4.3638125989008666e-05,0.1741886062767826,0.03038437539929189,0.0,-0.026808787147703197,False,0.0,0.0,0.0,0.09285714285714286,0.18319383237828069,0.18238184900170476,2.43,-2.9,0.0,0.65,0.0,-0.5118110236220472,
1791373240.680238,balance,0.06410974193689963,-0.010450674612781916,0.03308230467535283,-0.0543438510307803,-0.030884042495189015,0.00014339476635777932,0.1741886062767826,0.03043633189266272,0.0,-0.026505009081858464,False,0.0,0.0,0.0,0.0,0.18319383237828069,0.18238184900170476,2.38,-2.9,0.0,0.0,0.0,-0.0,
1791373240.690252,balance,0.06411696737854551,-0.010759449321171432,0.033089530116998715,0.05483865640300689,-0.030884042495189015,0.00014339476635777932,0.1741886062767826,0.038861420179952436,0.0,-0.026134566451434856,False,0.0,0.0,0.0,0.09285714285714286,0.18319383237828069,0.18238184900170476,2.4,-2.91,0.0,0.65,0.0,-0.5118110236220472,
1791373240.7002409,balance,0.06509072842114696,-0.010616329623591892,0.03406329115960017,0.14125432703988824,-0.030884042495189015,0.00014339476635777932,0.1741886062767826,0.04325852966859246,0.0,-0.025713836507142037,False,0.0,0.0,0.09285714285714286,0.09285714285714286,0.18319383237828069,0.18238184900170476,2.37,-2.9,0.65,0.65,0.5118110236220472,-0.5118110236220472,
1791373240.7102575,balance,0.06660508619478939,-0.010633942368041676,0.03557764893324259,0.13754525584632787,-0.030884042495189015,0.00014339476635777932,0.1741886062767826,0.05557661716311922,0.0,-0.025200157046772288,False,0.0,0.0,0.09285714285714286,0.09285714285714286,0.18319383237828069,0.18238184900170476,2.41,-2.92,0.65,0.65,0.5118110236220472,-0.5118110236220472,
1791373240.7202418,balance,0.06722083273400113,-0.010995173102843956,0.036193395472454336,-0.03732247764127266,-0.030884042495189015,0.00014339476635777932,0.1741886062767826,0.05604237555773824,0.0,-0.02462726239509781,False,0.0,0.0,0.0,0.09285714285714286,0.18319383237828069,0.18238184900170476,2.4,-2.93,0.0,0.65,0.0,-0.5118110236220472,
1791373240.7302632,balance,0.06661836870468758,-0.01080354056785862,0.03559093144314079,-0.04239927646422614,-0.030884042495189015,0.00014339476635777932,0.1741886062767826,0.05117330595040248,0.0,-0.0241106808882769,False,0.0,0.0,0.09285714285714286,0.09285714285714286,0.18319383237828069,0.18238184900170476,2.37,-2.88,0.65,0.65,0.5118110236220472,-0.5118110236220472,
1791373240.7402375,balance,0.0670488362280145,-0.009997145508468721,0.0360213989664677,0.07424100186948997,-0.030884042495189015,0.00014339476635777932,0.1741886062767826,0.07369625368717633,0.0,-0.023440077569368178,False,0.0,0.0,0.0,0.09285714285714286,0.18319383237828069,0.18238184900170476,2.49,-2.88,0.0,0.65,0.0,-0.5118110236220472,
1791373240.7502444,balance,0.06696245229687027,-0.009769847852881229,0.03592460534022913,-0.0995221070263788,-0.030894452190283365,0.00014339476635777932,0.17411179510010205,0.09845248883541316,0.0,-0.022513539088662403,False,0.0,0.0,0.09285714285714286,0.10226704706588888,0.18299090309463303,0.18238184900170476,2.54,-2.91,0.65,0.7158693294612222,0.5118110236220472,-0.5636766373710411,
1791373240.7602696,balance,0.06526516128616862,-0.010333565764947827,0.034227314329527476,-0.2104206793507182,-0.030894452190283365,0.00014339476635777932,0.17411179510010205,0.10381148883790063,0.0,-0.0214963416049484,False,0.0,0.0,0.09285714285714286,0.09285714285714286,0.18299090309463303,0.18238184900170476,2.46,-3.0,0.65,0.65,0.5118110236220472,-0.5118110236220472,
1791373240.7702692,balance,0.06331486678884916,-0.010807934721285556,0.032275793823580694,-0.1510533689539091,-0.030895678198910693,0.00014339476635777932,0.17411175547250946,0.11060840142270933,0.0,-0.020423035953393738,False,0.0,0.0,0.09285714285714286,0.0,0.18319383237828069,0.18217878140490432,2.42,-3.15,0.65,0.0,0.5118110236220472,-0.0,
1791373240.7802448,balance,0.0622589821606885,-0.010483742154542775,0.031219909195420024,-0.11525907376019906,-0.030895678198910693,0.00014339476635777932,0.17411175547250946,0.13847940808852785,0.0,-0.019110868418183942,False,0.0,0.0,0.09285714285714286,0.0,0.18319383237828069,0.18217878140490432,2.45,-3.06,0.65,0.0,0.5118110236220472,-0.0,
1791373240.7902277,balance,0.05977783069432664,-0.01060608195457039,0.028716682576431257,-0.3345152676448468,-0.030917753351537604,0.00014339476635777932,0.17395809355739425,0.1612649565136779,0.0,-0.017541426814795116,False,0.0,0.0,0.09285714285714286,0.09285714285714286,0.18299090309463303,0.18197562665552244,2.47,-3.18,0.65,0.65,0.5118110236220472,-0.5118110236220472,
1791373240.800238,balance,0.056374503486005124,-0.010604809630225896,0.025325011093428416,-0.35719176517907786,-0.030906097626218928,0.00014339476635777932,0.17403494431693675,0.16647751779323966,0.0,-0.01587503386263146,False,0.0,0.0,0.0,0.11554166041208225,0.18299090309463303,0.18217878140490432,2.54,-2.87,0.0,0.8087916228845757,0.0,-0.63684379754691,
1791373240.8102598,balance,0.05297638690523296,-0.009398816076898773,0.021948949643686162,-0.3196030460996606,-0.030884042495189015,0.00014339476635777932,0.1741886062767826,0.16103041548956598,0.0,-0.014253156801092732,False,0.0,0.0,0.0,0.09285714285714286,0.18319383237828069,0.18238184900170476,2.5,-2.7600000000000002,0.0,0.65,0.0,-0.5118110236220472,
1791373240.8202293,balance,0.05031812045200678,-0.009041790959968085,0.019291908655533766,-0.23455865491956085,-0.030882817030115233,0.00014339476635777932,0.17418864590685898,0.1691214410641249,0.0,-0.012597865342582117,False,0.0,0.0,0.0,0.09285714285714286,0.18299090309463303,0.18258491659850523,2.56,-2.65,0.0,0.65,0.0,-0.5118110236220472,
1791373240.830251,balance,0.0480624900941974,-0.009345062655848942,0.017036278297724385,-0.1743738259330308,-0.030882817030115233,0.00014339476635777932,0.17418864590685898,0.19742783542935086,0.0,-0.010707743892964762,False,0.0,0.0,0.0,0.09285714285714286,0.18299090309463303,0.18258491659850523,2.44,-2.8000000000000003,0.0,0.65,0.0,-0.5118110236220472,
1791373240.840231,balance,0.046175869963238636,-0.01046061630641597,0.015148432701691842,-0.2509852840902904,-0.030884042495189015,0.00014339476635777932,0.1741886062767826,0.20193253691964624,0.0,-0.008684281113224038,False,0.0,0.0,0.09285714285714286,0.0,0.18319383237828069,0.18238184900170476,2.41,-2.94,0.65,0.0,0.5118110236220472,-0.0,
1791373240.850255,balance,0.042269061883236245,-0.01080281270753268,0.01124162462168945,-0.3678869899054554,-0.030884042495189015,0.00014339476635777932,0.1741886062767826,0.18904125939110997,0.0,-0.006774258426323334,False,0.0,0.0,0.11741030020958479,0.0,0.18319383237828069,0.18238184900170476,2.34,-2.89,0.8218721014670936,0.0,0.6471433869819634,-0.0,
1791373240.860244,balance,0.03842008986758782,-0.010162924476105699,0.007381016902319347,-0.41022105558090155,-0.030895678198910693,0.00014339476635777932,0.17411175547250946,0.17262065072433064,0.0,-0.005009312774137573,False,0.0,0.0,0.0,0.0,0.18319383237828069,0.18217878140490432,2.35,-2.98,0.0,0.0,0.0,-0.0,
1791373240.8702466,balance,0.036133301193027545,-0.010619143943955509,0.005105863931480751,-0.0714527836883795,-0.030884042495189015,0.00014339476635777932,0.1741886062767826,0.18128408252075434,0.0,-0.0032147053413259263,False,0.0,0.0,0.0,0.0,0.18319383237828069,0.18238184900170476,2.48,-2.7600000000000002,0.0,0.0,0.0,-0.0,
1791373240.8802605,balance,0.03493989534442701,-0.010577963454452022,0.003913683547954001,-0.17086668917331538,-0.030882817030115233,0.00014339476635777932,0.17418864590685898,0.18223863739340254,0.0,-0.0013823795658531853,False,0.0,0.0,0.0,0.09285714285714286,0.18299090309463303,0.18258491659850523,2.49,-2.83,0.0,0.65,0.0,-0.5118110236220472,
1791373240.890264,balance,0.0332927945695518,-0.011009565354080817,0.00226658277307879,-0.20008119373496325,-0.030882817030115233,0.00014339476635777932,0.17418864590685898,0.18033430858088043,0.0,0.00042621492652653085,False,0.0,0.0,0.0,0.09285714285714286,0.18299090309463303,0.18258491659850523,2.6,-2.77,0.0,0.65,0.0,-0.5118110236220472,
1791373240.9002311,balance,0.030651462435984548,-0.01086605831894382,-0.00037474936048846456,-0.26420486349712624,-0.030882817030115233,0.00014339476635777932,0.17418864590685898,0.16889553313024097,0.0,0.0021281854422831943,False,0.0,0.0,0.0,0.09285714285714286,0.18299090309463303,0.18258491659850523,2.52,-2.74,0.0,0.65,0.0,-0.5118110236220472,
1791373240.910272,balance,0.029515781358159188,-0.010997936793235076,-0.0015000304623231395,0.008381594016448009,-0.030872417054124548,0.00014339476635777932,0.17426545710461827,0.17144127243279758,0.0,0.003825531537121693,False,0.0,0.0,0.11082607337812965,0.0,0.18319383237828069,0.18258491659850523,2.45,-2.85,0.7757825136469075,0.0,0.6108523729503209,-0.0,
1791373240.9202313,balance,0.028987705753023844,-0.011710209412200825,-0.0020501412036173002,-0.08414013661990419,-0.030894452190283365,0.00014339476635777932,0.17411179510010205,0.1705777221077703,0.0,0.005534007093833678,False,0.0,0.0,0.09285714285714286,0.0,0.18299090309463303,0.18238184900170476,2.4,-2.94,0.65,0.0,0.5118110236220472,-0.0,
1791373240.930261,balance,0.02832522532535105,-0.011413778778631926,-0.0027022119361957437,-0.11216281102322417,-0.030884042495189015,0.00014339476635777932,0.1741886062767826,0.18328362925402947,0.0,0.0073331334929935005,False,0.0,0.0,0.09448685260681894,0.0,0.18319383237828069,0.18238184900170476,2.47,-2.96,0.6614079682477325,0.0,0.5207936757856162,-0.0,
1791373240.9402394,balance,0.026101426848223537,-0.01252132281427158,-0.004936420108417607,-0.24706472875150404,-0.030894452190283365,0.00014339476635777932,0.17411179510010205,0.18156956550829745,0.0,0.009156628319036348,False,0.0,0.0,0.09285714285714286,0.0,0.18299090309463303,0.18238184900170476,2.45,-2.86,0.65,0.0,0.5118110236220472,-0.0,
1791373240.9502661,balance,0.023997452796369338,-0.012779929683565283,-0.007040394160271806,-0.18163398412102286,-0.030894452190283365,0.00014339476635777932,0.17411179510010205,0.17759546856370254,0.0,0.010943744796896407,False,0.0,0.0,0.0,0.0,0.18299090309463303,0.18238184900170476,2.62,-2.84,0.0,0.0,0.0,-0.0,
1791373240.96024,balance,0.022862096213514205,-0.012783312317307796,-0.00817575074312694,-0.04344092346884985,-0.030894452190283365,0.00014339476635777932,0.17411179510010205,0.17799251717843792,0.0,0.012722165005614712,False,0.0,0.0,0.0,0.09285714285714286,0.18299090309463303,0.18238184900170476,2.5300000000000002,-2.89,0.0,0.65,0.0,-0.5118110236220472,
1791373240.9712708,balance,0.022589402661151187,-0.013371907049796341,-0.008458863179321091,-0.019429265017539523,-0.0309048710741145,0.00014339476635777932,0.17403498394230527,0.18835330622220783,0.0,0.014568626395497894,False,0.0,0.0,0.09285714285714286,0.09285714285714286,0.18278792047945228,0.18238184900170476,2.52,-2.86,0.65,0.65,0.5118110236220472,-0.5118110236220472,
1791373240.980256,balance,0.02169766049140462,-0.013364228163312123,-0.009340186465236525,-0.15668273400720295,-0.030894452190283365,0.00014339476635777932,0.17411179510010205,0.187581790381966,0.0,0.016454894701883153,False,0.0,0.0,0.09285714285714286,0.0,0.18299090309463303,0.18238184900170476,2.49,-2.95,0.65,0.0,0.5118110236220472,-0.0,
1791373240.9902587,balance,0.01953143782542772,-0.01439786059571378,-0.011495999436119073,-0.20581902220009152,-0.030884042495189015,0.00014339476635777932,0.1741886062767826,0.17220825780168458,0.0,0.018213861252930598,False,0.0,0.0,0.09285714285714286,0.0,0.18319383237828069,0.18238184900170476,2.43,-2.87,0.65,0.0,0.5118110236220472,-0.0,
1791373241.0002587,balance,0.01803555901041027,-0.014988082390397844,-0.012991878251136525,-0.0726760330708762,-0.030884042495189015,0.00014339476635777932,0.1741886062767826,0.16767184875034885,0.0,0.01989423790963108,False,0.0,0.0,0.09285714285714286,-0.09285714285714286,0.18319383237828069,0.18238184900170476,2.35,-2.91,0.65,-0.65,0.5118110236220472,0.5118110236220472,
1791373241.010266,balance,0.01829868367003437,-0.015563414981242956,-0.012728753591512423,0.07610315168670768,-0.030884042495189015,0.00014339476635777932,0.1741886062767826,0.17100086039959006,0.0,0.021608917056416984,False,0.0,0.0,0.09285714285714286,0.0,0.18319383237828069,0.18238184900170476,2.41,-2.9,0.65,0.0,0.5118110236220472,-0.0,
1791373241.020241,balance,0.0192074066337006,-0.01637133590923325,-0.011820030627846196,0.09667285580027236,-0.030884042495189015,0.00014339476635777932,0.1741886062767826,0.17196465763628885,0.0,0.023322846987922766,False,0.0,0.0,0.09285714285714286,0.0,0.18319383237828069,0.18238184900170476,2.43,-2.9,0.65,0.0,0.5118110236220472,-0.0,
1791373241.0302525,balance,0.020046233838018013,-0.016891945294218846,-0.010981203423528782,0.06804433733647476,-0.030884042495189015,0.00014339476635777932,0.1741886062767826,0.17491063406996152,0.0,0.025067265953305277,False,0.0,0.0,0.0,0.09285714285714286,0.18319383237828069,0.18238184900170476,2.37,-2.91,0.0,0.65,0.0,-0.5118110236220472,
1791373241.0402544,balance,0.019515695027301987,-0.017583060642768208,-0.011511742234244808,-0.1102730994907323,-0.030884042495189015,0.00014339476635777932,0.1741886062767826,0.1712733636281193,0.0,0.026785169853033235,False,0.0,0.0,0.09285714285714286,0.0,0.18319383237828069,0.18238184900170476,2.39,-2.88,0.65,0.0,0.5118110236220472,-0.0,
1791373241.0502396,balance,0.018282535780095883,-0.017836138906156627,-0.012744901481450912,-0.10857998985865493,-0.030884042495189015,0.00014339476635777932,0.1741886062767826,0.165351302297583,0.0,0.028441585019237953,False,0.0,0.0,0.09285714285714286,0.0,0.18319383237828069,0.18238184900170476,2.36,-2.94,0.65,0.0,0.5118110236220472,-0.0,
1791373241.0602574,balance,0.017870105385612966,-0.01873009799950842,-0.013146931357428148,0.03180440539434094,-0.030873641976683335,0.00014339476635777932,0.17426541747232188,0.17839438292653084,0.0,0.03017871918037884,False,0.0,0.0,0.09285714285714286,0.0,0.18339669919636176,0.18238184900170476,2.34,-2.95,0.65,0.0,0.5118110236220472,-0.0,
1791373241.0702593,balance,0.018197904202115617,-0.019285921915036017,-0.012830758525062559,0.0019321882720585001,-0.030885267960820396,0.00014339476635777932,0.17418856664696789,0.19363584008635767,0.0,0.03207777317337686,False,0.0,0.0,0.0,0.0,0.18339669919636176,0.18217878140490432,2.2800000000000002,-3.0300000000000002,0.0,0.0,0.0,-0.0,
1791373241.0802448,balance,0.017444263606109688,-0.019593264152837995,-0.0135960353683442,-0.12606934893350075,-0.03089690420809611,0.00014339476635777932,0.17411171584517857,0.19836999717271975,0.0,0.03406448577899355,False,0.0,0.0,0.0,0.09285714285714286,0.18339669919636176,0.18197562665552244,2.27,-3.12,0.0,0.65,0.0,-0.5118110236220472,
1791373241.0902615,balance,0.0161340661145864,-0.02005979133492075,-0.01490623285986749,-0.09851006152650196,-0.03089690420809611,0.00014339476635777932,0.17411171584517857,0.19983877883793355,0.0,0.03605806863519505,False,0.0,0.0,0.0,0.09285714285714286,0.18339669919636176,0.18197562665552244,2.3000000000000003,-3.1,0.0,0.65,0.0,-0.5118110236220472,
1791373241.1002429,balance,0.015340684681309686,-0.020292255517169507,-0.015698388283958788,-0.08017237986923262,-0.030895678198910693,0.00014339476635777932,0.17411175547250946,0.19911492386354235,0.0,0.03805163343713514,False,0.0,0.0,0.0,0.09709742482676599,0.18319383237828069,0.18217878140490432,2.34,-3.0,0.0,0.679681973787362,0.0,-0.5351826565254818,
1791373241.1102607,balance,0.014674169516784382,-0.021090525287218435,-0.016376549428455282,-0.08903388646859875,-0.03090732417888188,0.00014339476635777932,0.1740349046918301,0.19425944290325575,0.0,0.03999945678926236,False,0.0,0.0,0.0,0.0,0.18319383237828069,0.18197562665552244,2.39,-3.18,0.0,0.0,0.0,-0.0,
1791373241.1202366,balance,0.01397396462370165,-0.021270778677010563,-0.017066334350752242,-0.07361365234119208,-0.03089690420809611,0.00014339476635777932,0.17411171584517857,0.1980760463521371,0.0,0.04197629879320663,False,0.0,0.0,0.0,0.09285714285714286,0.18339669919636176,0.18197562665552244,2.29,-3.0100000000000002,0.0,0.65,0.0,-0.5118110236220472,
1791373241.1303036,balance,0.012654886094564216,-0.021169108542962566,-0.018385412879889672,-0.1316356070637415,-0.03089690420809611,0.00014339476635777932,0.17411171584517857,0.19530524543704142,0.0,0.04393382668917471,False,0.0,0.0,0.0,0.0,0.18339669919636176,0.18197562665552244,2.14,-3.15,0.0,0.0,0.0,-0.0,
1791373241.1402378,balance,0.011688095122224003,-0.020906448415530778,-0.019341793071143185,-0.08348988105203198,-0.030886493427009405,0.00014339476635777932,0.1741885270174147,0.1969970272903735,0.0,0.04590810215269739,False,0.0,0.0,0.0,0.0,0.18359956601444283,0.18197562665552244,2.09,-3.17,0.0,0.0,0.0,-0.0,
1791373241.1502335,balance,0.010458583738754202,-0.02068788312888552,-0.020571304454612985,-0.1190899380377592,-0.030886493427009405,0.00014339476635777932,0.1741885270174147,0.19398428006556656,0.0,0.047865760175733706,False,0.0,0.0,0.0,0.0,0.18359956601444283,0.18197562665552244,2.12,-3.12,0.0,0.0,0.0,-0.0,
1791373241.1602442,balance,0.009552466545468725,-0.02070545978606411,-0.02146579512068832,-0.0954415234594559,-0.030874866899799264,0.00014339476635777932,0.17426537784028698,0.1862691849938577,0.0,0.049754479631698025,False,0.0,0.0,0.0,0.0946464528229582,0.18359956601444283,0.18217878140490432,2.13,-2.97,0.0,0.6625251697607073,0.0,-0.521673362016305,
1791373241.1702566,balance,0.009196518909287089,-0.02078456875059789,-0.021821742756869954,-0.005680446817731617,-0.030874866899799264,0.00014339476635777932,0.17426537784028698,0.18301245773799923,0.0,0.05158209391221055,False,0.0,0.0,0.0,0.0,0.18359956601444283,0.18217878140490432,2.12,-3.0300000000000002,0.0,0.0,0.0,-0.0,
1791373241.1802487,balance,0.009576464401874272,-0.02058966475743222,-0.021441797264282775,0.0052419357856007135,-0.030874866899799264,0.00014339476635777932,0.17426537784028698,0.18791142868671315,0.0,0.053453178403931115,False,0.0,0.0,0.0,0.0,0.18359956601444283,0.18217878140490432,2.18,-3.0,0.0,0.0,0.0,-0.0,
1791373241.1902678,balance,0.00895195888429835,-0.019769263956371,-0.022066302781858695,-0.09700424585885027,-0.030874866899799264,0.00014339476635777932,0.17426537784028698,0.17832663653380418,0.0,0.05526403065062494,False,0.0,0.0,0.09285714285714286,0.0,0.18359956601444283,0.18217878140490432,2.11,-3.06,0.65,0.0,0.5118110236220472,-0.0,
1791373241.2002518,balance,0.008064576673324496,-0.01887511165173047,-0.022953684992832547,-0.045505701067454045,-0.030874866899799264,0.00014339476635777932,0.17426537784028698,0.17394864496480075,0.0,0.05699837914767425,False,0.0,0.0,0.0,0.0,0.18359956601444283,0.18217878140490432,2.14,-3.0500000000000003,0.0,0.0,0.0,-0.0,
1791373241.2102666,balance,0.008025387533375242,-0.018168790693109886,-0.022992874132781803,0.01800225508342278,-0.030874866899799264,0.00014339476635777932,0.17426537784028698,0.17476008875195437,0.0,0.05875413581809957,False,0.0,0.0,0.0,0.0,0.18359956601444283,0.18217878140490432,2.18,-3.02,0.0,0.0,0.0,-0.0,
1791373241.2202308,balance,0.00775664511904702,-0.017621893232613418,-0.023261616547110023,-0.03629569676103819,-0.030874866899799264,0.00014339476635777932,0.17426537784028698,0.16827803386903437,0.0,0.060463614062824994,False,0.0,0.0,0.0,0.09285714285714286,0.18359956601444283,0.18217878140490432,2.17,-3.0300000000000002,0.0,0.65,0.0,-0.5118110236220472,
1791373241.2302678,balance,0.007306446342708394,-0.01746020941908149,-0.023722216384469783,-0.057981803525498574,-0.030885267960820396,0.00014339476635777932,0.17418856664696789,0.1593022447958383,0.0,0.062078571023836196,False,0.0,0.0,0.0,0.09285714285714286,0.18339669919636176,0.18217878140490432,2.18,-2.95,0.0,0.65,0.0,-0.5118110236220472,
1791373241.240237,balance,0.007171300830108492,-0.016674478880807708,-0.023845735912932625,0.006534636101977493,-0.030873641976683335,0.00014339476635777932,0.17426541747232188,0.1564466370033303,0.0,0.06364389834912915,False,0.0,0.0,0.0,0.09285714285714286,0.18339669919636176,0.18238184900170476,2.3000000000000003,-2.93,0.0,0.65,0.0,-0.5118110236220472,
1791373241.2502306,balance,0.007098227418419271,-0.015772494716808298,-0.023918809324621846,-0.019666643312332945,-0.030873641976683335,0.00014339476635777932,0.17426541747232188,0.1507282015187748,0.0,0.06516041016642023,False,0.0,0.0,0.0,0.09285714285714286,0.18339669919636176,0.18238184900170476,2.34,-2.83,0.0,0.65,0.0,-0.5118110236220472,
1791373241.2602658,balance,0.006878131086528917,-0.01456692009396791,-0.0241389056565122,-0.010182755907135525,-0.030873641976683335,0.00014339476635777932,0.17426541747232188,0.1419368540385915,0.0,0.06659585540311042,False,0.0,0.0,0.09285714285714286,0.0,0.18339669919636176,0.18238184900170476,2.2800000000000002,-2.7800000000000002,0.65,0.0,0.5118110236220472,-0.0,
1791373241.270236,balance,0.006927238629051759,-0.013993104025573045,-0.024089798113989355,0.03217877359690608,-0.030873641976683335,0.00014339476635777932,0.17426541747232188,0.13733542869368862,0.0,0.06797741314721582,False,0.0,0.0,0.09285714285714286,0.0,0.18339669919636176,0.18238184900170476,2.2600000000000002,-2.9,0.65,0.0,0.5118110236220472,-0.0,
1791373241.2802377,balance,0.007330443198732494,-0.013577200864889272,-0.02367497780974123,0.037607419960116,-0.030862026242115943,0.00014339476635777932,0.17434226832120941,0.1321498751500819,0.0,0.0693140522660404,False,0.0,0.0,0.09285714285714286,0.0,0.18339669919636176,0.18258491659850523,2.2800000000000002,-2.75,0.65,0.0,0.5118110236220472,-0.0,
1791373241.2902737,balance,0.007460441418979241,-0.013180791724291065,-0.02354497958949448,-0.0007602077948230667,-0.030862026242115943,0.00014339476635777932,0.17434226832120941,0.12284185895785886,0.0,0.07057118250244519,False,0.0,0.0,0.0,0.09285714285714286,0.18339669919636176,0.18258491659850523,2.3000000000000003,-2.7800000000000002,0.0,0.65,0.0,-0.5118110236220472,
1791373241.300241,balance,0.007756391348559002,-0.01281511587248596,-0.023259420471923326,0.05017247174377056,-0.030872417054124548,0.00014339476635777932,0.17426545710461827,0.11458268837087945,0.0,0.07173628370014339,False,0.0,0.0,0.0,0.09285714285714286,0.18319383237828069,0.18258491659850523,2.42,-2.67,0.0,0.65,0.0,-0.5118110236220472,
1791373241.3102689,balance,0.00871163676321494,-0.01192454944897688,-0.022292584715666912,0.1273213452303417,-0.03086082671252407,0.00014339476635777932,0.17434230715154347,0.11233667606340221,0.0,0.0728593090988735,False,0.0,0.0,0.0,0.09285714285714286,0.18319383237828069,0.18278790339163284,2.44,-2.57,0.0,0.65,0.0,-0.5118110236220472,
1791373241.320258,balance,0.010059601317024568,-0.011580930634726374,-0.020955010442832517,0.1280082996980508,-0.030871216993499304,0.00014339476635777932,0.17426549593277932,0.10963157820768972,0.0,0.07395584973428052,False,0.0,0.0,0.0,0.0,0.18299090309463303,0.18278790339163284,2.54,-2.65,0.0,0.0,0.0,-0.0,
1791373241.3302512,balance,0.010996888762603694,-0.010999769811766426,-0.020017722997253393,0.05868344991923329,-0.030871216993499304,0.00014339476635777932,0.17426549593277932,0.104382167127124,0.0,0.07502343032277344,False,0.0,0.0,0.0,0.09285714285714286,0.18299090309463303,0.18278790339163284,2.48,-2.74,0.0,0.65,0.0,-0.5118110236220472,
1791373241.3402777,balance,0.011400076118875524,-0.010959111459779855,-0.019626135677597488,0.046088803314778395,-0.030882817030115233,0.00014339476635777932,0.17418864590685898,0.09862330100563864,0.0,0.07602430556433848,False,0.0,0.0,0.0,0.0,0.18299090309463303,0.18258491659850523,2.52,-2.89,0.0,0.0,0.0,-0.0,
1791373241.3502574,balance,0.01160396521868098,-0.010928550298977064,-0.019422246577792034,0.012658070343507096,-0.030882817030115233,0.00014339476635777932,0.17418864590685898,0.0859099995442532,0.0,0.07692551365916306,False,0.0,0.0,0.0,0.09285714285714286,0.18299090309463303,0.18258491659850523,2.52,-2.77,0.0,0.65,0.0,-0.5118110236220472,
1791373241.360262,balance,0.012456643241521783,-0.010911023500301122,-0.018569568554951232,0.1682800506106447,-0.030882817030115233,0.00014339476635777932,0.17418864590685898,0.08493564071491588,0.0,0.0777687262548522,False,0.0,0.0,0.0,0.09285714285714286,0.18299090309463303,0.18258491659850523,2.5300000000000002,-2.71,0.0,0.65,0.0,-0.5118110236220472,
1791373241.370253,balance,0.01452331969259626,-0.010902188812568315,-0.016491292067260827,0.17569038352614194,-0.030871216993499304,0.00014339476635777932,0.17426549593277932,0.09085533818174424,0.0,0.07866389565693829,False,0.0,0.0,0.0,0.10305083969478292,0.18299090309463303,0.18278790339163284,2.57,-2.6,0.0,0.7213558778634804,0.0,-0.5679967542232129,
1791373241.380261,balance,0.01543005914384082,-0.011134399086958756,-0.015584552616016262,0.02973827072313885,-0.030871216993499304,0.00014339476635777932,0.17426549593277932,0.0806346385379112,0.0,0.07949539113796777,False,0.0,0.0,0.0,0.0,0.18299090309463303,0.18278790339163284,2.5,-2.67,0.0,0.0,0.0,-0.0,
1791373241.3902419,balance,0.015427660562582072,-0.011119416703166185,-0.01558695119727501,-0.005693215029803306,-0.030871216993499304,0.00014339476635777932,0.17426549593277932,0.06967393294949319,0.0,0.08021515603372172,False,0.0,0.0,0.09285714285714286,0.0,0.18299090309463303,0.18278790339163284,2.49,-2.69,0.65,0.0,0.5118110236220472,-0.0,
1791373241.4002438,balance,0.015865698395203808,-0.011111407926980489,-0.015160513401269204,0.10422450943679745,-0.030882817030115233,0.00014339476635777932,0.17418864590685898,0.0690497409393483,0.0,0.08089410963005302,False,0.0,0.0,0.09285714285714286,0.0,0.18299090309463303,0.18258491659850523,2.46,-2.69,0.65,0.0,0.5118110236220472,-0.0,
1791373241.4103022,balance,0.017460827854616577,-0.011380015616035534,-0.01355498396586575,0.16105224045897668,-0.030872417054124548,0.00014339476635777932,0.17426545710461827,0.07589463768037853,0.0,0.08164360609423087,False,0.0,0.0,0.09285714285714286,0.0,0.18319383237828069,0.18258491659850523,2.4,-2.84,0.65,0.0,0.5118110236220472,-0.0,
1791373241.4202614,balance,0.018441730700011264,-0.011993163866564443,-0.012574081120471063,0.05472622742769945,-0.030872417054124548,0.00014339476635777932,0.17426545710461827,0.06748612627530189,0.0,0.0823474149127685,False,0.0,0.0,0.0,0.0,0.18319383237828069,0.18258491659850523,2.41,-2.7800000000000002,0.0,0.0,0.0,-0.0,
1791373241.4302526,balance,0.019017311534336254,-0.012440279462603487,-0.011998500286146073,0.05940028548094428,-0.030872417054124548,0.00014339476635777932,0.17426545710461827,0.06573772918834317,0.0,0.08300857698797132,False,0.0,0.0,0.0,0.0,0.18319383237828069,0.18258491659850523,2.4,-2.75,0.0,0.0,0.0,-0.0,
1791373241.4402232,balance,0.019814794523064075,-0.01260138514853195,-0.011211417273408937,0.06394145303639431,-0.030882817030115233,0.00014339476635777932,0.17418864590685898,0.06787628850735096,0.0,0.08368664377140078,False,0.0,0.0,0.0,0.0,0.18299090309463303,0.18258491659850523,2.44,-2.77,0.0,0.0,0.0,-0.0,
1791373241.4502413,balance,0.020061128979481417,-0.012756065032813168,-0.010965082816991595,0.025127020263364178,-0.030882817030115233,0.00014339476635777932,0.17418864590685898,0.06165342528983617,0.0,0.08431660036432519,False,0.0,0.0,0.0,0.0,0.18299090309463303,0.18258491659850523,2.49,-2.77,0.0,0.0,0.0,-0.0,
1791373241.460239,balance,0.02041347219632319,-0.013134831297936425,-0.010602339624159138,0.06869247555632813,-0.030872417054124548,0.00014339476635777932,0.17426545710461827,0.060497168200584255,0.0,0.0849178626562896,False,0.0,0.0,0.0,0.0,0.18319383237828069,0.18258491659850523,2.47,-2.83,0.0,0.0,0.0,-0.0,
1791373241.4702635,balance,0.021231216556040437,-0.013588772549634292,-0.00978459526444189,0.0809349557380383,-0.030872417054124548,0.00014339476635777932,0.17426545710461827,0.062179753023264554,0.0,0.08554122887957494,False,0.0,0.0,0.09285714285714286,0.0,0.18319383237828069,0.18258491659850523,2.38,-2.82,0.65,0.0,0.5118110236220472,-0.0,
1791373241.4802415,balance,0.021984486603443935,-0.013926102293898518,-0.00904295065810286,0.06376751644050872,-0.030884042495189015,0.00014339476635777932,0.1741886062767826,0.06780191132976351,0.0,0.08619947454727928,False,0.0,0.0,0.09285714285714286,0.0,0.18319383237828069,0.18238184900170476,2.37,-2.85,0.65,0.0,0.5118110236220472,-0.0,
1791373241.49031,balance,0.021904211342120047,-0.014591349927293579,-0.009123225919426747,-0.07745342126353594,-0.030884042495189015,0.00014339476635777932,0.1741886062767826,0.061710060023980814,0.0,0.0868465098196711,False,0.0,0.0,0.0,0.09285714285714286,0.18319383237828069,0.18238184900170476,2.41,-2.92,0.0,0.65,0.0,-0.5118110236220472,
1791373241.5002415,balance,0.021341157076290158,-0.014956016664751012,-0.00967465474419217,-0.017151831369018662,-0.030872417054124548,0.00014339476635777932,0.17426545710461827,0.05613081824572296,0.0,0.08741305481276039,False,0.0,0.0,0.0,0.0,0.18319383237828069,0.18258491659850523,2.4,-2.86,0.0,0.0,0.0,-0.0,
1791373241.5102558,balance,0.022039696132031435,-0.015294496479524898,-0.008976115688450892,0.10146980140220548,-0.030872417054124548,0.00014339476635777932,0.17426545710461827,0.060877630007449696,0.0,0.08800838849196252,False,0.0,0.0,0.0,0.0,0.18319383237828069,0.18258491659850523,2.43,-2.77,0.0,0.0,0.0,-0.0,
1791373241.5202298,balance,0.02286570046750056,-0.015538747616429002,-0.008150111352981769,0.06313870193454862,-0.030872417054124548,0.00014339476635777932,0.17426545710461827,0.05841753688080702,0.0,0.08860428365843184,False,0.0,0.0,0.0,0.0,0.18319383237828069,0.18258491659850523,2.4,-2.7800000000000002,0.0,0.0,0.0,-0.0,
1791373241.5302362,balance,0.02306096200108206,-0.015543812608053474,-0.007966475260464735,0.018745676243050086,-0.030884042495189015,0.00014339476635777932,0.1741886062767826,0.05092626883182375,0.0,0.08913311633892142,False,0.0,0.0,0.0,0.0,0.18319383237828069,0.18238184900170476,2.34,-2.94,0.0,0.0,0.0,-0.0,
1791373241.540238,balance,0.02335756378958894,-0.01589808174526618,-0.007646612102204583,0.054150365753275774,-0.030884042495189015,0.00012013339660450871,0.1741886062767826,0.04889275263744785,0.0,0.08962596605362112,False,0.0,0.0,0.0,0.0,0.18319383237828069,0.18238184900170476,2.35,-2.9,0.0,0.0,0.0,-0.0,
1791373241.5502656,balance,0.023986849703085986,-0.01626783367030793,-0.007006925670201857,0.06121378548524574,-0.030873641976683335,0.00012013339660450871,0.17426541747232188,0.04973768052182369,0.0,0.09013177343177471,False,0.0,0.0,0.0,0.0,0.18339669919636176,0.18238184900170476,2.36,-2.93,0.0,0.0,0.0,-0.0,
1791373241.5602534,balance,0.02438416556589803,-0.016598910892434305,-0.0066096098073898145,0.026737794702832194,-0.030873641976683335,0.00012013339660450871,0.17426541747232188,0.04425705228591839,0.0,0.090593807202633,False,0.0,0.0,0.09285714285714286,0.09285714285714286,0.18339669919636176,0.18238184900170476,2.29,-2.89,0.65,0.65,0.5118110236220472,-0.5118110236220472,
1791373241.5702503,balance,0.02499082166618344,-0.01672838167062069,-0.006013354225610082,0.07725933097514696,-0.030884042495189015,0.00012013339660450871,0.1741886062767826,0.044375542474863125,0.0,0.09102656160651,False,0.0,0.0,0.0,0.09285714285714286,0.18319383237828069,0.18238184900170476,2.37,-2.89,0.0,0.65,0.0,-0.5118110236220472,
1791373241.5802343,balance,0.026044630541144254,-0.016957827771443033,-0.004944086567836538,0.0683712897805693,-0.030884042495189015,0.00010467461379177559,0.1741886062767826,0.0451730016212402,0.0,0.09148150643206965,False,0.0,0.0,0.0,0.09285714285714286,0.18319383237828069,0.18238184900170476,2.44,-2.91,0.0,0.65,0.0,-0.5118110236220472,
1791373241.590256,balance,0.026284901721961296,-0.01700857403502426,-0.0047038153870194955,0.00024539867271851986,-0.030884042495189015,0.00010467461379177559,0.1741886062767826,0.031972422841240515,0.0,0.09183344648664282,False,0.0,0.0,0.0,0.0,0.18319383237828069,0.18238184900170476,2.38,-2.9,0.0,0.0,0.0,-0.0,
1791373241.6002395,balance,0.026826427684911558,-0.01699642484539418,-0.004145661072205207,0.12294933283223672,-0.030873641976683335,9.844678043343027e-05,0.17426541747232188,0.027032769984977462,0.0,0.09210629646830422,False,0.0,0.0,0.09285714285714286,0.0,0.18339669919636176,0.18238184900170476,2.37,-2.89,0.65,0.0,0.5118110236220472,-0.0,
1791373241.6102607,balance,0.02846226655694946,-0.01722108843873576,-0.002509822200167307,0.17532072586092232,-0.030873641976683335,9.844678043343027e-05,0.17426541747232188,0.03257696739160249,0.0,0.0924147544296056,False,0.0,0.0,0.09285714285714286,0.0,0.18339669919636176,0.18238184900170476,2.27,-2.89,0.65,0.0,0.5118110236220472,-0.0,
1791373241.6202395,balance,0.029896499150553747,-0.017219492628760182,-0.0010739762221531745,0.09804549345277834,-0.030873641976683335,9.683339602358574e-05,0.17426541747232188,0.03535284702011019,0.0,0.0927698315871022,False,0.0,0.0,0.0,0.0,0.18339669919636176,0.18238184900170476,2.25,-2.94,0.0,0.0,0.0,-0.0,
1791373241.6302593,balance,0.029947593171000805,-0.01753931371352836,-0.0010228822017061157,-0.03822849527150783,-0.030873641976683335,9.683339602358574e-05,0.17426541747232188,0.024716852148514528,0.0,0.09305372797249283,False,0.0,0.0,0.0,0.0,0.18339669919636176,0.18238184900170476,2.2600000000000002,-2.9,0.0,0.0,0.0,-0.0,
1791373241.640238,balance,0.029761341444346157,-0.01764127718243559,-0.0012091339283607637,0.03159810055745509,-0.030873641976683335,9.683339602358574e-05,0.17426541747232188,0.014113429370779463,0.0,0.09321489441812914,False,0.0,0.0,0.0,0.0,0.18339669919636176,0.18238184900170476,2.27,-2.9,0.0,0.0,0.0,-0.0,
1791373241.6502733,balance,0.031406289953380996,-0.017462260657507712,0.00043590798464588916,0.260954897874189,-0.030873641976683335,9.673999205177177e-05,0.17426541747232188,0.0148877582270378,0.0,0.09335705260749574,False,0.0,0.0,0.0,0.0,0.18339669919636176,0.18238184900170476,2.27,-2.9,0.0,0.0,0.0,-0.0,
1791373241.6602437,balance,0.0343930971770245,-0.017335112400550322,0.00341231468978371,0.3044880379718606,-0.030884042495189015,9.673999205177177e-05,0.1741886062767826,0.019775043435289814,0.0,0.0935456814452787,False,0.0,0.0,0.0,0.0,0.18319383237828069,0.18238184900170476,2.36,-2.9,0.0,0.0,0.0,-0.0,
1791373241.6702425,balance,0.03688288187379075,-0.017307599099519594,0.0059020993865499605,0.15584756411268197,-0.030884042495189015,9.673999205177177e-05,0.1741886062767826,0.017201797176606123,0.0,0.09374042511231018,False,0.0,0.0,0.09285714285714286,0.0,0.18319383237828069,0.18238184900170476,2.3000000000000003,-2.91,0.65,0.0,0.5118110236220472,-0.0,
1791373241.680243,balance,0.037389344292346825,-0.017367996474770275,0.006408561805106038,0.006711744116351486,-0.030884042495189015,9.673999205177177e-05,0.1741886062767826,0.009004743110307608,0.0,0.09383927485045991,False,0.0,0.0,0.0,0.0,0.18319383237828069,0.18238184900170476,2.37,-2.88,0.0,0.0,0.0,-0.0,
1791373241.6902368,balance,0.037468162455459336,-0.01715601146923263,0.006477648898266222,0.00972062713545726,-0.030884042495189015,0.0001064710620040996,0.1741886062767826,0.010388105310408907,0.0,0.09394464429784598,False,0.0,0.0,0.0,0.0,0.18319383237828069,0.18238184900170476,2.39,-2.9,0.0,0.0,0.0,-0.0,
1791373241.7002459,balance,0.037847158557760184,-0.017124721631732762,0.006846360033066218,0.07275542292213019,-0.030884042495189015,0.0001167560295049502,0.1741886062767826,0.0074341341076495345,0.0,0.09402378967601491,False,0.0,0.0,0.0,0.0,0.18319383237828069,0.18238184900170476,2.39,-2.9,0.0,0.0,0.0,-0.0,
1791373241.7102675,balance,0.03919298007500202,-0.0171639059454104,0.008192181550308056,0.17485773457336487,-0.030884042495189015,0.0001167560295049502,0.1741886062767826,0.018643651410202675,0.0,0.09418435774768508,False,0.0,0.0,0.09285714285714286,0.0,0.18319383237828069,0.18238184900170476,2.4,-2.89,0.65,0.0,0.5118110236220472,-0.0,
1791373241.7202592,balance,0.040674807951146585,-0.017086394117631007,0.0096457085103831,0.10010662632994385,-0.030884042495189015,0.00014505694557446965,0.1741886062767826,0.017637767530267953,0.0,0.09436779187697335,False,0.0,0.0,0.09285714285714286,0.0,0.18319383237828069,0.18238184900170476,2.39,-2.91,0.65,0.0,0.5118110236220472,-0.0,
1791373241.7302582,balance,0.041289898343072506,-0.01710551029131227,0.01023030186394417,0.03946962096360695,-0.030884042495189015,0.00017555398393932144,0.1741886062767826,0.01631895807783479,0.0,0.09453329117432674,False,0.0,0.0,0.0,0.0,0.18319383237828069,0.18238184900170476,2.4,-2.91,0.0,0.0,0.0,-0.0,
1791373241.7402375,balance,0.04135639306470247,-0.01710472998168437,0.010296796585574135,-0.010068820922736426,-0.030884042495189015,0.00017555398393932144,0.1741886062767826,0.009482352156765943,0.0,0.09464546603040827,False,0.0,0.0,0.0,0.0,0.18319383237828069,0.18238184900170476,2.39,-2.91,0.0,0.0,0.0,-0.0,
1791373241.7502363,balance,0.041881872910424056,-0.017303961004556754,0.01082227643129572,0.10440637981945253,-0.030884042495189015,0.00017555398393932144,0.1741886062767826,0.01762030415450024,0.0,0.09480349661321444,False,0.0,0.0,0.09285714285714286,0.0,0.18319383237828069,0.18238184900170476,2.41,-2.9,0.65,0.0,0.5118110236220472,-0.0,
1791373241.7602565,balance,0.04278198750662926,-0.017315536279364302,0.011687718726653175,0.07780148828359491,-0.030884042495189015,0.00021022628478706957,0.1741886062767826,0.015750746201832116,0.0,0.09496552686419463,False,0.0,0.0,0.09285714285714286,0.0,0.18319383237828069,0.18238184900170476,2.38,-2.9,0.65,0.0,0.5118110236220472,-0.0,
1791373241.7702594,balance,0.0436773942502555,-0.017275503373783696,0.012564848173769572,0.1022010931256745,-0.030884042495189015,0.0002285035812969117,0.1741886062767826,0.01889047518063661,0.0,0.09514275349073556,False,0.0,0.0,0.0,0.09285714285714286,0.18319383237828069,0.18238184900170476,2.42,-2.9,0.0,0.65,0.0,-0.5118110236220472,
1791373241.7802353,balance,0.04429864482801089,-0.01738085968258292,0.013166512251489975,0.01641463196634723,-0.030884042495189015,0.00024809008133189664,0.1741886062767826,0.015654789841356,0.0,0.09530964487114024,False,0.0,0.0,0.0,0.0,0.18319383237828069,0.18238184900170476,2.38,-2.89,0.0,0.0,0.0,-0.0,
1791373241.7902536,balance,0.04453544636710556,-0.017506728465145612,0.013363328775954605,0.03327294567053234,-0.030884042495189015,0.0002880750959619411,0.1741886062767826,0.013963872570556802,0.0,0.09545674434292004,False,0.0,0.0,0.09285714285714286,0.0,0.18319383237828069,0.18238184900170476,2.4,-2.92,0.65,0.0,0.5118110236220472,-0.0,
1791373241.80026,balance,0.04499557608446825,-0.017622670965844776,0.013823458493317292,0.05499886178020657,-0.030884042495189015,0.0002880750959619411,0.1741886062767826,0.019050425730824085,0.0,0.09562940143406135,False,0.0,0.0,0.0,0.09285714285714286,0.18319383237828069,0.18238184900170476,2.39,-2.9,0.0,0.65,0.0,-0.5118110236220472,
1791373241.8102624,balance,0.04545244621147487,-0.017609643382976818,0.014259143506441066,0.035870097545278035,-0.030884042495189015,0.0003092602098447913,0.1741886062767826,0.017548155363682337,0.0,0.09581330837643826,False,0.0,0.0,0.0,0.0,0.18319383237828069,0.18238184900170476,2.4,-2.89,0.0,0.0,0.0,-0.0,
1791373241.8202684,balance,0.0458112723924305,-0.017647599813328217,0.014617969687396691,0.04708168819936358,-0.030884042495189015,0.0003092602098447913,0.1741886062767826,0.012753618598752181,0.0,0.09595540051947728,False,0.0,0.0,0.09285714285714286,0.0,0.18319383237828069,0.18238184900170476,2.39,-2.91,0.65,0.0,0.5118110236220472,-0.0,
1791373241.8302464,balance,0.04656040459337637,-0.017880281000442824,0.015321596189746435,0.10328489688757629,-0.030884042495189015,0.00035476590844091786,0.1741886062767826,0.012728844309074377,0.0,0.09607834257072827,False,0.0,0.0,0.0,0.09285714285714286,0.18319383237828069,0.18238184900170476,2.3000000000000003,-2.9,0.0,0.65,0.0,-0.5118110236220472,
1791373241.8402343,balance,0.04763084216479596,-0.0178724410599725,0.016353935078454552,0.12408095808599673,-0.030873641976683335,0.00040326510965807275,0.17426541747232188,0.010026113848582017,0.0,0.09618475554294324,False,0.0,0.0,0.0,0.0,0.18339669919636176,0.18238184900170476,2.37,-2.91,0.0,0.0,0.0,-0.0,
1791373241.8502378,balance,0.04885832236110148,-0.018015547411678087,0.017529448977046114,0.11872353176636072,-0.030873641976683335,0.00045523140737202853,0.17426541747232188,0.008518313023162591,0.0,0.09627611985977923,False,0.0,0.0,0.0,0.0,0.18339669919636176,0.18238184900170476,2.29,-2.89,0.0,0.0,0.0,-0.0,
1791373241.8602424,balance,0.049912672831820555,-0.017984341747090474,0.018556505413206005,0.09568549647988614,-0.030873641976683335,0.0004825254419312145,0.17426541747232188,0.008325420417138013,0.0,0.09636720916911772,False,0.0,0.0,0.0,0.0,0.18339669919636176,0.18238184900170476,2.2600000000000002,-2.9,0.0,0.0,0.0,-0.0,
1791373241.8702366,balance,0.05059494473092476,-0.018070561516762347,0.01923877731231021,0.06329690536378278,-0.030873641976683335,0.0004825254419312145,0.17426541747232188,0.004067961464966647,0.0,0.09641784872255676,False,0.0,0.0,0.09285714285714286,0.0,0.18339669919636176,0.18238184900170476,2.27,-2.88,0.65,0.0,0.5118110236220472,-0.0,
1791373241.8801718,balance,0.05144533267700247,-0.01805753192357324,0.02008916525838792,0.10103816128816917,-0.030873641976683335,0.0004825254419312145,0.17426541747232188,0.011129557220631758,0.0,0.09650425965226264,False,0.0,0.0,0.0,0.0,0.18339669919636176,0.18238184900170476,2.2600000000000002,-2.89,0.0,0.0,0.0,-0.0,
1791373241.8902416,balance,0.05225293640576092,-0.018023142862819235,0.020886368468640688,0.037775678192893285,-0.030884042495189015,0.0004825254419312145,0.1741886062767826,0.011416284951560817,0.0,0.09663122941889477,False,0.0,0.0,0.0,0.0,0.18319383237828069,0.18238184900170476,2.37,-2.89,0.0,0.0,0.0,-0.0,
1791373241.9002647,balance,0.05243866483140393,-0.0179959217858828,0.02105097288689972,0.01532980288188115,-0.030873641976683335,0.0005140499678208719,0.17426541747232188,0.008179049203393527,0.0,0.0967242015979695,False,0.0,0.0,0.09285714285714286,0.09285714285714286,0.18339669919636176,0.18238184900170476,2.38,-2.9,0.65,0.65,0.5118110236220472,-0.5118110236220472,
1791373241.9102654,balance,0.05291477101781413,-0.018019173449771764,0.02148440353697204,0.0701740364202875,-0.030884042495189015,0.0005463249856530782,0.1741886062767826,0.004677477305621229,0.0,0.09676909373055352,False,0.0,0.0,0.0,0.0,0.18319383237828069,0.18238184900170476,2.2800000000000002,-2.88,0.0,0.0,0.0,-0.0,
1791373241.9202378,balance,0.054087211113101434,-0.01793530088599074,0.022633243284538872,0.15622271037215946,-0.030873641976683335,0.0005803258518792257,0.17426541747232188,0.007272628189699234,0.0,0.0968369925183853,False,0.0,0.0,0.0,0.0,0.18339669919636176,0.18238184900170476,2.31,-2.89,0.0,0.0,0.0,-0.0,
1791373241.9302917,balance,0.05563765750223619,-0.017771301009765827,0.024147414139163118,0.15014640869995283,-0.030873641976683335,0.0006166013863897361,0.17426541747232188,0.009690013143692187,0.0,0.09693672732187947,False,0.0,0.0,0.0,0.0,0.18339669919636176,0.18238184900170476,2.27,-2.89,0.0,0.0,0.0,-0.0,
1791373241.940241,balance,0.056564787161991044,-0.017834917634894754,0.025037355358208425,0.062104349168994724,-0.030873641976683335,0.0006537898270992832,0.17426541747232188,0.005610979498744322,0.0,0.09700724830182986,False,0.0,0.0,0.0,0.09285714285714286,0.18339669919636176,0.18238184900170476,2.33,-2.89,0.0,0.65,0.0,-0.5118110236220472,
1791373241.9502554,balance,0.05714185542717905,-0.017855609523780448,0.02552757023623709,0.0570934400682052,-0.030884042495189015,0.0007302426957529451,0.1741886062767826,0.006287750618315656,0.0,0.0970637247840226,False,0.0,0.0,0.0,0.09285714285714286,0.18319383237828069,0.18238184900170476,2.27,-2.89,0.0,0.65,0.0,-0.5118110236220472,
1791373241.9602761,balance,0.05792917398756593,-0.017719416751931574,0.026275416463429038,0.07159921958691401,-0.030884042495189015,0.0007697150289478811,0.1741886062767826,0.007817134262017396,0.0,0.09714224160231227,False,0.0,0.0,0.09285714285714286,0.0,0.18319383237828069,0.18238184900170476,2.4,-2.9,0.65,0.0,0.5118110236220472,-0.0,
1791373241.9702744,balance,0.05870406945387332,-0.01764026177888148,0.027009736461841818,0.08352112798244873,-0.030884042495189015,0.0008102904968424857,0.1741886062767826,0.003919597483142969,0.0,0.09718512885664368,False,0.0,0.0,0.09285714285714286,0.0,0.18319383237828069,0.18238184900170476,2.4,-2.91,0.65,0.0,0.5118110236220472,-0.0,
1791373241.9802659,balance,0.05996832955964241,-0.017613316407399673,0.02827399656761091,0.13983777681322257,-0.030884042495189015,0.0008102904968424857,0.1741886062767826,0.01138114272986979,0.0,0.0972786875763147,False,0.0,0.0,0.09285714285714286,0.0,0.18319383237828069,0.18238184900170476,2.42,-2.9,0.65,0.0,0.5118110236220472,-0.0,
1791373241.990227,balance,0.060899356690437154,-0.01749981294629491,0.029161571846319796,0.039300870695404874,-0.030884042495189015,0.0008537423489283413,0.1741886062767826,0.01075583304666684,0.0,0.09739473793245382,False,0.0,0.0,0.0,0.0,0.18319383237828069,0.18238184900170476,2.4,-2.9,0.0,0.0,0.0,-0.0,
1791373242.0002482,balance,0.06089435514461364,-0.01742143012516387,0.02915657030049628,-0.01038267526692312,-0.030884042495189015,0.0008537423489283413,0.1741886062767826,0.005161241887093643,0.0,0.0974586664207258,False,0.0,0.0,0.0,0.0,0.18319383237828069,0.18238184900170476,2.4,-2.9,0.0,0.0,0.0,-0.0,
1791373242.0102694,balance,0.06127933173008615,-0.017451120916392702,0.02955317232703326,0.07569688163892545,-0.030872417054124548,0.0008537423489283413,0.17426545710461827,0.011083850441616803,0.0,0.09755661891149603,False,0.0,0.0,0.0,0.0,0.18319383237828069,0.18258491659850523,2.39,-2.73,0.0,0.0,0.0,-0.0,
1791373242.0202305,balance,0.06194901620961129,-0.017337271384418363,0.030177522521348563,0.06660391721884437,-0.030872417054124548,0.0008990766341381789,0.17426545710461827,0.015118803797474574,0.0,0.09770246367306466,False,0.0,0.0,0.0,0.0,0.18319383237828069,0.18258491659850523,2.39,-2.77,0.0,0.0,0.0,-0.0,
1791373242.0302603,balance,0.06236406963088588,-0.017323228500817252,0.030501050163916143,0.025279461493432805,-0.030872417054124548,0.0009906024128451868,0.17426545710461827,0.015371240648678,0.0,0.09786098574584313,False,0.0,0.0,0.0,0.0,0.18319383237828069,0.18258491659850523,2.4,-2.92,0.0,0.0,0.0,-0.0,
1791373242.0402367,balance,0.062479293200980134,-0.017248113334826592,0.030524498767389083,-0.003448966332573441,-0.030872417054124548,0.001082377379466506,0.17426545710461827,0.015129871224232695,0.0,0.09801939370592451,False,0.0,0.0,0.09285714285714286,0.0,0.18319383237828069,0.18258491659850523,2.4,-2.79,0.65,0.0,0.5118110236220472,-0.0,
1791373242.0502331,balance,0.06259763326521275,-0.017396817729703352,0.03059701681154494,0.026006811753758824,-0.030872417054124548,0.0011281993995432627,0.17426545710461827,0.018565994009502904,0.0,0.09819199050288975,False,0.0,0.0,0.09285714285714286,0.0,0.18319383237828069,0.18258491659850523,2.42,-2.79,0.65,0.0,0.5118110236220472,-0.0,
1791373242.0602355,balance,0.06269574532524967,-0.017544354688289937,0.030649086178274484,-0.006841234734108545,-0.030872417054124548,0.0011742420928506354,0.17426545710461827,0.020105832018696916,0.0,0.098394318489172,False,0.0,0.0,0.09285714285714286,0.0,0.18319383237828069,0.18258491659850523,2.39,-2.79,0.65,0.0,0.5118110236220472,-0.0,
1791373242.0702324,balance,0.06253891351444221,-0.017571165956413757,0.030400708323069875,-0.01272952262728157,-0.030872417054124548,0.0012657881372477868,0.17426545710461827,0.018033555711582997,0.0,0.09857817471079088,False,0.0,0.0,0.09285714285714286,0.0,0.18319383237828069,0.18258491659850523,2.39,-2.7800000000000002,0.65,0.0,0.5118110236220472,-0.0,
1791373242.0802348,balance,0.06259390830416905,-0.017762921308711252,0.030420491473980578,0.019108746711354832,-0.030862026242115943,0.0013113905880725392,0.17434226832120941,0.02152644284024429,0.0,0.09878238231621948,False,0.0,0.0,0.09285714285714286,0.0,0.18339669919636176,0.18258491659850523,2.38,-2.7800000000000002,0.65,0.0,0.5118110236220472,-0.0,
1791373242.090247,balance,0.06266126534863414,-0.017893302011461665,0.03042013351697453,-0.017206932660909918,-0.030884042495189015,0.001357089336470598,0.1741886062767826,0.024333263141840967,0.0,0.09902326524568818,False,0.0,0.0,0.0959183307819313,0.09285714285714286,0.18319383237828069,0.18238184900170476,2.29,-2.8000000000000003,0.671428315473519,0.65,0.5286837129712748,-0.5118110236220472,
1791373242.1002433,balance,0.06223561754250667,-0.018125531121695536,0.029959878900008705,-0.04197902255258317,-0.030873641976683335,0.0014020966658146272,0.17426541747232188,0.022644108000825815,0.0,0.09924328921645417,False,0.0,0.0,0.0,0.09285714285714286,0.18339669919636176,0.18238184900170476,2.39,-2.9,0.0,0.65,0.0,-0.5118110236220472,
1791373242.1102622,balance,0.06190705161600352,-0.018194430359979634,0.029620912454999874,-0.04631636952826536,-0.030884042495189015,0.0014020966658146272,0.1741886062767826,0.02945774943665793,0.0,0.0995278609707445,False,0.0,0.0,0.09285714285714286,0.09285714285714286,0.18319383237828069,0.18238184900170476,2.2800000000000002,-2.9,0.65,0.65,0.5118110236220472,-0.5118110236220472,
1791373242.12023,balance,0.0612302077273947,-0.018181856395493398,0.028856796831270744,-0.08388889444404929,-0.030884042495189015,0.0014893684009349422,0.1741886062767826,0.028412266822967186,0.0,0.09981147975195244,False,0.0,0.0,0.0,0.09285714285714286,0.18319383237828069,0.18238184900170476,2.41,-2.89,0.0,0.65,0.0,-0.5118110236220472,
1791373242.1302607,balance,0.060511773982536765,-0.01827252508331072,0.02809576814244261,-0.06339371092456085,-0.030884042495189015,0.0015319633449051395,0.1741886062767826,0.025313954944661998,0.0,0.1000731434273114,False,0.0,0.0,0.0,0.09285714285714286,0.18319383237828069,0.18238184900170476,2.4,-2.77,0.0,0.65,0.0,-0.5118110236220472,
1791373242.1402328,balance,0.06009497019975185,-0.018499562595795813,0.027659317648665672,-0.01066088201668738,-0.030862026242115943,0.0015736263089702349,0.17434226832120941,0.026272603028711157,0.0,0.10032689674748009,False,0.0,0.0,0.09285714285714286,0.09285714285714286,0.18339669919636176,0.18258491659850523,2.36,-2.89,0.65,0.65,0.5118110236220472,-0.5118110236220472,
1791373242.1502295,balance,0.06002879587057235,-0.018634338201119077,0.027540096213862324,-0.013832710831882023,-0.030873641976683335,0.0016150576800266947,0.17426541747232188,0.029346966102230643,0.0,0.10060673921540061,False,0.0,0.0,0.09285714285714286,0.09285714285714286,0.18339669919636176,0.18238184900170476,2.2800000000000002,-2.7600000000000002,0.65,0.65,0.5118110236220472,-0.5118110236220472,
1791373242.1602383,balance,0.059812365217366555,-0.018450954715196286,0.027282444097342172,-0.05556938832100851,-0.030873641976683335,0.0016562791433410464,0.17426541747232188,0.03182235251879851,0.0,0.10091646422606947,False,0.0,0.0,0.0,0.0,0.18339669919636176,0.18238184900170476,2.27,-2.92,0.0,0.0,0.0,-0.0,
1791373242.1702611,balance,0.05883140215321718,-0.01864389770332476,0.026301481033192797,-0.12504811626067372,-0.030873641976683335,0.0016562791433410464,0.17426541747232188,0.032089799927704776,0.0,0.10124558050797176,False,0.0,0.0,0.0,0.0,0.18339669919636176,0.18238184900170476,2.2800000000000002,-2.9,0.0,0.0,0.0,-0.0,
1791373242.1802406,balance,0.05718849416839046,-0.01878044985358921,0.02462158518879353,-0.17483035200372804,-0.030873641976683335,0.0016932670029135954,0.17426541747232188,0.03413090359812516,0.0,0.10158597957854713,False,0.0,0.0,0.09285714285714286,0.09285714285714286,0.18339669919636176,0.18238184900170476,2.27,-2.91,0.65,0.65,0.5118110236220472,-0.5118110236220472,
1791373242.1902533,balance,0.05571655125402054,-0.018876914584371098,0.023103765069204737,-0.11127345550964157,-0.030884042495189015,0.001728743689626784,0.1741886062767826,0.037193099341581694,0.0,0.10193887058649664,False,0.0,0.0,0.0,0.09285714285714286,0.18319383237828069,0.18238184900170476,2.39,-2.89,0.0,0.65,0.0,-0.5118110236220472,
1791373242.200231,balance,0.05476811598044848,-0.01867013721763111,0.02215532979563268,-0.10281798251206285,-0.030884042495189015,0.001728743689626784,0.1741886062767826,0.04209708990342711,0.0,0.10235128496722504,False,0.0,0.0,0.09285714285714286,0.09285714285714286,0.18319383237828069,0.18238184900170476,2.41,-2.91,0.65,0.65,0.5118110236220472,-0.5118110236220472,
1791373242.210261,balance,0.053486589688068714,-0.018520601656626813,0.020885428944317382,-0.13400903364508518,-0.030872417054124548,0.001728743689626784,0.17426545710461827,0.03652596997650468,0.0,0.10272492765638672,False,0.0,0.0,0.0,0.09285714285714286,0.18319383237828069,0.18258491659850523,2.4,-2.9,0.0,0.65,0.0,-0.5118110236220472,
1791373242.22026,balance,0.05225909400051995,-0.01867503551643857,0.019627223271708516,-0.11105393355133189,-0.030873641976683335,0.0017582287521280989,0.17426541747232188,0.034664650114082235,0.0,0.10307124924714757,False,0.0,0.0,0.0,0.0,0.18339669919636176,0.18238184900170476,2.35,-2.92,0.0,0.0,0.0,-0.0,
1791373242.2302697,balance,0.05149510718444922,-0.018874856593024153,0.018874852190205176,-0.06598115049870877,-0.030862026242115943,0.0017582287521280989,0.17434226832120941,0.03403418975878453,0.0,0.10342438717600164,False,0.0,0.0,0.09285714285714286,0.09285714285714286,0.18339669919636176,0.18258491659850523,2.2600000000000002,-2.74,0.65,0.65,0.5118110236220472,-0.5118110236220472,
1791373242.240241,balance,0.05065446558203879,-0.018752259168733458,0.018007159271913053,-0.06121466378339461,-0.030862026242115943,0.001785280068009791,0.17434226832120941,0.02833016451967352,0.0,0.1037128010759849,False,0.0,0.0,0.09285714285714286,0.0,0.18339669919636176,0.18258491659850523,2.2800000000000002,-2.7800000000000002,0.65,0.0,0.5118110236220472,-0.0,
1791373242.2502463,balance,0.0503091302551161,-0.01870872962955932,0.01760871637916263,-0.03019423061126355,-0.030862026242115943,0.001838387633837532,0.17434226832120941,0.029961599808701105,0.0,0.10400850631145596,False,0.0,0.0,0.0,0.09285714285714286,0.18339669919636176,0.18258491659850523,2.31,-2.7800000000000002,0.0,0.65,0.0,-0.5118110236220472,
1791373242.2602575,balance,0.04993848703539237,-0.01885766138584996,0.017201506012983706,-0.06377817701102156,-0.030872417054124548,0.0018645639682841205,0.17426545710461827,0.0265190195050606,0.0,0.10428457162373962,False,0.0,0.0,0.0,0.09285714285714286,0.18319383237828069,0.18258491659850523,2.29,-2.79,0.0,0.65,0.0,-0.5118110236220472,
1791373242.2703035,balance,0.049305989301742285,-0.01901307042763202,0.016532143915708866,-0.07103920571110293,-0.030884042495189015,0.0018898028908444036,0.1741886062767826,0.023875842338237464,0.0,0.10453230725831553,False,0.0,0.0,0.0,0.09285714285714286,0.18319383237828069,0.18238184900170476,2.39,-2.93,0.0,0.65,0.0,-0.5118110236220472,
1791373242.2802417,balance,0.04834429341825405,-0.018883674045390725,0.015582073473285102,-0.0998399778975977,-0.030872417054124548,0.0018898028908444036,0.17426545710461827,0.01618111894811181,0.0,0.10470933925689503,False,0.0,0.0,0.09285714285714286,0.0,0.18319383237828069,0.18258491659850523,2.39,-2.9,0.65,0.0,0.5118110236220472,-0.0,
1791373242.2902348,balance,0.04791047215617477,-0.0189225186637708,0.01511392182998614,0.0021325099496268905,-0.030884042495189015,0.0019125078309996156,0.1741886062767826,0.014542843958702036,0.0,0.10485282509037254,False,0.0,0.0,0.09285714285714286,0.0,0.18319383237828069,0.18238184900170476,2.39,-2.92,0.65,0.0,0.5118110236220472,-0.0,
1791373242.3002632,balance,0.04824253416874534,-0.01917663965791467,0.01545638436106239,0.051063111866633336,-0.030873641976683335,0.0019125078309996156,0.17426541747232188,0.018300229822846674,0.0,0.10502542645340175,False,0.0,0.0,0.0,0.09285714285714286,0.18339669919636176,0.18238184900170476,2.37,-2.9,0.0,0.65,0.0,-0.5118110236220472,
1791373242.3102684,balance,0.04843712397910008,-0.019150094121930923,0.015627451358437405,-0.03154799391264781,-0.030873641976683335,0.001936030643979337,0.17426541747232188,0.012777875907198583,0.0,0.10517409863912945,False,0.0,0.0,0.0,0.0,0.18339669919636176,0.18238184900170476,2.31,-2.91,0.0,0.0,0.0,-0.0,
1791373242.3202293,balance,0.04794223175756686,-0.019094612486258208,0.015144174871471579,-0.045349573950118655,-0.030862026242115943,0.001936030643979337,0.17434226832120941,0.007272423144944004,0.0,0.10525818701425863,False,0.0,0.0,0.0,0.0,0.18339669919636176,0.18258491659850523,2.27,-2.75,0.0,0.0,0.0,-0.0,
1791373242.33026,balance,0.04771206927403193,-0.019208922120729763,0.014914012387936652,-0.004118766347597287,-0.030862026242115943,0.001936030643979337,0.17434226832120941,0.012816064612943557,0.0,0.10537139626331339,False,0.0,0.0,0.09285714285714286,0.09285714285714286,0.18339669919636176,0.18258491659850523,2.27,-2.7600000000000002,0.65,0.65,0.5118110236220472,-0.5118110236220472,
1791373242.340261,balance,0.04717905897610548,-0.019305107087031356,0.014315406004814216,-0.09496404161259395,-0.030884042495189015,0.0019796104761022454,0.1741886062767826,0.012528318903127191,0.0,0.10549118728974007,False,0.0,0.0,0.0,0.0,0.18319383237828069,0.18238184900170476,2.37,-2.93,0.0,0.0,0.0,-0.0,
1791373242.350236,balance,0.046239727183179015,-0.01915934644105282,0.013355410496302181,-0.10741737757785372,-0.030884042495189015,0.0020002741916878178,0.1741886062767826,0.010764200573188621,0.0,0.10560744768294085,False,0.0,0.0,0.09285714285714286,0.0,0.18319383237828069,0.18238184900170476,2.4,-2.7800000000000002,0.65,0.0,0.5118110236220472,-0.0,
1791373242.3602352,balance,0.045388342077916526,-0.019362989922492555,0.012484885985614732,-0.04564357249149399,-0.030884042495189015,0.0020194135971127783,0.1741886062767826,0.014482794640956495,0.0,0.105738517328189,False,0.0,0.0,0.0,0.0,0.18319383237828069,0.18238184900170476,2.33,-2.91,0.0,0.0,0.0,-0.0,
1791373242.370252,balance,0.04469782577551268,-0.01949013636119777,0.011804770201716564,-0.07355517348874527,-0.030873641976683335,0.0020194135971127783,0.17426541747232188,0.007818185192840929,0.0,0.10584063036978823,False,0.0,0.0,0.0,0.0,0.18339669919636176,0.18238184900170476,2.38,-2.9,0.0,0.0,0.0,-0.0,
1791373242.3802588,balance,0.0442321316948428,-0.01961011543336183,0.011339076121046688,-0.017321226267279582,-0.030873641976683335,0.0020194135971127783,0.17426541747232188,0.0045323272768704225,0.0,0.10589462327459805,False,0.0,0.0,0.0,0.0,0.18339669919636176,0.18238184900170476,2.27,-2.9,0.0,0.0,0.0,-0.0,
1791373242.390252,balance,0.044423212895713354,-0.019521381045774007,0.011512862085934366,0.034609062202507694,-0.030873641976683335,0.002036708833095654,0.17426541747232188,0.0018918835397342152,0.0,0.10591691103722317,False,0.0,0.0,0.09285714285714286,0.09285714285714286,0.18339669919636176,0.18238184900170476,2.27,-2.89,0.65,0.65,0.5118110236220472,-0.5118110236220472,
1791373242.4002564,balance,0.04488611846742979,-0.019356806064186587,0.011958103750713846,0.04192916228085153,-0.030873641976683335,0.0020543727400326108,0.17426541747232188,0.0066837314255063975,0.0,0.10596409285283816,False,0.0,0.0,0.0,0.0,0.18339669919636176,0.18238184900170476,2.2800000000000002,-2.9,0.0,0.0,0.0,-0.0,
1791373242.4102616,balance,0.04475768967884838,-0.019505107649593265,0.011819274443626751,-0.0967434887714348,-0.030884042495189015,0.0020543727400326108,0.1741886062767826,-0.0031565294977814002,0.0,0.10596982610024963,False,0.0,0.0,0.0,0.0,0.18319383237828069,0.18238184900170476,2.3000000000000003,-2.91,0.0,0.0,0.0,-0.0,
1791373242.4202592,balance,0.04389612924944575,-0.01936801937336492,0.01096326067189625,-0.033349915652316466,-0.030862026242115943,0.0020708423354335566,0.17434226832120941,-0.005698324794413675,0.0,0.1059120599741657,False,0.0,0.0,0.0,0.0,0.18339669919636176,0.18258491659850523,2.4,-2.7600000000000002,0.0,0.0,0.0,-0.0,
1791373242.4302297,balance,0.04373351841113249,-0.019489073922513298,0.010746183143212115,-0.019296925537571945,-0.030884042495189015,0.0021032927727313586,0.1741886062767826,-0.006439776164343563,0.0,0.10584637265457152,False,0.0,0.0,0.0,0.0,0.18319383237828069,0.18238184900170476,2.2800000000000002,-2.92,0.0,0.0,0.0,-0.0,
1791373242.4402728,balance,0.04388517718376076,-0.019281029107511945,0.010908242434346068,0.02539349792269,-0.030873641976683335,0.0021032927727313586,0.17426541747232188,-0.0022195458076912505,0.0,0.10581293512284265,False,0.0,0.0,0.0,0.0,0.18339669919636176,0.18238184900170476,2.41,-2.75,0.0,0.0,0.0,-0.0,
1791373242.4502528,balance,0.0440414965583427,-0.019227014349777333,0.011054161290422325,-0.008554952462625762,-0.030884042495189015,0.0021032927727313586,0.1741886062767826,0.00508580907149681,0.0,0.10585514485908958,False,0.0,0.0,0.0,0.0,0.18319383237828069,0.18238184900170476,2.2800000000000002,-2.9,0.0,0.0,0.0,-0.0,
1791373242.4602582,balance,0.042906902107697195,-0.019205128511417303,0.009929967358282502,-0.15755116406921935,-0.030873641976683335,0.0021032927727313586,0.17426541747232188,-0.007625275905538864,0.0,0.10581040596178319,False,0.0,0.0,0.09285714285714286,0.0,0.18339669919636176,0.18238184900170476,2.36,-2.89,0.65,0.0,0.5118110236220472,-0.0,
1791373242.4702783,balance,0.04188435309073336,-0.019407226877707684,0.008893639471680722,-0.05296274170393088,-0.030873641976683335,0.0021170716423693,0.17426541747232188,-0.002775888604609924,0.0,0.10575489338383977,False,0.0,0.0,0.0,0.0,0.18339669919636176,0.18238184900170476,2.3000000000000003,-2.75,0.0,0.0,0.0,-0.0,
1791373242.480254,balance,0.04158466018658868,-0.01931674308441432,0.008581055647684738,-0.04406214142970738,-0.030873641976683335,0.0021299625622206043,0.17426541747232188,0.0033749665978185287,0.0,0.10578703546300604,False,0.0,0.0,0.0,0.0,0.18339669919636176,0.18238184900170476,2.2600000000000002,-2.91,0.0,0.0,0.0,-0.0,
1791373242.4902513,balance,0.04080370492722677,-0.01908593222959305,0.007801325310881619,-0.08067989538422589,-0.030872417054124548,0.0021299625622206043,0.17426545710461827,-0.00599408607108042,0.0,0.10574964686048546,False,0.0,0.0,0.0,0.0,0.18319383237828069,0.18258491659850523,2.36,-2.9,0.0,0.0,0.0,-0.0,
1791373242.5002475,balance,0.04044469085536875,-0.019210244109456834,0.007418658523014466,-0.031504944913675795,-0.030873641976683335,0.0021523903556709524,0.17426541747232188,-0.003257132681402182,0.0,0.10571030281133231,False,0.0,0.0,0.0,0.0,0.18339669919636176,0.18238184900170476,2.4,-2.92,0.0,0.0,0.0,-0.0,
1791373242.5102975,balance,0.040058129059402287,-0.019166263542900484,0.0070119561127143515,-0.0520680471619618,-0.030872417054124548,0.0021737558925633872,0.17426545710461827,-0.0059666696853929125,0.0,0.10565746364769717,False,0.0,0.0,0.0,0.0,0.18319383237828069,0.18258491659850523,2.2800000000000002,-2.74,0.0,0.0,0.0,-0.0,
1791373242.5202365,balance,0.0396689843052016,-0.01902140794791246,0.006601537250724097,-0.03666106587642074,-0.030873641976683335,0.0021938050777941653,0.17426541747232188,-0.006985294390842975,0.0,0.10558718580616347,False,0.0,0.0,0.0,0.0,0.18339669919636176,0.18238184900170476,2.3000000000000003,-2.77,0.0,0.0,0.0,-0.0,
1791373242.5302446,balance,0.03922348440039147,-0.01885855691924121,0.006158401600860643,-0.04018909305647182,-0.030862026242115943,0.0022030565574148874,0.17434226832120941,-0.0037395030011054685,0.0,0.10554596324282547,False,0.0,0.0,0.0,0.0,0.18339669919636176,0.18258491659850523,2.2800000000000002,-2.74,0.0,0.0,0.0,-0.0,
1791373242.540235,balance,0.038232331290994306,-0.018952750506347597,0.005155632756896084,-0.12532685920552347,-0.030873641976683335,0.0022030565574148874,0.17426541747232188,-0.009023341266975493,0.0,0.10546831293985429,False,0.0,0.0,0.0,0.0,0.18339669919636176,0.18238184900170476,2.36,-2.77,0.0,0.0,0.0,-0.0,
1791373242.5502412,balance,0.037241072634944784,-0.0191515719256992,0.004158761545846405,-0.09079576577530303,-0.030872417054124548,0.002209894034973832,0.17426545710461827,-0.007408639293475193,0.0,0.10538600222095047,False,0.0,0.0,0.0,0.0,0.18319383237828069,0.18258491659850523,2.27,-2.7600000000000002,0.0,0.0,0.0,-0.0,
1791373242.5602596,balance,0.03646915723748401,-0.0190141350802698,0.003392141104953641,-0.07572951658841026,-0.030862026242115943,0.0022149898904144233,0.17434226832120941,-0.004873582680438448,0.0,0.10533419004398362,False,0.0,0.0,0.0,0.0,0.18339669919636176,0.18258491659850523,2.38,-2.77,0.0,0.0,0.0,-0.0,
1791373242.5702493,balance,0.035506874401179014,-0.01883014842628095,0.0024158382554550833,-0.10840277295781055,-0.030872417054124548,0.0022186190915993833,0.17426545710461827,-0.0007185569138776892,0.0,0.10532054304968168,False,0.0,0.0,0.0,0.0,0.18319383237828069,0.18258491659850523,2.2800000000000002,-2.7800000000000002,0.0,0.0,0.0,-0.0,
1791373242.5802436,balance,0.03397195554780797,-0.01893612297153727,0.0008809194020840396,-0.18154298422518472,-0.030872417054124548,0.0022186190915993833,0.17426545710461827,-0.00836277627491568,0.0,0.10525682677594156,False,0.0,0.0,0.0,-0.09285714285714286,0.18319383237828069,0.18258491659850523,2.36,-2.75,0.0,-0.65,0.0,0.5118110236220472,
1791373242.5902798,balance,0.03239593076910669,-0.019160723176373178,-0.0006847145646086345,-0.11895788641884734,-0.030862026242115943,0.0022186190915993833,0.17434226832120941,-0.011885309609559141,0.0,0.10514649332656242,False,0.0,0.0,0.0,0.0,0.18339669919636176,0.18258491659850523,2.3000000000000003,-2.7800000000000002,0.0,0.0,0.0,-0.0,
1791373242.6002424,balance,0.031352865628452006,-0.019166122547277183,-0.0017257591726096027,-0.08179310159175236,-0.030862026242115943,0.0022165985589456664,0.17434226832120941,-0.008739872370851663,0.0,0.1050462840789769,False,0.0,0.0,0.0,0.0,0.18339669919636176,0.18258491659850523,2.29,-2.74,0.0,0.0,0.0,-0.0,
1791373242.6102297,balance,0.030710499702439633,-0.018888967320927333,-0.002368125098621976,-0.07807817924148253,-0.030862026242115943,0.0022165985589456664,0.17434226832120941,-0.0037856750347126005,0.0,0.10500041475854004,False,0.0,0.0,0.0,0.0,0.18339669919636176,0.18258491659850523,2.2800000000000002,-2.8000000000000003,0.0,0.0,0.0,-0.0,
1791373242.6202292,balance,0.02936267420996972,-0.019039251654034885,-0.0037159505910918885,-0.19234751859876184,-0.030862026242115943,0.0022165985589456664,0.17434226832120941,-0.009260457864906058,0.0,0.10492474864032113,False,0.0,0.0,0.0,0.0,0.18339669919636176,0.18258491659850523,2.2800000000000002,-2.7600000000000002,0.0,0.0,0.0,-0.0,
1791373242.6302507,balance,0.027309801382849982,-0.019202282609728123,-0.005768823418211626,-0.19783997817786433,-0.030862026242115943,0.0022165985589456664,0.17434226832120941,-0.01578254341017101,0.0,0.10477929871588777,False,0.0,0.0,0.0,0.0,0.18339669919636176,0.18258491659850523,2.2800000000000002,-2.77,0.0,0.0,0.0,-0.0,
1791373242.640235,balance,0.025478816376178545,-0.019178720844244983,-0.007599808424883064,-0.16469443580331092,-0.030862026242115943,0.0022165985589456664,0.17434226832120941,-0.01604926166990777,0.0,0.10461046306182471,False,0.0,0.0,-0.09285714285714286,0.0,0.18339669919636176,0.18258491659850523,2.27,-2.77,-0.65,0.0,-0.5118110236220472,-0.0,
1791373242.6502361,balance,0.024172452001085292,-0.019034756513659445,-0.008892813540776352,-0.12282217547468992,-0.030862026242115943,0.002203239299745702,0.17434226832120941,-0.013892495336511972,0.0,0.10447674407452881,False,0.0,0.0,0.0,-0.09285714285714286,0.18339669919636176,0.18258491659850523,2.2800000000000002,-2.79,0.0,-0.65,0.0,0.5118110236220472,
1791373242.6602342,balance,0.022829274923189098,-0.018929604917690395,-0.010235990618672546,-0.14337815739781923,-0.030862026242115943,0.002203239299745702,0.17434226832120941,-0.018162879039277293,0.0,0.10430717469514297,False,0.0,0.0,-0.09285714285714286,0.0,0.18339669919636176,0.18258491659850523,2.36,-2.77,-0.65,0.0,-0.5118110236220472,-0.0,
1791373242.6702807,balance,0.021423307621932845,-0.01915075790904984,-0.01162531248843959,-0.14209954540571443,-0.030862026242115943,0.002186593868256492,0.17434226832120941,-0.020663374553832173,0.0,0.10410975306178738,False,0.0,0.0,0.0,-0.09285714285714286,0.18339669919636176,0.18258491659850523,2.27,-2.7800000000000002,0.0,-0.65,0.0,0.5118110236220472,
1791373242.680264,balance,0.020003994299998107,-0.01917599497417075,-0.013044625810374327,-0.1604665791324997,-0.030862026242115943,0.002186593868256492,0.17434226832120941,-0.02517383360600081,0.0,0.10387045546358528,False,0.0,0.0,-0.09285714285714286,0.0,0.18339669919636176,0.18258491659850523,2.2800000000000002,-2.77,-0.65,0.0,-0.5118110236220472,-0.0,
1791373242.6902394,balance,0.018502033048691444,-0.018933270467516986,-0.014503853842625206,-0.14575004575860456,-0.030862026242115943,0.0021438606492007076,0.17434226832120941,-0.024762821531317255,0.0,0.10362156314500462,False,0.0,0.0,0.0,0.0,0.18339669919636176,0.18258491659850523,2.2800000000000002,-2.7800000000000002,0.0,0.0,0.0,-0.0,
1791373242.700241,balance,0.01711568291691575,-0.01896070247638139,-0.015843459541436386,-0.163034896826995,-0.030862026242115943,0.002097116216236191,0.17434226832120941,-0.027165236352753946,0.0,0.10335562597670675,False,0.0,0.0,0.0,-0.09285714285714286,0.18339669919636176,0.18258491659850523,2.27,-2.77,0.0,-0.65,0.0,0.5118110236220472,
1791373242.7102587,balance,0.015441991387938442,-0.019111621205499692,-0.017527541882422296,-0.17457493156823797,-0.030872417054124548,0.002097116216236191,0.17426545710461827,-0.03363522331081571,0.0,0.10303821404344513,False,0.0,0.0,-0.09285714285714286,0.0,0.18319383237828069,0.18258491659850523,2.3000000000000003,-2.7800000000000002,-0.65,0.0,-0.5118110236220472,-0.0,
1791373242.720237,balance,0.014029599259821652,-0.019102742972775373,-0.018885098583939275,-0.10578970280778875,-0.030873641976683335,0.0020410558670775885,0.17426541747232188,-0.03405279323544978,0.0,0.10269711904330144,False,0.0,0.0,-0.09285714285714286,0.0,0.18339669919636176,0.18238184900170476,2.3000000000000003,-2.77,-0.65,0.0,-0.5118110236220472,-0.0,
1791373242.7302473,balance,0.01303710756094203,-0.01900382443853724,-0.0198659745482515,-0.08630704382758579,-0.030862026242115943,0.0020410558670775885,0.17434226832120941,-0.04039783092650142,0.0,0.10231090581590782,False,0.0,0.0,0.0,0.0,0.18339669919636176,0.18258491659850523,2.2800000000000002,-2.75,0.0,0.0,0.0,-0.0,
1791373242.7402372,balance,0.012248717384227914,-0.018833993622489918,-0.020654364724965617,-0.06340315059106444,-0.030862026242115943,0.0020410558670775885,0.17434226832120941,-0.0482946076809663,0.0,0.10184172061728824,False,0.0,0.0,0.0,-0.09285714285714286,0.18339669919636176,0.18258491659850523,2.25,-2.7800000000000002,0.0,-0.65,0.0,0.5118110236220472,
1791373242.7502377,balance,0.011966429699128206,-0.01884369664978566,-0.02093665241006533,-0.02014725334743971,-0.030862026242115943,0.0020410558670775885,0.17434226832120941,-0.054084072282936727,0.0,0.10131817755867616,False,0.0,0.0,0.0,-0.09285714285714286,0.18339669919636176,0.18258491659850523,2.2800000000000002,-2.91,0.0,-0.65,0.0,0.5118110236220472,
1791373242.7602544,balance,0.011857612875830405,-0.01867999182291178,-0.021045469233363125,-0.022384014335296486,-0.030862026242115943,0.0020410558670775885,0.17434226832120941,-0.06287705725242555,0.0,0.10071492386412001,False,0.0,0.0,0.0,0.0,0.18339669919636176,0.18258491659850523,2.27,-2.7800000000000002,0.0,0.0,0.0,-0.0,
1791373242.7702758,balance,0.011977083852019484,-0.018606465212806494,-0.020925998257174047,0.030551662642153553,-0.030862026242115943,0.0020410558670775885,0.17434226832120941,-0.07097411044788775,0.0,0.10002003027360458,False,0.0,0.0,0.0,0.0,0.18339669919636176,0.18258491659850523,2.29,-2.77,0.0,0.0,0.0,-0.0,
1791373242.7802482,balance,0.01256004028811829,-0.01851505351183469,-0.02034304182107524,0.07306912208397597,-0.030862026242115943,0.0020410558670775885,0.17434226832120941,-0.08026348027079923,0.0,0.0992352138882184,False,0.0,0.0,-0.09285714285714286,-0.09285714285714286,0.18339669919636176,0.18258491659850523,2.27,-2.77,-0.65,-0.65,-0.5118110236220472,0.5118110236220472,
1791373242.7903028,balance,0.013599789221203388,-0.018256325800036964,-0.01931490862255754,0.11741698878926139,-0.030873641976683335,0.0020410558670775885,0.17426541747232188,-0.08265732634621445,0.0,0.09841921087201488,False,0.0,0.0,0.0,0.0,0.18339669919636176,0.18238184900170476,2.27,-2.79,0.0,0.0,0.0,-0.0,
1791373242.8002584,balance,0.014469534936351943,-0.018207378106100538,-0.018445162907408982,0.08501316486344761,-0.030873641976683335,0.0020410558670775885,0.17426541747232188,-0.08546522211857953,0.0,0.09756833506216454,False,0.0,0.0,-0.09285714285714286,0.0,0.18339669919636176,0.18238184900170476,2.27,-2.89,-0.65,0.0,-0.5118110236220472,-0.0,
1791373242.8102274,balance,0.014972210889038745,-0.017888097347837542,-0.017942486954722177,0.03535097820824356,-0.030873641976683335,0.0020410558670775885,0.17426541747232188,-0.09473756568941104,0.0,0.09664930983969587,False,0.0,0.0,0.0,0.0,0.18339669919636176,0.18238184900170476,2.2600000000000002,-2.93,0.0,0.0,0.0,-0.0,
1791373242.820237,balance,0.015557752375349792,-0.0178160043843305,-0.01735694546841113,0.08956707066748738,-0.030873641976683335,0.0020410558670775885,0.17426541747232188,-0.10194745416369809,0.0,0.09563835871076339,False,0.0,0.0,0.0,0.0,0.18339669919636176,0.18238184900170476,2.2800000000000002,-2.9,0.0,0.0,0.0,-0.0,
1791373242.8302467,balance,0.016966363351327642,-0.017514020439308903,-0.015948334492433283,0.1726499482635555,-0.030873641976683335,0.0020410558670775885,0.17426541747232188,-0.10359023179747735,0.0,0.09460011367369008,False,0.0,0.0,-0.09285714285714286,-0.09285714285714286,0.18339669919636176,0.18238184900170476,2.3000000000000003,-2.91,-0.65,-0.65,-0.5118110236220472,0.5118110236220472,
1791373242.8402689,balance,0.019008172996160762,-0.017279773455774715,-0.013906524847600162,0.20971574313836466,-0.030873641976683335,0.0020410558670775885,0.17426541747232188,-0.10199172685708363,0.0,0.09358616172325572,False,0.0,0.0,0.0,0.0,0.18339669919636176,0.18238184900170476,2.2800000000000002,-2.89,0.0,0.0,0.0,-0.0,
1791373242.8502479,balance,0.020695765810980954,-0.01720685915095905,-0.01221893203277997,0.13939323571414952,-0.030873641976683335,0.0020410558670775885,0.17426541747232188,-0.10830931963855549,0.0,0.09251757198811313,False,0.0,0.0,0.0,0.0,0.18339669919636176,0.18238184900170476,2.2600000000000002,-2.9,0.0,0.0,0.0,-0.0,
1791373242.8602624,balance,0.02215971415656336,-0.016756432541632886,-0.010754983687197564,0.15994222045771972,-0.030873641976683335,0.0020410558670775885,0.17426541747232188,-0.10847353992143213,0.0,0.09143133695331619,False,0.0,0.0,0.0,0.0,0.18339669919636176,0.18238184900170476,2.27,-2.9,0.0,0.0,0.0,-0.0,
1791373242.8702714,balance,0.023543064032371885,-0.016268180369031663,-0.009371633811389038,0.12374852811090041,-0.030873641976683335,0.0020410558670775885,0.17426541747232188,-0.11809385065473524,0.0,0.09027592229270959,False,0.0,0.0,0.0,-0.09285714285714286,0.18339669919636176,0.18238184900170476,2.2800000000000002,-2.9,0.0,-0.65,0.0,0.5118110236220472,
1791373242.8802457,balance,0.025342921222128976,-0.015816302788035367,-0.007571776621631948,0.22625699075431877,-0.030873641976683335,0.0020410558670775885,0.17426541747232188,-0.11728148077438699,0.0,0.08909949396263432,False,0.0,0.0,-0.09285714285714286,0.0,0.18339669919636176,0.18238184900170476,2.27,-2.9,-0.65,0.0,-0.5118110236220472,-0.0,
1791373242.8902886,balance,0.027803631341568352,-0.015432146358522785,-0.005111066502192571,0.22845490856690814,-0.030873641976683335,0.0020410558670775885,0.17426541747232188,-0.11402729285933623,0.0,0.08795794717135846,False,0.0,0.0,0.0,0.0,0.18339669919636176,0.18238184900170476,2.27,-2.9,0.0,0.0,0.0,-0.0,
1791373242.9002388,balance,0.029870043091014924,-0.015211654939806536,-0.00305505527125168,0.19107648272592645,-0.030884042495189015,0.0020410558670775885,0.1741886062767826,-0.11405867224126846,0.0,0.08681621272874303,False,0.0,0.0,0.0,0.0,0.18319383237828069,0.18238184900170476,2.2800000000000002,-2.9,0.0,0.0,0.0,-0.0,
1791373242.9102676,balance,0.03135838882155135,-0.014776784154294021,-0.001566709540715255,0.13046541496380334,-0.030884042495189015,0.0020410558670775885,0.1741886062767826,-0.11306747831055038,0.0,0.08568081754238101,False,0.0,0.0,0.0,0.0,0.18319383237828069,0.18238184900170476,2.39,-2.89,0.0,0.0,0.0,-0.0,
1791373242.920245,balance,0.03258289149868911,-0.014354797995671072,-0.0003422068635774971,0.13935134855889833,-0.030884042495189015,0.0020410558670775885,0.1741886062767826,-0.11639304253140041,0.0,0.08451985929153276,False,0.0,0.0,0.0,0.0,0.18319383237828069,0.18238184900170476,2.39,-2.91,0.0,0.0,0.0,-0.0,
1791373242.9302418,balance,0.034467656964559584,-0.013857322801014144,0.0015425586022929805,0.24306098882039248,-0.030884042495189015,0.0020410558670775885,0.1741886062767826,-0.11217862054283988,0.0,0.08338141346083991,False,0.0,0.0,0.0,-0.09285714285714286,0.18319383237828069,0.18238184900170476,2.4,-2.87,0.0,-0.65,0.0,0.5118110236220472,
1791373242.9402423,balance,0.03737733039402083,-0.013481616217684069,0.004463857472818694,0.2976457496247308,-0.030872417054124548,0.0020410558670775885,0.17426545710461827,-0.10466114421464172,0.0,0.08232641539151357,False,0.0,0.0,0.0,0.0,0.18319383237828069,0.18258491659850523,2.44,-2.88,0.0,0.0,0.0,-0.0,
1791373242.950258,balance,0.03976373798109969,-0.013302877298284754,0.006850265059897552,0.19404952398437084,-0.030872417054124548,0.0020410558670775885,0.17426545710461827,-0.11078331481464535,0.0,0.08123759007038948,False,0.0,0.0,0.0,0.0,0.18319383237828069,0.18258491659850523,2.41,-2.7800000000000002,0.0,0.0,0.0,-0.0,
1791373242.9602447,balance,0.041774269727262815,-0.013192173898864174,0.008860796806060679,0.19888035564025094,-0.030872417054124548,0.0020410558670775885,0.17426545710461827,-0.10925292591909937,0.0,0.08013873017397065,False,0.0,0.0,0.0,0.0,0.18319383237828069,0.18258491659850523,2.45,-2.74,0.0,0.0,0.0,-0.0,
1791373242.970272,balance,0.04354115938581956,-0.012485510657959683,0.010627686464617423,0.1597809297080599,-0.030872417054124548,0.0020410558670775885,0.17426545710461827,-0.10719878469755613,0.0,0.07906093061625812,False,0.0,0.0,0.0,0.0,0.18319383237828069,0.18258491659850523,2.44,-2.77,0.0,0.0,0.0,-0.0,
1791373242.9802577,balance,0.04507940815709641,-0.01225678935879377,0.012155535259903585,0.14929046209718858,-0.030882817030115233,0.0020410558670775885,0.17418864590685898,-0.10541993435653954,0.0,0.07799801071163148,False,0.0,0.0,0.0,0.0,0.18299090309463303,0.18258491659850523,2.45,-2.77,0.0,0.0,0.0,-0.0,
1791373242.9902306,balance,0.046703791332460706,-0.012196301593035903,0.013779918435267885,0.19351283353849774,-0.030882817030115233,0.0020410558670775885,0.17418864590685898,-0.09688579614306252,0.0,0.07700188687110675,False,0.0,0.0,0.0,0.0,0.18299090309463303,0.18258491659850523,2.52,-2.77,0.0,0.0,0.0,-0.0,
1791373243.0002387,balance,0.04873465688406538,-0.012122323753253188,0.015810783986872558,0.17824118154600938,-0.030882817030115233,0.0020410558670775885,0.17418864590685898,-0.08872789760026503,0.0,0.07610147074783659,False,0.0,0.0,0.0,0.0,0.18299090309463303,0.18258491659850523,2.56,-2.7800000000000002,0.0,0.0,0.0,-0.0,
1791373243.010264,balance,0.050290765833518644,-0.012175489553641101,0.017366892936325824,0.1455951616837857,-0.030882817030115233,0.0020410558670775885,0.17418864590685898,-0.08492735912977126,0.0,0.07524527447735735,False,0.0,0.0,0.0,0.0,0.18299090309463303,0.18258491659850523,2.54,-2.7600000000000002,0.0,0.0,0.0,-0.0,
1791373243.0202308,balance,0.05166882976097093,-0.01204566970568072,0.01874495686377811,0.14139791233572446,-0.030882817030115233,0.0020410558670775885,0.17418864590685898,-0.0827477839678822,0.0,0.07441253971656249,False,0.0,0.0,0.0,0.0,0.18299090309463303,0.18258491659850523,2.52,-2.7600000000000002,0.0,0.0,0.0,-0.0,
1791373243.0302405,balance,0.053221414173267874,-0.012089952038967618,0.020297541276075054,0.16965451046809538,-0.030882817030115233,0.0020410558670775885,0.17418864590685898,-0.07882671316753675,0.0,0.07361100588419346,False,0.0,0.0,0.0,0.0,0.18299090309463303,0.18258491659850523,2.5300000000000002,-2.7800000000000002,0.0,0.0,0.0,-0.0,
1791373243.04024,balance,0.05488602452721739,-0.012256874186368739,0.021962151630024573,0.1629997387870596,-0.030882817030115233,0.0020410558670775885,0.17418864590685898,-0.07351459990330078,0.0,0.07285827862146774,False,0.0,0.0,0.0,0.0,0.18299090309463303,0.18258491659850523,2.54,-2.7600000000000002,0.0,0.0,0.0,-0.0,
1791373243.05023,balance,0.05673514411416136,-0.012343413710321388,0.023811271216968542,0.19198704923620596,-0.030882817030115233,0.0020410558670775885,0.17418864590685898,-0.05461513514771129,0.0,0.07227041419098375,False,0.0,0.0,0.0,0.0,0.18299090309463303,0.18258491659850523,2.52,-2.7600000000000002,0.0,0.0,0.0,-0.0,
1791373243.0602515,balance,0.057603292471457915,-0.01263168925437852,0.024667784414096963,-0.004353301798424287,-0.030894452190283365,0.0020410558670775885,0.17411179510010205,-0.055742577820675696,0.0,0.0717270056668561,False,0.0,0.0,0.0,0.0,0.18299090309463303,0.18238184900170476,2.5500000000000003,-2.91,0.0,0.0,0.0,-0.0,
1791373243.0702703,balance,0.05762317073567722,-0.012826841204716059,0.02468766267831627,0.037857372394790964,-0.030894452190283365,0.0020410558670775885,0.17411179510010205,-0.05792457929537019,0.0,0.07114594143949389,False,0.0,0.0,0.0,0.0,0.18299090309463303,0.18238184900170476,2.5,-2.73,0.0,0.0,0.0,-0.0,
1791373243.080274,balance,0.05892448592417482,-0.012722633877924546,0.025999387561908213,0.1853385009776718,-0.030884042495189015,0.0020410558670775885,0.1741886062767826,-0.03808363050087895,0.0,0.07070614760516956,False,0.0,0.0,0.0,0.0,0.18319383237828069,0.18238184900170476,2.45,-2.89,0.0,0.0,0.0,-0.0,
1791373243.0902402,balance,0.060529660204510234,-0.012979115402127811,0.027594152147149283,0.0966478763044136,-0.030894452190283365,0.0020410558670775885,0.17411179510010205,-0.023536785464300804,0.0,0.07045726370148246,False,0.0,0.0,0.0,0.09285714285714286,0.18299090309463303,0.18238184900170476,2.52,-2.9,0.0,0.65,0.0,-0.5118110236220472,
1791373243.1002822,balance,0.060234711573980575,-0.013571495118601534,0.02730961321171397,-0.08457826409348501,-0.030884042495189015,0.0020410558670775885,0.1741886062767826,-0.029970534964658884,0.0,0.07016594521941802,False,0.0,0.0,0.0,0.0,0.18319383237828069,0.18238184900170476,2.46,-2.89,0.0,0.0,0.0,-0.0,
1791373243.110262,balance,0.059995877249099876,-0.013855701148944983,0.02707077888683327,0.01082974533336098,-0.030884042495189015,0.0020410558670775885,0.1741886062767826,-0.01697426867190382,0.0,0.0699573051986214,False,0.0,0.0,0.0,0.0,0.18319383237828069,0.18238184900170476,2.41,-2.91,0.0,0.0,0.0,-0.0,
1791373243.1202347,balance,0.06001768064992702,-0.013699768535847237,0.027092582287660413,-0.017590975867108682,-0.030884042495189015,0.0020410558670775885,0.1741886062767826,-0.00970489715064273,0.0,0.06985041593172067,False,0.0,0.0,0.0,0.09285714285714286,0.18319383237828069,0.18238184900170476,2.4,-2.91,0.0,0.65,0.0,-0.5118110236220472,
1791373243.130248,balance,0.059921530558894216,-0.01412325703055464,0.02699643219662761,0.015933798836474874,-0.030884042495189015,0.0020410558670775885,0.1741886062767826,-0.0016021638580828756,0.0,0.06981131520133567,False,0.0,0.0,0.09285714285714286,0.0,0.18319383237828069,0.18238184900170476,2.38,-2.9,0.65,0.0,0.5118110236220472,-0.0,
1791373243.1402397,balance,0.05986499048195088,-0.014528103178858593,0.026939892119684276,-0.027255341924902976,-0.030884042495189015,0.0020410558670775885,0.1741886062767826,0.0034477258241123543,0.0,0.06983345102368581,False,0.0,0.0,0.0,0.09285714285714286,0.18319383237828069,0.18238184900170476,2.41,-2.89,0.0,0.65,0.0,-0.5118110236220472,
1791373243.1502306,balance,0.059486806599617,-0.014643514509874129,0.026481844833851187,-0.033169352232486814,-0.030884042495189015,0.002120919270576797,0.1741886062767826,0.0018073819322810825,0.0,0.06985568605341623,False,0.0,0.0,0.0,0.0,0.18319383237828069,0.18238184900170476,2.37,-2.91,0.0,0.0,0.0,-0.0,
1791373243.160239,balance,0.059556278229901054,-0.014515256367839605,0.026511489489439037,0.034664494690864904,-0.030884042495189015,0.0021607462452729997,0.1741886062767826,0.0055858252368968615,0.0,0.06990414276066456,False,0.0,0.0,0.09285714285714286,0.0,0.18319383237828069,0.18238184900170476,2.41,-2.9,0.65,0.0,0.5118110236220472,-0.0,
1791373243.1702638,balance,0.06006770446062561,-0.01447818026555131,0.02702291572016359,0.060461977757525105,-0.030884042495189015,0.0021607462452729997,0.1741886062767826,0.009913318119093142,0.0,0.06999298449006945,False,0.0,0.0,0.0,0.09285714285714286,0.18319383237828069,0.18238184900170476,2.39,-2.9,0.0,0.65,0.0,-0.5118110236220472,
1791373243.1802564,balance,0.06054860955792012,-0.01483607294977177,0.027503820817458106,0.037053178243081554,-0.030884042495189015,0.0021607462452729997,0.1741886062767826,0.006451223941882951,0.0,0.0700655822202015,False,0.0,0.0,0.0,0.09285714285714286,0.18319383237828069,0.18238184900170476,2.4,-2.9,0.0,0.65,0.0,-0.5118110236220472,
1791373243.190235,balance,0.061191430674552266,-0.014770683652799788,0.02810487330414581,0.08060356575977749,-0.030884042495189015,0.002202514875217439,0.1741886062767826,0.009438128097646608,0.0,0.07014957514851257,False,0.0,0.0,0.0,0.0,0.18319383237828069,0.18238184900170476,2.4,-2.92,0.0,0.0,0.0,-0.0,
1791373243.2002366,balance,0.06192890710042858,-0.014377425490365444,0.028756258613488607,0.04705473500895484,-0.030884042495189015,0.0022886059917509565,0.1741886062767826,0.009649763651488565,0.0,0.07025007232978145,False,0.0,0.0,0.09285714285714286,0.0,0.18319383237828069,0.18238184900170476,2.39,-2.9,0.65,0.0,0.5118110236220472,-0.0,
1791373243.210272,balance,0.06236549230112269,-0.014373790716027957,0.029105591727651675,0.037143926935017085,-0.030884042495189015,0.002375858078282,0.1741886062767826,0.010998944805485217,0.0,0.07035768526374549,False,0.0,0.0,0.09285714285714286,0.0,0.18319383237828069,0.18238184900170476,2.38,-2.88,0.65,0.0,0.5118110236220472,-0.0,
1791373243.2202375,balance,0.06273690276382986,-0.014376209208466106,0.029477002190358842,0.04286135048204856,-0.030884042495189015,0.002375858078282,0.1741886062767826,0.00729269488532346,0.0,0.07044143296987218,False,0.0,0.0,0.09285714285714286,0.09285714285714286,0.18319383237828069,0.18238184900170476,2.39,-2.89,0.65,0.65,0.5118110236220472,-0.5118110236220472,
1791373243.2302413,balance,0.06345198404259249,-0.014225482206525064,0.030147395958557654,0.12344088234282356,-0.030884042495189015,0.00242054558884582,0.1741886062767826,0.00881995868139158,0.0,0.07051450193686458,False,0.0,0.0,0.0,0.09285714285714286,0.18319383237828069,0.18238184900170476,2.39,-2.89,0.0,0.65,0.0,-0.5118110236220472,
1791373243.2402592,balance,0.06496466112891137,-0.01378590619714666,0.03156604467144411,0.1379608328057236,-0.030884042495189015,0.0025145739622782506,0.1741886062767826,0.008016357623215396,0.0,0.0706013022480333,False,0.0,0.0,0.0,0.09285714285714286,0.18319383237828069,0.18238184900170476,2.38,-2.88,0.0,0.65,0.0,-0.5118110236220472,
1791373243.2502503,balance,0.06633214883660504,-0.013613511863960712,0.032847285130549256,0.1468601523640589,-0.030872417054124548,0.0026124466519312343,0.17426545710461827,0.009547691075537752,0.0,0.07069137654912057,False,0.0,0.0,0.0,0.09521839296796417,0.18319383237828069,0.18258491659850523,2.38,-2.87,0.0,0.6665287507757491,0.0,-0.5248257880124009,
1791373243.2602577,balance,0.06737576819505872,-0.013691357625432905,0.03377819432112373,0.06029942173608794,-0.030884042495189015,0.0027135313787459764,0.1741886062767826,0.008182843518184619,0.0,0.07077828782060656,False,0.0,0.0,0.0,0.0,0.18319383237828069,0.18238184900170476,2.4,-2.9,0.0,0.0,0.0,-0.0,
1791373243.2702687,balance,0.0678190559586332,-0.013526056073230004,0.03413072535752273,0.03436467995362751,-0.030872417054124548,0.0028159135469859255,0.17426545710461827,0.008410886830419191,0.0,0.07086768188140057,False,0.0,0.0,0.0,0.0,0.18319383237828069,0.18258491659850523,2.38,-2.72,0.0,0.0,0.0,-0.0,
1791373243.2802575,balance,0.06816170655080718,-0.013255395349952218,0.03435869790099185,0.05177096473054357,-0.030884042495189015,0.0029189661546263164,0.1741886062767826,0.007069336929471918,0.0,0.07094521697472518,False,0.0,0.0,0.0,0.09285714285714286,0.18319383237828069,0.18238184900170476,2.37,-2.91,0.0,0.65,0.0,-0.5118110236220472,
1791373243.2902575,balance,0.06891007982530781,-0.013220699960091453,0.035014004466376224,0.10187357984148655,-0.030872417054124548,0.0030236583048070314,0.17426545710461827,0.004914644789386927,0.0,0.07099945283294411,False,0.0,0.0,0.0,0.09285714285714286,0.18319383237828069,0.18258491659850523,2.36,-2.88,0.0,0.65,0.0,-0.5118110236220472,
1791373243.3002532,balance,0.0705048512270799,-0.013308842669933424,0.036488501133282315,0.1787851204551297,-0.030884042495189015,0.0031323075986085754,0.1741886062767826,0.006620238416548982,0.0,0.07106202369642167,False,0.0,0.0,0.0,0.09285714285714286,0.18319383237828069,0.18238184900170476,2.39,-2.9,0.0,0.65,0.0,-0.5118110236220472,
1791373243.310264,balance,0.07234056408047526,-0.01348931631981365,0.03822196621362574,0.15584541386905681,-0.030872417054124548,0.0032461808127249715,0.17426545710461827,0.007631814387543425,0.0,0.07113760810698377,False,0.0,0.0,0.09285714285714286,0.09285714285714286,0.18319383237828069,0.18258491659850523,2.4,-2.74,0.65,0.65,0.5118110236220472,-0.5118110236220472,
1791373243.3202322,balance,0.07351026615586065,-0.013368292417961732,0.03933315400825211,0.08360794061803929,-0.030872417054124548,0.003304695093483987,0.17426545710461827,0.012333255942961833,0.0,0.07124197874996076,False,0.0,0.0,0.09285714285714286,0.09285714285714286,0.18319383237828069,0.18258491659850523,2.38,-2.75,0.65,0.65,0.5118110236220472,-0.5118110236220472,
1791373243.330266,balance,0.07361876433729836,-0.013233684364388718,0.039430026748625356,-0.047992470208385554,-0.030884042495189015,0.003304695093483987,0.1741886062767826,0.008190733135508848,0.0,0.07133650553838856,False,0.0,0.0,0.09285714285714286,0.09285714285714286,0.18319383237828069,0.18238184900170476,2.4,-2.9,0.65,0.65,0.5118110236220472,-0.5118110236220472,
1791373243.3402567,balance,0.07346828463002116,-0.013175690811937667,0.039232235723688995,0.02713673728716545,-0.030872417054124548,0.003363631852207606,0.17426545710461827,0.007473419314183199,0.0,0.07140413269012101,False,0.0,0.0,0.09285714285714286,0.09285714285714286,0.18319383237828069,0.18258491659850523,2.39,-2.73,0.65,0.65,0.5118110236220472,-0.5118110236220472,
1791373243.3502617,balance,0.0745280384906426,-0.01293021342017268,0.04029198958431044,0.15323236575252855,-0.030872417054124548,0.003363631852207606,0.17426545710461827,0.014072850449933975,0.0,0.07152108146858298,False,0.0,0.0,0.09285714285714286,0.0,0.18319383237828069,0.18258491659850523,2.4,-2.77,0.65,0.0,0.5118110236220472,-0.0,
1791373243.360272,balance,0.07621561081439654,-0.01305782352195313,0.04197956190806438,0.14683584348562337,-0.030872417054124548,0.003363631852207606,0.17426545710461827,0.02038623916337814,0.0,0.07171672788628844,False,0.0,0.0,0.09285714285714286,0.09285714285714286,0.18319383237828069,0.18258491659850523,2.4,-2.7600000000000002,0.65,0.65,0.5118110236220472,-0.5118110236220472,
1791373243.3702428,balance,0.076946869846382,-0.013073846371591627,0.04271082094004983,0.015471201521528942,-0.030872417054124548,0.003363631852207606,0.17426545710461827,0.016407764169149228,0.0,0.07189121105015055,False,0.0,0.0,0.09285714285714286,0.10165411639974845,0.18319383237828069,0.18258491659850523,2.39,-2.7800000000000002,0.65,0.7115788147982391,0.5118110236220472,-0.5602982793686923,
1791373243.3802752,balance,0.07700885062235258,-0.013051751130926449,0.04270864251344639,0.01503307309399437,-0.030872417054124548,0.0034277910547816366,0.17426545710461827,0.011889377770728059,0.0,0.07201029544942159,False,0.0,0.0,0.09285714285714286,0.0,0.18319383237828069,0.18258491659850523,2.38,-2.77,0.65,0.0,0.5118110236220472,-0.0,
1791373243.3904514,balance,0.07762868799173266,-0.012767511421809437,0.04332847988282647,0.08655390408199015,-0.030872417054124548,0.0034277910547816366,0.17426545710461827,0.021725957887795834,0.0,0.07219559114752137,False,0.0,0.0,0.0,0.0,0.18319383237828069,0.18258491659850523,2.39,-2.77,0.0,0.0,0.0,-0.0,
1791373243.4002345,balance,0.0784012660349417,-0.01289251619033448,0.04402329833624359,0.03647862380600216,-0.030884042495189015,0.003493925203509093,0.1741886062767826,0.029430548795749988,0.0,0.07248828420668003,False,0.0,0.0,0.09285714285714286,0.09285714285714286,0.18319383237828069,0.18238184900170476,2.4,-2.79,0.65,0.65,0.5118110236220472,-0.5118110236220472,
1791373243.4102647,balance,0.07814902722711375,-0.01328210441619655,0.04370514142373674,-0.03766501238605364,-0.030884042495189015,0.003559843308187997,0.1741886062767826,0.03262043939554314,0.0,0.07279790254682689,False,0.0,0.0,0.09285714285714286,0.09285714285714286,0.18319383237828069,0.18238184900170476,2.4,-2.89,0.65,0.65,0.5118110236220472,-0.5118110236220472,
1791373243.4202292,balance,0.0777226232937897,-0.012921483857418323,0.04329036293147716,-0.05497563587430356,-0.030872417054124548,0.003559843308187997,0.17426545710461827,0.03906478017937399,0.0,0.07316725061935235,False,0.0,0.0,0.09285714285714286,0.0,0.18319383237828069,0.18258491659850523,2.4,-2.87,0.65,0.0,0.5118110236220472,-0.0,
1791373243.4302413,balance,0.07731746739802811,-0.012649374225352488,0.042885207035715564,-0.051273051091712964,-0.030872417054124548,0.003559843308187997,0.17426545710461827,0.05320548843459127,0.0,0.07366776126213007,False,0.0,0.0,0.09285714285714286,0.09285714285714286,0.18319383237828069,0.18258491659850523,2.43,-2.7600000000000002,0.65,0.65,0.5118110236220472,-0.5118110236220472,
1791373243.440242,balance,0.07618129539025803,-0.012843930045987119,0.0417386350519548,-0.14887359789579505,-0.030882817030115233,0.003559843308187997,0.17418864590685898,0.06026960248575178,0.0,0.07424909684379241,False,0.0,0.0,0.09285714285714286,0.0,0.18299090309463303,0.18258491659850523,2.49,-2.7800000000000002,0.65,0.0,0.5118110236220472,-0.0,
1791373243.450262,balance,0.074519985164354,-0.013216956831660149,0.04007609936097699,-0.17806324254344547,-0.030884042495189015,0.003559843308187997,0.1741886062767826,0.06436612156446538,0.0,0.07488447187502237,False,0.0,0.0,0.09285714285714286,0.0,0.18319383237828069,0.18238184900170476,2.5100000000000002,-2.97,0.65,0.0,0.5118110236220472,-0.0,
1791373243.460246,balance,0.07293342083988612,-0.013199675250658566,0.03848953503650911,-0.10941500937524055,-0.030884042495189015,0.003559843308187997,0.1741886062767826,0.07135417597824867,0.0,0.07557279664103432,False,0.0,0.0,0.09285714285714286,0.09285714285714286,0.18319383237828069,0.18238184900170476,2.39,-2.91,0.65,0.65,0.5118110236220472,-0.5118110236220472,
1791373243.4702728,balance,0.0722191289422409,-0.013069432044279277,0.03777524313886389,-0.06376362205329837,-0.030884042495189015,0.003559843308187997,0.1741886062767826,0.08780911364521567,0.0,0.07640877267694839,False,0.0,0.0,0.10715654638598371,0.0,0.18319383237828069,0.18238184900170476,2.38,-2.93,0.750095824701886,0.0,0.5906266336235323,-0.0,
1791373243.4802365,balance,0.0705208365003877,-0.01358269014939201,0.036076950697010696,-0.26069621857681347,-0.030884042495189015,0.003559843308187997,0.1741886062767826,0.08307324974221746,0.0,0.07726500985514612,False,0.0,0.0,0.0,0.09285714285714286,0.18319383237828069,0.18238184900170476,2.38,-2.9,0.0,0.65,0.0,-0.5118110236220472,
1791373243.4902442,balance,0.06837252031748062,-0.013552518250645075,0.033928634514103606,-0.18290461084955686,-0.030884042495189015,0.003559843308187997,0.1741886062767826,0.08345732220966003,0.0,0.07810051215752105,False,0.0,0.0,0.09285714285714286,0.09285714285714286,0.18319383237828069,0.18238184900170476,2.4,-2.89,0.65,0.65,0.5118110236220472,-0.5118110236220472,
1791373243.500251,balance,0.06712903366797858,-0.012937793308503413,0.03268514786460157,-0.07418675711244058,-0.030884042495189015,0.003559843308187997,0.1741886062767826,0.08461298399692206,0.0,0.07893372810315834,False,0.0,0.0,0.0,0.09285714285714286,0.18319383237828069,0.18238184900170476,2.41,-2.86,0.0,0.65,0.0,-0.5118110236220472,
1791373243.510244,balance,0.06665412765664419,-0.012587523045414448,0.03221146731834096,-0.04422771704221064,-0.030882817030115233,0.003559843308187997,0.17418864590685898,0.09444747781632745,0.0,0.07985173069158018,False,0.0,0.0,0.09285714285714286,0.10898610333518491,0.18299090309463303,0.18258491659850523,2.5,-2.71,0.65,0.7629027233462944,0.5118110236220472,-0.6007108057844838,
1791373243.5202448,balance,0.06577278112926804,-0.012685500312996919,0.031340520766955496,-0.12156414050180332,-0.030872417054124548,0.003559843308187997,0.17426545710461827,0.09407503625600139,0.0,0.08078359509178724,False,0.0,0.0,0.11480686219001432,0.0,0.18319383237828069,0.18258491659850523,2.49,-2.84,0.8036480353301002,0.0,0.6327937286063781,-0.0,
1791373243.5302343,balance,0.06424116283817535,-0.013223017657316228,0.029786867339703996,-0.16002310051526444,-0.030894452190283365,0.003559843308187997,0.17411179510010205,0.10302461138045872,0.0,0.08178719167630553,False,0.0,0.0,0.09285714285714286,0.09285714285714286,0.18299090309463303,0.18238184900170476,2.42,-2.95,0.65,0.65,0.5118110236220472,-0.5118110236220472,
1791373243.5402336,balance,0.062128920820369984,-0.013105644546184366,0.027685035016992973,-0.24114043867056908,-0.030884042495189015,0.003559843308187997,0.1741886062767826,0.11607633808937817,0.0,0.0829071844681222,False,0.0,0.0,0.11604491597254271,0.0,0.18319383237828069,0.18238184900170476,2.5,-2.94,0.812314411807799,0.0,0.639617647092755,-0.0,
1791373243.550312,balance,0.05878048372675217,-0.013533996433366054,0.024314542792345243,-0.39784010856207946,-0.030906097626218928,0.003559843308187997,0.17403494431693675,0.11545927585452768,0.0,0.08407136367462976,False,0.0,0.0,0.0,0.0,0.18299090309463303,0.18217878140490432,2.45,-2.96,0.0,0.0,0.0,-0.0,
1791373243.5602553,balance,0.05557339298431186,-0.01353343131051564,0.0211190974858405,-0.23557191997224386,-0.030894452190283365,0.003559843308187997,0.17411179510010205,0.11942329178091168,0.0,0.08525006753429865,False,0.0,0.0,0.0,0.0,0.18299090309463303,0.18238184900170476,2.54,-2.72,0.0,0.0,0.0,-0.0,
1791373243.5702238,balance,0.05390809666388182,-0.01295215695841859,0.01946543632557859,-0.09457203040324236,-0.030882817030115233,0.003559843308187997,0.17418864590685898,0.12705943757764934,0.0,0.08650836437154966,False,0.0,0.0,0.0,0.09285714285714286,0.18299090309463303,0.18258491659850523,2.5100000000000002,-2.67,0.0,0.65,0.0,-0.5118110236220472,
1791373243.5802376,balance,0.05319639989387943,-0.013417304636160423,0.018753739555576198,-0.10533253069566119,-0.030882817030115233,0.003559843308187997,0.17418864590685898,0.13008487957558207,0.0,0.08779638278075383,False,0.0,0.0,0.0,0.0,0.18299090309463303,0.18258491659850523,2.56,-2.74,0.0,0.0,0.0,-0.0,
1791373243.5902262,balance,0.052408095722720614,-0.01349497864639027,0.017965435384417385,-0.10102389669957748,-0.030882817030115233,0.003559843308187997,0.17418864590685898,0.14198621522588273,0.0,0.08919616303692597,False,0.0,0.0,0.0,0.0,0.18299090309463303,0.18258491659850523,2.47,-2.79,0.0,0.0,0.0,-0.0,
1791373243.600246,balance,0.05005869206571508,-0.014087459228508221,0.015616031727411852,-0.2858971407519098,-0.030882817030115233,0.003559843308187997,0.17418864590685898,0.13202719632063875,0.0,0.09054715966340887,False,0.0,0.0,0.09285714285714286,0.0,0.18299090309463303,0.18258491659850523,2.42,-2.7800000000000002,0.65,0.0,0.5118110236220472,-0.0,
1791373243.6102622,balance,0.04756206291781711,-0.014541793129906163,0.013129802555504565,-0.19686446283369993,-0.030872417054124548,0.003559843308187997,0.17426545710461827,0.1348118106156879,0.0,0.09186745495392032,False,0.0,0.0,0.0,0.0,0.18319383237828069,0.18258491659850523,2.37,-2.82,0.0,0.0,0.0,-0.0,
1791373243.6202383,balance,0.045980325362873484,-0.015164834086909088,0.011536439559496472,-0.1449830315557268,-0.030884042495189015,0.003559843308187997,0.1741886062767826,0.15123349257206636,0.0,0.09335869949038518,False,0.0,0.0,0.09285714285714286,0.09285714285714286,0.18319383237828069,0.18238184900170476,2.43,-2.82,0.65,0.65,0.5118110236220472,-0.5118110236220472,
1791373243.6302426,balance,0.044187382992429663,-0.015833701122384164,0.009744722654126434,-0.18396995318620923,-0.030882817030115233,0.003559843308187997,0.17418864590685898,0.16271654327152177,0.0,0.09495157770317597,False,0.0,0.0,0.0,0.09285714285714286,0.18299090309463303,0.18258491659850523,2.46,-2.83,0.0,0.65,0.0,-0.5118110236220472,
1791373243.6402364,balance,0.042387085501843724,-0.01600080096592853,0.007944425163540495,-0.241289741684804,-0.030882817030115233,0.003559843308187997,0.17418864590685898,0.17069129268521124,0.0,0.09664602933172824,False,0.0,0.0,0.0,0.0,0.18299090309463303,0.18258491659850523,2.58,-2.82,0.0,0.0,0.0,-0.0,
1791373243.6502411,balance,0.03935371100272512,-0.01687631777834129,0.004900641512323045,-0.35943347411723986,-0.030893226182214076,0.003559843308187997,0.17411183472795644,0.1648565668468938,0.0,0.09831409058193158,False,0.0,0.0,0.0,0.0,0.18278792047945228,0.18258491659850523,2.65,-2.77,0.0,0.0,0.0,-0.0,
1791373243.6602638,balance,0.036076065038821305,-0.01715590313465991,0.0016334047005180747,-0.2259920131784796,-0.030882817030115233,0.003559843308187997,0.17418864590685898,0.16120573980449157,0.0,0.09991749973886183,False,0.0,0.0,0.0,0.0,0.18299090309463303,0.18258491659850523,2.47,-2.7800000000000002,0.0,0.0,0.0,-0.0,
1791373243.6702754,balance,0.03489230737352121,-0.01825226104939453,0.0004484215701441993,-0.07696459893759283,-0.030884042495189015,0.003559843308187997,0.1741886062767826,0.17662445077393374,0.0,0.10164719608371141,False,0.0,0.0,0.09285714285714286,0.0,0.18319383237828069,0.18238184900170476,2.3000000000000003,-2.96,0.65,0.0,0.5118110236220472,-0.0,
1791373243.6802406,balance,0.033566634775752384,-0.01910531034790549,-0.0008668505091189481,-0.1654446304673812,-0.030873641976683335,0.003559843308187997,0.17426541747232188,0.18328407078425057,0.0,0.1034666953202042,False,0.0,0.0,0.09285714285714286,0.0,0.18339669919636176,0.18238184900170476,2.4,-2.89,0.65,0.0,0.5118110236220472,-0.0,
1791373243.6902509,balance,0.031663804352846554,-0.019576502594037353,-0.0027800814505304578,-0.1844061643118211,-0.030884042495189015,0.003559843308187997,0.1741886062767826,0.20138757557725442,0.0,0.10543367222844471,False,0.0,0.0,0.09285714285714286,0.09285714285714286,0.18319383237828069,0.18238184900170476,2.2800000000000002,-2.91,0.65,0.65,0.5118110236220472,-0.5118110236220472,
1791373243.7002337,balance,0.02991968233421723,-0.02023736063980772,-0.004524203469159782,-0.24436036592304547,-0.030884042495189015,0.003559843308187997,0.1741886062767826,0.20714736629961084,0.0,0.10750955644371804,False,0.0,0.0,0.0,0.11008881844392296,0.18319383237828069,0.18238184900170476,2.48,-2.91,0.0,0.7706217291074607,0.0,-0.6067887630767407,
1791373243.7102315,balance,0.02689657453048723,-0.020624460958505526,-0.007547311272889782,-0.30801503067297015,-0.030884042495189015,0.003559843308187997,0.1741886062767826,0.19405492154722442,0.0,0.10948418095568868,False,0.0,0.0,0.0,0.09285714285714286,0.18319383237828069,0.18238184900170476,2.44,-2.87,0.0,0.65,0.0,-0.5118110236220472,
1791373243.7202597,balance,0.024091931740930394,-0.02126775553844498,-0.010362363757540967,-0.24995370989686017,-0.030894452190283365,0.003559843308187997,0.17411179510010205,0.19626913917726158,0.0,0.1114232319140873,False,0.0,0.0,0.0,0.09285714285714286,0.18299090309463303,0.18238184900170476,2.5300000000000002,-2.86,0.0,0.65,0.0,-0.5118110236220472,
1791373243.7302718,balance,0.021750211404118737,-0.02150231212481266,-0.012693674399258274,-0.22442007979599674,-0.030884042495189015,0.003559843308187997,0.1741886062767826,0.19748941547374654,0.0,0.1133875928995387,False,0.0,0.0,0.0,0.0,0.18319383237828069,0.18238184900170476,2.43,-2.91,0.0,0.0,0.0,-0.0,
1791373243.7402656,balance,0.019697865309150468,-0.022016741879419398,-0.014735619975720864,-0.18226352488750175,-0.030873641976683335,0.003559843308187997,0.17426541747232188,0.18961786531906438,0.0,0.11530635306566049,False,0.0,0.0,0.09285714285714286,0.0,0.18339669919636176,0.18238184900170476,2.23,-2.96,0.65,0.0,0.5118110236220472,-0.0,
1791373243.750239,balance,0.017869083336032925,-0.023009109004204126,-0.016554010594794666,-0.10290542231544546,-0.030863250622639594,0.003559843308187997,0.17434222868669497,0.19325599256002896,0.0,0.11721030730318414,False,0.0,0.0,0.0,0.0,0.18359956601444283,0.18238184900170476,2.17,-2.92,0.0,0.0,0.0,-0.0,
1791373243.7602336,balance,0.01685364591576881,-0.02358479544922848,-0.01758106429221845,-0.1626888665883161,-0.030874866899799264,0.003559843308187997,0.17426537784028698,0.20231938186398182,0.0,0.11923166125899058,False,0.0,0.0,0.0,0.09285714285714286,0.18359956601444283,0.18217878140490432,2.14,-3.14,0.0,0.65,0.0,-0.5118110236220472,
1791373243.7702425,balance,0.016195894560562082,-0.024046853882413535,-0.018238815647425178,0.008247329551595874,-0.030874866899799264,0.003559843308187997,0.17426537784028698,0.21206518516450615,0.0,0.12133561943820088,False,0.0,0.0,0.0,0.09285714285714286,0.18359956601444283,0.18217878140490432,2.22,-2.95,0.0,0.65,0.0,-0.5118110236220472,
1791373243.7802427,balance,0.015594971653641144,-0.02340192543599845,-0.01885013961536725,-0.18147281065205023,-0.030885267960820396,0.003559843308187997,0.17418856664696789,0.20756370293786938,0.0,0.1234283559931222,False,0.0,0.0,0.0,0.09285714285714286,0.18339669919636176,0.18217878140490432,2.32,-3.0700000000000003,0.0,0.65,0.0,-0.5118110236220472,
1791373243.7902672,balance,0.013397199462130248,-0.02350285821554873,-0.021058322044968443,-0.29397915125233254,-0.030895678198910693,0.003559843308187997,0.17411175547250946,0.20974961750134563,0.0,0.12550784097807594,False,0.0,0.0,0.0,0.0955002693765581,0.18319383237828069,0.18217878140490432,2.31,-3.02,0.0,0.6685018856359067,0.0,-0.526379437508588,
1791373243.8002408,balance,0.009790381245722552,-0.023651690003640598,-0.024665140261376138,-0.3391349361964058,-0.030895678198910693,0.003559843308187997,0.17411175547250946,0.20840506670418493,0.0,0.12757659478715513,False,0.0,0.0,0.0,0.0,0.18319383237828069,0.18217878140490432,2.32,-3.0300000000000002,0.0,0.0,0.0,-0.0,
1791373243.8102717,balance,0.0068510412511606925,-0.02389136163823142,-0.02759529548403671,-0.26598403455722014,-0.030886493427009405,0.003559843308187997,0.1741885270174147,0.2092612580352704,0.0,0.12966845035686347,False,0.0,0.0,0.10023504486709153,-0.09285714285714286,0.18359956601444283,0.18197562665552244,2.16,-3.18,0.7016453140696407,-0.65,0.5524766252516856,0.5118110236220472,
1791373243.8202295,balance,0.004282393533581924,-0.024145122193584993,-0.030163943201615476,-0.1870377009800683,-0.030886493427009405,0.003559843308187997,0.1741885270174147,0.20348561776763194,0.0,0.1317226213267163,False,0.0,0.0,0.0,0.0,0.18359956601444283,0.18197562665552244,2.11,-3.21,0.0,0.0,0.0,-0.0,
1791373243.8302479,balance,0.003105980509325825,-0.02354358913630106,-0.031351993016701774,-0.0796611466209611,-0.030898130217839603,0.003559843308187997,0.17411167621810938,0.20623682584967187,0.0,0.13378912980244553,False,0.0,0.0,0.0,0.09285714285714286,0.18359956601444283,0.1817724031114216,2.12,-3.31,0.0,0.65,0.0,-0.5118110236220472,
1791373243.8402538,balance,0.0027501490470337266,-0.02349109335204741,-0.03169618768816367,-0.01976493313835754,-0.030886493427009405,0.003559843308187997,0.1741885270174147,0.20319569090087822,0.0,0.13583710702067628,False,0.0,0.0,0.0,0.09285714285714286,0.18359956601444283,0.18197562665552244,2.17,-2.98,0.0,0.65,0.0,-0.5118110236220472,
1791373243.8502328,balance,0.0022882487380244928,-0.02267133414632501,-0.03215808799717291,-0.09854745142143692,-0.030886493427009405,0.003559843308187997,0.1741885270174147,0.1951722553263367,0.0,0.13780657385060088,False,0.0,0.0,0.0,0.10360050682908203,0.18359956601444283,0.18197562665552244,2.14,-3.15,0.0,0.7252035478035742,0.0,-0.5710264155933655,
1791373243.8602397,balance,0.0010047418015697164,-0.022557904732388574,-0.03342996840641754,-0.18142316834140318,-0.030874866899799264,0.003559843308187997,0.17426537784028698,0.18498248064770728,0.0,0.13966719235967406,False,0.0,0.0,0.0,0.0,0.18359956601444283,0.18217878140490432,2.18,-3.11,0.0,0.0,0.0,-0.0,
1791373243.8703191,balance,-0.0007919546791903562,-0.021591418425908747,-0.035226664887177614,-0.15819308096624995,-0.030874866899799264,0.003559843308187997,0.17426537784028698,0.18608143079984407,0.0,0.14152127933902084,False,0.0,0.0,0.0,0.0,0.18359956601444283,0.18217878140490432,2.12,-3.04,0.0,0.0,0.0,-0.0,
1791373243.8802485,balance,-0.0025006138989835066,-0.02030148522069804,-0.03694695063418091,-0.1296862767776533,-0.030886493427009405,0.003559843308187997,0.1741885270174147,0.17573974731864123,0.0,0.14330439535845096,False,0.0,0.0,0.0,0.0,0.18359956601444283,0.18197562665552244,2.11,-3.25,0.0,0.0,0.0,-0.0,
1791373243.8902545,balance,-0.0029940283257616387,-0.01948338561768396,-0.03744036506095904,0.03871847176812429,-0.030886493427009405,0.003559843308187997,0.1741885270174147,0.17239655750390487,0.0,0.14503653018194151,False,0.0,0.0,0.0,0.0,0.18359956601444283,0.18197562665552244,2.14,-3.16,0.0,0.0,0.0,-0.0,
1791373243.9002376,balance,-0.002091480347501492,-0.018733494414382913,-0.03653781708269889,0.11891106118003002,-0.030886493427009405,0.003559843308187997,0.1741885270174147,0.17567791887053708,0.0,0.14679941380682077,False,0.0,0.0,0.0,0.0,0.18359956601444283,0.18197562665552244,2.16,-3.12,0.0,0.0,0.0,-0.0,
1791373243.9102638,balance,-0.0011368292615526994,-0.01800674873825792,-0.035593576777836804,0.031771081101547055,-0.03089690420809611,0.003559843308187997,0.17411171584517857,0.16538198224136474,0.0,0.14849703010951973,False,0.0,0.0,0.0,0.0,0.18339669919636176,0.18197562665552244,2.23,-3.06,0.0,0.0,0.0,-0.0,
1791373243.920258,balance,-0.0009200712402305183,-0.017456022081735186,-0.03536518250923891,0.024069318035467423,-0.030885267960820396,0.003559843308187997,0.17418856664696789,0.15093348533636403,0.0,0.15004047369273182,False,0.0,0.0,0.0,0.09285714285714286,0.18339669919636176,0.18217878140490432,2.32,-2.88,0.0,0.65,0.0,-0.5118110236220472,
1791373243.9302607,balance,-0.0006026727044742919,-0.016467048425962687,-0.0350465585078513,0.051240498501691024,-0.030884042495189015,0.003559843308187997,0.1741886062767826,0.1563909241374546,0.0,0.15157119408774372,False,0.0,0.0,0.09285714285714286,0.09285714285714286,0.18319383237828069,0.18238184900170476,2.41,-2.97,0.65,0.65,0.5118110236220472,-0.5118110236220472,
1791373243.9402332,balance,-0.0004781953287026519,-0.014678769437274523,-0.03493371683580134,-0.06589068926900774,-0.030895678198910693,0.003559843308187997,0.17411175547250946,0.15341024847029394,0.0,0.15312469248015836,False,0.0,0.0,0.0,0.0,0.18319383237828069,0.18217878140490432,2.41,-2.94,0.0,0.0,0.0,-0.0,
1791373243.9502366,balance,-0.0012064834529249375,-0.013721464626963335,-0.03566200496002363,-0.02831815141821498,-0.030895678198910693,0.003559843308187997,0.17411175547250946,0.14271644880211257,0.0,0.1545724896737668,False,0.0,0.0,0.09285714285714286,-0.09285714285714286,0.18319383237828069,0.18217878140490432,2.39,-3.0300000000000002,0.65,-0.65,0.5118110236220472,0.5118110236220472,
1791373243.9602425,balance,-0.0011886954461227388,-0.01296364275213713,-0.035644216953221425,0.03370134095263701,-0.030895678198910693,0.003559843308187997,0.17411175547250946,0.144947237478385,0.0,0.1560177391765398,False,0.0,0.0,0.09285714285714286,0.0,0.18319383237828069,0.18217878140490432,2.39,-3.0300000000000002,0.65,0.0,0.5118110236220472,-0.0,
1791373243.970242,balance,-0.0011053260924706184,-0.01234698855265039,-0.03556084759956931,-0.019657244189426715,-0.030895678198910693,0.003559843308187997,0.17411175547250946,0.1388637032041315,0.0,0.15743435725844832,False,0.0,0.0,0.0,0.09285714285714286,0.18319383237828069,0.18217878140490432,2.41,-2.95,0.0,0.65,0.0,-0.5118110236220472,
1791373243.9802628,balance,-0.0006072319752087429,-0.011249611822163249,-0.03503949233752129,0.09336450274319409,-0.030872417054124548,0.003559843308187997,0.17426545710461827,0.13523138753195743,0.0,0.15879524864021424,False,0.0,0.0,-0.09285714285714286,0.1064914570441316,0.18319383237828069,0.18258491659850523,2.48,-2.67,-0.65,0.7454401993089212,-0.5118110236220472,-0.5869607868574183,
1791373243.9902582,balance,0.0004616329709634071,-0.010263856313823804,-0.033969427330723896,0.0907613313955172,-0.030871216993499304,0.003559843308187997,0.17426549593277932,0.12774875171292535,0.0,0.16009764360934226,False,0.0,0.0,0.0,0.09285714285714286,0.18299090309463303,0.18278790339163284,2.5,-2.68,0.0,0.65,0.0,-0.5118110236220472,
1791373244.0002463,balance,0.00163636439538986,-0.009754557713901229,-0.03279469590629744,0.12535339050699465,-0.030871216993499304,0.003559843308187997,0.17426549593277932,0.13026119253837587,0.0,0.16137400354249193,False,0.0,0.0,0.0,0.09285714285714286,0.18299090309463303,0.18278790339163284,2.57,-2.6,0.0,0.65,0.0,-0.5118110236220472,
1791373244.0102391,balance,0.002509694752202098,-0.008548360548386863,-0.0319213655494852,0.033939146151621045,-0.030871216993499304,0.003559843308187997,0.17426549593277932,0.12832970046130612,0.0,0.1626628541916278,False,0.0,0.0,0.09285714285714286,0.0,0.18299090309463303,0.18278790339163284,2.5,-2.71,0.65,0.0,0.5118110236220472,-0.0,
1791373244.0202413,balance,0.0022708945731563877,-0.007674194450040355,-0.032160165728530914,-0.03502771476258649,-0.030871216993499304,0.003559843308187997,0.17426549593277932,0.11909028522442694,0.0,0.16386796697074626,False,0.0,0.0,0.10577632633252385,0.0,0.18299090309463303,0.18278790339163284,2.5100000000000002,-2.71,0.7404342843276669,0.0,0.583019121517848,-0.0,
1791373244.0302489,balance,0.002218936188092592,-0.007454594130715004,-0.03222372415021064,0.014512926362191068,-0.030882817030115233,0.003559843308187997,0.17418864590685898,0.12102313754248264,0.0,0.16506995030255542,False,0.0,0.0,0.0,0.0,0.18299090309463303,0.18258491659850523,2.5100000000000002,-2.83,0.0,0.0,0.0,-0.0,
1791373244.0402381,balance,0.0023564010473730813,-0.007251856321513291,-0.03208625929093015,-0.004177627526813084,-0.030882817030115233,0.003559843308187997,0.17418864590685898,0.11719368926843528,0.0,0.16626998283192254,False,0.0,0.0,0.09285714285714286,0.09285714285714286,0.18299090309463303,0.18258491659850523,2.5500000000000003,-2.77,0.65,0.65,0.5118110236220472,-0.5118110236220472,
1791373244.050235,balance,0.002636494365632482,-0.007319008486286824,-0.03180496538054199,0.08557302621258915,-0.030881616437986474,0.003559843308187997,0.1741886847328451,0.11630279496619142,0.0,0.16742110734436327,False,0.0,0.0,0.0,0.09285714285714286,0.18278792047945228,0.18278790339163284,2.59,-2.68,0.0,0.65,0.0,-0.5118110236220472,
1791373244.0602555,balance,0.003924931414390786,-0.006893259498550718,-0.030516528331783685,0.0861114020044412,-0.030881616437986474,0.003559843308187997,0.1741886847328451,0.12023600954259599,0.0,0.16861875335150395,False,0.0,0.0,0.0,0.09577689512830906,0.18278792047945228,0.18278790339163284,2.7600000000000002,-2.6,0.0,0.6704382658981634,0.0,-0.5279041463765066,
1791373244.0702386,balance,0.0042646476545953405,-0.00673221664910588,-0.03016641264709196,0.01429724486393868,-0.030871216993499304,0.003559843308187997,0.17426549593277932,0.10460217294143163,0.0,0.1697108393736453,False,0.0,0.0,0.0,0.0,0.18278792047945228,0.1829908860068136,2.66,-2.47,0.0,0.0,0.0,-0.0,
1791373244.0802357,balance,0.004839150351243004,-0.00646870696047703,-0.029591909950444296,0.12202459922889197,-0.030871216993499304,0.003559843308187997,0.17426549593277932,0.09481178801149437,0.0,0.17066735129065913,False,0.0,0.0,0.0,0.0,0.18278792047945228,0.1829908860068136,2.59,-2.5300000000000002,0.0,0.0,0.0,-0.0,
1791373244.0902448,balance,0.006635217200860326,-0.006634739563485435,-0.027795843100826972,0.19382703524947625,-0.030871216993499304,0.003559843308187997,0.17426549593277932,0.09853588191014795,0.0,0.17164297533346135,False,0.0,0.0,0.09285714285714286,0.0,0.18299090309463303,0.18278790339163284,2.58,-2.71,0.65,0.0,0.5118110236220472,-0.0,
1791373244.1002421,balance,0.008001083463447219,-0.007137136215114248,-0.026429976838240082,0.06539299528082358,-0.030871216993499304,0.003559843308187997,0.17426549593277932,0.10163928732049006,0.0,0.172655193720691,False,0.0,0.0,0.0,0.0,0.18299090309463303,0.18278790339163284,2.52,-2.7,0.0,0.0,0.0,-0.0,
1791373244.1102767,balance,0.007728452827558364,-0.00742597968438264,-0.026702607474128934,-0.08959910276888673,-0.030871216993499304,0.003559843308187997,0.17426549593277932,0.09566491544583045,0.0,0.17364524841413173,False,0.0,0.0,0.0,0.0,0.18299090309463303,0.18278790339163284,2.52,-2.67,0.0,0.0,0.0,-0.0,
1791373244.1202464,balance,0.006909408479143842,-0.008009318514480583,-0.027521651822543458,-0.029708088578009145,-0.030871216993499304,0.003559843308187997,0.17426549593277932,0.09103344623301494,0.0,0.17456055061436687,False,0.0,0.0,-0.09285714285714286,0.09285714285714286,0.18299090309463303,0.18278790339163284,2.5500000000000003,-2.61,-0.65,0.65,-0.5118110236220472,-0.5118110236220472,
1791373244.1302621,balance,0.007438565597328291,-0.008336339207028634,-0.027002894148846178,0.08691181946342373,-0.030881616437986474,0.003559843308187997,0.1741886847328451,0.09547524718464102,0.0,0.17550061706229253,False,0.0,0.0,0.0,0.09499079702976998,0.18278792047945228,0.18278790339163284,2.56,-2.66,0.0,0.6649355792083899,0.0,-0.5235713222113306,
1791373244.1402438,balance,0.00868917430877249,-0.008812682308543497,-0.025752285437401982,0.12712932908742414,-0.030881616437986474,0.003559843308187997,0.1741886847328451,0.09903048181001947,0.0,0.1764859266893565,False,0.0,0.0,0.0,0.0,0.18278792047945228,0.18278790339163284,2.65,-2.67,0.0,0.0,0.0,-0.0,
1791373244.1502404,balance,0.009468296237344723,-0.008959848520411927,-0.02496276406434258,0.040009683823332504,-0.030871216993499304,0.003559843308187997,0.17426549593277932,0.08780119233751923,0.0,0.1773941458088603,False,0.0,0.0,0.0,0.0,0.18299090309463303,0.18278790339163284,2.59,-2.71,0.0,0.0,0.0,-0.0,
1791373244.1602507,balance,0.0097887175388394,-0.00951450662018593,-0.0246423427628479,0.04846522644880011,-0.030871216993499304,0.003559843308187997,0.17426549593277932,0.08084685581802525,0.0,0.17821435802307936,False,0.0,0.0,0.0,0.0,0.18299090309463303,0.18278790339163284,2.41,-2.72,0.0,0.0,0.0,-0.0,
1791373244.1702678,balance,0.01051475360741917,-0.010579642065001978,-0.023917506754893375,0.07220674277415647,-0.030872417054124548,0.003559843308187997,0.17426545710461827,0.08054909137078142,0.0,0.17902968024783578,False,0.0,0.0,0.0,0.0,0.18319383237828069,0.18258491659850523,2.38,-2.86,0.0,0.0,0.0,-0.0,
1791373244.180279,balance,0.011263479846786486,-0.011165527461915662,-0.02316878051552606,0.09291074924359136,-0.030872417054124548,0.003559843308187997,0.17426545710461827,0.07960609878276217,0.0,0.17983328539618587,False,0.0,0.0,0.0,0.09285714285714286,0.18319383237828069,0.18258491659850523,2.42,-2.7600000000000002,0.0,0.65,0.0,-0.5118110236220472,
1791373244.190267,balance,0.012362916344815348,-0.011789545088569883,-0.022069344017497196,0.10566381138233491,-0.030872417054124548,0.003559843308187997,0.17426545710461827,0.08635048297850581,0.0,0.1806742534220514,False,0.0,0.0,0.0,0.09285714285714286,0.18319383237828069,0.18258491659850523,2.43,-2.7800000000000002,0.0,0.65,0.0,-0.5118110236220472,
1791373244.2003152,balance,0.01325418227355409,-0.012518823072000605,-0.02118847806474914,0.014577832982057929,-0.030882817030115233,0.003559843308187997,0.17418864590685898,0.08436172818879255,0.0,0.1815306722666345,False,0.0,0.0,0.0,0.09285714285714286,0.18299090309463303,0.18258491659850523,2.52,-2.82,0.0,0.65,0.0,-0.5118110236220472,
1791373244.2102628,balance,0.01276358018201024,-0.012806557498225615,-0.021668680180302304,-0.03264190135762394,-0.030872417054124548,0.003559843308187997,0.17426545710461827,0.07077125154062554,0.0,0.18226189896244188,False,0.0,0.0,0.0,0.0,0.18319383237828069,0.18258491659850523,2.49,-2.77,0.0,0.0,0.0,-0.0,
1791373244.2202597,balance,0.013154241723837813,-0.013155332106631695,-0.02127801863847473,0.12031686187309296,-0.030872417054124548,0.003559843308187997,0.17426545710461827,0.06845021953032372,0.0,0.18294163104029393,False,0.0,0.0,0.0,0.0,0.18319383237828069,0.18258491659850523,2.35,-2.82,0.0,0.0,0.0,-0.0,
1791373244.2302597,balance,0.014929503206213298,-0.014137042154717465,-0.019503982078658035,0.21817987157743549,-0.030873641976683335,0.003559843308187997,0.17426541747232188,0.07765722047888854,0.0,0.1836982568975464,False,0.0,0.0,0.0,0.0,0.18339669919636176,0.18238184900170476,2.2800000000000002,-2.84,0.0,0.0,0.0,-0.0,
1791373244.2402596,balance,0.01680422793758998,-0.014582041854064183,-0.017629257347281352,0.12237436907491493,-0.030873641976683335,0.003559843308187997,0.17426541747232188,0.07391316961440905,0.0,0.18446848162611668,False,0.0,0.0,0.09285714285714286,0.0,0.18339669919636176,0.18238184900170476,2.27,-2.97,0.65,0.0,0.5118110236220472,-0.0,
1791373244.2502468,balance,0.017505788798501492,-0.015033798046489506,-0.01692769648636984,0.07180327372072028,-0.030873641976683335,0.003559843308187997,0.17426541747232188,0.07328506731149832,0.0,0.1851968531827935,False,0.0,0.0,0.0,0.09285714285714286,0.18339669919636176,0.18238184900170476,2.2800000000000002,-2.85,0.0,0.65,0.0,-0.5118110236220472,
1791373244.2602534,balance,0.018020458809421814,-0.015727194564479473,-0.016423426993955197,0.02749388552352518,-0.030884042495189015,0.003559843308187997,0.1741886062767826,0.07139035112003402,0.0,0.18591341397300806,False,0.0,0.0,0.0,0.09285714285714286,0.18319383237828069,0.18238184900170476,2.2800000000000002,-2.9,0.0,0.65,0.0,-0.5118110236220472,
1791373244.2702708,balance,0.01843978242031685,-0.016114079610264603,-0.016004103383060162,0.037898910287518246,-0.030884042495189015,0.003559843308187997,0.1741886062767826,0.06947075591298492,0.0,0.18660890038845318,False,0.0,0.0,0.0,0.09285714285714286,0.18319383237828069,0.18238184900170476,2.4,-2.9,0.0,0.65,0.0,-0.5118110236220472,
1791373244.280261,balance,0.01895932160827609,-0.016140447010617766,-0.01548456419510092,0.08068253513052075,-0.030884042495189015,0.003559843308187997,0.1741886062767826,0.06830607209059819,0.0,0.1872892249958047,False,0.0,0.0,0.0,0.09285714285714286,0.18319383237828069,0.18238184900170476,2.37,-2.91,0.0,0.65,0.0,-0.5118110236220472,
1791373244.2902365,balance,0.020001449301189588,-0.01621473756590328,-0.014432035983681743,0.11796572617029771,-0.030873641976683335,0.003559843308187997,0.17426541747232188,0.07189200843085164,0.0,0.18799408400290155,False,0.0,0.0,0.0,0.0,0.18339669919636176,0.18238184900170476,2.24,-2.92,0.0,0.0,0.0,-0.0,
1791373244.3002553,balance,0.021156623681306212,-0.016639664534985863,-0.013276861603565119,0.09942028017762773,-0.030873641976683335,0.003559843308187997,0.17426541747232188,0.07097646176220751,0.0,0.18872353595471567,False,0.0,0.0,0.09285714285714286,0.0,0.18339669919636176,0.18238184900170476,2.2600000000000002,-2.92,0.65,0.0,0.5118110236220472,-0.0,
1791373244.3102548,balance,0.021530224961822747,-0.01672592808887176,-0.012903260323048584,0.0299178036693468,-0.030873641976683335,0.003559843308187997,0.17426541747232188,0.06019268433532008,0.0,0.18935006286947983,False,0.0,0.0,0.0,0.09285714285714286,0.18339669919636176,0.18238184900170476,2.27,-2.89,0.0,0.65,0.0,-0.5118110236220472,
1791373244.3202348,balance,0.02268978538478419,-0.016856245604405656,-0.01174369990008714,0.1601382664724637,-0.030873641976683335,0.003559843308187997,0.17426541747232188,0.06365843215501957,0.0,0.1899681552387238,False,0.0,0.0,0.0,0.09285714285714286,0.18339669919636176,0.18238184900170476,2.31,-2.89,0.0,0.65,0.0,-0.5118110236220472,
1791373244.3302393,balance,0.024646046194682213,-0.01687713483956479,-0.009787439090189119,0.1648207551256855,-0.030873641976683335,0.003559843308187997,0.17426541747232188,0.07493910737066202,0.0,0.1906971217014944,False,0.0,0.0,0.0,0.11216803762693797,0.18339669919636176,0.18238184900170476,2.31,-2.9,0.0,0.7851762633885658,0.0,-0.6182490262902093,
1791373244.3402689,balance,0.02525795054114926,-0.01692740478513008,-0.009185935262227753,-0.04281862845132364,-0.030884042495189015,0.003559843308187997,0.1741886062767826,0.057649611714004186,0.0,0.19132492993893416,False,0.0,0.0,0.0,0.0,0.18319383237828069,0.18238184900170476,2.39,-2.89,0.0,0.0,0.0,-0.0,
1791373244.3502352,balance,0.024838575755946137,-0.01661318554992875,-0.009594909528925194,0.025019860396826774,-0.030873641976683335,0.003559843308187997,0.17426541747232188,0.042940646901755135,0.0,0.19177162893135544,False,0.0,0.0,0.0,0.09285714285714286,0.18339669919636176,0.18238184900170476,2.35,-2.88,0.0,0.65,0.0,-0.5118110236220472,
1791373244.3602405,balance,0.026395565491869125,-0.016836525711837032,-0.008037919793002207,0.2417837960454176,-0.030873641976683335,0.003559843308187997,0.17426541747232188,0.06007208758393986,0.0,0.19231691173799748,False,0.0,0.0,0.0,0.0,0.18339669919636176,0.18238184900170476,2.23,-2.92,0.0,0.0,0.0,-0.0,
1791373244.3703265,balance,0.028704442771259938,-0.017026862662356593,-0.005729042513611394,0.16611848381666267,-0.030873641976683335,0.003559843308187997,0.17426541747232188,0.06828160071646411,0.0,0.19300668278154265,False,0.0,0.0,0.09285714285714286,0.0,0.18339669919636176,0.18238184900170476,2.2800000000000002,-2.93,0.65,0.0,0.5118110236220472,-0.0,
1791373244.3802488,balance,0.029061892634055835,-0.01668155754039636,-0.0053715926508154975,-0.008368970891130116,-0.030873641976683335,0.003559843308187997,0.17426541747232188,0.05450548142059491,0.0,0.19358681094572835,False,0.0,0.0,0.09285714285714286,0.0,0.18339669919636176,0.18238184900170476,2.29,-2.89,0.65,0.0,0.5118110236220472,-0.0,
1791373244.3902779,balance,0.029354502517112985,-0.016768820750337136,-0.005089383286264027,0.07394860181797361,-0.030884042495189015,0.003559843308187997,0.1741886062767826,0.05781800189166944,0.0,0.1941499421052139,False,0.0,0.0,0.0,0.0,0.18319383237828069,0.18238184900170476,2.31,-2.87,0.0,0.0,0.0,-0.0,
1791373244.4002304,balance,0.030202470770521246,-0.016946538010897398,-0.004241415032855766,0.05586426633007793,-0.030884042495189015,0.003559843308187997,0.1741886062767826,0.060500015050952545,0.0,0.19476185922622527,False,0.0,0.0,0.0,0.0,0.18319383237828069,0.18238184900170476,2.43,-2.9,0.0,0.0,0.0,-0.0,
1791373244.4102619,balance,0.03049618872589153,-0.016753804808037148,-0.003947697077485481,0.04266707136570933,-0.030884042495189015,0.003559843308187997,0.1741886062767826,0.052238496318263876,0.0,0.19530798279345502,False,0.0,0.0,0.0,0.0,0.18319383237828069,0.18238184900170476,2.38,-2.88,0.0,0.0,0.0,-0.0,
1791373244.4202414,balance,0.031523957475233545,-0.016573231261909103,-0.002919928328143467,0.15952352215918753,-0.030884042495189015,0.003559843308187997,0.1741886062767826,0.05851796989524224,0.0,0.19586838239335125,False,0.0,0.0,0.0,0.09285714285714286,0.18319383237828069,0.18238184900170476,2.36,-2.88,0.0,0.65,0.0,-0.5118110236220472,
1791373244.430246,balance,0.03284746743962149,-0.01650174069932628,-0.0015860178452498418,0.11061541456297223,-0.030873641976683335,0.003559843308187997,0.17426541747232188,0.06876350029693325,0.0,0.19653211552825076,False,0.0,0.0,0.09285714285714286,0.0,0.18339669919636176,0.18238184900170476,2.2600000000000002,-2.89,0.65,0.0,0.5118110236220472,-0.0,
1791373244.4402478,balance,0.03310148764500885,-0.016608662345094987,-0.0013319976398624813,-0.0721698183097387,-0.030873641976683335,0.003559843308187997,0.17426541747232188,0.07052195194333882,0.0,0.19723977676487334,False,0.0,0.0,0.0,0.09285714285714286,0.18339669919636176,0.18238184900170476,2.29,-2.91,0.0,0.65,0.0,-0.5118110236220472,
1791373244.450273,balance,0.03185277160269166,-0.01682639126918751,-0.0025911142006853497,-0.1460099262082088,-0.030884042495189015,0.003559843308187997,0.1741886062767826,0.07119719085602765,0.0,0.19795289864393173,False,0.0,0.0,0.09285714285714286,0.0,0.18319383237828069,0.18238184900170476,2.3000000000000003,-2.88,0.65,0.0,0.5118110236220472,-0.0,
1791373244.4602447,balance,0.03075934698136393,-0.016738455324316247,-0.003684538822013081,-0.06310263304962667,-0.030884042495189015,0.003559843308187997,0.1741886062767826,0.07530496130044352,0.0,0.1986898493673582,False,0.0,0.0,0.0,0.0,0.18319383237828069,0.18238184900170476,2.45,-2.86,0.0,0.0,0.0,-0.0,
1791373244.4702363,balance,0.030481633586995203,-0.01665005640106198,-0.003962252216381809,-0.019106525287301626,-0.030884042495189015,0.003559843308187997,0.1741886062767826,0.08651551542912446,0.0,0.199533397765619,False,0.0,0.0,0.0,0.09285714285714286,0.18319383237828069,0.18238184900170476,2.47,-2.88,0.0,0.65,0.0,-0.5118110236220472,
1791373244.4802408,balance,0.029941356822462798,-0.016260646174447696,-0.0045129386760085636,-0.07392062371078914,-0.030894452190283365,0.003559843308187997,0.17411179510010205,0.08553287393036,0.0,0.2003917452224248,False,0.0,0.0,0.09285714285714286,0.0,0.18299090309463303,0.18238184900170476,2.43,-2.89,0.65,0.0,0.5118110236220472,-0.0,
1791373244.4902406,balance,0.029078867517991745,-0.016166906855749952,-0.0053650182853852675,-0.08534450059429745,-0.030884042495189015,0.003559843308187997,0.1741886062767826,0.07710239438996117,0.0,0.20117667558126973,False,0.0,0.0,0.09285714285714286,0.0,0.18319383237828069,0.18238184900170476,2.45,-2.89,0.65,0.0,0.5118110236220472,-0.0,
1791373244.5002408,balance,0.02879138817979723,-0.016516749972635306,-0.005652497623579782,0.03873131991263558,-0.030884042495189015,0.003559843308187997,0.1741886062767826,0.08531319362838405,0.0,0.20199975955579835,False,0.0,0.0,0.09715649562695816,0.0,0.18319383237828069,0.18238184900170476,2.33,-2.9,0.6800954693887071,0.0,0.5355082436131552,-0.0,
1791373244.5102515,balance,0.029033094803755655,-0.017125044032701556,-0.0054107909996213574,-0.01865500211323538,-0.030884042495189015,0.003559843308187997,0.1741886062767826,0.0890160959773503,0.0,0.20289070028115042,False,0.0,0.0,0.0,0.0,0.18319383237828069,0.18238184900170476,2.39,-2.92,0.0,0.0,0.0,-0.0,
1791373244.520254,balance,0.02836899342801827,-0.01700988690008787,-0.006074892375358743,-0.10031845703891672,-0.030884042495189015,0.003559843308187997,0.1741886062767826,0.08567937882574841,0.0,0.20376608657717646,False,0.0,0.0,0.0,0.0,0.18319383237828069,0.18238184900170476,2.41,-2.9,0.0,0.0,0.0,-0.0,
1791373244.5302458,balance,0.02741637075735999,-0.016953185064574515,-0.0070275150460170225,-0.07969249948628788,-0.030884042495189015,0.003559843308187997,0.1741886062767826,0.08518176948259779,0.0,0.20462054030969287,False,0.0,0.0,0.0,0.0,0.18319383237828069,0.18238184900170476,2.45,-2.86,0.0,0.0,0.0,-0.0,
1791373244.5402584,balance,0.026848908928991062,-0.01710399333831492,-0.00759497687438595,-0.06919268071146321,-0.030884042495189015,0.003559843308187997,0.1741886062767826,0.08674747007865086,0.0,0.20549014015538536,False,0.0,0.0,0.0,0.0,0.18319383237828069,0.18238184900170476,2.44,-2.9,0.0,0.0,0.0,-0.0,
1791373244.550244,balance,0.02605158311254587,-0.01718027151707334,-0.00839230269083114,-0.07110292513568225,-0.030884042495189015,0.003559843308187997,0.1741886062767826,0.07826945749829943,0.0,0.2062908882854483,False,0.0,0.0,0.0,0.0,0.18319383237828069,0.18238184900170476,2.38,-2.91,0.0,0.0,0.0,-0.0,
1791373244.5602438,balance,0.02589359307491713,-0.017266146861311168,-0.00855029272845988,0.04548634709956413,-0.030884042495189015,0.003559843308187997,0.1741886062767826,0.08172293597068106,0.0,0.20709335695066755,False,0.0,0.0,0.09285714285714286,0.0,0.18319383237828069,0.18238184900170476,2.32,-2.9,0.65,0.0,0.5118110236220472,-0.0,
1791373244.5702696,balance,0.02633791065712352,-0.01740433905238414,-0.00809557462774781,0.042530086956169826,-0.030873641976683335,0.003559843308187997,0.17426541747232188,0.08379596559563195,0.0,0.20792521880890066,False,0.0,0.0,0.10800400698791446,0.09285714285714286,0.18339669919636176,0.18238184900170476,2.34,-2.9,0.7560280489154012,0.65,0.5952976763113396,-0.5118110236220472,
1791373244.5802357,balance,0.02665851827166215,-0.017590687149142643,-0.007774967013209182,-0.005800542560606595,-0.030873641976683335,0.003559843308187997,0.17426541747232188,0.0864904427319468,0.0,0.20878272399603134,False,0.0,0.0,0.0,0.0,0.18339669919636176,0.18238184900170476,2.29,-2.94,0.0,0.0,0.0,-0.0,
1791373244.590237,balance,0.026167382149042802,-0.017891689974632963,-0.00827650365433421,-0.08726273943187104,-0.030884042495189015,0.003559843308187997,0.1741886062767826,0.08712558278827581,0.0,0.20966649413493577,False,0.0,0.0,0.0,0.0,0.18319383237828069,0.18238184900170476,2.31,-2.9,0.0,0.0,0.0,-0.0,
1791373244.6002574,balance,0.024964622050948793,-0.01789786356842226,-0.009479263752428219,-0.10943357110710777,-0.030884042495189015,0.003559843308187997,0.1741886062767826,0.0812668022713719,0.0,0.21049532392338946,False,0.0,0.0,0.0,0.09285714285714286,0.18319383237828069,0.18238184900170476,2.4,-2.9,0.0,0.65,0.0,-0.5118110236220472,
1791373244.6102378,balance,0.02408683172230719,-0.01777709170179345,-0.010357054081069822,-0.06283436862065754,-0.030884042495189015,0.003559843308187997,0.1741886062767826,0.07401658750674252,0.0,0.21124105736400897,False,0.0,0.0,0.0,0.09285714285714286,0.18319383237828069,0.18238184900170476,2.38,-2.88,0.0,0.65,0.0,-0.5118110236220472,
1791373244.620256,balance,0.024411535162505847,-0.017570997344953244,-0.010032350640871164,0.09607048499503634,-0.030884042495189015,0.003559843308187997,0.1741886062767826,0.07824270197470301,0.0,0.21200810911605317,False,0.0,0.0,0.09285714285714286,0.0,0.18319383237828069,0.18238184900170476,2.39,-2.92,0.65,0.0,0.5118110236220472,-0.0,
1791373244.6303983,balance,0.025375914340310602,-0.017535062442021118,-0.00906797146306641,0.09100800524052349,-0.030884042495189015,0.003559843308187997,0.1741886062767826,0.07589708814379463,0.0,0.21277441497813826,False,0.0,0.0,0.09915064758735967,0.0,0.18319383237828069,0.18238184900170476,2.36,-2.88,0.6940545331115177,0.0,0.5464996323712737,-0.0,
1791373244.6402314,balance,0.026432469541235362,-0.017730541947889766,-0.008001015743635969,0.11051301924160098,-0.030873641976683335,0.003559843308187997,0.17426541747232188,0.07283339230316987,0.0,0.21350714732564577,False,0.0,0.0,0.0,0.09285714285714286,0.18339669919636176,0.18238184900170476,2.27,-2.9,0.0,0.65,0.0,-0.5118110236220472,
1791373244.650234,balance,0.027144307937169175,-0.017606735384379294,-0.007289177347702157,0.03561078660638758,-0.030873641976683335,0.003559843308187997,0.17426541747232188,0.07048352003479587,0.0,0.21422730142964894,False,0.0,0.0,0.0,0.0,0.18339669919636176,0.18238184900170476,2.3000000000000003,-2.9,0.0,0.0,0.0,-0.0,
1791373244.660249,balance,0.027647475525673555,-0.017434226272392737,-0.006796410277703458,0.10159400308307753,-0.030884042495189015,0.003559843308187997,0.1741886062767826,0.06491973888611395,0.0,0.21489351050246988,False,0.0,0.0,0.0,0.09285714285714286,0.18319383237828069,0.18238184900170476,2.31,-2.84,0.0,0.65,0.0,-0.5118110236220472,
1791373244.6702604,balance,0.029132523377617087,-0.01736761788421202,-0.005311362425759925,0.14900283622566246,-0.030884042495189015,0.003559843308187997,0.1741886062767826,0.07618617249030253,0.0,0.21561390219470813,False,0.0,0.0,0.0,0.09918724965114284,0.18319383237828069,0.18238184900170476,2.4,-2.91,0.0,0.6943107475579999,0.0,-0.5467013760299212,
1791373244.68024,balance,0.02945433537426963,-0.01677438740551609,-0.004989550429107381,-0.10426039878802283,-0.030884042495189015,0.003559843308187997,0.1741886062767826,0.0673746697692533,0.0,0.21631593588960862,False,0.0,0.0,0.09285714285714286,0.0,0.18319383237828069,0.18238184900170476,2.46,-2.91,0.65,0.0,0.5118110236220472,-0.0,
1791373244.6902392,balance,0.02815276460212101,-0.016335078167621232,-0.0062911212012560025,-0.07451459507324511,-0.030884042495189015,0.003559843308187997,0.1741886062767826,0.06684214796669198,0.0,0.21697317659218784,False,0.0,0.0,0.0,0.09285714285714286,0.18319383237828069,0.18238184900170476,2.39,-2.87,0.0,0.65,0.0,-0.5118110236220472,
1791373244.7002783,balance,0.02759973456697374,-0.01680144911881487,-0.0068441512364032725,-0.004889300119285858,-0.030884042495189015,0.003559843308187997,0.1741886062767826,0.07267943394767228,0.0,0.21767365400250513,False,0.0,0.0,0.09285714285714286,0.0,0.18319383237828069,0.18238184900170476,2.33,-2.91,0.65,0.0,0.5118110236220472,-0.0,
1791373244.7102616,balance,0.02806642493753757,-0.017048324120789937,-0.006367060347333761,0.08192954821906959,-0.030873641976683335,0.003559843308187997,0.17426541747232188,0.09484791210149178,0.0,0.2185618434283099,False,0.0,0.0,0.12102793552458008,0.0,0.18339669919636176,0.18238184900170476,2.36,-2.9,0.8471955486720606,0.0,0.6670831091905989,-0.0,
1791373244.7202725,balance,0.027897733955715515,-0.016495007611354334,-0.006557787551383175,-0.1260203188373587,-0.030895678198910693,0.003559843308187997,0.17411175547250946,0.09543324624073814,0.0,0.21953215223279993,False,0.0,0.0,0.0,0.0,0.18319383237828069,0.18217878140490432,2.45,-2.95,0.0,0.0,0.0,-0.0,
1791373244.730245,balance,0.02689257402380801,-0.01612985421188341,-0.007551311779569002,-0.054912309176470234,-0.030884042495189015,0.003559843308187997,0.1741886062767826,0.0872640632755843,0.0,0.22043263630158969,False,0.0,0.0,0.0,0.0,0.18319383237828069,0.18238184900170476,2.39,-3.0,0.0,0.0,0.0,-0.0,
1791373244.7402456,balance,0.026242680108150184,-0.015889188973655856,-0.008201205695226827,-0.07510663284108195,-0.030884042495189015,0.003559843308187997,0.1741886062767826,0.08633645369569072,0.0,0.22130214026798056,False,0.0,0.0,0.0,0.09285714285714286,0.18319383237828069,0.18238184900170476,2.38,-2.87,0.0,0.65,0.0,-0.5118110236220472,
1791373244.7502441,balance,0.02535265426480873,-0.015349488888405184,-0.009091231538568282,-0.1321349843363193,-0.030884042495189015,0.003559843308187997,0.1741886062767826,0.07558755713503437,0.0,0.2220871086710512,False,0.0,0.0,0.0,0.09285714285714286,0.18319383237828069,0.18238184900170476,2.44,-2.9,0.0,0.65,0.0,-0.5118110236220472,
1791373244.7602544,balance,0.02466638459039175,-0.014697932105572723,-0.009777501212985262,0.020688883873104243,-0.030884042495189015,0.003559843308187997,0.1741886062767826,0.07135872141042501,0.0,0.22279321033113503,False,0.0,0.0,0.09285714285714286,0.09285714285714286,0.18319383237828069,0.18238184900170476,2.38,-2.85,0.65,0.65,0.5118110236220472,-0.5118110236220472,
1791373244.77061,balance,0.025507952958954257,-0.01466907282819232,-0.008935932844422755,0.09926138979252384,-0.030884042495189015,0.003559843308187997,0.1741886062767826,0.07937629949639716,0.0,0.22355878310269442,False,0.0,0.0,0.09285714285714286,0.0,0.18319383237828069,0.18238184900170476,2.39,-2.93,0.65,0.0,0.5118110236220472,-0.0,
1791373244.7802489,balance,0.026161771408497816,-0.014497898674347847,-0.008282114394879195,0.021709259334102116,-0.030884042495189015,0.003559843308187997,0.1741886062767826,0.08177509548232681,0.0,0.2243741987206386,False,0.0,0.0,0.0,0.0,0.18319383237828069,0.18238184900170476,2.37,-2.92,0.0,0.0,0.0,-0.0,
1791373244.7902641,balance,0.025463616467106175,-0.014146330273500207,-0.008980269336270837,-0.15322310900995048,-0.030884042495189015,0.003559843308187997,0.1741886062767826,0.07297107291563924,0.0,0.2251461683808545,False,0.0,0.0,0.0,0.09285714285714286,0.18319383237828069,0.18238184900170476,2.41,-2.95,0.0,0.65,0.0,-0.5118110236220472,
1791373244.8002775,balance,0.023633359451462024,-0.01394582185477919,-0.010810526351914988,-0.12892267771309857,-0.030884042495189015,0.003559843308187997,0.1741886062767826,0.062476127768594486,0.0,0.22578770973418857,False,0.0,0.0,0.0,0.0,0.18319383237828069,0.18238184900170476,2.4,-2.83,0.0,0.0,0.0,-0.0,
1791373244.8102713,balance,0.023772541280160386,-0.013493538655991538,-0.010671344523216626,0.10104138569112607,-0.030884042495189015,0.003559843308187997,0.1741886062767826,0.07350922796372711,0.0,0.22649593859289022,False,0.0,0.0,0.0,0.0,0.18319383237828069,0.18238184900170476,2.46,-2.86,0.0,0.0,0.0,-0.0,
1791373244.8202887,balance,0.024747611376573626,-0.013475980577275502,-0.009706684121897735,0.03247537188654823,-0.030894452190283365,0.003559843308187997,0.17411179510010205,0.07153111601865132,0.0,0.22723362965298244,False,0.0,0.0,0.0,0.09285714285714286,0.18299090309463303,0.18238184900170476,2.43,-2.89,0.0,0.65,0.0,-0.5118110236220472,
1791373244.83025,balance,0.024002924318625104,-0.012793560971085811,-0.010439736019678125,-0.10838042431821124,-0.030882817030115233,0.003559843308187997,0.17418864590685898,0.05243195345908639,0.0,0.22779798888841965,False,0.0,0.0,0.0,0.0,0.18299090309463303,0.18258491659850523,2.48,-2.88,0.0,0.0,0.0,-0.0,
1791373244.8402693,balance,0.023563662896000186,-0.01230221859695409,-0.010868597466312357,0.010094910626620227,-0.030872417054124548,0.003559843308187997,0.17426545710461827,0.04277175937160512,0.0,0.22824141735726677,False,0.0,0.0,0.0,0.0,0.18319383237828069,0.18258491659850523,2.4,-2.7800000000000002,0.0,0.0,0.0,-0.0,
1791373244.8502526,balance,0.024499003910623773,-0.012684596017999008,-0.009933256451688771,0.15106871547032516,-0.030872417054124548,0.003559843308187997,0.17426545710461827,0.05330690523885094,0.0,0.22874638475321313,False,0.0,0.0,0.0,0.0,0.18319383237828069,0.18258491659850523,2.4,-2.77,0.0,0.0,0.0,-0.0,
1791373244.860237,balance,0.025723478097998975,-0.012860280765300127,-0.008720407705378037,0.058656183151614825,-0.030884042495189015,0.003559843308187997,0.1741886062767826,0.051300646950767796,0.0,0.22928549939793064,False,0.0,0.0,0.0,0.0,0.18319383237828069,0.18238184900170476,2.38,-2.96,0.0,0.0,0.0,-0.0,
1791373244.8702633,balance,0.025551282280075152,-0.012641687292285297,-0.008892603523301859,-0.023219494648743864,-0.030884042495189015,0.003559843308187997,0.1741886062767826,0.03275076794336393,0.0,0.22966166026865215,False,0.0,0.0,0.0,0.0,0.18319383237828069,0.18238184900170476,2.44,-2.84,0.0,0.0,0.0,-0.0,
1791373244.8802378,balance,0.026360505264027258,-0.012559762641875112,-0.008046772734144683,0.1376862365670836,-0.030872417054124548,0.0035348609440473927,0.17426545710461827,0.03326042103717845,0.0,0.22999043760970875,False,0.0,0.0,0.0,0.09619708608325281,0.18319383237828069,0.18258491659850523,2.37,-2.74,0.0,0.6733796025827696,0.0,-0.5302201595139918,
1791373244.8902712,balance,0.02750064991302515,-0.01224374769167443,-0.006896268143019069,0.08161928133318416,-0.030872417054124548,0.0035245010019196725,0.17426545710461827,0.03188068057418601,0.0,0.2303063221814316,False,0.0,0.0,0.0,0.0,0.18319383237828069,0.18258491659850523,2.39,-2.79,0.0,0.0,0.0,-0.0,
1791373244.9002411,balance,0.02761081944071036,-0.012109525134186156,-0.006796498591324546,-0.09225755940057079,-0.030882817030115233,0.0035245010019196725,0.17418864590685898,0.03333166413857729,0.0,0.23064955728211126,False,0.0,0.0,0.0,0.0,0.18299090309463303,0.18258491659850523,2.47,-2.79,0.0,0.0,0.0,-0.0,
1791373244.9102528,balance,0.025838446836579928,-0.012134640726277237,-0.008568871195454977,-0.17069845079141396,-0.030882817030115233,0.0035245010019196725,0.17418864590685898,0.021392668744329435,0.0,0.2308878137219846,False,0.0,0.0,0.09285714285714286,0.0,0.18299090309463303,0.18258491659850523,2.47,-2.7600000000000002,0.65,0.0,0.5118110236220472,-0.0,
1791373244.9202323,balance,0.0251393726795235,-0.0126885025281076,-0.009255320946332772,0.0270462733915423,-0.030884042495189015,0.003510651130667257,0.1741886062767826,0.02975200910722173,0.0,0.23114323217188007,False,0.0,0.0,0.0,0.0,0.18319383237828069,0.18238184900170476,2.44,-2.79,0.0,0.0,0.0,-0.0,
1791373244.9302232,balance,0.025662240118624297,-0.012961991395980263,-0.008719354826971127,0.02929357463923509,-0.030884042495189015,0.003497552450406409,0.1741886062767826,0.03861799668487448,0.0,0.23152884483254382,False,0.0,0.0,0.09285714285714286,0.0,0.18319383237828069,0.18238184900170476,2.4,-2.94,0.65,0.0,0.5118110236220472,-0.0,
1791373244.9402475,balance,0.025295662940369647,-0.012743563415234896,-0.009085932005225778,-0.08872658106745263,-0.030884042495189015,0.003497552450406409,0.1741886062767826,0.024418907109228047,0.0,0.23181488067172007,False,0.0,0.0,0.0,0.0,0.18319383237828069,0.18238184900170476,2.37,-2.9,0.0,0.0,0.0,-0.0,
1791373244.9502456,balance,0.024577109340235808,-0.012992802188932472,-0.009804485605359617,-0.030128932097075862,-0.030884042495189015,0.003497552450406409,0.1741886062767826,0.010421129866832569,0.0,0.23195217640810004,False,0.0,0.0,0.0,0.0,0.18319383237828069,0.18238184900170476,2.38,-2.88,0.0,0.0,0.0,-0.0,
1791373244.9602442,balance,0.025284392948102127,-0.013195548368008632,-0.009083556194497057,0.14176269383156057,-0.030884042495189015,0.003483906647410169,0.1741886062767826,0.008078117048064484,0.0,0.2320335287084852,False,0.0,0.0,0.0,0.0,0.18319383237828069,0.18238184900170476,2.39,-2.86,0.0,0.0,0.0,-0.0,
1791373244.9702916,balance,0.026976944248950772,-0.01320878079718068,-0.0073789322815514,0.15071138508005358,-0.030884042495189015,0.0034718340353131574,0.1741886062767826,0.006892888368537894,0.0,0.2321119511291943,False,0.0,0.0,0.0,0.0,0.18319383237828069,0.18238184900170476,2.4,-2.9,0.0,0.0,0.0,-0.0,
1791373244.98027,balance,0.027768857318320378,-0.01303742743274805,-0.006587019212181794,0.021270774570469057,-0.030884042495189015,0.0034718340353131574,0.1741886062767826,-0.0032785457607516387,0.0,0.23210757045766703,False,0.0,0.0,0.0,0.09285714285714286,0.18319383237828069,0.18238184900170476,2.39,-2.9,0.0,0.65,0.0,-0.5118110236220472,
1791373244.990269,balance,0.027761857553122556,-0.01296798874902807,-0.006594018977379617,0.013926892796346468,-0.030884042495189015,0.0034718340353131574,0.1741886062767826,-0.011527965037494866,0.0,0.2320015880995026,False,0.0,0.0,0.09285714285714286,0.0,0.18319383237828069,0.18238184900170476,2.39,-2.9,0.65,0.0,0.5118110236220472,-0.0,
1791373245.0002532,balance,0.028306570824346903,-0.013253225422261762,-0.006039824638983223,0.06666655392560242,-0.030884042495189015,0.0034623529681411113,0.1741886062767826,-0.005821769467165172,0.0,0.2319220809592346,False,0.0,0.0,0.0,0.0,0.18319383237828069,0.18238184900170476,2.41,-2.91,0.0,0.0,0.0,-0.0,
1791373245.010264,balance,0.028819777475124184,-0.013350142505652531,-0.005518328061223633,0.03433201371864584,-0.030884042495189015,0.0034540630411588023,0.1741886062767826,-0.0036364711622667483,0.0,0.23189021584249048,False,0.0,0.0,0.0,0.0,0.18319383237828069,0.18238184900170476,2.37,-2.92,0.0,0.0,0.0,-0.0,
1791373245.0202358,balance,0.028715916986033065,-0.013221424328892985,-0.005622188550314752,-0.03636931169438982,-0.030884042495189015,0.0034540630411588023,0.1741886062767826,-0.010438662736667366,0.0,0.23180411766996387,False,0.0,0.0,0.0,0.0,0.18319383237828069,0.18238184900170476,2.39,-2.88,0.0,0.0,0.0,-0.0,
1791373245.030261,balance,0.028434727294475572,-0.013191049630077506,-0.005894523174509437,-0.016752382719642342,-0.030884042495189015,0.003445207973795994,0.1741886062767826,-0.012108039755513802,0.0,0.23168024941063683,False,0.0,0.0,0.0,0.0,0.18319383237828069,0.18238184900170476,2.37,-2.9,0.0,0.0,0.0,-0.0,
1791373245.0402436,balance,0.0283689125464261,-0.013300208107722106,-0.005960337922558911,-0.013212110605840547,-0.030884042495189015,0.003445207973795994,0.1741886062767826,-0.006584276730959479,0.0,0.23159719769405568,False,0.0,0.0,0.09285714285714286,0.0,0.18319383237828069,0.18238184900170476,2.4,-2.91,0.65,0.0,0.5118110236220472,-0.0,
1791373245.0502412,balance,0.027989039712368824,-0.013420598199333637,-0.006340210756616185,-0.059162499317806226,-0.030884042495189015,0.003445207973795994,0.1741886062767826,-0.0010548347426947143,0.0,0.23157108659506329,False,0.0,0.0,0.0,0.0,0.18319383237828069,0.18238184900170476,2.38,-2.89,0.0,0.0,0.0,-0.0,
1791373245.0602458,balance,0.026853143803763767,-0.013216005678558438,-0.007476106665221242,-0.16823174585517456,-0.030884042495189015,0.003445207973795994,0.1741886062767826,-0.0013337573880311889,0.0,0.23157073990348923,False,0.0,0.0,0.0,0.0,0.18319383237828069,0.18238184900170476,2.41,-2.9,0.0,0.0,0.0,-0.0,
1791373245.0702307,balance,0.024956853131292964,-0.013312039999974266,-0.009372397337692046,-0.1702507087879738,-0.030884042495189015,0.003445207973795994,0.1741886062767826,-0.009375739652134864,0.0,0.23149133673485003,False,0.0,0.0,0.0,0.0,0.18319383237828069,0.18238184900170476,2.36,-2.9,0.0,0.0,0.0,-0.0,
1791373245.080236,balance,0.023793149375614088,-0.013252084154864301,-0.010520296941730865,-0.067166616893392,-0.030884042495189015,0.0034294038221559377,0.1741886062767826,-0.011714213882334694,0.0,0.23137188220197266,False,0.0,0.0,0.0,0.0,0.18319383237828069,0.18238184900170476,2.37,-2.91,0.0,0.0,0.0,-0.0,
1791373245.0902622,balance,0.023797375665724103,-0.013394153881802328,-0.01051607065162085,0.03580451437439644,-0.030884042495189015,0.0034294038221559377,0.1741886062767826,-0.005020149712029837,0.0,0.23130779031994264,False,0.0,0.0,0.0,0.0,0.18319383237828069,0.18238184900170476,2.42,-2.91,0.0,0.0,0.0,-0.0,
1791373245.1002698,balance,0.023966780036008713,-0.013211587391655906,-0.01031565444830634,-0.015313918066025065,-0.030884042495189015,0.003398391989126038,0.1741886062767826,-0.005482096633762424,0.0,0.2312564261640315,False,0.0,0.0,0.0,0.0,0.18319383237828069,0.18238184900170476,2.39,-2.91,0.0,0.0,0.0,-0.0,
1791373245.1102622,balance,0.023021141112764085,-0.013227089150251076,-0.011244401431493642,-0.15179155328751073,-0.030884042495189015,0.0033815000490687117,0.1741886062767826,-0.008411288123697215,0.0,0.2311792984940506,False,0.0,0.0,0.0,0.0,0.18319383237828069,0.18238184900170476,2.41,-2.89,0.0,0.0,0.0,-0.0,
1791373245.1202643,balance,0.02100507902367064,-0.013295284765648268,-0.013260463520587086,-0.23072861007770698,-0.030884042495189015,0.0033815000490687117,0.1741886062767826,-0.013990759856952372,0.0,0.23105400724831213,False,0.0,0.0,-0.09285714285714286,0.0,0.18319383237828069,0.18238184900170476,2.38,-2.9,-0.65,0.0,-0.5118110236220472,-0.0,
1791373245.1302543,balance,0.018919984400567275,-0.01306040657015779,-0.015300650604995832,-0.16866914262961716,-0.030884042495189015,0.0033365925103740917,0.1741886062767826,-0.015020331790006215,0.0,0.23090638337321806,False,0.0,0.0,0.0,0.0,0.18319383237828069,0.18238184900170476,2.37,-2.9,0.0,0.0,0.0,-0.0,
1791373245.1402643,balance,0.01752858050880515,-0.013218910668665979,-0.01666779367853994,-0.12970868813847303,-0.030884042495189015,0.0033123316921560724,0.1741886062767826,-0.01207811407751265,0.0,0.23077397411121023,False,0.0,0.0,-0.09285714285714286,0.0,0.18319383237828069,0.18238184900170476,2.41,-2.91,-0.65,0.0,-0.5118110236220472,-0.0,
1791373245.1502442,balance,0.016259311491292127,-0.01311011816833629,-0.01791092511192434,-0.12718238905660625,-0.030884042495189015,0.0032861941080274504,0.1741886062767826,-0.018561650647809468,0.0,0.23061353308394386,False,0.0,0.0,0.0,0.0,0.18319383237828069,0.18238184900170476,2.35,-2.9,0.0,0.0,0.0,-0.0,
1791373245.1602614,balance,0.015451583305730513,-0.013218536470263732,-0.018690575317539725,-0.0653866115623061,-0.030884042495189015,0.0032581161280812215,0.1741886062767826,-0.020510043859818014,0.0,0.23040560156157588,False,0.0,0.0,0.0,0.0,0.18319383237828069,0.18238184900170476,2.39,-2.89,0.0,0.0,0.0,-0.0,
1791373245.1702414,balance,0.01465153157514394,-0.013226585855198703,-0.019461391107554106,-0.10714144493047378,-0.030884042495189015,0.003228880187509032,0.1741886062767826,-0.01799064347724991,0.0,0.2302217952043724,False,0.0,0.0,-0.09285714285714286,0.0,0.18319383237828069,0.18238184900170476,2.38,-2.9,-0.65,0.0,-0.5118110236220472,-0.0,
1791373245.180237,balance,0.013109276901219458,-0.013191199689747473,-0.02100364578147859,-0.203748445203074,-0.030884042495189015,0.003228880187509032,0.1741886062767826,-0.026605316039605153,0.0,0.2299836945954579,False,0.0,0.0,0.0,0.0,0.18319383237828069,0.18238184900170476,2.39,-2.89,0.0,0.0,0.0,-0.0,
1791373245.1902366,balance,0.011042112603972818,-0.01333140443368618,-0.02305918463766076,-0.1999392812421486,-0.030872417054124548,0.003228880187509032,0.17426545710461827,-0.02726886575449722,0.0,0.22970197103664927,False,0.0,0.0,0.0,0.0,0.18319383237828069,0.18258491659850523,2.41,-2.9,0.0,0.0,0.0,-0.0,
1791373245.2002501,balance,0.008910707912659088,-0.013185238622548756,-0.02516573874626838,-0.23262014111912774,-0.030884042495189015,0.0031924041637384527,0.1741886062767826,-0.025145919322806083,0.0,0.22943947050826624,False,0.0,0.0,-0.09285714285714286,-0.09285714285714286,0.18319383237828069,0.18238184900170476,2.37,-2.94,-0.65,-0.65,-0.5118110236220472,0.5118110236220472,
1791373245.2102325,balance,0.006711611781128172,-0.013190317808962546,-0.027364834877799296,-0.22214466774343905,-0.030884042495189015,0.0031924041637384527,0.1741886062767826,-0.024292394373051446,0.0,0.22920958885663903,False,0.0,0.0,-0.09285714285714286,0.0,0.18319383237828069,0.18238184900170476,2.41,-2.9,-0.65,0.0,-0.5118110236220472,-0.0,
1791373245.2202303,balance,0.004334403897753699,-0.01326613184963848,-0.02974204276117377,-0.23661036599234878,-0.030884042495189015,0.0031924041637384527,0.1741886062767826,-0.030656155416710986,0.0,0.22891711968838566,False,0.0,0.0,-0.09285714285714286,0.0,0.18319383237828069,0.18238184900170476,2.38,-2.91,-0.65,0.0,-0.5118110236220472,-0.0,
1791373245.2305365,balance,0.002234461967622484,-0.013198970499162178,-0.03184198469130499,-0.18448771061880276,-0.030884042495189015,0.0031924041637384527,0.1741886062767826,-0.040387383228429004,0.0,0.22853598338099818,False,0.0,0.0,-0.09285714285714286,0.0,0.18319383237828069,0.18238184900170476,2.37,-2.91,-0.65,0.0,-0.5118110236220472,-0.0,
1791373245.2402318,balance,0.0010212698051959665,-0.013204469580796595,-0.0330551768537315,-0.08566046887317444,-0.030884042495189015,0.0031924041637384527,0.1741886062767826,-0.04990871757251043,0.0,0.2280616662548049,False,0.0,0.0,-0.09285714285714286,0.0,0.18319383237828069,0.18238184900170476,2.4,-2.9,-0.65,0.0,-0.5118110236220472,-0.0,
1791373245.2502382,balance,0.000779012243999643,-0.013159188785894282,-0.03328580897386336,0.010987536789632301,-0.030872417054124548,0.0031924041637384527,0.17426545710461827,-0.05684829052274244,0.0,0.2275127677429298,False,0.0,0.0,-0.09285714285714286,0.0,0.18319383237828069,0.18258491659850523,2.39,-2.75,-0.65,0.0,-0.5118110236220472,-0.0,
1791373245.2602358,balance,0.0009197452564263371,-0.013225880307542077,-0.03314507596143666,0.0013503883751205814,-0.030872417054124548,0.0031924041637384527,0.17426545710461827,-0.0662525544933532,0.0,0.22687612649013075,False,0.0,0.0,-0.09285714285714286,0.0,0.18319383237828069,0.18258491659850523,2.4,-2.77,-0.65,0.0,-0.5118110236220472,-0.0,
1791373245.2702575,balance,0.0006830419926772679,-0.01334670580685463,-0.03338177922518573,-0.05922277940327688,-0.030872417054124548,0.0031924041637384527,0.17426545710461827,-0.07962004464067499,0.0,0.2261194045621844,False,0.0,0.0,0.0,0.0,0.18319383237828069,0.18258491659850523,2.39,-2.7800000000000002,0.0,0.0,0.0,-0.0,
1791373245.280239,balance,0.00014168364780737123,-0.013392365828423585,-0.033923137570055634,-0.027641994426933988,-0.030872417054124548,0.0031924041637384527,0.17426545710461827,-0.1039625445382987,0.0,0.22512726574746567,False,0.0,0.0,0.0,-0.09285714285714286,0.18319383237828069,0.18258491659850523,2.37,-2.7600000000000002,0.0,-0.65,0.0,0.5118110236220472,
1791373245.2902534,balance,0.00115433651664512,-0.013599193513489654,-0.03291048470121788,0.20408388501269323,-0.030872417054124548,0.0031924041637384527,0.17426545710461827,-0.10505607615958056,0.0,0.22407272545703005,False,0.0,0.0,0.0,-0.09285714285714286,0.18319383237828069,0.18258491659850523,2.41,-2.7600000000000002,0.0,-0.65,0.0,0.5118110236220472,
1791373245.3002517,balance,0.0032033440037464015,-0.013772726577550581,-0.030861477214116598,0.1910497021159656,-0.030872417054124548,0.0031924041637384527,0.17426545710461827,-0.10629821286572916,0.0,0.22301645337478052,False,0.0,0.0,-0.09285714285714286,0.0,0.18319383237828069,0.18258491659850523,2.4,-2.77,-0.65,0.0,-0.5118110236220472,-0.0,
1791373245.310313,balance,0.004691900330863257,-0.013926102093371712,-0.029372920886999745,0.08148134564529273,-0.030872417054124548,0.0031924041637384527,0.17426545710461827,-0.11432282724177481,0.0,0.22190585414908887,False,0.0,0.0,0.0,0.0,0.18319383237828069,0.18258491659850523,2.39,-2.7800000000000002,0.0,0.0,0.0,-0.0,
1791373245.3202665,balance,0.0048629414775824276,-0.014331252434561376,-0.029201879740280573,-0.011280588238284067,-0.030872417054124548,0.0031924041637384527,0.17426545710461827,-0.13730867938018962,0.0,0.22058375807666722,False,0.0,0.0,0.0,-0.09285714285714286,0.18319383237828069,0.18258491659850523,2.37,-2.7600000000000002,0.0,-0.65,0.0,0.5118110236220472,
1791373245.330241,balance,0.005375770668324721,-0.0145218505057814,-0.02868905054953828,0.10892314387272631,-0.030872417054124548,0.0031924041637384527,0.17426545710461827,-0.1435101708133867,0.0,0.21915479619562264,False,0.0,0.0,0.0,0.0,0.18319383237828069,0.18258491659850523,2.42,-2.77,0.0,0.0,0.0,-0.0,
1791373245.3402684,balance,0.007252741948937354,-0.014752697736267981,-0.026812079268925645,0.2208827829154191,-0.030872417054124548,0.0031924041637384527,0.17426545710461827,-0.13748942841707146,0.0,0.21775708191216872,False,0.0,0.0,0.0,0.0,0.18319383237828069,0.18258491659850523,2.4,-2.77,0.0,0.0,0.0,-0.0,
1791373245.3502605,balance,0.009205017133380315,-0.014920627594817116,-0.024859804084482687,0.12426898961884278,-0.030872417054124548,0.0031924041637384527,0.17426545710461827,-0.13865487089134826,0.0,0.21638365118017513,False,0.0,0.0,0.0,0.0,0.18319383237828069,0.18258491659850523,2.39,-2.7800000000000002,0.0,0.0,0.0,-0.0,
1791373245.3602593,balance,0.009738940326953877,-0.01512666456043571,-0.024325880890909122,0.005830315151665922,-0.030872417054124548,0.0031924041637384527,0.17426545710461827,-0.15293948717955433,0.0,0.21489013355915207,False,0.0,0.0,0.0,0.0,0.18319383237828069,0.18258491659850523,2.38,-2.7600000000000002,0.0,0.0,0.0,-0.0,
1791373245.37024,balance,0.009992050965523613,-0.015465953333440438,-0.02407277025233939,0.06900295061320161,-0.030872417054124548,0.0031924041637384527,0.17426545710461827,-0.1616009674945893,0.0,0.21328488858592398,False,0.0,0.0,-0.09285714285714286,0.0,0.18319383237828069,0.18258491659850523,2.38,-2.7800000000000002,-0.65,0.0,-0.5118110236220472,-0.0,
1791373245.380267,balance,0.011373171369448704,-0.015915832736341205,-0.022691649848414295,0.17874523697512232,-0.030872417054124548,0.0031924041637384527,0.17426545710461827,-0.15761528137051953,0.0,0.21169703087649577,False,0.0,0.0,0.0,0.0,0.18319383237828069,0.18258491659850523,2.37,-2.81,0.0,0.0,0.0,-0.0,
1791373245.3902776,balance,0.01321987501426533,-0.01615197523110325,-0.020844946203597673,0.18032727816841065,-0.030872417054124548,0.0031924041637384527,0.17426545710461827,-0.15557054620969527,0.0,0.21013560558127475,False,0.0,0.0,0.0,-0.09285714285714286,0.18319383237828069,0.18258491659850523,2.38,-2.77,0.0,-0.65,0.0,0.5118110236220472,
1791373245.4002645,balance,0.014739848664571236,-0.01617952604671589,-0.01933659799435623,0.10035197278001014,-0.030884042495189015,0.0031924041637384527,0.1741886062767826,-0.1595225118369418,0.0,0.20855921660603935,False,0.0,0.0,-0.09285714285714286,0.0,0.18319383237828069,0.18238184900170476,2.4,-2.82,-0.65,0.0,-0.5118110236220472,-0.0,
1791373245.4102576,balance,0.01536050590291345,-0.016595543183715023,-0.018715940756014016,0.05079124969533798,-0.030884042495189015,0.0031924041637384527,0.1741886062767826,-0.16776516176025433,0.0,0.20690553156158065,False,0.0,0.0,-0.09285714285714286,0.0,0.18319383237828069,0.18238184900170476,2.37,-2.9,-0.65,0.0,-0.5118110236220472,-0.0,
1791373245.4202397,balance,0.01562812033605203,-0.01694583975181652,-0.01844832632287544,0.029679529789231968,-0.030884042495189015,0.0031924041637384527,0.1741886062767826,-0.17736568802928,0.0,0.2051488773909919,False,0.0,0.0,-0.09285714285714286,-0.09285714285714286,0.18319383237828069,0.18238184900170476,2.35,-2.9,-0.65,-0.65,-0.5118110236220472,0.5118110236220472,
1791373245.430247,balance,0.016658457464313724,-0.01718523403750616,-0.017407588676108064,0.15974116269439118,-0.030873641976683335,0.0031924041637384527,0.17426541747232188,-0.17631738174296188,0.0,0.20338612261363292,False,0.0,0.0,-0.09285714285714286,0.0,0.18339669919636176,0.18238184900170476,2.33,-2.91,-0.65,0.0,-0.5118110236220472,-0.0,
1791373245.4402373,balance,0.01829049523291202,-0.017133212571992004,-0.015775550907509768,0.17178437893024032,-0.030873641976683335,0.0031924041637384527,0.17426541747232188,-0.17599380035840606,0.0,0.20162583229691713,False,0.0,0.0,0.0,0.0,0.18339669919636176,0.18238184900170476,2.22,-2.89,0.0,0.0,0.0,-0.0,
1791373245.4502847,balance,0.019342397152638798,-0.017015256590934627,-0.01472364898778299,0.17303873381922075,-0.030873641976683335,0.0031924041637384527,0.17426541747232188,-0.179530557168091,0.0,0.1998362346276638,False,0.0,0.0,0.0,0.0,0.18339669919636176,0.18238184900170476,2.24,-2.9,0.0,0.0,0.0,-0.0,
1791373245.4602332,balance,0.019342397152638798,-0.017015256590934627,-0.01472364898778299,0.17303873381922075,-0.030873641976683335,0.0031924041637384527,0.17426541747232188,-0.18733910351562397,0.0,0.19797993534960934,False,0.0,0.0,-0.09285714285714286,0.0,0.18339669919636176,0.18238184900170476,2.24,-2.92,-0.65,0.0,-0.5118110236220472,-0.0,
1791373245.4712806,balance,0.023593101512711538,-0.01705079958587085,-0.010462553273666509,0.2008620879254238,-0.030863250622639594,0.0031924041637384527,0.17434222868669497,-0.19198641215996573,0.0,0.19607543259029925,False,0.0,0.0,0.0,0.0,0.18359956601444283,0.18238184900170476,2.16,-2.9,0.0,0.0,0.0,-0.0,
1791373245.4802375,balance,0.025643887380761995,-0.01679038377830876,-0.008422158759659792,0.20385035480299757,-0.030873641976683335,0.0031924041637384527,0.17426541747232188,-0.19228984908727467,0.0,0.19414692643396217,False,0.0,0.0,0.0,0.0,0.18339669919636176,0.18238184900170476,2.16,-2.88,0.0,0.0,0.0,-0.0,
1791373245.4902654,balance,0.027363243426696757,-0.016591306552617733,-0.006702802713725031,0.12784482241477466,-0.030873641976683335,0.0031924041637384527,0.17426541747232188,-0.1976491631037709,0.0,0.1921872742281751,False,0.0,0.0,0.0,0.0,0.18339669919636176,0.18238184900170476,2.25,-2.9,0.0,0.0,0.0,-0.0,
1791373245.5002663,balance,0.028340901620348295,-0.016270449040899217,-0.005725144520073493,0.11303528726923945,-0.030873641976683335,0.0031924041637384527,0.17426541747232188,-0.2125576137720622,0.0,0.190086757866766,False,0.0,0.0,-0.09285714285714286,0.0,0.18339669919636176,0.18238184900170476,2.2600000000000002,-2.9,-0.65,0.0,-0.5118110236220472,-0.0,
1791373245.5102444,balance,0.03016196627728262,-0.015688895900171928,-0.0038936885090954283,0.23776593141431304,-0.030863250622639594,0.0031924041637384527,0.17434222868669497,-0.2061617352929783,0.0,0.1880029939580737,False,0.0,0.0,0.0,0.0,0.18359956601444283,0.18238184900170476,2.12,-2.92,0.0,0.0,0.0,-0.0,
1791373245.5202355,balance,0.03234922544041954,-0.015522721028522517,-0.0017064293459585038,0.21616666652255642,-0.030863250622639594,0.0031924041637384527,0.17434222868669497,-0.20804699889042266,0.0,0.18592712380263832,False,0.0,0.0,0.0,-0.09285714285714286,0.18359956601444283,0.18238184900170476,2.12,-2.9,0.0,-0.65,0.0,0.5118110236220472,
1791373245.5302534,balance,0.03448239780294349,-0.01476049645827995,0.00042674301656544025,0.18462286858144314,-0.030863250622639594,0.0031924041637384527,0.17434222868669497,-0.21068175599678415,0.0,0.18383879839723685,False,0.0,0.0,0.0,0.0,0.18359956601444283,0.18238184900170476,2.15,-2.93,0.0,0.0,0.0,-0.0,
1791373245.5402658,balance,0.036107995595470205,-0.013966833176248509,0.0020523408090921576,0.16574111166880606,-0.030863250622639594,0.0031924041637384527,0.17434222868669497,-0.2132965888343182,0.0,0.181708710667991,False,0.0,0.0,0.0,-0.09285714285714286,0.18359956601444283,0.18238184900170476,2.14,-2.87,0.0,-0.65,0.0,0.5118110236220472,
1791373245.5502424,balance,0.0378508815888789,-0.013503465842929642,0.003784835448457112,0.15355311550994075,-0.030873641976683335,0.0031924041637384527,0.17426541747232188,-0.21523302599633876,0.0,0.17956205832363203,False,0.0,0.0,-0.09285714285714286,0.0,0.18339669919636176,0.18238184900170476,2.29,-2.9,-0.65,0.0,-0.5118110236220472,-0.0,
1791373245.5602632,balance,0.03946023959157521,-0.013306296502295588,0.005394193451153419,0.1707231409472118,-0.030873641976683335,0.0031924041637384527,0.17426541747232188,-0.21439967977395785,0.0,0.17741796160772197,False,0.0,0.0,0.0,0.0,0.18339669919636176,0.18238184900170476,2.2600000000000002,-2.9,0.0,0.0,0.0,-0.0,
1791373245.5702205,balance,0.041140296449861745,-0.012606735588447293,0.007074250309439957,0.17658484143453682,-0.030873641976683335,0.0031924041637384527,0.17426541747232188,-0.2129931474713706,0.0,0.1752768343120959,False,0.0,0.0,0.0,0.0,0.18339669919636176,0.18238184900170476,2.2600000000000002,-2.9,0.0,0.0,0.0,-0.0,
1791373245.5802417,balance,0.04268648102490024,-0.011409680160168474,0.008620434884478452,0.1361453703436529,-0.030873641976683335,0.0031924041637384527,0.17426541747232188,-0.21004702554694007,0.0,0.17316925041618325,False,0.0,0.0,0.0,0.0,0.18339669919636176,0.18238184900170476,2.25,-2.91,0.0,0.0,0.0,-0.0,
1791373245.5902472,balance,0.04367725270194989,-0.010962106805332892,0.009611206561528099,0.05928593046442451,-0.030873641976683335,0.0031924041637384527,0.17426541747232188,-0.22205418684397898,0.0,0.17098154590211365,False,0.0,0.0,-0.09285714285714286,-0.09285714285714286,0.18339669919636176,0.18238184900170476,2.2600000000000002,-2.7600000000000002,-0.65,-0.65,-0.5118110236220472,0.5118110236220472,
1791373245.600258,balance,0.04476032274667163,-0.010560494039275769,0.010705892340817237,0.16876233269754304,-0.030862026242115943,0.0031924041637384527,0.17434226832120941,-0.22298046840604804,0.0,0.16875530987407475,False,0.0,0.0,0.0,0.0,0.18339669919636176,0.18258491659850523,2.2800000000000002,-2.71,0.0,0.0,0.0,-0.0,
1791373245.6102622,balance,0.0469568321687837,-0.009751456933202668,0.012892010950920699,0.231858259822366,-0.030872417054124548,0.0031924041637384527,0.17426545710461827,-0.21429006058356975,0.0,0.1665886787783822,False,0.0,0.0,-0.09285714285714286,0.0,0.18319383237828069,0.18258491659850523,2.35,-2.68,-0.65,0.0,-0.5118110236220472,-0.0,
1791373245.6202376,balance,0.04907371863800026,-0.009171445737843904,0.015010097480762503,0.16543939883709596,-0.030871216993499304,0.0031924041637384527,0.17426549593277932,-0.21298373587279573,0.0,0.1644687679470819,False,0.0,0.0,0.0,0.0,0.18299090309463303,0.18278790339163284,2.49,-2.65,0.0,0.0,0.0,-0.0,
1791373245.6302428,balance,0.0496240677471918,-0.008825905948561415,0.015560446589954046,0.028484612216059548,-0.030871216993499304,0.0031924041637384527,0.17426549593277932,-0.22588325068226062,0.0,0.16223125111264938,False,0.0,0.0,0.0,0.0,0.18299090309463303,0.18278790339163284,2.52,-2.6,0.0,0.0,0.0,-0.0,
1791373245.6402488,balance,0.0503928909835346,-0.008002141607921853,0.01632926982629684,0.11542022907113629,-0.030871216993499304,0.0031924041637384527,0.17426549593277932,-0.227810747491534,0.0,0.1599452107198526,False,0.0,0.0,0.0,-0.09285714285714286,0.18299090309463303,0.18278790339163284,2.5,-2.62,0.0,-0.65,0.0,0.5118110236220472,
1791373245.6502569,balance,0.05236593652835698,-0.007956199501626002,0.01830231537111922,0.2265775916004497,-0.030871216993499304,0.0031924041637384527,0.17426549593277932,-0.2197773338972389,0.0,0.15773658861741902,False,0.0,0.0,0.0,0.0,0.18299090309463303,0.18278790339163284,2.57,-2.66,0.0,0.0,0.0,-0.0,
1791373245.660263,balance,0.05443676014308491,-0.008128575041343934,0.020373138985847156,0.17751418473783,-0.030871216993499304,0.0031924041637384527,0.17426549593277932,-0.22246150941366472,0.0,0.15552142765419544,False,0.0,0.0,0.0,0.0,0.18299090309463303,0.18278790339163284,2.5,-2.65,0.0,0.0,0.0,-0.0,
1791373245.67024,balance,0.0561916125954771,-0.007948537243512957,0.022127991438239344,0.16075679673744536,-0.030871216993499304,0.0031924041637384527,0.17426549593277932,-0.22465993625294609,0.0,0.15328406176514187,False,0.0,0.0,0.0,0.0,0.18299090309463303,0.18278790339163284,2.54,-2.6,0.0,0.0,0.0,-0.0,
1791373245.6802704,balance,0.05763045061548064,-0.0074301377593945905,0.023566829458242882,0.13031824290751834,-0.030871216993499304,0.0031924041637384527,0.17426549593277932,-0.22700040216532366,0.0,0.15101962910647562,False,0.0,0.0,0.0,0.0,0.18278792047945228,0.1829908860068136,2.66,-2.35,0.0,0.0,0.0,-0.0,
1791373245.6902633,balance,0.05884070874978253,-0.007383986564911104,0.024777087592544777,0.11690711085674513,-0.030871216993499304,0.0031924041637384527,0.17426549593277932,-0.23518498980040192,0.0,0.14868346808748809,False,0.0,0.0,-0.09285714285714286,0.09285714285714286,0.18278792047945228,0.1829908860068136,2.64,-2.49,-0.65,0.65,-0.5118110236220472,-0.5118110236220472,
1791373245.700262,balance,0.060502003070433207,-0.007766286373142397,0.026448772194170682,0.21257998360908242,-0.030860826712524072,0.0031924041637384527,0.17434230715154347,-0.23057012886455217,0.0,0.14635578967574464,False,0.0,0.0,0.0,-0.09285714285714286,0.18278792047945228,0.18319381530020945,2.64,-2.38,0.0,-0.65,0.0,0.5118110236220472,
1791373245.7102475,balance,0.06234060493582259,-0.008393575256741549,0.028287374059560066,0.14576704404474788,-0.030860826712524072,0.0031924041637384527,0.17434230715154347,-0.22564422385992788,0.0,0.1440908988848295,False,0.0,0.0,0.0,0.0,0.18278792047945228,0.18319381530020945,2.64,-2.4,0.0,0.0,0.0,-0.0,
1791373245.7202437,balance,0.0632660592589663,-0.009222435479309137,0.029212828382703778,0.06234435981678669,-0.030860826712524072,0.0031924041637384527,0.17434230715154347,-0.22763107457512266,0.0,0.14182127686880613,False,0.0,0.0,0.0,0.0,0.18278792047945228,0.18319381530020945,2.62,-2.35,0.0,0.0,0.0,-0.0,
1791373245.7302403,balance,0.06383958247442952,-0.009960628526995266,0.029786351598166987,0.06307498432469669,-0.030860826712524072,0.0031924041637384527,0.17434230715154347,-0.2249928004055725,0.0,0.13956426623880563,False,0.0,0.0,0.0,-0.09285714285714286,0.18278792047945228,0.18319381530020945,2.62,-2.38,0.0,-0.65,0.0,0.5118110236220472,
1791373245.7402322,balance,0.06471019228148918,-0.010534464441916535,0.03065696140522665,0.09070076209169063,-0.030860826712524072,0.0031924041637384527,0.17434230715154347,-0.22221498377420135,0.0,0.13734625371076628,False,0.0,0.0,0.0,0.09285714285714286,0.18278792047945228,0.18319381530020945,2.65,-2.41,0.0,0.65,0.0,-0.5118110236220472,
1791373245.7502048,balance,0.06570131228929788,-0.011103638573613133,0.03165846254260274,0.12348909889774126,-0.03085044558295668,0.0031924041637384527,0.17441911838911267,-0.21730073108944967,0.0,0.13514694702483163,False,0.0,0.0,-0.09285714285714286,0.0,0.18299090309463303,0.18319381530020945,2.63,-2.36,-0.65,0.0,-0.5118110236220472,-0.0,
1791373245.7602372,balance,0.06696313141040819,-0.01202701343669385,0.032909900534145664,0.0553188037787189,-0.030860826712524072,0.0031924041637384527,0.17434230715154347,-0.21130187471028158,0.0,0.1330326002080045,False,0.0,0.0,0.0,0.0,0.18278792047945228,0.18319381530020945,2.64,-2.43,0.0,0.0,0.0,-0.0,
1791373245.7702641,balance,0.06691956638603491,-0.012518688344697541,0.032876716639339776,-0.027715871208776985,-0.03085044558295668,0.0031924041637384527,0.17441911838911267,-0.21635733949770516,0.0,0.13087656498382938,False,0.0,0.0,0.0,0.0,0.18299090309463303,0.18319381530020945,2.59,-2.44,0.0,0.0,0.0,-0.0,
1791373245.7802582,balance,0.06706633492686617,-0.013684982587199466,0.03301310405060365,0.058382596192497915,-0.03086082671252408,0.0031924041637384527,0.17434230715154347,-0.21088174025319345,0.0,0.12874643087347612,False,0.0,0.0,0.0,0.0,0.18299090309463303,0.1829908860068136,2.48,-2.57,0.0,0.0,0.0,-0.0,
1791373245.7902477,balance,0.06773585457163764,-0.015081715787219747,0.033682623695375113,0.07352407812530314,-0.03086082671252408,0.0031924041637384527,0.17434230715154347,-0.2131363433423693,0.0,0.1266217517481535,False,0.0,0.0,0.0,0.0,0.18299090309463303,0.1829908860068136,2.47,-2.52,0.0,0.0,0.0,-0.0,
1791373245.800235,balance,0.06896390648006534,-0.01557271321880577,0.03492105673337022,0.14420657216046961,-0.03085044558295667,0.0031924041637384527,0.17441911838911267,-0.20868929134508166,0.0,0.12452660455083855,False,0.0,0.0,0.0,0.0,0.18319383237828069,0.1829908860068136,2.45,-2.57,0.0,0.0,0.0,-0.0,
1791373245.8102608,balance,0.07003032395618962,-0.01658679871730892,0.035966702798951866,0.054303481747103755,-0.030871216993499304,0.0031924041637384527,0.17426549593277932,-0.20663735320475127,0.0,0.12246084107456437,False,0.0,0.0,-0.09285714285714286,0.0,0.18299090309463303,0.18278790339163284,2.41,-2.7600000000000002,-0.65,0.0,-0.5118110236220472,-0.0,
1791373245.8202374,balance,0.07051030030191249,-0.017294938403522232,0.03645706942564997,0.0245555169060921,-0.03086082671252407,0.0031924041637384527,0.17434230715154347,-0.2099934433310624,0.0,0.1203783419850875,False,0.0,0.0,0.0,0.0,0.18319383237828069,0.18278790339163284,2.47,-2.71,0.0,0.0,0.0,-0.0,
1791373245.830245,balance,0.07062642528885317,-0.018551862763381707,0.036573194412590646,0.033758956908816674,-0.03086082671252407,0.0031924041637384527,0.17434230715154347,-0.2137568372820832,0.0,0.11823598549804441,False,0.0,0.0,-0.09285714285714286,0.0,0.18319383237828069,0.18278790339163284,2.34,-2.68,-0.65,0.0,-0.5118110236220472,-0.0,
1791373245.8402433,balance,0.07142148746501949,-0.019128086827555124,0.0373670570591651,0.10248553214469218,-0.030862026242115943,0.0031924041637384527,0.17434226832120941,-0.20710440245767686,0.0,0.11614722800949913,False,0.0,0.0,0.09285714285714286,0.0,0.18339669919636176,0.18258491659850523,2.3000000000000003,-2.74,0.65,0.0,0.5118110236220472,-0.0,
1791373245.8502405,balance,0.07243948147219788,-0.019601695350149977,0.03837343533177609,0.10701261645893961,-0.030873641976683335,0.0031924041637384527,0.17426541747232188,-0.19676296885724517,0.0,0.11414584814729638,False,0.0,0.0,0.0,0.0,0.18339669919636176,0.18238184900170476,2.18,-2.89,0.0,0.0,0.0,-0.0,
1791373245.8602853,balance,0.07276284344809997,-0.020552954369682696,0.03869679730767818,-0.06409370788868575,-0.030873641976683335,0.0031924041637384527,0.17426541747232188,-0.19263515409239954,0.0,0.1122236555596915,False,0.0,0.0,0.0,0.0,0.18339669919636176,0.18238184900170476,2.27,-2.98,0.0,0.0,0.0,-0.0,
1791373245.8702419,balance,0.0716170950896513,-0.021256403385918075,0.037561440303273255,-0.11957230596475174,-0.030863250622639594,0.0031924041637384527,0.17434222868669497,-0.19382508506540727,0.0,0.1102880011426509,False,0.0,0.0,0.0,0.0,0.18359956601444283,0.18238184900170476,2.25,-2.88,0.0,0.0,0.0,-0.0,
1791373245.8802323,balance,0.07097035367836854,-0.021647970025226355,0.036904307537946754,-0.0404690131092155,-0.030873641976683335,0.0031924041637384527,0.17426541747232188,-0.19632209450095395,0.0,0.10832626773865606,False,0.0,0.0,0.0,0.0,0.18339669919636176,0.18238184900170476,2.13,-2.93,0.0,0.0,0.0,-0.0,
1791373245.8902347,balance,0.07143682828396776,-0.021578248196614674,0.03736955722043005,0.12102984189729285,-0.030874866899799264,0.0031924041637384527,0.17426537784028698,-0.18939374446692156,0.0,0.10640741087021606,False,0.0,0.0,0.0,0.0,0.18359956601444283,0.18217878140490432,2.23,-3.06,0.0,0.0,0.0,-0.0,
1791373245.9003272,balance,0.07264847044636068,-0.02121896945263545,0.038581199382822964,0.07042971929763926,-0.030874866899799264,0.0031924041637384527,0.17426537784028698,-0.18337582842783007,0.0,0.1045630743989972,False,0.0,0.0,0.0,0.0,0.18359956601444283,0.18217878140490432,2.14,-3.06,0.0,0.0,0.0,-0.0,
1791373245.9102345,balance,0.07276878945902754,-0.0207650571158916,0.038701518395489826,-0.03857989250409023,-0.030874866899799264,0.0031924041637384527,0.17426537784028698,-0.18717135654956535,0.0,0.10270536196860795,False,0.0,0.0,0.0,0.0,0.18359956601444283,0.18217878140490432,2.11,-3.0500000000000003,0.0,0.0,0.0,-0.0,
1791373245.92026,balance,0.0720211156661487,-0.02090203768065834,0.03795384460261099,-0.07329332274543054,-0.030874866899799264,0.0031924041637384527,0.17426537784028698,-0.19126126988995076,0.0,0.1007993416744662,False,0.0,0.0,0.0,0.0,0.18359956601444283,0.18217878140490432,2.13,-3.02,0.0,0.0,0.0,-0.0,
1791373245.930237,balance,0.07161530434316522,-0.020556391494477,0.03754803327962751,-0.012153588948345633,-0.030874866899799264,0.0031924041637384527,0.17426537784028698,-0.18325263378528758,0.0,0.098942790704882,False,0.0,0.0,0.0,-0.09285714285714286,0.18359956601444283,0.18217878140490432,2.13,-3.02,0.0,-0.65,0.0,0.5118110236220472,
1791373245.94024,balance,0.07182660109963014,-0.0198570658403148,0.03775933003609243,0.016127104201620418,-0.030874866899799264,0.0031924041637384527,0.17426537784028698,-0.17480187528984314,0.0,0.09718336093675722,False,0.0,0.0,0.0,0.0,0.18359956601444283,0.18217878140490432,2.15,-3.02,0.0,0.0,0.0,-0.0,
1791373245.950263,balance,0.07168002376332411,-0.019265356297805878,0.037612752699786395,-0.028363035423095456,-0.030874866899799264,0.0031924041637384527,0.17426537784028698,-0.1832240707804211,0.0,0.09537485053521329,False,0.0,0.0,0.0,0.0,0.18359956601444283,0.18217878140490432,2.14,-3.0100000000000002,0.0,0.0,0.0,-0.0,
1791373245.9602408,balance,0.07172446189810137,-0.018324572736532402,0.037668807111723324,0.03313888405874387,-0.030863250622639594,0.0031924041637384527,0.17434222868669497,-0.1840595852250761,0.0,0.09352782896054608,False,0.0,0.0,0.0,0.0,0.18359956601444283,0.18238184900170476,2.13,-2.88,0.0,0.0,0.0,-0.0,
1791373245.9702408,balance,0.0722263489079466,-0.017611008901510728,0.03817069412156855,0.0575334140897408,-0.030863250622639594,0.0031924041637384527,0.17434222868669497,-0.1762979547749511,0.0,0.09174291233328714,False,0.0,0.0,0.0,0.0,0.18359956601444283,0.18238184900170476,2.16,-2.89,0.0,0.0,0.0,-0.0,
1791373245.9802618,balance,0.07249605135225207,-0.016798532340942633,0.03843000521183028,-0.005148306665526818,-0.030873641976683335,0.0031924041637384527,0.17426541747232188,-0.17266316054837705,0.0,0.09001465111136188,False,0.0,0.0,0.0,0.0,0.18339669919636176,0.18238184900170476,2.25,-2.89,0.0,0.0,0.0,-0.0,
1791373245.9902284,balance,0.07210303323162585,-0.016219702729347068,0.038036987091204066,-0.06073171953341671,-0.030873641976683335,0.0031924041637384527,0.17426541747232188,-0.17637298307155244,0.0,0.08826422912531412,False,0.0,0.0,0.0,0.0,0.18339669919636176,0.18238184900170476,2.27,-2.89,0.0,0.0,0.0,-0.0,
1791373246.0002775,balance,0.07160754576248171,-0.015336030549366933,0.03754149962205992,-0.016426225179255797,-0.030873641976683335,0.0031924041637384527,0.17426541747232188,-0.18552134274655097,0.0,0.08642737422650003,False,0.0,0.0,0.0,0.0,0.18339669919636176,0.18238184900170476,2.29,-2.84,0.0,0.0,0.0,-0.0,
1791373246.0102057,balance,0.0722076425627032,-0.014191538457545767,0.03815321215684882,0.111365334495874,-0.030862026242115943,0.0031924041637384527,0.17434226832120941,-0.180887334760738,0.0,0.08460032108560625,False,0.0,0.0,0.0,0.0,0.18339669919636176,0.18258491659850523,2.3000000000000003,-2.83,0.0,0.0,0.0,-0.0,
1791373246.020262,balance,0.07335664458822387,-0.013087233465611109,0.03929182337036087,0.06655396137288899,-0.030872417054124548,0.0031924041637384527,0.17426545710461827,-0.17694854638021895,0.0,0.08282846904669657,False,0.0,0.0,0.0,0.0,0.18319383237828069,0.18258491659850523,2.36,-2.75,0.0,0.0,0.0,-0.0,
1791373246.030245,balance,0.07332246515877722,-0.012214000482850382,0.039257643940914216,-0.03345156826029845,-0.030872417054124548,0.0031924041637384527,0.17426545710461827,-0.18394716240544,0.0,0.08100866988644133,False,0.0,0.0,0.0,0.0,0.18319383237828069,0.18258491659850523,2.42,-2.75,0.0,0.0,0.0,-0.0,
1791373246.0402591,balance,0.07292844070928232,-0.01182665700118631,0.038863619491419324,-0.021894416231743256,-0.030872417054124548,0.0031924041637384527,0.17426545710461827,-0.18698148188378919,0.0,0.07913868271734492,False,0.0,0.0,0.0,0.0,0.18319383237828069,0.18258491659850523,2.43,-2.77,0.0,0.0,0.0,-0.0,
1791373246.050253,balance,0.07314761434800082,-0.010938507668876498,0.0390943834717383,0.042530841707102564,-0.03086082671252407,0.0031924041637384527,0.17434230715154347,-0.1805899419120714,0.0,0.07731657152273114,False,0.0,0.0,0.0,0.0,0.18319383237828069,0.18278790339163284,2.42,-2.61,0.0,0.0,0.0,-0.0,
1791373246.0602407,balance,0.07335627665679903,-0.01032822696500881,0.03929265549956128,-0.0018406577835388494,-0.030871216993499304,0.0031924041637384527,0.17426549593277932,-0.18311678560287079,0.0,0.0754951609506106,False,0.0,0.0,0.0,0.0,0.18299090309463303,0.18278790339163284,2.5,-2.67,0.0,0.0,0.0,-0.0,
1791373246.0702562,balance,0.07335766679292502,-0.010024941468484568,0.039294045635687266,-0.007254643395470573,-0.030871216993499304,0.0031924041637384527,0.17426549593277932,-0.18346740262153963,0.0,0.07365929429088929,False,0.0,0.0,0.0,0.0,0.18299090309463303,0.18278790339163284,2.52,-2.64,0.0,0.0,0.0,-0.0,
1791373246.0802696,balance,0.0733468888543026,-0.009779666456525149,0.03928326769706485,0.010162813049134653,-0.030871216993499304,0.0031924041637384527,0.17426549593277932,-0.17832813075658704,0.0,0.07186138994515934,False,0.0,0.0,0.0,0.0,0.18299090309463303,0.18278790339163284,2.5100000000000002,-2.65,0.0,0.0,0.0,-0.0,
1791373246.0902607,balance,0.0734091700891242,-0.009613378944428336,0.03934554893188645,-0.01292773116661121,-0.030871216993499304,0.0031924041637384527,0.17426549593277932,-0.17377717487572256,0.0,0.07011524872843704,False,0.0,0.0,-0.09285714285714286,0.0,0.18299090309463303,0.18278790339163284,2.52,-2.67,-0.65,0.0,-0.5118110236220472,-0.0,
1791373246.1002898,balance,0.07289372586993155,-0.009326719571034607,0.0388301047126938,-0.08000347322307817,-0.030871216993499304,0.0031924041637384527,0.17426549593277932,-0.17777944564712095,0.0,0.06835452139675431,False,0.0,0.0,0.0,-0.09285714285714286,0.18299090309463303,0.18278790339163284,2.47,-2.68,0.0,-0.65,0.0,0.5118110236220472,
1791373246.110243,balance,0.07225399449113068,-0.009248244710491273,0.03819037333389293,-0.0389330883496545,-0.030871216993499304,0.0031924041637384527,0.17426549593277932,-0.18747897943145977,0.0,0.06650064908414907,False,0.0,0.0,0.0,0.0,0.18299090309463303,0.18278790339163284,2.5100000000000002,-2.63,0.0,0.0,0.0,-0.0,
1791373246.1202333,balance,0.07232187370937614,-0.009463801319728718,0.03825825255213838,0.05078691180262492,-0.030871216993499304,0.0031924041637384527,0.17426549593277932,-0.18518141215665018,0.0,0.06463226010372262,False,0.0,0.0,0.0,0.0,0.18299090309463303,0.18278790339163284,2.49,-2.61,0.0,0.0,0.0,-0.0,
1791373246.1302571,balance,0.07315964102475747,-0.009664853383708476,0.03909601986751972,0.08492668370909809,-0.030871216993499304,0.0031924041637384527,0.17426549593277932,-0.17462313200679655,0.0,0.06286308423069369,False,0.0,0.0,0.0,0.0,0.18299090309463303,0.18278790339163284,2.5100000000000002,-2.64,0.0,0.0,0.0,-0.0,
1791373246.1402383,balance,0.07340003833279457,-0.009958785256659731,0.03933641717555682,-0.054184598474571403,-0.030871216993499304,0.0031924041637384527,0.17426549593277932,-0.18358996991125107,0.0,0.061060148604927,False,0.0,0.0,0.0,0.0,0.18299090309463303,0.18278790339163284,2.5,-2.68,0.0,0.0,0.0,-0.0,
1791373246.1502392,balance,0.07281082488984451,-0.010402696029902517,0.03874720373260676,-0.03926094158351164,-0.030871216993499304,0.0031924041637384527,0.17426549593277932,-0.191616443143022,0.0,0.0591559695883807,False,0.0,0.0,0.0,0.0,0.18299090309463303,0.18278790339163284,2.5100000000000002,-2.67,0.0,0.0,0.0,-0.0,
1791373246.1602511,balance,0.07287420215057827,-0.010448360240443787,0.03881058099334052,0.017936840615785037,-0.030871216993499304,0.0031924041637384527,0.17426549593277932,-0.18604508550667997,0.0,0.05727549855488603,False,0.0,0.0,0.0,0.0,0.18299090309463303,0.18278790339163284,2.52,-2.68,0.0,0.0,0.0,-0.0,
1791373246.170269,balance,0.07306919455552432,-0.01067178039006872,0.03900557339828657,0.0018944925856127566,-0.030871216993499304,0.0031924041637384527,0.17426549593277932,-0.17814123128604706,0.0,0.055476713740696924,False,0.0,0.0,0.0,0.0,0.18299090309463303,0.18278790339163284,2.5,-2.65,0.0,0.0,0.0,-0.0,
1791373246.1802332,balance,0.07267703738792962,-0.01139049167306929,0.038613416230691866,-0.07284438210043245,-0.030871216993499304,0.0031924041637384527,0.17426549593277932,-0.18945942147607311,0.0,0.05361245984457256,False,0.0,0.0,0.0,0.0,0.18299090309463303,0.18278790339163284,2.5,-2.68,0.0,0.0,0.0,-0.0,
1791373246.1902702,balance,0.07225960937370424,-0.011854423567457712,0.038216759627009114,0.01474825724785815,-0.03085044558295667,0.0031924041637384527,0.17441911838911267,-0.19017190276237989,0.0,0.05170391862291963,False,0.0,0.0,0.0,0.0,0.18319383237828069,0.1829908860068136,2.49,-2.66,0.0,0.0,0.0,-0.0,
1791373246.200266,balance,0.07285379644169548,-0.012027949728552893,0.03880056556543296,0.061149331820392804,-0.03086082671252408,0.0031924041637384527,0.17434230715154347,-0.18396324794359495,0.0,0.049852078331675924,False,0.0,0.0,0.0,0.0,0.18299090309463303,0.1829908860068136,2.43,-2.5300000000000002,0.0,0.0,0.0,-0.0,
1791373246.2102492,balance,0.07323484982267027,-0.01190457672049654,0.03917122866543252,0.012958468825881036,-0.030871216993499304,0.0031924041637384527,0.17426549593277932,-0.18058006811840524,0.0,0.04803910505186566,False,0.0,0.0,0.0,0.0,0.18299090309463303,0.18278790339163284,2.48,-2.52,0.0,0.0,0.0,-0.0,
1791373246.2202601,balance,0.07304032134690672,-0.012891171391990594,0.038976700189668964,-0.05791869650402358,-0.030871216993499304,0.0031924041637384527,0.17426549593277932,-0.18301428068216888,0.0,0.046213998357382664,False,0.0,0.0,-0.09285714285714286,0.0,0.18299090309463303,0.18278790339163284,2.5100000000000002,-2.61,-0.65,0.0,-0.5118110236220472,-0.0,
1791373246.2302425,balance,0.07204136119617953,-0.013887173680455217,0.037988130319917005,-0.10431428471795214,-0.03086082671252407,0.0031924041637384527,0.17434230715154347,-0.18722371451822759,0.0,0.044352192475663,False,0.0,0.0,0.0,0.0,0.18319383237828069,0.18278790339163284,2.46,-2.65,0.0,0.0,0.0,-0.0,
1791373246.2402594,balance,0.07154296104070862,-0.014271415955187288,0.037489730164446095,-0.011066997769150454,-0.03086082671252407,0.0031924041637384527,0.17434230715154347,-0.18700532069154602,0.0,0.04247397609877872,False,0.0,0.0,0.0,0.0,0.18319383237828069,0.18278790339163284,2.35,-2.64,0.0,0.0,0.0,-0.0,
1791373246.2502503,balance,0.07195923570294216,-0.014315935233254761,0.037906004826679635,0.08453154912073195,-0.03086082671252407,0.0031924041637384527,0.17434230715154347,-0.17644021503995902,0.0,0.040683995054616215,False,0.0,0.0,0.0,0.0,0.18319383237828069,0.18278790339163284,2.39,-2.67,0.0,0.0,0.0,-0.0,
1791373246.2602453,balance,0.0722926714424078,-0.01453930108620049,0.03823944056614527,-0.022904943751740528,-0.03086082671252407,0.0031924041637384527,0.17434230715154347,-0.18516406219115628,0.0,0.03886442989857458,False,0.0,0.0,0.0,0.0,0.18319383237828069,0.18278790339163284,2.37,-2.75,0.0,0.0,0.0,-0.0,
1791373246.2702527,balance,0.0720135190256652,-0.015469950459799268,0.03796028814940268,-0.004248027986724473,-0.03086082671252407,0.0031924041637384527,0.17434230715154347,-0.1911860965677957,0.0,0.03695926211472546,False,0.0,0.0,0.0,0.0,0.18319383237828069,0.18278790339163284,2.34,-2.66,0.0,0.0,0.0,-0.0,
1791373246.2802393,balance,0.0722957318512118,-0.015876823361182863,0.0382309106333488,0.02806541724827382,-0.030872417054124548,0.0031924041637384527,0.17426545710461827,-0.18391580926046017,0.0,0.03509727654285288,False,0.0,0.0,0.0,0.0,0.18319383237828069,0.18258491659850523,2.38,-2.71,0.0,0.0,0.0,-0.0,
1791373246.290267,balance,0.07255989059147028,-0.016055553977271934,0.03849506937360728,0.021598981248999845,-0.030872417054124548,0.0031924041637384527,0.17426545710461827,-0.18237990642870036,0.0,0.03327268146895983,False,0.0,0.0,0.0,0.0,0.18319383237828069,0.18258491659850523,2.39,-2.81,0.0,0.0,0.0,-0.0,
1791373246.300266,balance,0.07230990266673218,-0.016288634582479044,0.03825547226087779,-0.040359230667948755,-0.030862026242115943,0.0031924041637384527,0.17434226832120941,-0.1824755741024407,0.0,0.03144220978677737,False,0.0,0.0,0.0,0.0,0.18339669919636176,0.18258491659850523,2.37,-2.79,0.0,0.0,0.0,-0.0,
1791373246.310255,balance,0.0720437635503025,-0.016588760072880807,0.037989333144448106,-0.03741195719900585,-0.030862026242115943,0.0031924041637384527,0.17434226832120941,-0.1794680292893624,0.0,0.029636835090556903,False,0.0,0.0,0.0,0.0,0.18339669919636176,0.18258491659850523,2.25,-2.82,0.0,0.0,0.0,-0.0,
1791373246.3202384,balance,0.07179724034859118,-0.01674067349525171,0.037742809942736794,-0.005805906313454201,-0.030862026242115943,0.0031924041637384527,0.17434226832120941,-0.17226367439068033,0.0,0.02789621240585763,False,0.0,0.0,0.0,0.0,0.18339669919636176,0.18258491659850523,2.24,-2.81,0.0,0.0,0.0,-0.0,
1791373246.330249,balance,0.0712973233946772,-0.016558140775099543,0.037242892988822815,-0.09286859197309781,-0.030862026242115943,0.0031924041637384527,0.17434226832120941,-0.17466522988186892,0.0,0.026160283540192935,False,0.0,0.0,0.0,-0.09285714285714286,0.18339669919636176,0.18258491659850523,2.2600000000000002,-2.84,0.0,-0.65,0.0,0.5118110236220472,
1791373246.3402343,balance,0.07065407628519788,-0.016874605481746324,0.03658803014477609,-0.029856849972794353,-0.030873641976683335,0.0031924041637384527,0.17426541747232188,-0.17117058698613988,0.0,0.024437835634926398,False,0.0,0.0,0.0,0.0,0.18339669919636176,0.18238184900170476,2.2600000000000002,-2.92,0.0,0.0,0.0,-0.0,
1791373246.3502388,balance,0.07041369026707868,-0.01692235197613357,0.03635925986122429,-0.024851441343690127,-0.030862026242115943,0.0031924041637384527,0.17434226832120941,-0.16345206760972505,0.0,0.022782202699125714,False,0.0,0.0,-0.09285714285714286,0.0,0.18339669919636176,0.18258491659850523,2.27,-2.7600000000000002,-0.65,0.0,-0.5118110236220472,-0.0,
1791373246.3602452,balance,0.07015559523771633,-0.016563758916187627,0.036089549097294546,-0.04272940219314684,-0.030873641976683335,0.0031924041637384527,0.17426541747232188,-0.16212888629167294,0.0,0.02116889618724986,False,0.0,0.0,0.0,0.0,0.18339669919636176,0.18238184900170476,2.27,-2.95,0.0,0.0,0.0,-0.0,
1791373246.3702753,balance,0.06927424128072457,-0.016519544793249817,0.03520819514030278,-0.11386478618421275,-0.030873641976683335,0.0031924041637384527,0.17426541747232188,-0.17347660842160392,0.0,0.019457231654664005,False,0.0,0.0,0.0,0.0,0.18339669919636176,0.18238184900170476,2.25,-2.89,0.0,0.0,0.0,-0.0,
1791373246.3802402,balance,0.0687127601210512,-0.016225097060703016,0.03464671398062941,0.010751981319245204,-0.030873641976683335,0.0031924041637384527,0.17426541747232188,-0.17022772714856274,0.0,0.01773684331468871,False,0.0,0.0,0.0,0.0,0.18339669919636176,0.18238184900170476,2.25,-2.92,0.0,0.0,0.0,-0.0,
1791373246.3902607,balance,0.06889331675994122,-0.01565158927575767,0.03482727061951943,0.015424622432388744,-0.030873641976683335,0.0031924041637384527,0.17426541747232188,-0.16465227159884516,0.0,0.01607918393697342,False,0.0,0.0,0.0,-0.09285714285714286,0.18339669919636176,0.18238184900170476,2.27,-2.91,0.0,-0.65,0.0,0.5118110236220472,
1791373246.4002244,balance,0.06870036452997576,-0.015039778265694853,0.03463431838955397,-0.05640651294378478,-0.030873641976683335,0.0031924041637384527,0.17426541747232188,-0.16494377362800733,0.0,0.014441362928545294,False,0.0,0.0,0.0,0.0,0.18339669919636176,0.18238184900170476,2.25,-2.92,0.0,0.0,0.0,-0.0,
1791373246.410241,balance,0.06780204729707882,-0.014862709219013198,0.033736001156657036,-0.09451135048633043,-0.030873641976683335,0.0031924041637384527,0.17426541747232188,-0.16827047725121663,0.0,0.012765192712632727,False,0.0,0.0,0.0,0.0,0.18339669919636176,0.18238184900170476,2.2600000000000002,-2.89,0.0,0.0,0.0,-0.0,
1791373246.420251,balance,0.06715888404681009,-0.014422482273298225,0.0330928379063883,-0.03737205240945426,-0.030873641976683335,0.0031924041637384527,0.17426541747232188,-0.16789478586080434,0.0,0.011080293136754304,False,0.0,0.0,0.0,0.0,0.18339669919636176,0.18238184900170476,2.2800000000000002,-2.9,0.0,0.0,0.0,-0.0,
1791373246.4302266,balance,0.06701623177727375,-0.013936528381705173,0.032961801371419366,0.01191033244947444,-0.030862026242115943,0.0031924041637384527,0.17434226832120941,-0.16225695063270792,0.0,0.009434848728924635,False,0.0,0.0,-0.09285714285714286,0.0,0.18339669919636176,0.18258491659850523,2.27,-2.9,-0.65,0.0,-0.5118110236220472,-0.0,
1791373246.4402568,balance,0.06709235633037725,-0.013794026320258865,0.03302631018995546,-0.01911363238606063,-0.030873641976683335,0.0031924041637384527,0.17426541747232188,-0.15717292475752181,0.0,0.007857387785887173,False,0.0,0.0,0.0,0.0,0.18339669919636176,0.18238184900170476,2.2800000000000002,-2.93,0.0,0.0,0.0,-0.0,
1791373246.4502373,balance,0.06661019989758421,-0.013135225093712165,0.03254415375716242,-0.07071687983479022,-0.030873641976683335,0.0031924041637384527,0.17426541747232188,-0.16261996258845718,0.0,0.0062455601684889926,False,0.0,0.0,0.0,-0.09285714285714286,0.18339669919636176,0.18238184900170476,2.2800000000000002,-2.91,0.0,-0.65,0.0,0.5118110236220472,
1791373246.4602602,balance,0.06593654568391981,-0.012292800926267326,0.03188211527806542,-0.050832842072081136,-0.030862026242115943,0.0031924041637384527,0.17434226832120941,-0.16404020093204308,0.0,0.004610475001578543,False,0.0,0.0,0.0,0.0,0.18339669919636176,0.18258491659850523,2.27,-2.74,0.0,0.0,0.0,-0.0,
1791373246.4702396,balance,0.0657205074037161,-0.011901597509636644,0.03166607699786171,0.005961100793447471,-0.030862026242115943,0.0031924041637384527,0.17434226832120941,-0.15667773991644238,0.0,0.003019994323951128,False,0.0,0.0,0.0,-0.09285714285714286,0.18339669919636176,0.18258491659850523,2.27,-2.7800000000000002,0.0,-0.65,0.0,0.5118110236220472,
1791373246.4802547,balance,0.06579822880349626,-0.011576645034434905,0.031733407585633255,-0.02543996866343336,-0.030872417054124548,0.0031924041637384527,0.17426545710461827,-0.15291247419556156,0.0,0.0014940080921435747,False,0.0,0.0,-0.09285714285714286,0.0,0.18319383237828069,0.18258491659850523,2.29,-2.77,-0.65,0.0,-0.5118110236220472,-0.0,
1791373246.4902694,balance,0.06542997849849062,-0.01106852979654408,0.031375548092636235,-0.029337653925274154,-0.030862026242115943,0.0031924041637384527,0.17434226832120941,-0.16098121956672973,0.0,-9.264071729555086e-05,False,0.0,0.0,0.0,0.0,0.18339669919636176,0.18258491659850523,2.36,-2.7800000000000002,0.0,0.0,0.0,-0.0,
1791373246.500251,balance,0.06541873129380225,-0.010539273977138284,0.031353910075939254,0.026921640280418015,-0.030872417054124548,0.0031924041637384527,0.17426545710461827,-0.1628056993211827,0.0,-0.0017263413667130449,False,0.0,0.0,0.0,-0.09285714285714286,0.18319383237828069,0.18258491659850523,2.38,-2.74,0.0,-0.65,0.0,0.5118110236220472,
1791373246.5102582,balance,0.06605073505564156,-0.009760983803236981,0.03198591383777856,0.06978255454211202,-0.030872417054124548,0.0031924041637384527,0.17426545710461827,-0.15697511575560763,0.0,-0.0033079976763457455,False,0.0,0.0,0.0,0.0,0.18319383237828069,0.18258491659850523,2.39,-2.79,0.0,0.0,0.0,-0.0,
1791373246.520246,balance,0.06654197799922122,-0.009546527954092787,0.03247715678135822,0.033058826407610986,-0.030872417054124548,0.0031924041637384527,0.17426545710461827,-0.15711313564735735,0.0,-0.004876027413953491,False,0.0,0.0,0.0,0.0,0.18319383237828069,0.18258491659850523,2.4,-2.79,0.0,0.0,0.0,-0.0,
1791373246.5302472,balance,0.06641748603441368,-0.00928837015580571,0.03235266481655068,-0.03245159916338771,-0.030872417054124548,0.0031924041637384527,0.17426545710461827,-0.16130825921419983,0.0,-0.006475437459264172,False,0.0,0.0,0.0,0.0,0.18319383237828069,0.18258491659850523,2.41,-2.7800000000000002,0.0,0.0,0.0,-0.0,
1791373246.5402553,balance,0.06604595771783255,-0.008827336084381885,0.031981136499969545,-0.014102810095677097,-0.030872417054124548,0.0031924041637384527,0.17426545710461827,-0.17772451363512898,0.0,-0.008212137624498688,False,0.0,0.0,0.0,0.0,0.18319383237828069,0.18258491659850523,2.36,-2.7800000000000002,0.0,0.0,0.0,-0.0,
1791373246.5502534,balance,0.06724349271402626,-0.008489411741278204,0.033178671496163256,0.21712693523114843,-0.030872417054124548,0.0031924041637384527,0.17426545710461827,-0.16905810260527712,0.0,-0.009942504529264345,False,0.0,0.0,0.0,0.0,0.18319383237828069,0.18258491659850523,2.41,-2.72,0.0,0.0,0.0,-0.0,
1791373246.560233,balance,0.06954839896694692,-0.008235851056072819,0.0354951680906844,0.20769405892874723,-0.03086082671252407,0.0031924041637384527,0.17434230715154347,-0.15515949969723206,0.0,-0.011519282197473533,False,0.0,0.0,0.0,0.0,0.18319383237828069,0.18278790339163284,2.38,-2.57,0.0,0.0,0.0,-0.0,
1791373246.5702605,balance,0.07059502876527694,-0.008206569080115505,0.03654179788901442,0.009949949715584855,-0.03086082671252407,0.0031924041637384527,0.17434230715154347,-0.17037675244580008,0.0,-0.013172536055588597,False,0.0,0.0,0.0,0.0,0.18319383237828069,0.18278790339163284,2.37,-2.67,0.0,0.0,0.0,-0.0,
1791373246.5802627,balance,0.07074115149672082,-0.008246467460495134,0.036687920620458295,0.03744797466815896,-0.03086082671252407,0.0031924041637384527,0.17434230715154347,-0.18309096213048648,0.0,-0.014983814273186033,False,0.0,0.0,0.0,0.0,0.18319383237828069,0.18278790339163284,2.39,-2.68,0.0,0.0,0.0,-0.0,
1791373246.5902548,balance,0.07196482037394199,-0.00769933922158518,0.03791158949767946,0.1783092022805332,-0.03086082671252407,0.0031924041637384527,0.17434230715154347,-0.1738282049159227,0.0,-0.016755265901887414,False,0.0,0.0,0.0,0.0,0.18319383237828069,0.18278790339163284,2.39,-2.66,0.0,0.0,0.0,-0.0,
1791373246.6002648,balance,0.07385845895620895,-0.007733436611933487,0.03980522807994642,0.18449670858930647,-0.03086082671252407,0.0031924041637384527,0.17434230715154347,-0.15943569834596596,0.0,-0.018381967423464207,False,0.0,0.0,0.0,0.0,0.18319383237828069,0.18278790339163284,2.41,-2.64,0.0,0.0,0.0,-0.0,
1791373246.6102538,balance,0.0750400996479669,-0.008341017466121751,0.04098686877170438,0.05035327321256465,-0.03086082671252407,0.0031924041637384527,0.17434230715154347,-0.1581480412857064,0.0,-0.019958914297746936,False,0.0,0.0,0.0,0.0,0.18319383237828069,0.18278790339163284,2.39,-2.72,0.0,0.0,0.0,-0.0,
1791373246.620276,balance,0.07514547102130482,-0.008801970662141724,0.0410922401450423,0.005883629407228662,-0.03086082671252407,0.0031924041637384527,0.17434230715154347,-0.15805817981086062,0.0,-0.02154265667793366,False,0.0,0.0,-0.09285714285714286,0.0,0.18319383237828069,0.18278790339163284,2.46,-2.65,-0.65,0.0,-0.5118110236220472,-0.0,
1791373246.6301832,balance,0.07524276242969317,-0.008494894290391459,0.04117914127245542,0.00337464118675949,-0.030871216993499304,0.0031924041637384527,0.17426549593277932,-0.15917135397397258,0.0,-0.023123502183684218,False,0.0,0.0,0.0,0.0,0.18299090309463303,0.18278790339163284,2.41,-2.67,0.0,0.0,0.0,-0.0,
1791373246.6402583,balance,0.07567388112014362,-0.00803751693076029,0.04161025996290586,0.08366123475914952,-0.030871216993499304,0.0031924041637384527,0.17426549593277932,-0.15907938704202065,0.0,-0.024721064107554046,False,0.0,0.0,0.0,0.0,0.18299090309463303,0.18278790339163284,2.5100000000000002,-2.62,0.0,0.0,0.0,-0.0,
1791373246.6502485,balance,0.07677582165856951,-0.008407773403197144,0.04271220050133176,0.11502919169799164,-0.030871216993499304,0.0031924041637384527,0.17426549593277932,-0.15207557945203004,0.0,-0.026262906236537556,False,0.0,0.0,0.0,0.0,0.18299090309463303,0.18278790339163284,2.5100000000000002,-2.67,0.0,0.0,0.0,-0.0,
1791373246.6602564,balance,0.07781960792687513,-0.00947739167345697,0.04375598676963738,0.08870767740378092,-0.030871216993499304,0.0031924041637384527,0.17426549593277932,-0.14591709817599557,0.0,-0.027736127994948866,False,0.0,0.0,0.0,0.0,0.18299090309463303,0.18278790339163284,2.5100000000000002,-2.67,0.0,0.0,0.0,-0.0,
1791373246.670258,balance,0.07861307352699415,-0.010020438374609166,0.044559842650731624,0.07293446966496574,-0.03086082671252407,0.0031924041637384527,0.17434230715154347,-0.142443309761015,0.0,-0.029167316305032668,False,0.0,0.0,0.09285714285714286,0.0,0.18319383237828069,0.18278790339163284,2.5,-2.66,0.65,0.0,0.5118110236220472,-0.0,
1791373246.6802526,balance,0.07924939814292806,-0.00973739511135273,0.045185776985690304,0.04562714201992103,-0.030871216993499304,0.0031924041637384527,0.17426549593277932,-0.13923074334774274,0.0,-0.030571713422492583,False,0.0,0.0,0.0,0.0,0.18299090309463303,0.18278790339163284,2.39,-2.67,0.0,0.0,0.0,-0.0,
1791373246.690292,balance,0.07971960717846419,-0.009685656345926141,0.04565598602122643,0.041935856132802186,-0.030871216993499304,0.0031924041637384527,0.17426549593277932,-0.13607845966020243,0.0,-0.03193587736753954,False,0.0,0.0,0.0,0.0,0.18299090309463303,0.18278790339163284,2.52,-2.65,0.0,0.0,0.0,-0.0,
1791373246.7002656,balance,0.08003207007065263,-0.010297591454950673,0.04596844891341488,0.0397770117775208,-0.030871216993499304,0.0031924041637384527,0.17426549593277932,-0.13600655663563965,0.0,-0.03329601172068446,False,0.0,0.0,-0.09285714285714286,0.0,0.18299090309463303,0.18278790339163284,2.4,-2.65,-0.65,0.0,-0.5118110236220472,-0.0,
1791373246.710267,balance,0.08080392346379159,-0.01121158080667372,0.046750692587529064,0.12497760021675018,-0.03086082671252407,0.0031924041637384527,0.17434230715154347,-0.13573402371951732,0.0,-0.034651362459832254,False,0.0,0.0,0.0,0.09285714285714286,0.18319383237828069,0.18278790339163284,2.49,-2.67,0.0,0.65,0.0,-0.5118110236220472,
1791373246.7202642,balance,0.08204846816832742,-0.011488945960178215,0.04798484701108967,0.12206469153533914,-0.030871216993499304,0.0031924041637384527,0.17426549593277932,-0.13419164569524644,0.0,-0.03600642670392952,False,0.0,0.0,0.0,0.0,0.18299090309463303,0.18278790339163284,2.49,-2.66,0.0,0.0,0.0,-0.0,
1791373246.730242,balance,0.08325402579795656,-0.011698942962534422,0.049190404640718804,0.08674489145284997,-0.030871216993499304,0.0031924041637384527,0.17426549593277932,-0.12995628750930563,0.0,-0.03731545486059909,False,0.0,0.0,0.0,0.0,0.18299090309463303,0.18278790339163284,2.5300000000000002,-2.68,0.0,0.0,0.0,-0.0,
1791373246.7402413,balance,0.08389666625432624,-0.012287167186501706,0.04983304509708848,0.062407713331976054,-0.030871216993499304,0.0031924041637384527,0.17426549593277932,-0.12081577654793373,0.0,-0.038551717550345095,False,0.0,0.0,0.0,0.0,0.18299090309463303,0.18278790339163284,2.5,-2.7,0.0,0.0,0.0,-0.0,
1791373246.7502286,balance,0.08401820084964645,-0.013254302506346282,0.049942979655792766,-0.03453008565214122,-0.030882817030115233,0.0031924041637384527,0.17418864590685898,-0.11893541254461175,0.0,-0.03973668254463669,False,0.0,0.0,0.0,0.09285714285714286,0.18299090309463303,0.18258491659850523,2.5100000000000002,-2.85,0.0,0.65,0.0,-0.5118110236220472,
1791373246.760261,balance,0.08371888446055396,-0.013506198729348998,0.04964366326670028,-0.01563426479528364,-0.030882817030115233,0.0031924041637384527,0.17418864590685898,-0.11427017282851949,0.0,-0.040897889150500216,False,0.0,0.0,0.0,0.0,0.18299090309463303,0.18258491659850523,2.5100000000000002,-2.79,0.0,0.0,0.0,-0.0,
1791373246.7702608,balance,0.0839762093750711,-0.013264239167720274,0.04990098818121741,0.03091494236755026,-0.030882817030115233,0.0031924041637384527,0.17418864590685898,-0.09983167332042031,0.0,-0.04193079776697278,False,0.0,0.0,0.0,0.0,0.18299090309463303,0.18258491659850523,2.52,-2.79,0.0,0.0,0.0,-0.0,
1791373246.7802503,balance,0.08384562484670692,-0.013987369359559697,0.049770403652853235,-0.0774059611226867,-0.030882817030115233,0.0031924041637384527,0.17418864590685898,-0.09766456478764239,0.0,-0.042907614612576764,False,0.0,0.0,0.0,0.0,0.18299090309463303,0.18258491659850523,2.49,-2.79,0.0,0.0,0.0,-0.0,
1791373246.7902625,balance,0.0828967183557238,-0.014756675912836675,0.048831897137860805,-0.07721697271674835,-0.030872417054124548,0.0031924041637384527,0.17426545710461827,-0.09091000961418148,0.0,-0.04383979260573536,False,0.0,0.0,0.0,0.0,0.18319383237828069,0.18258491659850523,2.47,-2.8000000000000003,0.0,0.0,0.0,-0.0,
1791373246.8003259,balance,0.08197370796301291,-0.015512675260090139,0.04790888674514991,-0.1130234056811738,-0.030872417054124548,0.0031924041637384527,0.17426545710461827,-0.08469457310238253,0.0,-0.04470282378251503,False,0.0,0.0,0.0,0.0,0.18319383237828069,0.18258491659850523,2.38,-2.8000000000000003,0.0,0.0,0.0,-0.0,
1791373246.8102655,balance,0.08111368069354616,-0.015607043448864917,0.04704885947568316,-0.059319644495153284,-0.030872417054124548,0.0031924041637384527,0.17426545710461827,-0.0766631388926675,0.0,-0.04548731937860329,False,0.0,0.0,0.0,0.0,0.18319383237828069,0.18258491659850523,2.37,-2.8000000000000003,0.0,0.0,0.0,-0.0,
1791373246.8202322,balance,0.08036348053465729,-0.015972914175917185,0.04629865931679429,-0.09081390425240815,-0.030872417054124548,0.0031924041637384527,0.17426545710461827,-0.0754872475304639,0.0,-0.046242705936004734,False,0.0,0.0,0.0,0.0,0.18319383237828069,0.18258491659850523,2.35,-2.79,0.0,0.0,0.0,-0.0,
1791373246.8302524,balance,0.07974478164498594,-0.0167625501539647,0.04567996042712294,-0.05506835497312627,-0.030872417054124548,0.0031924041637384527,0.17426545710461827,-0.06937259511336738,0.0,-0.046952019867616074,False,0.0,0.0,0.0,0.0,0.18319383237828069,0.18258491659850523,2.38,-2.8000000000000003,0.0,0.0,0.0,-0.0,
1791373246.8402345,balance,0.07914985038842512,-0.017118727120620243,0.04508502917056212,-0.0693854747310002,-0.030872417054124548,0.0031924041637384527,0.17426545710461827,-0.059528844874246985,0.0,-0.04757264882548698,False,0.0,0.0,0.0,0.0,0.18319383237828069,0.18258491659850523,2.39,-2.81,0.0,0.0,0.0,-0.0,
1791373246.8502407,balance,0.07803198029585515,-0.017243504702732258,0.04395553363692768,-0.16724701715477294,-0.030884042495189015,0.0031924041637384527,0.1741886062767826,-0.05201615121575771,0.0,-0.04810461556983265,False,0.0,0.0,0.0,0.0,0.18319383237828069,0.18238184900170476,2.41,-2.97,0.0,0.0,0.0,-0.0,
1791373246.860244,balance,0.07548728416387807,-0.017299623543941243,0.0414108375049506,-0.2962396340635882,-0.030884042495189015,0.0031924041637384527,0.1741886062767826,-0.05685672564670961,0.0,-0.048662836041842523,False,0.0,0.0,0.0,0.0,0.18319383237828069,0.18238184900170476,2.38,-2.91,0.0,0.0,0.0,-0.0,
1791373246.8702378,balance,0.07307073498008843,-0.017616655183504963,0.03899428832116096,-0.164459266409613,-0.030884042495189015,0.0031924041637384527,0.1741886062767826,-0.05305911415191411,0.0,-0.04921134491768088,False,0.0,0.0,0.0,0.0,0.18319383237828069,0.18238184900170476,2.38,-2.89,0.0,0.0,0.0,-0.0,
1791373246.8802361,balance,0.07194360456684142,-0.017840316892613027,0.03786715790791395,-0.07694186433640572,-0.030884042495189015,0.0031924041637384527,0.1741886062767826,-0.03938265021307083,0.0,-0.04964133983510938,False,0.0,0.0,0.0,0.0,0.18319383237828069,0.18238184900170476,2.39,-2.9,0.0,0.0,0.0,-0.0,
1791373246.890264,balance,0.07122986971782504,-0.017747866588219034,0.03715342305889757,-0.10381156041944951,-0.030884042495189015,0.0031924041637384527,0.1741886062767826,-0.0308856866289206,0.0,-0.049966061115496535,False,0.0,0.0,0.0,0.0,0.18319383237828069,0.18238184900170476,2.38,-2.93,0.0,0.0,0.0,-0.0,
1791373246.900267,balance,0.06951533975123211,-0.01801350813017982,0.03538447631829336,-0.22684344812448062,-0.030884042495189015,0.003246820937749734,0.1741886062767826,-0.03295671932746582,0.0,-0.050283178181251637,False,0.0,0.0,0.0,0.0,0.18319383237828069,0.18238184900170476,2.39,-2.9,0.0,0.0,0.0,-0.0,
1791373246.9102404,balance,0.0669151904510482,-0.017964134737673502,0.032784327018109446,-0.258736745343126,-0.030884042495189015,0.003246820937749734,0.1741886062767826,-0.04046798181775904,0.0,-0.05067307095278184,False,0.0,0.0,0.0,0.0,0.18319383237828069,0.18238184900170476,2.4,-2.91,0.0,0.0,0.0,-0.0,
1791373246.920242,balance,0.06494664983188124,-0.017661329139570914,0.0307685500352098,-0.15979307115081973,-0.030884042495189015,0.003294057301482425,0.1741886062767826,-0.03586605700530228,0.0,-0.05105118973119469,False,0.0,0.0,0.0,0.0,0.18319383237828069,0.18238184900170476,2.38,-2.9,0.0,0.0,0.0,-0.0,
1791373246.930227,balance,0.06367221539989436,-0.017708796930988754,0.029494115603222917,-0.11185641449134785,-0.030884042495189015,0.003294057301482425,0.1741886062767826,-0.02595350994582198,0.0,-0.05133257670390305,False,0.0,0.0,0.0,0.0,0.18319383237828069,0.18238184900170476,2.39,-2.89,0.0,0.0,0.0,-0.0,
1791373246.940267,balance,0.062270402249991384,-0.017556782848714154,0.028049243492957156,-0.15677571835640866,-0.030884042495189015,0.0033371162618452115,0.1741886062767826,-0.030710386993484703,0.0,-0.05162295658505731,False,0.0,0.0,0.0,0.0,0.18319383237828069,0.18238184900170476,2.38,-2.91,0.0,0.0,0.0,-0.0,
1791373246.9502413,balance,0.06077530271607312,-0.01771454559851804,0.026554143959038892,-0.1295241207366532,-0.030884042495189015,0.0033371162618452115,0.1741886062767826,-0.030476607590813887,0.0,-0.05194066164677427,False,0.0,0.0,0.0,0.0,0.18319383237828069,0.18238184900170476,2.4,-2.9,0.0,0.0,0.0,-0.0,
1791373246.9602563,balance,0.059633713702660046,-0.01771745234230414,0.025412554945625818,-0.12658648277749973,-0.030884042495189015,0.0033371162618452115,0.1741886062767826,-0.023988318259415182,0.0,-0.0521920353116552,False,0.0,0.0,0.0,0.0,0.18319383237828069,0.18238184900170476,2.39,-2.92,0.0,0.0,0.0,-0.0,
1791373246.970242,balance,0.05816082047906126,-0.017468182240638078,0.0238669591281103,-0.15768318699171244,-0.030884042495189015,0.003409818855761944,0.1741886062767826,-0.025028213039850998,0.0,-0.05243963075470505,False,0.0,0.0,0.0,0.0,0.18319383237828069,0.18238184900170476,2.38,-2.9,0.0,0.0,0.0,-0.0,
1791373246.9802601,balance,0.05671858502209529,-0.017687785365268917,0.022356669206457937,-0.14066325922776146,-0.030884042495189015,0.0034778733204483426,0.1741886062767826,-0.022953421864726316,0.0,-0.05267306167994786,False,0.0,0.0,0.0,0.0,0.18319383237828069,0.18238184900170476,2.39,-2.9,0.0,0.0,0.0,-0.0,
1791373246.9902534,balance,0.055241536873024494,-0.017639572066218544,0.020879621057387138,-0.14316461813775033,-0.030884042495189015,0.0034778733204483426,0.1741886062767826,-0.030369863720718718,0.0,-0.052962132588328104,False,0.0,0.0,0.0,0.0,0.18319383237828069,0.18238184900170476,2.38,-2.9,0.0,0.0,0.0,-0.0,
1791373247.0003,balance,0.05431357024479061,-0.017563948675071123,0.019951654429153254,-0.046489531499031,-0.030884042495189015,0.0034778733204483426,0.1741886062767826,-0.021723629610245605,0.0,-0.05320814003998102,False,0.0,0.0,0.0,0.0,0.18319383237828069,0.18238184900170476,2.38,-2.91,0.0,0.0,0.0,-0.0,
1791373247.0102534,balance,0.053617614994728086,-0.017612488397320936,0.01925569917909073,-0.11298232849248409,-0.030884042495189015,0.0034778733204483426,0.1741886062767826,-0.014172689511170358,0.0,-0.05336075726374421,False,0.0,0.0,0.0,0.0,0.18319383237828069,0.18238184900170476,2.41,-2.9,0.0,0.0,0.0,-0.0,
1791373247.0202794,balance,0.05197202972757873,-0.01728981445678197,0.017610113911941373,-0.19279356441846973,-0.030884042495189015,0.0034778733204483426,0.1741886062767826,-0.022908347513134714,0.0,-0.053565473752137924,False,0.0,0.0,0.0,0.0,0.18319383237828069,0.18238184900170476,2.39,-2.89,0.0,0.0,0.0,-0.0,
1791373247.03024,balance,0.05026570380805336,-0.017399818716494472,0.015903787992416006,-0.1380555754619787,-0.030884042495189015,0.0034778733204483426,0.1741886062767826,-0.02221874436285816,0.0,-0.053799718965103535,False,0.0,0.0,0.0,0.0,0.18319383237828069,0.18238184900170476,2.4,-2.89,0.0,0.0,0.0,-0.0,
1791373247.0402663,balance,0.04930424837936094,-0.017562338407611136,0.014942332563723583,-0.06406038870021144,-0.030884042495189015,0.0034778733204483426,0.1741886062767826,-0.01688818448313159,0.0,-0.05398472854183002,False,0.0,0.0,0.0,0.0,0.18319383237828069,0.18238184900170476,2.38,-2.9,0.0,0.0,0.0,-0.0,
1791373247.050255,balance,0.04871484827839952,-0.017672820031374405,0.014331403064068016,-0.05861299959798948,-0.030884042495189015,0.003499402719142486,0.1741886062767826,-0.01264784155130784,0.0,-0.05411828006361593,False,0.0,0.0,0.0,0.0,0.18319383237828069,0.18238184900170476,2.39,-2.9,0.0,0.0,0.0,-0.0,
1791373247.0602684,balance,0.047891970034883005,-0.01778052990509623,0.013467504728685027,-0.08362164307703333,-0.030884042495189015,0.0035404228110089636,0.1741886062767826,-0.012180170832004324,0.0,-0.05424161148127582,False,0.0,0.0,0.0,0.0,0.18319383237828069,0.18238184900170476,2.38,-2.9,0.0,0.0,0.0,-0.0,
1791373247.0702412,balance,0.047054556144369084,-0.01787472008935039,0.012591749212639823,-0.07608063220645124,-0.030884042495189015,0.0035787644365402444,0.1741886062767826,-0.01085350302899119,0.0,-0.054351168331812486,False,0.0,0.0,0.0,0.0,0.18319383237828069,0.18238184900170476,2.38,-2.9,0.0,0.0,0.0,-0.0,
1791373247.0802398,balance,0.04617569843726225,-0.018067031216162155,0.011712891505532988,-0.08008101516314237,-0.030884042495189015,0.0035787644365402444,0.1741886062767826,-0.018609844032475176,0.0,-0.05451971463760403,False,0.0,0.0,0.0,0.0,0.18319383237828069,0.18238184900170476,2.38,-2.91,0.0,0.0,0.0,-0.0,
1791373247.0902445,balance,0.04576860346540712,-0.0182577666025949,0.011288763515991776,0.002225252277048891,-0.030884042495189015,0.0035957974542263297,0.1741886062767826,-0.01505489328523258,0.0,-0.054683840607954136,False,0.0,0.0,0.0,-0.09285714285714286,0.18319383237828069,0.18238184900170476,2.39,-2.91,0.0,-0.65,0.0,0.5118110236220472,
1791373247.1002712,balance,0.04591229523037787,-0.018292012970977135,0.011415375891235398,0.009508139233822837,-0.030884042495189015,0.003612876843953455,0.1741886062767826,-0.016589243349060073,0.0,-0.05483809298464407,False,0.0,0.0,0.0,0.0,0.18319383237828069,0.18238184900170476,2.39,-2.91,0.0,0.0,0.0,-0.0,
1791373247.1102586,balance,0.04595953956575722,-0.01807217434823593,0.01146262022661475,0.009946444070139872,-0.030884042495189015,0.003612876843953455,0.1741886062767826,-0.022338505795296292,0.0,-0.05504987555589809,False,0.0,0.0,0.0,0.0,0.18319383237828069,0.18238184900170476,2.38,-2.9,0.0,0.0,0.0,-0.0,
1791373247.1202693,balance,0.04635581929124725,-0.01806341440208518,0.011841421872252015,0.051532547996505876,-0.030884042495189015,0.003630354923806218,0.1741886062767826,-0.01714829938411347,0.0,-0.05523985417626637,False,0.0,0.0,0.0,0.0,0.18319383237828069,0.18238184900170476,2.4,-2.89,0.0,0.0,0.0,-0.0,
1791373247.130241,balance,0.046691396648096815,-0.017920383154881026,0.012176999229101582,-0.0075077099630578474,-0.030884042495189015,0.003630354923806218,0.1741886062767826,-0.010634961572948468,0.0,-0.05535954635248879,False,0.0,0.0,0.0,0.0,0.18319383237828069,0.18238184900170476,2.38,-2.9,0.0,0.0,0.0,-0.0,
1791373247.1402678,balance,0.046202484290690335,-0.0177934464347635,0.011652650333514047,-0.07316578961625483,-0.030884042495189015,0.003665791461987273,0.1741886062767826,-0.008338165333001826,0.0,-0.055447897970498886,False,0.0,0.0,0.0,0.0,0.18319383237828069,0.18238184900170476,2.42,-2.9,0.0,0.0,0.0,-0.0,
1791373247.1502328,balance,0.04530621922574932,-0.017636120447349433,0.010723546127445744,-0.10045475244976296,-0.030884042495189015,0.003698630603114558,0.1741886062767826,-0.006566812942859467,0.0,-0.05551880215002935,False,0.0,0.0,0.0,0.0,0.18319383237828069,0.18238184900170476,2.38,-2.9,0.0,0.0,0.0,-0.0,
1791373247.1602461,balance,0.04458576826409373,-0.017459055137923063,0.010003095165790158,-0.06212764873836702,-0.030884042495189015,0.003698630603114558,0.1741886062767826,0.0010086510523445388,0.0,-0.055520866578689015,False,0.0,0.0,-0.09285714285714286,0.0,0.18319383237828069,0.18238184900170476,2.41,-2.9,-0.65,0.0,-0.5118110236220472,-0.0,
1791373247.1702833,balance,0.04368323728283638,-0.017424284320175072,0.009100564184532806,-0.1014870684932217,-0.030884042495189015,0.003698630603114558,0.1741886062767826,-0.006893941648729532,0.0,-0.05556797223777042,False,0.0,0.0,0.0,0.0,0.18319383237828069,0.18238184900170476,2.37,-2.88,0.0,0.0,0.0,-0.0,
1791373247.1802318,balance,0.04358098674103313,-0.017321780487566135,0.008985092945609105,0.07128119725096205,-0.030884042495189015,0.003711851300235013,0.1741886062767826,-0.0038065954880830075,0.0,-0.055620711222374344,False,0.0,0.0,0.0,0.0,0.18319383237828069,0.18238184900170476,2.38,-2.9,0.0,0.0,0.0,-0.0,
1791373247.1902611,balance,0.04454895247188478,-0.017220387262765955,0.009938129088446058,0.10323212923733456,-0.030884042495189015,0.003726780888249704,0.1741886062767826,-0.0002128480568861081,0.0,-0.055627871948725545,False,0.0,0.0,0.09285714285714286,0.0,0.18319383237828069,0.18238184900170476,2.38,-2.9,0.65,0.0,0.5118110236220472,-0.0,
1791373247.2002661,balance,0.04567896943596493,-0.01689873335758252,0.011052260681273653,0.1208365671289911,-0.030884042495189015,0.0037426662595022612,0.1741886062767826,0.005304548994033553,0.0,-0.055595142136341674,False,0.0,0.0,0.0,0.0,0.18319383237828069,0.18238184900170476,2.38,-2.92,0.0,0.0,0.0,-0.0,
1791373247.2102628,balance,0.04628236551900361,-0.01723373331418732,0.011638257778847813,-0.013715836714585221,-0.030884042495189015,0.003760065244966781,0.1741886062767826,0.0017354998103836562,0.0,-0.05555783429903986,False,0.0,0.0,0.0,0.0,0.18319383237828069,0.18238184900170476,2.39,-2.91,0.0,0.0,0.0,-0.0,
1791373247.2202973,balance,0.045848428979835994,-0.017376165041556854,0.011204321239680197,-0.031246322588218932,-0.030884042495189015,0.003760065244966781,0.1741886062767826,-0.004605764494750682,0.0,-0.05559337743094687,False,0.0,0.0,0.0,0.0,0.18319383237828069,0.18238184900170476,2.4,-2.9,0.0,0.0,0.0,-0.0,
1791373247.2302449,balance,0.046047542142438905,-0.017133198432703427,0.011386578432208293,0.04782059125469318,-0.030884042495189015,0.003776921215041596,0.1741886062767826,-0.0004296873846215378,0.0,-0.05561267204854203,False,0.0,0.0,0.0,0.09285714285714286,0.18319383237828069,0.18238184900170476,2.39,-2.9,0.0,0.65,0.0,-0.5118110236220472,
1791373247.2402577,balance,0.046692090031464725,-0.01701880624965283,0.012031126321234114,0.09493779161948755,-0.030884042495189015,0.003776921215041596,0.1741886062767826,0.006760932926697558,0.0,-0.05556755851595958,False,0.0,0.0,0.0,0.0,0.18319383237828069,0.18238184900170476,2.38,-2.9,0.0,0.0,0.0,-0.0,
1791373247.250238,balance,0.04772566441547438,-0.01695543090596319,0.013045103654185902,0.07488766554066163,-0.030884042495189015,0.0037965182660994615,0.1741886062767826,0.012424393567680424,0.0,-0.05544678324877384,False,0.0,0.0,0.0,0.0,0.18319383237828069,0.18238184900170476,2.38,-2.92,0.0,0.0,0.0,-0.0,
1791373247.2602415,balance,0.0479299700438457,-0.0171743237947208,0.013249409282557224,0.004511869241833781,-0.030884042495189015,0.0037965182660994615,0.1741886062767826,0.002257140348292564,0.0,-0.05539684469641741,False,0.0,0.0,0.0,0.0,0.18319383237828069,0.18238184900170476,2.35,-2.89,0.0,0.0,0.0,-0.0,
1791373247.27026,balance,0.04863686676211738,-0.0172025528762786,0.013956306000828901,0.12408976897737575,-0.030884042495189015,0.0037965182660994615,0.1741886062767826,0.0032918371752073614,0.0,-0.05537696591932777,False,0.0,0.0,0.0,0.0,0.18319383237828069,0.18238184900170476,2.4,-2.9,0.0,0.0,0.0,-0.0,
1791373247.2802987,balance,0.05012477840880894,-0.016636165504038937,0.015444217647520464,0.16043866973313695,-0.030884042495189015,0.0037965182660994615,0.1741886062767826,0.02212498281722719,0.0,-0.05519358959466802,False,0.0,0.0,0.0,0.0,0.18319383237828069,0.18238184900170476,2.37,-2.91,0.0,0.0,0.0,-0.0,
1791373247.290261,balance,0.050743576192469164,-0.016863800446283248,0.01606301543118069,-0.020873978852747055,-0.030884042495189015,0.0037965182660994615,0.1741886062767826,0.008754393493470153,0.0,-0.055062366248517465,False,0.0,0.0,0.0,0.0,0.18319383237828069,0.18238184900170476,2.37,-2.91,0.0,0.0,0.0,-0.0,
1791373247.300269,balance,0.051043903898182065,-0.017227389742443526,0.016339273988875327,0.10553628488877873,-0.030884042495189015,0.003820587414117722,0.1741886062767826,0.01017823043019723,0.0,-0.05497156289569721,False,0.0,0.0,0.0,0.0,0.18319383237828069,0.18238184900170476,2.38,-2.91,0.0,0.0,0.0,-0.0,
1791373247.3102577,balance,0.052543766894596416,-0.016980637935650623,0.01778667012106515,0.1722618014035061,-0.030884042495189015,0.0038730542783422545,0.1741886062767826,0.010259649042004989,0.0,-0.05486552168048198,False,0.0,0.0,0.0,0.09285714285714286,0.18319383237828069,0.18238184900170476,2.38,-2.91,0.0,0.65,0.0,-0.5118110236220472,
1791373247.3202817,balance,0.05477096378263457,-0.01667205559992762,0.0200138670091033,0.26118181580556227,-0.030884042495189015,0.0038730542783422545,0.1741886062767826,0.01697214716719836,0.0,-0.054714163246090845,False,0.0,0.0,0.09285714285714286,0.09285714285714286,0.18319383237828069,0.18238184900170476,2.4,-2.91,0.65,0.65,0.5118110236220472,-0.5118110236220472,
1791373247.3302448,balance,0.057210723126967886,-0.016607281545116377,0.022387652069230678,0.20685104823744904,-0.030884042495189015,0.0039390285625481945,0.1741886062767826,0.018582759354608378,0.0,-0.0545342915697742,False,0.0,0.0,0.0,0.09285714285714286,0.18319383237828069,0.18238184900170476,2.38,-2.9,0.0,0.65,0.0,-0.5118110236220472,
1791373247.3402424,balance,0.05886593231194324,-0.016906225398219805,0.02404286125420603,0.1489689020282886,-0.030884042495189015,0.0039390285625481945,0.1741886062767826,0.01268560948202673,0.0,-0.0543955380674708,False,0.0,0.0,0.0,0.0,0.18319383237828069,0.18238184900170476,2.37,-2.92,0.0,0.0,0.0,-0.0,
1791373247.3502457,balance,0.06048161560629618,-0.016933557515377565,0.02562109495921652,0.1797866153948001,-0.030884042495189015,0.003976478151890649,0.1741886062767826,0.01519413094783257,0.0,-0.054252310128241,False,0.0,0.0,0.0,0.0,0.18319383237828069,0.18238184900170476,2.39,-2.91,0.0,0.0,0.0,-0.0,
1791373247.3602717,balance,0.0625093060215339,-0.016605967628629346,0.027648785374454237,0.2140987079959919,-0.030884042495189015,0.003976478151890649,0.1741886062767826,0.02502346942806218,0.0,-0.05401737383870517,False,0.0,0.0,0.0,0.0,0.18319383237828069,0.18238184900170476,2.41,-2.88,0.0,0.0,0.0,-0.0,
1791373247.3702369,balance,0.0642429491110552,-0.016362091084062145,0.029338354821279573,0.14618559360410524,-0.030884042495189015,0.0040205517945866125,0.1741886062767826,0.028370370195213896,0.0,-0.053734984487591016,False,0.0,0.0,0.0,0.0,0.18319383237828069,0.18238184900170476,2.39,-2.89,0.0,0.0,0.0,-0.0,
1791373247.3802364,balance,0.06571602437374915,-0.0167318518682313,0.030765212938847566,0.15310507493233655,-0.030884042495189015,0.004066768939712573,0.1741886062767826,0.031843622883261126,0.0,-0.053422492878608376,False,0.0,0.0,0.0,0.09285714285714286,0.18319383237828069,0.18238184900170476,2.4,-2.9,0.0,0.65,0.0,-0.5118110236220472,
1791373247.3902702,balance,0.06730618082501394,-0.01682519153348133,0.032355369390112354,0.17004560516731182,-0.030884042495189015,0.004066768939712573,0.1741886062767826,0.04325898866262566,0.0,-0.05302238574777483,False,0.0,0.0,0.0,0.09285714285714286,0.18319383237828069,0.18238184900170476,2.38,-2.91,0.0,0.65,0.0,-0.5118110236220472,
1791373247.4002693,balance,0.06886428129140473,-0.016656095128724163,0.03386259965171839,0.1286195069367863,-0.030884042495189015,0.0041176391444973275,0.1741886062767826,0.046729722287846484,0.0,-0.05255600456514944,False,0.0,0.0,0.09285714285714286,0.09918979295934932,0.18319383237828069,0.18238184900170476,2.39,-2.9,0.65,0.6943285507154453,0.5118110236220472,-0.5467153942641302,
1791373247.4102435,balance,0.06997463625565527,-0.016449748172455897,0.03497295461596892,0.12816783032540313,-0.030884042495189015,0.0041176391444973275,0.1741886062767826,0.04870423246409115,0.0,-0.05208665548417037,False,0.0,0.0,0.10858288155954286,0.0,0.18319383237828069,0.18238184900170476,2.38,-2.91,0.7600801709168,0.0,0.5984883235565355,-0.0,
1791373247.420276,balance,0.07171171299829628,-0.016562623287762965,0.03671003135860993,0.17454250439614377,-0.030884042495189015,0.0041176391444973275,0.1741886062767826,0.06916516941623481,0.0,-0.051454180250952906,False,0.0,0.0,0.09285714285714286,0.0,0.18319383237828069,0.18238184900170476,2.4,-2.91,0.65,0.0,0.5118110236220472,-0.0,
1791373247.4302373,balance,0.07279578068757524,-0.016582132541327326,0.03779409904788889,0.006286538120230831,-0.030884042495189015,0.0041176391444973275,0.1741886062767826,0.09258112878156141,0.0,-0.05057024172180549,False,0.0,0.0,0.09285714285714286,0.09285714285714286,0.18319383237828069,0.18238184900170476,2.41,-2.95,0.65,0.65,0.5118110236220472,-0.5118110236220472,
1791373247.4402602,balance,0.07097162289947592,-0.016495942703292008,0.03596994125978958,-0.2891937351552789,-0.030884042495189015,0.0041176391444973275,0.1741886062767826,0.08856075616890265,0.0,-0.04966814233280808,False,0.0,0.0,0.09285714285714286,0.10124808442213895,0.18319383237828069,0.18238184900170476,2.38,-2.89,0.65,0.7087365909549727,0.5118110236220472,-0.5580603078385611,
1791373247.4502413,balance,0.06883270131104229,-0.01622508499929607,0.033820609976261594,-0.1325397398175638,-0.030894452190283365,0.0041176391444973275,0.17411179510010205,0.09697690762423028,0.0,-0.048746083231110224,False,0.0,0.0,0.0,0.0,0.18299090309463303,0.18238184900170476,2.44,-2.88,0.0,0.0,0.0,-0.0,
1791373247.460257,balance,0.06859425113495761,-0.015537608414135425,0.03358215980017692,0.027238594874468135,-0.030894452190283365,0.0041176391444973275,0.17411179510010205,0.12794183869332978,0.0,-0.04753391868690425,False,0.0,0.0,0.09285714285714286,0.09285714285714286,0.18299090309463303,0.18238184900170476,2.52,-2.93,0.65,0.65,0.5118110236220472,-0.5118110236220472,
1791373247.4702334,balance,0.06795356966608743,-0.01592098677310644,0.032941478331306735,-0.13685045594193765,-0.030894452190283365,0.0041176391444973275,0.17411179510010205,0.14376034527743106,0.0,-0.04614120184447007,False,0.0,0.0,0.09285714285714286,0.09285714285714286,0.18299090309463303,0.18238184900170476,2.49,-2.89,0.65,0.65,0.5118110236220472,-0.5118110236220472,
1791373247.4802523,balance,0.06577428134063289,-0.01594237241622919,0.030772599700946545,-0.26816480287191014,-0.030884042495189015,0.0041176391444973275,0.1741886062767826,0.14419704244908904,0.0,-0.04469840188260205,False,0.0,0.0,0.0,0.09285714285714286,0.18319383237828069,0.18238184900170476,2.45,-2.91,0.0,0.65,0.0,-0.5118110236220472,
1791373247.4902613,balance,0.06317787845145618,-0.016203806065273198,0.028176196811769843,-0.23123464450922157,-0.030884042495189015,0.0041176391444973275,0.1741886062767826,0.15413221566169732,0.0,-0.04318498266300358,False,0.0,0.0,0.09285714285714286,0.0,0.18319383237828069,0.18238184900170476,2.34,-2.9,0.65,0.0,0.5118110236220472,-0.0,
1791373247.5002356,balance,0.06066864032752955,-0.016001432724175816,0.025666958687843206,-0.2447086321922536,-0.030884042495189015,0.0041176391444973275,0.1741886062767826,0.1715381423704881,0.0,-0.04151585374133559,False,0.0,0.0,0.09285714285714286,0.09285714285714286,0.18319383237828069,0.18238184900170476,2.38,-2.91,0.65,0.65,0.5118110236220472,-0.5118110236220472,
1791373247.5102336,balance,0.05807200953960141,-0.015502445199740887,0.023058692196193394,-0.29495551145835586,-0.030895678198910693,0.0041176391444973275,0.17411175547250946,0.18064789892398758,0.0,-0.03972723476365028,False,0.0,0.0,0.0,0.09285714285714286,0.18319383237828069,0.18217878140490432,2.39,-3.08,0.0,0.65,0.0,-0.5118110236220472,
1791373247.520268,balance,0.05542618995123416,-0.015053684503090366,0.02042450831154782,-0.2510919262584854,-0.030884042495189015,0.0041176391444973275,0.1741886062767826,0.1855396732271789,0.0,-0.037884359350914394,False,0.0,0.0,0.0,0.0,0.18319383237828069,0.18238184900170476,2.42,-2.98,0.0,0.0,0.0,-0.0,
1791373247.53023,balance,0.052957491467337095,-0.014162829847141716,0.017955809827650753,-0.2671629524511864,-0.030884042495189015,0.0041176391444973275,0.1741886062767826,0.1869507935056401,0.0,-0.03601102281079327,False,0.0,0.0,0.0,0.09285714285714286,0.18319383237828069,0.18238184900170476,2.4,-2.9,0.0,0.65,0.0,-0.5118110236220472,
1791373247.5402632,balance,0.05042274142790341,-0.01414773413572645,0.015421059788217065,-0.20117107880659943,-0.030884042495189015,0.0041176391444973275,0.1741886062767826,0.18780018859553294,0.0,-0.03414830828295881,False,0.0,0.0,0.0,0.09285714285714286,0.18319383237828069,0.18238184900170476,2.35,-2.89,0.0,0.65,0.0,-0.5118110236220472,
1791373247.5502307,balance,0.048836743853731,-0.014054340156577323,0.013823426510322978,-0.12679585207233907,-0.030895678198910693,0.0041176391444973275,0.17411175547250946,0.1889924303845178,0.0,-0.03226484105546986,False,0.0,0.0,0.0,0.0,0.18319383237828069,0.18217878140490432,2.35,-2.91,0.0,0.0,0.0,-0.0,
1791373247.560235,balance,0.047818548730692245,-0.013653506917555416,0.012815641625374522,-0.06470287455195702,-0.030885267960820396,0.0041176391444973275,0.17418856664696789,0.18904520851739734,0.0,-0.030363832312258688,False,0.0,0.0,0.09285714285714286,0.09285714285714286,0.18339669919636176,0.18217878140490432,2.27,-3.04,0.65,0.65,0.5118110236220472,-0.5118110236220472,
1791373247.5702302,balance,0.046667781446345306,-0.013276970182920532,0.011664874341027583,-0.13789436233191935,-0.030885267960820396,0.0041176391444973275,0.17418856664696789,0.1914194389749452,0.0,-0.028465566359823925,False,0.0,0.0,0.09285714285714286,0.09285714285714286,0.18339669919636176,0.18217878140490432,2.25,-3.04,0.65,0.65,0.5118110236220472,-0.5118110236220472,
1791373247.5802398,balance,0.04525797946878273,-0.013087554210958835,0.010255072363465009,-0.19100744643616838,-0.030885267960820396,0.0041176391444973275,0.17418856664696789,0.19222342770399634,0.0,-0.026535076625500236,False,0.0,0.0,0.0,0.09285714285714286,0.18339669919636176,0.18217878140490432,2.31,-3.0300000000000002,0.0,0.65,0.0,-0.5118110236220472,
1791373247.5902624,balance,0.04308711226417759,-0.012275785534689233,0.008085430624491251,-0.20770712147740797,-0.030884042495189015,0.0041176391444973275,0.1741886062767826,0.18715933500554569,0.0,-0.02465386579750348,False,0.0,0.0,0.0,0.09285714285714286,0.18319383237828069,0.18238184900170476,2.35,-2.8000000000000003,0.0,0.65,0.0,-0.5118110236220472,
1791373247.6002734,balance,0.04182602558118031,-0.011492985805034817,0.006824343941493965,-0.10935446452795589,-0.030884042495189015,0.0041176391444973275,0.1741886062767826,0.20216214454604572,0.0,-0.022683053563748036,False,0.0,0.0,0.0,0.11554429269076233,0.18319383237828069,0.18238184900170476,2.47,-2.9,0.0,0.8088100488353362,0.0,-0.6368583061695561,
1791373247.6102455,balance,0.040357507687827254,-0.011256385316781827,0.005345416353046562,-0.16811068202347212,-0.030894452190283365,0.0041176391444973275,0.17411179510010205,0.20906576461540094,0.0,-0.020616445383268102,False,0.0,0.0,0.09285714285714286,0.0,0.18299090309463303,0.18238184900170476,2.45,-2.91,0.65,0.0,0.5118110236220472,-0.0,
1791373247.6203725,balance,0.03884364155740406,-0.011151325222816238,0.0038315502226233663,-0.13940981309764644,-0.030894452190283365,0.0041176391444973275,0.17411179510010205,0.2167296924197989,0.0,-0.018469905579964776,False,0.0,0.0,0.09285714285714286,0.0,0.18299090309463303,0.18238184900170476,2.5300000000000002,-2.98,0.65,0.0,0.5118110236220472,-0.0,
1791373247.6304104,balance,0.03642723494274493,-0.010697681875508328,0.0014139175993369063,-0.24240039722614617,-0.030895678198910693,0.0041176391444973275,0.17411175547250946,0.20981318979518382,0.0,-0.016356611481477018,False,0.0,0.0,0.0,0.0,0.18319383237828069,0.18217878140490432,2.46,-3.0500000000000003,0.0,0.0,0.0,-0.0,
1791373247.6402402,balance,0.034184269726954465,-0.009892187356764249,-0.0008290476164535552,-0.24469251072351744,-0.030895678198910693,0.0041176391444973275,0.17411175547250946,0.20589689619787896,0.0,-0.014280115351457397,False,0.0,0.0,0.0,0.0,0.18319383237828069,0.18217878140490432,2.39,-3.04,0.0,0.0,0.0,-0.0,
1791373247.6502416,balance,0.03240810850492514,-0.010051277609169894,-0.0025935731347612014,-0.11293768390377948,-0.030884042495189015,0.0041176391444973275,0.1741886062767826,0.20336170117980337,0.0,-0.012233120255586262,False,0.0,0.0,0.0,0.0,0.18319383237828069,0.18238184900170476,2.41,-2.74,0.0,0.0,0.0,-0.0,
1791373247.6602626,balance,0.03183837221884496,-0.009523161949933159,-0.003162083955767601,-0.0263196532284599,-0.030882817030115233,0.0041176391444973275,0.17418864590685898,0.2120255587036111,0.0,-0.010130404579981014,False,0.0,0.0,0.0,0.09285714285714286,0.18299090309463303,0.18258491659850523,2.49,-2.65,0.0,0.65,0.0,-0.5118110236220472,
1791373247.670268,balance,0.03155209727216137,-0.009505739589647332,-0.0034483589024511896,-0.09693027144135503,-0.030882817030115233,0.0041176391444973275,0.17418864590685898,0.21730819968061033,0.0,-0.007969486640868233,False,0.0,0.0,0.0,0.09856477654301393,0.18299090309463303,0.18258491659850523,2.54,-2.79,0.0,0.6899534358010975,0.0,-0.5432704218906279,
1791373247.6802545,balance,0.029707585817306294,-0.00937280763869934,-0.005292870357306267,-0.21808903707720065,-0.030882817030115233,0.0041176391444973275,0.17418864590685898,0.20519054630515204,0.0,-0.005894236180251829,False,0.0,0.0,0.0,0.09285714285714286,0.18299090309463303,0.18258491659850523,2.49,-2.7600000000000002,0.0,0.65,0.0,-0.5118110236220472,
1791373247.6902597,balance,0.028431490620377427,-0.009097203110281376,-0.0065585655782444486,-0.038741999145183406,-0.030872417054124548,0.0041176391444973275,0.17426545710461827,0.20446167109448005,0.0,-0.003860051596916292,False,0.0,0.0,0.0,0.0,0.18319383237828069,0.18258491659850523,2.46,-2.8000000000000003,0.0,0.0,0.0,-0.0,
1791373247.700268,balance,0.028107930509392916,-0.009362059516427103,-0.006882125689228959,-0.03742633736029983,-0.030872417054124548,0.0041176391444973275,0.17426545710461827,0.20540466749452724,0.0,-0.0017982845492927949,False,0.0,0.0,0.09285714285714286,0.0,0.18319383237828069,0.18258491659850523,2.38,-2.7600000000000002,0.65,0.0,0.5118110236220472,-0.0,
1791373247.7102704,balance,0.02763351361079413,-0.009136447906367732,-0.007356542587827746,-0.06324192397660103,-0.030872417054124548,0.0041176391444973275,0.17426545710461827,0.20566201394204447,0.0,0.00025760151012502625,False,0.0,0.0,0.0,0.0,0.18319383237828069,0.18258491659850523,2.37,-2.79,0.0,0.0,0.0,-0.0,
1791373247.7202501,balance,0.02672293910340205,-0.010032449284771233,-0.008267117095219826,-0.11503327899705024,-0.030872417054124548,0.0041176391444973275,0.17426545710461827,0.21138411007314564,0.0,0.002368336920189431,False,0.0,0.0,0.0,0.09285714285714286,0.18319383237828069,0.18258491659850523,2.42,-2.79,0.0,0.65,0.0,-0.5118110236220472,
1791373247.7302465,balance,0.025076903323661203,-0.010225168585835864,-0.009923552850951357,-0.19830608627261828,-0.030882817030115233,0.0041176391444973275,0.17418864590685898,0.2078798916699952,0.0,0.004454679202146925,False,0.0,0.0,0.0,0.09285714285714286,0.18299090309463303,0.18258491659850523,2.5500000000000003,-2.7600000000000002,0.0,0.65,0.0,-0.5118110236220472,
1791373247.7402663,balance,0.024028601425005076,-0.009793899676106825,-0.010971854749607483,-0.05996468080879925,-0.030882817030115233,0.0041176391444973275,0.17418864590685898,0.2137363313716088,0.0,0.006568846340123075,False,0.0,0.0,0.0,0.09285714285714286,0.18299090309463303,0.18258491659850523,2.59,-2.79,0.0,0.65,0.0,-0.5118110236220472,
1791373247.7502513,balance,0.023620109311009253,-0.010210897100419348,-0.011379146271474547,-0.019208153230613846,-0.030881616437986474,0.0041176391444973275,0.1741886847328451,0.22002318067609294,0.0,0.008746232719892808,False,0.0,0.0,0.0,0.09285714285714286,0.18278792047945228,0.18278790339163284,2.63,-2.63,0.0,0.65,0.0,-0.5118110236220472,
1791373247.7602437,balance,0.023258295188422463,-0.010971308552481495,-0.011742160986190096,-0.07067907077422199,-0.030882817030115233,0.0041176391444973275,0.17418864590685898,0.2212702187399365,0.0,0.010959828732253585,False,0.0,0.0,0.0,0.0,0.18299090309463303,0.18258491659850523,2.57,-2.88,0.0,0.0,0.0,-0.0,
1791373247.7702603,balance,0.022260078865338262,-0.011850804641765222,-0.012740377309274298,-0.10510174438009055,-0.030882817030115233,0.0041176391444973275,0.17418864590685898,0.2145049648169982,0.0,0.013130329111904841,False,0.0,0.0,0.09285714285714286,0.0,0.18299090309463303,0.18258491659850523,2.5,-2.79,0.65,0.0,0.5118110236220472,-0.0,
1791373247.7802377,balance,0.02095674264673679,-0.012195594662192319,-0.01404371352787577,-0.11697403368141625,-0.030882817030115233,0.0041176391444973275,0.17418864590685898,0.2121150008638447,0.0,0.01525413372607118,False,0.0,0.0,0.09285714285714286,0.09285714285714286,0.18299090309463303,0.18258491659850523,2.5100000000000002,-2.7800000000000002,0.65,0.65,0.5118110236220472,-0.5118110236220472,
1791373247.79024,balance,0.020304539642423146,-0.012855299137245238,-0.014695916532189414,-0.04297399483005872,-0.030882817030115233,0.0041176391444973275,0.17418864590685898,0.21991783310457874,0.0,0.01743036898823084,False,0.0,0.0,0.0,0.0,0.18299090309463303,0.18258491659850523,2.5500000000000003,-2.7800000000000002,0.0,0.0,0.0,-0.0,
1791373247.800261,balance,0.01993112955514002,-0.013332021720697822,-0.01506932661947254,-0.07831040472397398,-0.030882817030115233,0.0041176391444973275,0.17418864590685898,0.22257475667274737,0.0,0.019664460133134287,False,0.0,0.0,0.09285714285714286,0.09285714285714286,0.18299090309463303,0.18258491659850523,2.54,-2.7800000000000002,0.65,0.65,0.5118110236220472,-0.5118110236220472,
1791373247.8102517,balance,0.019157465756862793,-0.014356411114150121,-0.015842990417749767,-0.07632556832390047,-0.030882817030115233,0.0041176391444973275,0.17418864590685898,0.2294494984827907,0.0,0.02192505677754553,False,0.0,0.0,0.0,0.09285714285714286,0.18299090309463303,0.18258491659850523,2.52,-2.77,0.0,0.65,0.0,-0.5118110236220472,
1791373247.8202465,balance,0.017883747430032567,-0.015398863058228343,-0.017116708744579993,-0.16669527363142325,-0.030882817030115233,0.0041176391444973275,0.17418864590685898,0.2304898446115012,0.0,0.024226189451754806,False,0.0,0.0,0.09285714285714286,0.0,0.18299090309463303,0.18258491659850523,2.45,-2.8000000000000003,0.65,0.0,0.5118110236220472,-0.0,
1791373247.8302507,balance,0.016051330131312724,-0.015827327506996267,-0.01893872606730915,-0.15367023609523223,-0.030872417054124548,0.0041176391444973275,0.17426545710461827,0.22513557528784428,0.0,0.026482349602898383,False,0.0,0.0,0.09285714285714286,0.0,0.18319383237828069,0.18258491659850523,2.37,-2.8000000000000003,0.65,0.0,0.5118110236220472,-0.0,
1791373247.8402324,balance,0.014989197675844017,-0.01675238554449781,-0.020002083445336643,-0.04759384271450343,-0.030873641976683335,0.0041176391444973275,0.17426541747232188,0.2298641945525195,0.0,0.028763308719710175,False,0.0,0.0,0.1009224918828126,0.0,0.18339669919636176,0.18238184900170476,2.34,-2.83,0.7064574431796882,0.0,0.556265703291093,-0.0,
1791373247.8502316,balance,0.014933716030986649,-0.01774144452307417,-0.020057565090194015,0.010254244026615483,-0.030873641976683335,0.0041176391444973275,0.17426541747232188,0.23657610230451218,0.0,0.031123296547731476,False,0.0,0.0,0.0,0.09285714285714286,0.18339669919636176,0.18238184900170476,2.27,-2.98,0.0,0.65,0.0,-0.5118110236220472,
1791373247.8602405,balance,0.01488333866493536,-0.018877021855172833,-0.020118342974750982,-0.026038131347431517,-0.030884042495189015,0.0041176391444973275,0.1741886062767826,0.24247629754260303,0.0,0.0335366094800654,False,0.0,0.0,0.0,0.09285714285714286,0.18319383237828069,0.18238184900170476,2.2800000000000002,-2.92,0.0,0.65,0.0,-0.5118110236220472,
1791373247.8702848,balance,0.01415395473331971,-0.019625495268185855,-0.02085936261008831,-0.11626563509207476,-0.030895678198910693,0.0041176391444973275,0.17411175547250946,0.24133488154869548,0.0,0.03595730937048626,False,0.0,0.0,0.0,0.09285714285714286,0.18319383237828069,0.18217878140490432,2.38,-2.95,0.0,0.65,0.0,-0.5118110236220472,
1791373247.880245,balance,0.012446392448555303,-0.020468640751712428,-0.02256692489485272,-0.1968340546502214,-0.030895678198910693,0.0041176391444973275,0.17411175547250946,0.22908914826682578,0.0,0.03827034473051055,False,0.0,0.0,0.0,0.0,0.18319383237828069,0.18217878140490432,2.39,-3.04,0.0,0.0,0.0,-0.0,
1791373247.8902464,balance,0.011166866485347215,-0.02116602896927004,-0.02383604061997051,-0.05120951420386147,-0.030885267960820396,0.0041176391444973275,0.17418856664696789,0.2249382276268751,0.0,0.04051754985340871,False,0.0,0.0,0.0,0.0,0.18339669919636176,0.18217878140490432,2.31,-3.0700000000000003,0.0,0.0,0.0,-0.0,
1791373247.9002724,balance,0.011452388578814717,-0.02192449675672891,-0.02356215477377872,0.07786569176163721,-0.03089690420809611,0.0041176391444973275,0.17411171584517857,0.2407625881204375,0.0,0.04288574535552884,False,0.0,0.0,0.09285714285714286,0.0,0.18339669919636176,0.18197562665552244,2.19,-3.13,0.65,0.0,0.5118110236220472,-0.0,
1791373247.910257,balance,0.011611741935807862,-0.022277920174202867,-0.02339239063569887,-0.032266326194585984,-0.030886493427009405,0.0041176391444973275,0.1741885270174147,0.25087774889692727,0.0,0.045366985722469236,False,0.0,0.0,0.0,0.0,0.18359956601444283,0.18197562665552244,2.22,-3.25,0.0,0.0,0.0,-0.0,
1791373247.9202745,balance,0.010241916426023671,-0.022127422293917814,-0.02477385293631326,-0.20390373164000308,-0.030898130217839603,0.0041176391444973275,0.17411167621810938,0.2526927016200146,0.0,0.04790532373740742,False,0.0,0.0,0.0,0.0,0.18359956601444283,0.1817724031114216,2.1,-3.3200000000000003,0.0,0.0,0.0,-0.0,
1791373247.9302258,balance,0.008474180542665535,-0.022213049302815747,-0.026529952028841196,-0.13819448996015235,-0.030886493427009405,0.0041176391444973275,0.1741885270174147,0.24990567814536901,0.0,0.050418202565370676,False,0.0,0.0,0.0,0.0,0.18359956601444283,0.18197562665552244,2.13,-3.18,0.0,0.0,0.0,-0.0,
1791373247.9402583,balance,0.0075279014637831465,-0.022032383768705508,-0.027476231107723584,-0.08522996297498027,-0.030886493427009405,0.0041176391444973275,0.1741885270174147,0.2529579125687562,0.0,0.05294336496420656,False,0.0,0.0,0.0,0.0,0.18359956601444283,0.18197562665552244,2.1,-3.15,0.0,0.0,0.0,-0.0,
1791373247.9502308,balance,0.006786054468035031,-0.022380337011358043,-0.0282180781034717,-0.10052741586588104,-0.030886493427009405,0.0041176391444973275,0.1741885270174147,0.25300673794944883,0.0,0.05547695632759314,False,0.0,0.0,0.0,0.0,0.18359956601444283,0.18197562665552244,2.16,-3.17,0.0,0.0,0.0,-0.0,
1791373247.9602544,balance,0.005574286593564774,-0.022172926282787296,-0.029429845977941956,-0.11352042827723118,-0.030886493427009405,0.0041176391444973275,0.1741885270174147,0.24818538708352297,0.0,0.05796804500776073,False,0.0,0.0,0.0,0.0,0.18359956601444283,0.18197562665552244,2.11,-3.19,0.0,0.0,0.0,-0.0,
1791373247.9702537,balance,0.00447300699976423,-0.021403542797472377,-0.0305427623625727,-0.0899409231552307,-0.030898130217839603,0.0041176391444973275,0.17411167621810938,0.2510168986084496,0.0,0.06046988536289215,False,0.0,0.0,0.09285714285714286,0.0,0.18359956601444283,0.1817724031114216,2.13,-3.38,0.65,0.0,0.5118110236220472,-0.0,
1791373247.9802608,balance,0.003409791683848607,-0.02083050750478692,-0.03160597767848832,-0.10303324804610456,-0.030898130217839603,0.0041176391444973275,0.17411167621810938,0.24843201831826078,0.0,0.06296109448841479,False,0.0,0.0,0.09285714285714286,0.0,0.18359956601444283,0.1817724031114216,2.15,-3.2800000000000002,0.65,0.0,0.5118110236220472,-0.0,
1791373247.9902678,balance,0.0022121892059138084,-0.020337067156824994,-0.03280358015642312,-0.09748783384474347,-0.030898130217839603,0.0041176391444973275,0.17411167621810938,0.2457930647606477,0.0,0.06542865292771767,False,0.0,0.0,0.0,0.09285714285714286,0.18359956601444283,0.1817724031114216,2.11,-3.2800000000000002,0.0,0.65,0.0,-0.5118110236220472,
1791373248.000276,balance,0.0015073453729131893,-0.020105308457393535,-0.033496787198593544,-0.06603690002666035,-0.030886493427009405,0.0041176391444973275,0.1741885270174147,0.24574523867045678,0.0,0.06788602514162928,False,0.0,0.0,0.0,0.09285714285714286,0.18359956601444283,0.18197562665552244,2.18,-3.16,0.0,0.65,0.0,-0.5118110236220472,
1791373248.0102615,balance,0.0011411667948998787,-0.019276277990680282,-0.033861740310417845,-0.034792619197189616,-0.030885267960820396,0.0041176391444973275,0.17418856664696789,0.24846390017593403,0.0,0.07036183235891465,False,0.0,0.0,0.0,0.09285714285714286,0.18339669919636176,0.18217878140490432,2.18,-2.91,0.0,0.65,0.0,-0.5118110236220472,
1791373248.0203104,balance,0.0004154883356807687,-0.01863508213061492,-0.03458741876963695,-0.07401106407654268,-0.030885267960820396,0.0041176391444973275,0.17418856664696789,0.24217400727772312,0.0,0.07279093408819177,False,0.0,0.0,0.0,0.0,0.18339669919636176,0.18217878140490432,2.3000000000000003,-3.02,0.0,0.0,0.0,-0.0,
1791373248.030224,balance,-0.00016739711462743608,-0.017517657539738125,-0.03517030421994516,-0.021549339793742746,-0.030885267960820396,0.0041176391444973275,0.17418856664696789,0.2334116987380631,0.0,0.07514290242692236,False,0.0,0.0,0.09285714285714286,0.0,0.18339669919636176,0.18217878140490432,2.23,-3.0300000000000002,0.65,0.0,0.5118110236220472,-0.0,
1791373248.0402427,balance,0.0002602497073632828,-0.01660543957727966,-0.03474265739795444,0.10392985297497674,-0.030885267960820396,0.0041176391444973275,0.17418856664696789,0.23387274406650324,0.0,0.07747687151813946,False,0.0,0.0,0.09432460526193828,0.0,0.18339669919636176,0.18217878140490432,2.2600000000000002,-3.04,0.660272236833568,0.0,0.5198993990815496,-0.0,
1791373248.0502455,balance,0.0011098672072424808,-0.015849251297749535,-0.033893039898075246,0.06483877854484858,-0.030885267960820396,0.0041176391444973275,0.17418856664696789,0.2293816886415785,0.0,0.07978886394873881,False,0.0,0.0,0.0,0.0,0.18339669919636176,0.18217878140490432,2.3000000000000003,-3.0,0.0,0.0,0.0,-0.0,
1791373248.0602584,balance,0.0016025361111273954,-0.015331330829148952,-0.033410781232280626,0.039319779274905806,-0.030895678198910693,0.0041176391444973275,0.17411175547250946,0.22083631408816318,0.0,0.08202660899783441,False,0.0,0.0,0.09285714285714286,0.0,0.18319383237828069,0.18217878140490432,2.33,-2.96,0.65,0.0,0.5118110236220472,-0.0,
1791373248.0702598,balance,0.002222837264481868,-0.014961771519634418,-0.032789254070298826,0.09396049115542338,-0.030894452190283365,0.0041176391444973275,0.17411179510010205,0.21998380295045183,0.0,0.08422471547229607,False,0.0,0.0,0.0,0.0,0.18299090309463303,0.18238184900170476,2.5100000000000002,-2.71,0.0,0.0,0.0,-0.0,
1791373248.0802548,balance,0.0029511541535703176,-0.01397102432537921,-0.032049302021042246,0.038345388857719875,-0.030882817030115233,0.0041176391444973275,0.17418864590685898,0.2218193183657026,0.0,0.08644353014038937,False,0.0,0.0,0.09285714285714286,0.0,0.18299090309463303,0.18258491659850523,2.59,-2.66,0.65,0.0,0.5118110236220472,-0.0,
1791373248.090238,balance,0.003026272443632643,-0.013223634819114585,-0.031972983138851156,-0.010489509784522273,-0.030881616437986474,0.0041176391444973275,0.1741886847328451,0.21476748282806699,0.0,0.08860915731828604,False,0.0,0.0,0.09285714285714286,0.0,0.18278792047945228,0.18278790339163284,2.61,-2.64,0.65,0.0,0.5118110236220472,-0.0,
1791373248.1002872,balance,0.003127470907268402,-0.012987590611531383,-0.03186138523072823,0.05713677410706106,-0.030871216993499304,0.0041176391444973275,0.17426549593277932,0.21763672584519872,0.0,0.0907700797618556,False,0.0,0.0,0.10696752757195899,0.0,0.18299090309463303,0.18278790339163284,2.5300000000000002,-2.66,0.7487726930037129,0.0,0.5895847976407188,-0.0,
1791373248.110251,balance,0.0037111901494548947,-0.01314276416354039,-0.031289266025157664,0.07261213885614043,-0.030882817030115233,0.0041176391444973275,0.17418864590685898,0.22269157667147074,0.0,0.09298356563983977,False,0.0,0.0,0.09285714285714286,0.0,0.18299090309463303,0.18258491659850523,2.5100000000000002,-2.81,0.65,0.0,0.5118110236220472,-0.0,
1791373248.1202652,balance,0.0041303593901513835,-0.013274634760248616,-0.030868896192332417,0.010405538295344267,-0.030881616437986474,0.0041176391444973275,0.1741886847328451,0.23675906493198456,0.0,0.09531084654681687,False,0.0,0.0,0.09285714285714286,0.0,0.18278792047945228,0.18278790339163284,2.5500000000000003,-2.64,0.65,0.0,0.5118110236220472,-0.0,
1791373248.1302445,balance,0.003311535652524768,-0.013249301614808879,-0.031687719929959036,-0.1601157943578118,-0.030881616437986474,0.0041176391444973275,0.1741886847328451,0.23767848386883442,0.0,0.09769635798725228,False,0.0,0.0,0.0,0.0,0.18278792047945228,0.18278790339163284,2.66,-2.65,0.0,0.0,0.0,-0.0,
1791373248.140268,balance,0.0016578080358083584,-0.013818481862971212,-0.033341447546675444,-0.1554893061490294,-0.030881616437986474,0.0041176391444973275,0.1741886847328451,0.23962552835946183,0.0,0.10008935754434739,False,0.0,0.0,0.0,0.0,0.18278792047945228,0.18278790339163284,2.75,-2.59,0.0,0.0,0.0,-0.0,
1791373248.150261,balance,0.00044665335355748264,-0.014193686658360884,-0.0345642118699441,-0.0965554728962025,-0.030893226079004254,0.0041176391444973275,0.17411183473129244,0.2468998589862684,0.0,0.1025372338280025,False,0.0,0.0,0.0,0.0,0.18258493369347872,0.18278790339163284,2.7,-2.5500000000000003,0.0,0.0,0.0,-0.0,
1791373248.160248,balance,-0.00047709421165086633,-0.014332056400059584,-0.0354659503496475,-0.08567404486623274,-0.030871216993499304,0.0041176391444973275,0.17426549593277932,0.250822413725686,0.0,0.10503726888225247,False,0.0,0.0,0.09285714285714286,0.09285714285714286,0.18278792047945228,0.1829908860068136,2.71,-2.46,0.65,0.65,0.5118110236220472,-0.5118110236220472,
1791373248.1702397,balance,-0.0016005429483088934,-0.014781931993575031,-0.0365997985307927,-0.08709066756855934,-0.030881616437986474,0.0041176391444973275,0.1741886847328451,0.2472837240148775,0.0,0.10750426803808727,False,0.0,0.0,0.09285714285714286,0.0,0.18278792047945228,0.18278790339163284,2.5500000000000003,-2.5100000000000002,0.65,0.0,0.5118110236220472,-0.0,
1791373248.1802602,balance,-0.0021340637133335895,-0.015596026632970161,-0.037122919851330226,-0.02397386066124006,-0.030871216993499304,0.0041176391444973275,0.17426549593277932,0.25481071131233396,0.0,0.11002967308305293,False,0.0,0.0,0.09285714285714286,0.0,0.18299090309463303,0.18278790339163284,2.59,-2.69,0.65,0.0,0.5118110236220472,-0.0,
1791373248.1902444,balance,-0.002855451187923868,-0.01693154048418575,-0.0378443073259205,-0.11993049687952469,-0.030871216993499304,0.0041176391444973275,0.17426549593277932,0.2552694508373176,0.0,0.11259331675750964,False,0.0,0.0,0.09285714285714286,0.0,0.18299090309463303,0.18278790339163284,2.54,-2.7,0.65,0.0,0.5118110236220472,-0.0,
1791373248.2002382,balance,-0.004055797920883706,-0.017824551194308834,-0.039044654058880336,-0.10759531999063211,-0.030871216993499304,0.0041176391444973275,0.17426549593277932,0.2483660221519238,0.0,0.11509931189811344,False,0.0,0.0,0.0,0.09285714285714286,0.18299090309463303,0.18278790339163284,2.54,-2.63,0.0,0.65,0.0,-0.5118110236220472,
1791373248.2102365,balance,-0.004705664126530903,-0.018367986273862998,-0.03970612030114347,-0.02328020475428063,-0.030882817030115233,0.0041176391444973275,0.17418864590685898,0.24505632946647735,0.0,0.11754892838515447,False,0.0,0.0,0.0,0.09285714285714286,0.18299090309463303,0.18258491659850523,2.52,-2.64,0.0,0.65,0.0,-0.5118110236220472,
1791373248.2202666,balance,-0.00444509865167292,-0.01933046480641837,-0.039445554826285485,0.03733391496685114,-0.030882817030115233,0.0041176391444973275,0.17418864590685898,0.2469101901847533,0.0,0.1200068013325053,False,0.0,0.0,0.0,0.09285714285714286,0.18299090309463303,0.18258491659850523,2.47,-2.7600000000000002,0.0,0.65,0.0,-0.5118110236220472,
1791373248.2302442,balance,-0.0043136627677282996,-0.019751398921530376,-0.03931411894234086,-0.008818576836976276,-0.030882817030115233,0.0041176391444973275,0.17418864590685898,0.2406211887986127,0.0,0.12242650043190137,False,0.0,0.0,0.0,0.0,0.18299090309463303,0.18258491659850523,2.42,-2.84,0.0,0.0,0.0,-0.0,
1791373248.2402415,balance,-0.004470800360215546,-0.020460584875427876,-0.03946208148139621,0.005168529058382088,-0.030873641976683335,0.0041176391444973275,0.17426541747232188,0.23772136055982454,0.0,0.1248085687664194,False,0.0,0.0,0.0,0.0,0.18339669919636176,0.18238184900170476,2.2800000000000002,-2.89,0.0,0.0,0.0,-0.0,
1791373248.2502556,balance,-0.004627170220270648,-0.021865021688782526,-0.039630077325588375,-0.042545507527202625,-0.030885267960820396,0.0041176391444973275,0.17418856664696789,0.24494829800876647,0.0,0.12725074554331076,False,0.0,0.0,0.0,0.0,0.18339669919636176,0.18217878140490432,2.23,-3.0300000000000002,0.0,0.0,0.0,-0.0,
1791373248.26026,balance,-0.005478554499653463,-0.022641581216748818,-0.04048146160497119,-0.13621526420636285,-0.030885267960820396,0.0041176391444973275,0.17418856664696789,0.24200619660300707,0.0,0.12969211603352224,False,0.0,0.0,0.0,0.09285714285714286,0.18339669919636176,0.18217878140490432,2.25,-3.0700000000000003,0.0,0.65,0.0,-0.5118110236220472,
1791373248.270237,balance,-0.006526405260233398,-0.022891663898159373,-0.04152931236555112,-0.046022694697215906,-0.030885267960820396,0.0041176391444973275,0.17418856664696789,0.23963216486713568,0.0,0.1320847640932197,False,0.0,0.0,0.0,0.09285714285714286,0.18339669919636176,0.18217878140490432,2.2600000000000002,-3.0300000000000002,0.0,0.65,0.0,-0.5118110236220472,
1791373248.2802343,balance,-0.0063404444135103264,-0.022974588460522243,-0.04134335151882805,0.0347482385611577,-0.030885267960820396,0.0041176391444973275,0.17418856664696789,0.2472446192100602,0.0,0.13453202958788754,False,0.0,0.0,0.0,0.09285714285714286,0.18339669919636176,0.18217878140490432,2.29,-3.0500000000000003,0.0,0.65,0.0,-0.5118110236220472,
1791373248.2902381,balance,-0.006201015135285701,-0.02311348380918338,-0.04121555848787914,-0.016233637496334205,-0.03089690420809611,0.0041176391444973275,0.17411171584517857,0.24604540839442177,0.0,0.13699165944056474,False,0.0,0.0,0.09285714285714286,0.09285714285714286,0.18339669919636176,0.18197562665552244,2.22,-3.11,0.65,0.65,0.5118110236220472,-0.5118110236220472,
1791373248.300238,balance,-0.007027008241876792,-0.023224212955206682,-0.04203114081338353,-0.08948267179199572,-0.030886493427009405,0.0041176391444973275,0.1741885270174147,0.24094504895648758,0.0,0.13940042744671036,False,0.0,0.0,0.09285714285714286,0.0,0.18359956601444283,0.18197562665552244,2.13,-3.25,0.65,0.0,0.5118110236220472,-0.0,
1791373248.3102543,balance,-0.007812774990549737,-0.02337805140688282,-0.04281815749346105,-0.06769897479666966,-0.030887743358413988,0.0041176391444973275,0.1741884841143603,0.2448657106780562,0.0,0.14183484788037476,False,0.0,0.0,0.09285714285714286,0.0,0.18380227246209999,0.1817724031114216,2.0100000000000002,-3.42,0.65,0.0,0.5118110236220472,-0.0,
1791373248.3202605,balance,-0.008759184272790032,-0.0229671762225414,-0.04377738620072858,-0.11878868645998833,-0.030900562783441218,0.0041176391444973275,0.17411151360077726,0.24716303836387435,0.0,0.14430589953098422,False,0.0,0.0,0.0,0.0,0.18380227246209999,0.18156917099526568,2.0100000000000002,-3.41,0.0,0.0,0.0,-0.0,
1791373248.3302333,balance,-0.009788177047239888,-0.022054851976402993,-0.044793559550151206,-0.11987316503520341,-0.030887743358413988,0.0041176391444973275,0.1741884841143603,0.24242714915422378,0.0,0.14675604652090718,False,0.0,0.0,0.0,0.0,0.18380227246209999,0.1817724031114216,2.07,-3.17,0.0,0.0,0.0,-0.0,
1791373248.3402448,balance,-0.011071710908886914,-0.021771873000619908,-0.04606546633050725,-0.11081464940715977,-0.03087611627712301,0.0041176391444973275,0.17426533493470112,0.2383697484380846,0.0,0.1491487446641287,False,0.0,0.0,-0.09285714285714286,0.0,0.18380227246209999,0.18197562665552244,1.99,-3.21,-0.65,0.0,-0.5118110236220472,-0.0,
1791373248.350234,balance,-0.012084621700438721,-0.021727908352225364,-0.047088754271945456,-0.1405480236108737,-0.030886493427009405,0.0041176391444973275,0.1741885270174147,0.2311240865881236,0.0,0.1514885967952418,False,0.0,0.0,0.0,0.0,0.18359956601444283,0.18197562665552244,2.1,-3.13,0.0,0.0,0.0,-0.0,
1791373248.3602495,balance,-0.013662994058832048,-0.020230184887892966,-0.04866712663033878,-0.11531134625079803,-0.030886493427009405,0.0041176391444973275,0.1741885270174147,0.2178835927934489,0.0,0.15369598449557628,False,0.0,0.0,0.09285714285714286,0.0,0.18359956601444283,0.18197562665552244,2.08,-3.14,0.65,0.0,0.5118110236220472,-0.0,
1791373248.3702452,balance,-0.014720765948915375,-0.018666864686047398,-0.04971452137053572,-0.08168602217381862,-0.03087611627712301,0.0041176391444973275,0.17426533493470112,0.20965879346541255,0.0,0.1558053810380915,False,0.0,0.0,0.0,0.0,0.18380227246209999,0.18197562665552244,2.09,-3.15,0.0,0.0,0.0,-0.0,
1791373248.3802621,balance,-0.01539982432749917,-0.0175944751948983,-0.05039357974911951,-0.06478452481552278,-0.03087611627712301,0.0041176391444973275,0.17426533493470112,0.2037873971024739,0.0,0.1578672838706169,False,0.0,0.0,0.0,0.0,0.18380227246209999,0.18197562665552244,2.0100000000000002,-3.15,0.0,0.0,0.0,-0.0,
1791373248.3902588,balance,-0.01611171740585908,-0.016929394351476314,-0.05111584997736581,-0.07547274493082207,-0.030886493427009405,0.0041176391444973275,0.1741885270174147,0.20063945027630956,0.0,0.15989243083275065,False,0.0,0.0,0.0,0.0,0.18359956601444283,0.18197562665552244,2.04,-3.09,0.0,0.0,0.0,-0.0,
1791373248.400237,balance,-0.017121069091882858,-0.016022267206345257,-0.05211357513617945,-0.12922825644858577,-0.030874866899799264,0.0041176391444973275,0.17426537784028698,0.18712775538679352,0.0,0.16180615322435574,False,0.0,0.0,0.0,0.0,0.18359956601444283,0.18217878140490432,2.22,-2.87,0.0,0.0,0.0,-0.0,
1791373248.4102688,balance,-0.01820897728183156,-0.014898847589541627,-0.05320025840301223,-0.08807100835483235,-0.030873641976683335,0.0041176391444973275,0.17426541747232188,0.17167589017191373,0.0,0.16355448218436325,False,0.0,0.0,-0.09285714285714286,0.0,0.18339669919636176,0.18238184900170476,2.21,-2.81,-0.65,0.0,-0.5118110236220472,-0.0,
1791373248.4202983,balance,-0.01839713219492743,-0.013732596988504896,-0.053388413316108094,0.02731646040663261,-0.030873641976683335,0.0041176391444973275,0.17426541747232188,0.1636221877892877,0.0,0.16521160404419047,False,0.0,0.0,0.0,0.0,0.18339669919636176,0.18238184900170476,2.32,-2.9,0.0,0.0,0.0,-0.0,
1791373248.4302592,balance,-0.018161059752095976,-0.012216866652476416,-0.05316274139178232,0.023549111971284124,-0.030884042495189015,0.0041176391444973275,0.1741886062767826,0.14787664887692498,0.0,0.16672587701202232,False,0.0,0.0,0.0,0.0,0.18319383237828069,0.18238184900170476,2.37,-2.89,0.0,0.0,0.0,-0.0,
1791373248.4402418,balance,-0.017526503087232744,-0.011370648813125194,-0.05252818472691909,0.07652982032209003,-0.030884042495189015,0.0041176391444973275,0.1741886062767826,0.14030413471215647,0.0,0.16815088273533474,False,0.0,0.0,0.0,0.0,0.18319383237828069,0.18238184900170476,2.38,-2.9,0.0,0.0,0.0,-0.0,
1791373248.450237,balance,-0.01718494599473845,-0.010891697497298557,-0.0521866276344248,0.004530604230084828,-0.030884042495189015,0.0041176391444973275,0.1741886062767826,0.1214447027998489,0.0,0.1694252706532867,False,0.0,0.0,0.0,0.0,0.18319383237828069,0.18238184900170476,2.41,-2.86,0.0,0.0,0.0,-0.0,
1791373248.4602444,balance,-0.016675380089896386,-0.010092504398920548,-0.05166543628851827,0.09858194727114696,-0.030872417054124548,0.0041176391444973275,0.17426545710461827,0.11000042828045609,0.0,0.17055132088814717,False,0.0,0.0,0.0,0.0,0.18319383237828069,0.18258491659850523,2.47,-2.59,0.0,0.0,0.0,-0.0,
1791373248.4702525,balance,-0.015365087741656827,-0.009155741798451503,-0.05035394387965346,0.12894278352832642,-0.030871216993499304,0.0041176391444973275,0.17426549593277932,0.10152413480908085,0.0,0.1715916580469287,False,0.0,0.0,0.0,0.0,0.18299090309463303,0.18278790339163284,2.57,-2.57,0.0,0.0,0.0,-0.0,
1791373248.480256,balance,-0.014177036545729608,-0.008655769222367623,-0.049176292128213415,0.10693329510061991,-0.030881616437986474,0.0041176391444973275,0.1741886847328451,0.09197392317783819,0.0,0.17253456638174225,False,0.0,0.0,0.0,0.09285714285714286,0.18278792047945228,0.18278790339163284,2.5300000000000002,-2.6,0.0,0.65,0.0,-0.5118110236220472,
1791373248.4902427,balance,-0.013348444954481647,-0.0077279148895756785,-0.04832691081150305,0.08811209663024386,-0.03086082671252408,0.0041176391444973275,0.17434230715154347,0.07854158237165884,0.0,0.1733459508201253,False,0.0,0.0,0.0,-0.09285714285714286,0.18299090309463303,0.1829908860068136,2.58,-2.48,0.0,-0.65,0.0,0.5118110236220472,
1791373248.500236,balance,-0.012363636081750654,-0.0075429769952260195,-0.047342101938772065,0.11193459071974081,-0.03086082671252408,0.0041176391444973275,0.17434230715154347,0.063233998701433,0.0,0.17401965275532888,False,0.0,0.0,0.09285714285714286,0.0,0.18299090309463303,0.1829908860068136,2.5100000000000002,-2.5500000000000003,0.65,0.0,0.5118110236220472,-0.0,
1791373248.5102446,balance,-0.010739617388097493,-0.007465492625888874,-0.045718083245118904,0.24359891181943988,-0.03086082671252408,0.0041176391444973275,0.17434230715154347,0.06000070662182713,0.0,0.17460771649199272,False,0.0,0.0,0.0,-0.09285714285714286,0.18299090309463303,0.1829908860068136,2.47,-2.5100000000000002,0.0,-0.65,0.0,0.5118110236220472,
1791373248.5202675,balance,-0.007886599064577386,-0.007264916616593162,-0.04287545520257402,0.23592922138825834,-0.030871216993499304,0.0041176391444973275,0.17426549593277932,0.05889893566804345,0.0,0.17522051566790603,False,0.0,0.0,0.0,0.09285714285714286,0.18299090309463303,0.18278790339163284,2.54,-2.5300000000000002,0.0,0.65,0.0,-0.5118110236220472,
1791373248.5302267,balance,-0.0060836199348054745,-0.0075625269198779845,-0.04106208579182689,0.1454175486927327,-0.03086082671252408,0.0041176391444973275,0.17434230715154347,0.05101357510273568,0.0,0.17574234598921107,False,0.0,0.0,0.0,0.0,0.18299090309463303,0.1829908860068136,2.5300000000000002,-2.46,0.0,0.0,0.0,-0.0,
1791373248.5402305,balance,-0.00477853175856167,-0.007807657272986058,-0.03975699761558308,0.1070634723042804,-0.03086082671252408,0.0041176391444973275,0.17434230715154347,0.04609384907664176,0.0,0.17621788091215862,False,0.0,0.0,0.0,0.0,0.18299090309463303,0.1829908860068136,2.54,-2.54,0.0,0.0,0.0,-0.0,
1791373248.550255,balance,-0.004088846371230835,-0.007864147960882193,-0.03907770250922747,0.046404659761655094,-0.030871216993499304,0.0041176391444973275,0.17426549593277932,0.04166873674839884,0.0,0.17664574857294804,False,0.0,0.0,0.0,0.0,0.18278792047945228,0.1829908860068136,2.61,-2.5300000000000002,0.0,0.0,0.0,-0.0,
1791373248.560236,balance,-0.003439633798864867,-0.007948300001913017,-0.03841809965588627,0.09098301664199904,-0.03086082671252408,0.0041176391444973275,0.17434230715154347,0.029338408580631335,0.0,0.1769646133102193,False,0.0,0.0,0.0,0.0,0.18299090309463303,0.1829908860068136,2.61,-2.56,0.0,0.0,0.0,-0.0,
1791373248.5702353,balance,-0.0015032426786094459,-0.00858817340870569,-0.036435876894607526,0.26345184563535606,-0.030871216993499304,0.004061417222498776,0.17426549593277932,0.0335265558982222,0.0,0.17728501369443608,False,0.0,0.0,0.0,0.0,0.18299090309463303,0.18278790339163284,2.5,-2.54,0.0,0.0,0.0,-0.0,
1791373248.5802634,balance,0.0010632760402398596,-0.009134662344026392,-0.033818554138494585,0.23343470068540814,-0.030871216993499304,0.0040106131852351385,0.17426549593277932,0.03440836563771637,0.0,0.17763597854880783,False,0.0,0.0,0.09285714285714286,0.0,0.18299090309463303,0.18278790339163284,2.46,-2.68,0.65,0.0,0.5118110236220472,-0.0,
1791373248.5902448,balance,0.002821464419241573,-0.00949936895130036,-0.032060365759492865,0.11155603332606762,-0.030871216993499304,0.0040106131852351385,0.17426549593277932,0.022985135912109562,0.0,0.1778970325555259,False,0.0,0.0,0.0,0.0,0.18299090309463303,0.18278790339163284,2.46,-2.69,0.0,0.0,0.0,-0.0,
1791373248.600264,balance,0.003947974918393317,-0.010250978643057735,-0.03092346497936589,0.12505283712186405,-0.03086082671252407,0.0040106131852351385,0.17434230715154347,0.01653311944742511,0.0,0.1780727783563394,False,0.0,0.0,0.0,0.0,0.18319383237828069,0.18278790339163284,2.5,-2.68,0.0,0.0,0.0,-0.0,
1791373248.610228,balance,0.0054889496853964895,-0.010929915750864829,-0.029293379573552204,0.17769129979377754,-0.03086082671252407,0.0039215025464246255,0.17434230715154347,0.01515291467736083,0.0,0.17822738273717678,False,0.0,0.0,0.0,0.09285714285714286,0.18319383237828069,0.18278790339163284,2.37,-2.71,0.0,0.65,0.0,-0.5118110236220472,
1791373248.6202462,balance,0.007492934158993284,-0.011561748668746123,-0.027247184961224687,0.21430746164527234,-0.03086082671252407,0.003879292407693903,0.17434230715154347,0.01667876052797969,0.0,0.17838593028564265,False,0.0,0.0,0.0,0.0,0.18319383237828069,0.18278790339163284,2.4,-2.72,0.0,0.0,0.0,-0.0,
1791373248.630249,balance,0.009509707200603188,-0.011762261643069278,-0.02516519933740723,0.17452721558429019,-0.030872417054124548,0.0038024894838858715,0.17426545710461827,0.016799994736249973,0.0,0.17855926493055344,False,0.0,0.0,0.0,0.09285714285714286,0.18319383237828069,0.18258491659850523,2.39,-2.86,0.0,0.65,0.0,-0.5118110236220472,
1791373248.640238,balance,0.010793269477227868,-0.01233097380178348,-0.02384581460519138,0.10330279723593772,-0.030872417054124548,0.0037666670282946978,0.17426545710461827,0.013153004838867804,0.0,0.17869484735100136,False,0.0,0.0,0.0,0.0,0.18319383237828069,0.18258491659850523,2.38,-2.79,0.0,0.0,0.0,-0.0,
1791373248.6502278,balance,0.011754629346146852,-0.012908671445975742,-0.022849578604357504,0.08379552048885032,-0.030872417054124548,0.0037317908963798076,0.17426545710461827,0.009496788189159508,0.0,0.1788014213070453,False,0.0,0.0,0.0,0.0,0.18319383237828069,0.18258491659850523,2.38,-2.82,0.0,0.0,0.0,-0.0,
1791373248.6602414,balance,0.012575376753761981,-0.013273156170570571,-0.021973861395094135,0.0988246228683354,-0.030884042495189015,0.0036651956536671018,0.1741886062767826,0.008251753988177457,0.0,0.178883458542865,False,0.0,0.0,0.0,0.0,0.18319383237828069,0.18238184900170476,2.36,-2.85,0.0,0.0,0.0,-0.0,
1791373248.6702383,balance,0.013934624231075173,-0.013721401987658413,-0.020551918614023206,0.15618246422433857,-0.030884042495189015,0.003602500349909363,0.1741886062767826,0.009847440785667657,0.0,0.17897806902853688,False,0.0,0.0,0.0,0.0,0.18319383237828069,0.18238184900170476,2.37,-2.92,0.0,0.0,0.0,-0.0,
1791373248.6802387,balance,0.01557628908765118,-0.014009284936118707,-0.018881888376811026,0.17183168414901762,-0.030884042495189015,0.003574134969273192,0.1741886062767826,0.013521507226996137,0.0,0.17910637494341336,False,0.0,0.0,0.0,0.0,0.18319383237828069,0.18238184900170476,2.34,-2.92,0.0,0.0,0.0,-0.0,
1791373248.6902428,balance,0.01719354333413198,-0.014419678832059791,-0.01723789285249472,0.1259742085348852,-0.030884042495189015,0.0035473936914376856,0.1741886062767826,0.01272745333822543,0.0,0.17924509752742177,False,0.0,0.0,0.0,0.0,0.18319383237828069,0.18238184900170476,2.37,-2.95,0.0,0.0,0.0,-0.0,
1791373248.7002487,balance,0.018074787223273252,-0.014550665064171991,-0.016356648963353447,0.08995802853817118,-0.030884042495189015,0.0035473936914376856,0.1741886062767826,0.006528075232421383,0.0,0.17931949965855573,False,0.0,0.0,0.0,0.0,0.18319383237828069,0.18238184900170476,2.38,-2.9,0.0,0.0,0.0,-0.0,
1791373248.7102516,balance,0.019319384318671005,-0.014822889027197878,-0.015112051867955697,0.15115911065083226,-0.030884042495189015,0.0035473936914376856,0.1741886062767826,0.011180090017342867,0.0,0.1794179092581158,False,0.0,0.0,0.0,0.0,0.18319383237828069,0.18238184900170476,2.37,-2.92,0.0,0.0,0.0,-0.0,
1791373248.7206843,balance,0.020581533644330092,-0.01503727015432418,-0.013819305412624066,0.10953726421440463,-0.030895678198910693,0.003505160858043465,0.17411175547250946,0.009475579373456616,0.0,0.17951956836641905,False,0.0,0.0,0.09285714285714286,0.0,0.18319383237828069,0.18217878140490432,2.39,-3.0500000000000003,0.65,0.0,0.5118110236220472,-0.0,
1791373248.7302287,balance,0.021977336518403494,-0.014852071228987232,-0.012411866834828986,0.1490654246933722,-0.030884042495189015,0.003505160858043465,0.1741886062767826,0.014988240516611911,0.0,0.17965273036051432,False,0.0,0.0,0.0,0.0,0.18319383237828069,0.18238184900170476,2.31,-2.87,0.0,0.0,0.0,-0.0,
1791373248.7402616,balance,0.0231687455674136,-0.014976057400167435,-0.01121461684595425,0.10682018678945382,-0.030895678198910693,0.003487684214457156,0.17411175547250946,0.01025439827455851,0.0,0.1797731460693032,False,0.0,0.0,0.0,0.0,0.18319383237828069,0.18217878140490432,2.38,-3.0500000000000003,0.0,0.0,0.0,-0.0,
1791373248.75024,balance,0.024341942219948766,-0.014958117025284462,-0.010014739812962858,0.15299818675706053,-0.030884042495189015,0.00347263953772261,0.1741886062767826,0.007434837369762908,0.0,0.17984416423489522,False,0.0,0.0,0.0,0.0,0.18319383237828069,0.18238184900170476,2.2800000000000002,-2.85,0.0,0.0,0.0,-0.0,
1791373248.76024,balance,0.026452084090635736,-0.014765118998319185,-0.007904597942275889,0.23588508093337882,-0.030884042495189015,0.00347263953772261,0.1741886062767826,0.018008985215634387,0.0,0.1800062409927489,False,0.0,0.0,0.0,0.0,0.18319383237828069,0.18238184900170476,2.39,-2.9,0.0,0.0,0.0,-0.0,
1791373248.7702365,balance,0.02806685048525705,-0.014496845559774775,-0.0062898315476545745,0.12071903164227293,-0.030884042495189015,0.00347263953772261,0.1741886062767826,0.008192013173775355,0.0,0.18011812352599982,False,0.0,0.0,0.0,0.0,0.18319383237828069,0.18238184900170476,2.38,-3.0300000000000002,0.0,0.0,0.0,-0.0,
1791373248.7802432,balance,0.029762303560396008,-0.014252600027873891,-0.004586299761506242,0.21041184671966812,-0.030884042495189015,0.003464560826713234,0.1741886062767826,0.010871428471101346,0.0,0.18021808437671658,False,0.0,0.0,0.0,0.09285714285714286,0.18319383237828069,0.18238184900170476,2.4,-2.88,0.0,0.65,0.0,-0.5118110236220472,
1791373248.7902374,balance,0.03193282251555764,-0.014264360050987695,-0.0024108153036855188,0.2218906216402498,-0.030884042495189015,0.0034595953240541414,0.1741886062767826,0.012635783428936027,0.0,0.1803352312092918,False,0.0,0.0,0.0,0.09285714285714286,0.18319383237828069,0.18238184900170476,2.39,-2.9,0.0,0.65,0.0,-0.5118110236220472,
1791373248.800255,balance,0.034112503696732785,-0.013935459702427171,-0.00023113412251037167,0.21005126028800875,-0.030884042495189015,0.0034595953240541414,0.1741886062767826,0.016918692348839127,0.0,0.18049594400902377,False,0.0,0.0,0.09285714285714286,0.0,0.18319383237828069,0.18238184900170476,2.39,-2.9,0.65,0.0,0.5118110236220472,-0.0,
1791373248.8102658,balance,0.03579147766298913,-0.013630870446230733,0.0014456680839803554,0.13586727652865185,-0.030884042495189015,0.0034617670838197603,0.1741886062767826,0.013473102140128144,0.0,0.18063546247493878,False,0.0,0.0,0.0,0.0,0.18319383237828069,0.18238184900170476,2.41,-2.89,0.0,0.0,0.0,-0.0,
1791373248.8203309,balance,0.03732904627184606,-0.013583753203563977,0.0029787618377980257,0.17714024516481533,-0.030884042495189015,0.0034662419388590163,0.1741886062767826,0.015515282469604107,0.0,0.18079105024154543,False,0.0,0.0,0.0,0.09285714285714286,0.18319383237828069,0.18238184900170476,2.41,-2.9,0.0,0.65,0.0,-0.5118110236220472,
1791373248.8302934,balance,0.03917384955920664,-0.013572960457782682,0.004817495678736943,0.20626343159718324,-0.030884042495189015,0.0034723113852806846,0.1741886062767826,0.01827708758036732,0.0,0.1809601295697092,False,0.0,0.0,0.0,0.0,0.18319383237828069,0.18238184900170476,2.38,-2.9,0.0,0.0,0.0,-0.0,
1791373248.8402374,balance,0.04148885205742642,-0.013465507525930927,0.007121799429691282,0.2277449321136532,-0.030884042495189015,0.00348301013254612,0.1741886062767826,0.02101284070425012,0.0,0.18117091924527431,False,0.0,0.0,0.0,0.0,0.18319383237828069,0.18238184900170476,2.4,-2.92,0.0,0.0,0.0,-0.0,
1791373248.850264,balance,0.04359675151947743,-0.013125843370049321,0.00921585434340468,0.20262444185380046,-0.030884042495189015,0.0034968546808837333,0.1741886062767826,0.023057748336696944,0.0,0.18140386244214454,False,0.0,0.0,0.09285714285714286,0.0,0.18319383237828069,0.18238184900170476,2.39,-2.88,0.65,0.0,0.5118110236220472,-0.0,
1791373248.860246,balance,0.045552992154919494,-0.013075836206506193,0.011156500004370257,0.19230075454722217,-0.030884042495189015,0.003512449655360222,0.1741886062767826,0.029010218447050647,0.0,0.18167018350341493,False,0.0,0.0,0.09285714285714286,0.09285714285714286,0.18319383237828069,0.18238184900170476,2.41,-2.89,0.65,0.65,0.5118110236220472,-0.5118110236220472,
1791373248.8702698,balance,0.047184177350786345,-0.013110478451010385,0.012787685200237108,0.1279035687733852,-0.030884042495189015,0.003512449655360222,0.1741886062767826,0.03484550098958449,0.0,0.18200524905939394,False,0.0,0.0,0.09285714285714286,0.09285714285714286,0.18319383237828069,0.18238184900170476,2.4,-2.9,0.65,0.65,0.5118110236220472,-0.5118110236220472,
1791373248.8802302,balance,0.04831744920419463,-0.0129007194529735,0.013890293180291492,0.10570988559335606,-0.030894452190283365,0.0035327038336197747,0.17411179510010205,0.03879817856929636,0.0,0.1823765503046927,False,0.0,0.0,0.0,0.0,0.18299090309463303,0.18238184900170476,2.45,-2.88,0.0,0.0,0.0,-0.0,
1791373248.8902323,balance,0.04947691432295092,-0.012582136090917783,0.01504975829904778,0.12564293482650407,-0.030894452190283365,0.0035327038336197747,0.17411179510010205,0.04982633115121073,0.0,0.18285650989002802,False,0.0,0.0,0.0,0.09285714285714286,0.18299090309463303,0.18238184900170476,2.54,-2.89,0.0,0.65,0.0,-0.5118110236220472,
1791373248.9002566,balance,0.05017689557193281,-0.012848790043646066,0.015749739548029672,0.027458857602265643,-0.030894452190283365,0.0035327038336197747,0.17411179510010205,0.060959553956383604,0.0,0.1834341646725595,False,0.0,0.0,0.0,0.10511333340830531,0.18299090309463303,0.18238184900170476,2.5,-2.87,0.0,0.7357933338581372,0.0,-0.5793648298095568,
1791373248.9102542,balance,0.05007997233795391,-0.013004979815103197,0.015652816314050768,-0.04745452629061685,-0.030894452190283365,0.0035327038336197747,0.17411179510010205,0.06340394383477342,0.0,0.1840662104107834,False,0.0,0.0,0.09285714285714286,0.0,0.18299090309463303,0.18238184900170476,2.47,-2.92,0.65,0.0,0.5118110236220472,-0.0,
1791373248.920274,balance,0.04974530536864069,-0.013392923575979553,0.01531814934473755,0.01691797509862965,-0.030894452190283365,0.0035327038336197747,0.17411179510010205,0.08132882674820949,0.0,0.18481648814391854,False,0.0,0.0,0.11835323933320936,0.09285714285714286,0.18299090309463303,0.18238184900170476,2.46,-2.91,0.8284726753324655,0.65,0.6523406892381618,-0.5118110236220472,
1791373248.9302604,balance,0.0496931433424558,-0.013753666514840841,0.015276397013647011,-0.07666797359415518,-0.030884042495189015,0.0035327038336197747,0.1741886062767826,0.0964422490567339,0.0,0.18574866296740863,False,0.0,0.0,0.09285714285714286,0.0,0.18319383237828069,0.18238184900170476,2.42,-2.97,0.65,0.0,0.5118110236220472,-0.0,
1791373248.9402394,balance,0.04821013026900266,-0.013930151565258916,0.013782974245099517,-0.15908003330556833,-0.030894452190283365,0.0035327038336197747,0.17411179510010205,0.11308864208364396,0.0,0.18683571229272347,False,0.0,0.0,0.09285714285714286,0.0,0.18299090309463303,0.18238184900170476,2.42,-2.88,0.65,0.0,0.5118110236220472,-0.0,
1791373248.950231,balance,0.04578715479172513,-0.014126807447917977,0.011359998767821993,-0.3105666842010338,-0.030894452190283365,0.0035327038336197747,0.17411179510010205,0.1160188238688732,0.0,0.1880035062176867,False,0.0,0.0,0.0,0.09285714285714286,0.18299090309463303,0.18238184900170476,2.5500000000000003,-2.89,0.0,0.65,0.0,-0.5118110236220472,
1791373248.9602401,balance,0.04333047186401075,-0.014329598711674925,0.008903315840107607,-0.17488325852359174,-0.030894452190283365,0.0035327038336197747,0.17411179510010205,0.1281317598380027,0.0,0.18924752888461654,False,0.0,0.0,0.0,0.09502618851443681,0.18299090309463303,0.18238184900170476,2.5300000000000002,-2.87,0.0,0.6651833196010577,0.0,-0.5237663933866596,
1791373248.9702773,balance,0.04167312450993022,-0.014418061924168201,0.007235549602195948,-0.19226420592382001,-0.0309048710741145,0.0035327038336197747,0.17403498394230527,0.1344536770638631,0.0,0.19057444174673274,False,0.0,0.0,0.0,0.0,0.18278792047945228,0.18238184900170476,2.5300000000000002,-2.89,0.0,0.0,0.0,-0.0,
1791373248.9802904,balance,0.03999164749948511,-0.014630749527436395,0.005564491475581972,-0.14890893220629314,-0.030894452190283365,0.0035327038336197747,0.17411179510010205,0.13545989836184694,0.0,0.19192881699088352,False,0.0,0.0,0.0,0.0,0.18299090309463303,0.18238184900170476,2.47,-2.88,0.0,0.0,0.0,-0.0,
1791373248.9902632,balance,0.03818165640285251,-0.015228411263352644,0.0037649100740437197,-0.16025456613226458,-0.030884042495189015,0.0035327038336197747,0.1741886062767826,0.13822440023477814,0.0,0.19329992915889924,False,0.0,0.0,0.09285714285714286,0.0,0.18319383237828069,0.18238184900170476,2.39,-2.9,0.65,0.0,0.5118110236220472,-0.0,
1791373249.0002422,balance,0.0367673292922057,-0.015829940633187028,0.0023609834819025887,-0.15166228732053227,-0.030873641976683335,0.0035327038336197747,0.17426541747232188,0.15113610424541538,0.0,0.1947700972638857,False,0.0,0.0,0.0,0.0,0.18339669919636176,0.18238184900170476,2.31,-2.96,0.0,0.0,0.0,-0.0,
1791373249.0102353,balance,0.0346277137157726,-0.016521459507218117,0.00022136790546948854,-0.275505309200814,-0.030873641976683335,0.0035327038336197747,0.17426541747232188,0.15922550690769743,0.0,0.19636525604172805,False,0.0,0.0,0.0,0.0,0.18339669919636176,0.18238184900170476,2.32,-2.92,0.0,0.0,0.0,-0.0,
1791373249.0202854,balance,0.03179229306817498,-0.01649032445454087,-0.002624453260633811,-0.2626262602376627,-0.030884042495189015,0.0035327038336197747,0.1741886062767826,0.16204205238680167,0.0,0.19798889262216232,False,0.0,0.0,0.0,0.0,0.18319383237828069,0.18238184900170476,2.48,-2.86,0.0,0.0,0.0,-0.0,
1791373249.0302231,balance,0.02946995542080892,-0.01641925512137339,-0.004957200603094218,-0.2479776182265014,-0.030894452190283365,0.0035327038336197747,0.17411179510010205,0.16126031968593454,0.0,0.19961189020834916,False,0.0,0.0,0.0,0.09285714285714286,0.18299090309463303,0.18238184900170476,2.56,-2.94,0.0,0.65,0.0,-0.5118110236220472,
1791373249.0402837,balance,0.027134457335059002,-0.016767845370929506,-0.007292698688844137,-0.2296499166698113,-0.030894452190283365,0.0035327038336197747,0.17411179510010205,0.16555344941966502,0.0,0.20124014682723157,False,0.0,0.0,0.0,0.09285714285714286,0.18299090309463303,0.18238184900170476,2.5100000000000002,-2.89,0.0,0.65,0.0,-0.5118110236220472,
1791373249.0502348,balance,0.024727679439582515,-0.016728548672713714,-0.009699476584320625,-0.2625243914862525,-0.030894452190283365,0.0035327038336197747,0.17411179510010205,0.1638107920465301,0.0,0.20288237092948733,False,0.0,0.0,0.09285714285714286,0.0,0.18299090309463303,0.18238184900170476,2.48,-2.92,0.65,0.0,0.5118110236220472,-0.0,
1791373249.0602596,balance,0.02195278623074875,-0.017103587105663093,-0.012463960098060042,-0.23597721839282917,-0.030884042495189015,0.0035327038336197747,0.1741886062767826,0.15681842368416657,0.0,0.20446014320610745,False,0.0,0.0,0.09331876084720486,0.0,0.18319383237828069,0.18238184900170476,2.36,-2.89,0.6532313259304341,0.0,0.5143553747483733,-0.0,
1791373249.070266,balance,0.020233318084739698,-0.018082962019758196,-0.014173027725563413,-0.12516191065407062,-0.030873641976683335,0.0035327038336197747,0.17426541747232188,0.15872956905715832,0.0,0.20604281626878437,False,0.0,0.0,0.0,0.0,0.18339669919636176,0.18238184900170476,2.36,-2.94,0.0,0.0,0.0,-0.0,
1791373249.080249,balance,0.01897745694671212,-0.0184516518545694,-0.01545092508581835,-0.162711914907389,-0.030895678198910693,0.0035327038336197747,0.17411175547250946,0.15811624054317924,0.0,0.20764456671233206,False,0.0,0.0,0.0,0.0,0.18319383237828069,0.18217878140490432,2.38,-3.08,0.0,0.0,0.0,-0.0,
1791373249.0902426,balance,0.017258611160471157,-0.01818014194265097,-0.01716977087205931,-0.2094079120591377,-0.030895678198910693,0.0035327038336197747,0.17411175547250946,0.1470181069016924,0.0,0.2091524105846275,False,0.0,0.0,0.0,0.0,0.18319383237828069,0.18217878140490432,2.43,-3.0,0.0,0.0,0.0,-0.0,
1791373249.1002538,balance,0.01539495231765199,-0.018034711700199053,-0.019033429714878477,-0.1695528238365363,-0.030895678198910693,0.0035327038336197747,0.17411175547250946,0.1354929245729391,0.0,0.21053501114591655,False,0.0,0.0,0.0,0.09285714285714286,0.18319383237828069,0.18217878140490432,2.4,-3.0,0.0,0.65,0.0,-0.5118110236220472,
1791373249.1102555,balance,0.013937297727791646,-0.018278539788161838,-0.020479448601017143,-0.12340765277776258,-0.030884042495189015,0.0035327038336197747,0.1741886062767826,0.13425038154640764,0.0,0.21186689795748026,False,0.0,0.0,0.0,0.0,0.18319383237828069,0.18238184900170476,2.36,-2.84,0.0,0.0,0.0,-0.0,
1791373249.120288,balance,0.01275599620030204,-0.018192189413698975,-0.021672385832228427,-0.13697285391441053,-0.030895678198910693,0.0035327038336197747,0.17411175547250946,0.12753635807942656,0.0,0.21316322364798232,False,0.0,0.0,0.0,0.0,0.18319383237828069,0.18217878140490432,2.36,-2.93,0.0,0.0,0.0,-0.0,
1791373249.1302369,balance,0.011414645544660625,-0.018131652095345053,-0.02300332624977955,-0.09708500457769809,-0.030885267960820396,0.0035327038336197747,0.17418856664696789,0.12147825342986757,0.0,0.2143900224506035,False,0.0,0.0,0.0,0.0,0.18339669919636176,0.18217878140490432,2.21,-3.0100000000000002,0.0,0.0,0.0,-0.0,
1791373249.1402686,balance,0.010871792094037087,-0.018131084808320975,-0.023534553716266025,-0.029254569162164165,-0.030873641976683335,0.0035327038336197747,0.17426541747232188,0.12001889365217959,0.0,0.21560040489007226,False,0.0,0.0,0.09285714285714286,0.0,0.18339669919636176,0.18238184900170476,2.2600000000000002,-2.89,0.65,0.0,0.5118110236220472,-0.0,
1791373249.1502402,balance,0.010228187509058038,-0.01804822801622833,-0.024189784285382133,-0.09549555255503928,-0.030885267960820396,0.0035327038336197747,0.17418856664696789,0.10908340207628714,0.0,0.21672232894571433,False,0.0,0.0,0.0,0.0,0.18339669919636176,0.18217878140490432,2.2600000000000002,-3.06,0.0,0.0,0.0,-0.0,
1791373249.160239,balance,0.009952321822715118,-0.017981284033930643,-0.024454023987587992,-0.016720898746573974,-0.030873641976683335,0.0035327038336197747,0.17426541747232188,0.1052051474643998,0.0,0.217788741032263,False,0.0,0.0,0.0,0.0,0.18339669919636176,0.18238184900170476,2.34,-3.0,0.0,0.0,0.0,-0.0,
1791373249.17026,balance,0.009438055208866147,-0.01733929742911325,-0.02499032682366432,-0.09299201394213107,-0.030895678198910693,0.0035327038336197747,0.17411175547250946,0.09890898657642813,0.0,0.21879696510894567,False,0.0,0.0,0.0,0.0,0.18319383237828069,0.18217878140490432,2.29,-3.06,0.0,0.0,0.0,-0.0,
1791373249.1802435,balance,0.008535617742769109,-0.01688838714335745,-0.025881128586039682,-0.07295373925107779,-0.030884042495189015,0.0035327038336197747,0.1741886062767826,0.08451207918793856,0.0,0.21968052285072098,False,0.0,0.0,0.0,0.0,0.18319383237828069,0.18238184900170476,2.37,-2.82,0.0,0.0,0.0,-0.0,
1791373249.1902366,balance,0.00862139923279768,-0.016586359223690592,-0.02578494657750543,0.09873911599925866,-0.030873641976683335,0.0035327038336197747,0.17426541747232188,0.08360154110603812,0.0,0.22050550197528204,False,0.0,0.0,0.0,0.0,0.18339669919636176,0.18238184900170476,2.25,-2.93,0.0,0.0,0.0,-0.0,
1791373249.2002478,balance,0.009816408893237056,-0.016433436101795297,-0.024589936917066055,0.10224281905790664,-0.030873641976683335,0.0035327038336197747,0.17426541747232188,0.09022320303395533,0.0,0.22139839564632094,False,0.0,0.0,0.09285714285714286,0.0,0.18339669919636176,0.18238184900170476,2.27,-3.0500000000000003,0.65,0.0,0.5118110236220472,-0.0,
1791373249.2102468,balance,0.010033476584479947,-0.01579358824751753,-0.024384495209960225,-0.08166868689690474,-0.030885267960820396,0.0035327038336197747,0.17418856664696789,0.07585165020903328,0.0,0.22220569024905967,False,0.0,0.0,0.0,0.0,0.18339669919636176,0.18217878140490432,2.2800000000000002,-3.0500000000000003,0.0,0.0,0.0,-0.0,
1791373249.2204175,balance,0.009375006202641086,-0.015147472129117894,-0.025041740126167705,-0.04055222474387343,-0.030884042495189015,0.0035327038336197747,0.1741886062767826,0.06660803834217062,0.0,0.22289617268885037,False,0.0,0.0,0.0,0.09285714285714286,0.18319383237828069,0.18238184900170476,2.3000000000000003,-2.82,0.0,0.65,0.0,-0.5118110236220472,
1791373249.230225,balance,0.009330805000967089,-0.0147926925870833,-0.025085941327841702,0.011169412246146409,-0.030884042495189015,0.0035327038336197747,0.1741886062767826,0.06589896076206989,0.0,0.2235476763108113,False,0.0,0.0,0.0,0.09285714285714286,0.18319383237828069,0.18238184900170476,2.42,-2.89,0.0,0.65,0.0,-0.5118110236220472,
1791373249.2402642,balance,0.009616123805396034,-0.014549520140451081,-0.02480062252341276,0.002363612960702142,-0.030884042495189015,0.0035327038336197747,0.1741886062767826,0.06524983785421586,0.0,0.22419957754458486,False,0.0,0.0,0.0,0.09285714285714286,0.18319383237828069,0.18238184900170476,2.41,-2.89,0.0,0.65,0.0,-0.5118110236220472,
1791373249.250255,balance,0.009529965100370982,-0.013934324997519204,-0.024886781228437807,-0.019585670751067104,-0.030884042495189015,0.0035327038336197747,0.1741886062767826,0.05958777977271478,0.0,0.22480571384367934,False,0.0,0.0,0.0,0.0,0.18319383237828069,0.18238184900170476,2.38,-2.89,0.0,0.0,0.0,-0.0,
1791373249.2602422,balance,0.00931662905954575,-0.013088224277383957,-0.02510011726926304,-0.009286371780361959,-0.030884042495189015,0.0035327038336197747,0.1741886062767826,0.05344986583163021,0.0,0.22535695230926886,False,0.0,0.0,0.09285714285714286,0.0,0.18319383237828069,0.18238184900170476,2.4,-2.89,0.65,0.0,0.5118110236220472,-0.0,
1791373249.2702796,balance,0.009650751007150682,-0.012828520724441485,-0.02476599532165811,0.07608744989994924,-0.030884042495189015,0.0035327038336197747,0.1741886062767826,0.051021507642184036,0.0,0.22586821134610807,False,0.0,0.0,0.0,0.0,0.18319383237828069,0.18238184900170476,2.39,-2.89,0.0,0.0,0.0,-0.0,
1791373249.2801924,balance,0.010420676740851358,-0.0126763418400938,-0.023996069587957435,0.05474022480880501,-0.030884042495189015,0.0035327038336197747,0.1741886062767826,0.04144249531832343,0.0,0.22632276228246168,False,0.0,0.0,0.0,0.09285714285714286,0.18319383237828069,0.18238184900170476,2.4,-2.89,0.0,0.65,0.0,-0.5118110236220472,
1791373249.2902496,balance,0.011027215097245227,-0.012410103053713609,-0.023389531231563565,0.09313813290972815,-0.030884042495189015,0.0035327038336197747,0.1741886062767826,0.030607420083199714,0.0,0.2266450131791123,False,0.0,0.0,0.0,0.0,0.18319383237828069,0.18238184900170476,2.4,-2.82,0.0,0.0,0.0,-0.0,
1791373249.3002462,balance,0.012216839447852618,-0.011598888951556014,-0.02219868141588239,0.08984546673287007,-0.030882817030115233,0.0035327038336197747,0.17418864590685898,0.025959123471173854,0.0,0.2269194643370153,False,0.0,0.0,0.0,0.0,0.18299090309463303,0.18258491659850523,2.44,-2.73,0.0,0.0,0.0,-0.0,
1791373249.310253,balance,0.012831152214855925,-0.011211820220732811,-0.021584368648879082,0.06534358137316226,-0.030882817030115233,0.0035327038336197747,0.17418864590685898,0.020436396274150347,0.0,0.22713522685111193,False,0.0,0.0,0.0,0.0,0.18299090309463303,0.18258491659850523,2.5100000000000002,-2.77,0.0,0.0,0.0,-0.0,
1791373249.320276,balance,0.01329378947929689,-0.011221874094856124,-0.021121731384438118,0.041802406791665254,-0.030882817030115233,0.0035327038336197747,0.17418864590685898,0.015903308061059912,0.0,0.22730758020630829,False,0.0,0.0,0.0,0.0,0.18299090309463303,0.18258491659850523,2.5,-2.7800000000000002,0.0,0.0,0.0,-0.0,
1791373249.3302433,balance,0.01378676639801678,-0.011288025003300079,-0.020628754465718227,0.06718818569475217,-0.030882817030115233,0.0035327038336197747,0.17418864590685898,0.01144046686298117,0.0,0.22743055352499442,False,0.0,0.0,0.09285714285714286,0.0,0.18299090309463303,0.18258491659850523,2.5100000000000002,-2.7800000000000002,0.65,0.0,0.5118110236220472,-0.0,
1791373249.3402681,balance,0.014716698611975118,-0.011164306130734412,-0.01966865129866252,0.10680178167633587,-0.030882817030115233,0.0035025328805224094,0.17418864590685898,0.013467576595586164,0.0,0.22755357818390856,False,0.0,0.0,0.0,0.0,0.18299090309463303,0.18258491659850523,2.5100000000000002,-2.7800000000000002,0.0,0.0,0.0,-0.0,
1791373249.350253,balance,0.015713992413640653,-0.011028606148808096,-0.01864278059453083,0.0873129439046131,-0.030882817030115233,0.0034739559780562466,0.17418864590685898,0.01208132005819901,0.0,0.22768782397463957,False,0.0,0.0,0.09285714285714286,0.0,0.18299090309463303,0.18258491659850523,2.5100000000000002,-2.7800000000000002,0.65,0.0,0.5118110236220472,-0.0,
1791373249.360243,balance,0.01624921060311453,-0.011316273667566535,-0.018080401061449362,0.039217089211718285,-0.030882817030115233,0.003446794634448661,0.17418864590685898,0.007079948464134135,0.0,0.22776420760821078,False,0.0,0.0,0.0,0.0,0.18299090309463303,0.18258491659850523,2.5,-2.77,0.0,0.0,0.0,-0.0,
1791373249.3702416,balance,0.016514049299640312,-0.011630412723533249,-0.01778872954634638,0.011833300536139077,-0.030882817030115233,0.003419961815871459,0.17418864590685898,0.003954998874665773,0.0,0.22781387643240886,False,0.0,0.0,0.0,0.0,0.18299090309463303,0.18258491659850523,2.5,-2.81,0.0,0.0,0.0,-0.0,
1791373249.380236,balance,0.016525550799362087,-0.01178876526770586,-0.017777228046624606,0.006814466295914218,-0.030882817030115233,0.003419961815871459,0.17418864590685898,-0.00032440842229502207,0.0,0.22781929967425646,False,0.0,0.0,0.0,0.0,0.18299090309463303,0.18258491659850523,2.5,-2.77,0.0,0.0,0.0,-0.0,
1791373249.3902805,balance,0.016807746983091967,-0.011832681482846105,-0.01744235815465977,0.03988511646898468,-0.030882817030115233,0.0033672881076365047,0.17418864590685898,0.00019013440474081872,0.0,0.22781736557337162,False,0.0,0.0,0.0,0.09285714285714286,0.18299090309463303,0.18258491659850523,2.49,-2.79,0.0,0.65,0.0,-0.5118110236220472,
1791373249.4002593,balance,0.017231121408993202,-0.012071161416059113,-0.01699325614581823,0.028055899835089725,-0.030882817030115233,0.0033415605246962018,0.17418864590685898,0.0035105143359884464,0.0,0.22784101563012035,False,0.0,0.0,0.0,0.0,0.18299090309463303,0.18258491659850523,2.5,-2.7800000000000002,0.0,0.0,0.0,-0.0,
1791373249.4102652,balance,0.017152315252727663,-0.012459964308614038,-0.01704666369560268,-0.057181394079433887,-0.030882817030115233,0.0033161619182151083,0.17418864590685898,0.002285935278360318,0.0,0.22787258193353593,False,0.0,0.0,0.0,0.0,0.18299090309463303,0.18258491659850523,2.5100000000000002,-2.8000000000000003,0.0,0.0,0.0,-0.0,
1791373249.4202535,balance,0.016144756191175866,-0.01264660432420059,-0.018028365049894916,-0.11078659989908636,-0.030884042495189015,0.003289078745881766,0.1741886062767826,-0.0013166038883899815,0.0,0.2278653116957241,False,0.0,0.0,0.0,0.0,0.18319383237828069,0.18238184900170476,2.49,-2.93,0.0,0.0,0.0,-0.0,
1791373249.4302428,balance,0.015343318001125598,-0.012826058917665499,-0.01877378895056725,-0.07775938820911707,-0.030884042495189015,0.003233064456503832,0.1741886062767826,-0.0023283074201031497,0.0,0.2278468108758829,False,0.0,0.0,0.0,0.0,0.18319383237828069,0.18238184900170476,2.41,-2.9,0.0,0.0,0.0,-0.0,
1791373249.4402666,balance,0.014896222608698655,-0.012980457459470999,-0.01916340930189303,-0.020699094422622438,-0.030884042495189015,0.003175589415402671,0.1741886062767826,-0.0020285762517502767,0.0,0.2278259385268269,False,0.0,0.0,0.0,0.0,0.18319383237828069,0.18238184900170476,2.39,-2.9,0.0,0.0,0.0,-0.0,
1791373249.450235,balance,0.014879215497490786,-0.013260607795347464,-0.0191804164131009,0.010959671175619842,-0.030884042495189015,0.003175589415402671,0.1741886062767826,-0.006151776640459494,0.0,0.22777339380507436,False,0.0,0.0,0.0,0.0,0.18319383237828069,0.18238184900170476,2.38,-2.91,0.0,0.0,0.0,-0.0,
1791373249.4602547,balance,0.01500277821807902,-0.013422603912593119,-0.018999647953228945,0.007627002811564595,-0.030884042495189015,0.003118383676118952,0.1741886062767826,-0.005366753808112156,0.0,0.22771801645711995,False,0.0,0.0,0.0,0.0,0.18319383237828069,0.18238184900170476,2.38,-2.9,0.0,0.0,0.0,-0.0,
1791373249.4702597,balance,0.014734327330895502,-0.013419993109747196,-0.019268098840412463,-0.07094356228595518,-0.030884042495189015,0.003118383676118952,0.1741886062767826,-0.010714018936414937,0.0,0.22762877466214854,False,0.0,0.0,-0.09285714285714286,0.0,0.18319383237828069,0.18238184900170476,2.38,-2.9,-0.65,0.0,-0.5118110236220472,-0.0,
1791373249.4802685,balance,0.013913479462168902,-0.0134943799047491,-0.020088946709139067,-0.07848823549026718,-0.030884042495189015,0.003118383676118952,0.1741886062767826,-0.01709640219543095,0.0,0.22747650064003996,False,0.0,0.0,0.0,0.0,0.18319383237828069,0.18238184900170476,2.39,-2.9,0.0,0.0,0.0,-0.0,
1791373249.4902668,balance,0.0132452457185491,-0.013641616903849352,-0.020726418245478294,-0.05477283256435525,-0.030884042495189015,0.003087621468838376,0.1741886062767826,-0.015738420093533257,0.0,0.2273058434476311,False,0.0,0.0,0.0,0.0,0.18319383237828069,0.18238184900170476,2.38,-2.91,0.0,0.0,0.0,-0.0,
1791373249.5002372,balance,0.012742518709644221,-0.01366538077238436,-0.021229145254383172,-0.05483899095265487,-0.030884042495189015,0.003087621468838376,0.1741886062767826,-0.008671949822601539,0.0,0.22720199031725555,False,0.0,0.0,0.0,0.0,0.18319383237828069,0.18238184900170476,2.37,-2.91,0.0,0.0,0.0,-0.0,
1791373249.5102463,balance,0.011917096757021626,-0.013592133536890528,-0.022054567207005764,-0.09448753859008772,-0.030884042495189015,0.003087621468838376,0.1741886062767826,-0.015283129277556972,0.0,0.22706456550647722,False,0.0,0.0,0.0,0.0,0.18319383237828069,0.18238184900170476,2.37,-2.9,0.0,0.0,0.0,-0.0,
1791373249.5202684,balance,0.011238632090677958,-0.013593089815340144,-0.022665178781470126,-0.044555214026897834,-0.030884042495189015,0.003019768376959068,0.1741886062767826,-0.015190695462186392,0.0,0.22691260492300336,False,0.0,0.0,0.0,0.0,0.18319383237828069,0.18238184900170476,2.38,-2.91,0.0,0.0,0.0,-0.0,
1791373249.530236,balance,0.010800002535753495,-0.013575839217486084,-0.023069152623889998,-0.05348652719038389,-0.030884042495189015,0.002985112664454476,0.1741886062767826,-0.01838054908201664,0.0,0.22673319267841796,False,0.0,0.0,0.0,0.0,0.18319383237828069,0.18238184900170476,2.38,-2.89,0.0,0.0,0.0,-0.0,
1791373249.5402935,balance,0.01032548389913407,-0.013526934649645732,-0.02354367126050942,-0.05951744785448734,-0.030884042495189015,0.002985112664454476,0.1741886062767826,-0.012192974880835317,0.0,0.22659499976127792,False,0.0,0.0,0.0,0.0,0.18319383237828069,0.18238184900170476,2.42,-2.9,0.0,0.0,0.0,-0.0,
1791373249.5502398,balance,0.009242873305386283,-0.013303891129843709,-0.02459021725762007,-0.16616330321014525,-0.030884042495189015,0.002949048067817338,0.1741886062767826,-0.015677183986319506,0.0,0.22645057092612125,False,0.0,0.0,0.0,0.0,0.18319383237828069,0.18238184900170476,2.39,-2.9,0.0,0.0,0.0,-0.0,
1791373249.5602636,balance,0.007472654616264186,-0.013086393913445795,-0.02632089529282205,-0.16660895233827525,-0.030884042495189015,0.0029095074138972246,0.1741886062767826,-0.019452053160556943,0.0,0.22626178249671086,False,0.0,0.0,0.0,0.0,0.18319383237828069,0.18238184900170476,2.37,-2.89,0.0,0.0,0.0,-0.0,
1791373249.5702372,balance,0.006058043185269398,-0.01292701230222849,-0.02769390346373112,-0.13072488221232262,-0.030884042495189015,0.0028679041538114992,0.1741886062767826,-0.02140130709699918,0.0,0.22604920907791526,False,0.0,0.0,0.0,0.0,0.18319383237828069,0.18238184900170476,2.41,-2.91,0.0,0.0,0.0,-0.0,
1791373249.580254,balance,0.005186072690020788,-0.012763565584055293,-0.028511753167160005,-0.0422260957928075,-0.030872417054124548,0.0028254088030562445,0.17426545710461827,-0.01767425909032629,0.0,0.22585864612579318,False,0.0,0.0,-0.09285714285714286,0.0,0.18319383237828069,0.18258491659850523,2.38,-2.7600000000000002,-0.65,0.0,-0.5118110236220472,-0.0,
1791373249.5902476,balance,0.00465830108246908,-0.012658533976963648,-0.029049924750702397,-0.07184180906076897,-0.030882817030115233,0.0028254088030562445,0.17418864590685898,-0.024473421902340774,0.0,0.22563909097386214,False,0.0,0.0,0.0,-0.09285714285714286,0.18299090309463303,0.18258491659850523,2.4,-2.79,0.0,-0.65,0.0,0.5118110236220472,
1791373249.6002402,balance,0.0040259535344763205,-0.012515901961189763,-0.029671872322704473,-0.03251319278245598,-0.030872417054124548,0.0028254088030562445,0.17426545710461827,-0.03176150390326634,0.0,0.2253378969788728,False,0.0,0.0,-0.09285714285714286,0.0,0.18319383237828069,0.18258491659850523,2.41,-2.7800000000000002,-0.65,0.0,-0.5118110236220472,-0.0,
1791373249.6102433,balance,0.003937350529016403,-0.012494342116731547,-0.02967119512334234,0.026821258145869054,-0.030872417054124548,0.002736128598234196,0.17426545710461827,-0.032671634556335184,0.0,0.22501409509514403,False,0.0,0.0,0.0,0.0,0.18319383237828069,0.18258491659850523,2.38,-2.7600000000000002,0.0,0.0,0.0,-0.0,
1791373249.6202626,balance,0.004371901476073576,-0.012578435852736627,-0.029148768561238908,0.03006276804988471,-0.030872417054124548,0.0026482529831879384,0.17426545710461827,-0.03259519187000577,0.0,0.2246859483435342,False,0.0,0.0,0.0,0.0,0.18319383237828069,0.18258491659850523,2.37,-2.7800000000000002,0.0,0.0,0.0,-0.0,
1791373249.630286,balance,0.004362352669538979,-0.012602565738790563,-0.02916871734376419,-0.04955212802080763,-0.030882817030115233,0.0026482529831879384,0.17418864590685898,-0.036584665929371346,0.0,0.22433145892955159,False,0.0,0.0,0.0,0.0,0.18299090309463303,0.18258491659850523,2.39,-2.79,0.0,0.0,0.0,-0.0,
1791373249.6402838,balance,0.003558362094334507,-0.012655040848273348,-0.029962307942977977,-0.08175563328061411,-0.030872417054124548,0.0026482529831879384,0.17426545710461827,-0.044236927607195886,0.0,0.22390642896104446,False,0.0,0.0,-0.09285714285714286,0.0,0.18319383237828069,0.18258491659850523,2.42,-2.7800000000000002,-0.65,0.0,-0.5118110236220472,-0.0,
1791373249.6502397,balance,0.0027200122441412987,-0.012656726804788057,-0.030811057769161872,-0.05223861300330632,-0.030882817030115233,0.0026482529831879384,0.17418864590685898,-0.05025194204722466,0.0,0.2234106831172205,False,0.0,0.0,-0.09285714285714286,-0.09285714285714286,0.18299090309463303,0.18258491659850523,2.48,-2.7600000000000002,-0.65,-0.65,-0.5118110236220472,0.5118110236220472,
1791373249.6602435,balance,0.0028254078033661664,-0.01282113444178034,-0.030695262233946318,0.048711942773796924,-0.030872417054124548,0.0026482529831879384,0.17426545710461827,-0.044926788551125946,0.0,0.22295144650755486,False,0.0,0.0,0.0,-0.09285714285714286,0.18319383237828069,0.18258491659850523,2.42,-2.77,0.0,-0.65,0.0,0.5118110236220472,
1791373249.6702569,balance,0.003285354129210369,-0.013060010040284186,-0.03015480094782893,0.0413929332542559,-0.030882817030115233,0.002557338046924063,0.17418864590685898,-0.04448623405588188,0.0,0.22251093621391957,False,0.0,0.0,0.0,0.0,0.18299090309463303,0.18258491659850523,2.46,-2.77,0.0,0.0,0.0,-0.0,
1791373249.6802342,balance,0.0034835292607930586,-0.013124992572248943,-0.029946225840255553,0.014527417594841949,-0.030872417054124548,0.002557338046924063,0.17426545710461827,-0.052334589566679975,0.0,0.2220061624844436,False,0.0,0.0,-0.09285714285714286,0.0,0.18319383237828069,0.18258491659850523,2.39,-2.7800000000000002,-0.65,0.0,-0.5118110236220472,-0.0,
1791373249.6902444,balance,0.004022000895045263,-0.013274344538687335,-0.029418154181994033,0.06844932488196481,-0.030882817030115233,0.002557338046924063,0.17418864590685898,-0.057931861215329505,0.0,0.22144317485643528,False,0.0,0.0,0.0,0.0,0.18299090309463303,0.18258491659850523,2.41,-2.77,0.0,0.0,0.0,-0.0,
1791373249.700239,balance,0.004726821901171168,-0.013487508998924855,-0.02870293319987744,0.06482460111177418,-0.030872417054124548,0.002557338046924063,0.17426545710461827,-0.06089941898763038,0.0,0.22084048520800698,False,0.0,0.0,0.0,0.0,0.18319383237828069,0.18258491659850523,2.41,-2.77,0.0,0.0,0.0,-0.0,
1791373249.710236,balance,0.005317268087556295,-0.013687088311162035,-0.028112487013492317,0.06741567654931709,-0.030872417054124548,0.002557338046924063,0.17426545710461827,-0.06840804651971345,0.0,0.22016736036202073,False,0.0,0.0,-0.09285714285714286,0.0,0.18319383237828069,0.18258491659850523,2.38,-2.7800000000000002,-0.65,0.0,-0.5118110236220472,-0.0,
1791373249.7202642,balance,0.006357611090514298,-0.013993813072125782,-0.02707214401053431,0.11956995760744395,-0.030872417054124548,0.002557338046924063,0.17426545710461827,-0.06644279113055201,0.0,0.2195011141136215,False,0.0,0.0,0.0,0.0,0.18319383237828069,0.18258491659850523,2.39,-2.7800000000000002,0.0,0.0,0.0,-0.0,
1791373249.7302463,balance,0.007446236378671166,-0.01411435680445478,-0.02599514416344191,0.09604781504260528,-0.030884042495189015,0.002557338046924063,0.1741886062767826,-0.0693033786044139,0.0,0.21881078569030543,False,0.0,0.0,0.0,0.0,0.18319383237828069,0.18238184900170476,2.37,-2.7800000000000002,0.0,0.0,0.0,-0.0,
1791373249.7402685,balance,0.00849614407046975,-0.014491432246437983,-0.024945236471643324,0.11762923627279204,-0.030884042495189015,0.002557338046924063,0.1741886062767826,-0.07014022258003719,0.0,0.2181101721492746,False,0.0,0.0,0.0,0.0,0.18319383237828069,0.18238184900170476,2.37,-2.89,0.0,0.0,0.0,-0.0,
1791373249.7502446,balance,0.009645977651420981,-0.014761469487598608,-0.023795402890692097,0.11215829669687054,-0.030884042495189015,0.002557338046924063,0.1741886062767826,-0.0695066591895702,0.0,0.2174085902283138,False,0.0,0.0,-0.09285714285714286,0.0,0.18319383237828069,0.18238184900170476,2.38,-2.92,-0.65,0.0,-0.5118110236220472,-0.0,
1791373249.7602615,balance,0.010792508356555021,-0.014995932923712426,-0.022648872185558055,0.10948801476664817,-0.030884042495189015,0.002557338046924063,0.1741886062767826,-0.06599428142226565,0.0,0.2167475097994703,False,0.0,0.0,0.0,0.0,0.18319383237828069,0.18238184900170476,2.4,-2.89,0.0,0.0,0.0,-0.0,
1791373249.7702413,balance,0.011549108813834074,-0.015150059953236495,-0.021892271728279004,0.055374985158317465,-0.030884042495189015,0.002557338046924063,0.1741886062767826,-0.07069879954685497,0.0,0.21604735577613707,False,0.0,0.0,-0.09285714285714286,0.0,0.18319383237828069,0.18238184900170476,2.38,-2.89,-0.65,0.0,-0.5118110236220472,-0.0,
1791373249.7802403,balance,0.012217257687258365,-0.015207473916138999,-0.021224122854854713,0.07943783487183148,-0.030884042495189015,0.002557338046924063,0.1741886062767826,-0.06897124998278072,0.0,0.2153553768257051,False,0.0,0.0,0.0,-0.09285714285714286,0.18319383237828069,0.18238184900170476,2.38,-2.9,0.0,-0.65,0.0,0.5118110236220472,
1791373249.7902577,balance,0.01308624829854482,-0.015454169665820224,-0.020355132243568254,0.09771729626131213,-0.030884042495189015,0.002557338046924063,0.1741886062767826,-0.06453045200139615,0.0,0.21469576308351535,False,0.0,0.0,0.0,0.0,0.18319383237828069,0.18238184900170476,2.38,-2.9,0.0,0.0,0.0,-0.0,
1791373249.800224,balance,0.014097735520316974,-0.015580808798864783,-0.019343645021796106,0.09429270086477375,-0.030884042495189015,0.002557338046924063,0.1741886062767826,-0.062333507344717716,0.0,0.21406774369047935,False,0.0,0.0,0.0,0.0,0.18319383237828069,0.18238184900170476,2.37,-2.91,0.0,0.0,0.0,-0.0,
1791373249.810243,balance,0.015082985093421817,-0.015658697023501197,-0.018358395448691257,0.08897828058893853,-0.030884042495189015,0.002557338046924063,0.1741886062767826,-0.05768413702803318,0.0,0.21347712503621677,False,0.0,0.0,0.0,0.0,0.18319383237828069,0.18238184900170476,2.39,-2.9,0.0,0.0,0.0,-0.0,
1791373249.8203907,balance,0.01590708780522037,-0.01566524977573785,-0.017534292736892707,0.07767131560388392,-0.030884042495189015,0.002557338046924063,0.1741886062767826,-0.055024403069913984,0.0,0.2129167609494323,False,0.0,0.0,0.0,0.0,0.18319383237828069,0.18238184900170476,2.38,-2.89,0.0,0.0,0.0,-0.0,
1791373249.8302455,balance,0.016707287019012623,-0.015738401228806646,-0.016734093523100457,0.06800501724113231,-0.030884042495189015,0.002557338046924063,0.1741886062767826,-0.05242727014237307,0.0,0.2123859924019369,False,0.0,0.0,0.0,0.0,0.18319383237828069,0.18238184900170476,2.4,-2.91,0.0,0.0,0.0,-0.0,
1791373249.8402588,balance,0.01749046417662555,-0.015837940994194406,-0.015950916365487525,0.07441819414950791,-0.030884042495189015,0.002557338046924063,0.1741886062767826,-0.04522097036013316,0.0,0.21191530533897224,False,0.0,0.0,-0.09285714285714286,0.0,0.18319383237828069,0.18238184900170476,2.42,-2.89,-0.65,0.0,-0.5118110236220472,-0.0,
1791373249.850235,balance,0.017951376948933957,-0.01568320115145194,-0.015466640224270294,0.007467375347096236,-0.030884042495189015,0.002533974678015236,0.1741886062767826,-0.04723398247173965,0.0,0.2114550279543183,False,0.0,0.0,0.0,0.0,0.18319383237828069,0.18238184900170476,2.37,-2.9,0.0,0.0,0.0,-0.0,
1791373249.8602512,balance,0.017998166440282275,-0.0157906754340442,-0.015396720956822593,0.009202457586297362,-0.030884042495189015,0.002510844901915853,0.1741886062767826,-0.04834137062244014,0.0,0.21096624585166124,False,0.0,0.0,0.0,0.0,0.18319383237828069,0.18238184900170476,2.41,-2.9,0.0,0.0,0.0,-0.0,
1791373249.8702385,balance,0.018460423039310975,-0.015679558239261267,-0.014934464357793893,0.06340868796627633,-0.030884042495189015,0.002510844901915853,0.1741886062767826,-0.0358733177775561,0.0,0.21056983567991297,False,0.0,0.0,0.0,0.0,0.18319383237828069,0.18238184900170476,2.39,-2.9,0.0,0.0,0.0,-0.0,
1791373249.8802335,balance,0.019063085964272954,-0.015660673314729322,-0.014331801432831914,0.04157100093264599,-0.030884042495189015,0.002510844901915853,0.1741886062767826,-0.028047967451128045,0.0,0.21027957170120948,False,0.0,0.0,0.0,0.0,0.18319383237828069,0.18238184900170476,2.4,-2.9,0.0,0.0,0.0,-0.0,
1791373249.8902376,balance,0.019062556863333097,-0.015661995644763452,-0.01433233053377177,-0.01375263852055142,-0.030884042495189015,0.002510844901915853,0.1741886062767826,-0.03369182087357796,0.0,0.20995520790225763,False,0.0,0.0,0.0,0.0,0.18319383237828069,0.18238184900170476,2.4,-2.91,0.0,0.0,0.0,-0.0,
1791373249.9002452,balance,0.019191731103738417,-0.015597998768469668,-0.01420315629336645,0.05236893964956438,-0.030884042495189015,0.002510844901915853,0.1741886062767826,-0.024802019151260988,0.0,0.20967397563454432,False,0.0,0.0,0.0,0.0,0.18319383237828069,0.18238184900170476,2.38,-2.9,0.0,0.0,0.0,-0.0,
1791373249.9102657,balance,0.01961848265278601,-0.01573670703416587,-0.013776404744318859,0.0005049325678019326,-0.030884042495189015,0.002510844901915853,0.1741886062767826,-0.014227032399815655,0.0,0.20950924882593586,False,0.0,0.0,0.0,0.0,0.18319383237828069,0.18238184900170476,2.41,-2.89,0.0,0.0,0.0,-0.0,
1791373249.9203138,balance,0.018901422887913848,-0.015456429992398033,-0.014450686994166453,-0.1271841024183476,-0.030884042495189015,0.0024680673868912855,0.1741886062767826,-0.013260129989756701,0.0,0.20937633664019115,False,0.0,0.0,0.0,0.0,0.18319383237828069,0.18238184900170476,2.38,-2.9,0.0,0.0,0.0,-0.0,
1791373249.9302387,balance,0.01759511091324981,-0.015529715968805315,-0.015734111206245044,-0.12487403912734062,-0.030884042495189015,0.00244517962430584,0.1741886062767826,-0.010571882565875025,0.0,0.20926192441651234,False,0.0,0.0,-0.09285714285714286,0.0,0.18319383237828069,0.18238184900170476,2.39,-2.89,-0.65,0.0,-0.5118110236220472,-0.0,
1791373249.940237,balance,0.016631527447134694,-0.015488005542496944,-0.016673133964880453,-0.06911401024348288,-0.030884042495189015,0.0024206189168261335,0.1741886062767826,-0.01246133537530115,0.0,0.20914691675169983,False,0.0,0.0,0.0,0.0,0.18319383237828069,0.18238184900170476,2.38,-2.89,0.0,0.0,0.0,-0.0,
1791373249.9502368,balance,0.016712717167303152,-0.015397952221889706,-0.016591944244711998,0.06110682128812845,-0.030884042495189015,0.0024206189168261335,0.1741886062767826,-0.0057890041996573795,0.0,0.20906561701721135,False,0.0,0.0,0.0,0.0,0.18319383237828069,0.18238184900170476,2.4,-2.9,0.0,0.0,0.0,-0.0,
1791373249.96024,balance,0.017457531804426638,-0.01530238790661079,-0.01584712960758851,0.05681315688587754,-0.030884042495189015,0.0024206189168261335,0.1741886062767826,0.002170610500628613,0.0,0.20907335996532148,False,0.0,0.0,0.0,0.0,0.18319383237828069,0.18238184900170476,2.38,-2.9,0.0,0.0,0.0,-0.0,
1791373249.9702494,balance,0.01765744321622506,-0.01519560188019681,-0.015623756679630675,-0.01497215402726875,-0.030884042495189015,0.0023971574006667203,0.1741886062767826,-3.0123882473312e-05,0.0,0.2090807352814422,False,0.0,0.0,0.0,0.0,0.18319383237828069,0.18238184900170476,2.38,-2.9,0.0,0.0,0.0,-0.0,
1791373249.9802606,balance,0.01725839432619969,-0.01533880912304777,-0.015975081420595904,-0.05849204989563238,-0.030884042495189015,0.002349433251606578,0.1741886062767826,-0.0007420379846025159,0.0,0.20907322080396798,False,0.0,0.0,0.0,0.0,0.18319383237828069,0.18238184900170476,2.4,-2.89,0.0,0.0,0.0,-0.0,
1791373249.9902632,balance,0.016697897486245377,-0.01522943501391773,-0.01648633823417291,-0.05099892085819084,-0.030884042495189015,0.0023001932252292713,0.1741886062767826,-0.00013050704249260365,0.0,0.20907246538071642,False,0.0,0.0,0.0,0.0,0.18319383237828069,0.18238184900170476,2.38,-2.9,0.0,0.0,0.0,-0.0,
1791373250.0002444,balance,0.01634909077155009,-0.01537649060630988,-0.016784833821192915,-0.018469873740239794,-0.030884042495189015,0.00224988209755399,0.1741886062767826,-0.0009734128323022142,0.0,0.20906332086206325,False,0.0,0.0,0.0,0.0,0.18319383237828069,0.18238184900170476,2.38,-2.9,0.0,0.0,0.0,-0.0,
1791373250.0102603,balance,0.016483535548840782,-0.015363296166907158,-0.016600290095797016,0.03503088192485331,-0.030884042495189015,0.002199783149448782,0.1741886062767826,0.0006667248659082426,0.0,0.2090662098566692,False,0.0,0.0,0.0,0.0,0.18319383237828069,0.18238184900170476,2.39,-2.89,0.0,0.0,0.0,-0.0,
1791373250.0202742,balance,0.017087706376877593,-0.015372254158118324,-0.0159477252029876,0.0807083916190369,-0.030884042495189015,0.002151389084676176,0.1741886062767826,0.0026870226257147845,0.0,0.20908761255450592,False,0.0,0.0,0.0,0.0,0.18319383237828069,0.18238184900170476,2.38,-2.9,0.0,0.0,0.0,-0.0,
1791373250.03024,balance,0.01799055393912821,-0.015504672478850437,-0.01499921190279871,0.09039661653496281,-0.030884042495189015,0.0021057233467379026,0.1741886062767826,0.003741723978526453,0.0,0.20912315612416224,False,0.0,0.0,0.09285714285714286,0.0,0.18319383237828069,0.18238184900170476,2.39,-2.9,0.65,0.0,0.5118110236220472,-0.0,
1791373250.040239,balance,0.018708439541633964,-0.01544724181453184,-0.014259561986214713,0.044826808095350654,-0.030884042495189015,0.0020839590326596612,0.1741886062767826,0.005717715519077599,0.0,0.20917156596600106,False,0.0,0.0,0.0,0.09285714285714286,0.18319383237828069,0.18238184900170476,2.38,-2.91,0.0,0.65,0.0,-0.5118110236220472,
1791373250.0502462,balance,0.01877638008654653,-0.015460186787749403,-0.014149185815224357,-0.028360225824705095,-0.030884042495189015,0.002041523406581871,0.1741886062767826,0.007404790328317088,0.0,0.20924216756993738,False,0.0,0.0,0.0,0.0,0.18319383237828069,0.18238184900170476,2.38,-2.9,0.0,0.0,0.0,-0.0,
1791373250.0602763,balance,0.018300801663002624,-0.015448946328453917,-0.014581252939196526,-0.05695310854231332,-0.030884042495189015,0.0019980121070101334,0.1741886062767826,0.007777409673682534,0.0,0.20931991057824129,False,0.0,0.0,0.0,0.0,0.18319383237828069,0.18238184900170476,2.39,-2.9,0.0,0.0,0.0,-0.0,
1791373250.0702622,balance,0.01798384174971429,-0.01553701805181496,-0.014853645174353645,-0.005094502680578825,-0.030884042495189015,0.0019534444288789215,0.1741886062767826,0.008409053635009956,0.0,0.20940133522024282,False,0.0,0.0,0.0,0.0,0.18319383237828069,0.18238184900170476,2.39,-2.91,0.0,0.0,0.0,-0.0,
1791373250.0802474,balance,0.018119913190394632,-0.015652318379233456,-0.014673283294940526,0.03720204780737404,-0.030884042495189015,0.0019091539901461415,0.1741886062767826,0.007593068087511201,0.0,0.20948067522425987,False,0.0,0.0,0.0,0.0,0.18319383237828069,0.18238184900170476,2.38,-2.89,0.0,0.0,0.0,-0.0,
1791373250.0902753,balance,0.01898702541488055,-0.01555301768302747,-0.013764128903950328,0.11787670367895389,-0.030884042495189015,0.001867111823641864,0.1741886062767826,0.007383754381842014,0.0,0.20955387787299948,False,0.0,0.0,0.0,0.09285714285714286,0.18319383237828069,0.18238184900170476,2.38,-2.9,0.0,0.65,0.0,-0.5118110236220472,
1791373250.1002543,balance,0.020445034361471243,-0.015527571020774678,-0.012286730229101156,0.15604352520686107,-0.030884042495189015,0.0018477220953833835,0.1741886062767826,0.011778930842035323,0.0,0.20965536979388816,False,0.0,0.0,0.0,0.0,0.18319383237828069,0.18238184900170476,2.39,-2.91,0.0,0.0,0.0,-0.0,
1791373250.1102397,balance,0.021815305859395815,-0.01564717358849515,-0.010900084043079818,0.10766266367690985,-0.030884042495189015,0.0018313474072866186,0.1741886062767826,0.015116690061214058,0.0,0.20980651477200432,False,0.0,0.0,0.0,0.0,0.18319383237828069,0.18238184900170476,2.4,-2.9,0.0,0.0,0.0,-0.0,
1791373250.1203425,balance,0.022226396225168775,-0.01570388049973636,-0.010488993677306858,0.006544442080885056,-0.030884042495189015,0.0018313474072866186,0.1741886062767826,0.00986089364743307,0.0,0.20991474447216685,False,0.0,0.0,0.0,0.0,0.18319383237828069,0.18238184900170476,2.37,-2.9,0.0,0.0,0.0,-0.0,
1791373250.1302435,balance,0.02253054981351584,-0.01588986213868248,-0.010184840088959795,0.040940820856115785,-0.030884042495189015,0.0018313474072866186,0.1741886062767826,0.016665533013936806,0.0,0.21006985107734105,False,0.0,0.0,0.0,0.0,0.18319383237828069,0.18238184900170476,2.41,-2.89,0.0,0.0,0.0,-0.0,
1791373250.140242,balance,0.022720598915385578,-0.015747515196639167,-0.009979769650969396,0.006950653741192941,-0.030884042495189015,0.0018163260711659582,0.1741886062767826,0.012206401113672353,0.0,0.2102072634446377,False,0.0,0.0,0.0,0.0,0.18319383237828069,0.18238184900170476,2.36,-2.9,0.0,0.0,0.0,-0.0,
1791373250.1502478,balance,0.023304128685043207,-0.015894693282750214,-0.009367575025787814,0.09079396896330975,-0.030884042495189015,0.0017876612156420058,0.1741886062767826,0.010805667963759638,0.0,0.21031870132910271,False,0.0,0.0,0.0,0.0,0.18319383237828069,0.18238184900170476,2.41,-2.89,0.0,0.0,0.0,-0.0,
1791373250.160242,balance,0.024638372135464333,-0.01593137670170898,-0.00800832777483312,0.1560181631463952,-0.030884042495189015,0.0017626574151084371,0.1741886062767826,0.011692166646762881,0.0,0.21043704571266258,False,0.0,0.0,0.0,0.0,0.18319383237828069,0.18238184900170476,2.38,-2.9,0.0,0.0,0.0,-0.0,
1791373250.1702452,balance,0.02649562098630999,-0.015816120882966044,-0.0061314332573938505,0.20622065049642566,-0.030884042495189015,0.0017430117485148248,0.1741886062767826,0.01076721375993437,0.0,0.21054422907824402,False,0.0,0.0,0.0,0.0,0.18319383237828069,0.18238184900170476,2.38,-2.9,0.0,0.0,0.0,-0.0,
1791373250.180266,balance,0.02873774654302174,-0.015872720836510736,-0.003883473739131077,0.22091686387312445,-0.030884042495189015,0.0017371777869638018,0.1741886062767826,0.016542571903297117,0.0,0.21070439759643536,False,0.0,0.0,0.09285714285714286,0.0,0.18319383237828069,0.18238184900170476,2.38,-2.9,0.65,0.0,0.5118110236220472,-0.0,
1791373250.1902416,balance,0.03046027970909921,-0.01569642883471842,-0.0021609405730536073,0.12627592495901332,-0.030884042495189015,0.0017371777869638018,0.1741886062767826,0.010005600956868447,0.0,0.21081916821700758,False,0.0,0.0,0.09285714285714286,0.0,0.18319383237828069,0.18238184900170476,2.38,-2.91,0.65,0.0,0.5118110236220472,-0.0,
1791373250.2002425,balance,0.03180092648474951,-0.01576381037748549,-0.0008182440120489581,0.14255813521613986,-0.030884042495189015,0.0017351280016094544,0.1741886062767826,0.012641064822545796,0.0,0.21093551369189284,False,0.0,0.0,0.0,0.09285714285714286,0.18319383237828069,0.18238184900170476,2.41,-2.89,0.0,0.65,0.0,-0.5118110236220472,
1791373250.2102556,balance,0.033308675612979594,-0.015845871059448173,0.0006883028899672893,0.14194876450907853,-0.030884042495189015,0.001736330227823289,0.1741886062767826,0.012662717053407492,0.0,0.2110604081083446,False,0.0,0.0,0.0,0.09285714285714286,0.18319383237828069,0.18238184900170476,2.37,-2.9,0.0,0.65,0.0,-0.5118110236220472,
1791373250.2203088,balance,0.03507889153208986,-0.01565470364393023,0.0024522946471366444,0.19331609761890844,-0.030884042495189015,0.0017425543897641995,0.1741886062767826,0.01559375147697431,0.0,0.21120903772983085,False,0.0,0.0,0.09285714285714286,0.09285714285714286,0.18319383237828069,0.18238184900170476,2.39,-2.9,0.65,0.65,0.5118110236220472,-0.5118110236220472,
1791373250.230241,balance,0.0371467171557649,-0.015580708840757072,0.004514592016487806,0.20158504482064113,-0.030884042495189015,0.001748082644088075,0.1741886062767826,0.016379554996576624,0.0,0.2113644578881803,False,0.0,0.0,0.09285714285714286,0.0,0.18319383237828069,0.18238184900170476,2.39,-2.9,0.65,0.0,0.5118110236220472,-0.0,
1791373250.240246,balance,0.03931357378309705,-0.01546041585009163,0.00667277302516042,0.22286419261633952,-0.030884042495189015,0.0017567582627476153,0.1741886062767826,0.019170514437028028,0.0,0.2115463241729026,False,0.0,0.0,0.09285714285714286,0.0,0.18319383237828069,0.18238184900170476,2.4,-2.91,0.65,0.0,0.5118110236220472,-0.0,
1791373250.2502413,balance,0.04126705806370824,-0.015496253260128443,0.008613317919812954,0.16338362996226474,-0.030884042495189015,0.0017696976487062727,0.1741886062767826,0.02205583635214009,0.0,0.21176328855554427,False,0.0,0.0,0.09285714285714286,0.0,0.18319383237828069,0.18238184900170476,2.37,-2.89,0.65,0.0,0.5118110236220472,-0.0,
1791373250.260239,balance,0.04270108022312108,-0.015384793063633355,0.010018061454178046,0.1455744923120993,-0.030884042495189015,0.0017989762737540182,0.1741886062767826,0.02219667386650686,0.0,0.21198180615160803,False,0.0,0.0,0.09285714285714286,0.0,0.18319383237828069,0.18238184900170476,2.38,-2.89,0.65,0.0,0.5118110236220472,-0.0,
1791373250.2702727,balance,0.04428411550640572,-0.015197861270053153,0.011601096737462688,0.17260463127416592,-0.030884042495189015,0.0017989762737540182,0.1741886062767826,0.026807792377133977,0.0,0.21223502549710468,False,0.0,0.0,0.09285714285714286,0.09285714285714286,0.18319383237828069,0.18238184900170476,2.4,-2.9,0.65,0.65,0.5118110236220472,-0.5118110236220472,
1791373250.280265,balance,0.04620293462445993,-0.015174966129357653,0.013519915855516896,0.20705844905052204,-0.030884042495189015,0.0017989762737540182,0.1741886062767826,0.03776569504189968,0.0,0.2125783253454522,False,0.0,0.0,0.09285714285714286,0.09285714285714286,0.18319383237828069,0.18238184900170476,2.42,-2.91,0.65,0.65,0.5118110236220472,-0.5118110236220472,
1791373250.2902462,balance,0.04800314471407456,-0.014915392634137787,0.015320125945131527,0.13264210307262655,-0.030884042495189015,0.0017989762737540182,0.1741886062767826,0.04721876742119723,0.0,0.2130255254833125,False,0.0,0.0,0.09285714285714286,0.09285714285714286,0.18319383237828069,0.18238184900170476,2.43,-2.9,0.65,0.65,0.5118110236220472,-0.5118110236220472,
1791373250.3002732,balance,0.048762240457591435,-0.01473217494309116,0.016068811993554054,0.01816504622378858,-0.030894452190283365,0.0017989762737540182,0.17411179510010205,0.06421014307321002,0.0,0.2136189142046357,False,0.0,0.0,0.09285714285714286,0.0,0.18299090309463303,0.18238184900170476,2.47,-2.9,0.65,0.0,0.5118110236220472,-0.0,
1791373250.310254,balance,0.04796388113952396,-0.014542888113794837,0.015270452675486578,-0.17506576081567235,-0.030894452190283365,0.0017989762737540182,0.17411179510010205,0.07579129051660366,0.0,0.21435947291610505,False,0.0,0.0,0.09285714285714286,0.0,0.18299090309463303,0.18238184900170476,2.56,-2.89,0.65,0.0,0.5118110236220472,-0.0,
1791373250.320294,balance,0.04528585418331048,-0.014414581727149848,0.012602835414367445,-0.27659849644139417,-0.030884042495189015,0.0017989762737540182,0.1741886062767826,0.075426990168698,0.0,0.21510422140855615,False,0.0,0.0,0.09285714285714286,0.0,0.18319383237828069,0.18238184900170476,2.49,-2.87,0.65,0.0,0.5118110236220472,-0.0,
1791373250.3302367,balance,0.043562824093435405,-0.014946475733331733,0.010879805324492372,-0.08319258467249209,-0.030884042495189015,0.0017989762737540182,0.1741886062767826,0.09431455970149015,0.0,0.21599022151894048,False,0.0,0.0,0.0,0.0,0.18319383237828069,0.18238184900170476,2.41,-2.91,0.0,0.0,0.0,-0.0,
1791373250.3402586,balance,0.043174019516152067,-0.015211710405275112,0.010491000747209033,-0.016714125439258584,-0.030884042495189015,0.0017989762737540182,0.1741886062767826,0.11555841704188935,0.0,0.21710998880777643,False,0.0,0.0,0.09285714285714286,0.0,0.18319383237828069,0.18238184900170476,2.41,-2.91,0.65,0.0,0.5118110236220472,-0.0,
1791373250.3502667,balance,0.042010774622934365,-0.014772399014642957,0.00932775585399133,-0.19275931952887287,-0.030884042495189015,0.0017989762737540182,0.1741886062767826,0.11846244451336865,0.0,0.21830012905760107,False,0.0,0.0,0.09285714285714286,0.09285714285714286,0.18319383237828069,0.18238184900170476,2.4,-2.89,0.65,0.65,0.5118110236220472,-0.5118110236220472,
1791373250.3602526,balance,0.039701021314154004,-0.01442969759277206,0.007018002545210971,-0.2524815925392649,-0.030884042495189015,0.0017989762737540182,0.1741886062767826,0.11072322506421022,0.0,0.21941916984432458,False,0.0,0.0,0.0,0.0,0.18319383237828069,0.18238184900170476,2.38,-2.89,0.0,0.0,0.0,-0.0,
1791373250.3702252,balance,0.037910371587441954,-0.014273019961984027,0.005227352818498921,-0.15085099928533038,-0.030884042495189015,0.0017989762737540182,0.1741886062767826,0.11989329472705497,0.0,0.22059891803511172,False,0.0,0.0,0.09285714285714286,0.0,0.18319383237828069,0.18238184900170476,2.42,-2.92,0.65,0.0,0.5118110236220472,-0.0,
1791373250.3802867,balance,0.03614221646923626,-0.014359580349726014,0.003459197700293225,-0.18297314788150307,-0.030884042495189015,0.0017989762737540182,0.1741886062767826,0.12456523162423834,0.0,0.22182801310532826,False,0.0,0.0,0.0,0.0,0.18319383237828069,0.18238184900170476,2.4,-2.88,0.0,0.0,0.0,-0.0,
1791373250.3902597,balance,0.03442548419019773,-0.01387627724197428,0.0017424654212546983,-0.15945484029585497,-0.030884042495189015,0.0017989762737540182,0.1741886062767826,0.12689671277303535,0.0,0.22309327968806553,False,-0.0015833333333332977,-0.0015833333333332977,0.0,0.0,0.18319383237828069,0.18238184900170476,2.32,-2.86,0.0,0.0,0.0,-0.0,
1791373250.400265,balance,0.03286464154610941,-0.01371419067321571,0.00018162277716637421,-0.12953177534097865,-0.030884042495189015,0.0017989762737540182,0.1741886062767826,0.13149505567317377,0.0,0.2243993777083104,False,-0.0031666666666665955,-0.0031666666666665955,0.0,0.0,0.18319383237828069,0.18238184900170476,2.25,-2.72,0.0,0.0,0.0,-0.0,
1791373250.4102647,balance,0.03156701465295819,-0.013498308846659925,-0.0011380592470147542,-0.15539197096464055,-0.030906097626218928,0.0017989762737540182,0.17403494431693675,0.12945271192829236,0.0,0.22571509237634765,False,-0.004749999999999893,-0.004749999999999893,0.0,0.0,0.18299090309463303,0.18217878140490432,2.22,-2.72,0.0,0.0,0.0,-0.0,
1791373250.4202719,balance,0.0298829819212223,-0.013690123149922715,-0.002822091978750647,-0.14873092103580188,-0.030906097626218928,0.0017989762737540182,0.17403494431693675,0.125334463491771,0.0,0.22698350538503226,False,-0.0063333333333334225,-0.0063333333333334225,0.0,0.09285714285714286,0.18299090309463303,0.18217878140490432,2.13,-2.63,0.0,0.65,0.0,-0.5118110236220472,
1791373250.4302225,balance,0.02877313592590644,-0.0135473497770272,-0.003942366602762889,-0.104310086577378,-0.03091652625491531,0.0017989762737540182,0.17395813318027475,0.12368376015113784,0.0,0.22822157836477905,False,-0.007916666666666721,-0.007916666666666721,0.0,0.10239907651117372,0.18278792047945228,0.18217878140490432,2.1,-2.49,0.0,0.716793535578216,0.0,-0.5644043587230048,
1791373250.4402335,balance,0.027979648769439803,-0.01279241124870219,-0.004747519242569822,-0.09945221818660033,-0.030928191738255607,0.0017989762737540182,0.17388128244189616,0.11997317503860881,0.0,0.22942970405697588,False,-0.009500000000000019,-0.009500000000000019,0.0,0.0,0.18278792047945228,0.18197562665552244,2.14,-2.58,0.0,0.0,0.0,-0.0,
1791373250.450229,balance,0.026803001520795094,-0.01250161267080226,-0.0059475033780243495,-0.10306030896232665,-0.030951528625065425,0.0017989762737540182,0.17372758184360407,0.12225994487484895,0.0,0.23064842348335346,False,-0.011083333333333317,-0.011083333333333317,0.09285714285714286,0.0,0.18238186609667828,0.18197562665552244,2.24,-2.37,0.65,0.0,0.5118110236220472,-0.0,
1791373250.4602613,balance,0.02605295356347537,-0.01215559255672493,-0.006720954616466586,-0.03244309372727202,-0.030974931906187938,0.0017989762737540182,0.17357388053281128,0.11961260848352566,0.0,0.23184923874141117,False,-0.012666666666666614,-0.012666666666666614,0.09285714285714286,0.09285714285714286,0.18217879849987784,0.1817724031114216,2.06,-2.5100000000000002,0.65,0.65,0.5118110236220472,-0.5118110236220472,
1791373250.470254,balance,0.025806229420359043,-0.012913557962917072,-0.006993521379209668,-0.03746195547176632,-0.031000774525814692,0.0017989762737540182,0.1734199374910718,0.11251576338994351,0.0,0.2329892483537793,False,-0.014249999999999912,-0.014249999999999912,0.0,0.0,0.18217879849987784,0.1813658223082581,2.02,-2.56,0.0,0.0,0.0,-0.0,
1791373250.4802625,balance,0.02493085397169439,-0.01268786984550626,-0.0078818474210794,-0.09565301332721261,-0.031013725119019772,0.0017989762737540182,0.1733429647969398,0.10571737677177873,0.0,0.23407050026386644,False,-0.015833333333333442,-0.015833333333333442,0.09285714285714286,0.0,0.18217879849987784,0.18116247362125046,2.0,-2.64,0.65,0.0,0.5118110236220472,-0.0,
1791373250.4902673,balance,0.023786904118461016,-0.012250342164548728,-0.00905052036043689,-0.11118384591597998,-0.031038448205143888,0.0017989762737540182,0.17318914161759216,0.10530014119797505,0.0,0.23511501556721254,False,-0.01741666666666674,-0.01741666666666674,0.0,0.09285714285714286,0.18197564376362416,0.18095908120471274,2.11,-2.56,0.0,0.65,0.0,-0.5118110236220472,
1791373250.5002449,balance,0.023117566841378213,-0.01275134006337166,-0.009757607562453691,-0.07665611957660728,-0.031076198130077885,0.0017989762737540182,0.1729583484340984,0.10987595060715478,0.0,0.2362045591168799,False,-0.019000000000000038,-0.019000000000000038,0.0,0.09285714285714286,0.1815691881139024,0.18075565688651182,2.2,-2.62,0.0,0.65,0.0,-0.5118110236220472,
1791373250.5102456,balance,0.02232665032606113,-0.01282496038759526,-0.010602290972721593,-0.05762509284993457,-0.031129965025028704,0.0017989762737540182,0.17265059123862464,0.11195256706984189,0.0,0.23732091369177843,False,-0.020583333333333335,-0.020583333333333335,0.0,0.09285714285714286,0.18116249073988716,0.18034862842770624,2.32,-2.67,0.0,0.65,0.0,-0.5118110236220472,
1791373250.520332,balance,0.021555933074416056,-0.012653011986036834,-0.011399971870917217,-0.11703734581380937,-0.031156928671579254,0.0017989762737540182,0.17249671350328755,0.09946631910896263,0.0,0.23835196959656546,False,-0.022166666666666633,-0.022166666666666633,0.09285714285714286,0.09285714285714286,0.18095909832971635,0.18014503880623534,2.27,-2.84,0.65,0.65,0.5118110236220472,-0.5118110236220472,
1791373250.5302591,balance,0.020518159154578688,-0.012119326220855552,-0.01246475758671795,-0.06374755051525391,-0.03118394046754262,0.0017989762737540182,0.17234283589358604,0.09028674230740656,0.0,0.23925815342910878,False,-0.02374999999999993,-0.02374999999999993,0.09285714285714286,0.0,0.18075567401151546,0.17994140399620362,2.14,-2.7600000000000002,0.65,0.0,0.5118110236220472,-0.0,
1791373250.5402381,balance,0.020502892810805452,-0.012448970877167728,-0.012493958508599018,0.03459143767002088,-0.031197875045650452,0.0017989762737540182,0.1722659306597282,0.09600358963977645,0.0,0.24019826520029047,False,-0.02533333333333323,-0.02533333333333323,0.09285714285714286,0.09285714285714286,0.18075567401151546,0.1797377387490826,2.23,-2.82,0.65,0.65,0.5118110236220472,-0.5118110236220472,
1791373250.550258,balance,0.020857347183045688,-0.013381916119780745,-0.0121845906127053,0.018288856519756827,-0.03124296152199697,0.0017989762737540182,0.17203487952304464,0.10027031481345532,0.0,0.24119178437998312,False,-0.026916666666666755,-0.026916666666666755,0.09285714285714286,0.0,0.18055223518809663,0.17933022523013067,2.15,-2.83,0.65,0.0,0.5118110236220472,-0.0,
1791373250.5602412,balance,0.02027844017546545,-0.013676224151789694,-0.012793112348861635,-0.10647309616878611,-0.031272576250573066,0.0017989762737540182,0.17188090052436922,0.09274021375074235,0.0,0.24214786767273397,False,-0.028500000000000053,-0.028500000000000053,0.09285714285714286,0.0,0.1803486455666257,0.17912639467419647,2.25,-2.85,0.65,0.0,0.5118110236220472,-0.0,
1791373250.5702646,balance,0.01926827960976031,-0.013000885095190472,-0.013817284635346051,-0.0645140564824849,-0.03128658797135234,0.0017989762737540182,0.17180399550371986,0.0851313838515962,0.0,0.24301711891970681,False,-0.03008333333333335,-0.03008333333333335,0.0,0.09285714285714286,0.1801450559451548,0.17912639467419647,2.2600000000000002,-2.62,0.0,0.65,0.0,-0.5118110236220472,
1791373250.580238,balance,0.019164279975192714,-0.012706399947049033,-0.013935308540505948,0.0004526199790423553,-0.03130061224194464,0.0017989762737540182,0.1717270905168307,0.07851821003947759,0.0,0.24381539139331312,False,-0.03166666666666665,-0.03166666666666665,0.0,0.09285714285714286,0.17994142114148953,0.17912639467419647,2.2,-2.64,0.0,0.65,0.0,-0.5118110236220472,
1791373250.5902324,balance,0.019375374505777063,-0.012848507322366948,-0.0137398834374078,0.06143987958005821,-0.031316281669430845,0.0017989762737540182,0.17165001672755933,0.07156604379855405,0.0,0.2445406336958059,False,-0.033249999999999946,-0.033249999999999946,0.09285714285714286,0.09285714285714286,0.17994142114148953,0.17892251747088514,2.02,-2.7,0.65,0.65,0.5118110236220472,-0.5118110236220472,
1791373250.6002197,balance,0.020285149231891442,-0.013306886785596099,-0.01285985573068583,0.10333787207615378,-0.03134602868882325,0.0017989762737540182,0.1714960381030171,0.07495653032471242,0.0,0.24526956480649786,False,-0.034833333333333244,-0.034833333333333244,0.10471502408761357,0.0,0.1797377558943685,0.178718611294844,2.06,-2.73,0.733005168613295,0.0,0.5771694241049566,-0.0,
1791373250.610243,balance,0.020996396238241486,-0.013730384193313112,-0.01216572157243954,0.04283067627193981,-0.03136314153692701,0.0017989762737540182,0.17141891328341216,0.0771100930485742,0.0,0.24603911855665062,False,-0.03641666666666678,-0.03641666666666678,0.0,0.0,0.1797377558943685,0.1785146943656274,2.0,-2.74,0.0,0.0,0.0,-0.0,
1791373250.6202679,balance,0.02055134904930538,-0.013618682382480745,-0.012643632715012018,-0.09834123861207385,-0.03139600549056338,0.0017989762737540182,0.1712647173441499,0.06913687445484261,0.0,0.24676317256690586,False,-0.038000000000000075,-0.038000000000000075,0.0,0.0,0.17953407294526705,0.17831070318671768,2.05,-2.79,0.0,0.0,0.0,-0.0,
1791373250.6302269,balance,0.019844011947605326,-0.01379122165229295,-0.013399710192906167,-0.005687200485904578,-0.031444745866757474,0.0017989762737540182,0.17103344470077045,0.06537727821600343,0.0,0.24742751587582335,False,-0.03958333333333337,-0.03958333333333337,0.0,0.0,0.1791264118333987,0.178106712007808,2.08,-2.66,0.0,0.0,0.0,-0.0,
1791373250.6402464,balance,0.020261324930983603,-0.013448354398307572,-0.01299819519569983,0.038972815274889716,-0.031460543852929415,0.0017989762737540182,0.1709563713002304,0.06622135479738989,0.0,0.2480936534289901,False,-0.04116666666666667,-0.04116666666666667,0.0,0.0,0.1789225346364533,0.178106712007808,2.13,-2.57,0.0,0.0,0.0,-0.0,
1791373250.6502457,balance,0.020555797782221243,-0.012975989779914295,-0.0127367967270177,0.0023876257944257366,-0.031493618235484924,0.0017989762737540182,0.1708021724648025,0.061150826656681784,0.0,0.24872438585167367,False,-0.04274999999999997,-0.04274999999999997,0.0,0.09285714285714286,0.17871862846041217,0.17790262162875725,2.16,-2.69,0.0,0.65,0.0,-0.5118110236220472,
1791373250.66024,balance,0.019941829733909452,-0.012709057037017224,-0.013402616057400086,-0.041540237106418174,-0.03154546951755552,0.0017989762737540182,0.17057079738330505,0.058268027520832356,0.0,0.24929838980758925,False,-0.044333333333333266,-0.044333333333333266,0.0,0.0,0.17831072035944173,0.17769847452379603,2.2800000000000002,-2.63,0.0,0.0,0.0,-0.0,
1791373250.6702793,balance,0.019854243816130403,-0.012311389287965603,-0.013525860021133105,-0.022377360912533284,-0.03158112756350949,0.0017989762737540182,0.17041661360464508,0.06410403666504666,0.0,0.24992866096091906,False,-0.04591666666666679,-0.04591666666666679,0.09285714285714286,0.09285714285714286,0.17810672918053205,0.17749431502130492,2.2600000000000002,-2.8000000000000003,0.65,0.65,0.5118110236220472,-0.5118110236220472,
1791373250.6802402,balance,0.019305959180297847,-0.012556066669754118,-0.014110902152555083,-0.035345660514617676,-0.03161788505909891,0.0017989762737540182,0.17026249951255237,0.06660881011136431,0.0,0.25057879214451795,False,-0.04750000000000009,-0.04750000000000009,0.09285714285714286,0.0,0.17810672918053205,0.17708585079455896,2.19,-2.8000000000000003,0.65,0.0,0.5118110236220472,-0.0,
1791373250.6902432,balance,0.018726766421494775,-0.012243680475977223,-0.01474332454883944,-0.09675168513185077,-0.031671114696580197,0.0017989762737540182,0.17003119259498603,0.06723397133795098,0.0,0.251258654371198,False,-0.04908333333333339,-0.04908333333333339,0.09285714285714286,0.0,0.1776984917096465,0.17688154279271395,2.27,-2.7800000000000002,0.65,0.0,0.5118110236220472,-0.0,
1791373250.700255,balance,0.01756087459082933,-0.012053501299985026,-0.015964604711497972,-0.07246120184632909,-0.031726503028573286,0.0017989762737540182,0.16980002101147712,0.06257363237093105,0.0,0.251895490052107,False,-0.050666666666666686,-0.050666666666666686,0.0,0.0,0.1772901001009387,0.17667719491365264,2.4,-2.69,0.0,0.0,0.0,-0.0,
1791373250.7102408,balance,0.01726552558448215,-0.011631216892512406,-0.016278456892871045,0.001265764549805743,-0.03174500620359918,0.0017989762737540182,0.16972296439269843,0.0578343797446952,0.0,0.25248731663496865,False,-0.052249999999999984,-0.052249999999999984,0.09285714285714286,0.09285714285714286,0.17708586798756573,0.17667719491365264,2.44,-2.72,0.65,0.65,0.5118110236220472,-0.5118110236220472,
1791373250.720276,balance,0.017559373369058443,-0.010655068197288085,-0.016023676758637986,0.02142001712224034,-0.03178407385394241,0.0017989762737540182,0.1695687188338551,0.05494261757842096,0.0,0.2530341219574946,False,-0.05383333333333328,-0.05383333333333328,0.0,0.0,0.1768815599954663,0.1764728329926453,2.34,-2.66,0.0,0.0,0.0,-0.0,
1791373250.7302418,balance,0.017314783549996753,-0.010098130602649854,-0.01628682117726655,-0.05766196331243124,-0.031802628453509285,0.0017989762737540182,0.16949166239612223,0.04344977360885739,0.0,0.2535074256698806,False,-0.05541666666666681,-0.05541666666666681,0.09285714285714286,0.0,0.17667721211640502,0.1764728329926453,2.46,-2.66,0.65,0.0,0.5118110236220472,-0.0,
1791373250.7404075,balance,0.016790985165984366,-0.010071770224872042,-0.016826570624816486,0.008987308938459452,-0.03184385728964295,0.0017736985011578992,0.16933728200155476,0.03750127066886295,0.0,0.25388111298881616,False,-0.057000000000000106,-0.057000000000000106,0.0,0.0,0.17647285020255438,0.17626840010055292,2.31,-2.62,0.0,0.0,0.0,-0.0,
1791373250.7502458,balance,0.0174110442352545,-0.010029098739886442,-0.016202834442087206,0.06541817362126437,-0.03186452093899115,0.0017493577383505573,0.169260090529671,0.04030467174592161,0.0,0.25428085225381425,False,-0.058583333333333404,-0.058583333333333404,0.0,0.0,0.17647285020255438,0.17606396720846054,2.38,-2.54,0.0,0.0,0.0,-0.0,
1791373250.7602592,balance,0.01816248212420409,-0.00938778355610646,-0.01544844333917552,0.07918486114767576,-0.03188520344434394,0.0017257220190356718,0.169182899130125,0.03835341332605423,0.0,0.2546780950872426,False,-0.0601666666666667,-0.0601666666666667,0.0,0.09285714285714286,0.17626841731046197,0.17606396720846054,2.3000000000000003,-2.52,0.0,0.65,0.0,-0.5118110236220472,
1791373250.7702782,balance,0.018458982304243154,-0.008939702223055642,-0.015193364841118037,0.008364575110960398,-0.03192662512632552,0.0017257220190356718,0.16902851654844248,0.024640111799666724,0.0,0.2549634812783825,False,-0.06175,-0.06175,0.09285714285714286,0.0,0.1760639844183696,0.1758594561926628,2.37,-2.43,0.65,0.0,0.5118110236220472,-0.0,
1791373250.7802534,balance,0.018993163798241765,-0.008850988563030545,-0.014657902691633893,0.09778780545994228,-0.03194736435470323,0.001703702135172426,0.16895132536650467,0.01811294619388187,0.0,0.2551505796760261,False,-0.0633333333333333,-0.0633333333333333,0.0,0.0,0.17585947341231709,0.1758594561926628,2.2600000000000002,-2.45,0.0,0.0,0.0,-0.0,
1791373250.790307,balance,0.020426781510870073,-0.008491393413647217,-0.013224249756514456,0.1745932612398455,-0.0319681225425836,0.0016829087248009314,0.16887413425730186,0.01521788286265123,0.0,0.2553121913244097,False,-0.0649166666666666,-0.0649166666666666,0.0,0.0,0.17585947341231709,0.17565490753950144,2.33,-2.35,0.0,0.0,0.0,-0.0,
1791373250.8002832,balance,0.022077003848939156,-0.008276540148280942,-0.011602323531388119,0.16074497730538864,-0.032032198669993815,0.0016471287103334592,0.16864245314150383,0.01347687346060911,0.0,0.2554514877119502,False,-0.06650000000000013,-0.06650000000000013,0.0,0.09285714285714286,0.17545035302088582,0.17545033579069402,2.35,-2.35,0.0,0.65,0.0,-0.5118110236220472,
1791373250.8102589,balance,0.0234350260437737,-0.007807515170780722,-0.010256270689620725,0.09927458337310917,-0.032075611566544794,0.0016156851668496315,0.16848796116608408,0.01171146411671658,0.0,0.25557569934314045,False,-0.06808333333333343,-0.06808333333333343,0.0,0.0,0.17524567919433012,0.17524566196413835,2.33,-2.46,0.0,0.0,0.0,-0.0,
1791373250.8202782,balance,0.024229590478359146,-0.007924021224493623,-0.00950519883790492,0.07373373703629879,-0.032119104149414435,0.0016156851668496315,0.16833346950879302,0.0037796711684333108,0.0,0.25563263028745403,False,-0.06966666666666672,-0.06966666666666672,0.0,0.0,0.17504100536777448,0.17504098813758268,2.4,-2.5300000000000002,0.0,0.0,0.0,-0.0,
1791373250.8302593,balance,0.02542715227221373,-0.007853998718771274,-0.008338682718377883,0.15287364281003535,-0.032162676638040996,0.0016031583525506162,0.1681789781705074,0.00747969004973484,0.0,0.2557009039496393,False,-0.07125000000000002,-0.07125000000000002,0.0,0.0,0.17483627906516003,0.17483626182860387,2.48,-2.52,0.0,0.0,0.0,-0.0,
1791373250.8402612,balance,0.0270354838074005,-0.00763363821198284,-0.006774003797818702,0.1549835215423528,-0.032206329252668586,0.0016031583525506162,0.1680244871521071,0.003973223045944623,0.0,0.25574926893075706,False,-0.07283333333333332,-0.07283333333333332,0.0,0.09285714285714286,0.17463152963789857,0.17463151240134242,2.5,-2.52,0.0,0.65,0.0,-0.5118110236220472,
1791373250.8502471,balance,0.029024775157840136,-0.007565388116098928,-0.004831311862728003,0.21710645553392974,-0.03225292866801752,0.0016031583525506162,0.16786987730040334,0.010320333847632484,0.0,0.2558348260539837,False,-0.07441666666666662,-0.07441666666666662,0.09285714285714286,0.0,0.1744267638467268,0.1744267466034099,2.45,-2.4,0.65,0.0,0.5118110236220472,-0.0,
1791373250.8602653,balance,0.030529327576698934,-0.007519758230597955,-0.0033735040489846235,0.10973756629196367,-0.03229967327313294,0.0016031583525506162,0.16771526535276468,0.006626282317825497,0.0,0.2559119116638711,False,-0.07600000000000015,-0.07600000000000015,0.0,0.0,0.1742219341098253,0.1742219168665084,2.46,-2.54,0.0,0.0,0.0,-0.0,
1791373250.87025,balance,0.03154742295203691,-0.007853997234250431,-0.002394490801105792,0.09567211511431435,-0.03234650414272274,0.0015954096104199634,0.1675606537722699,0.004512850984667261,0.0,0.25596123221751693,False,-0.07758333333333345,-0.07758333333333345,0.0,0.0,0.17401710437292386,0.17401708712960692,2.47,-2.5300000000000002,0.0,0.0,0.0,-0.0,
1791373250.880232,balance,0.0329721373463088,-0.008042017556345309,-0.0010166937797068327,0.17286913236422463,-0.03239342151559567,0.0015954096104199634,0.16740604255993627,0.009808009573668813,0.0,0.2560511962243864,False,-0.07916666666666675,-0.07916666666666675,0.09285714285714286,0.09285714285714286,0.17381221397988766,0.17381219672941314,2.37,-2.56,0.65,0.65,0.5118110236220472,-0.5118110236220472,
1791373250.890256,balance,0.034419053111083016,-0.008417205618669625,0.0004061206888535502,0.15166215106573866,-0.032416912715631956,0.00159601970659751,0.16732873709214882,0.008904793046941535,0.0,0.25613496079678993,False,-0.08075000000000004,-0.08075000000000004,0.0,0.0,0.17381221397988766,0.17360728196839417,2.4,-2.52,0.0,0.0,0.0,-0.0,
1791373250.9002397,balance,0.036152886019789825,-0.008783422209741031,0.0020855201302468944,0.1705020506636965,-0.03246614620844503,0.001601219681097897,0.1671741909736261,0.007899236833128388,0.0,0.25621983357999384,False,-0.08233333333333334,-0.08233333333333334,0.0,0.0,0.17360729921886872,0.1734023413743414,2.41,-2.52,0.0,0.0,0.0,-0.0,
1791373250.9102614,balance,0.037994673881794255,-0.009008035335257958,0.0038699364655808742,0.20752718097820547,-0.03251770410997941,0.0016070333062339723,0.1670197111585327,0.011845732177263023,0.0,0.25633295277160706,False,-0.08391666666666664,-0.08391666666666664,0.0,0.09285714285714286,0.17340235863456022,0.17319731086333984,2.2800000000000002,-2.5100000000000002,0.0,0.65,0.0,-0.5118110236220472,
1791373250.920274,balance,0.03974574901018902,-0.009253816861012542,0.005579328337785672,0.15966339276842323,-0.032543541730169614,0.001622878942233733,0.16694247209284555,0.010165062703091029,0.0,0.25643767254290684,False,-0.08550000000000016,-0.08550000000000016,0.0,0.09285714285714286,0.17340235863456022,0.1729922803523383,2.29,-2.41,0.0,0.65,0.0,-0.5118110236220472,
1791373250.9302752,balance,0.041438846709419976,-0.009743995442070512,0.007199978480406093,0.16738233590371365,-0.032595288762452684,0.0016435794665611981,0.16678799429627933,0.011102683526647405,0.0,0.25654750955935257,False,-0.08708333333333346,-0.08708333333333346,0.09285714285714286,0.09285714285714286,0.17319732812355867,0.1727871875307024,2.15,-2.42,0.65,0.65,0.5118110236220472,-0.5118110236220472,
1791373250.9402413,balance,0.04309624535601452,-0.01027248389569262,0.008780082346533867,0.17419266888566912,-0.03264713173889037,0.0016690312705902857,0.16663351694715867,0.010830179028007524,0.0,0.25664968221349416,False,-0.08866666666666675,-0.08866666666666675,0.09285714285714286,0.09285714285714286,0.1729922976125571,0.17258207199096406,2.14,-2.54,0.65,0.65,0.5118110236220472,-0.5118110236220472,
1791373250.9502356,balance,0.04513323634329589,-0.010895558698372472,0.010774763774265731,0.21809400402668835,-0.03267453136459563,0.0016839412044345292,0.16655622762585512,0.013953290709902998,0.0,0.25677835187213705,False,-0.09025000000000005,-0.09025000000000005,0.09285714285714286,0.09285714285714286,0.1729922976125571,0.17237692838126512,2.22,-2.58,0.65,0.65,0.5118110236220472,-0.5118110236220472,
1791373250.9602447,balance,0.04719922778332254,-0.0115057696613929,0.012722709900565142,0.20860876020313265,-0.03275549795616809,0.00172101992658931,0.16632440913214214,0.013317297303460016,0.0,0.25690876673482343,False,-0.09183333333333335,-0.09183333333333335,0.09285714285714286,0.0,0.17278720479807924,0.1719664658110618,2.11,-2.59,0.65,0.0,0.5118110236220472,-0.0,
1791373250.9702408,balance,0.04943148944616898,-0.012118647875298361,0.014901360003489433,0.23187987649559924,-0.032809109516090236,0.00172101992658931,0.16616988135029273,0.021453849344465217,0.0,0.25710274911967906,False,-0.09341666666666665,-0.09341666666666665,0.09285714285714286,0.0,0.1725820892583409,0.17176120077109733,2.14,-2.65,0.65,0.0,0.5118110236220472,-0.0,
1791373250.9802423,balance,0.051213090543649024,-0.01281751638514307,0.016602861325396536,0.13235001539209715,-0.032864267587118266,0.001745961631134222,0.16601530328194727,0.024172725454100798,0.0,0.25733873994560524,False,-0.09500000000000018,-0.09500000000000018,0.0,0.09285714285714286,0.17237694565838582,0.17155592460838348,2.15,-2.71,0.0,0.65,0.0,-0.5118110236220472,
1791373250.9902444,balance,0.05241884977132889,-0.013500459805778114,0.01772268591935359,0.11295151900238583,-0.03295020222084108,0.001745961631134222,0.16578317959412664,0.03553776671511017,0.0,0.25766820173156735,False,-0.09658333333333348,-0.09658333333333348,0.09285714285714286,0.09285714285714286,0.17217171437328418,0.17114527690369508,2.18,-2.81,0.65,0.65,0.5118110236220472,-0.5118110236220472,
1791373251.0002215,balance,0.0529227905998724,-0.0143976168197281,0.01811329716289068,0.02024261968305554,-0.033036408133206956,0.001773085303774762,0.16555105451832172,0.04111396438998908,0.0,0.25805763568778217,False,-0.09816666666666678,-0.09816666666666678,0.0996183851881722,0.09285714285714286,0.17196648308818255,0.17073447682043238,2.27,-2.92,0.6973286963172054,0.65,0.5490777136355948,-0.5118110236220472,
1791373251.010239,balance,0.05317291644269451,-0.015419528333732644,0.018306317557841442,0.03775108694069909,-0.0330935135810783,0.001773085303774762,0.16539634823891,0.049886971687295466,0.0,0.25852712494825275,False,-0.09975000000000007,-0.09975000000000007,0.09285714285714286,0.09285714285714286,0.17176121805199598,0.17052899987899914,2.15,-3.0300000000000002,0.65,0.65,0.5118110236220472,-0.5118110236220472,
1791373251.0202887,balance,0.053372775948122536,-0.016278143231608262,0.018416644253167205,0.02132145504288898,-0.03318304639118057,0.001773085303774762,0.16516422364409725,0.06537565873022513,0.0,0.2591383849273318,False,-0.10133333333333337,-0.10133333333333337,0.12219790876952485,0.09285714285714286,0.17155594188928217,0.17011800060706334,2.19,-3.0300000000000002,0.855385361386674,0.65,0.6735317806194283,-0.5118110236220472,
1791373251.030234,balance,0.052683781101609956,-0.016558561823625285,0.017667322467626978,-0.1342207330953936,-0.033243373330208215,0.001773085303774762,0.16500939137855444,0.06819968845082103,0.0,0.2598163897295711,False,-0.10291666666666667,-0.10291666666666667,0.0,0.09285714285714286,0.17135064594051866,0.16991248823822158,2.2,-3.17,0.0,0.65,0.0,-0.5118110236220472,
1791373251.0402412,balance,0.05142225229143598,-0.017038388840146725,0.01634532284439265,-0.1158682460008107,-0.03330384414326857,0.001773085303774762,0.16485455708944266,0.07352174625986171,0.0,0.26053927736176424,False,-0.10449999999999997,-0.10449999999999997,0.0,0.09285714285714286,0.17114529419095692,0.16970687686171035,2.16,-3.12,0.0,0.65,0.0,-0.5118110236220472,
1791373251.0502465,balance,0.05041096958704018,-0.01777915939120132,0.015303021940506104,-0.07557508023479956,-0.033334862342759314,0.001773085303774762,0.16477713979311628,0.07983115345096822,0.0,0.26131913014917035,False,-0.1060833333333335,-0.1060833333333335,0.0,0.09570047528008273,0.17114529419095692,0.16950123929730154,2.15,-3.0,0.0,0.6699033269605791,0.0,-0.5274829346146291,
1791373251.060257,balance,0.04959523982380848,-0.018459563216400927,0.014424622509510855,-0.0972870573939442,-0.03339753201052286,0.001773085303774762,0.16462238766152634,0.08647538402187553,0.0,0.26216550209050615,False,-0.1076666666666668,-0.1076666666666668,0.09285714285714286,0.0,0.17093994244139524,0.16929559108734712,2.05,-3.0700000000000003,0.65,0.0,0.5118110236220472,-0.0,
1791373251.0702682,balance,0.04873283363257744,-0.018815088101186383,0.013562216318279814,-0.06369559415948733,-0.03339753201052286,0.001773085303774762,0.16462238766152634,0.10427591064923931,0.0,0.2631613904660962,False,-0.1092500000000001,-0.1092500000000001,0.09802933980718738,0.09285714285714286,0.17093994244139524,0.16929559108734712,2.05,-3.0100000000000002,0.6862053786503116,0.65,0.540319195787647,-0.5118110236220472,
1791373251.0802357,balance,0.04732676912576216,-0.019169329949554666,0.012093322652875695,-0.21656756543218292,-0.033460361169111705,0.001773085303774762,0.16446763784178423,0.10284690614782767,0.0,0.2642022762990521,False,-0.1108333333333334,-0.1108333333333334,0.09285714285714286,0.0,0.17073449411823335,0.1690899180992253,1.96,-3.0,0.65,0.0,0.5118110236220472,-0.0,
1791373251.0902536,balance,0.04495585477291764,-0.019552833170212995,0.009689171502392638,-0.2313516820726507,-0.03349359796675024,0.001773085303774762,0.164390304286844,0.1026161270663445,0.0,0.2652242990277317,False,-0.11241666666666669,-0.11241666666666669,0.09285714285714286,0.0,0.17073449411823335,0.1688842451111035,1.87,-2.95,0.65,0.0,0.5118110236220472,-0.0,
1791373251.1002245,balance,0.04238922845955715,-0.019459166040960325,0.007092834483372252,-0.2420099207309854,-0.033523308672410136,0.001773085303774762,0.16431288867250146,0.10847389836365086,0.0,0.2662950369694932,False,-0.11399999999999999,-0.11399999999999999,0.09285714285714286,0.0,0.1705290171768001,0.1688842451111035,1.87,-2.91,0.65,0.0,0.5118110236220472,-0.0,
1791373251.1102412,balance,0.040367929963567785,-0.01976723830760997,0.0050403425140425,-0.18054091391701352,-0.03355450214575052,0.001773085303774762,0.16423547251495202,0.11544265401080928,0.0,0.26742991429483565,False,-0.11558333333333351,-0.11558333333333351,0.0,0.0,0.17032353027668845,0.1688842451111035,1.99,-2.79,0.0,0.0,0.0,-0.0,
1791373251.1223269,balance,0.03871770713568274,-0.01968114671946902,0.0032941943150726705,-0.16598576825889902,-0.03365042751683531,0.001773085303774762,0.1640033079544215,0.12102809033759318,0.0,0.26863322579083526,False,-0.11716666666666681,-0.11716666666666681,0.0,0.0,0.16991250553900494,0.1686785032241871,2.04,-2.79,0.0,0.0,0.0,-0.0,
1791373251.1305296,balance,0.03670099295974122,-0.019161958852061074,0.001212685995300806,-0.17594471500945147,-0.03371522166066565,0.001773085303774762,0.16384856009297927,0.12038589957664249,0.0,0.26983777247121266,False,-0.1187500000000001,-0.1187500000000001,0.0,0.0,0.1697068941730331,0.16847274519254665,2.06,-2.88,0.0,0.0,0.0,-0.0,
1791373251.1402636,balance,0.03527301061671853,-0.018762641095404504,-0.0002823056689822542,-0.1183272501556341,-0.03378223098192602,0.001773085303774762,0.16369365040889938,0.12323804263158518,0.0,0.27106302198536913,False,-0.1203333333333334,-0.1203333333333334,0.0,0.09285714285714286,0.16950125660862433,0.16826696298758292,2.0100000000000002,-2.82,0.0,0.65,0.0,-0.5118110236220472,
1791373251.1502333,balance,0.03413940249514498,-0.018644258006698614,-0.001485133920387626,-0.08590337116916996,-0.033851451111757844,0.001773085303774762,0.16353881948766996,0.127612154959406,0.0,0.27232829539637493,False,-0.1219166666666667,-0.1219166666666667,0.09285714285714286,0.0,0.16929560840165203,0.16806112938018106,2.02,-3.06,0.65,0.0,0.5118110236220472,-0.0,
1791373251.1602452,balance,0.032803994020818114,-0.018692016600036918,-0.0029257523284461273,-0.1721902484735736,-0.03395666104548948,0.001773085303774762,0.16330649418384174,0.13229911098982533,0.0,0.27364198923110683,False,-0.1235,-0.1235,0.09285714285714286,0.09285714285714286,0.16908993541353018,0.16764939161918538,2.21,-3.0100000000000002,0.65,0.65,0.5118110236220472,-0.5118110236220472,
1791373251.170241,balance,0.030918969975809417,-0.018078291704540922,-0.004911997359217996,-0.18115901165542522,-0.03405788203125265,0.001773085303774762,0.16307450224566,0.12845777916554188,0.0,0.27493933713736735,False,-0.12508333333333355,-0.12508333333333355,0.09285714285714286,0.09285714285714286,0.16847276251401083,0.16764939161918538,2.43,-2.93,0.65,0.65,0.5118110236220472,-0.5118110236220472,
1791373251.1802304,balance,0.0292856110707992,-0.017014718699003218,-0.006653264513587147,-0.1542250841276226,-0.034165790280611584,0.001773085303774762,0.16284201813474505,0.12796217604477753,0.0,0.27621062079868014,False,-0.12666666666666684,-0.12666666666666684,0.0,0.0,0.16806114670800743,0.16744347296456943,2.49,-2.96,0.0,0.0,0.0,-0.0,
1791373251.190235,balance,0.028030787334901296,-0.015909193738030743,-0.007980227587494997,-0.09912517608917991,-0.03423792961862153,0.001773085303774762,0.16268702753486003,0.12165780344452325,0.0,0.2774519312882351,False,-0.12825000000000014,-0.12825000000000014,0.0,0.0,0.16764940895417135,0.16744347296456943,2.61,-2.83,0.0,0.0,0.0,-0.0,
1791373251.2002544,balance,0.027416501500568458,-0.015743634844466305,-0.008632070140563719,0.039657073743124174,-0.034275486337357414,0.001773085303774762,0.1626096780424844,0.11244952199996046,0.0,0.2785956235909645,False,-0.12983333333333344,-0.12983333333333344,0.0,0.0,0.16764940895417135,0.16723754229675347,2.49,-2.8000000000000003,0.0,0.0,0.0,-0.0,
1791373251.210242,balance,0.028307734745438174,-0.01534193462344987,-0.007740836895694002,0.10550041515999044,-0.034275486337357414,0.001773085303774762,0.1626096780424844,0.10738388204065306,0.0,0.27968758672985544,False,-0.13141666666666674,-0.13141666666666674,0.09285714285714286,0.0,0.16764940895417135,0.16723754229675347,2.38,-2.75,0.65,0.0,0.5118110236220472,-0.0,
1791373251.2202945,balance,0.029164344691001095,-0.014549034631118155,-0.006958040068999252,0.05272338511642113,-0.034349299456225585,0.001773085303774762,0.16245483719380896,0.09890437333314721,0.0,0.28069715506640724,False,-0.13300000000000003,-0.13300000000000003,0.09285714285714286,0.09285714285714286,0.16744349029955544,0.16703158822489156,2.46,-2.79,0.65,0.65,0.5118110236220472,-0.5118110236220472,
1791373251.2302258,balance,0.029094940717080738,-0.014308988180619278,-0.007102835963639083,-0.015708516972358907,-0.03442469137694506,0.001773085303774762,0.16230014274388796,0.09640750325139949,0.0,0.28165861711617174,False,-0.13458333333333333,-0.13458333333333333,0.0,0.0,0.16723755963472103,0.16682563415302964,2.37,-2.7,0.0,0.0,0.0,-0.0,
1791373251.240273,balance,0.028542706767179817,-0.014189018363784651,-0.0076928344605771025,-0.0840065027750133,-0.03446245592398216,0.001773085303774762,0.16222279734897393,0.08947422025131159,0.0,0.28259346495343846,False,-0.13616666666666685,-0.13616666666666685,0.0,0.0,0.1670316055628591,0.16682563415302964,2.47,-2.61,0.0,0.0,0.0,-0.0,
1791373251.250235,balance,0.02758889446903403,-0.01362771823546685,-0.008684447334022162,-0.04782410898620385,-0.03450025649928143,0.001773085303774762,0.1621454521856365,0.07664242100947637,0.0,0.2833903218473195,False,-0.13775000000000015,-0.13775000000000015,0.0,0.0,0.16682565149099718,0.16682563415302964,2.5100000000000002,-2.45,0.0,0.0,0.0,-0.0,
1791373251.2602336,balance,0.027871312921264633,-0.01296639618444827,-0.008439865536827181,0.03837048356867036,-0.03453809315431705,0.001773085303774762,0.16206810725420717,0.0678517414054747,0.0,0.28409253113162863,False,-0.13933333333333345,-0.13933333333333345,0.0,0.0,0.16661965931535191,0.16682563415302964,2.46,-2.44,0.0,0.0,0.0,-0.0,
1791373251.2702537,balance,0.028083281244999928,-0.013082828087398255,-0.008265769999435863,0.027712160617578807,-0.03457596594066103,0.001773085303774762,0.1619907625550181,0.059944588791712286,0.0,0.28471050971644973,False,-0.14091666666666675,-0.14091666666666675,0.09285714285714286,0.0,0.16661965931535191,0.16661964197360501,2.33,-2.49,0.65,0.0,0.5118110236220472,-0.0,
1791373251.2802548,balance,0.028157040761866592,-0.01368147694634479,-0.008269795643537955,0.0023122158076553487,-0.034653751101629784,0.001773085303774762,0.16183588859864032,0.05433919741020805,0.0,0.2852605098182121,False,-0.14250000000000004,-0.14250000000000004,0.11092701990305427,0.0,0.16661965931535191,0.16620760255097758,2.25,-2.48,0.7764891393213799,0.0,0.6114087711191968,-0.0,
1791373251.290254,balance,0.02859314974875948,-0.01437412497152951,-0.007871669114117682,0.08129434933290366,-0.0346917335591024,0.001773085303774762,0.1617585446100412,0.05399895403724623,0.0,0.2857985373589129,False,-0.14408333333333334,-0.14408333333333334,0.09285714285714286,0.0,0.16641366034924823,0.16620760255097758,2.2600000000000002,-2.49,0.65,0.0,0.5118110236220472,-0.0,
1791373251.300275,balance,0.029185719583161455,-0.014514775316993378,-0.007399148722807918,0.032203746269032066,-0.03481178300219461,0.001773085303774762,0.16152595084257823,0.05794176611349082,0.0,0.2863719637572946,False,-0.14566666666666686,-0.14566666666666686,0.09285714285714286,0.0,0.16620761990246663,0.16579537316869356,2.23,-2.56,0.65,0.0,0.5118110236220472,-0.0,
1791373251.3102558,balance,0.02903852177895102,-0.014776766073843463,-0.007626598347698527,-0.056838341479984296,-0.034892034822874785,0.001773085303774762,0.16137088708420053,0.04421308534829269,0.0,0.2868582979224861,False,-0.14725000000000016,-0.14725000000000016,0.0,0.0,0.16600150521132462,0.16558925436054617,2.38,-2.52,0.0,0.0,0.0,-0.0,
1791373251.320272,balance,0.02874451666226849,-0.015370811737210114,-0.008001009663295807,0.01464722673260968,-0.034972441021789535,0.001773085303774762,0.16121582436710782,0.03707430954811198,0.0,0.287243496621157,False,-0.14883333333333346,-0.14883333333333346,0.0,0.0,0.16579539052018263,0.16538313492721082,2.3000000000000003,-2.46,0.0,0.0,0.0,-0.0,
1791373251.3302367,balance,0.028958752978415114,-0.016189559698070365,-0.007857901325296896,-0.026646089169265273,-0.03505527175350389,0.0017613825502081188,0.16106082815991102,0.033562572339362176,0.0,0.287589978650064,False,-0.15041666666666675,-0.15041666666666675,0.0,0.0,0.16558927171243443,0.16517698693988053,2.3000000000000003,-2.58,0.0,0.0,0.0,-0.0,
1791373251.3402631,balance,0.02828832109406196,-0.016845809141936806,-0.008611370602021594,-0.056326626482561405,-0.035138309145875436,0.0017613825502081188,0.16090583441727435,0.026510694593375694,0.0,0.2878691863000123,False,-0.15200000000000005,-0.15200000000000005,0.0,0.0,0.1653831522790991,0.16497079193909853,2.24,-2.67,0.0,0.0,0.0,-0.0,
1791373251.3502586,balance,0.027878061797034333,-0.017498867923594178,-0.009093487840689213,-0.028880820477472965,-0.03522382781036073,0.001747721827362817,0.16075090867151046,0.029028075163539318,0.0,0.28815586649284475,False,-0.15358333333333335,-0.15358333333333335,0.09285714285714286,0.0,0.1653831522790991,0.16455832645075294,2.14,-2.63,0.65,0.0,0.5118110236220472,-0.0,
1791373251.3602438,balance,0.02761291243875366,-0.018577228372557677,-0.009330675597606286,-0.014296204305178138,-0.03522382781036073,0.0017197602259992142,0.16075090867151046,0.028464119668947425,0.0,0.28843693964385764,False,-0.1551666666666669,-0.1551666666666669,0.0,0.0,0.1653831522790991,0.16455832645075294,2.0300000000000002,-2.61,0.0,0.0,0.0,-0.0,
1791373251.3702753,balance,0.026694837139472162,-0.019446633755154038,-0.010321085831110507,-0.1511727984398843,-0.03531079395125649,0.0017051290193261786,0.16059603080211218,0.021155133739851718,0.0,0.2886852560739726,False,-0.1567500000000002,-0.1567500000000002,0.0,0.0,0.1653831522790991,0.1641457682231804,1.97,-2.67,0.0,0.0,0.0,-0.0,
1791373251.3802593,balance,0.02519664501916168,-0.02047128870284247,-0.011906390688150786,-0.09250417188808087,-0.035397906687986286,0.0017051290193261786,0.16044115373483558,0.004596996536808915,0.0,0.2887680256272104,False,-0.1583333333333335,-0.1583333333333335,0.0,0.0,0.16517700429813037,0.1639394929127583,1.8800000000000001,-2.67,0.0,0.0,0.0,-0.0,
1791373251.3902621,balance,0.025538643699327148,-0.021111891020339498,-0.011547045419973338,0.10863245316683363,-0.035397906687986286,0.0016877824313142006,0.16044115373483558,0.0023297672853757286,0.0,0.2887935155143742,False,-0.1599166666666668,-0.1599166666666668,0.0,0.0,0.16517700429813037,0.1639394929127583,1.77,-2.62,0.0,0.0,0.0,-0.0,
1791373251.400283,balance,0.026613402685203704,-0.021794012172755443,-0.010588092393561926,0.05799423247776778,-0.035529618645038154,0.0016718764337274776,0.16020886631846776,0.006006218771301702,0.0,0.2888510445199472,False,-0.1615000000000001,-0.1615000000000001,0.0,0.0,0.16497080929734834,0.16352686515889286,1.81,-2.74,0.0,0.0,0.0,-0.0,
1791373251.4102557,balance,0.025802397984669927,-0.02261005036264563,-0.01153350059802,-0.19103043662819275,-0.03566402214896245,0.0016718764337274776,0.15997652751446,-0.003666803012373751,0.0,0.28884102096289455,False,-0.16308333333333339,-0.16308333333333339,0.0,0.0,0.1647646142965663,0.16311412967513292,1.8900000000000001,-2.85,0.0,0.0,0.0,-0.0,
1791373251.4202762,balance,0.023631254942282357,-0.023687119506624246,-0.01373092992004194,-0.1855995263376027,-0.03571093576448071,0.001651249097843589,0.15989906058260403,-0.006912566469000165,0.0,0.288772541489702,False,-0.16466666666666668,-0.16466666666666668,0.0,0.0,0.1647646142965663,0.16290773390025085,1.75,-2.81,0.0,0.0,0.0,-0.0,
1791373251.430257,balance,0.022266955552735394,-0.024507623167247316,-0.015140707031393202,-0.08951811800124652,-0.03580122411931058,0.001606438464818014,0.15974413525982378,-0.007469603874354472,0.0,0.2886960139937467,False,-0.16624999999999998,-0.16624999999999998,0.0,0.0,0.16455834381616302,0.16270133812536872,1.78,-2.75,0.0,0.0,0.0,-0.0,
1791373251.4402528,balance,0.021711715021341855,-0.024963967932569817,-0.015833549308942416,-0.016987803662320427,-0.035938825865466255,0.001606438464818014,0.15951174602103388,-0.0021560127438944266,0.0,0.2886564914490197,False,-0.16783333333333328,-0.16783333333333328,0.0,0.0,0.16435206375985217,0.1622884600820719,1.74,-3.04,0.0,0.0,0.0,-0.0,
1791373251.4502301,balance,0.021735314958126552,-0.025605952261782416,-0.015954376146314134,-0.009685452281745659,-0.03608325263962267,0.001606438464818014,0.1592794185267046,0.004570222727358866,0.0,0.28869431040111493,False,-0.16941666666666658,-0.16941666666666658,0.0,0.0,0.16414578558819098,0.1618755278863036,1.75,-3.19,0.0,0.0,0.0,-0.0,
1791373251.4602566,balance,0.02070432089004286,-0.026431728653855346,-0.017080287304659332,-0.1581467568298773,-0.03617816972988418,0.001606438464818014,0.15912455245447962,-0.004491703792230834,0.0,0.28867667577803596,False,-0.17099999999999987,-0.17099999999999987,0.0,0.0,0.16393951027776887,0.16166905180178145,1.77,-3.19,0.0,0.0,0.0,-0.0,
1791373251.4702556,balance,0.01906238367034551,-0.026859140491125644,-0.018789100557774052,-0.15489839114955853,-0.03627327175312294,0.0015782124749966207,0.15896968781864138,-0.008808443033890693,0.0,0.28859396834400064,False,-0.17258333333333317,-0.17258333333333317,0.0,0.0,0.16373323496734682,0.16146253325814908,1.85,-3.1,0.0,0.0,0.0,-0.0,
1791373251.4802532,balance,0.01792567359779657,-0.026911238926325153,-0.01996181167247013,-0.11371645298347054,-0.036368559248615616,0.0015189260216510855,0.15881482462339178,-0.006485719629833107,0.0,0.28852490291445637,False,-0.17416666666666647,-0.17416666666666647,0.0,0.0,0.16352688253106387,0.16125601226737496,1.83,-3.06,0.0,0.0,0.0,-0.0,
1791373251.4902601,balance,0.01655260937961933,-0.026844408010214517,-0.02143183964950459,-0.10880841236845183,-0.036465523007472835,0.0015189260216510855,0.1586600109259586,-0.011453271680568039,0.0,0.288418044217121,False,-0.17574999999999977,-0.17574999999999977,-0.09285714285714286,0.0,0.16332052216326529,0.16104949343946115,1.83,-3.11,-0.65,0.0,-0.5118110236220472,-0.0,
1791373251.5002797,balance,0.015895479358288694,-0.02688336638339167,-0.022070622074490745,-0.04769189320347212,-0.036513169528064514,0.0014529319047149253,0.15858255114729172,-0.011216617934529313,0.0,0.2883102261877531,False,-0.17733333333333307,-0.17733333333333307,0.0,0.0,0.16311414705028465,0.16104949343946115,1.74,-3.1,0.0,0.0,0.0,-0.0,
1791373251.5102394,balance,0.015498260849053095,-0.026662338401428603,-0.022486156072341532,-0.030827359111468066,-0.036565037167186565,0.001419379754208061,0.15850514586519737,-0.0099829454883014,0.0,0.2882014565609656,False,-0.17891666666666636,-0.17891666666666636,0.0,0.0,0.16311414705028465,0.16084297720011898,1.72,-3.12,0.0,0.0,0.0,-0.0,
1791373251.5203235,balance,0.014901974317732082,-0.02654557576285243,-0.023113223696175866,-0.11111835134049562,-0.03666479412025557,0.0013504038936523787,0.15835028126686496,-0.00953776163690805,0.0,0.2881099277215734,False,-0.18049999999999966,-0.18049999999999966,0.0,0.0,0.16290775127540255,0.1606364609607768,1.76,-3.11,0.0,0.0,0.0,-0.0,
1791373251.5302253,balance,0.01360006460720667,-0.026019027116445746,-0.02439046003657569,-0.129075807771656,-0.0367126795758913,0.0012778450678910603,0.1582728218865362,-0.009234297412098217,0.0,0.28801595729769,False,-0.18208333333333296,-0.18208333333333296,0.0,0.0,0.16270135550052045,0.1606364609607768,1.78,-3.0,0.0,0.0,0.0,-0.0,
1791373251.5402393,balance,0.012068381059576572,-0.025593609498173027,-0.025945124528812844,-0.15048067422859981,-0.03681272770540708,0.0012007778829823323,0.15811795962557473,-0.011081120423741151,0.0,0.2879099222151278,False,-0.18366666666666626,-0.18366666666666626,0.0,0.0,0.1624949181402902,0.16042986264926531,1.79,-3.04,0.0,0.0,0.0,-0.0,
1791373251.5503843,balance,0.010718059812247542,-0.02495520249264552,-0.02740520633458874,-0.12551016191625275,-0.036963657827701606,0.0011596083191346778,0.15788564768134572,-0.014580691924818586,0.0,0.2877688165771824,False,-0.18524999999999955,-0.18524999999999955,0.0,-0.09285714285714286,0.16208202135273825,0.16022326134700343,1.85,-3.04,0.0,-0.65,0.0,0.5118110236220472,
1791373251.560239,balance,0.010195625257833862,-0.0241420258745255,-0.027936462246736002,0.00769272583627235,-0.037014446830272545,0.0011176406742973177,0.1578081969485451,-0.01008737649569398,0.0,0.28766164865740496,False,-0.18683333333333285,-0.18683333333333285,0.0,0.0,0.16187554526821607,0.16022326134700343,1.93,-2.89,0.0,0.0,0.0,-0.0,
1791373251.5702426,balance,0.010060811167941795,-0.023221969978786262,-0.028227429425597934,-0.005431984525733246,-0.03717059991924241,0.0011176406742973177,0.15757584050320883,-0.013480781572801146,0.0,0.28753437858909214,False,-0.18841666666666615,-0.18841666666666615,0.0,0.0,0.1614625506438419,0.16001666230034847,2.0300000000000002,-2.93,0.0,0.0,0.0,-0.0,
1791373251.5802543,balance,0.010232159159436116,-0.02204513649553066,-0.02807723426627859,-0.018731256918771002,-0.037276161691532396,0.001033231734182308,0.15742093498428658,-0.01357764933800799,0.0,0.2873965541014284,False,-0.18999999999999945,-0.18999999999999945,0.0,0.0,0.1612560296530678,0.15981006575136628,2.16,-2.84,0.0,0.0,0.0,-0.0,
1791373251.5902443,balance,0.009733357269346635,-0.02099445551778513,-0.028638713801912335,-0.055548633247621784,-0.037381434532612785,0.0009906365386461841,0.15726613646856777,-0.010179339571896602,0.0,0.2872839188562815,False,-0.19158333333333274,-0.19158333333333274,-0.09285714285714286,-0.09285714285714286,0.16084299458541182,0.15981006575136628,2.17,-2.82,-0.65,-0.65,-0.5118110236220472,0.5118110236220472,
1791373251.6002455,balance,0.008634090315299908,-0.01985689635765398,-0.029854416688271525,-0.15655716703533326,-0.03754178209533666,0.0009467249082347744,0.1570338865237308,-0.01957018520359163,0.0,0.2871306634155586,False,-0.19316666666666604,-0.19316666666666604,0.0,0.0,0.16042988004171907,0.15960346920238408,2.32,-2.9,0.0,0.0,0.0,-0.0,
1791373251.6102426,balance,0.007388451572384714,-0.018917219816279498,-0.031207885886929715,-0.06772754951272184,-0.03764961255107965,0.0009467249082347744,0.15687903651053975,-0.02190639522293073,0.0,0.28689617354011787,False,-0.19474999999999934,-0.19474999999999934,0.0,-0.09285714285714286,0.16022327873945721,0.15939682845502273,2.42,-2.83,0.0,-0.65,0.0,0.5118110236220472,
1791373251.6203108,balance,0.007585372255370765,-0.017851522321447974,-0.031120975072812133,0.03815466575093305,-0.037759622419948125,0.0009467249082347744,0.15672413261546111,-0.010746072147166606,0.0,0.2867714956915149,False,-0.19633333333333264,-0.19633333333333264,0.0,0.0,0.1598100831434199,0.15939682845502273,2.5,-2.79,0.0,0.0,0.0,-0.0,
1791373251.630239,balance,0.007332334796503615,-0.01657520304056459,-0.031484280772744705,-0.013472305651470489,-0.037869890661013546,0.0009467249082347744,0.15656922946977775,-0.016770529745075785,0.0,0.2866200862436591,False,-0.19791666666666594,-0.19791666666666594,0.0,0.0,0.1596034865944377,0.15919018699701698,2.5300000000000002,-2.7800000000000002,0.0,0.0,0.0,-0.0,
1791373251.6402595,balance,0.0072412700353769064,-0.015315468284545355,-0.03164894633760098,-0.026220568174838723,-0.03803847862953023,0.0008517377434476567,0.15633691680204445,-0.016037638514262906,0.0,0.28645349295967965,False,-0.19949999999999923,-0.19949999999999923,0.0,0.0,0.1591902043928512,0.15898354788697994,2.56,-2.7600000000000002,0.0,0.0,0.0,-0.0,
1791373251.6502347,balance,0.007037848931308322,-0.01445215279379057,-0.031862835317642224,-0.027210284756480123,-0.03809663728081808,0.0008040469681324668,0.1562595058974563,-0.013192671839044871,0.0,0.28631227940183845,False,-0.20108333333333253,-0.20108333333333253,0.0,0.0,0.15898356528241395,0.15898354788697994,2.58,-2.62,0.0,0.0,0.0,-0.0,
1791373251.660237,balance,0.006479554473011473,-0.013731386155069025,-0.03247940410756634,-0.055872413725247774,-0.03815491161244535,0.0008040469681324668,0.15618209632645116,-0.009739102670470368,0.0,0.28620669224792084,False,-0.20266666666666583,-0.20266666666666583,0.0,0.0,0.15877692857861173,0.15898354788697994,2.57,-2.5500000000000003,0.0,0.0,0.0,-0.0,
1791373251.6702425,balance,0.0056677114400483265,-0.012711792323239374,-0.033358570099462456,-0.10379624950630728,-0.038271633744029296,0.0007546477954814853,0.15602727877794453,-0.012655392411200578,0.0,0.2860882915323853,False,-0.20424999999999913,-0.20424999999999913,0.0,0.0,0.1585702917372026,0.15877691118317774,2.62,-2.5500000000000003,0.0,0.0,0.0,-0.0,
1791373251.6802385,balance,0.004888141812014449,-0.011716690271621527,-0.03409449141574403,-0.0431070423320538,-0.038330081715398916,0.0006525515123595603,0.15594987080202483,-0.015104145180525707,0.0,0.2859423339688931,False,-0.20583333333333242,-0.20583333333333242,0.0,-0.09285714285714286,0.1583636148785804,0.15877691118317774,2.59,-2.36,0.0,-0.65,0.0,0.5118110236220472,
1791373251.690258,balance,0.004406797108197841,-0.011177866840702252,-0.034640866943798095,-0.017442694219664413,-0.03844715189909126,0.0006005121529046809,0.15579505645081948,-0.016816545986016753,0.0,0.2857745630784578,False,-0.20741666666666572,-0.20741666666666572,-0.09285714285714286,0.0,0.15815693801995817,0.15857027433838822,2.57,-2.27,-0.65,0.0,-0.5118110236220472,-0.0,
1791373251.7002702,balance,0.004527684468593791,-0.010776439641162986,-0.0344163830754012,0.02371531300432659,-0.03844715189909126,0.0004969156449037382,0.15579505645081948,-0.014924638368199702,0.0,0.2856207062460761,False,-0.20899999999999902,-0.20899999999999902,0.0,-0.09285714285714286,0.15815693801995817,0.15857027433838822,2.5500000000000003,-2.32,0.0,-0.65,0.0,0.5118110236220472,
1791373251.710257,balance,0.004859052772502655,-0.010310541438736468,-0.034152537291601795,0.016595981679228357,-0.038565980183784994,0.00044560988031945906,0.15564026212945556,-0.011970223831648447,0.0,0.2854976689187121,False,-0.21058333333333232,-0.21058333333333232,0.0,0.0,0.15795025872164248,0.15836359747976603,2.52,-2.19,0.0,0.0,0.0,-0.0,
1791373251.7203038,balance,0.004764034532072179,-0.009934151389200506,-0.03431538282216577,-0.013247148823649343,-0.03868507636440844,0.0003943409898295073,0.15548547037746746,-0.010018840279020226,0.0,0.2853893972342312,False,-0.21216666666666562,-0.21216666666666562,-0.09285714285714286,0.0,0.1577435771078928,0.15815692062114378,2.5,-2.24,-0.65,0.0,-0.5118110236220472,-0.0,
1791373251.7302377,balance,0.0044488284218988814,-0.009993249826000979,-0.034699323648895705,-0.0520906317160632,-0.03880593825720278,0.00034221381359180716,0.155330698784124,-0.009872926976976193,0.0,0.2852980740737344,False,-0.2137499999999989,-0.2137499999999989,0.0,-0.09285714285714286,0.15753689468837212,0.15795024132242777,2.48,-2.23,0.0,-0.65,0.0,0.5118110236220472,
1791373251.7402663,balance,0.003762595650261996,-0.010205725926571745,-0.0355066906333814,-0.08722134515264536,-0.038927072470051595,0.00034221381359180716,0.15517592983128273,-0.014332809510571294,0.0,0.2851657780332379,False,-0.2153333333333322,-0.2153333333333322,0.0,0.0,0.15733017767492985,0.15774355970867812,2.56,-2.3000000000000003,0.0,0.0,0.0,-0.0,
1791373251.7503011,balance,0.0030254691774559777,-0.01046559361156105,-0.03625043892800313,-0.03148386044619863,-0.03898773023362767,0.0002881778718314332,0.15509854621000524,-0.010894748064479954,0.0,0.28504125592585494,False,-0.2169166666666655,-0.2169166666666655,0.0,-0.09285714285714286,0.15733017767492985,0.15753687728617735,2.5,-2.27,0.0,-0.65,0.0,0.5118110236220472,
1791373251.7602577,balance,0.0027652997665124977,-0.010793173489510142,-0.03652262632422728,-0.04115118337993256,-0.03910922752561777,0.00017869856512201266,0.1549437806820075,-0.011425731161406707,0.0,0.2849336433771678,False,-0.2184999999999988,-0.2184999999999988,0.0,0.0,0.1571234606614876,0.1573301602727351,2.5500000000000003,-2.31,0.0,0.0,0.0,-0.0,
1791373251.7702584,balance,0.002629405031613114,-0.011057432420826529,-0.036782860274026746,0.014259403598531615,-0.03923356674051785,0.00017869856512201266,0.15478906392642372,-0.004058420604430965,0.0,0.2848695532037296,False,-0.2200833333333321,-0.2200833333333321,-0.09285714285714286,0.0,0.15691674111591877,0.15712344325929287,2.52,-2.37,-0.65,0.0,-0.5118110236220472,-0.0,
1791373251.7803016,balance,0.002692089067650221,-0.011746361950065837,-0.03684741989412132,-0.03285766503592435,-0.03936081039664953,0.00017869856512201266,0.15463439706822643,-0.0022802097156076296,0.0,0.2848545521129481,False,-0.2216666666666654,-0.2216666666666654,0.0,0.0,0.1567100193464252,0.1569167237133236,2.52,-2.49,0.0,0.0,0.0,-0.0,
1791373251.7902598,balance,0.0019993099825360017,-0.012419656717809462,-0.037731623043665355,-0.10754923848018785,-0.03955223446107935,0.00017869856512201266,0.15440240292906704,-0.007729719388596394,0.0,0.2847863614271078,False,-0.2232499999999987,-0.2232499999999987,0.0,0.0,0.1565032977771485,0.15650328037495373,2.45,-2.52,0.0,0.0,0.0,-0.0,
1791373251.8003097,balance,0.0009550479749757402,-0.013435810936887248,-0.038782166638367574,-0.07200134013145146,-0.03961617037697434,0.00012104423636897584,0.1543250728091549,-0.005733114600660503,0.0,0.2847214132289489,False,-0.224833333333332,-0.224833333333332,0.0,0.0,0.1565032977771485,0.15629656336151151,2.41,-2.47,0.0,0.0,0.0,-0.0,
1791373251.8102374,balance,0.0002015179178224852,-0.014489885601665243,-0.03960426530174003,-0.07647744591616717,-0.039744234624608264,6.154859495424371e-05,0.15417041446472898,-0.009493418146580392,0.0,0.2846319578895073,False,-0.2264166666666653,-0.2264166666666653,0.0,0.0,0.15629658076370626,0.15608984634806924,2.36,-2.65,0.0,0.0,0.0,-0.0,
1791373251.8203177,balance,0.00022201814087632467,-0.01545065231962892,-0.03971646156808065,0.030860689835581108,-0.03987693111400272,6.154859495424371e-05,0.15401596603590023,-0.0023287230845428853,0.0,0.284592924424495,False,-0.2279999999999986,-0.2279999999999986,0.0,0.0,0.15629658076370626,0.15567640494064736,2.31,-2.65,0.0,0.0,0.0,-0.0,
1791373251.8302462,balance,0.00015986857402914268,-0.016565225039628276,-0.039909406973982944,-0.0181307045925176,-0.04000772695305784,6.154859495424371e-05,0.153861417657795,-0.006975997545198097,0.0,0.2845349850964052,False,-0.2295833333333319,-0.2295833333333319,0.0,0.0,0.156089863750264,0.1554696834637301,2.22,-2.58,0.0,0.0,0.0,-0.0,
1791373251.840274,balance,4.439007265818028e-07,-0.017521576644291343,-0.04007543056411748,-0.014093623638321187,-0.040074330091658984,1.5443731850738585e-06,0.15378419687120937,-0.003941308360266613,0.0,0.28448050912863493,False,-0.2311666666666652,-0.2311666666666652,-0.09285714285714286,0.0,0.156089863750264,0.1552629664502879,2.13,-2.61,-0.65,0.0,-0.5118110236220472,-0.0,
1791373251.850272,balance,-0.00037881084066758664,-0.018718429740854362,-0.04052135536526529,-0.07159259080446498,-0.040141000151412635,1.5443731850738585e-06,0.15370697676749245,-0.004529937574390976,0.0,0.2844465671884392,False,-0.23274999999999849,-0.23274999999999849,0.0,0.0,0.156089863750264,0.15505624943684565,2.06,-2.77,0.0,0.0,0.0,-0.0,
1791373251.860246,balance,-0.0012452739284579864,-0.01973246804806828,-0.04146122943517175,-0.10665008772514753,-0.040276696405589535,-6.074089887577504e-05,0.1535524914231741,-0.009315743625836983,0.0,0.28435714261951783,False,-0.23433333333333178,-0.23433333333333178,0.0,0.0,0.15588314411273604,0.15484952970695817,1.96,-2.79,0.0,0.0,0.0,-0.0,
1791373251.8702722,balance,-0.0019436971177411284,-0.02098788827364539,-0.0422979603926953,-0.021608064587221372,-0.04041500417382995,-6.074089887577504e-05,0.1533979642293149,-0.004754896189325593,0.0,0.28429935622136865,False,-0.23591666666666508,-0.23591666666666508,0.0,0.0,0.15588314411273604,0.1544360865525065,1.93,-2.7800000000000002,0.0,0.0,0.0,-0.0,
1791373251.880234,balance,-0.002358513783448963,-0.022106783765982057,-0.04271786243571927,-0.04265354448879812,-0.040484262604379505,-0.00012491395210920407,0.1533207017344322,-0.007763694470183469,0.0,0.2842232077466254,False,-0.23749999999999838,-0.23749999999999838,-0.09285714285714286,0.0,0.15588314411273604,0.15422936953906427,1.8800000000000001,-2.89,-0.65,0.0,-0.5118110236220472,-0.0,
1791373251.8903413,balance,-0.0021738603132124014,-0.02302929026389779,-0.04266968428805195,0.027984355697482557,-0.04062073792694875,-0.00012491395210920407,0.15316622479586534,-0.001433657272106216,0.0,0.28419696915962817,False,-0.23908333333333168,-0.23908333333333168,0.0,0.0,0.1556764223432425,0.15402265252562203,1.8800000000000001,-2.9,0.0,0.0,0.0,-0.0,
1791373251.9002728,balance,-0.0022424593965474646,-0.02378912637516274,-0.042821562573883844,-0.04028104775421613,-0.0408324427033573,-0.00025333952602091644,0.1529345076480022,-0.0002740766234206151,0.0,0.2841957496311642,False,-0.24066666666666497,-0.24066666666666497,0.0,-0.09285714285714286,0.15546970086592488,0.1536092748016218,1.81,-2.98,0.0,-0.65,0.0,0.5118110236220472,
1791373251.9102361,balance,-0.0031030036544785556,-0.024354493876872246,-0.04382198300098637,-0.10237361941151822,-0.04097231887252874,-0.00025333952602091644,0.152780046038421,-0.007219269290807376,0.0,0.28414448555724886,False,-0.24224999999999827,-0.24224999999999827,0.0,0.0,0.15526298385248263,0.1534025936642741,1.8800000000000001,-3.12,0.0,0.0,0.0,-0.0,
1791373251.9202607,balance,-0.0038667124694291223,-0.02537718256979574,-0.044798521361385374,-0.04973931110302061,-0.04118514841797717,-0.00025333952602091644,0.15254834047833282,-0.00736872487422483,0.0,0.2840593162260778,False,-0.24383333333333157,-0.24383333333333157,-0.09285714285714286,-0.09285714285714286,0.15505626683904042,0.15298923994702968,1.79,-3.08,-0.65,-0.65,-0.5118110236220472,0.5118110236220472,
1791373251.9302294,balance,-0.003770873542998883,-0.026234300355139455,-0.044710257048650066,0.022556482716136167,-0.04125988916644724,-0.0003205056607960542,0.1524711156348251,-0.0036104622489067564,0.0,0.28402527401556443,False,-0.24541666666666487,-0.24541666666666487,0.0,0.0,0.15505626683904042,0.15278256018860736,1.86,-3.25,0.0,0.0,0.0,-0.0,
1791373251.9402328,balance,-0.003801311089544978,-0.02657386005151402,-0.044751163560645714,-0.002641227255944868,-0.04140488209986334,-0.00045502962876260353,0.15231664030488448,-0.004120340864113201,0.0,0.28398348045557503,False,-0.24699999999999817,-0.24699999999999817,0.0,0.0,0.15484954710955331,0.1525758785748577,1.82,-3.17,0.0,0.0,0.0,-0.0,
1791373251.9502313,balance,-0.003784992027963394,-0.026382722091251944,-0.04481598638737175,-0.036363306234200594,-0.04162061289776299,-0.0005896185383546378,0.15208491688611064,-0.004524133522526509,0.0,0.28394353668546257,False,-0.24858333333333146,-0.24858333333333146,0.0,0.0,0.15443610395470128,0.1523691975294513,1.86,-3.23,0.0,0.0,0.0,-0.0,
1791373251.9602313,balance,-0.004417063384853594,-0.026391398630423946,-0.04545500325019829,-0.0461561634286828,-0.041695843335973044,-0.0006579034706283458,0.15200769745067147,-0.008912333826315913,0.0,0.2838565405123802,False,-0.25016666666666476,-0.25016666666666476,0.0,0.0,0.15443610395470128,0.15216252067082905,1.83,-3.08,0.0,0.0,0.0,-0.0,
1791373251.9703836,balance,-0.004746432654586833,-0.02680366644413279,-0.04593029709862827,-0.025526653560627187,-0.04184176791466978,-0.0006579034706283458,0.15185323086406724,-0.004572138234463309,0.0,0.2838012386708078,False,-0.25174999999999803,-0.25174999999999803,0.0,0.0,0.154229386941259,0.15195584381220684,1.83,-3.11,0.0,0.0,0.0,-0.0,
1791373251.9803429,balance,-0.005323704431492755,-0.026756726658484536,-0.04650839103918904,-0.09148531345736077,-0.04191245746596487,-0.0007277708582685897,0.15177598360976305,-0.005880587425624426,0.0,0.2837397153202607,False,-0.25333333333333136,-0.25333333333333136,-0.09285714285714286,0.0,0.1540226699278168,0.15195584381220684,1.78,-3.1,-0.65,0.0,-0.5118110236220472,-0.0,
1791373251.9902437,balance,-0.005995356021584476,-0.02622583326810467,-0.04726046708102997,-0.07096166677025739,-0.04206387911413025,-0.0007987680546847589,0.15162167413290797,-0.0026012059634798485,0.0,0.28371293336089076,False,-0.2549166666666646,-0.2549166666666646,0.0,0.0,0.15381597381458612,0.15174921449070986,1.8,-3.11,0.0,0.0,0.0,-0.0,
1791373252.000253,balance,-0.006986251165872982,-0.025520696470839127,-0.048403196719103876,-0.0925594699554911,-0.04221571360791566,-0.0007987680546847589,0.15146737126410442,-0.008613682599522653,0.0,0.28363602732082815,False,-0.25649999999999795,-0.25649999999999795,0.0,0.0,0.15360929220083647,0.15154261318844797,1.87,-2.96,0.0,0.0,0.0,-0.0,
1791373252.0102434,balance,-0.007478974084688436,-0.025083927119230326,-0.04896970874516244,-0.016273924510086357,-0.042289502715158765,-0.0007987680546847589,0.1513901366048741,-0.0026929298674533133,0.0,0.28358785704465606,False,-0.2580833333333312,-0.2580833333333312,0.0,0.0,0.1534026110630885,0.15154261318844797,1.8,-2.97,0.0,0.0,0.0,-0.0,
1791373252.0202835,balance,-0.007740756247691638,-0.0246499303825807,-0.049383788048715446,-0.06187875970142378,-0.04244179985570857,-0.0007987680546847589,0.15123583893685424,-0.0034719290828666423,0.0,0.28356508426312776,False,-0.25966666666666455,-0.25966666666666455,0.0,-0.09285714285714286,0.15319593420446628,0.1513360069704212,1.8900000000000001,-2.9,0.0,-0.65,0.0,0.5118110236220472,
1791373252.0302575,balance,-0.008449342463836945,-0.023634637572807017,-0.0501671363434981,-0.05591250844641182,-0.042591925684486366,-0.0008741318048252168,0.15108139720586006,-0.008354686683783247,0.0,0.28348817329566584,False,-0.2612499999999978,-0.2612499999999978,0.0,0.0,0.15278257758782207,0.1513360069704212,1.97,-2.88,0.0,0.0,0.0,-0.0,
1791373252.0402334,balance,-0.00882243277104623,-0.02238732549987799,-0.05069520246310172,-0.02728535263967514,-0.0427469014968807,-0.0008741318048252168,0.15092712871072284,-0.0016254012586199634,0.0,0.2834547670697504,False,-0.26283333333333114,-0.26283333333333114,0.0,0.0,0.1525758959740724,0.15112937026661902,2.02,-2.87,0.0,0.0,0.0,-0.0,
1791373252.0502326,balance,-0.0093427344998356,-0.021251456297453963,-0.05136835108046934,-0.07801733961655775,-0.04289974838545895,-0.0008741318048252168,0.15077271659826236,-0.006353906008895744,0.0,0.28340505895688717,False,-0.2644166666666644,-0.2644166666666644,0.0,-0.09285714285714286,0.15216253806964342,0.15112937026661902,2.16,-2.7800000000000002,0.0,-0.65,0.0,0.5118110236220472,
1791373252.0602357,balance,-0.010124264506152385,-0.020259065370070498,-0.05222807283662223,-0.06720736251984147,-0.04313445643207202,-0.0010306481016021734,0.1505413967506369,-0.00733262761870821,0.0,0.2833361464415925,False,-0.26599999999999774,-0.26599999999999774,0.0,0.0,0.1517492318831636,0.1509227335628168,2.25,-2.83,0.0,0.0,0.0,-0.0,
1791373252.0702357,balance,-0.010797908194504888,-0.019161882804268445,-0.05298365749447891,-0.053670944753561815,-0.04329549408968743,-0.0011097447897134042,0.15038726524057183,-0.005560697255103469,0.0,0.2832705217775595,False,-0.267583333333331,-0.267583333333331,-0.09285714285714286,0.0,0.15154263058090173,0.150716145857635,2.35,-2.83,-0.65,0.0,-0.5118110236220472,-0.0,
1791373252.080243,balance,-0.011339373901042822,-0.017911937934181416,-0.05368608419737685,-0.07173261563201434,-0.04353647180274161,-0.0011897615064075811,0.15015608635450262,-0.007930843830487647,0.0,0.2832007947778805,False,-0.26916666666666433,-0.26916666666666433,0.0,0.0,0.151129387662053,0.15050958471111697,2.45,-2.68,0.0,0.0,0.0,-0.0,
1791373252.0902374,balance,-0.01191268776666691,-0.016673209285338487,-0.05425776630385592,-0.035446182947397833,-0.04361611138850647,-0.0012710328513174589,0.15007903649953386,-0.007353776950406102,0.0,0.28311924816069217,False,-0.2707499999999976,-0.2707499999999976,0.0,-0.09285714285714286,0.1509227509582508,0.15050958471111697,2.5,-2.69,0.0,-0.65,0.0,0.5118110236220472,
1791373252.1002207,balance,-0.012344365033875577,-0.015324344723850802,-0.054772371329218424,-0.06720441035197013,-0.04386314302951973,-0.0014351367341768806,0.1498478229248231,-0.0069644594116581365,0.0,0.2830528137876096,False,-0.27233333333333093,-0.27233333333333093,-0.09285714285714286,0.0,0.1505096021001903,0.15030303066857983,2.57,-2.61,-0.65,0.0,-0.5118110236220472,-0.0,
1791373252.1102397,balance,-0.013266530771756439,-0.014392081391668326,-0.055610481356345054,-0.10417726005151975,-0.04394567377197841,-0.0016017231873897962,0.14977075361091438,-0.0063775201012311504,0.0,0.28298901609947197,False,-0.2739166666666642,-0.2739166666666642,0.0,0.0,0.1503030480538727,0.15030303066857983,2.61,-2.6,0.0,0.0,0.0,-0.0,
1791373252.1202548,balance,-0.014394217158049932,-0.013547920192526465,-0.05681812907373947,-0.13529536599619932,-0.04411099032952962,-0.0016870784138400808,0.14961661804823737,-0.009146161706048319,0.0,0.28290281065441564,False,-0.2754999999999975,-0.2754999999999975,0.0,0.0,0.15009653181453053,0.15009651442923766,2.63,-2.61,0.0,0.0,0.0,-0.0,
1791373252.1302326,balance,-0.015546177259428749,-0.012643385458111153,-0.057965795937985315,-0.10000485708890682,-0.04419377640527294,-0.0017741577267163732,0.1495395518026285,-0.012792799039719279,0.0,0.28277860262029514,False,-0.2770833333333308,-0.2770833333333308,0.0,0.0,0.14989001557518838,0.15009651442923766,2.66,-2.47,0.0,0.0,0.0,-0.0,
1791373252.140234,balance,-0.01618935193271993,-0.011609425400344294,-0.05860620256073518,-0.022211950545255297,-0.0442788412620225,-0.001861990634007256,0.14946266932812932,-0.009858976923362257,0.0,0.2826656602733153,False,-0.2786666666666641,-0.2786666666666641,-0.09285714285714286,0.0,0.1496834961630903,0.15009651442923766,2.64,-2.36,-0.65,0.0,-0.5118110236220472,-0.0,
1791373252.150228,balance,-0.016491045645249863,-0.010843155771172765,-0.05898804366864659,-0.06969130498070293,-0.0444470831081377,-0.0019500850847409712,0.1493087285565101,-0.01162204074695306,0.0,0.28256096458295776,False,-0.2802499999999974,-0.2802499999999974,-0.09285714285714286,-0.09285714285714286,0.14947697517231615,0.1498899981898955,2.58,-2.3000000000000003,-0.65,-0.65,-0.5118110236220472,0.5118110236220472,
1791373252.160241,balance,-0.017358356316711183,-0.010447837088991338,-0.059761685340783445,-0.08001845372908263,-0.044532454840254365,-0.0021291258161821045,0.14923185303694542,-0.01331018410602646,0.0,0.2824332209517076,False,-0.2818333333333307,-0.2818333333333307,-0.09285714285714286,-0.09285714285714286,0.1492704692750809,0.1498899981898955,2.54,-2.24,-0.65,-0.65,-0.5118110236220472,0.5118110236220472,
1791373252.1702483,balance,-0.018517840496233357,-0.010185817870296675,-0.06100658461699897,-0.14054481188177856,-0.04461786993694772,-0.0021291258161821045,0.14915497489186497,-0.020090107317995515,0.0,0.2822541140762068,False,-0.283416666666664,-0.283416666666664,0.0,-0.09285714285714286,0.1492704692750809,0.14968347877739743,2.5300000000000002,-2.25,0.0,-0.65,0.0,0.5118110236220472,
1791373252.1802688,balance,-0.01940400583001548,-0.009852443846306074,-0.061792904007072255,-0.06012698212990342,-0.04470341778657388,-0.0023145196095171023,0.14907810155096013,-0.021243073149671294,0.0,0.28204287274291767,False,-0.2849999999999973,-0.2849999999999973,-0.09285714285714286,-0.09285714285714286,0.14906403334537877,0.14968347877739743,2.57,-2.17,-0.65,-0.65,-0.5118110236220472,0.5118110236220472,
1791373252.190237,balance,-0.01978917158824374,-0.009668564131167479,-0.06225602878359142,-0.019446805263878562,-0.0448747784366202,-0.0024079212412725223,0.1489243581472741,-0.02265174243213296,0.0,0.2818276248468775,False,-0.2865833333333306,-0.2865833333333306,-0.09285714285714286,-0.09285714285714286,0.14885759741567667,0.14947695778662332,2.58,-2.24,-0.65,-0.65,-0.5118110236220472,0.5118110236220472,
1791373252.2002459,balance,-0.019790169981292783,-0.009948806409724358,-0.062424032423580765,0.01261435249733025,-0.04513541236505204,-0.002501549922764056,0.14869374022925716,-0.025495346563812124,0.0,0.2815844601781477,False,-0.2881666666666639,-0.2881666666666639,-0.09512501355932684,0.0,0.14865115822261835,0.14906401596684668,2.49,-2.2800000000000002,-0.6658750949152878,0.0,-0.5243110983584943,-0.0,
1791373252.21024,balance,-0.019636675940413816,-0.01051066492950004,-0.062352217963458016,0.030666703078342347,-0.04531065553545285,-0.002595113512408646,0.14853999669866647,-0.02986796347642825,0.0,0.28130030470252226,False,-0.2897499999999972,-0.2897499999999972,0.0,0.0,0.14844471754333194,0.14885758003714455,2.48,-2.22,0.0,0.0,0.0,-0.0,
1791373252.2203944,balance,-0.01939831273206986,-0.010851254546061926,-0.062203109225784196,0.028306511531679828,-0.045399910006122986,-0.002595113512408646,0.1484631210752927,-0.04439553546192959,0.0,0.2808848216273092,False,-0.2913333333333305,-0.2913333333333305,0.0,0.0,0.14823829360189222,0.14885758003714455,2.49,-2.27,0.0,0.0,0.0,-0.0,
1791373252.2302434,balance,-0.018391550326407387,-0.011169912428475383,-0.06128301047593957,0.16444581779993123,-0.04557863627156918,-0.002687176122036998,0.14830937360466187,-0.04939924027630399,0.0,0.2803901858321847,False,-0.29291666666666377,-0.29291666666666377,0.0,0.0,0.14823829360189222,0.1484447001644,2.44,-2.35,0.0,0.0,0.0,-0.0,
1791373252.2402668,balance,-0.01651432264427516,-0.011927562639271938,-0.059495315102961084,0.18798324758425974,-0.04566816858072292,-0.002687176122036998,0.14823250153782347,-0.05143646353917863,0.0,0.2798811888671832,False,-0.2944999999999971,-0.2944999999999971,0.0,0.0,0.14823829360189222,0.14823827623012087,2.37,-2.45,0.0,0.0,0.0,-0.0,
1791373252.250242,balance,-0.014720301136143492,-0.012664563045986415,-0.0579704485483489,0.1755339775236728,-0.04593732353424241,-0.002687176122036998,0.14800189248154105,-0.05559028950521676,0.0,0.279331728668939,False,-0.29608333333333064,-0.29608333333333064,-0.09285714285714286,0.0,0.14803193798183012,0.14782556498999672,2.37,-2.43,-0.65,0.0,-0.5118110236220472,-0.0,
1791373252.2602463,balance,-0.012992132825650494,-0.013723956251493297,-0.05642426003041061,0.14423711473900208,-0.04611930332679711,-0.002687176122036998,0.14784816455395974,-0.05976867276363034,0.0,0.27875117653754367,False,-0.2976666666666637,-0.2976666666666637,-0.09285714285714286,-0.09285714285714286,0.14782558236176804,0.1476192343857578,2.38,-2.45,-0.65,-0.65,-0.5118110236220472,0.5118110236220472,
1791373252.270234,balance,-0.012009206038438096,-0.014626070888966529,-0.05562581363317625,0.0604321298261542,-0.046303783716775154,-0.002687176122036998,0.14769444717474814,-0.07028021750778547,0.0,0.27808240914704585,False,-0.29924999999999696,-0.29924999999999696,-0.09285714285714286,0.0,0.14761925175454838,0.14741291417370306,2.2800000000000002,-2.59,-0.65,0.0,-0.5118110236220472,-0.0,
1791373252.2802415,balance,-0.011176820717862636,-0.015556804982601147,-0.054978336427653714,0.13288563055534194,-0.04648869183182808,-0.002687176122036998,0.14754073494876901,-0.07060928591821293,0.0,0.2773642417203917,False,-0.3008333333333305,-0.3008333333333305,-0.09285714285714286,0.0,0.14761925175454838,0.14700037719508996,2.25,-2.57,-0.65,0.0,-0.5118110236220472,-0.0,
1791373252.2902622,balance,-0.009315186118898757,-0.016777774253311145,-0.05320930044191969,0.1861265755664906,-0.04658129044505793,-0.002687176122036998,0.14746388073044986,-0.06270842374998782,0.0,0.2767174254609763,False,-0.30241666666666356,-0.30241666666666356,0.0,0.0,0.14761925175454838,0.1467941420394879,2.13,-2.59,0.0,0.0,0.0,-0.0,
1791373252.3002408,balance,-0.007822546644475611,-0.01759407850924581,-0.05190484569024175,0.11343904310704171,-0.04676947516780314,-0.002687176122036998,0.1473103015033177,-0.0620428096380167,0.0,0.2760967169059318,False,-0.3039999999999969,-0.3039999999999969,0.0,0.0,0.1474129315424936,0.14658793258634106,2.1,-2.79,0.0,0.0,0.0,-0.0,
1791373252.310232,balance,-0.00673508221428204,-0.018185223121397493,-0.051008768947653264,0.09797607627022459,-0.04696086285540822,-0.002687176122036998,0.1471568580967826,-0.0694475238608184,0.0,0.27541975266271335,False,-0.30558333333333043,-0.30558333333333043,-0.09285714285714286,0.0,0.1474129315424936,0.1461755531296678,2.05,-2.77,-0.65,0.0,-0.5118110236220472,-0.0,
1791373252.3202956,balance,-0.005354406835728375,-0.019273266474058144,-0.04981712285297712,0.18649514536857592,-0.04714989213928574,-0.002687176122036998,0.14700329197435255,-0.07133417058720379,0.0,0.2747124951238638,False,-0.3071666666666635,-0.3071666666666635,0.0,0.0,0.1472066297123222,0.1459694384385258,1.94,-2.81,0.0,0.0,0.0,-0.0,
1791373252.3302193,balance,-0.003287393360606306,-0.020484769587769333,-0.04784615184711821,0.20967035509459536,-0.0472459346085489,-0.002687176122036998,0.14692657496374584,-0.07230868408624894,0.0,0.27398731537873816,False,-0.30874999999999675,-0.30874999999999675,0.0,0.0,0.1472066297123222,0.1457633237473838,1.93,-2.84,0.0,0.0,0.0,-0.0,
1791373252.3402607,balance,-0.0013469777469694393,-0.021204914943592734,-0.04609761914436471,0.1509848650769546,-0.04743781751943227,-0.002687176122036998,0.146773130611955,-0.07273176594249292,0.0,0.27326230032299015,False,-0.3103333333333303,-0.3103333333333303,0.0,0.0,0.14700039455672015,0.1455572354454362,1.99,-2.85,0.0,0.0,0.0,-0.0,
1791373252.3502395,balance,-7.619150298008372e-05,-0.02149500160480655,-0.04511801781364764,0.1050441208814706,-0.04772900243270455,-0.002687176122036998,0.14654310006667737,-0.08229849315011603,0.0,0.27245573895220854,False,-0.31191666666666334,-0.31191666666666334,-0.09285714285714286,0.0,0.1467941594011181,0.14514510880124576,1.95,-2.87,-0.65,0.0,-0.5118110236220472,-0.0,
1791373252.3602912,balance,0.0016042398195478245,-0.02221673234953172,-0.04353654377849001,0.2218806939492256,-0.047827959720074836,-0.002687176122036998,0.14646650754987373,-0.07273107146513295,0.0,0.27169374592721174,False,-0.3134999999999969,-0.3134999999999969,0.0,0.0,0.1467941594011181,0.14493915472938382,1.81,-2.91,0.0,0.0,0.0,-0.0,
1791373252.370242,balance,0.003241189149552862,-0.022874436957209945,-0.04219748903649512,0.1025896222000069,-0.04812585430808498,-0.002687176122036998,0.14623663047458263,-0.06780353688295648,0.0,0.27100688089119745,False,-0.3150833333333302,-0.3150833333333302,-0.09285714285714286,0.0,0.14658794994499025,0.144527273662407,1.81,-3.09,-0.65,0.0,-0.5118110236220472,-0.0,
1791373252.3802614,balance,0.004103354726749936,-0.023026700337386453,-0.04153468761360295,0.04801403770789592,-0.04832521846238988,-0.002687176122036998,0.14608335307565407,-0.07473364597052203,0.0,0.2702908724535164,False,-0.31666666666666327,-0.31666666666666327,0.0,-0.09285714285714286,0.14638175020016714,0.14432135500779106,1.79,-3.18,0.0,-0.65,0.0,0.5118110236220472,
1791373252.3903527,balance,0.0048061137695584455,-0.02316386291815402,-0.04103171152071861,0.1361070983726508,-0.048525001412314056,-0.002687176122036998,0.14593008149516115,-0.07150358659060088,0.0,0.2695599542886739,False,-0.3182499999999968,-0.3182499999999968,0.0,0.0,0.14617557048115687,0.14411545967343167,1.82,-3.0500000000000003,0.0,0.0,0.0,-0.0,
1791373252.4002364,balance,0.005993574631891057,-0.02345946850610314,-0.04004445370893723,0.07581789563208699,-0.04872520446286528,-0.002687176122036998,0.14577681575145654,-0.06409608670492974,0.0,0.26889908241950955,False,-0.3198333333333301,-0.3198333333333301,-0.09285714285714286,0.0,0.14596945579001486,0.1439096260660298,1.92,-3.0100000000000002,-0.65,0.0,-0.5118110236220472,-0.0,
1791373252.4102335,balance,0.006698378218251744,-0.02373126032151326,-0.039540274584121994,0.035752648006111505,-0.04892582892441074,-0.002687176122036998,0.14562355586296954,-0.0656308644193085,0.0,0.26825272274543105,False,-0.3214166666666634,-0.3214166666666634,-0.09285714285714286,0.0,0.14576334109887287,0.1437037924586279,1.9000000000000001,-3.06,-0.65,0.0,-0.5118110236220472,-0.0,
1791373252.420282,balance,0.006831910959003105,-0.023295184617131624,-0.039613005869141696,0.04496798669578544,-0.0491320929501818,-0.002687176122036998,0.14547054405125767,-0.06808192641603154,0.0,0.26757430777598623,False,-0.3229999999999967,-0.3229999999999967,0.0,0.0,0.14555725279394405,0.1434980495665094,1.84,-3.0,0.0,0.0,0.0,-0.0,
1791373252.4302347,balance,0.007561170509720769,-0.02269338988919304,-0.03898417263610233,0.09641709116447356,-0.0492325192678601,-0.002687176122036998,0.1453939719621753,-0.06405061864323858,0.0,0.2669154959757256,False,-0.32458333333333,-0.32458333333333,0.0,0.0,0.14535117351635254,0.1434980495665094,1.79,-3.02,0.0,0.0,0.0,-0.0,
1791373252.4402757,balance,0.008733003116576557,-0.02230257416292192,-0.03791871914095918,0.1318784068913864,-0.04933889837957273,-0.002687176122036998,0.14531754341188402,-0.05614043663462549,0.0,0.2663362610300512,False,-0.3261666666666633,-0.3261666666666633,0.0,0.0,0.14535117351635254,0.14329233169061287,1.8,-2.9,0.0,0.0,0.0,-0.0,
1791373252.450255,balance,0.009441706962734598,-0.02193828895498272,-0.037518113281000263,0.010906373229978726,-0.049646996365771856,-0.002687176122036998,0.14508798296849887,-0.06104515057617255,0.0,0.2657462037020548,False,-0.3277499999999966,-0.3277499999999966,0.0,0.0,0.14493917206735132,0.14308662699102137,1.84,-2.92,0.0,0.0,0.0,-0.0,
1791373252.4602478,balance,0.009547681348113807,-0.0213960023331218,-0.037412138895621054,0.04388353608539353,-0.049646996365771856,-0.002687176122036998,0.14508798296849887,-0.06663183191415503,0.0,0.2650873998934843,False,-0.32933333333332987,-0.32933333333332987,0.0,0.0,0.14493917206735132,0.14308662699102137,1.83,-2.82,0.0,0.0,0.0,-0.0,
1791373252.470238,balance,0.010068813389530414,-0.02063046691825854,-0.03709583371303251,0.06039693108214318,-0.04985182322459992,-0.002687176122036998,0.1449348668649632,-0.07325577619889974,0.0,0.26436128115409846,False,-0.3309166666666632,-0.3309166666666632,-0.09285714285714286,-0.09285714285714286,0.144527290997393,0.14308662699102137,1.86,-2.75,-0.65,-0.65,-0.5118110236220472,0.5118110236220472,
1791373252.4802315,balance,0.011530787075594075,-0.01964163005097081,-0.03584504632696192,0.20501562450464023,-0.05006300952459299,-0.002687176122036998,0.14478189978313083,-0.06379357747237842,0.0,0.2636999243457232,False,-0.33249999999999647,-0.33249999999999647,0.0,0.0,0.14432137234277703,0.14288095400289955,1.87,-2.71,0.0,0.0,0.0,-0.0,
1791373252.4902563,balance,0.012936687223570612,-0.018649644150152273,-0.034650779192747026,0.1011146372749746,-0.05027464253835463,-0.002687176122036998,0.14462893917217984,-0.06068333164031151,0.0,0.2630860474963605,False,-0.3340833333333298,-0.3340833333333298,0.0,0.0,0.1441154770012581,0.14267528101477772,1.93,-2.71,0.0,0.0,0.0,-0.0,
1791373252.5002434,balance,0.013740126314030883,-0.017585248119918576,-0.03395181597713302,0.027025330063908323,-0.0503791184132009,-0.002687176122036998,0.144552395813535,-0.06783704119101035,0.0,0.26243155024700204,False,-0.33566666666666306,-0.33566666666666306,0.0,-0.09285714285714286,0.1439096433938562,0.14267528101477772,2.08,-2.72,0.0,-0.65,0.0,0.5118110236220472,
1791373252.510244,balance,0.013987964244845228,-0.016628465303606628,-0.03402613556277786,0.05768322822165351,-0.05070127592966008,-0.002687176122036998,0.14432314816839326,-0.07626179789372295,0.0,0.2616903165560638,False,-0.3372499999999964,-0.3372499999999964,0.0,-0.09285714285714286,0.14349806688459313,0.1424697370324922,2.12,-2.69,0.0,-0.65,0.0,0.5118110236220472,
1791373252.520281,balance,0.015157086410473381,-0.015139825369544788,-0.033183325798900466,0.16056871617327184,-0.05102758833141085,-0.002687176122036998,0.14409405177326845,-0.07012665544503231,0.0,0.2609670196895868,False,-0.33883333333332966,-0.33883333333332966,0.0,0.0,0.14308664430532625,0.1422642246636504,2.29,-2.6,0.0,0.0,0.0,-0.0,
1791373252.5302417,balance,0.016783648958251362,-0.013904773679756233,-0.03177346168977558,0.15295883729525353,-0.051244286770063936,-0.002687176122036998,0.14394125215310805,-0.061887882075797485,0.0,0.26032633852950116,False,-0.340416666666663,-0.340416666666663,-0.09285714285714286,0.0,0.14267529832908263,0.1422642246636504,2.35,-2.64,-0.65,0.0,-0.5118110236220472,-0.0,
1791373252.5402393,balance,0.017606825292172935,-0.012802976201379913,-0.03117166593857796,0.009173044164861806,-0.051465667352787896,-0.002687176122036998,0.1437886888014862,-0.06437588605579274,0.0,0.25970156312182274,False,-0.34199999999999625,-0.34199999999999625,0.0,0.0,0.14246975433327555,0.14205872337709438,2.46,-2.69,0.0,0.0,0.0,-0.0,
1791373252.5502374,balance,0.017236586279782536,-0.011905356405006062,-0.031874922950412166,-0.0177219608854887,-0.0517986853522317,-0.002687176122036998,0.14355986054887046,-0.07437945809973402,0.0,0.2589692493076704,False,-0.3435833333333296,-0.3435833333333296,-0.09285714285714286,-0.09285714285714286,0.14205874067489535,0.14185324643566113,2.42,-2.66,-0.65,-0.65,-0.5118110236220472,0.5118110236220472,
1791373252.5602381,balance,0.017867835789810386,-0.010789848030507603,-0.03146627584736648,0.11782452111550036,-0.052021287759213865,-0.002687176122036998,0.1434073172489434,-0.06694224089896982,0.0,0.2582845691178834,False,-0.34516666666666285,-0.34516666666666285,0.0,-0.09285714285714286,0.14185326373346208,0.14164776949422786,2.54,-2.66,0.0,-0.65,0.0,0.5118110236220472,
1791373252.5702686,balance,0.019131335924831627,-0.00941326556458235,-0.030314254595297088,0.15386420878790852,-0.052132766642165713,-0.002687176122036998,0.14333104826801962,-0.060248896175209427,0.0,0.2576701758239807,False,-0.3467499999999962,-0.3467499999999962,-0.09285714285714286,0.0,0.14164778679202883,0.14164776949422786,2.5500000000000003,-2.45,-0.65,0.0,-0.5118110236220472,-0.0,
1791373252.5802357,balance,0.020432786924614595,-0.00852983220159404,-0.02924035972638605,0.07023996497944533,-0.05236032277303764,-0.002687176122036998,0.14317866496097514,-0.060354183318667244,0.0,0.25707681005784505,False,-0.34833333333332944,-0.34833333333332944,0.0,0.0,0.14144241281199327,0.14144239552473142,2.6,-2.56,0.0,0.0,0.0,-0.0,
1791373252.5903351,balance,0.020788098018326925,-0.007991779699961241,-0.028999052676536567,0.015262832819392664,-0.05247432681690049,-0.002687176122036998,0.14310247764937142,-0.06358241245316153,0.0,0.2564461499144254,False,-0.34991666666666277,-0.34991666666666277,-0.09285714285714286,0.0,0.14123706106243156,0.14144239552473142,2.61,-2.39,-0.65,0.0,-0.5118110236220472,-0.0,
1791373252.6003609,balance,0.02037973205221234,-0.007178849513047373,-0.029635791283499573,-0.05808403501598428,-0.05270269945774891,-0.002687176122036998,0.1429501086147605,-0.07210650426105351,0.0,0.2557481465167254,False,-0.35149999999999604,-0.35149999999999604,-0.09285714285714286,0.0,0.14103174774724833,0.1412370437751697,2.5300000000000002,-2.33,-0.65,0.0,-0.5118110236220472,-0.0,
1791373252.6102424,balance,0.02049176506038821,-0.006314342400929646,-0.02963812725512821,0.08322810262599793,-0.05281706843755342,-0.002687176122036998,0.14287392689771325,-0.06740535202383267,0.0,0.25505122997435065,False,-0.35308333333332936,-0.35308333333332936,0.0,0.0,0.14082651174027835,0.1412370437751697,2.56,-2.31,0.0,0.0,0.0,-0.0,
1791373252.6202793,balance,0.02176401371308242,-0.005612913615251791,-0.0284803696110309,0.1107929662346193,-0.05293155944615032,-0.002687176122036998,0.1427977470514886,-0.05945144787435972,0.0,0.2544391574144252,False,-0.35466666666666263,-0.35466666666666263,0.0,-0.09285714285714286,0.1406212757333084,0.1412370437751697,2.57,-2.2600000000000002,0.0,-0.65,0.0,0.5118110236220472,
1791373252.6302247,balance,0.0227528206643331,-0.005318955844253593,-0.027724590207939024,0.08475769997952574,-0.05316458699430912,-0.002687176122036998,0.14264552768293154,-0.06123487229981454,0.0,0.2538426438148922,False,-0.35624999999999596,-0.35624999999999596,0.0,0.0,0.14041614510367775,0.1410317304697301,2.5100000000000002,-2.2600000000000002,0.0,0.0,0.0,-0.0,
1791373252.640244,balance,0.02311824302612348,-0.005219527357443677,-0.027592768766278707,0.03955024917590693,-0.053398187914439184,-0.002687176122036998,0.14249331884179314,-0.06678010743133013,0.0,0.25318277711767945,False,-0.35783333333332923,-0.35783333333332923,0.0,0.0,0.14021103428303613,0.14082649446276013,2.49,-2.22,0.0,0.0,0.0,-0.0,
1791373252.6502378,balance,0.023910986724270417,-0.004966314771288798,-0.026915132873826075,0.08747948689728245,-0.05351329572013349,-0.002687176122036998,0.14241714851677695,-0.06264202137359641,0.0,0.25254207576053467,False,-0.35941666666666255,-0.35941666666666255,0.0,0.0,0.14021103428303613,0.14062125845579018,2.5,-2.15,0.0,0.0,0.0,-0.0,
1791373252.6602407,balance,0.024624194590091786,-0.0048377570256210815,-0.026320917700023986,0.050067251079654006,-0.05363228841215277,-0.002687176122036998,0.1423411177930576,-0.06007656261613868,0.0,0.25193862574870163,False,-0.3609999999999958,-0.3609999999999958,-0.09285714285714286,-0.09285714285714286,0.14000596413662506,0.14062125845579018,2.5300000000000002,-2.17,-0.65,-0.65,-0.5118110236220472,0.5118110236220472,
1791373252.6702554,balance,0.02449456269914304,-0.005123362251341052,-0.026688841376315733,-0.06646919881252798,-0.05387058019749577,-0.002687176122036998,0.14218905964321785,-0.0648345579472812,0.0,0.25131195731536393,False,-0.36258333333332915,-0.36258333333332915,-0.09285714285714286,0.0,0.13980096906411835,0.14041612783669818,2.5100000000000002,-2.23,-0.65,0.0,-0.5118110236220472,-0.0,
1791373252.680251,balance,0.024132512438684778,-0.005693457728109342,-0.027409399634972825,0.010665438856973795,-0.0542290881956946,-0.002687176122036998,0.14196099174100446,-0.06854671555003303,0.0,0.25062687870274064,False,-0.3641666666666624,-0.3641666666666624,0.0,-0.09285714285714286,0.13959597399161167,0.14000594687938958,2.47,-2.2600000000000002,0.0,-0.65,0.0,0.5118110236220472,
1791373252.6902556,balance,0.025250622846917717,-0.006216194855303584,-0.02641104800746047,0.16646691145040945,-0.054348846976415184,-0.002687176122036998,0.14188497317028104,-0.05503179467852168,0.0,0.2500401107025452,False,-0.36574999999999575,-0.36574999999999575,0.0,0.0,0.13959597399161167,0.1398009518068829,2.42,-2.35,0.0,0.0,0.0,-0.0,
1791373252.7002766,balance,0.026614288156876807,-0.006395262836008947,-0.025289414354136324,0.11557551865680357,-0.05459087863305013,-0.002687176122036998,0.14173302603076116,-0.04852371843994314,0.0,0.24954132953799868,False,-0.367333333333329,-0.367333333333329,0.0,-0.09285714285714286,0.13939105213489056,0.1395959567343762,2.44,-2.34,0.0,-0.65,0.0,0.5118110236220472,
1791373252.7102568,balance,0.027155476718146037,-0.006905365717978453,-0.02511553423792934,-0.028926738299773564,-0.054958187078112376,-0.002687176122036998,0.14150525041553932,-0.04999068438721506,0.0,0.24905708194141812,False,-0.36891666666666234,-0.36891666666666234,0.0,0.0,0.1389812898430255,0.1393910348848129,2.46,-2.41,0.0,0.0,0.0,-0.0,
1791373252.7202587,balance,0.026330901827589074,-0.007853382404068594,-0.026185668400443365,-0.09326029259993464,-0.05520374635006944,-0.002687176122036998,0.14135341179658456,-0.05533612502295287,0.0,0.248511697874447,False,-0.3704999999999956,-0.3704999999999956,-0.09285714285714286,-0.09285714285714286,0.1389812898430255,0.13898127260607276,2.34,-2.38,-0.65,-0.65,-0.5118110236220472,0.5118110236220472,
1791373252.7302263,balance,0.025933307751130612,-0.0088258009704697,-0.026706240046114632,-0.022262187793618764,-0.05532672391928224,-0.002687176122036998,0.14127749568857992,-0.05176877419530761,0.0,0.24799131944959774,False,-0.37208333333332894,-0.37208333333332894,-0.09285714285714286,0.0,0.1389812898430255,0.13877651846802935,2.32,-2.35,-0.65,0.0,-0.5118110236220472,-0.0,
1791373252.7402716,balance,0.02554573342075386,-0.009705431762688269,-0.027340166427509586,-0.037360838793913304,-0.055573075970300444,-0.002687176122036998,0.14112566989273786,-0.05134655890235413,0.0,0.24748027797989378,False,-0.3736666666666622,-0.3736666666666622,-0.09285714285714286,-0.09285714285714286,0.13877653570498208,0.13857176432998594,2.2800000000000002,-2.5,-0.65,-0.65,-0.5118110236220472,0.5118110236220472,
1791373252.7502387,balance,0.02591525200302766,-0.010550969091393053,-0.027178842163427763,0.053497312846058714,-0.05582209979599882,-0.002728005629543399,0.14097395903493992,-0.047773152929343865,0.0,0.2470008131133083,False,-0.37524999999999553,-0.37524999999999553,0.0,0.0,0.13857178156693867,0.1383671204110598,2.18,-2.49,0.0,0.0,0.0,-0.0,
1791373252.7602558,balance,0.02643751575315138,-0.011504517650934278,-0.02674182593282529,0.07553617173463954,-0.05594792856213899,-0.0027685868761623184,0.14089816230362331,-0.04426841387424586,0.0,0.2465400875356597,False,-0.3768333333333288,-0.3768333333333288,-0.09285714285714286,0.0,0.13857178156693867,0.1381624914482584,2.13,-2.5100000000000002,-0.65,0.0,-0.5118110236220472,-0.0,
1791373252.7702456,balance,0.02685938994127466,-0.012404321077962839,-0.02653215782118995,-0.008222308982922958,-0.056199992662394366,-0.0028084448999297546,0.14074657554427267,-0.04103960178013774,0.0,0.24613129008124818,False,-0.3784166666666621,-0.3784166666666621,0.0,0.0,0.13857178156693867,0.13775345026900612,2.1,-2.5300000000000002,0.0,0.0,0.0,-0.0,
1791373252.780232,balance,0.02648572235098134,-0.013379883489235554,-0.02715838811464245,-0.056676116925001234,-0.05645255536555355,-0.0028084448999297546,0.1405949955168802,-0.047826969621671656,0.0,0.24566852632547345,False,-0.3799999999999954,-0.3799999999999954,0.0,0.0,0.13836713763747482,0.13754897722116985,2.04,-2.61,0.0,0.0,0.0,-0.0,
1791373252.7902334,balance,0.02625113075909275,-0.014400353047599776,-0.02748189395844392,0.002980518938677084,-0.056582754385556225,-0.002849729668019555,0.1405194442831885,-0.04914691341209446,0.0,0.24517374811633366,False,-0.3815833333333287,-0.3815833333333287,-0.09285714285714286,-0.09285714285714286,0.13836713763747482,0.13734461680691767,1.94,-2.62,-0.65,-0.65,-0.5118110236220472,0.5118110236220472,
1791373252.8002505,balance,0.02668365724688482,-0.015198526840664488,-0.027265607286002844,0.05918443529371754,-0.05683995405161228,-0.0028906895187246168,0.14036811933782664,-0.04442236584362436,0.0,0.24472860663086338,False,-0.383166666666662,-0.383166666666662,0.0,0.0,0.13816250867467342,0.13714026892785636,1.9100000000000001,-2.6,0.0,0.0,0.0,-0.0,
1791373252.8102384,balance,0.02703077718926921,-0.016001925827728417,-0.0272662551602826,0.024765454106600356,-0.057228682692252814,-0.002931650342701005,0.1401412690929554,-0.04762863858337894,0.0,0.24425747450048135,False,-0.3847499999999953,-0.3847499999999953,0.0,0.0,0.1379579405301319,0.1367317929398439,1.8900000000000001,-2.63,0.0,0.0,0.0,-0.0,
1791373252.820263,balance,0.02726371633134003,-0.016932627972950566,-0.027164431120006688,0.011500449102072981,-0.05735979779404772,-0.002931650342701005,0.14006573689441548,-0.050077990708528836,0.0,0.24375688113747337,False,-0.3863333333333286,-0.3863333333333286,-0.09285714285714286,-0.09285714285714286,0.1379579405301319,0.1365276009822148,1.9100000000000001,-2.72,-0.65,-0.65,-0.5118110236220472,0.5118110236220472,
1791373252.8302472,balance,0.027493403313688835,-0.017669428079289447,-0.027329542953887134,0.02281818814075543,-0.05775459661027697,-0.002931650342701005,0.13983906939760363,-0.050033828443882385,0.0,0.2432641420161121,False,-0.3879166666666619,-0.3879166666666619,0.0,0.0,0.13775346748229564,0.13611953434174906,1.8900000000000001,-2.83,0.0,0.0,0.0,-0.0,
1791373252.8402343,balance,0.0276906072594737,-0.018236772343426,-0.027394278541030163,0.03934562028975924,-0.058016536143204865,-0.002931650342701005,0.13968786496654714,-0.04938580427017774,0.0,0.24275820108759713,False,-0.3894999999999952,-0.3894999999999952,0.0,-0.09285714285714286,0.1375489944344594,0.1359155573479647,1.9000000000000001,-2.93,0.0,-0.65,0.0,0.5118110236220472,
1791373252.8502321,balance,0.02832134281126368,-0.018616482066473476,-0.02712349286369291,0.04792849377551448,-0.058417232376491386,-0.002972396701534795,0.13946147067419076,-0.04507935681260018,0.0,0.24230248987013014,False,-0.3910833333333285,-0.3910833333333285,0.0,0.0,0.13734463400967004,0.13550773561312077,1.96,-2.93,0.0,0.0,0.0,-0.0,
1791373252.8602645,balance,0.028908841206591974,-0.019188701097185637,-0.0268055274172741,0.0723153342844497,-0.05868676532540087,-0.002972396701534795,0.1393106261916217,-0.03775023757757219,0.0,0.24189799049686864,False,-0.3926666666666618,-0.3926666666666618,0.0,0.0,0.13714028613060872,0.1353040175799953,1.81,-2.89,0.0,0.0,0.0,-0.0,
1791373252.8702672,balance,0.028804205861728112,-0.019504595854661706,-0.027139924767888457,-0.07591221028031989,-0.058956930678278396,-0.0030128000486618275,0.13915979378898702,-0.039507781805238486,0.0,0.24151416066304546,False,-0.3942499999999951,-0.3942499999999951,-0.09285714285714286,0.0,0.13693600208709933,0.13510031217805427,1.97,-2.96,-0.65,0.0,-0.5118110236220472,-0.0,
1791373252.8802304,balance,0.02788605472380647,-0.019735958079240085,-0.028287167851445524,-0.12418217083182467,-0.05922768230001015,-0.0030544597247581544,0.1390089715655725,-0.04456790744520466,0.0,0.24108755067425064,False,-0.3958333333333284,-0.3958333333333284,-0.09285714285714286,0.0,0.13673181012947022,0.13489667666095456,1.9100000000000001,-2.86,-0.65,0.0,-0.5118110236220472,-0.0,
1791373252.8902383,balance,0.027108702369355007,-0.019663302772601286,-0.029197790374472118,-0.049042319302218494,-0.05936095246858528,-0.0030544597247581544,0.13893347625886587,-0.05070416176935825,0.0,0.2405929649951241,False,-0.3974166666666617,-0.3974166666666617,-0.09285714285714286,0.0,0.13652761817184111,0.13489667666095456,1.83,-2.88,-0.65,0.0,-0.5118110236220472,-0.0,
1791373252.9002743,balance,0.027413038720279555,-0.019760854350747648,-0.029031523616143817,0.10519383808725485,-0.05949902206118153,-0.0030544597247581544,0.13885815955454692,-0.0414950897168686,0.0,0.24014866890754843,False,-0.39899999999999497,-0.39899999999999497,-0.09285714285714286,0.0,0.13652761817184111,0.13469312719522755,1.8,-2.82,-0.65,0.0,-0.5118110236220472,-0.0,
1791373252.910241,balance,0.028386935465459787,-0.019965163554319366,-0.028425132827488923,0.031308300074605715,-0.059909229769575904,-0.0030971614766271915,0.13863202820450718,-0.03619812347618938,0.0,0.23978489400680925,False,-0.4005833333333283,-0.4005833333333283,0.0,-0.09285714285714286,0.1361195515174584,0.13448957772950051,1.9000000000000001,-2.79,0.0,-0.65,0.0,0.5118110236220472,
1791373252.920362,balance,0.02781570149204417,-0.019587289998007067,-0.029274969066127247,-0.09063396319097017,-0.06018783203479861,-0.0030971614766271915,0.13848151584789986,-0.048508490098491515,0.0,0.2393323728181307,False,-0.40216666666666157,-0.40216666666666157,-0.09285714285714286,-0.09285714285714286,0.1359155745139278,0.13428618660015285,1.83,-2.8000000000000003,-0.65,-0.65,-0.5118110236220472,0.5118110236220472,
1791373252.930256,balance,0.027125710415605936,-0.019096560972730284,-0.029964960142565486,-0.01591463409344662,-0.06018783203479861,-0.0030971614766271915,0.13848151584789986,-0.05546699826305882,0.0,0.23879547590304906,False,-0.4037499999999949,-0.4037499999999949,0.0,-0.09285714285714286,0.1359155745139278,0.13428618660015285,1.78,-2.77,0.0,-0.65,0.0,0.5118110236220472,
1791373252.9403472,balance,0.028203994147394804,-0.018571469043730793,-0.02916595766242589,0.18587285844497692,-0.06046711328644789,-0.0030971614766271915,0.1383310182664847,-0.04740555574577958,0.0,0.23829815963259435,False,-0.40533333333332816,-0.40533333333332816,0.0,0.0,0.13571166364650583,0.13408280243677195,1.75,-2.64,0.0,0.0,0.0,-0.0,
1791373252.9502482,balance,0.03012886182093514,-0.018280913695572,-0.027377929736545965,0.1412454337676449,-0.060603953034108295,-0.0030971614766271915,0.1382556248219037,-0.03579601565361692,0.0,0.23791871585974458,False,-0.4069166666666615,-0.4069166666666615,-0.09285714285714286,0.0,0.13550775277908392,0.13408280243677195,1.97,-2.71,-0.65,0.0,-0.5118110236220472,-0.0,
1791373252.9602573,balance,0.030381634223461434,-0.0180790236426843,-0.02750660490121544,-0.1007767283716044,-0.0610262626471213,-0.003138023522444426,0.13802995215865682,-0.045878777403387146,0.0,0.23750704283220453,False,-0.40849999999999476,-0.40849999999999476,0.0,0.0,0.13510032932672053,0.13387950994948009,1.99,-2.74,0.0,0.0,0.0,-0.0,
1791373252.9702642,balance,0.029114298000355143,-0.017318002880040456,-0.02919768257463297,-0.1129367676485218,-0.06145000409743254,-0.003138023522444426,0.13780430615535152,-0.056968539132732574,0.0,0.23694804657071472,False,-0.4100833333333281,-0.4100833333333281,0.0,-0.09285714285714286,0.13469314433076654,0.13367632188544798,2.05,-2.68,0.0,-0.65,0.0,0.5118110236220472,
1791373252.9802365,balance,0.028975016014013925,-0.016078687153487377,-0.02947730818252292,0.06861854928068546,-0.061590347718981274,-0.003138023522444426,0.13772902969967424,-0.052323708668159566,0.0,0.23640702047482556,False,-0.41166666666666135,-0.41166666666666135,0.0,0.0,0.13448959486503953,0.13367632188544798,2.17,-2.6,0.0,0.0,0.0,-0.0,
1791373252.990237,balance,0.030249320718853195,-0.015188909588649374,-0.028781896960499397,0.15777810161677022,-0.06216924120179702,-0.003138023522444426,0.13742885004303054,-0.044510651834509876,0.0,0.2359401980980472,False,-0.4132499999999947,-0.4132499999999947,0.0,0.0,0.13408281955839518,0.13327010728178904,2.23,-2.69,0.0,0.0,0.0,-0.0,
1791373253.0002558,balance,0.031701425645333965,-0.014461105748244387,-0.027682451172011322,0.13204642148742546,-0.06260553040191488,-0.003221653584569595,0.13720377638195275,-0.04326701521270474,0.0,0.23550736037309514,False,-0.41483333333332795,-0.41483333333332795,0.0,-0.09285714285714286,0.13367633899056283,0.13306708451178828,2.33,-2.68,0.0,-0.65,0.0,0.5118110236220472,
1791373253.0102391,balance,0.03263981959419464,-0.013659839270881656,-0.026848802608087904,0.05310770589408745,-0.06275077327913911,-0.003262151076856569,0.13712872280573646,-0.04560014005464213,0.0,0.23506840544505123,False,-0.4164166666666613,-0.4164166666666613,0.0,0.0,0.13347315092653075,0.13306708451178828,2.35,-2.63,0.0,0.0,0.0,-0.0,
1791373253.0202646,balance,0.03244865973839471,-0.01252715275979295,-0.02733392833345691,-0.029465723493811605,-0.06304473914870819,-0.003262151076856569,0.13697883137063216,-0.052875662072685986,0.0,0.23455387715751158,False,-0.41799999999999454,-0.41799999999999454,-0.09285714285714286,0.0,0.13327012437298888,0.13286415721354122,2.44,-2.6,-0.65,0.0,-0.5118110236220472,-0.0,
1791373253.0302355,balance,0.03247427526177177,-0.011626080864808512,-0.027455552583075138,0.013205239928366433,-0.06319197892170347,-0.003262151076856569,0.13690389116467247,-0.05746195237033678,0.0,0.23399308823187848,False,-0.41958333333332787,-0.41958333333332787,-0.09285714285714286,0.0,0.1330671016029881,0.13286415721354122,2.43,-2.48,-0.65,0.0,-0.5118110236220472,-0.0,
1791373253.040267,balance,0.03297128403976652,-0.010841298918783947,-0.027253507453011312,0.0976235645598505,-0.0634869425696344,-0.003262151076856569,0.13675401967143538,-0.05290094560439092,0.0,0.2334474950297216,False,-0.42116666666666114,-0.42116666666666114,-0.09285714285714286,0.0,0.13266134762589477,0.13286415721354122,2.46,-2.38,-0.65,0.0,-0.5118110236220472,-0.0,
1791373253.0502434,balance,0.034004108863649705,-0.01036186432902111,-0.026516293473821097,0.08656975990274662,-0.06378255341432737,-0.003262151076856569,0.1366041601023907,-0.04460769767976428,0.0,0.23298341551040294,False,-0.42274999999999446,-0.42274999999999446,0.0,-0.09285714285714286,0.1324585209635576,0.13266133055120402,2.54,-2.52,0.0,-0.65,0.0,0.5118110236220472,
1791373253.060239,balance,0.03411911401695956,-0.009692035195670159,-0.026661726458913855,-0.057797833065122504,-0.06408261440406322,-0.0033017739281898093,0.13645451999373445,-0.048326902510986376,0.0,0.2325186711796128,False,-0.42433333333332773,-0.42433333333332773,0.0,0.0,0.13225589901150223,0.13245850388886682,2.49,-2.43,0.0,0.0,0.0,-0.0,
1791373253.0702708,balance,0.033343763775370724,-0.008752383949734294,-0.02758933307390672,-0.04978766535854979,-0.06423487077746726,-0.0033017739281898093,0.13637981257829584,-0.05349342827921395,0.0,0.23198804674569729,False,-0.42591666666666106,-0.42591666666666106,-0.09285714285714286,0.0,0.1320532777897016,0.13245850388886682,2.47,-2.25,-0.65,0.0,-0.5118110236220472,-0.0,
1791373253.08024,balance,0.03372899033116133,-0.007937817605114767,-0.02750904287367325,0.10300782807262379,-0.06453980713302439,-0.0033017739281898093,0.13623040302637987,-0.0463457984544453,0.0,0.2315070511846285,False,-0.42749999999999433,-0.42749999999999433,0.0,0.0,0.13185075581959868,0.13225588195410617,2.46,-2.14,0.0,0.0,0.0,-0.0,
1791373253.0902457,balance,0.03486491291638265,-0.007569286502942343,-0.02652587811736201,0.10934603895976253,-0.06469256496193447,-0.0033017739281898093,0.1361557051200317,-0.03943836862911024,0.0,0.2310974361861143,False,-0.42908333333332765,-0.42908333333332765,0.0,0.0,0.13164833071470025,0.13225588195410617,2.52,-2.18,0.0,0.0,0.0,-0.0,
1791373253.1002407,balance,0.03544921847075957,-0.008019894353923274,-0.026208220204961902,-0.00931914322474341,-0.0649985839912998,-0.003341145315578335,0.1360063188546014,-0.03708883431093382,0.0,0.23072425833347876,False,-0.4306666666666609,-0.4306666666666609,0.0,0.0,0.13144590885163165,0.13205326073230556,2.49,-2.25,0.0,0.0,0.0,-0.0,
1791373253.11024,balance,0.03453629823750412,-0.008244471388923778,-0.027430046679394162,-0.16365087550800428,-0.06530749023247662,-0.003341145315578335,0.13585703247820455,-0.04542194495459975,0.0,0.2302915230849805,False,-0.43224999999999425,-0.43224999999999425,0.0,0.0,0.1312436891780312,0.13185073877871248,2.5,-2.23,0.0,0.0,0.0,-0.0,
1791373253.1202657,balance,0.033036369602769185,-0.00810145006999302,-0.029083575463384238,-0.07871159454726093,-0.06546109038173176,-0.003341145315578335,0.13578235057395527,-0.046284464562785156,0.0,0.2298161506863574,False,-0.4338333333333275,-0.4338333333333275,0.0,0.0,0.1312436891780312,0.13164831367381408,2.4,-2.05,0.0,0.0,0.0,-0.0,
1791373253.1302235,balance,0.032992233785325925,-0.008313769516244617,-0.029237648856286217,0.03819181200235919,-0.06561485958414756,-0.003384976942535418,0.13570767187674562,-0.041478687587986875,0.0,0.22938198792152084,False,-0.43541666666666085,-0.43541666666666085,0.0,-0.09285714285714286,0.1312436891780312,0.13144589182803942,2.37,-2.14,0.0,-0.65,0.0,0.5118110236220472,
1791373253.1402698,balance,0.03385042093747171,-0.008721829528666113,-0.028848537640263957,0.10312575879312649,-0.06608393552027109,-0.003384976942535418,0.13548392076173713,-0.03104675851861949,0.0,0.2290535814256908,False,-0.4369999999999941,-0.4369999999999941,0.0,-0.09285714285714286,0.13083937397795098,0.13124367215443894,2.4,-2.17,0.0,-0.65,0.0,0.5118110236220472,
1791373253.1502306,balance,0.034552534975275585,-0.009410976462284285,-0.028260633648395928,0.03405035884422757,-0.06624065384346378,-0.00342748521979227,0.13540934429415263,-0.03281032436885204,0.0,0.2287416083429556,False,-0.43858333333332744,-0.43858333333332744,0.0,0.0,0.13083937397795098,0.1310414524808385,2.3000000000000003,-2.25,0.0,0.0,0.0,-0.0,
1791373253.1602533,balance,0.034372150156627,-0.010173082149864138,-0.028754973539281664,-0.03440247943375273,-0.06655460891570093,-0.00342748521979227,0.1352602013527038,-0.03797878524064704,0.0,0.22837093077540313,False,-0.4401666666666607,-0.4401666666666607,0.0,-0.09285714285714286,0.13063739058623525,0.13083935697424984,2.22,-2.2600000000000002,0.0,-0.65,0.0,0.5118110236220472,
1791373253.1702344,balance,0.03429102285265852,-0.011004607377683457,-0.02899333814875555,-0.010937477650886946,-0.06671184622120634,-0.00342748521979227,0.13518563488986501,-0.0435438291822965,0.0,0.22795390164883222,False,-0.44174999999999404,-0.44174999999999404,0.0,0.0,0.13063739058623525,0.1306373735825341,2.27,-2.2800000000000002,0.0,0.0,0.0,-0.0,
1791373253.1802835,balance,0.0341478111296548,-0.011982888541414268,-0.02945154541704837,0.02594953975050699,-0.06702684176649544,-0.00342748521979227,0.1350365120076119,-0.043257054533398696,0.0,0.22750295326064035,False,-0.4433333333333273,-0.4433333333333273,-0.09285714285714286,0.0,0.1304354144080441,0.13043539742163604,2.23,-2.31,-0.65,0.0,-0.5118110236220472,-0.0,
1791373253.1902645,balance,0.03517569727122499,-0.012939124397263215,-0.028745098044639823,0.09317586061624006,-0.06734828053565708,-0.00342748521979227,0.1348879654626342,-0.02634071693628507,0.0,0.22720255668131856,False,-0.44491666666666063,-0.44491666666666063,0.0,0.0,0.13023363643746386,0.13023361945105577,2.17,-2.42,0.0,0.0,0.0,-0.0,
1791373253.2002618,balance,0.03475147537184786,-0.013903807018873848,-0.02976984338580024,-0.14327259334598405,-0.06799352582529085,-0.003472207067642746,0.13459093774310005,-0.025247352935531844,0.0,0.22695228399790415,False,-0.4464999999999939,-0.4464999999999939,-0.09285714285714286,0.0,0.1300318584668836,0.1296285885383086,2.17,-2.56,-0.65,0.0,-0.5118110236220472,-0.0,
1791373253.2102609,balance,0.03300413110327168,-0.014847745877965737,-0.03167894419727551,-0.17525624115987182,-0.06815528236818993,-0.003472207067642746,0.13451668959297486,-0.03629871740716174,0.0,0.2266202513822997,False,-0.4480833333333272,-0.4480833333333272,0.0,-0.09285714285714286,0.1300318584668836,0.12942702228589914,2.09,-2.52,0.0,-0.65,0.0,0.5118110236220472,
1791373253.2207484,balance,0.03179598665887541,-0.01610925874098281,-0.03300234064495144,-0.049714297241595325,-0.0683196787608624,-0.0035213514570355477,0.13444251284554692,-0.034870780237572084,0.0,0.22626190325452977,False,-0.4496666666666605,-0.4496666666666605,-0.09285714285714286,-0.09285714285714286,0.1300318584668836,0.12922572617315906,1.98,-2.46,-0.65,-0.65,-0.5118110236220472,0.5118110236220472,
1791373253.2302382,balance,0.03206581797061933,-0.016986910883807865,-0.03305943332782955,0.0464151092290696,-0.06864660275548443,-0.0035213514570355477,0.13429410366494693,-0.026215546726153793,0.0,0.22598646467053526,False,-0.4512499999999938,-0.4512499999999938,0.0,0.0,0.1298301873424821,0.12902443006041897,1.95,-2.48,0.0,0.0,0.0,-0.0,
1791373253.240263,balance,0.03257771263136904,-0.01793870849161961,-0.03287770249932889,0.04626359537836446,-0.06897676658773348,-0.0035213514570355477,0.13414577835205502,-0.020309467157766534,0.0,0.2257734877557821,False,-0.4528333333333271,-0.4528333333333271,-0.09285714285714286,0.0,0.1298301873424821,0.12862214464360472,1.8900000000000001,-2.63,-0.65,0.0,-0.5118110236220472,-0.0,
1791373253.2502308,balance,0.032448677723974806,-0.018891350059419814,-0.033335113021126524,-0.09577781826003633,-0.06930514220213688,-0.0035213514570355477,0.13399739810013012,-0.03407494065499617,0.0,0.22547667429893758,False,-0.4544166666666604,-0.4544166666666604,-0.09285714285714286,0.0,0.1296286055082052,0.12842106578378096,1.87,-2.7,-0.65,0.0,-0.5118110236220472,-0.0,
1791373253.2602317,balance,0.03172719239433094,-0.019896786661100077,-0.03422522600572636,-0.04530373190486798,-0.06947376985709285,-0.0035213514570355477,0.1339234717500283,-0.04195048395156468,0.0,0.22506876590817101,False,-0.4559999999999937,-0.4559999999999937,-0.09285714285714286,0.0,0.1296286055082052,0.12822025152888109,1.74,-2.59,-0.65,0.0,-0.5118110236220472,-0.0,
1791373253.270278,balance,0.031960082954758905,-0.020751152849675807,-0.034155719534594425,0.06627114118803601,-0.06963715394638888,-0.0035213514570355477,0.13384925591648283,-0.0343113086616633,0.0,0.22470273160896018,False,-0.457583333333327,-0.457583333333327,-0.09285714285714286,0.0,0.12942703923174265,0.12822025152888109,1.75,-2.52,-0.65,0.0,-0.5118110236220472,-0.0,
1791373253.2802315,balance,0.03237350598099682,-0.02139839076140408,-0.034365400323385364,-0.0015132323819244526,-0.0703114834434028,-0.0035725771390206097,0.13355339208333394,-0.038733428919705916,0.0,0.2243345770113606,False,-0.4591666666666603,-0.4591666666666603,0.0,0.0,0.12922574311900256,0.12761811938294831,1.72,-2.82,0.0,0.0,0.0,-0.0,
1791373253.2902663,balance,0.03244654623761413,-0.02168400784366888,-0.034462165843153675,0.05237636082433639,-0.07048128921978841,-0.0035725771390206097,0.13347949312118187,-0.03713468996033797,0.0,0.22394619349443098,False,-0.4607499999999936,-0.4607499999999936,-0.09285714285714286,0.0,0.12922574311900256,0.12741752791528158,1.68,-2.64,-0.65,0.0,-0.5118110236220472,-0.0,
1791373253.3002663,balance,0.032931672037455464,-0.022166813117314495,-0.034265663677085015,0.02150588918494418,-0.07082138856264034,-0.003624052848099856,0.13333176097384883,-0.035813505607670236,0.0,0.22359368874068403,False,-0.4623333333333269,-0.4623333333333269,0.0,0.0,0.12902444700626245,0.12721719551822186,1.69,-2.72,0.0,0.0,0.0,-0.0,
1791373253.310228,balance,0.03313013937101046,-0.02263219134488315,-0.034356498298220774,0.022062798399773258,-0.07116230268302697,-0.003675665013795731,0.13318405016295723,-0.04055617793488576,0.0,0.22319169075959455,False,-0.4639166666666602,-0.4639166666666602,-0.09285714285714286,-0.09285714285714286,0.12882326153828616,0.12701686312116217,1.69,-2.8000000000000003,-0.65,-0.65,-0.5118110236220472,0.5118110236220472,
1791373253.32023,balance,0.033742917906346814,-0.022817503743741568,-0.03403426279392072,0.0661194837356433,-0.07150397380038363,-0.0037267931001160924,0.1330363548654122,-0.03561884899860326,0.0,0.22283348650958518,False,-0.4654999999999935,-0.4654999999999935,0.0,0.0,0.1286221615729358,0.12681670017387825,1.73,-2.83,0.0,0.0,0.0,-0.0,
1791373253.3302395,balance,0.033939138631778075,-0.022766799668344644,-0.03424920641314405,-0.021058906368592978,-0.07201785335726098,-0.00382950831233885,0.13281480643999447,-0.03736438750251923,0.0,0.2224629702234984,False,-0.4670833333333268,-0.4670833333333268,0.0,0.0,0.12822026843416004,0.12661664886055865,1.75,-2.82,0.0,0.0,0.0,-0.0,
1791373253.3402658,balance,0.033566938536711846,-0.022661627794226497,-0.03486344312552418,-0.06580696064793569,-0.07236441737671821,-0.003934035714482182,0.13266737941843126,-0.03641635664541098,0.0,0.22209176896491836,False,-0.46866666666666007,-0.46866666666666007,0.0,-0.09285714285714286,0.12801945417926014,0.12641662864749625,1.8800000000000001,-2.74,0.0,-0.65,0.0,0.5118110236220472,
1791373253.3502364,balance,0.03287773560944895,-0.022739486387072343,-0.03584922739077128,-0.07240878275379531,-0.0727141923002746,-0.0039872293000543626,0.13252013536907972,-0.03336846856545673,0.0,0.2217496835110964,False,-0.4702499999999934,-0.4702499999999934,0.0,0.0,0.12781875436813772,0.12621685382169395,1.8800000000000001,-2.71,0.0,0.0,0.0,-0.0,
1791373253.3602626,balance,0.031927922167843494,-0.02259306229940263,-0.037039109157527346,-0.08703408708912057,-0.07306479511969853,-0.004097763794327691,0.13237291097646794,-0.0344267164883708,0.0,0.22140418655442326,False,-0.47183333333332667,-0.47183333333332667,0.0,0.0,0.1276181362717139,0.12601707899589162,1.77,-2.83,0.0,0.0,0.0,-0.0,
1791373253.370261,balance,0.03135942307531938,-0.021999721162156653,-0.037723795713006804,-0.022961889396827195,-0.07323765328227282,-0.0041544344939466295,0.132299074751949,-0.03564603295070386,0.0,0.2210439870312918,False,-0.47341666666666,-0.47341666666666,0.0,0.0,0.12741754477999595,0.12601707899589162,1.8800000000000001,-2.6,0.0,0.0,0.0,-0.0,
1791373253.3802547,balance,0.031598896900939824,-0.021112020232983232,-0.03783901451033461,0.05666095320577956,-0.07359234590522107,-0.0041544344939466295,0.13215215862778895,-0.029082814469710803,0.0,0.22073287779809933,False,-0.4749999999999935,-0.4749999999999935,0.0,0.0,0.12721721238293626,0.12581745693083524,1.8900000000000001,-2.68,0.0,0.0,0.0,-0.0,
1791373253.390259,balance,0.032103430717635106,-0.02044094724444441,-0.03763348873476869,0.06517397075812531,-0.07394788898200606,-0.004210969529602266,0.1320052650931179,-0.02656789818678661,0.0,0.2204658209282701,False,-0.475,-0.475,0.0,-0.09285714285714286,0.12701687998587655,0.12561792763017587,1.98,-2.65,0.0,-0.65,0.0,0.5118110236220472,
1791373253.4002628,balance,0.03179968669005011,-0.020116180951884943,-0.03811405174910657,-0.06623426279015308,-0.07412470796875895,-0.004210969529602266,0.13193173915690284,-0.03573467210441523,0.0,0.22013594304875736,False,-0.475,-0.475,-0.09285714285714286,0.0,0.12681671701492997,0.12561792763017587,2.02,-2.68,-0.65,0.0,-0.5118110236220472,-0.0,
1791373253.4102483,balance,0.0313010561203544,-0.01969203201393256,-0.038731513945625774,-0.0681772861369008,-0.07430172414332249,-0.004269154077342315,0.13185821735012754,-0.03916980141641607,0.0,0.219750060605423,False,-0.475,-0.475,-0.09285714285714286,-0.09285714285714286,0.12661666570161037,0.12561792763017587,2.13,-2.69,-0.65,-0.65,-0.5118110236220472,0.5118110236220472,
1791373253.4202728,balance,0.031073868762898967,-0.019152716215833376,-0.039077211111905256,-0.0003855232647847234,-0.07447893782462311,-0.004327857949818888,0.1317846996797035,-0.0369554537160135,0.0,0.21937952207873948,False,-0.475,-0.475,-0.09285714285714286,0.0,0.12641664546527226,0.12561792763017587,2.19,-2.67,-0.65,0.0,-0.5118110236220472,-0.0,
1791373253.4302351,balance,0.031017730096961224,-0.01843680825697337,-0.03901604624772975,0.010711934382317712,-0.07447893782462311,-0.004445161479932135,0.1317846996797035,-0.037649926077741085,0.0,0.21900425033751997,False,-0.475,-0.475,-0.09285714285714286,-0.09285714285714286,0.12641664546527226,0.12561792763017587,2.2800000000000002,-2.68,-0.65,-0.65,-0.5118110236220472,0.5118110236220472,
1791373253.4402428,balance,0.031180133593776433,-0.017516726809283192,-0.0389748144146077,0.012587855058267214,-0.07465880148179403,-0.0045038534734099045,0.13171135376911652,-0.03870937940850357,0.0,0.21862642593787,False,-0.475,-0.475,0.0,-0.09285714285714286,0.12621687063946996,0.12561792763017587,2.35,-2.65,0.0,-0.65,0.0,0.5118110236220472,
1791373253.4502368,balance,0.03119794373203879,-0.016866192438188758,-0.03884023857060041,-0.0026103510921530963,-0.07465880148179403,-0.00462061917915483,0.13171135376911652,-0.04028491806442623,0.0,0.2182265837780179,False,-0.475,-0.475,0.0,-0.09285714285714286,0.12621687063946996,0.12561792763017587,2.35,-2.68,0.0,-0.65,0.0,0.5118110236220472,
1791373253.4602652,balance,0.03136710599820416,-0.016332529687604916,-0.038613069689978394,0.01996708776368454,-0.07465880148179403,-0.004678625793611483,0.13171135376911652,-0.03797031473890166,0.0,0.21784757037488897,False,-0.475,-0.475,0.0,-0.09285714285714286,0.12621687063946996,0.12561792763017587,2.35,-2.64,0.0,-0.65,0.0,0.5118110236220472,
1791373253.4702353,balance,0.031219517212267435,-0.01606575543418484,-0.038760658475915116,-0.03629425670274052,-0.07465880148179403,-0.004678625793611483,0.13171135376911652,-0.04562015203751023,0.0,0.21741767787833025,False,-0.475,-0.475,-0.09285714285714286,-0.09285714285714286,0.12621687063946996,0.12561792763017587,2.34,-2.64,-0.65,-0.65,-0.5118110236220472,0.5118110236220472,
1791373253.4802313,balance,0.03114314447855487,-0.015750465807061197,-0.03859874806575175,0.035559528505672726,-0.07447888762886212,-0.004736995084555497,0.13178469624816194,-0.04994885182040118,0.0,0.2169346656679312,False,-0.475,-0.475,-0.09285714285714286,0.0,0.12621687063946996,0.12581745693083524,2.34,-2.63,-0.65,0.0,-0.5118110236220472,-0.0,
1791373253.490258,balance,0.03175249030597729,-0.015503160298121266,-0.03811206211712435,0.060008375719332874,-0.07465880148179403,-0.004794249058692389,0.13171135376911652,-0.049786436772507346,0.0,0.21643399263245716,False,-0.475,-0.475,-0.09285714285714286,0.0,0.12601709581366763,0.12581745693083524,2.37,-2.5300000000000002,-0.65,0.0,-0.5118110236220472,-0.0,
1791373253.5002468,balance,0.032643833021210995,-0.015685207475396916,-0.03716488832278781,0.10418832421262322,-0.07465880148179403,-0.004850080137795225,0.13171135376911652,-0.04729300638756693,0.0,0.21595792014605114,False,-0.475,-0.475,-0.09285714285714286,0.0,0.12601709581366763,0.12581745693083524,2.45,-2.56,-0.65,0.0,-0.5118110236220472,-0.0,
1791373253.5103037,balance,0.033138448537177206,-0.015770579312236285,-0.03685038713290907,0.024333815897519796,-0.0748389158078815,-0.004850080137795225,0.13163801555818574,-0.0552684123635744,0.0,0.215425714234756,False,-0.475,-0.475,-0.09285714285714286,0.0,0.12601709581366763,0.12561792763017587,2.45,-2.65,-0.65,0.0,-0.5118110236220472,-0.0,
1791373253.5202727,balance,0.03361176643996468,-0.01553608616483211,-0.03619695490403413,0.06773767109339088,-0.07465880148179403,-0.004850080137795225,0.13171135376911652,-0.05661815018215383,0.0,0.21485993002742002,False,-0.475,-0.475,0.0,0.0,0.12601709581366763,0.12581745693083524,2.46,-2.49,0.0,0.0,0.0,-0.0,
1791373253.530245,balance,0.03441905280046718,-0.015541147621975056,-0.0355697828696191,0.08643369852074478,-0.0748389158078815,-0.004850080137795225,0.13163801555818574,-0.05377497477558696,0.0,0.21430772539675813,False,-0.475,-0.475,-0.09285714285714286,0.0,0.12601709581366763,0.12561792763017587,2.45,-2.59,-0.65,0.0,-0.5118110236220472,-0.0,
1791373253.5402625,balance,0.03553696842084839,-0.01575840197978208,-0.03440018944836403,0.11778213713610108,-0.0748389158078815,-0.004901757938669082,0.13163801555818574,-0.049616326006053826,0.0,0.21380962319797786,False,-0.475,-0.475,0.0,0.0,0.12601709581366763,0.12561792763017587,2.46,-2.65,0.0,0.0,0.0,-0.0,
1791373253.5502396,balance,0.03623863765904163,-0.016335828108614874,-0.03369852021017079,0.045228784175190204,-0.0748389158078815,-0.004901757938669082,0.13163801555818574,-0.050975569814127146,0.0,0.21329851193384036,False,-0.475,-0.475,-0.09285714285714286,0.0,0.12601709581366763,0.12561792763017587,2.42,-2.68,-0.65,0.0,-0.5118110236220472,-0.0,
1791373253.5602412,balance,0.0365050210099394,-0.01705522212897759,-0.03338198865398411,-0.01098374233490885,-0.0748389158078815,-0.004951906143957992,0.13163801555818574,-0.046746908913747755,0.0,0.21282417030317188,False,-0.475,-0.475,-0.09285714285714286,0.0,0.12601709581366763,0.12561792763017587,2.47,-2.69,-0.65,0.0,-0.5118110236220472,-0.0,
1791373253.5702589,balance,0.035668982316867964,-0.01761501862083918,-0.03398727990710511,-0.12320314614687604,-0.07465880148179403,-0.005002539257820958,0.13171135376911652,-0.05089138260346753,0.0,0.21233098312532273,False,-0.475,-0.475,0.0,0.0,0.12621687063946996,0.12561792763017587,2.44,-2.68,0.0,0.0,0.0,-0.0,
1791373253.5802364,balance,0.034649779258581266,-0.018128730573061087,-0.03500648296539181,-0.036498274002196726,-0.07465880148179403,-0.005002539257820958,0.13171135376911652,-0.06094595641622216,0.0,0.21173010505284207,False,-0.475,-0.475,0.0,-0.09285714285714286,0.12621687063946996,0.12561792763017587,2.31,-2.66,0.0,-0.65,0.0,0.5118110236220472,
1791373253.5902364,balance,0.03569731314449246,-0.018718418962479527,-0.03395894907948061,0.2128393522132344,-0.07465880148179403,-0.005002539257820958,0.13171135376911652,-0.05065546597931989,0.0,0.21119040222263183,False,-0.475,-0.475,0.0,-0.09285714285714286,0.12621687063946996,0.12561792763017587,2.25,-2.68,0.0,-0.65,0.0,0.5118110236220472,
1791373253.600262,balance,0.03785188101000227,-0.019000909328831094,-0.03157708078046469,0.20525524605200496,-0.07447893782462311,-0.005049976034156157,0.1317846996797035,-0.0436382648024422,0.0,0.21074707176967108,False,-0.475,-0.475,0.0,-0.09285714285714286,0.12641664546527226,0.12561792763017587,2.27,-2.71,0.0,-0.65,0.0,0.5118110236220472,
1791373253.6102464,balance,0.03921403867012196,-0.018897728023709797,-0.030169042052567197,0.06947816889795992,-0.07447893782462311,-0.005095857101933959,0.1317846996797035,-0.04791038024716758,0.0,0.21029058732643421,False,-0.475,-0.475,0.0,0.0,0.12641664546527226,0.12561792763017587,2.22,-2.74,0.0,0.0,0.0,-0.0,
1791373253.6202734,balance,0.03928678049589271,-0.01952120948795809,-0.030096300226796446,-0.013961232428591762,-0.07447893782462311,-0.005095857101933959,0.1317846996797035,-0.05126358080438181,0.0,0.20978187480585875,False,-0.475,-0.475,-0.09285714285714286,0.0,0.12641664546527226,0.12561792763017587,2.17,-2.67,-0.65,0.0,-0.5118110236220472,-0.0,
1791373253.630256,balance,0.03916747601972485,-0.020611003790415146,-0.030395518579159158,-0.018421828358559947,-0.07465885170081797,-0.005095857101933959,0.13171135720184812,-0.054230810534658294,0.0,0.20924892841893478,False,-0.475,-0.475,-0.09285714285714286,0.0,0.12641664546527226,0.12541843477729353,2.2,-2.91,-0.65,0.0,-0.5118110236220472,-0.0,
1791373253.6402416,balance,0.039108332675912696,-0.021348268894143776,-0.030454661922971315,0.02475826244819311,-0.07465885170081797,-0.005095857101933959,0.13171135720184812,-0.049604819991620364,0.0,0.2087349567227152,False,-0.475,-0.475,0.0,-0.09285714285714286,0.12641664546527226,0.12541843477729353,2.21,-2.79,0.0,-0.65,0.0,0.5118110236220472,
1791373253.6502416,balance,0.03959493518944027,-0.021270524729629096,-0.029968059409443745,0.05261339375657015,-0.07465885170081797,-0.005095857101933959,0.13171135720184812,-0.03963961856775646,0.0,0.20831629545799574,False,-0.475,-0.475,0.0,0.0,0.12641664546527226,0.12541843477729353,2.19,-2.85,0.0,0.0,0.0,-0.0,
1791373253.6602485,balance,0.03925969213543348,-0.0207831901561656,-0.03030330246345053,-0.08323796814173483,-0.07465885170081797,-0.005095857101933959,0.13171135720184812,-0.044194361861088854,0.0,0.2078864516159861,False,-0.475,-0.475,0.0,0.0,0.12641664546527226,0.12541843477729353,2.2,-2.8000000000000003,0.0,0.0,0.0,-0.0,
1791373253.6703331,balance,0.03854615912731113,-0.02060225416703024,-0.03097031021836552,-0.029704728715108514,-0.07465885170081797,-0.005142382355141318,0.13171135720184812,-0.045815397598249465,0.0,0.2074242099166589,False,-0.475,-0.475,0.0,0.0,0.12641664546527226,0.12541843477729353,2.18,-2.79,0.0,0.0,0.0,-0.0,
1791373253.680233,balance,0.03876140224212524,-0.02093120039368091,-0.030755067103551414,0.04862375551277933,-0.07465885170081797,-0.005142382355141318,0.13171135720184812,-0.03613550787038679,0.0,0.2070376191071297,False,-0.475,-0.475,-0.09285714285714286,0.0,0.12641664546527226,0.12541843477729353,2.21,-2.81,-0.65,0.0,-0.5118110236220472,-0.0,
1791373253.6902544,balance,0.038986111370550455,-0.02081714958478675,-0.030530357975126196,-0.01461186793322052,-0.07465885170081797,-0.005142382355141318,0.13171135720184812,-0.039426849236021654,0.0,0.20667007301681256,False,-0.475,-0.475,0.0,0.0,0.12641664546527226,0.12541843477729353,2.21,-2.83,0.0,0.0,0.0,-0.0,
1791373253.7002525,balance,0.038755712718113636,-0.021142591685679373,-0.030760756627563016,-0.008209899371440742,-0.07465885170081797,-0.005142382355141318,0.13171135720184812,-0.049273772985141115,0.0,0.20619153107459307,False,-0.475,-0.475,0.0,0.0,0.12641664546527226,0.12541843477729353,2.21,-2.82,0.0,0.0,0.0,-0.0,
1791373253.7102497,balance,0.03908682230919111,-0.021156560520745764,-0.030383672290519904,0.06509903385368675,-0.07465885170081797,-0.005188357101106958,0.13171135720184812,-0.043802266038646495,0.0,0.2057253327301197,False,-0.475,-0.475,0.0,0.0,0.12641664546527226,0.12541843477729353,2.2,-2.74,0.0,0.0,0.0,-0.0,
1791373253.7202747,balance,0.03983510562166574,-0.021000859209848774,-0.029635388978045272,0.03823988633271044,-0.07465885170081797,-0.005188357101106958,0.13171135720184812,-0.03374388680971045,0.0,0.20536280920080166,False,-0.475,-0.475,-0.09285714285714286,-0.09285714285714286,0.12641664546527226,0.12541843477729353,2.22,-2.87,-0.65,-0.65,-0.5118110236220472,0.5118110236220472,
1791373253.730247,balance,0.03905929923698019,-0.020073317730507936,-0.030366358164011727,-0.14373915942598325,-0.07465885170081797,-0.005233194299826053,0.13171135720184812,-0.039708968680023035,0.0,0.20499797484677848,False,-0.475,-0.475,0.0,-0.09285714285714286,0.12641664546527226,0.12541843477729353,2.22,-2.7600000000000002,0.0,-0.65,0.0,0.5118110236220472,
1791373253.7402503,balance,0.03745327191842922,-0.019480222263175206,-0.031972385482562704,-0.12031636088155379,-0.07465885170081797,-0.005233194299826053,0.13171135720184812,-0.04754466308201004,0.0,0.20453352699987531,False,-0.475,-0.475,0.0,-0.10208375889840356,0.12641664546527226,0.12541843477729353,2.19,-2.79,0.0,-0.7145863122888249,0.0,0.5626663876289959,
1791373253.7502542,balance,0.03711559360091109,-0.01946091363536221,-0.032310063800080835,0.015226909300631562,-0.07465885170081797,-0.005233194299826053,0.13171135720184812,-0.03562532001499256,0.0,0.20414473339183756,False,-0.475,-0.475,0.0,0.0,0.12641664546527226,0.12541843477729353,2.21,-2.7800000000000002,0.0,0.0,0.0,-0.0,
1791373253.7602608,balance,0.03737147679888743,-0.019023317441100307,-0.03205418060210449,0.002998106990970117,-0.07465885170081797,-0.005233194299826053,0.13171135720184812,-0.02394650565395546,0.0,0.20388107715789472,False,-0.475,-0.475,0.0,0.0,0.12641664546527226,0.12541843477729353,2.23,-2.83,0.0,0.0,0.0,-0.0,
1791373253.7702484,balance,0.03663336249789274,-0.018835339843835622,-0.032923653087922944,-0.15729246486011508,-0.07483891580788149,-0.005281900222065809,0.13163801555818577,-0.0301329765763822,0.0,0.20360891436751746,False,-0.475,-0.475,0.0,0.0,0.12621687063946996,0.12541843477729353,2.39,-2.79,0.0,0.0,0.0,-0.0,
1791373253.7802525,balance,0.034827397909564566,-0.018733080945616182,-0.034729617676251115,-0.16298220356660229,-0.07483891580788149,-0.005281900222065809,0.13163801555818577,-0.04419721227001088,0.0,0.20318963320499753,False,-0.475,-0.475,-0.09285714285714286,0.0,0.12621687063946996,0.12541843477729353,2.34,-2.77,-0.65,0.0,-0.5118110236220472,-0.0,
1791373253.7902553,balance,0.034453732305629,-0.018916651940487483,-0.03487056742022973,0.0664778980428301,-0.07465880148179403,-0.005334501755935301,0.13171135376911652,-0.04340190429127479,0.0,0.20274790435273682,False,-0.475,-0.475,-0.09285714285714286,0.0,0.12621687063946996,0.12561792763017587,2.34,-2.68,-0.65,0.0,-0.5118110236220472,-0.0,
1791373253.8002574,balance,0.03575508629308711,-0.018763719192762603,-0.033569213432771625,0.17343286611958475,-0.07465880148179403,-0.005334501755935301,0.13171135376911652,-0.036384856675024266,0.0,0.2023655244971161,False,-0.475,-0.475,0.0,-0.09285714285714286,0.12621687063946996,0.12561792763017587,2.3000000000000003,-2.69,0.0,-0.65,0.0,0.5118110236220472,
1791373253.810249,balance,0.03700408159182027,-0.01788989070688192,-0.03227120426249321,0.0671667442218238,-0.07465880148179403,-0.005383515627480554,0.13171135376911652,-0.042898100321678484,0.0,0.20196610437338697,False,-0.475,-0.475,0.0,0.0,0.12621687063946996,0.12561792763017587,2.36,-2.66,0.0,0.0,0.0,-0.0,
1791373253.820298,balance,0.03730184359744151,-0.017142049680628334,-0.03192548209348666,0.04282059263793911,-0.07465880148179403,-0.005431475790865861,0.13171135376911652,-0.0477703109381969,0.0,0.2014902759773173,False,-0.475,-0.475,0.0,0.0,0.12621687063946996,0.12561792763017587,2.31,-2.69,0.0,0.0,0.0,-0.0,
1791373253.8302505,balance,0.037771711282528236,-0.017278700389825655,-0.03145561440839993,0.023614957019521432,-0.07465880148179403,-0.005431475790865861,0.13171135376911652,-0.042817689147499,0.0,0.20105356437124416,False,-0.475,-0.475,0.0,0.0,0.12621687063946996,0.12561792763017587,2.36,-2.67,0.0,0.0,0.0,-0.0,
1791373253.840252,balance,0.03766552211981425,-0.01778121105740138,-0.03174191789720138,-0.03451483447785748,-0.07483891580788149,-0.005431475790865861,0.13163801555818577,-0.04644153436337217,0.0,0.20059950520535752,False,-0.475,-0.475,-0.09285714285714286,0.0,0.12621687063946996,0.12541843477729353,2.35,-2.7,-0.65,0.0,-0.5118110236220472,-0.0,
1791373253.850251,balance,0.03750140074284914,-0.018410259463472734,-0.03185827008424284,-0.01495172239054751,-0.07483891580788149,-0.005479244980789508,0.13163801555818577,-0.05016279210539759,0.0,0.2001089871600236,False,-0.475,-0.475,-0.09285714285714286,-0.09285714285714286,0.12621687063946996,0.12541843477729353,2.38,-2.8000000000000003,-0.65,-0.65,-0.5118110236220472,0.5118110236220472,
1791373253.8602674,balance,0.03781918528475835,-0.018319701664539324,-0.03131333065942181,0.07785669954198292,-0.07465880148179403,-0.005526285537613878,0.13171135376911652,-0.04871641243780859,0.0,0.19961443095621484,False,-0.475,-0.475,-0.09285714285714286,0.0,0.12621687063946996,0.12561792763017587,2.39,-2.65,-0.65,0.0,-0.5118110236220472,-0.0,
1791373253.870254,balance,0.03880648580124892,-0.01806791867909442,-0.03046038525231516,0.09224833396904704,-0.07483891580788149,-0.005572044754317405,0.13163801555818577,-0.045931850379514555,0.0,0.19915061112385152,False,-0.475,-0.475,0.0,-0.09285714285714286,0.12621687063946996,0.12541843477729353,2.33,-2.83,0.0,-0.65,0.0,0.5118110236220472,
1791373253.8802404,balance,0.039496031187322075,-0.01744322064064495,-0.029545763744958566,0.041174615896295584,-0.07465880148179403,-0.0056170065495133896,0.13171135376911652,-0.0483935108912555,0.0,0.19868007988773995,False,-0.475,-0.475,0.0,0.0,0.12621687063946996,0.12561792763017587,2.33,-2.74,0.0,0.0,0.0,-0.0,
1791373253.8902562,disarmed,0.037038435216621195,-0.018832185145534704,-0.029545763744958566,0.041174615896295584,-0.07465880148179403,-0.0056170065495133896,0.13171135376911652,-0.0483935108912555,0.0,0.19868007988773995,False,-0.475,-0.475,0.0,0.0,0.12621687063946996,0.12561792763017587,2.33,-2.74,0.0,0.0,0.0,-0.0,
1791373253.9039052,disarmed,0.037038435216621195,-0.018832185145534704,-0.029545763744958566,0.041174615896295584,-0.08086513117973959,-0.0056170065495133896,0.12930286903867236,-0.0483935108912555,0.0,0.19868007988773995,False,-0.475,-0.475,0.0,0.0,0.12283695615083516,0.1224791,2.33,-2.74,0.0,0.0,0.0,-0.0,
1791373253.9102294,disarmed,0.037503645236018006,-0.019235084375030423,-0.029545763744958566,0.041174615896295584,-0.08126060329150546,-0.0056170065495133896,0.1291563573025948,-0.0483935108912555,0.0,0.19868007988773995,False,-0.475,-0.475,0.0,0.0,0.1224791,0.1224791,2.33,-2.74,0.0,0.0,0.0,-0.0,
1791373253.9202971,disarmed,0.03783187885023945,-0.020188515152145915,-0.029545763744958566,0.041174615896295584,-0.08126060329150546,-0.0056170065495133896,0.1291563573025948,-0.0483935108912555,0.0,0.19868007988773995,False,-0.475,-0.475,0.0,0.0,0.1224791,0.1224791,2.33,-2.74,0.0,0.0,0.0,-0.0,
1791373253.930247,disarmed,0.03856884329591224,-0.022918779913421797,-0.029545763744958566,0.041174615896295584,-0.08126060329150546,-0.0056170065495133896,0.1291563573025948,-0.0483935108912555,0.0,0.19868007988773995,False,-0.475,-0.475,0.0,0.0,0.1224791,0.1224791,2.33,-2.74,0.0,0.0,0.0,-0.0,
1791373253.9402382,disarmed,0.03988939573648519,-0.022723629412657688,-0.029545763744958566,0.041174615896295584,-0.08126060329150546,-0.0056170065495133896,0.1291563573025948,-0.0483935108912555,0.0,0.19868007988773995,False,-0.475,-0.475,0.0,0.0,0.1224791,0.1224791,2.33,-2.74,0.0,0.0,0.0,-0.0,
1791373253.950243,disarmed,0.04119036591303757,-0.015548816057670261,-0.029545763744958566,0.041174615896295584,-0.08126060329150546,-0.0056170065495133896,0.1291563573025948,-0.0483935108912555,0.0,0.19868007988773995,False,-0.475,-0.475,0.0,0.0,0.1224791,0.1224791,2.33,-2.74,0.0,0.0,0.0,-0.0,
1791373253.9602323,disarmed,0.03869719978662705,-0.009492236344959569,-0.029545763744958566,0.041174615896295584,-0.08126060329150546,-0.0056170065495133896,0.1291563573025948,-0.0483935108912555,0.0,0.19868007988773995,False,-0.475,-0.475,0.0,0.0,0.1224791,0.1224791,2.33,-2.74,0.0,0.0,0.0,-0.0,
1791373253.9702344,disarmed,0.03485792214038529,-0.013450308336656948,-0.029545763744958566,0.041174615896295584,-0.08126060329150546,-0.0056170065495133896,0.1291563573025948,-0.0483935108912555,0.0,0.19868007988773995,False,-0.475,-0.475,0.0,0.0,0.1224791,0.1224791,2.33,-2.74,0.0,0.0,0.0,-0.0,
1791373253.9802322,disarmed,0.029433936757895966,-0.014126095267013916,-0.029545763744958566,0.041174615896295584,-0.08126060329150546,-0.0056170065495133896,0.1291563573025948,-0.0483935108912555,0.0,0.19868007988773995,False,-0.475,-0.475,0.0,0.0,0.1224791,0.1224791,2.33,-2.74,0.0,0.0,0.0,-0.0,
1791373253.9902325,disarmed,0.024446464553361785,-0.0068950101199471425,-0.029545763744958566,0.041174615896295584,-0.08126060329150546,-0.0056170065495133896,0.1291563573025948,-0.0483935108912555,0.0,0.19868007988773995,False,-0.475,-0.475,0.0,0.0,0.1224791,0.1224791,2.33,-2.74,0.0,0.0,0.0,-0.0,
1791373254.0002468,disarmed,0.020212261999977985,-0.0023247415241893473,-0.029545763744958566,0.041174615896295584,-0.08126060329150546,-0.0056170065495133896,0.1291563573025948,-0.0483935108912555,0.0,0.19868007988773995,False,-0.475,-0.475,0.0,0.0,0.1224791,0.1224791,2.33,-2.74,0.0,0.0,0.0,-0.0,
1791373254.0102317,disarmed,0.015576628629194378,0.00357060419383563,-0.029545763744958566,0.041174615896295584,-0.08126060329150546,-0.0056170065495133896,0.1291563573025948,-0.0483935108912555,0.0,0.19868007988773995,False,-0.475,-0.475,0.0,0.0,0.1224791,0.1224791,2.33,-2.74,0.0,0.0,0.0,-0.0,
1791373254.0202801,disarmed,0.010973012096959741,0.009905019864428148,-0.029545763744958566,0.041174615896295584,-0.08126060329150546,-0.0056170065495133896,0.1291563573025948,-0.0483935108912555,0.0,0.19868007988773995,False,-0.475,-0.475,0.0,0.0,0.1224791,0.1224791,2.33,-2.74,0.0,0.0,0.0,-0.0,
1791373254.0302339,disarmed,0.006890823375432288,0.009612095760278976,-0.029545763744958566,0.041174615896295584,-0.08126060329150546,-0.0056170065495133896,0.1291563573025948,-0.0483935108912555,0.0,0.19868007988773995,False,-0.475,-0.475,0.0,0.0,0.1224791,0.1224791,2.33,-2.74,0.0,0.0,0.0,-0.0,
1791373254.0402312,disarmed,0.003705428439880293,0.005782562958153317,-0.029545763744958566,0.041174615896295584,-0.08126060329150546,-0.0056170065495133896,0.1291563573025948,-0.0483935108912555,0.0,0.19868007988773995,False,-0.475,-0.475,0.0,0.0,0.1224791,0.1224791,2.33,-2.74,0.0,0.0,0.0,-0.0,
1791373254.0502279,disarmed,0.0003595003547894663,-0.0009583078235768881,-0.029545763744958566,0.041174615896295584,-0.08126060329150546,-0.0056170065495133896,0.1291563573025948,-0.0483935108912555,0.0,0.19868007988773995,False,-0.475,-0.475,0.0,0.0,0.1224791,0.1224791,2.33,-2.74,0.0,0.0,0.0,-0.0,
1791373254.0602856,disarmed,-0.003807915399478742,-0.0012854397047127265,-0.029545763744958566,0.041174615896295584,-0.08126060329150546,-0.0056170065495133896,0.1291563573025948,-0.0483935108912555,0.0,0.19868007988773995,False,-0.475,-0.475,0.0,0.0,0.1224791,0.1224791,2.33,-2.74,0.0,0.0,0.0,-0.0,
1791373254.0702345,disarmed,-0.008771077254993586,-0.0012914551314715946,-0.029545763744958566,0.041174615896295584,-0.08126060329150546,-0.0056170065495133896,0.1291563573025948,-0.0483935108912555,0.0,0.19868007988773995,False,-0.475,-0.475,0.0,0.0,0.1224791,0.1224791,2.33,-2.74,0.0,0.0,0.0,-0.0,
1791373254.0802312,disarmed,-0.0161682686337684,-0.0028628799373045734,-0.029545763744958566,0.041174615896295584,-0.08126060329150546,-0.0056170065495133896,0.1291563573025948,-0.0483935108912555,0.0,0.19868007988773995,False,-0.475,-0.475,0.0,0.0,0.1224791,0.1224791,2.33,-2.74,0.0,0.0,0.0,-0.0,
1791373254.090253,disarmed,-0.022832488379429403,-0.004409652444555629,-0.029545763744958566,0.041174615896295584,-0.08126060329150546,-0.0056170065495133896,0.1291563573025948,-0.0483935108912555,0.0,0.19868007988773995,False,-0.475,-0.475,0.0,0.0,0.1224791,0.1224791,2.33,-2.74,0.0,0.0,0.0,-0.0,
1791373254.1002617,disarmed,-0.02872429534877781,-0.006862223511886933,-0.029545763744958566,0.041174615896295584,-0.08126060329150546,-0.0056170065495133896,0.1291563573025948,-0.0483935108912555,0.0,0.19868007988773995,False,-0.475,-0.475,0.0,0.0,0.1224791,0.1224791,2.33,-2.74,0.0,0.0,0.0,-0.0,
1791373254.110238,disarmed,-0.03357261989466309,-0.010970466654561493,-0.029545763744958566,0.041174615896295584,-0.08126060329150546,-0.0056170065495133896,0.1291563573025948,-0.0483935108912555,0.0,0.19868007988773995,False,-0.475,-0.475,0.0,0.0,0.1224791,0.1224791,2.33,-2.74,0.0,0.0,0.0,-0.0,
1791373254.1203463,disarmed,-0.03852534203839244,-0.014229097195450088,-0.029545763744958566,0.041174615896295584,-0.08126060329150546,-0.0056170065495133896,0.1291563573025948,-0.0483935108912555,0.0,0.19868007988773995,False,-0.475,-0.475,0.0,0.0,0.1224791,0.1224791,2.33,-2.74,0.0,0.0,0.0,-0.0,
1791373254.130254,disarmed,-0.044218047843309696,-0.015818802308772865,-0.029545763744958566,0.041174615896295584,-0.08126060329150546,-0.0056170065495133896,0.1291563573025948,-0.0483935108912555,0.0,0.19868007988773995,False,-0.475,-0.475,0.0,0.0,0.1224791,0.1224791,2.33,-2.74,0.0,0.0,0.0,-0.0,
1791373254.1402643,disarmed,-0.05042392576721716,-0.016138379427850687,-0.029545763744958566,0.041174615896295584,-0.08126060329150546,-0.0056170065495133896,0.1291563573025948,-0.0483935108912555,0.0,0.19868007988773995,False,-0.475,-0.475,0.0,0.0,0.1224791,0.1224791,2.33,-2.74,0.0,0.0,0.0,-0.0,
1791373254.150255,disarmed,-0.059548301748017174,-0.017247145267664982,-0.029545763744958566,0.041174615896295584,-0.08126060329150546,-0.0056170065495133896,0.1291563573025948,-0.0483935108912555,0.0,0.19868007988773995,False,-0.475,-0.475,0.0,0.0,0.1224791,0.1224791,2.33,-2.74,0.0,0.0,0.0,-0.0,
1791373254.1602507,disarmed,-0.0701954368911637,-0.0168874357048734,-0.029545763744958566,0.041174615896295584,-0.08126060329150546,-0.0056170065495133896,0.1291563573025948,-0.0483935108912555,0.0,0.19868007988773995,False,-0.475,-0.475,0.0,0.0,0.1224791,0.1224791,2.33,-2.74,0.0,0.0,0.0,-0.0,
1791373254.1702602,disarmed,-0.0813544381522352,-0.014351970880767928,-0.029545763744958566,0.041174615896295584,-0.08126060329150546,-0.0056170065495133896,0.1291563573025948,-0.0483935108912555,0.0,0.19868007988773995,False,-0.475,-0.475,0.0,0.0,0.1224791,0.1224791,2.33,-2.74,0.0,0.0,0.0,-0.0,
1791373254.1802483,disarmed,-0.09312886961223307,-0.01076620750869062,-0.029545763744958566,0.041174615896295584,-0.08126060329150546,-0.0056170065495133896,0.1291563573025948,-0.0483935108912555,0.0,0.19868007988773995,False,-0.475,-0.475,0.0,0.0,0.1224791,0.1224791,2.33,-2.74,0.0,0.0,0.0,-0.0,
1791373254.1902633,disarmed,-0.1054577992110102,-0.007718703711063606,-0.029545763744958566,0.041174615896295584,-0.08126060329150546,-0.0056170065495133896,0.1291563573025948,-0.0483935108912555,0.0,0.19868007988773995,False,-0.475,-0.475,0.0,0.0,0.1224791,0.1224791,2.33,-2.74,0.0,0.0,0.0,-0.0,
1791373254.200278,disarmed,-0.11740806303179509,-0.006883625022690377,-0.029545763744958566,0.041174615896295584,-0.08126060329150546,-0.0056170065495133896,0.1291563573025948,-0.0483935108912555,0.0,0.19868007988773995,False,-0.475,-0.475,0.0,0.0,0.1224791,0.1224791,2.33,-2.74,0.0,0.0,0.0,-0.0,
1791373254.2102585,disarmed,-0.12918773496671576,-0.006387201833944358,-0.029545763744958566,0.041174615896295584,-0.08126060329150546,-0.0056170065495133896,0.1291563573025948,-0.0483935108912555,0.0,0.19868007988773995,False,-0.475,-0.475,0.0,0.0,0.1224791,0.1224791,2.33,-2.74,0.0,0.0,0.0,-0.0,
1791373254.2205462,disarmed,-0.14299807241186394,-0.005566839112251302,-0.029545763744958566,0.041174615896295584,-0.08126060329150546,-0.0056170065495133896,0.1291563573025948,-0.0483935108912555,0.0,0.19868007988773995,False,-0.475,-0.475,0.0,0.0,0.1224791,0.1224791,2.33,-2.74,0.0,0.0,0.0,-0.0,
1791373254.2302313,disarmed,-0.15867278041356772,-0.004130083053765143,-0.029545763744958566,0.041174615896295584,-0.08126060329150546,-0.0056170065495133896,0.1291563573025948,-0.0483935108912555,0.0,0.19868007988773995,False,-0.475,-0.475,0.0,0.0,0.1224791,0.1224791,2.33,-2.74,0.0,0.0,0.0,-0.0,
1791373254.2402341,disarmed,-0.17594508351131152,-0.003088872368294037,-0.029545763744958566,0.041174615896295584,-0.08126060329150546,-0.0056170065495133896,0.1291563573025948,-0.0483935108912555,0.0,0.19868007988773995,False,-0.475,-0.475,0.0,0.0,0.1224791,0.1224791,2.33,-2.74,0.0,0.0,0.0,-0.0,
1791373254.2502358,disarmed,-0.1939676087129221,-0.003219316198268331,-0.029545763744958566,0.041174615896295584,-0.08126060329150546,-0.0056170065495133896,0.1291563573025948,-0.0483935108912555,0.0,0.19868007988773995,False,-0.475,-0.475,0.0,0.0,0.1224791,0.1224791,2.33,-2.74,0.0,0.0,0.0,-0.0,
1791373254.2602305,disarmed,-0.2125856260047094,-0.0038468829619824744,-0.029545763744958566,0.041174615896295584,-0.08126060329150546,-0.0056170065495133896,0.1291563573025948,-0.0483935108912555,0.0,0.19868007988773995,False,-0.475,-0.475,0.0,0.0,0.1224791,0.1224791,2.33,-2.74,0.0,0.0,0.0,-0.0,
1791373254.2702453,disarmed,-0.23150143379619423,-0.005153427242970966,-0.029545763744958566,0.041174615896295584,-0.08126060329150546,-0.0056170065495133896,0.1291563573025948,-0.0483935108912555,0.0,0.19868007988773995,False,-0.475,-0.475,0.0,0.0,0.1224791,0.1224791,2.33,-2.74,0.0,0.0,0.0,-0.0,
1791373254.2802684,disarmed,-0.25033724964838994,-0.007538774598993521,-0.029545763744958566,0.041174615896295584,-0.08126060329150546,-0.0056170065495133896,0.1291563573025948,-0.0483935108912555,0.0,0.19868007988773995,False,-0.475,-0.475,0.0,0.0,0.1224791,0.1224791,2.33,-2.74,0.0,0.0,0.0,-0.0,
1791373254.290241,disarmed,-0.26932511582985924,-0.00966772206253182,-0.029545763744958566,0.041174615896295584,-0.08126060329150546,-0.0056170065495133896,0.1291563573025948,-0.0483935108912555,0.0,0.19868007988773995,False,-0.475,-0.475,0.0,0.0,0.1224791,0.1224791,2.33,-2.74,0.0,0.0,0.0,-0.0,
1791373254.3002517,disarmed,-0.28976665905911125,-0.011920895751558707,-0.029545763744958566,0.041174615896295584,-0.08126060329150546,-0.0056170065495133896,0.1291563573025948,-0.0483935108912555,0.0,0.19868007988773995,False,-0.475,-0.475,0.0,0.0,0.1224791,0.1224791,2.33,-2.74,0.0,0.0,0.0,-0.0,
1791373254.3102322,disarmed,-0.3113310154766237,-0.012573275122201672,-0.029545763744958566,0.041174615896295584,-0.08126060329150546,-0.0056170065495133896,0.1291563573025948,-0.0483935108912555,0.0,0.19868007988773995,False,-0.475,-0.475,0.0,0.0,0.1224791,0.1224791,2.33,-2.74,0.0,0.0,0.0,-0.0,
1791373254.3202817,disarmed,-0.3335896705581452,-0.012486248289344195,-0.029545763744958566,0.041174615896295584,-0.08126060329150546,-0.0056170065495133896,0.1291563573025948,-0.0483935108912555,0.0,0.19868007988773995,False,-0.475,-0.475,0.0,0.0,0.1224791,0.1224791,2.33,-2.74,0.0,0.0,0.0,-0.0,
1791373254.3302262,disarmed,-0.35540445803774234,-0.012387829950803751,-0.029545763744958566,0.041174615896295584,-0.08126060329150546,-0.0056170065495133896,0.1291563573025948,-0.0483935108912555,0.0,0.19868007988773995,False,-0.475,-0.475,0.0,0.0,0.1224791,0.1224791,2.33,-2.74,0.0,0.0,0.0,-0.0,
1791373254.3402314,disarmed,-0.3761046717822814,-0.012902988244188543,-0.029545763744958566,0.041174615896295584,-0.08126060329150546,-0.0056170065495133896,0.1291563573025948,-0.0483935108912555,0.0,0.19868007988773995,False,-0.475,-0.475,0.0,0.0,0.1224791,0.1224791,2.33,-2.74,0.0,0.0,0.0,-0.0,
1791373254.350231,disarmed,-0.3957840478991575,-0.01313671751640961,-0.029545763744958566,0.041174615896295584,-0.08126060329150546,-0.0056170065495133896,0.1291563573025948,-0.0483935108912555,0.0,0.19868007988773995,False,-0.475,-0.475,0.0,0.0,0.1224791,0.1224791,2.33,-2.74,0.0,0.0,0.0,-0.0,
1791373254.3602698,disarmed,-0.41412256066037634,-0.01237480815678987,-0.029545763744958566,0.041174615896295584,-0.08126060329150546,-0.0056170065495133896,0.1291563573025948,-0.0483935108912555,0.0,0.19868007988773995,False,-0.475,-0.475,0.0,0.0,0.1224791,0.1224791,2.33,-2.74,0.0,0.0,0.0,-0.0,
1791373254.3702655,disarmed,-0.4307404115990865,-0.011124665948708349,-0.029545763744958566,0.041174615896295584,-0.08126060329150546,-0.0056170065495133896,0.1291563573025948,-0.0483935108912555,0.0,0.19868007988773995,False,-0.475,-0.475,0.0,0.0,0.1224791,0.1224791,2.33,-2.74,0.0,0.0,0.0,-0.0,
1791373254.3802543,disarmed,-0.44646738981349804,-0.010236748338640075,-0.029545763744958566,0.041174615896295584,-0.08126060329150546,-0.0056170065495133896,0.1291563573025948,-0.0483935108912555,0.0,0.19868007988773995,False,-0.475,-0.475,0.0,0.0,0.1224791,0.1224791,2.33,-2.74,0.0,0.0,0.0,-0.0,
1791373254.3902297,disarmed,-0.46204371308659864,-0.009888980126577759,-0.029545763744958566,0.041174615896295584,-0.08126060329150546,-0.0056170065495133896,0.1291563573025948,-0.0483935108912555,0.0,0.19868007988773995,False,-0.475,-0.475,0.0,0.0,0.1224791,0.1224791,2.33,-2.74,0.0,0.0,0.0,-0.0,
1791373254.4002695,disarmed,-0.47649391090658766,-0.009130794302268453,-0.029545763744958566,0.041174615896295584,-0.08126060329150546,-0.0056170065495133896,0.1291563573025948,-0.0483935108912555,0.0,0.19868007988773995,False,-0.475,-0.475,0.0,0.0,0.1224791,0.1224791,2.33,-2.74,0.0,0.0,0.0,-0.0,
1791373254.4102337,disarmed,-0.4883819567180528,-0.008054477114781518,-0.029545763744958566,0.041174615896295584,-0.08126060329150546,-0.0056170065495133896,0.1291563573025948,-0.0483935108912555,0.0,0.19868007988773995,False,-0.475,-0.475,0.0,0.0,0.1224791,0.1224791,2.33,-2.74,0.0,0.0,0.0,-0.0,
1791373254.4202871,disarmed,-0.4973377185196221,-0.007685882329827547,-0.029545763744958566,0.041174615896295584,-0.08126060329150546,-0.0056170065495133896,0.1291563573025948,-0.0483935108912555,0.0,0.19868007988773995,False,-0.475,-0.475,0.0,0.0,0.1224791,0.1224791,2.33,-2.74,0.0,0.0,0.0,-0.0,
1791373254.4302416,disarmed,-0.5041172829467042,-0.00846641442764162,-0.029545763744958566,0.041174615896295584,-0.08126060329150546,-0.0056170065495133896,0.1291563573025948,-0.0483935108912555,0.0,0.19868007988773995,False,-0.475,-0.475,0.0,0.0,0.1224791,0.1224791,2.33,-2.74,0.0,0.0,0.0,-0.0,
1791373254.4402347,disarmed,-0.5092675755376792,-0.009619664352371184,-0.029545763744958566,0.041174615896295584,-0.08126060329150546,-0.0056170065495133896,0.1291563573025948,-0.0483935108912555,0.0,0.19868007988773995,False,-0.475,-0.475,0.0,0.0,0.1224791,0.1224791,2.33,-2.74,0.0,0.0,0.0,-0.0,
1791373254.450232,disarmed,-0.513178562573429,-0.010532006140255777,-0.029545763744958566,0.041174615896295584,-0.08126060329150546,-0.0056170065495133896,0.1291563573025948,-0.0483935108912555,0.0,0.19868007988773995,False,-0.475,-0.475,0.0,0.0,0.1224791,0.1224791,2.33,-2.74,0.0,0.0,0.0,-0.0,
1791373254.4602654,disarmed,-0.5162202957746426,-0.011205419660988928,-0.029545763744958566,0.041174615896295584,-0.08126060329150546,-0.0056170065495133896,0.1291563573025948,-0.0483935108912555,0.0,0.19868007988773995,False,-0.475,-0.475,0.0,0.0,0.1224791,0.1224791,2.33,-2.74,0.0,0.0,0.0,-0.0,
1791373254.470239,disarmed,-0.5182971375938528,-0.01145058531462123,-0.029545763744958566,0.041174615896295584,-0.08126060329150546,-0.0056170065495133896,0.1291563573025948,-0.0483935108912555,0.0,0.19868007988773995,False,-0.475,-0.475,0.0,0.0,0.1224791,0.1224791,2.33,-2.74,0.0,0.0,0.0,-0.0,
1791373254.4802344,disarmed,-0.5193421696795081,-0.01126675814399203,-0.029545763744958566,0.041174615896295584,-0.08126060329150546,-0.0056170065495133896,0.1291563573025948,-0.0483935108912555,0.0,0.19868007988773995,False,-0.475,-0.475,0.0,0.0,0.1224791,0.1224791,2.33,-2.74,0.0,0.0,0.0,-0.0,
1791373254.4902394,disarmed,-0.5196025761800193,-0.010603464904464574,-0.029545763744958566,0.041174615896295584,-0.08126060329150546,-0.0056170065495133896,0.1291563573025948,-0.0483935108912555,0.0,0.19868007988773995,False,-0.475,-0.475,0.0,0.0,0.1224791,0.1224791,2.33,-2.74,0.0,0.0,0.0,-0.0,
1791373254.5002544,disarmed,-0.5193161436993479,-0.009760503698184651,-0.029545763744958566,0.041174615896295584,-0.08126060329150546,-0.0056170065495133896,0.1291563573025948,-0.0483935108912555,0.0,0.19868007988773995,False,-0.475,-0.475,0.0,0.0,0.1224791,0.1224791,2.33,-2.74,0.0,0.0,0.0,-0.0,
1791373254.5102565,disarmed,-0.5180219328427615,-0.008998492189495607,-0.029545763744958566,0.041174615896295584,-0.08126060329150546,-0.0056170065495133896,0.1291563573025948,-0.0483935108912555,0.0,0.19868007988773995,False,-0.475,-0.475,0.0,0.0,0.1224791,0.1224791,2.33,-2.74,0.0,0.0,0.0,-0.0,
