t,mode,pitch,roll,th,thd,th_kin,th_bias,l_pend,v,v_ref,x_err,lifted,a0,a1,a2,a3,hL,hR,IhL,IhR,tauwL,tauwR,IwL,IwR,fault
1791370219.5172389,disarmed,0.01798382845690997,-0.0028147296062853476,0.0,0.0,-0.08126060329150546,0.0,0.1291563573025948,0.0,0.0,0.0,False,0.0,0.0,0.0,0.0,0.1224791,0.1224791,0.0,0.0,0.0,0.0,0.0,0.0,
1791370219.5272553,disarmed,0.012186401798682368,-0.0026530344145543764,0.0,0.0,-0.08126060329150546,0.0,0.1291563573025948,0.0,0.0,0.0,False,0.0,0.0,0.0,0.0,0.1224791,0.1224791,0.0,0.0,0.0,0.0,0.0,0.0,
1791370219.5372338,disarmed,0.0064858828136131865,-0.002392783459838405,0.0,0.0,-0.08126060329150546,0.0,0.1291563573025948,0.0,0.0,0.0,False,0.0,0.0,0.0,0.0,0.1224791,0.1224791,0.0,0.0,0.0,0.0,0.0,0.0,
1791370219.547213,disarmed,0.001091543074903764,-0.0021915740352058508,0.0,0.0,-0.08126060329150546,0.0,0.1291563573025948,0.0,0.0,0.0,False,0.0,0.0,0.0,0.0,0.1224791,0.1224791,0.0,0.0,0.0,0.0,0.0,0.0,
1791370219.5572567,disarmed,-0.003857410316820534,-0.0019250136887853906,0.0,0.0,-0.08126060329150546,0.0,0.1291563573025948,0.0,0.0,0.0,False,0.0,0.0,0.0,0.0,0.1224791,0.1224791,0.0,0.0,0.0,0.0,0.0,0.0,
1791370219.5672443,disarmed,-0.008231265438327664,-0.001541770083359476,0.0,0.0,-0.08126060329150546,0.0,0.1291563573025948,0.0,0.0,0.0,False,0.0,0.0,0.0,0.0,0.1224791,0.1224791,0.0,0.0,0.0,0.0,0.0,0.0,
1791370219.577259,disarmed,-0.0118840159496255,-0.0011168039051175477,0.0,0.0,-0.08126060329150546,0.0,0.1291563573025948,0.0,0.0,0.0,False,0.0,0.0,0.0,0.0,0.1224791,0.1224791,0.0,0.0,0.0,0.0,0.0,0.0,
1791370219.5872457,disarmed,-0.01513098569428198,-0.0007429387628738813,0.0,0.0,-0.08126060329150546,0.0,0.1291563573025948,0.0,0.0,0.0,False,0.0,0.0,0.0,0.0,0.1224791,0.1224791,0.0,0.0,0.0,0.0,0.0,0.0,
1791370219.5972893,disarmed,-0.018304696289891065,-0.00047726865529146447,0.0,0.0,-0.08126060329150546,0.0,0.1291563573025948,0.0,0.0,0.0,False,0.0,0.0,0.0,0.0,0.1224791,0.1224791,0.0,0.0,0.0,0.0,0.0,0.0,
1791370219.6072285,disarmed,-0.02149298982852285,-0.00030664747705186763,0.0,0.0,-0.08126060329150546,0.0,0.1291563573025948,0.0,0.0,0.0,False,0.0,0.0,0.0,0.0,0.1224791,0.1224791,0.0,0.0,0.0,0.0,0.0,0.0,
1791370219.617251,disarmed,-0.023941664568536067,-0.00025966067036292185,0.0,0.0,-0.08126060329150546,0.0,0.1291563573025948,0.0,0.0,0.0,False,0.0,0.0,0.0,0.0,0.1224791,0.1224791,0.0,0.0,0.0,0.0,0.0,0.0,
1791370219.6272433,disarmed,-0.026986954064835925,-0.0002588609279873056,0.0,0.0,-0.08126060329150546,0.0,0.1291563573025948,0.0,0.0,0.0,False,0.0,0.0,0.0,0.0,0.1224791,0.1224791,0.0,0.0,0.0,0.0,0.0,0.0,
1791370219.63728,disarmed,-0.028849655733609175,-0.00033258531082323313,0.0,0.0,-0.08126060329150546,0.0,0.1291563573025948,0.0,0.0,0.0,False,0.0,0.0,0.0,0.0,0.1224791,0.1224791,0.0,0.0,0.0,0.0,0.0,0.0,
1791370219.6472635,disarmed,-0.030208504451596167,-0.0004982159767826657,0.0,0.0,-0.08126060329150546,0.0,0.1291563573025948,0.0,0.0,0.0,False,0.0,0.0,0.0,0.0,0.1224791,0.1224791,0.0,0.0,0.0,0.0,0.0,0.0,
1791370219.6572452,disarmed,-0.03127328434970119,-0.0007125713715187661,0.0,0.0,-0.08126060329150546,0.0,0.1291563573025948,0.0,0.0,0.0,False,0.0,0.0,0.0,0.0,0.1224791,0.1224791,0.0,0.0,0.0,0.0,0.0,0.0,
1791370219.6672854,disarmed,-0.0322070707525775,-0.0009190416275780698,0.0,0.0,-0.08126060329150546,0.0,0.1291563573025948,0.0,0.0,0.0,False,0.0,0.0,0.0,0.0,0.1224791,0.1224791,0.0,0.0,0.0,0.0,0.0,0.0,
1791370219.6772478,disarmed,-0.04004243348717574,-0.0018949815415663393,0.0,0.0,-0.08126060329150546,0.0,0.1291563573025948,0.0,0.0,0.0,False,0.0,0.0,0.0,0.0,0.1224791,0.1224791,0.0,0.0,0.0,0.0,0.0,0.0,
1791370219.6872048,disarmed,-0.04021387843344761,-0.0020584169483629394,0.0,0.0,-0.08126060329150546,0.0,0.1291563573025948,0.0,0.0,0.0,False,0.0,0.0,0.0,0.0,0.1224791,0.1224791,0.0,0.0,0.0,0.0,0.0,0.0,
1791370219.6972737,disarmed,-0.04112492964474396,-0.0023084349561200506,0.0,0.0,-0.08126060329150546,0.0,0.1291563573025948,0.0,0.0,0.0,False,0.0,0.0,0.0,0.0,0.1224791,0.1224791,0.0,0.0,0.0,0.0,0.0,0.0,
1791370219.7072265,disarmed,-0.04136768658361414,-0.0026333841324071116,0.0,0.0,-0.08126060329150546,0.0,0.1291563573025948,0.0,0.0,0.0,False,0.0,0.0,0.0,0.0,0.1224791,0.1224791,0.0,0.0,0.0,0.0,0.0,0.0,
1791370219.7172623,disarmed,-0.042592844927042156,-0.0028702152694305965,0.0,0.0,-0.08126060329150546,0.0,0.1291563573025948,0.0,0.0,0.0,False,0.0,0.0,0.0,0.0,0.1224791,0.1224791,0.0,0.0,0.0,0.0,0.0,0.0,
1791370219.7273269,disarmed,-0.04424251378408843,-0.0027960563590993474,0.0,0.0,-0.08126060329150546,0.0,0.1291563573025948,0.0,0.0,0.0,False,0.0,0.0,0.0,0.0,0.1224791,0.1224791,0.0,0.0,0.0,0.0,0.0,0.0,
1791370219.7372773,disarmed,-0.04552705439999198,-0.0025709997846850305,0.0,0.0,-0.08126060329150546,0.0,0.1291563573025948,0.0,0.0,0.0,False,0.0,0.0,0.0,0.0,0.1224791,0.1224791,0.0,0.0,0.0,0.0,0.0,0.0,
1791370219.7472656,disarmed,-0.04646347296497992,-0.0026516058869374246,0.0,0.0,-0.08126060329150546,0.0,0.1291563573025948,0.0,0.0,0.0,False,0.0,0.0,0.0,0.0,0.1224791,0.1224791,0.0,0.0,0.0,0.0,0.0,0.0,
1791370219.757249,disarmed,-0.04743970889633616,-0.0029421986869960543,0.0,0.0,-0.08126060329150546,0.0,0.1291563573025948,0.0,0.0,0.0,False,0.0,0.0,0.0,0.0,0.1224791,0.1224791,0.0,0.0,0.0,0.0,0.0,0.0,
1791370219.7672184,disarmed,-0.04874207202284916,-0.0029861952602331407,0.0,0.0,-0.08126060329150546,0.0,0.1291563573025948,0.0,0.0,0.0,False,0.0,0.0,0.0,0.0,0.1224791,0.1224791,0.0,0.0,0.0,0.0,0.0,0.0,
1791370219.7772796,disarmed,-0.05038246428733034,-0.0027831396495694226,0.0,0.0,-0.08126060329150546,0.0,0.1291563573025948,0.0,0.0,0.0,False,0.0,0.0,0.0,0.0,0.1224791,0.1224791,0.0,0.0,0.0,0.0,0.0,0.0,
1791370219.7872598,disarmed,-0.052145241690308715,-0.002728531303713979,0.0,0.0,-0.08126060329150546,0.0,0.1291563573025948,0.0,0.0,0.0,False,0.0,0.0,0.0,0.0,0.1224791,0.1224791,0.0,0.0,0.0,0.0,0.0,0.0,
1791370219.7973003,disarmed,-0.05435260491640878,-0.00305254777801738,0.0,0.0,-0.08126060329150546,0.0,0.1291563573025948,0.0,0.0,0.0,False,0.0,0.0,0.0,0.0,0.1224791,0.1224791,0.0,0.0,0.0,0.0,0.0,0.0,
1791370219.8072572,disarmed,-0.057253365026921965,-0.0033600829215765455,0.0,0.0,-0.08126060329150546,0.0,0.1291563573025948,0.0,0.0,0.0,False,0.0,0.0,0.0,0.0,0.1224791,0.1224791,0.0,0.0,0.0,0.0,0.0,0.0,
1791370219.8172367,disarmed,-0.06071149991457954,-0.003425607053537547,0.0,0.0,-0.08126060329150546,0.0,0.1291563573025948,0.0,0.0,0.0,False,0.0,0.0,0.0,0.0,0.1224791,0.1224791,0.0,0.0,0.0,0.0,0.0,0.0,
1791370219.8272142,disarmed,-0.06458651258890716,-0.0032950469759883256,0.0,0.0,-0.08126060329150546,0.0,0.1291563573025948,0.0,0.0,0.0,False,0.0,0.0,0.0,0.0,0.1224791,0.1224791,0.0,0.0,0.0,0.0,0.0,0.0,
1791370219.8372378,disarmed,-0.06874961823886605,-0.0032956872017013486,0.0,0.0,-0.08126060329150546,0.0,0.1291563573025948,0.0,0.0,0.0,False,0.0,0.0,0.0,0.0,0.1224791,0.1224791,0.0,0.0,0.0,0.0,0.0,0.0,
1791370219.8472521,disarmed,-0.07339858300097986,-0.0035600239823700875,0.0,0.0,-0.08126060329150546,0.0,0.1291563573025948,0.0,0.0,0.0,False,0.0,0.0,0.0,0.0,0.1224791,0.1224791,0.0,0.0,0.0,0.0,0.0,0.0,
1791370219.8572967,disarmed,-0.0785487339698909,-0.003823961922259977,0.0,0.0,-0.08126060329150546,0.0,0.1291563573025948,0.0,0.0,0.0,False,0.0,0.0,0.0,0.0,0.1224791,0.1224791,0.0,0.0,0.0,0.0,0.0,0.0,
1791370219.8672688,disarmed,-0.08364977022744483,-0.0036207375562911097,0.0,0.0,-0.08126060329150546,0.0,0.1291563573025948,0.0,0.0,0.0,False,0.0,0.0,0.0,0.0,0.1224791,0.1224791,0.0,0.0,0.0,0.0,0.0,0.0,
1791370219.8772306,disarmed,-0.08789712309555946,-0.002814460728819069,0.0,0.0,-0.08126060329150546,0.0,0.1291563573025948,0.0,0.0,0.0,False,0.0,0.0,0.0,0.0,0.1224791,0.1224791,0.0,0.0,0.0,0.0,0.0,0.0,
1791370219.8872035,disarmed,-0.09058193993854054,-0.001946604230133068,0.0,0.0,-0.08126060329150546,0.0,0.1291563573025948,0.0,0.0,0.0,False,0.0,0.0,0.0,0.0,0.1224791,0.1224791,0.0,0.0,0.0,0.0,0.0,0.0,
1791370219.8972807,disarmed,-0.09221742548884725,-0.0019353658166808582,0.0,0.0,-0.08126060329150546,0.0,0.1291563573025948,0.0,0.0,0.0,False,0.0,0.0,0.0,0.0,0.1224791,0.1224791,0.0,0.0,0.0,0.0,0.0,0.0,
1791370219.9072332,disarmed,-0.09328123230396065,-0.0026666451286251735,0.0,0.0,-0.08126060329150546,0.0,0.1291563573025948,0.0,0.0,0.0,False,0.0,0.0,0.0,0.0,0.1224791,0.1224791,0.0,0.0,0.0,0.0,0.0,0.0,
1791370219.9172459,disarmed,-0.09362460393256908,-0.0028894006981818486,0.0,0.0,-0.08126060329150546,0.0,0.1291563573025948,0.0,0.0,0.0,False,0.0,0.0,0.0,0.0,0.1224791,0.1224791,0.0,0.0,0.0,0.0,0.0,0.0,
1791370219.9273133,disarmed,-0.09289175864888921,-0.002356357066261134,0.0,0.0,-0.08126060329150546,0.0,0.1291563573025948,0.0,0.0,0.0,False,0.0,0.0,0.0,0.0,0.1224791,0.1224791,0.0,0.0,0.0,0.0,0.0,0.0,
1791370219.9372346,disarmed,-0.09167854564383764,-0.001842373294375199,0.0,0.0,-0.08126060329150546,0.0,0.1291563573025948,0.0,0.0,0.0,False,0.0,0.0,0.0,0.0,0.1224791,0.1224791,0.0,0.0,0.0,0.0,0.0,0.0,
1791370219.9472663,disarmed,-0.09043865048339948,-0.0018020081766564567,0.0,0.0,-0.08126060329150546,0.0,0.1291563573025948,0.0,0.0,0.0,False,0.0,0.0,0.0,0.0,0.1224791,0.1224791,0.0,0.0,0.0,0.0,0.0,0.0,
1791370219.9572606,disarmed,-0.0888054973352132,-0.0017135182039003832,0.0,0.0,-0.08126060329150546,0.0,0.1291563573025948,0.0,0.0,0.0,False,0.0,0.0,0.0,0.0,0.1224791,0.1224791,0.0,0.0,0.0,0.0,0.0,0.0,
1791370219.967244,disarmed,-0.0869001552430703,-0.0010781987018247002,0.0,0.0,-0.08126060329150546,0.0,0.1291563573025948,0.0,0.0,0.0,False,0.0,0.0,0.0,0.0,0.1224791,0.1224791,0.0,0.0,0.0,0.0,0.0,0.0,
1791370219.9772296,disarmed,-0.0849850454494824,-0.00013433821295422214,0.0,0.0,-0.08126060329150546,0.0,0.1291563573025948,0.0,0.0,0.0,False,0.0,0.0,0.0,0.0,0.1224791,0.1224791,0.0,0.0,0.0,0.0,0.0,0.0,
1791370219.9872406,disarmed,-0.08309720793992835,0.00039273050532355697,0.0,0.0,-0.08126060329150546,0.0,0.1291563573025948,0.0,0.0,0.0,False,0.0,0.0,0.0,0.0,0.1224791,0.1224791,0.0,0.0,0.0,0.0,0.0,0.0,
1791370219.9972587,disarmed,-0.08099889355066217,0.0005788940128502331,0.0,0.0,-0.08126060329150546,0.0,0.1291563573025948,0.0,0.0,0.0,False,0.0,0.0,0.0,0.0,0.1224791,0.1224791,0.0,0.0,0.0,0.0,0.0,0.0,
1791370220.0072334,disarmed,-0.07870439964313804,0.0008820620032122056,0.0,0.0,-0.08126060329150546,0.0,0.1291563573025948,0.0,0.0,0.0,False,0.0,0.0,0.0,0.0,0.1224791,0.1224791,0.0,0.0,0.0,0.0,0.0,0.0,
1791370220.017252,disarmed,-0.07668502888531438,0.0013845438538721228,0.0,0.0,-0.08126060329150546,0.0,0.1291563573025948,0.0,0.0,0.0,False,0.0,0.0,0.0,0.0,0.1224791,0.1224791,0.0,0.0,0.0,0.0,0.0,0.0,
1791370220.0272229,disarmed,-0.07507740468478716,0.0016200075443581724,0.0,0.0,-0.08126060329150546,0.0,0.1291563573025948,0.0,0.0,0.0,False,0.0,0.0,0.0,0.0,0.1224791,0.1224791,0.0,0.0,0.0,0.0,0.0,0.0,
1791370220.0372703,disarmed,-0.07311524628364233,0.0014002002176591159,0.0,0.0,-0.08126060329150546,0.0,0.1291563573025948,0.0,0.0,0.0,False,0.0,0.0,0.0,0.0,0.1224791,0.1224791,0.0,0.0,0.0,0.0,0.0,0.0,
1791370220.0472744,disarmed,-0.07052851063823269,0.0010198999249111016,0.0,0.0,-0.08126060329150546,0.0,0.1291563573025948,0.0,0.0,0.0,False,0.0,0.0,0.0,0.0,0.1224791,0.1224791,0.0,0.0,0.0,0.0,0.0,0.0,
1791370220.0572886,disarmed,-0.06805976832665299,0.0007805045928015355,0.0,0.0,-0.08126060329150546,0.0,0.1291563573025948,0.0,0.0,0.0,False,0.0,0.0,0.0,0.0,0.1224791,0.1224791,0.0,0.0,0.0,0.0,0.0,0.0,
1791370220.0672302,disarmed,-0.06587998020040496,0.0005194127071563861,0.0,0.0,-0.08126060329150546,0.0,0.1291563573025948,0.0,0.0,0.0,False,0.0,0.0,0.0,0.0,0.1224791,0.1224791,0.0,0.0,0.0,0.0,0.0,0.0,
1791370220.0772681,disarmed,-0.06355247109585284,0.00012103165382504822,0.0,0.0,-0.08126060329150546,0.0,0.1291563573025948,0.0,0.0,0.0,False,0.0,0.0,0.0,0.0,0.1224791,0.1224791,0.0,0.0,0.0,0.0,0.0,0.0,
1791370220.0872848,disarmed,-0.061121364857676524,-0.0004890612572874303,0.0,0.0,-0.08126060329150546,0.0,0.1291563573025948,0.0,0.0,0.0,False,0.0,0.0,0.0,0.0,0.1224791,0.1224791,0.0,0.0,0.0,0.0,0.0,0.0,
1791370220.0972493,disarmed,-0.05846316907252988,-0.0009727202314990681,0.0,0.0,-0.08126060329150546,0.0,0.1291563573025948,0.0,0.0,0.0,False,0.0,0.0,0.0,0.0,0.1224791,0.1224791,0.0,0.0,0.0,0.0,0.0,0.0,
1791370220.1072285,disarmed,-0.05639550721932234,-0.0012400170017337838,0.0,0.0,-0.08126060329150546,0.0,0.1291563573025948,0.0,0.0,0.0,False,0.0,0.0,0.0,0.0,0.1224791,0.1224791,0.0,0.0,0.0,0.0,0.0,0.0,
1791370220.1172545,disarmed,-0.05504145604907546,-0.0014892878950611796,0.0,0.0,-0.08126060329150546,0.0,0.1291563573025948,0.0,0.0,0.0,False,0.0,0.0,0.0,0.0,0.1224791,0.1224791,0.0,0.0,0.0,0.0,0.0,0.0,
1791370220.1272426,disarmed,-0.053424180865175266,-0.001805612356779025,0.0,0.0,-0.08126060329150546,0.0,0.1291563573025948,0.0,0.0,0.0,False,0.0,0.0,0.0,0.0,0.1224791,0.1224791,0.0,0.0,0.0,0.0,0.0,0.0,
1791370220.1372569,disarmed,-0.05157327286174255,-0.0020241809334947455,0.0,0.0,-0.08126060329150546,0.0,0.1291563573025948,0.0,0.0,0.0,False,0.0,0.0,0.0,0.0,0.1224791,0.1224791,0.0,0.0,0.0,0.0,0.0,0.0,
1791370220.1471932,disarmed,-0.050317130776756744,-0.0020973660399455168,0.0,0.0,-0.08126060329150546,0.0,0.1291563573025948,0.0,0.0,0.0,False,0.0,0.0,0.0,0.0,0.1224791,0.1224791,0.0,0.0,0.0,0.0,0.0,0.0,
1791370220.1572454,disarmed,-0.04991270334585548,-0.0019438342849421178,0.0,0.0,-0.08126060329150546,0.0,0.1291563573025948,0.0,0.0,0.0,False,0.0,0.0,0.0,0.0,0.1224791,0.1224791,0.0,0.0,0.0,0.0,0.0,0.0,
1791370220.1672018,disarmed,-0.049522821351627715,-0.0020018964223031685,0.0,0.0,-0.08126060329150546,0.0,0.1291563573025948,0.0,0.0,0.0,False,0.0,0.0,0.0,0.0,0.1224791,0.1224791,0.0,0.0,0.0,0.0,0.0,0.0,
1791370220.1772404,disarmed,-0.04837697867911217,-0.0022093089587926964,0.0,0.0,-0.08126060329150546,0.0,0.1291563573025948,0.0,0.0,0.0,False,0.0,0.0,0.0,0.0,0.1224791,0.1224791,0.0,0.0,0.0,0.0,0.0,0.0,
1791370220.1872282,disarmed,-0.0467023785973934,-0.001999470356352509,0.0,0.0,-0.08126060329150546,0.0,0.1291563573025948,0.0,0.0,0.0,False,0.0,0.0,0.0,0.0,0.1224791,0.1224791,0.0,0.0,0.0,0.0,0.0,0.0,
1791370220.1972618,disarmed,-0.045987615257933205,-0.0015585605393930197,0.0,0.0,-0.08126060329150546,0.0,0.1291563573025948,0.0,0.0,0.0,False,0.0,0.0,0.0,0.0,0.1224791,0.1224791,0.0,0.0,0.0,0.0,0.0,0.0,
1791370220.2072556,disarmed,-0.046569045987599374,-0.0010001230525677792,0.0,0.0,-0.08126060329150546,0.0,0.1291563573025948,0.0,0.0,0.0,False,0.0,0.0,0.0,0.0,0.1224791,0.1224791,0.0,0.0,0.0,0.0,0.0,0.0,
1791370220.2172482,disarmed,-0.04702225197558093,-0.0009513015403695885,0.0,0.0,-0.08126060329150546,0.0,0.1291563573025948,0.0,0.0,0.0,False,0.0,0.0,0.0,0.0,0.1224791,0.1224791,0.0,0.0,0.0,0.0,0.0,0.0,
1791370220.227209,disarmed,-0.046003056061298765,-0.0012489533557676878,0.0,0.0,-0.08126060329150546,0.0,0.1291563573025948,0.0,0.0,0.0,False,0.0,0.0,0.0,0.0,0.1224791,0.1224791,0.0,0.0,0.0,0.0,0.0,0.0,
1791370220.2372997,disarmed,-0.044571504257448734,-0.0008647370673894936,0.0,0.0,-0.08126060329150546,0.0,0.1291563573025948,0.0,0.0,0.0,False,0.0,0.0,0.0,0.0,0.1224791,0.1224791,0.0,0.0,0.0,0.0,0.0,0.0,
1791370220.2472603,disarmed,-0.0443556435629864,-0.00029206142125894264,0.0,0.0,-0.08126060329150546,0.0,0.1291563573025948,0.0,0.0,0.0,False,0.0,0.0,0.0,0.0,0.1224791,0.1224791,0.0,0.0,0.0,0.0,0.0,0.0,
1791370220.2572403,disarmed,-0.044485236354962966,-5.957999043539957e-05,0.0,0.0,-0.08126060329150546,0.0,0.1291563573025948,0.0,0.0,0.0,False,0.0,0.0,0.0,0.0,0.1224791,0.1224791,0.0,0.0,0.0,0.0,0.0,0.0,
1791370220.2672398,disarmed,-0.04402630040241748,-0.00021265090959809714,0.0,0.0,-0.08126060329150546,0.0,0.1291563573025948,0.0,0.0,0.0,False,0.0,0.0,0.0,0.0,0.1224791,0.1224791,0.0,0.0,0.0,0.0,0.0,0.0,
1791370220.2772713,disarmed,-0.04305883965555563,-0.00021320282719366094,0.0,0.0,-0.08126060329150546,0.0,0.1291563573025948,0.0,0.0,0.0,False,0.0,0.0,0.0,0.0,0.1224791,0.1224791,0.0,0.0,0.0,0.0,0.0,0.0,
1791370220.2872272,disarmed,-0.04225634578634279,4.994707854524212e-05,0.0,0.0,-0.08126060329150546,0.0,0.1291563573025948,0.0,0.0,0.0,False,0.0,0.0,0.0,0.0,0.1224791,0.1224791,0.0,0.0,0.0,0.0,0.0,0.0,
1791370220.2972422,disarmed,-0.041540962855950415,0.0002789638874913788,0.0,0.0,-0.08126060329150546,0.0,0.1291563573025948,0.0,0.0,0.0,False,0.0,0.0,0.0,0.0,0.1224791,0.1224791,0.0,0.0,0.0,0.0,0.0,0.0,
1791370220.3072114,disarmed,-0.04001215485366965,0.0001844086952585433,0.0,0.0,-0.08126060329150546,0.0,0.1291563573025948,0.0,0.0,0.0,False,0.0,0.0,0.0,0.0,0.1224791,0.1224791,0.0,0.0,0.0,0.0,0.0,0.0,
1791370220.3172364,disarmed,-0.037639950547716496,-0.00013339802059159496,0.0,0.0,-0.08126060329150546,0.0,0.1291563573025948,0.0,0.0,0.0,False,0.0,0.0,0.0,0.0,0.1224791,0.1224791,0.0,0.0,0.0,0.0,0.0,0.0,
1791370220.3272219,disarmed,-0.034783167925674735,-0.0003164011942685911,0.0,0.0,-0.08126060329150546,0.0,0.1291563573025948,0.0,0.0,0.0,False,0.0,0.0,0.0,0.0,0.1224791,0.1224791,0.0,0.0,0.0,0.0,0.0,0.0,
1791370220.3372314,disarmed,-0.03138544217632092,-0.0002282163689499107,0.0,0.0,-0.08126060329150546,0.0,0.1291563573025948,0.0,0.0,0.0,False,0.0,0.0,0.0,0.0,0.1224791,0.1224791,0.0,0.0,0.0,0.0,0.0,0.0,
1791370220.3472466,disarmed,-0.02735344251433447,-0.00029697800963119313,0.0,0.0,-0.08126060329150546,0.0,0.1291563573025948,0.0,0.0,0.0,False,0.0,0.0,0.0,0.0,0.1224791,0.1224791,0.0,0.0,0.0,0.0,0.0,0.0,
1791370220.3572354,disarmed,-0.02277550587807457,-0.0006877724820525824,0.0,0.0,-0.08126060329150546,0.0,0.1291563573025948,0.0,0.0,0.0,False,0.0,0.0,0.0,0.0,0.1224791,0.1224791,0.0,0.0,0.0,0.0,0.0,0.0,
1791370220.3672457,disarmed,-0.017979098494379273,-0.0010583038677927942,0.0,0.0,-0.08126060329150546,0.0,0.1291563573025948,0.0,0.0,0.0,False,0.0,0.0,0.0,0.0,0.1224791,0.1224791,0.0,0.0,0.0,0.0,0.0,0.0,
1791370220.3772378,disarmed,-0.012829551563307427,-0.001224704383624435,0.0,0.0,-0.08126060329150546,0.0,0.1291563573025948,0.0,0.0,0.0,False,0.0,0.0,0.0,0.0,0.1224791,0.1224791,0.0,0.0,0.0,0.0,0.0,0.0,
1791370220.387221,disarmed,-0.00729116055459047,-0.0013552093763679522,0.0,0.0,-0.08126060329150546,0.0,0.1291563573025948,0.0,0.0,0.0,False,0.0,0.0,0.0,0.0,0.1224791,0.1224791,0.0,0.0,0.0,0.0,0.0,0.0,
1791370220.3972328,disarmed,-0.0013624111578065172,-0.0016283135309078094,0.0,0.0,-0.08126060329150546,0.0,0.1291563573025948,0.0,0.0,0.0,False,0.0,0.0,0.0,0.0,0.1224791,0.1224791,0.0,0.0,0.0,0.0,0.0,0.0,
1791370220.4072084,disarmed,0.004625429317760171,-0.0020058180580373587,0.0,0.0,-0.08126060329150546,0.0,0.1291563573025948,0.0,0.0,0.0,False,0.0,0.0,0.0,0.0,0.1224791,0.1224791,0.0,0.0,0.0,0.0,0.0,0.0,
1791370220.4172337,disarmed,0.01073070698857794,-0.0023060048620323344,0.0,0.0,-0.08126060329150546,0.0,0.1291563573025948,0.0,0.0,0.0,False,0.0,0.0,0.0,0.0,0.1224791,0.1224791,0.0,0.0,0.0,0.0,0.0,0.0,
1791370220.4272375,disarmed,0.017130011637507072,-0.002660851410831495,0.0,0.0,-0.08126060329150546,0.0,0.1291563573025948,0.0,0.0,0.0,False,0.0,0.0,0.0,0.0,0.1224791,0.1224791,0.0,0.0,0.0,0.0,0.0,0.0,
1791370220.4372685,disarmed,0.02393811551574807,-0.00297997164681627,0.0,0.0,-0.08126060329150546,0.0,0.1291563573025948,0.0,0.0,0.0,False,0.0,0.0,0.0,0.0,0.1224791,0.1224791,0.0,0.0,0.0,0.0,0.0,0.0,
1791370220.4472227,disarmed,0.030895162405044894,-0.003391002694894881,0.0,0.0,-0.08126060329150546,0.0,0.1291563573025948,0.0,0.0,0.0,False,0.0,0.0,0.0,0.0,0.1224791,0.1224791,0.0,0.0,0.0,0.0,0.0,0.0,
1791370220.4572382,disarmed,0.03785480516123171,-0.003911291345708964,0.0,0.0,-0.08126060329150546,0.0,0.1291563573025948,0.0,0.0,0.0,False,0.0,0.0,0.0,0.0,0.1224791,0.1224791,0.0,0.0,0.0,0.0,0.0,0.0,
1791370220.4672835,disarmed,0.04501023316004666,-0.004511063369700886,0.0,0.0,-0.08126060329150546,0.0,0.1291563573025948,0.0,0.0,0.0,False,0.0,0.0,0.0,0.0,0.1224791,0.1224791,0.0,0.0,0.0,0.0,0.0,0.0,
1791370220.4772274,disarmed,0.05262896552550167,-0.005144536932142054,0.0,0.0,-0.08126060329150546,0.0,0.1291563573025948,0.0,0.0,0.0,False,0.0,0.0,0.0,0.0,0.1224791,0.1224791,0.0,0.0,0.0,0.0,0.0,0.0,
1791370220.4872253,disarmed,0.06047030349187491,-0.005788342056393427,0.0,0.0,-0.08126060329150546,0.0,0.1291563573025948,0.0,0.0,0.0,False,0.0,0.0,0.0,0.0,0.1224791,0.1224791,0.0,0.0,0.0,0.0,0.0,0.0,
1791370220.4972575,disarmed,0.06840005217452999,-0.0064654529801461596,0.0,0.0,-0.08126060329150546,0.0,0.1291563573025948,0.0,0.0,0.0,False,0.0,0.0,0.0,0.0,0.1224791,0.1224791,0.0,0.0,0.0,0.0,0.0,0.0,
1791370220.5072122,disarmed,0.07627496267752573,-0.007128076997045852,0.0,0.0,-0.08126060329150546,0.0,0.1291563573025948,0.0,0.0,0.0,False,0.0,0.0,0.0,0.0,0.1224791,0.1224791,0.0,0.0,0.0,0.0,0.0,0.0,
1791370220.5172749,disarmed,0.08401068666989278,-0.007697541199843736,0.0,0.0,-0.08126060329150546,0.0,0.1291563573025948,0.0,0.0,0.0,False,0.0,0.0,0.0,0.0,0.1224791,0.1224791,0.0,0.0,0.0,0.0,0.0,0.0,
1791370220.5272658,disarmed,0.09180193287978239,-0.008235041551310048,0.0,0.0,-0.08126060329150546,0.0,0.1291563573025948,0.0,0.0,0.0,False,0.0,0.0,0.0,0.0,0.1224791,0.1224791,0.0,0.0,0.0,0.0,0.0,0.0,
1791370220.5372841,disarmed,0.0995763501731661,-0.008880696936739091,0.0,0.0,-0.08126060329150546,0.0,0.1291563573025948,0.0,0.0,0.0,False,0.0,0.0,0.0,0.0,0.1224791,0.1224791,0.0,0.0,0.0,0.0,0.0,0.0,
1791370220.5472326,disarmed,0.10715468594131868,-0.009570349894837881,0.0,0.0,-0.08126060329150546,0.0,0.1291563573025948,0.0,0.0,0.0,False,0.0,0.0,0.0,0.0,0.1224791,0.1224791,0.0,0.0,0.0,0.0,0.0,0.0,
1791370220.557276,disarmed,0.11462137501388273,-0.01022530956449941,0.0,0.0,-0.08126060329150546,0.0,0.1291563573025948,0.0,0.0,0.0,False,0.0,0.0,0.0,0.0,0.1224791,0.1224791,0.0,0.0,0.0,0.0,0.0,0.0,
1791370220.567247,disarmed,0.12191148914078469,-0.010680960527936788,0.0,0.0,-0.08126060329150546,0.0,0.1291563573025948,0.0,0.0,0.0,False,0.0,0.0,0.0,0.0,0.1224791,0.1224791,0.0,0.0,0.0,0.0,0.0,0.0,
1791370220.5772355,disarmed,0.1291555260072345,-0.011097271172097807,0.0,0.0,-0.08126060329150546,0.0,0.1291563573025948,0.0,0.0,0.0,False,0.0,0.0,0.0,0.0,0.1224791,0.1224791,0.0,0.0,0.0,0.0,0.0,0.0,
1791370220.5872643,disarmed,0.13620272264612723,-0.011591566423374836,0.0,0.0,-0.08126060329150546,0.0,0.1291563573025948,0.0,0.0,0.0,False,0.0,0.0,0.0,0.0,0.1224791,0.1224791,0.0,0.0,0.0,0.0,0.0,0.0,
1791370220.5972588,disarmed,0.1429343175770363,-0.01198992732877691,0.0,0.0,-0.08126060329150546,0.0,0.1291563573025948,0.0,0.0,0.0,False,0.0,0.0,0.0,0.0,0.1224791,0.1224791,0.0,0.0,0.0,0.0,0.0,0.0,
1791370220.6072283,disarmed,0.14935037140552018,-0.012242347615723318,0.0,0.0,-0.08126060329150546,0.0,0.1291563573025948,0.0,0.0,0.0,False,0.0,0.0,0.0,0.0,0.1224791,0.1224791,0.0,0.0,0.0,0.0,0.0,0.0,
1791370220.617262,disarmed,0.15424222045816974,-0.012334236296699021,0.0,0.0,-0.08126060329150546,0.0,0.1291563573025948,0.0,0.0,0.0,False,0.0,0.0,0.0,0.0,0.1224791,0.1224791,0.0,0.0,0.0,0.0,0.0,0.0,
1791370220.6272423,disarmed,0.16128880850975824,-0.01222937077441622,0.0,0.0,-0.08126060329150546,0.0,0.1291563573025948,0.0,0.0,0.0,False,0.0,0.0,0.0,0.0,0.1224791,0.1224791,0.0,0.0,0.0,0.0,0.0,0.0,
1791370220.637246,disarmed,0.16676564924769435,-0.012204218085394599,0.0,0.0,-0.08126060329150546,0.0,0.1291563573025948,0.0,0.0,0.0,False,0.0,0.0,0.0,0.0,0.1224791,0.1224791,0.0,0.0,0.0,0.0,0.0,0.0,
1791370220.6472352,disarmed,0.17171719559658793,-0.01236914295429604,0.0,0.0,-0.08126060329150546,0.0,0.1291563573025948,0.0,0.0,0.0,False,0.0,0.0,0.0,0.0,0.1224791,0.1224791,0.0,0.0,0.0,0.0,0.0,0.0,
1791370220.6572475,disarmed,0.17611648203586885,-0.012521521525877325,0.0,0.0,-0.08126060329150546,0.0,0.1291563573025948,0.0,0.0,0.0,False,0.0,0.0,0.0,0.0,0.1224791,0.1224791,0.0,0.0,0.0,0.0,0.0,0.0,
1791370220.6672492,disarmed,0.17997092269175272,-0.012433748976558023,0.0,0.0,-0.08126060329150546,0.0,0.1291563573025948,0.0,0.0,0.0,False,0.0,0.0,0.0,0.0,0.1224791,0.1224791,0.0,0.0,0.0,0.0,0.0,0.0,
1791370220.6772516,disarmed,0.18322146027852093,-0.012192942524932537,0.0,0.0,-0.08126060329150546,0.0,0.1291563573025948,0.0,0.0,0.0,False,0.0,0.0,0.0,0.0,0.1224791,0.1224791,0.0,0.0,0.0,0.0,0.0,0.0,
1791370220.6872714,disarmed,0.18580154923380252,-0.012152560837697652,0.0,0.0,-0.08126060329150546,0.0,0.1291563573025948,0.0,0.0,0.0,False,0.0,0.0,0.0,0.0,0.1224791,0.1224791,0.0,0.0,0.0,0.0,0.0,0.0,
1791370220.6972513,disarmed,0.18801325469781865,-0.012127998691277484,0.0,0.0,-0.08126060329150546,0.0,0.1291563573025948,0.0,0.0,0.0,False,0.0,0.0,0.0,0.0,0.1224791,0.1224791,0.0,0.0,0.0,0.0,0.0,0.0,
1791370220.707232,disarmed,0.1900096720682602,-0.01187121444306774,0.0,0.0,-0.08126060329150546,0.0,0.1291563573025948,0.0,0.0,0.0,False,0.0,0.0,0.0,0.0,0.1224791,0.1224791,0.0,0.0,0.0,0.0,0.0,0.0,
1791370220.7172632,disarmed,0.19142888786701373,-0.01144372320652817,0.0,0.0,-0.08126060329150546,0.0,0.1291563573025948,0.0,0.0,0.0,False,0.0,0.0,0.0,0.0,0.1224791,0.1224791,0.0,0.0,0.0,0.0,0.0,0.0,
1791370220.7272117,disarmed,0.19280818691558643,-0.01112213136919782,0.0,0.0,-0.08126060329150546,0.0,0.1291563573025948,0.0,0.0,0.0,False,0.0,0.0,0.0,0.0,0.1224791,0.1224791,0.0,0.0,0.0,0.0,0.0,0.0,
1791370220.7372305,disarmed,0.19423233863816017,-0.010963241498027349,0.0,0.0,-0.08126060329150546,0.0,0.1291563573025948,0.0,0.0,0.0,False,0.0,0.0,0.0,0.0,0.1224791,0.1224791,0.0,0.0,0.0,0.0,0.0,0.0,
1791370220.7472405,disarmed,0.19582501987759157,-0.010760802788827328,0.0,0.0,-0.08126060329150546,0.0,0.1291563573025948,0.0,0.0,0.0,False,0.0,0.0,0.0,0.0,0.1224791,0.1224791,0.0,0.0,0.0,0.0,0.0,0.0,
1791370220.7572308,disarmed,0.19733874266443593,-0.010406104387673405,0.0,0.0,-0.08126060329150546,0.0,0.1291563573025948,0.0,0.0,0.0,False,0.0,0.0,0.0,0.0,0.1224791,0.1224791,0.0,0.0,0.0,0.0,0.0,0.0,
1791370220.7672389,disarmed,0.1988403938765544,-0.010051887821226195,0.0,0.0,-0.08126060329150546,0.0,0.1291563573025948,0.0,0.0,0.0,False,0.0,0.0,0.0,0.0,0.1224791,0.1224791,0.0,0.0,0.0,0.0,0.0,0.0,
1791370220.7772346,disarmed,0.2003885379522517,-0.00981737013277597,0.0,0.0,-0.08126060329150546,0.0,0.1291563573025948,0.0,0.0,0.0,False,0.0,0.0,0.0,0.0,0.1224791,0.1224791,0.0,0.0,0.0,0.0,0.0,0.0,
1791370220.7872515,disarmed,0.20159864408426267,-0.009783194643858191,0.0,0.0,-0.08126060329150546,0.0,0.1291563573025948,0.0,0.0,0.0,False,0.0,0.0,0.0,0.0,0.1224791,0.1224791,0.0,0.0,0.0,0.0,0.0,0.0,
1791370220.7972403,disarmed,0.20241233027673375,-0.009727938175605216,0.0,0.0,-0.08126060329150546,0.0,0.1291563573025948,0.0,0.0,0.0,False,0.0,0.0,0.0,0.0,0.1224791,0.1224791,0.0,0.0,0.0,0.0,0.0,0.0,
1791370220.807225,disarmed,0.20285254401829567,-0.009664217764178742,0.0,0.0,-0.08126060329150546,0.0,0.1291563573025948,0.0,0.0,0.0,False,0.0,0.0,0.0,0.0,0.1224791,0.1224791,0.0,0.0,0.0,0.0,0.0,0.0,
1791370220.8172333,disarmed,0.20309940456076236,-0.009742464020184688,0.0,0.0,-0.08126060329150546,0.0,0.1291563573025948,0.0,0.0,0.0,False,0.0,0.0,0.0,0.0,0.1224791,0.1224791,0.0,0.0,0.0,0.0,0.0,0.0,
1791370220.8272388,disarmed,0.20295837746945133,-0.009911347787150911,0.0,0.0,-0.08126060329150546,0.0,0.1291563573025948,0.0,0.0,0.0,False,0.0,0.0,0.0,0.0,0.1224791,0.1224791,0.0,0.0,0.0,0.0,0.0,0.0,
1791370220.8372507,disarmed,0.2027095835648912,-0.010088797054188407,0.0,0.0,-0.08126060329150546,0.0,0.1291563573025948,0.0,0.0,0.0,False,0.0,0.0,0.0,0.0,0.1224791,0.1224791,0.0,0.0,0.0,0.0,0.0,0.0,
1791370220.8472466,disarmed,0.2023825143158366,-0.0101908805308049,0.0,0.0,-0.08126060329150546,0.0,0.1291563573025948,0.0,0.0,0.0,False,0.0,0.0,0.0,0.0,0.1224791,0.1224791,0.0,0.0,0.0,0.0,0.0,0.0,
1791370220.8592675,disarmed,0.20059115973583566,-0.010319743298581685,0.0,0.0,-0.08126060329150546,0.0,0.1291563573025948,0.0,0.0,0.0,False,0.0,0.0,0.0,0.0,0.1224791,0.1224791,0.0,0.0,0.0,0.0,0.0,0.0,
1791370220.867255,disarmed,0.19951804714710422,-0.010396032921451704,0.0,0.0,-0.08126060329150546,0.0,0.1291563573025948,0.0,0.0,0.0,False,0.0,0.0,0.0,0.0,0.1224791,0.1224791,0.0,0.0,0.0,0.0,0.0,0.0,
1791370220.877251,disarmed,0.1980818361770629,-0.010546343046242383,0.0,0.0,-0.08126060329150546,0.0,0.1291563573025948,0.0,0.0,0.0,False,0.0,0.0,0.0,0.0,0.1224791,0.1224791,0.0,0.0,0.0,0.0,0.0,0.0,
1791370220.8872159,disarmed,0.19663420409755425,-0.010590691305739261,0.0,0.0,-0.08126060329150546,0.0,0.1291563573025948,0.0,0.0,0.0,False,0.0,0.0,0.0,0.0,0.1224791,0.1224791,0.0,0.0,0.0,0.0,0.0,0.0,
1791370220.897248,disarmed,0.19470973881488277,-0.01049261192114703,0.0,0.0,-0.08126060329150546,0.0,0.1291563573025948,0.0,0.0,0.0,False,0.0,0.0,0.0,0.0,0.1224791,0.1224791,0.0,0.0,0.0,0.0,0.0,0.0,
1791370220.90721,disarmed,0.1921666798731373,-0.010434408929864795,0.0,0.0,-0.08126060329150546,0.0,0.1291563573025948,0.0,0.0,0.0,False,0.0,0.0,0.0,0.0,0.1224791,0.1224791,0.0,0.0,0.0,0.0,0.0,0.0,
1791370220.9172356,disarmed,0.18904581292633765,-0.010421946571731273,0.0,0.0,-0.08126060329150546,0.0,0.1291563573025948,0.0,0.0,0.0,False,0.0,0.0,0.0,0.0,0.1224791,0.1224791,0.0,0.0,0.0,0.0,0.0,0.0,
1791370220.927248,disarmed,0.1856458964217529,-0.010342245483165287,0.0,0.0,-0.08126060329150546,0.0,0.1291563573025948,0.0,0.0,0.0,False,0.0,0.0,0.0,0.0,0.1224791,0.1224791,0.0,0.0,0.0,0.0,0.0,0.0,
1791370220.937251,disarmed,0.182212202930809,-0.010154654279606363,0.0,0.0,-0.08126060329150546,0.0,0.1291563573025948,0.0,0.0,0.0,False,0.0,0.0,0.0,0.0,0.1224791,0.1224791,0.0,0.0,0.0,0.0,0.0,0.0,
1791370220.9472823,disarmed,0.17873757336071924,-0.009941173170103627,0.0,0.0,-0.08126060329150546,0.0,0.1291563573025948,0.0,0.0,0.0,False,0.0,0.0,0.0,0.0,0.1224791,0.1224791,0.0,0.0,0.0,0.0,0.0,0.0,
1791370220.957245,disarmed,0.17537117602350896,-0.009716051960484072,0.0,0.0,-0.08126060329150546,0.0,0.1291563573025948,0.0,0.0,0.0,False,0.0,0.0,0.0,0.0,0.1224791,0.1224791,0.0,0.0,0.0,0.0,0.0,0.0,
1791370220.9672449,disarmed,0.17195068991138354,-0.0094813832664276,0.0,0.0,-0.08126060329150546,0.0,0.1291563573025948,0.0,0.0,0.0,False,0.0,0.0,0.0,0.0,0.1224791,0.1224791,0.0,0.0,0.0,0.0,0.0,0.0,
1791370220.9772637,disarmed,0.16833880179130722,-0.009166292728463919,0.0,0.0,-0.08126060329150546,0.0,0.1291563573025948,0.0,0.0,0.0,False,0.0,0.0,0.0,0.0,0.1224791,0.1224791,0.0,0.0,0.0,0.0,0.0,0.0,
1791370220.987214,disarmed,0.16437100207949748,-0.008844352017456245,0.0,0.0,-0.08126060329150546,0.0,0.1291563573025948,0.0,0.0,0.0,False,0.0,0.0,0.0,0.0,0.1224791,0.1224791,0.0,0.0,0.0,0.0,0.0,0.0,
1791370220.9972696,disarmed,0.1602373084794222,-0.008624356141076815,0.0,0.0,-0.08126060329150546,0.0,0.1291563573025948,0.0,0.0,0.0,False,0.0,0.0,0.0,0.0,0.1224791,0.1224791,0.0,0.0,0.0,0.0,0.0,0.0,
1791370221.0072231,disarmed,0.15612957039491449,-0.008452186509834326,0.0,0.0,-0.08126060329150546,0.0,0.1291563573025948,0.0,0.0,0.0,False,0.0,0.0,0.0,0.0,0.1224791,0.1224791,0.0,0.0,0.0,0.0,0.0,0.0,
1791370221.0172343,disarmed,0.1520819529497982,-0.008259465696730563,0.0,0.0,-0.08126060329150546,0.0,0.1291563573025948,0.0,0.0,0.0,False,0.0,0.0,0.0,0.0,0.1224791,0.1224791,0.0,0.0,0.0,0.0,0.0,0.0,
1791370221.0272274,disarmed,0.1480443979692959,-0.008053595150074849,0.0,0.0,-0.08126060329150546,0.0,0.1291563573025948,0.0,0.0,0.0,False,0.0,0.0,0.0,0.0,0.1224791,0.1224791,0.0,0.0,0.0,0.0,0.0,0.0,
1791370221.0372567,disarmed,0.14397852084875218,-0.007909150704608509,0.0,0.0,-0.08126060329150546,0.0,0.1291563573025948,0.0,0.0,0.0,False,0.0,0.0,0.0,0.0,0.1224791,0.1224791,0.0,0.0,0.0,0.0,0.0,0.0,
1791370221.047248,disarmed,0.1398710267682056,-0.007909459831676357,0.0,0.0,-0.08126060329150546,0.0,0.1291563573025948,0.0,0.0,0.0,False,0.0,0.0,0.0,0.0,0.1224791,0.1224791,0.0,0.0,0.0,0.0,0.0,0.0,
1791370221.057255,disarmed,0.13550665044094462,-0.007943509502628204,0.0,0.0,-0.08126060329150546,0.0,0.1291563573025948,0.0,0.0,0.0,False,0.0,0.0,0.0,0.0,0.1224791,0.1224791,0.0,0.0,0.0,0.0,0.0,0.0,
1791370221.0672212,disarmed,0.13085215452398385,-0.007973341621585243,0.0,0.0,-0.08126060329150546,0.0,0.1291563573025948,0.0,0.0,0.0,False,0.0,0.0,0.0,0.0,0.1224791,0.1224791,0.0,0.0,0.0,0.0,0.0,0.0,
1791370221.077292,disarmed,0.12714683527813636,-0.0063239194709795,0.0,0.0,-0.08126060329150546,0.0,0.1291563573025948,0.0,0.0,0.0,False,0.0,0.0,0.0,0.0,0.1224791,0.1224791,0.0,0.0,0.0,0.0,0.0,0.0,
1791370221.0872774,disarmed,0.12267059387217355,-0.006330362666675408,0.0,0.0,-0.08126060329150546,0.0,0.1291563573025948,0.0,0.0,0.0,False,0.0,0.0,0.0,0.0,0.1224791,0.1224791,0.0,0.0,0.0,0.0,0.0,0.0,
1791370221.0972824,disarmed,0.11839150918222206,-0.006368768283712018,0.0,0.0,-0.08126060329150546,0.0,0.1291563573025948,0.0,0.0,0.0,False,0.0,0.0,0.0,0.0,0.1224791,0.1224791,0.0,0.0,0.0,0.0,0.0,0.0,
1791370221.1072283,disarmed,0.11548975328624156,-0.005973776581457228,0.0,0.0,-0.08126060329150546,0.0,0.1291563573025948,0.0,0.0,0.0,False,0.0,0.0,0.0,0.0,0.1224791,0.1224791,0.0,0.0,0.0,0.0,0.0,0.0,
1791370221.1172473,disarmed,0.11959734324156036,-0.008946270233087287,0.0,0.0,-0.08126060329150546,0.0,0.1291563573025948,0.0,0.0,0.0,False,0.0,0.0,0.0,0.0,0.1224791,0.1224791,0.0,0.0,0.0,0.0,0.0,0.0,
1791370221.127226,disarmed,0.11712638957529363,-0.010512869795978654,0.0,0.0,-0.08126060329150546,0.0,0.1291563573025948,0.0,0.0,0.0,False,0.0,0.0,0.0,0.0,0.1224791,0.1224791,0.0,0.0,0.0,0.0,0.0,0.0,
1791370221.1372714,disarmed,0.11268228464926625,-0.010986006114648977,0.0,0.0,-0.08126060329150546,0.0,0.1291563573025948,0.0,0.0,0.0,False,0.0,0.0,0.0,0.0,0.1224791,0.1224791,0.0,0.0,0.0,0.0,0.0,0.0,
1791370221.1472166,disarmed,0.10878986332913776,-0.012051383400043476,0.0,0.0,-0.08126060329150546,0.0,0.1291563573025948,0.0,0.0,0.0,False,0.0,0.0,0.0,0.0,0.1224791,0.1224791,0.0,0.0,0.0,0.0,0.0,0.0,
1791370221.157258,disarmed,0.10422558726149371,-0.012021803336493872,0.0,0.0,-0.08126060329150546,0.0,0.1291563573025948,0.0,0.0,0.0,False,0.0,0.0,0.0,0.0,0.1224791,0.1224791,0.0,0.0,0.0,0.0,0.0,0.0,
1791370221.1672466,disarmed,0.09948736404697413,-0.01389118341310539,0.0,0.0,-0.08126060329150546,0.0,0.1291563573025948,0.0,0.0,0.0,False,0.0,0.0,0.0,0.0,0.1224791,0.1224791,0.0,0.0,0.0,0.0,0.0,0.0,
1791370221.1772614,disarmed,0.0947051181081741,-0.014401395963499382,0.0,0.0,-0.08126060329150546,0.0,0.1291563573025948,0.0,0.0,0.0,False,0.0,0.0,0.0,0.0,0.1224791,0.1224791,0.0,0.0,0.0,0.0,0.0,0.0,
1791370221.1872401,disarmed,0.09036687331963124,-0.01423835546515749,0.0,0.0,-0.08126060329150546,0.0,0.1291563573025948,0.0,0.0,0.0,False,0.0,0.0,0.0,0.0,0.1224791,0.1224791,0.0,0.0,0.0,0.0,0.0,0.0,
1791370221.197256,disarmed,0.08607010165195353,-0.014047573656951058,0.0,0.0,-0.08126060329150546,0.0,0.1291563573025948,0.0,0.0,0.0,False,0.0,0.0,0.0,0.0,0.1224791,0.1224791,0.0,0.0,0.0,0.0,0.0,0.0,
1791370221.207213,disarmed,0.08190943815873912,-0.013911811602235478,0.0,0.0,-0.08126060329150546,0.0,0.1291563573025948,0.0,0.0,0.0,False,0.0,0.0,0.0,0.0,0.1224791,0.1224791,0.0,0.0,0.0,0.0,0.0,0.0,
1791370221.2172441,disarmed,0.07788938759728359,-0.013817180927188701,0.0,0.0,-0.08126060329150546,0.0,0.1291563573025948,0.0,0.0,0.0,False,0.0,0.0,0.0,0.0,0.1224791,0.1224791,0.0,0.0,0.0,0.0,0.0,0.0,
1791370221.2272062,disarmed,0.07394138962687422,-0.01373295779639129,0.0,0.0,-0.08126060329150546,0.0,0.1291563573025948,0.0,0.0,0.0,False,0.0,0.0,0.0,0.0,0.1224791,0.1224791,0.0,0.0,0.0,0.0,0.0,0.0,
1791370221.2372398,disarmed,0.06877027616718033,-0.011422491848649585,0.0,0.0,-0.08126060329150546,0.0,0.1291563573025948,0.0,0.0,0.0,False,0.0,0.0,0.0,0.0,0.1224791,0.1224791,0.0,0.0,0.0,0.0,0.0,0.0,
1791370221.2472882,disarmed,0.06307076820321152,-0.008607034857553403,0.0,0.0,-0.08126060329150546,0.0,0.1291563573025948,0.0,0.0,0.0,False,0.0,0.0,0.0,0.0,0.1224791,0.1224791,0.0,0.0,0.0,0.0,0.0,0.0,
1791370221.2573087,disarmed,0.05932580339401537,-0.008536627643411374,0.0,0.0,-0.08126060329150546,0.0,0.1291563573025948,0.0,0.0,0.0,False,0.0,0.0,0.0,0.0,0.1224791,0.1224791,0.0,0.0,0.0,0.0,0.0,0.0,
1791370221.2672424,disarmed,0.05296785603967743,-0.00865482362988137,0.0,0.0,-0.08126060329150546,0.0,0.1291563573025948,0.0,0.0,0.0,False,0.0,0.0,0.0,0.0,0.1224791,0.1224791,0.0,0.0,0.0,0.0,0.0,0.0,
1791370221.2772508,disarmed,0.047951080591411746,-0.009051771686817204,0.0,0.0,-0.08126060329150546,0.0,0.1291563573025948,0.0,0.0,0.0,False,0.0,0.0,0.0,0.0,0.1224791,0.1224791,0.0,0.0,0.0,0.0,0.0,0.0,
1791370221.2872298,disarmed,0.044580244682949584,-0.008968903796619328,0.0,0.0,-0.08126060329150546,0.0,0.1291563573025948,0.0,0.0,0.0,False,0.0,0.0,0.0,0.0,0.1224791,0.1224791,0.0,0.0,0.0,0.0,0.0,0.0,
1791370221.2972434,disarmed,0.04143164057256186,-0.00892494238445799,0.0,0.0,-0.08126060329150546,0.0,0.1291563573025948,0.0,0.0,0.0,False,0.0,0.0,0.0,0.0,0.1224791,0.1224791,0.0,0.0,0.0,0.0,0.0,0.0,
1791370221.307208,disarmed,0.03848734148147094,-0.00890615896613567,0.0,0.0,-0.08126060329150546,0.0,0.1291563573025948,0.0,0.0,0.0,False,0.0,0.0,0.0,0.0,0.1224791,0.1224791,0.0,0.0,0.0,0.0,0.0,0.0,
1791370221.3172312,disarmed,0.03398292107356354,-0.009117465986333229,0.0,0.0,-0.08126060329150546,0.0,0.1291563573025948,0.0,0.0,0.0,False,0.0,0.0,0.0,0.0,0.1224791,0.1224791,0.0,0.0,0.0,0.0,0.0,0.0,
1791370221.3272514,disarmed,0.029787577049543764,-0.009377486739870796,0.0,0.0,-0.08126060329150546,0.0,0.1291563573025948,0.0,0.0,0.0,False,0.0,0.0,0.0,0.0,0.1224791,0.1224791,0.0,0.0,0.0,0.0,0.0,0.0,
1791370221.3372552,disarmed,0.025730758465824632,-0.009185943126133644,0.0,0.0,-0.08126060329150546,0.0,0.1291563573025948,0.0,0.0,0.0,False,0.0,0.0,0.0,0.0,0.1224791,0.1224791,0.0,0.0,0.0,0.0,0.0,0.0,
1791370221.3472602,disarmed,0.023352002124777532,-0.008932470785108646,0.0,0.0,-0.08126060329150546,0.0,0.1291563573025948,0.0,0.0,0.0,False,0.0,0.0,0.0,0.0,0.1224791,0.1224791,0.0,0.0,0.0,0.0,0.0,0.0,
1791370221.3572783,disarmed,0.02132571807937896,-0.008606175529114763,0.0,0.0,-0.08126060329150546,0.0,0.1291563573025948,0.0,0.0,0.0,False,0.0,0.0,0.0,0.0,0.1224791,0.1224791,0.0,0.0,0.0,0.0,0.0,0.0,
1791370221.3672614,disarmed,0.019564824053592975,-0.008288183549488607,0.0,0.0,-0.08126060329150546,0.0,0.1291563573025948,0.0,0.0,0.0,False,0.0,0.0,0.0,0.0,0.1224791,0.1224791,0.0,0.0,0.0,0.0,0.0,0.0,
1791370221.3772795,disarmed,0.01800502702279883,-0.00799379133091659,0.0,0.0,-0.08126060329150546,0.0,0.1291563573025948,0.0,0.0,0.0,False,0.0,0.0,0.0,0.0,0.1224791,0.1224791,0.0,0.0,0.0,0.0,0.0,0.0,
1791370221.3872452,disarmed,0.016602389780236655,-0.00774297426365879,0.0,0.0,-0.08126060329150546,0.0,0.1291563573025948,0.0,0.0,0.0,False,0.0,0.0,0.0,0.0,0.1224791,0.1224791,0.0,0.0,0.0,0.0,0.0,0.0,
1791370221.3972456,disarmed,0.015449004518480159,-0.007534256781489366,0.0,0.0,-0.08126060329150546,0.0,0.1291563573025948,0.0,0.0,0.0,False,0.0,0.0,0.0,0.0,0.1224791,0.1224791,0.0,0.0,0.0,0.0,0.0,0.0,
1791370221.407212,disarmed,0.014608765718519759,-0.007367888283212857,0.0,0.0,-0.08126060329150546,0.0,0.1291563573025948,0.0,0.0,0.0,False,0.0,0.0,0.0,0.0,0.1224791,0.1224791,0.0,0.0,0.0,0.0,0.0,0.0,
1791370221.4172618,disarmed,0.013983740623123788,-0.00731184846847745,0.0,0.0,-0.08126060329150546,0.0,0.1291563573025948,0.0,0.0,0.0,False,0.0,0.0,0.0,0.0,0.1224791,0.1224791,0.0,0.0,0.0,0.0,0.0,0.0,
1791370221.4273484,disarmed,0.013492291078974906,-0.007355219304250531,0.0,0.0,-0.08126060329150546,0.0,0.1291563573025948,0.0,0.0,0.0,False,0.0,0.0,0.0,0.0,0.1224791,0.1224791,0.0,0.0,0.0,0.0,0.0,0.0,
1791370221.4372346,disarmed,0.011204661614978687,-0.0037189226200944076,0.0,0.0,-0.08126060329150546,0.0,0.1291563573025948,0.0,0.0,0.0,False,0.0,0.0,0.0,0.0,0.1224791,0.1224791,0.0,0.0,0.0,0.0,0.0,0.0,
1791370221.447246,disarmed,0.010060356179409957,-0.0015967539800137993,0.0,0.0,-0.08126060329150546,0.0,0.1291563573025948,0.0,0.0,0.0,False,0.0,0.0,0.0,0.0,0.1224791,0.1224791,0.0,0.0,0.0,0.0,0.0,0.0,
1791370221.4572775,disarmed,0.009980717258899477,-0.0018523091621972022,0.0,0.0,-0.08126060329150546,0.0,0.1291563573025948,0.0,0.0,0.0,False,0.0,0.0,0.0,0.0,0.1224791,0.1224791,0.0,0.0,0.0,0.0,0.0,0.0,
1791370221.467232,disarmed,0.010131419150473865,-0.002175890311597184,0.0,0.0,-0.08126060329150546,0.0,0.1291563573025948,0.0,0.0,0.0,False,0.0,0.0,0.0,0.0,0.1224791,0.1224791,0.0,0.0,0.0,0.0,0.0,0.0,
1791370221.4772363,disarmed,0.010412887725522239,-0.002556571118871328,0.0,0.0,-0.08126060329150546,0.0,0.1291563573025948,0.0,0.0,0.0,False,0.0,0.0,0.0,0.0,0.1224791,0.1224791,0.0,0.0,0.0,0.0,0.0,0.0,
1791370221.4872136,disarmed,0.010703238198465036,-0.0029423063021618576,0.0,0.0,-0.08126060329150546,0.0,0.1291563573025948,0.0,0.0,0.0,False,0.0,0.0,0.0,0.0,0.1224791,0.1224791,0.0,0.0,0.0,0.0,0.0,0.0,
1791370221.4972591,disarmed,0.011022385648462328,-0.003307888839779107,0.0,0.0,-0.08126060329150546,0.0,0.1291563573025948,0.0,0.0,0.0,False,0.0,0.0,0.0,0.0,0.1224791,0.1224791,0.0,0.0,0.0,0.0,0.0,0.0,
1791370221.5072184,disarmed,0.011527553293638632,-0.0042516576336889345,0.0,0.0,-0.08126060329150546,0.0,0.1291563573025948,0.0,0.0,0.0,False,0.0,0.0,0.0,0.0,0.1224791,0.1224791,0.0,0.0,0.0,0.0,0.0,0.0,
1791370221.5172331,disarmed,0.012812230482055188,-0.005543129648564633,0.0,0.0,-0.08126060329150546,0.0,0.1291563573025948,0.0,0.0,0.0,False,0.0,0.0,0.0,0.0,0.1224791,0.1224791,0.0,0.0,0.0,0.0,0.0,0.0,
1791370221.5272112,stand,0.013345936637581497,-0.0058577644805331746,0.0,0.0,-0.08126060329150546,0.0,0.1291563573025948,0.0,0.0,0.0,False,0.0,0.0,0.0,0.0,0.1224791,0.1224791,1.62,-3.31,0.0,0.0,0.0,-0.0,
1791370221.5372345,stand,0.01537957581182854,-0.005747634765282493,0.0,0.0,-0.08126060329150546,0.0,0.1291563573025948,0.0,0.0,0.0,False,0.0,0.0,0.0,0.0,0.1224791,0.1224791,1.1500000000000001,-0.32,0.0,0.0,0.0,-0.0,
1791370221.5472326,stand,0.017462211814111245,-0.006516217226218491,0.0,0.0,-0.08126060329150546,0.0,0.1291563573025948,0.0,0.0,0.0,False,0.0,0.0,0.0,0.0,0.1224791,0.1224791,1.7,-1.5,0.0,0.0,0.0,-0.0,
1791370221.5572538,stand,0.017168664567312773,-0.0066566710829573635,0.0,0.0,-0.08126060329150546,0.0,0.1291563573025948,0.0,0.0,0.0,False,0.0,0.0,0.0,0.0,0.1224791,0.1224791,1.6300000000000001,-1.6300000000000001,0.0,0.0,0.0,-0.0,
1791370221.56721,stand,0.01726603267473719,-0.006664228722080264,0.0,0.0,-0.08126060329150546,0.0,0.1291563573025948,0.0,0.0,0.0,False,0.0,0.0,0.0,0.0,0.1224791,0.1224791,1.83,-1.76,0.0,0.0,0.0,-0.0,
1791370221.5772352,stand,0.01769897425221937,-0.006623745413557029,0.0,0.0,-0.08126060329150546,0.0,0.1291563573025948,0.0,0.0,0.0,False,0.0,0.0,0.0,0.0,0.1224791,0.1224791,2.05,-2.0,0.0,0.0,0.0,-0.0,
1791370221.587218,stand,0.017730742172658086,-0.006712290847559389,0.0,0.0,-0.08126060329150546,0.0,0.1291563573025948,0.0,0.0,0.0,False,0.0,0.0,0.0,0.0,0.1224791,0.1224791,2.18,-2.2,0.0,0.0,0.0,-0.0,
1791370221.5972352,stand,0.018473577620688162,-0.007073457233626006,0.0,0.0,-0.08126060329150546,0.0,0.1291563573025948,0.0,0.0,0.0,False,0.0,0.0,0.0,0.0,0.1224791,0.1224791,2.37,-2.2,0.0,0.0,0.0,-0.0,
1791370221.60722,stand,0.01867759226178237,-0.006936066617669571,0.0,0.0,-0.08126060329150546,0.0,0.1291563573025948,0.0,0.0,0.0,False,0.0,0.0,0.0,0.0,0.1224791,0.1224791,2.5,-2.36,0.0,0.0,0.0,-0.0,
1791370221.6172438,stand,0.018874429140372476,-0.006592179362238777,0.0,0.0,-0.08126060329150546,0.0,0.1291563573025948,0.0,0.0,0.0,False,0.0,0.0,0.0,0.0,0.1224791,0.1224791,2.72,-2.57,0.0,0.0,0.0,-0.0,
1791370221.627231,stand,0.01873646181416909,-0.00635074997822935,0.0,0.0,-0.08126060329150546,0.0,0.1291563573025948,0.0,0.0,0.0,False,0.0,0.0,0.0,0.0,0.1224791,0.1224791,2.8000000000000003,-2.6,0.0,0.0,0.0,-0.0,
1791370221.6372309,stand,0.01837836034092454,-0.006328553686814265,0.0,0.0,-0.08126060329150546,0.0,0.1291563573025948,0.0,0.0,0.0,False,0.0,0.0,0.0,0.0,0.1224791,0.1224791,2.87,-2.71,0.0,0.0,0.0,-0.0,
1791370221.647262,stand,0.01791155192728979,-0.0063596151377083585,0.0,0.0,-0.08126060329150546,0.0,0.1291563573025948,0.0,0.0,0.0,False,0.0,0.0,0.0,0.0,0.1224791,0.1224791,2.93,-2.7800000000000002,0.0,0.0,0.0,-0.0,
1791370221.65722,stand,0.017252634898602594,-0.0063303995129387015,0.0,0.0,-0.08126060329150546,0.0,0.1291563573025948,0.0,0.0,0.0,False,0.0,0.0,0.0,0.0,0.1224791,0.1224791,3.0,-2.79,0.0,0.0,0.0,-0.0,
1791370221.6672075,stand,0.016515560290160186,-0.006391989035541451,0.0,0.0,-0.08126060329150546,0.0,0.1291563573025948,0.0,0.0,0.0,False,0.0,0.0,0.0,0.0,0.1224791,0.1224791,2.92,-2.83,0.0,0.0,0.0,-0.0,
1791370221.677212,stand,0.01547556215929458,-0.006647310739519732,0.0,0.0,-0.08126060329150546,0.0,0.1291563573025948,0.0,0.0,0.0,False,0.0,0.0,0.0,0.0,0.1224791,0.1224791,2.87,-2.8000000000000003,0.0,0.0,0.0,-0.0,
1791370221.687234,stand,0.014220949309243681,-0.0070331843566845105,0.0,0.0,-0.08126060329150546,0.0,0.1291563573025948,0.0,0.0,0.0,False,0.0,0.0,0.0,0.0,0.1224791,0.1224791,2.85,-2.7600000000000002,0.0,0.0,0.0,-0.0,
1791370221.6972342,stand,0.012768388433419384,-0.007452416962422005,0.0,0.0,-0.08126060329150546,0.0,0.1291563573025948,0.0,0.0,0.0,False,0.0,0.0,0.0,0.0,0.1224791,0.1224791,2.71,-2.83,0.0,0.0,0.0,-0.0,
1791370221.7072062,stand,0.011511432475220981,-0.008055330636860833,0.0,0.0,-0.08126060329150546,0.0,0.1291563573025948,0.0,0.0,0.0,False,0.0,0.0,0.0,0.0,0.1224791,0.1224791,2.62,-2.7800000000000002,0.0,0.0,0.0,-0.0,
1791370221.7172382,stand,0.010241474182919166,-0.008900482166104276,0.0,0.0,-0.08126060329150546,0.0,0.1291563573025948,0.0,0.0,0.0,False,0.0,0.0,0.0,0.0,0.1224791,0.1224791,2.5,-2.73,0.0,0.0,0.0,-0.0,
1791370221.7272303,stand,0.00878821397349831,-0.009776254877789358,0.0,0.0,-0.08126060329150546,0.0,0.1291563573025948,0.0,0.0,0.0,False,0.0,0.0,0.0,0.0,0.1224791,0.1224791,2.4,-2.72,0.0,0.0,0.0,-0.0,
1791370221.7372303,stand,0.0071764557751521265,-0.010536673267512751,0.0,0.0,-0.08126060329150546,0.0,0.1291563573025948,0.0,0.0,0.0,False,0.0,0.0,0.0,0.0,0.1224791,0.1224791,2.3000000000000003,-2.68,0.0,0.0,0.0,-0.0,
1791370221.7472296,stand,0.005611212737910605,-0.011175927914720734,0.0,0.0,-0.08126060329150546,0.0,0.1291563573025948,0.0,0.0,0.0,False,0.0,0.0,0.0,0.0,0.1224791,0.1224791,2.2,-2.66,0.0,0.0,0.0,-0.0,
1791370221.7572355,stand,0.004039590729209006,-0.011844591156522248,0.0,0.0,-0.08126060329150546,0.0,0.1291563573025948,0.0,0.0,0.0,False,0.0,0.0,0.0,0.0,0.1224791,0.1224791,2.17,-2.65,0.0,0.0,0.0,-0.0,
1791370221.767214,stand,0.0025691502570019363,-0.012741138282078634,0.0,0.0,-0.08126060329150546,0.0,0.1291563573025948,0.0,0.0,0.0,False,0.0,0.0,0.0,0.0,0.1224791,0.1224791,2.07,-2.83,0.0,0.0,0.0,-0.0,
1791370221.7772272,stand,0.0012333594928542104,-0.013479166410293984,0.0,0.0,-0.08126060329150546,0.0,0.1291563573025948,0.0,0.0,0.0,False,0.0,0.0,0.0,0.0,0.1224791,0.1224791,2.14,-2.69,0.0,0.0,0.0,-0.0,
1791370221.7873893,stand,7.372614608171903e-05,-0.013780555747832693,0.0,0.0,-0.08126060329150546,0.0,0.1291563573025948,0.0,0.0,0.0,False,0.0,0.0,0.0,0.0,0.1224791,0.1224791,2.15,-2.68,0.0,0.0,0.0,-0.0,
1791370221.797258,stand,-0.001044319638263993,-0.014001299529372593,0.0,0.0,-0.08126060329150546,0.0,0.1291563573025948,0.0,0.0,0.0,False,0.0,0.0,0.0,0.0,0.1224791,0.1224791,2.23,-2.86,0.0,0.0,0.0,-0.0,
1791370221.807235,stand,-0.0020499515812341515,-0.014472794491690888,0.0,0.0,-0.08105680931122611,0.0,0.12923181345589094,0.0,0.0,0.0,False,0.0,0.0,0.0,0.0,0.12263927397189649,0.1224791,2.25,-2.99,0.0,0.0,0.0,-0.0,
1791370221.8172543,stand,-0.003083552536850932,-0.014994241794524514,0.0,0.0,-0.08066576450820022,0.0,0.12937686277798355,0.0,0.0,0.0,False,0.0,0.0,0.0,0.0,0.12283695615083516,0.12263925733028717,2.32,-3.0300000000000002,0.0,0.0,0.0,-0.0,
1791370221.8272238,stand,-0.003928903960641232,-0.015049617675079775,0.0,0.0,-0.0802755956131411,0.0,0.12952193183956057,0.0,0.0,0.0,False,0.0,0.0,0.0,0.0,0.1230347425509885,0.12283693950922583,2.42,-3.1,0.0,0.0,0.0,-0.0,
1791370221.8372583,stand,-0.004735789488912834,-0.014578975880703384,0.0,0.0,-0.07969197842965405,0.0,0.1297395722986107,0.0,0.0,0.0,False,0.0,0.0,0.0,0.0,0.12323275052406013,0.12323273385502426,2.54,-2.93,0.0,0.0,0.0,-0.0,
1791370221.8471982,stand,-0.005554089474262144,-0.014084592441681108,0.0,0.0,-0.07911347531494335,0.0,0.12995747426476612,0.0,0.0,0.0,False,0.0,0.0,0.0,0.0,0.12343075849713173,0.123629012493204,2.57,-3.1,0.0,0.0,0.0,-0.0,
1791370221.857252,stand,-0.006486881990003733,-0.013859684454680287,0.0,0.0,-0.07835307145991856,0.0,0.13024862317390057,0.0,0.0,0.0,False,0.0,0.0,0.0,0.0,0.12382735384495829,0.12402577230341232,2.57,-3.11,0.0,0.0,0.0,-0.0,
1791370221.8672388,stand,-0.007637797545737247,-0.013724965223471011,0.0,0.0,-0.07797414303469882,0.0,0.13039422577571688,0.0,0.0,0.0,False,0.0,0.0,0.0,0.0,0.12402578902653548,0.12422442276838598,2.62,-3.21,0.0,0.0,0.0,-0.0,
1791370221.8772686,stand,-0.008613896122724118,-0.013242436640158263,0.0,0.0,-0.0772219077082417,0.0,0.13068586149152173,0.0,0.0,0.0,False,0.0,0.0,0.0,0.0,0.12442308995648284,0.1246219584156782,2.66,-3.02,0.0,0.0,0.0,-0.0,
1791370221.8872466,stand,-0.009609231180916705,-0.01229903476622898,0.0,0.0,-0.07648178864481954,0.0,0.13097863475310376,0.0,0.0,0.0,False,0.0,0.0,0.0,0.0,0.12462197516207928,0.12521918197616164,2.7,-2.7800000000000002,0.0,0.0,0.0,-0.0,
1791370221.8972359,stand,-0.010506678533802462,-0.011440182970330942,0.0,0.0,-0.07574759262155878,0.0,0.13127157583881852,0.0,0.0,0.0,False,0.0,0.0,0.0,0.0,0.1250199459488598,0.12561792763017587,2.68,-2.92,0.0,0.0,0.0,-0.0,
1791370221.90724,stand,-0.011523908144550904,-0.011081325436664236,0.0,0.0,-0.07519974717440761,0.0,0.13149135196923395,0.0,0.0,0.0,False,0.0,0.0,0.0,0.0,0.12541845155112358,0.12581745693083524,2.71,-2.83,0.0,0.0,0.0,-0.0,
1791370221.917258,stand,-0.012427933949655225,-0.010920599240355,0.0,0.0,-0.07465880148179403,0.0,0.13171135376911652,0.0,0.0,0.0,False,0.0,0.0,0.0,0.0,0.12561794442728264,0.12621685382169395,2.73,-2.73,0.0,0.0,0.0,-0.0,
1791370221.9272413,stand,-0.013357347265956965,-0.010215693976504937,0.0,0.0,-0.07376627353706063,0.0,0.13207845362495382,0.0,0.0,0.0,False,0.0,0.0,0.0,0.0,0.12601709581366763,0.12681670017387825,2.73,-2.68,0.0,0.0,0.0,-0.0,
1791370221.937231,stand,-0.014232140750550917,-0.009312858333415422,0.0,0.0,-0.07341112903813403,0.0,0.13222535567644556,0.0,0.0,0.0,False,0.0,0.0,0.0,0.0,0.12621687063946996,0.12701686312116217,2.77,-2.7800000000000002,0.0,0.0,0.0,-0.0,
1791370221.947238,stand,-0.014882438081237457,-0.009009246554766905,0.0,0.0,-0.07270580254413986,0.0,0.13251938936233248,0.0,0.0,0.0,False,0.0,0.0,0.0,0.0,0.12661666570161037,0.12741752791528158,2.73,-2.87,0.0,0.0,0.0,-0.0,
1791370221.9572375,stand,-0.015496679118258475,-0.009243202328764561,0.0,0.0,-0.0721836113614559,0.0,0.132740367701185,0.0,0.0,0.0,False,0.0,0.0,0.0,0.0,0.12701687998587655,0.12761811938294831,2.71,-2.7800000000000002,0.0,0.0,0.0,-0.0,
1791370221.9672487,stand,-0.016004877300720966,-0.009360085930308525,0.0,0.0,-0.07149209317968269,0.0,0.13303526015331407,0.0,0.0,0.0,False,0.0,0.0,0.0,0.0,0.12741754477999595,0.1280194372739812,2.73,-2.69,0.0,0.0,0.0,-0.0,
1791370221.9772863,stand,-0.016749526287196215,-0.008957361963493086,0.0,0.0,-0.07097992107310595,0.0,0.13325690447200966,0.0,0.0,0.0,False,0.0,0.0,0.0,0.0,0.1276181362717139,0.12842106578378096,2.74,-2.81,0.0,0.0,0.0,-0.0,
1791370221.9872196,stand,-0.017393239873282458,-0.008701917868964518,0.0,0.0,-0.07030553649022621,0.0,0.1335529351583785,0.0,0.0,0.0,False,0.0,0.0,0.0,0.0,0.12801945417926014,0.12882324460895508,2.69,-2.8000000000000003,0.0,0.0,0.0,-0.0,
1791370221.9972382,stand,-0.018198725260487273,-0.009202938812280372,0.0,0.0,-0.06946829216139132,0.0,0.1339231771816024,0.0,0.0,0.0,False,0.0,0.0,0.0,0.0,0.1286221615729358,0.12922572617315906,2.65,-2.75,0.0,0.0,0.0,-0.0,
1791370222.0072086,stand,-0.01888950134313094,-0.009998175162423536,0.0,0.0,-0.06880907804734782,0.0,0.1342198697468424,0.0,0.0,0.0,False,0.0,0.0,0.0,0.0,0.12902444700626245,0.1296285885383086,2.56,-2.74,0.0,0.0,0.0,-0.0,
1791370222.0172563,stand,-0.019733035878586155,-0.010316592907739565,0.0,0.0,-0.0681552823681899,0.0,0.1345166895929749,0.0,0.0,0.0,False,0.0,0.0,0.0,0.0,0.12942703923174265,0.13003184148047553,2.5100000000000002,-2.68,0.0,0.0,0.0,-0.0,
1791370222.0272222,stand,-0.02043217594741142,-0.010405491833891145,0.0,0.0,-0.06750938492289729,0.0,0.1348137091157447,0.0,0.0,0.0,False,0.0,0.0,0.0,0.0,0.1298301873424821,0.13043539742163604,2.45,-2.67,0.0,0.0,0.0,-0.0,
1791370222.0372746,stand,-0.021063092459335877,-0.010904175999250374,0.0,0.0,-0.06702971252282745,0.0,0.1350367933271111,0.0,0.0,0.0,False,0.0,0.0,0.0,0.0,0.13023363643746386,0.1306373735825341,2.43,-2.67,0.0,0.0,0.0,-0.0,
1791370222.0472894,stand,-0.021713902370304825,-0.011826930515574435,0.0,0.0,-0.06639754488262677,0.0,0.1353347711559726,0.0,0.0,0.0,False,0.0,0.0,0.0,0.0,0.13063739058623525,0.1310414524808385,2.44,-2.81,0.0,0.0,0.0,-0.0,
1791370222.0572605,stand,-0.022300243800565587,-0.012554902037373115,0.0,0.0,-0.06592738963568541,0.0,0.13555850055323115,0.0,0.0,0.0,False,0.0,0.0,0.0,0.0,0.1310414695044307,0.13124367215443894,2.4,-2.79,0.0,0.0,0.0,-0.0,
1791370222.0672457,stand,-0.022789342382502388,-0.012957455276398928,0.0,0.0,-0.06545887500980231,0.0,0.13578226340339788,0.0,0.0,0.0,False,0.0,0.0,0.0,0.0,0.13144590885163165,0.13144589182803942,2.39,-2.89,0.0,0.0,0.0,-0.0,
1791370222.0774038,stand,-0.023076024117644596,-0.013265602733535959,0.0,0.0,-0.06499858399129982,0.0,0.1360063188546014,0.0,0.0,0.0,False,0.0,0.0,0.0,0.0,0.13164833071470025,0.13185073877871248,2.49,-2.91,0.0,0.0,0.0,-0.0,
1791370222.087288,stand,-0.023204851563276223,-0.01378442057247892,0.0,0.0,-0.06469256496193446,0.0,0.1361557051200317,0.0,0.0,0.0,False,0.0,0.0,0.0,0.0,0.13185075581959868,0.13205326073230556,2.48,-2.97,0.0,0.0,0.0,-0.0,
1791370222.0972555,stand,-0.023513673218811346,-0.014302331313703688,0.0,0.0,-0.06423479350381432,0.0,0.13637980836019598,0.0,0.0,0.0,False,0.0,0.0,0.0,0.0,0.13225589901150223,0.13225588195410617,2.56,-3.0500000000000003,0.0,0.0,0.0,-0.0,
1791370222.1072242,stand,-0.023740846956594775,-0.014631210305035846,0.0,0.0,-0.0639306021853025,0.0,0.13652923480171103,0.0,0.0,0.0,False,0.0,0.0,0.0,0.0,0.1324585209635576,0.13245850388886682,2.62,-3.13,0.0,0.0,0.0,-0.0,
1791370222.117251,stand,-0.023961727058220285,-0.014768132457616254,0.0,0.0,-0.06363466696255249,0.0,0.13667908839393753,0.0,0.0,0.0,False,0.0,0.0,0.0,0.0,0.13266134762589477,0.13266133055120402,2.65,-3.21,0.0,0.0,0.0,-0.0,
1791370222.1273122,stand,-0.024190084539932655,-0.014898699103767434,0.0,0.0,-0.06304473914870821,0.0,0.13697883137063216,0.0,0.0,0.0,False,0.0,0.0,0.0,0.0,0.1330671016029881,0.13306708451178828,2.72,-3.25,0.0,0.0,0.0,-0.0,
1791370222.1372623,stand,-0.024282491694406654,-0.014916083808692642,0.0,0.0,-0.0626040156603155,0.0,0.13720367188687457,0.0,0.0,0.0,False,0.0,0.0,0.0,0.0,0.13327012437298888,0.13347313382141587,2.7800000000000002,-3.15,0.0,0.0,0.0,-0.0,
1791370222.147281,stand,-0.02452160891632849,-0.014699189048548177,0.0,0.0,-0.06202315170695384,0.0,0.1375038129372326,0.0,0.0,0.0,False,0.0,0.0,0.0,0.0,0.13367633899056283,0.13387950994948009,2.74,-3.13,0.0,0.0,0.0,-0.0,
1791370222.1573734,stand,-0.025020376491668325,-0.014589033105930219,0.0,0.0,-0.06159027439115223,0.0,0.1377290256685728,0.0,0.0,0.0,False,0.0,0.0,0.0,0.0,0.13408281955839518,0.13408280243677195,2.67,-3.13,0.0,0.0,0.0,-0.0,
1791370222.1672323,stand,-0.02552997918033575,-0.014689649362227563,0.0,0.0,-0.06101544821806494,0.0,0.13802935733714744,0.0,0.0,0.0,False,0.0,0.0,0.0,0.0,0.13448959486503953,0.13448957772950051,2.67,-3.16,0.0,0.0,0.0,-0.0,
1791370222.1772935,stand,-0.02585844798189139,-0.014540093665934372,0.0,0.0,-0.06045746066756108,0.0,0.13833052369035082,0.0,0.0,0.0,False,0.0,0.0,0.0,0.0,0.13489669379649358,0.13489667666095456,2.73,-3.0300000000000002,0.0,0.0,0.0,-0.0,
1791370222.1872416,stand,-0.02595195562649702,-0.013934812266476766,0.0,0.0,-0.060040561954618495,0.0,0.1385564266119162,0.0,0.0,0.0,False,0.0,0.0,0.0,0.0,0.13510032932672053,0.1353040175799953,2.67,-3.0300000000000002,0.0,0.0,0.0,-0.0,
1791370222.1972313,stand,-0.026232013415351023,-0.013401972399582159,0.0,0.0,-0.05935368631167801,0.0,0.13893318383040254,0.0,0.0,0.0,False,0.0,0.0,0.0,0.0,0.13571166364650583,0.13571164648054274,2.63,-3.0500000000000003,0.0,0.0,0.0,-0.0,
1791370222.2072103,stand,-0.0266698588018698,-0.013538972166699938,0.0,0.0,-0.058812588875364974,0.0,0.139234867241615,0.0,0.0,0.0,False,0.0,0.0,0.0,0.0,0.1361195515174584,0.13611953434174906,2.5500000000000003,-3.0300000000000002,0.0,0.0,0.0,-0.0,
1791370222.217241,stand,-0.027154036311655264,-0.013638219717096478,0.0,0.0,-0.058408347152985596,0.0,0.13946115803412495,0.0,0.0,0.0,False,0.0,0.0,0.0,0.0,0.13632357815795956,0.1365276009822148,2.64,-2.95,0.0,0.0,0.0,-0.0,
1791370222.227231,stand,-0.027321450188711915,-0.013202926371376541,0.0,0.0,-0.05787803008453232,0.0,0.13976314786242475,0.0,0.0,0.0,False,0.0,0.0,0.0,0.0,0.13673181012947022,0.136935984897473,2.5500000000000003,-2.87,0.0,0.0,0.0,-0.0,
1791370222.2372408,stand,-0.027318847207976206,-0.012628380410317006,0.0,0.0,-0.0573521672517322,0.0,0.14006525307455345,0.0,0.0,0.0,False,0.0,0.0,0.0,0.0,0.13714028613060872,0.13734461680691767,2.5500000000000003,-2.88,0.0,0.0,0.0,-0.0,
1791370222.2472625,stand,-0.027523990834029198,-0.012656013394816706,0.0,0.0,-0.05683248962724764,0.0,0.14036764568504176,0.0,0.0,0.0,False,0.0,0.0,0.0,0.0,0.1375489944344594,0.13775345026900612,2.57,-2.86,0.0,0.0,0.0,-0.0,
1791370222.2572854,stand,-0.027940004754647897,-0.012962826119178282,0.0,0.0,-0.05657906351745964,0.0,0.14051920998704484,0.0,0.0,0.0,False,0.0,0.0,0.0,0.0,0.13775346748229564,0.1379579233168424,2.61,-2.82,0.0,0.0,0.0,-0.0,
1791370222.2672505,stand,-0.028182662568399526,-0.012866341563826442,0.0,0.0,-0.05607384792372151,0.0,0.14082236557808067,0.0,0.0,0.0,False,0.0,0.0,0.0,0.0,0.13816250867467342,0.1383671204110598,2.5500000000000003,-2.75,0.0,0.0,0.0,-0.0,
1791370222.2772632,stand,-0.02828761402484543,-0.012545302382537796,0.0,0.0,-0.055573075970300444,0.0,0.14112566989273786,0.0,0.0,0.0,False,0.0,0.0,0.0,0.0,0.13857178156693867,0.13877651846802935,2.52,-2.74,0.0,0.0,0.0,-0.0,
1791370222.2872365,stand,-0.028346980171055282,-0.012708663358101977,0.0,0.0,-0.055080900805943314,0.0,0.14142933004005007,0.0,0.0,0.0,False,0.0,0.0,0.0,0.0,0.1389812898430255,0.13918612483827136,2.56,-2.9,0.0,0.0,0.0,-0.0,
1791370222.2972353,stand,-0.028547648721797218,-0.01312844293614683,0.0,0.0,-0.054713198182477434,0.0,0.14165709928051162,0.0,0.0,0.0,False,0.0,0.0,0.0,0.0,0.13918614208834904,0.1395959567343762,2.5,-2.86,0.0,0.0,0.0,-0.0,
1791370222.3072543,stand,-0.028675251726022363,-0.013150740702967437,0.0,0.0,-0.054348846976415184,0.0,0.14188497317028104,0.0,0.0,0.0,False,0.0,0.0,0.0,0.0,0.13959597399161167,0.1398009518068829,2.56,-2.86,0.0,0.0,0.0,-0.0,
1791370222.3172786,stand,-0.02873627980112375,-0.013104027273179327,0.0,0.0,-0.05398995500832609,0.0,0.14211303498073333,0.0,0.0,0.0,False,0.0,0.0,0.0,0.0,0.14000596413662506,0.14000594687938958,2.54,-2.97,0.0,0.0,0.0,-0.0,
1791370222.3272204,stand,-0.0286527408108982,-0.013398575664286429,0.0,0.0,-0.05351322048008221,0.0,0.14241714576217085,0.0,0.0,0.0,False,0.0,0.0,0.0,0.0,0.14041614510367775,0.14041612783669818,2.59,-3.0100000000000002,0.0,0.0,0.0,-0.0,
1791370222.3372707,stand,-0.02856432486823293,-0.013838847077612005,0.0,0.0,-0.053160908319720736,0.0,0.1426453929834965,0.0,0.0,0.0,False,0.0,0.0,0.0,0.0,0.1406212757333084,0.14082649446276013,2.66,-3.0100000000000002,0.0,0.0,0.0,-0.0,
1791370222.3472664,stand,-0.02850055184029963,-0.013747676885916738,0.0,0.0,-0.052931559446150314,0.0,0.1427977470514886,0.0,0.0,0.0,False,0.0,0.0,0.0,0.0,0.14082651174027835,0.1410317304697301,2.74,-2.98,0.0,0.0,0.0,-0.0,
1791370222.3572376,stand,-0.028536594003370695,-0.013420655434451739,0.0,0.0,-0.05258845231473363,0.0,0.14302629219964094,0.0,0.0,0.0,False,0.0,0.0,0.0,0.0,0.14123706106243156,0.1412370437751697,2.74,-3.08,0.0,0.0,0.0,-0.0,
1791370222.367248,stand,-0.028675685348107507,-0.013530424381883106,0.0,0.0,-0.05224648410240614,0.0,0.1432548556840422,0.0,0.0,0.0,False,0.0,0.0,0.0,0.0,0.14144241281199327,0.14164776949422786,2.69,-3.13,0.0,0.0,0.0,-0.0,
1791370222.377269,stand,-0.028778395648782564,-0.013858391807721106,0.0,0.0,-0.05157655551816294,0.0,0.1437124109473498,0.0,0.0,0.0,False,0.0,0.0,0.0,0.0,0.14205874067489535,0.1422642246636504,2.66,-3.1,0.0,0.0,0.0,-0.0,
1791370222.3872125,stand,-0.028850108169728612,-0.013664095693575193,0.0,0.0,-0.051465667352787896,0.0,0.1437886888014862,0.0,0.0,0.0,False,0.0,0.0,0.0,0.0,0.14226424196443377,0.1422642246636504,2.74,-2.94,0.0,0.0,0.0,-0.0,
1791370222.3972552,stand,-0.029049321124314558,-0.013086092514642336,0.0,0.0,-0.05113375061658802,0.0,0.14401753528692207,0.0,0.0,0.0,False,0.0,0.0,0.0,0.0,0.14246975433327555,0.14267528101477772,2.83,-2.95,0.0,0.0,0.0,-0.0,
1791370222.4072106,stand,-0.029564066468263855,-0.012830511736229091,0.0,0.0,-0.05069919369495041,0.0,0.1443230348150097,0.0,0.0,0.0,False,0.0,0.0,0.0,0.0,0.1428809713172044,0.14308662699102137,2.77,-3.1,0.0,0.0,0.0,-0.0,
1791370222.4172747,stand,-0.02997819760452798,-0.01309615229867096,0.0,0.0,-0.050483644432379994,0.0,0.14447585140605818,0.0,0.0,0.0,False,0.0,0.0,0.0,0.0,0.14308664430532625,0.14329233169061287,2.7800000000000002,-3.19,0.0,0.0,0.0,-0.0,
1791370222.427248,stand,-0.030003526905156563,-0.013028999868506922,0.0,0.0,-0.05005397121159498,0.0,0.14478150727562508,0.0,0.0,0.0,False,0.0,0.0,0.0,0.0,0.14349806688459313,0.1437037924586279,2.87,-3.02,0.0,0.0,0.0,-0.0,
1791370222.4372318,stand,-0.030179324325070943,-0.012316749906636278,0.0,0.0,-0.04963512888599243,0.0,0.14508758170955974,0.0,0.0,0.0,False,0.0,0.0,0.0,0.0,0.1439096433938562,0.14411545967343167,2.84,-3.0500000000000003,0.0,0.0,0.0,-0.0,
1791370222.447259,stand,-0.030600953839874316,-0.011958381754882622,0.0,0.0,-0.049427841469056766,0.0,0.14524069240989385,0.0,0.0,0.0,False,0.0,0.0,0.0,0.0,0.1441154770012581,0.14432135500779106,2.86,-3.1,0.0,0.0,0.0,-0.0,
1791370222.4572194,stand,-0.031222809979677482,-0.012283281142926573,0.0,0.0,-0.04891164578373985,0.0,0.14562349682736192,0.0,0.0,0.0,False,0.0,0.0,0.0,0.0,0.1447332179954894,0.14473320065752185,2.7800000000000002,-3.14,0.0,0.0,0.0,-0.0,
1791370222.4672544,stand,-0.03157797375929299,-0.012591635280907718,0.0,0.0,-0.04871155200341614,0.0,0.1457766518241025,0.0,0.0,0.0,False,0.0,0.0,0.0,0.0,0.14493917206735132,0.14493915472938382,2.81,-3.0500000000000003,0.0,0.0,0.0,-0.0,
1791370222.4773464,stand,-0.03172452104100767,-0.0122181258176135,0.0,0.0,-0.04821315224004003,0.0,0.14615956475714595,0.0,0.0,0.0,False,0.0,0.0,0.0,0.0,0.14535117351635254,0.1455572354454362,2.8000000000000003,-2.92,0.0,0.0,0.0,-0.0,
1791370222.487247,stand,-0.03211844175672193,-0.011606161133333966,0.0,0.0,-0.04781871182402995,0.0,0.14646604211592057,0.0,0.0,0.0,False,0.0,0.0,0.0,0.0,0.14576334109887287,0.1459694384385258,2.68,-2.96,0.0,0.0,0.0,-0.0,
1791370222.4972322,stand,-0.03267020846423508,-0.011670912125512418,0.0,0.0,-0.04752908262464963,0.0,0.14669617296845971,0.0,0.0,0.0,False,0.0,0.0,0.0,0.0,0.14617557048115687,0.1461755531296678,2.68,-2.95,0.0,0.0,0.0,-0.0,
1791370222.5072155,stand,-0.03352103697404625,-0.012121064837336054,0.0,0.0,-0.047048436444349986,0.0,0.14707975417510874,0.0,0.0,0.0,False,0.0,0.0,0.0,0.0,0.14658794994499025,0.1467941420394879,2.63,-2.79,0.0,0.0,0.0,-0.0,
1791370222.5172355,stand,-0.03420503882455154,-0.01210586186613103,0.0,0.0,-0.04667398562764757,0.0,0.14738702777787882,0.0,0.0,0.0,False,0.0,0.0,0.0,0.0,0.14700039455672015,0.147206612350692,2.59,-2.8000000000000003,0.0,0.0,0.0,-0.0,
1791370222.5272217,stand,-0.03479343451891611,-0.011642558038774094,0.0,0.0,-0.04630378371677516,0.0,0.14769444717474814,0.0,0.0,0.0,False,0.0,0.0,0.0,0.0,0.1474129315424936,0.1476192343857578,2.58,-2.82,0.0,0.0,0.0,-0.0,
1791370222.5372322,stand,-0.03536963597975243,-0.01153202601409247,0.0,0.0,-0.04593732353424241,0.0,0.14800189248154105,0.0,0.0,0.0,False,0.0,0.0,0.0,0.0,0.14782558236176804,0.1480319206100588,2.58,-2.8000000000000003,0.0,0.0,0.0,-0.0,
1791370222.547226,stand,-0.03598877904715294,-0.011894603504067812,0.0,0.0,-0.04557863627156918,0.0,0.14830937360466187,0.0,0.0,0.0,False,0.0,0.0,0.0,0.0,0.14823829360189222,0.1484447001644,2.56,-2.7800000000000002,0.0,0.0,0.0,-0.0,
1791370222.5573041,stand,-0.03659836778471933,-0.012024853753214654,0.0,0.0,-0.04522149340350148,0.0,0.1486168735041392,0.0,0.0,0.0,False,0.0,0.0,0.0,0.0,0.14865115822261835,0.14885758003714455,2.58,-2.82,0.0,0.0,0.0,-0.0,
1791370222.5672426,stand,-0.03711573242300834,-0.011859761126165606,0.0,0.0,-0.045046493258673714,0.0,0.1487706191257117,0.0,0.0,0.0,False,0.0,0.0,0.0,0.0,0.14885759741567667,0.14906401596684668,2.58,-2.97,0.0,0.0,0.0,-0.0,
1791370222.577284,stand,-0.03752387273197999,-0.011881119763557605,0.0,0.0,-0.04478905390798595,0.0,0.14900122930219947,0.0,0.0,0.0,False,0.0,0.0,0.0,0.0,0.1492704692750809,0.14927045189654878,2.64,-2.86,0.0,0.0,0.0,-0.0,
1791370222.5872428,stand,-0.03794506093820327,-0.012382488120937502,0.0,0.0,-0.04461786993694772,0.0,0.14915497489186497,0.0,0.0,0.0,False,0.0,0.0,0.0,0.0,0.14947697517231615,0.14947695778662332,2.73,-2.95,0.0,0.0,0.0,-0.0,
1791370222.5971837,stand,-0.03823993502160536,-0.012679091665561084,0.0,0.0,-0.04436179924315756,0.0,0.1493856051631664,0.0,0.0,0.0,False,0.0,0.0,0.0,0.0,0.1496834961630903,0.1498899981898955,2.72,-3.06,0.0,0.0,0.0,-0.0,
1791370222.6072109,stand,-0.038712577837040164,-0.012458218286754792,0.0,0.0,-0.04411099032952962,0.0,0.14961661804823737,0.0,0.0,0.0,False,0.0,0.0,0.0,0.0,0.15009653181453053,0.15009651442923766,2.8000000000000003,-3.06,0.0,0.0,0.0,-0.0,
1791370222.6172607,stand,-0.03913182800119711,-0.012576399969763124,0.0,0.0,-0.04394567377197841,0.0,0.14977075361091438,0.0,0.0,0.0,False,0.0,0.0,0.0,0.0,0.1503030480538727,0.15030303066857983,2.82,-3.3000000000000003,0.0,0.0,0.0,-0.0,
1791370222.6272373,stand,-0.03934128860036505,-0.013159595954655701,0.0,0.0,-0.04378069713794404,0.0,0.14992489325834446,0.0,0.0,0.0,False,0.0,0.0,0.0,0.0,0.1505096021001903,0.15050958471111697,2.91,-3.38,0.0,0.0,0.0,-0.0,
1791370222.637262,stand,-0.03939646620961824,-0.013715945249519974,0.0,0.0,-0.043533919245665055,0.0,0.1501561098818348,0.0,0.0,0.0,False,0.0,0.0,0.0,0.0,0.1509227509582508,0.150716145857635,2.92,-3.24,0.0,0.0,0.0,-0.0,
1791370222.6472645,stand,-0.0396128974430266,-0.01360859318372918,0.0,0.0,-0.043292997171546596,0.0,0.15038728838132392,0.0,0.0,0.0,False,0.0,0.0,0.0,0.0,0.151129387662053,0.15112937026661902,2.92,-3.31,0.0,0.0,0.0,-0.0,
1791370222.657267,stand,-0.04002944813697679,-0.013291326891783068,0.0,0.0,-0.0429762399591207,0.0,0.15069550889609368,0.0,0.0,0.0,False,0.0,0.0,0.0,0.0,0.15154263058090173,0.15154261318844797,2.92,-3.31,0.0,0.0,0.0,-0.0,
1791370222.6672099,stand,-0.04050558838674179,-0.01368345509721578,0.0,0.0,-0.04273957035502389,0.0,0.15092668713634497,0.0,0.0,0.0,False,0.0,0.0,0.0,0.0,0.15195586121102123,0.15174921449070986,2.85,-3.43,0.0,0.0,0.0,-0.0,
1791370222.6772301,stand,-0.04067957781111004,-0.014329015595121333,0.0,0.0,-0.042432436949863636,0.0,0.1512353781192192,0.0,0.0,0.0,False,0.0,0.0,0.0,0.0,0.15236921492826566,0.15216252067082905,2.83,-3.25,0.0,0.0,0.0,-0.0,
1791370222.6872926,stand,-0.040592016222819445,-0.014461278206827643,0.0,0.0,-0.042053300223751776,0.0,0.15162144223970228,0.0,0.0,0.0,False,0.0,0.0,0.0,0.0,0.15298925734584407,0.1525758785748577,2.7800000000000002,-3.16,0.0,0.0,0.0,-0.0,
1791370222.6972663,stand,-0.040628709451349505,-0.014212782294204664,0.0,0.0,-0.04175547521115094,0.0,0.15193035300443775,0.0,0.0,0.0,False,0.0,0.0,0.0,0.0,0.1534026110630885,0.15298923994702968,2.61,-3.2,0.0,0.0,0.0,-0.0,
1791370222.707242,stand,-0.04119923640389647,-0.014199693595413378,0.0,0.0,-0.0414628991428346,0.0,0.15223932033831428,0.0,0.0,0.0,False,0.0,0.0,0.0,0.0,0.15381597381458612,0.1534025936642741,2.54,-3.13,0.0,0.0,0.0,-0.0,
1791370222.717239,stand,-0.042032563764744346,-0.014407822620725378,0.0,0.0,-0.041174271220553886,0.0,0.1525483089300343,0.0,0.0,0.0,False,0.0,0.0,0.0,0.0,0.154229386941259,0.15381595641537144,2.5,-2.99,0.0,0.0,0.0,-0.0,
1791370222.7272902,stand,-0.04255794929117834,-0.014089783258381493,0.0,0.0,-0.040752936530273724,0.0,0.15301184322854453,0.0,0.0,0.0,False,0.0,0.0,0.0,0.0,0.15484954710955331,0.1544360865525065,2.41,-2.7800000000000002,0.0,0.0,0.0,-0.0,
1791370222.7372518,stand,-0.0430936886523442,-0.013294195805591501,0.0,0.0,-0.04047751607303621,0.0,0.15332083940489152,0.0,0.0,0.0,False,0.0,0.0,0.0,0.0,0.15526298385248263,0.15484952970695817,2.4,-2.83,0.0,0.0,0.0,-0.0,
1791370222.7472615,stand,-0.043526217392071895,-0.01242113729866737,0.0,0.0,-0.040274496012595015,0.0,0.1535525364630976,0.0,0.0,0.0,False,0.0,0.0,0.0,0.0,0.15546970086592488,0.1552629664502879,2.49,-2.66,0.0,0.0,0.0,-0.0,
1791370222.7572718,stand,-0.04413371045994348,-0.011681458457813819,0.0,0.0,-0.03994114532151104,0.0,0.15393863697885887,0.0,0.0,0.0,False,0.0,0.0,0.0,0.0,0.15588314411273604,0.15588312671014087,2.42,-2.6,0.0,0.0,0.0,-0.0,
1791370222.7672522,stand,-0.044758991682844335,-0.010954210650385245,0.0,0.0,-0.039680170399503986,0.0,0.1542477433207254,0.0,0.0,0.0,False,0.0,0.0,0.0,0.0,0.15629658076370626,0.15629656336151151,2.42,-2.66,0.0,0.0,0.0,-0.0,
1791370222.7772682,stand,-0.04546591231068465,-0.01014330631932027,0.0,0.0,-0.039488362556068995,0.0,0.1544797336795137,0.0,0.0,0.0,False,0.0,0.0,0.0,0.0,0.1565032977771485,0.15671000194383009,2.58,-2.63,0.0,0.0,0.0,-0.0,
1791370222.787236,stand,-0.04610236652415761,-0.009204130610842243,0.0,0.0,-0.03929718358210556,0.0,0.15471173066381272,0.0,0.0,0.0,False,0.0,0.0,0.0,0.0,0.1567100193464252,0.15712344325929287,2.63,-2.6,0.0,0.0,0.0,-0.0,
1791370222.7972658,stand,-0.04652726764420639,-0.008289919995526808,0.0,0.0,-0.039111823933179614,0.0,0.15494382711365492,0.0,0.0,0.0,False,0.0,0.0,0.0,0.0,0.15691674111591877,0.15753687728617735,2.63,-2.45,0.0,0.0,0.0,-0.0,
1791370222.807262,stand,-0.04715569956709521,-0.007611716877798432,0.0,0.0,-0.038866475174553,0.0,0.1552533140229398,0.0,0.0,0.0,False,0.0,0.0,0.0,0.0,0.15733017767492985,0.15795024132242777,2.67,-2.56,0.0,0.0,0.0,-0.0,
1791370222.8172464,stand,-0.0479147303109551,-0.007083316587298817,0.0,0.0,-0.03862627726684917,0.0,0.15556287511355274,0.0,0.0,0.0,False,0.0,0.0,0.0,0.0,0.1577435771078928,0.15836359747976603,2.69,-2.5100000000000002,0.0,0.0,0.0,-0.0,
1791370222.8271961,stand,-0.04896270745724371,-0.0063840191904255775,0.0,0.0,-0.03844867560165864,0.0,0.15579507431332912,0.0,0.0,0.0,False,0.0,0.0,0.0,0.0,0.15795025872164248,0.15877691118317774,2.7800000000000002,-2.43,0.0,0.0,0.0,-0.0,
1791370222.8372395,stand,-0.05010218335282079,-0.005376392057034073,0.0,0.0,-0.038271691590415956,0.0,0.1560272795802105,0.0,0.0,0.0,False,0.0,0.0,0.0,0.0,0.15815693801995817,0.15919018699701698,2.82,-2.41,0.0,0.0,0.0,-0.0,
1791370222.8472908,stand,-0.051181732381126895,-0.00449327459673235,0.0,0.0,-0.03804414564590105,0.0,0.15633699534765605,0.0,0.0,0.0,False,0.0,0.0,0.0,0.0,0.1585702917372026,0.15960346920238408,2.81,-2.42,0.0,0.0,0.0,-0.0,
1791370222.8572383,stand,-0.052437564414471664,-0.0040139827089608355,0.0,0.0,-0.03787549170518587,0.0,0.1565693070673311,0.0,0.0,0.0,False,0.0,0.0,0.0,0.0,0.15877692857861173,0.16001666230034847,2.83,-2.35,0.0,0.0,0.0,-0.0,
1791370222.8672698,stand,-0.053726753063192585,-0.0036141599935273702,0.0,0.0,-0.03770461046327448,0.0,0.15680158375452727,0.0,0.0,0.0,False,0.0,0.0,0.0,0.0,0.1591902043928512,0.16022326134700343,2.88,-2.3000000000000003,0.0,0.0,0.0,-0.0,
1791370222.8776076,stand,-0.05515417216669531,-0.0031734914289033083,0.0,0.0,-0.03748894737915769,0.0,0.1571112837456481,0.0,0.0,0.0,False,0.0,0.0,0.0,0.0,0.1596034865944377,0.1606364609607768,2.85,-2.37,0.0,0.0,0.0,-0.0,
1791370222.887211,stand,-0.05662979287071382,-0.0025634269985520966,0.0,0.0,-0.037328756679933524,0.0,0.15734353501954612,0.0,0.0,0.0,False,0.0,0.0,0.0,0.0,0.1598100831434199,0.16104949343946115,2.95,-2.32,0.0,0.0,0.0,-0.0,
1791370222.897272,stand,-0.058077568296751286,-0.0020985971862661633,0.0,0.0,-0.037170599622344994,0.0,0.15757584050386916,0.0,0.0,0.0,False,0.0,0.0,0.0,0.0,0.1600166796924021,0.16146253325814908,2.99,-2.33,0.0,0.0,0.0,-0.0,
1791370222.9072216,stand,-0.05942636156108908,-0.0018688783608282818,0.0,0.0,-0.03701291804970491,0.0,0.15780814777985863,0.0,0.0,0.0,False,0.0,0.0,0.0,0.0,0.16042988004171907,0.16166905180178145,2.96,-2.33,0.0,0.0,0.0,-0.0,
1791370222.9172552,stand,-0.060807267337015004,-0.0018787195324487349,0.0,0.0,-0.03680701206608814,0.0,0.15811785496871428,0.0,0.0,0.0,False,0.0,0.0,0.0,0.0,0.16084299458541182,0.16208200397082578,2.95,-2.37,0.0,0.0,0.0,-0.0,
1791370222.9272559,stand,-0.0622461940447527,-0.0018181525357682988,0.0,0.0,-0.036704414311826306,0.0,0.158272711196793,0.0,0.0,0.0,False,0.0,0.0,0.0,0.0,0.161049510824754,0.1622884600820719,3.02,-2.3000000000000003,0.0,0.0,0.0,-0.0,
1791370222.9371977,stand,-0.063684697787245,-0.0016978151281870969,0.0,0.0,-0.036458780800817395,0.0,0.15865995168514163,0.0,0.0,0.0,False,0.0,0.0,0.0,0.0,0.1614625506438419,0.16290773390025085,2.96,-2.14,0.0,0.0,0.0,-0.0,
1791370222.9472613,stand,-0.06504422999049571,-0.0015936641163538233,0.0,0.0,-0.03626333448981871,0.0,0.15896978580319115,0.0,0.0,0.0,False,0.0,0.0,0.0,0.0,0.16187554526821607,0.16332050479109425,2.86,-2.21,0.0,0.0,0.0,-0.0,
1791370222.9572566,stand,-0.066313696592927,-0.0018890158605989068,0.0,0.0,-0.036071020788015024,0.0,0.15927957206775287,0.0,0.0,0.0,False,0.0,0.0,0.0,0.0,0.1624949181402902,0.16352686515889286,2.84,-2.2,0.0,0.0,0.0,-0.0,
1791370222.967257,stand,-0.06775177545361391,-0.002449204807526835,0.0,0.0,-0.03588693660908019,0.0,0.15958932069612333,0.0,0.0,0.0,False,0.0,0.0,0.0,0.0,0.16290775127540255,0.1639394929127583,2.69,-2.19,0.0,0.0,0.0,-0.0,
1791370222.9775069,stand,-0.06903733490421632,-0.002622111906201933,0.0,0.0,-0.03566039945751202,0.0,0.15997653396345815,0.0,0.0,0.0,False,0.0,0.0,0.0,0.0,0.16332052216326529,0.16455832645075294,2.64,-1.97,0.0,0.0,0.0,-0.0,
1791370222.9871945,stand,-0.07038899146300796,-0.0026725245573286315,0.0,0.0,-0.03544089455340349,0.0,0.16036369249918303,0.0,0.0,0.0,False,0.0,0.0,0.0,0.0,0.16393951027776887,0.16497079193909853,2.5500000000000003,-2.06,0.0,0.0,0.0,-0.0,
1791370222.9971921,stand,-0.071803049081435,-0.003060713390625589,0.0,0.0,-0.03526664879153381,0.0,0.16067344623450006,0.0,0.0,0.0,False,0.0,0.0,0.0,0.0,0.16435206375985217,0.16538313492721082,2.43,-2.06,0.0,0.0,0.0,-0.0,
1791370223.0072155,stand,-0.07344453851183465,-0.0036726284581496895,0.0,0.0,-0.035100247034857465,0.0,0.16098343140260435,0.0,0.0,0.0,False,0.0,0.0,0.0,0.0,0.1647646142965663,0.16579537316869356,2.39,-1.99,0.0,0.0,0.0,-0.0,
1791370223.0171928,stand,-0.0749534474237082,-0.004228766591239644,0.0,0.0,-0.03493448488822984,0.0,0.16129342101113278,0.0,0.0,0.0,False,0.0,0.0,0.0,0.0,0.16517700429813037,0.16620760255097758,2.38,-1.99,0.0,0.0,0.0,-0.0,
1791370223.0272782,stand,-0.07647144078296808,-0.004540695422070521,0.0,0.0,-0.03481182269377435,0.0,0.16152594704330017,0.0,0.0,0.0,False,0.0,0.0,0.0,0.0,0.16558927171243443,0.16641364300750133,2.4,-1.96,0.0,0.0,0.0,-0.0,
1791370223.037192,stand,-0.07811345035260703,-0.004973233228771697,0.0,0.0,-0.034655721539679704,0.0,0.16183569955882796,0.0,0.0,0.0,False,0.0,0.0,0.0,0.0,0.16600150521132462,0.16682563415302964,2.4,-2.09,0.0,0.0,0.0,-0.0,
1791370223.0472395,stand,-0.07959848414812903,-0.005464069629170893,0.0,0.0,-0.034538093154317044,0.0,0.16206810725420717,0.0,0.0,0.0,False,0.0,0.0,0.0,0.0,0.16641366034924823,0.16703158822489156,2.36,-2.07,0.0,0.0,0.0,-0.0,
1791370223.057222,stand,-0.08098360252502051,-0.005845265097818744,0.0,0.0,-0.034424720573942566,0.0,0.16230014569843373,0.0,0.0,0.0,False,0.0,0.0,0.0,0.0,0.16661965931535191,0.16744347296456943,2.42,-2.14,0.0,0.0,0.0,-0.0,
1791370223.0672204,stand,-0.08229419204554485,-0.0059435213852864445,0.0,0.0,-0.03431310783665386,0.0,0.16253233172120876,0.0,0.0,0.0,False,0.0,0.0,0.0,0.0,0.1670316055628591,0.16764939161918538,2.45,-2.11,0.0,0.0,0.0,-0.0,
1791370223.0773072,stand,-0.08368940572567773,-0.00613350396423092,0.0,0.0,-0.03423936432424271,0.0,0.16268717300355662,0.0,0.0,0.0,False,0.0,0.0,0.0,0.0,0.16723755963472103,0.16785529577277916,2.52,-2.21,0.0,0.0,0.0,-0.0,
1791370223.0872178,stand,-0.08498442728383981,-0.006346313710202368,0.0,0.0,-0.034165790280611584,0.0,0.16284201813474505,0.0,0.0,0.0,False,0.0,0.0,0.0,0.0,0.16744349029955544,0.16806112938018106,2.5300000000000002,-2.31,0.0,0.0,0.0,-0.0,
1791370223.099574,stand,-0.08621865040924859,-0.0064468782859083045,0.0,0.0,-0.03398822696950235,0.0,0.16322932916715543,0.0,0.0,0.0,False,0.0,0.0,0.0,0.0,0.16785531310060556,0.1686785032241871,2.56,-2.32,0.0,0.0,0.0,-0.0,
1791370223.1072695,stand,-0.08739402080926963,-0.006372627430929414,0.0,0.0,-0.033952378457052707,0.0,0.16330682582442305,0.0,0.0,0.0,False,0.0,0.0,0.0,0.0,0.16806114670800743,0.1686785032241871,2.65,-2.31,0.0,0.0,0.0,-0.0,
1791370223.1185536,stand,-0.08882456651665081,-0.0063214639840059594,0.0,0.0,-0.03378009638626604,0.0,0.16369381124746527,0.0,0.0,0.0,False,0.0,0.0,0.0,0.0,0.16847276251401083,0.16929559108734712,2.64,-2.33,0.0,0.0,0.0,-0.0,
1791370223.1272619,stand,-0.08990121207260199,-0.006186561876220445,0.0,0.0,-0.03374658295295138,0.0,0.16377114323425043,0.0,0.0,0.0,False,0.0,0.0,0.0,0.0,0.16867852054565124,0.16929559108734712,2.7,-2.33,0.0,0.0,0.0,-0.0,
1791370223.1371837,stand,-0.09103052984864157,-0.0061585212444264644,0.0,0.0,-0.03361496250685782,0.0,0.1640805576628105,0.0,0.0,0.0,False,0.0,0.0,0.0,0.0,0.16908993541353018,0.16970687686171035,2.65,-2.42,0.0,0.0,0.0,-0.0,
1791370223.1472588,stand,-0.09209916305010217,-0.006162890339557861,0.0,0.0,-0.03348590959851329,0.0,0.16439005786745695,0.0,0.0,0.0,False,0.0,0.0,0.0,0.0,0.16950125660862433,0.17011800060706334,2.6,-2.36,0.0,0.0,0.0,-0.0,
1791370223.157245,stand,-0.09305979330747197,-0.006323251268270181,0.0,0.0,-0.03339251061978346,0.0,0.16462230791676366,0.0,0.0,0.0,False,0.0,0.0,0.0,0.0,0.16991250553900494,0.17032351297590512,2.68,-2.32,0.0,0.0,0.0,-0.0,
1791370223.1672757,stand,-0.09399038754289929,-0.006476001695561344,0.0,0.0,-0.03330088470311897,0.0,0.16485455861777745,0.0,0.0,0.0,False,0.0,0.0,0.0,0.0,0.1701180179078467,0.17073447682043238,2.63,-2.38,0.0,0.0,0.0,-0.0,
1791370223.1773224,stand,-0.09477918100987556,-0.006559328474870996,0.0,0.0,-0.03315069547639064,0.0,0.16524164512586453,0.0,0.0,0.0,False,0.0,0.0,0.0,0.0,0.17073449411823335,0.17114527690369508,2.49,-2.32,0.0,0.0,0.0,-0.0,
1791370223.1872478,stand,-0.09553105236316568,-0.006784405512277643,0.0,0.0,-0.03303341337242265,0.0,0.1655513130745858,0.0,0.0,0.0,False,0.0,0.0,0.0,0.0,0.17114529419095692,0.17155592460838348,2.42,-2.2800000000000002,0.0,0.0,0.0,-0.0,
1791370223.197203,stand,-0.0961169129147318,-0.007094154317940469,0.0,0.0,-0.032919558196456915,0.0,0.16586072467778398,0.0,0.0,0.0,False,0.0,0.0,0.0,0.0,0.17155594188928217,0.1719664658110618,2.41,-2.2600000000000002,0.0,0.0,0.0,-0.0,
1791370223.2072158,stand,-0.09667903788629266,-0.007455025137899055,0.0,0.0,-0.032809079845508765,0.0,0.16616988239268365,0.0,0.0,0.0,False,0.0,0.0,0.0,0.0,0.17196648308818255,0.17237692838126512,2.33,-2.2,0.0,0.0,0.0,-0.0,
1791370223.21717,stand,-0.0971780176598893,-0.007786914629589665,0.0,0.0,-0.03267308928950458,0.0,0.16655627844077944,0.0,0.0,0.0,False,0.0,0.0,0.0,0.0,0.1725820892583409,0.1727871875307024,2.27,-2.14,0.0,0.0,0.0,-0.0,
1791370223.227251,stand,-0.0976624191050051,-0.008154620350229536,0.0,0.0,-0.032569403269928514,0.0,0.16686523313870938,0.0,0.0,0.0,False,0.0,0.0,0.0,0.0,0.1729922976125571,0.17319731086333984,2.16,-2.08,0.0,0.0,0.0,-0.0,
1791370223.2371776,stand,-0.09823887611108921,-0.00838690041404648,0.0,0.0,-0.0324661460205943,0.0,0.16717419096807973,0.0,0.0,0.0,False,0.0,0.0,0.0,0.0,0.17340235863456022,0.17360728196839417,2.16,-2.07,0.0,0.0,0.0,-0.0,
1791370223.247229,stand,-0.09880444533095334,-0.008628843263558741,0.0,0.0,-0.032369952001288886,0.0,0.16748334812001922,0.0,0.0,0.0,False,0.0,0.0,0.0,0.0,0.17381221397988766,0.17401708712960692,2.04,-2.07,0.0,0.0,0.0,-0.0,
1791370223.2572472,stand,-0.09924490178699089,-0.008800482327169486,0.0,0.0,-0.03225292866801752,0.0,0.16786987730040334,0.0,0.0,0.0,False,0.0,0.0,0.0,0.0,0.1744267638467268,0.1744267466034099,2.07,-1.85,0.0,0.0,0.0,-0.0,
1791370223.2672257,stand,-0.09970039654563977,-0.009027754209598034,0.0,0.0,-0.032184492915807834,0.0,0.16810173262126646,0.0,0.0,0.0,False,0.0,0.0,0.0,0.0,0.17463152963789857,0.17483626182860387,2.02,-1.85,0.0,0.0,0.0,-0.0,
1791370223.2773774,stand,-0.10002597443549395,-0.009200074360789663,0.0,0.0,-0.03209734788349374,0.0,0.16841071529761775,0.0,0.0,0.0,False,0.0,0.0,0.0,0.0,0.17504100536777448,0.17524566196413835,1.99,-2.06,0.0,0.0,0.0,-0.0,
1791370223.2872424,stand,-0.1002159555981842,-0.009382546365920003,0.0,0.0,-0.032032198669993815,0.0,0.16864245314150383,0.0,0.0,0.0,False,0.0,0.0,0.0,0.0,0.17545035302088582,0.17545033579069402,1.97,-1.99,0.0,0.0,0.0,-0.0,
1791370223.297244,stand,-0.10025800855132827,-0.009451421711241746,0.0,0.0,-0.031968122542583584,0.0,0.16887413425730186,0.0,0.0,0.0,False,0.0,0.0,0.0,0.0,0.17565492475915573,0.1758594561926628,2.02,-2.04,0.0,0.0,0.0,-0.0,
1791370223.3072245,stand,-0.10016013742657562,-0.009254463534786242,0.0,0.0,-0.03188520344434395,0.0,0.16918289913012496,0.0,0.0,0.0,False,0.0,0.0,0.0,0.0,0.1760639844183696,0.17626840010055292,2.1,-2.0,0.0,0.0,0.0,-0.0,
1791370223.3171859,stand,-0.09995061332817445,-0.00899901112780825,0.0,0.0,-0.03184385728964295,0.0,0.16933728200155476,0.0,0.0,0.0,False,0.0,0.0,0.0,0.0,0.17626841731046197,0.1764728329926453,2.17,-1.99,0.0,0.0,0.0,-0.0,
1791370223.3272793,stand,-0.09976242864403723,-0.008764791939730272,0.0,0.0,-0.03180262828062928,0.0,0.1694916624075075,0.0,0.0,0.0,False,0.0,0.0,0.0,0.0,0.17647285020255438,0.17667719491365264,2.19,-2.12,0.0,0.0,0.0,-0.0,
1791370223.3372307,stand,-0.0995808077717605,-0.00854378189523784,0.0,0.0,-0.031745006203599185,0.0,0.16972296439269843,0.0,0.0,0.0,False,0.0,0.0,0.0,0.0,0.17667721211640502,0.17708585079455896,2.31,-2.17,0.0,0.0,0.0,-0.0,
1791370223.34724,stand,-0.0991849856751034,-0.008211260816267494,0.0,0.0,-0.03170801663971608,0.0,0.1698770776883371,0.0,0.0,0.0,False,0.0,0.0,0.0,0.0,0.1768815599954663,0.17729008290793194,2.42,-2.12,0.0,0.0,0.0,-0.0,
1791370223.3572369,stand,-0.09878265321624416,-0.00779867941184531,0.0,0.0,-0.03163425895374673,0.0,0.1701853063481511,0.0,0.0,0.0,False,0.0,0.0,0.0,0.0,0.1772901001009387,0.17769847452379603,2.5,-2.18,0.0,0.0,0.0,-0.0,
1791370223.367251,stand,-0.09833123602676391,-0.00732249718107228,0.0,0.0,-0.03158112747818844,0.0,0.17041661359891302,0.0,0.0,0.0,False,0.0,0.0,0.0,0.0,0.17749433221431168,0.178106712007808,2.5100000000000002,-2.14,0.0,0.0,0.0,-0.0,
1791370223.3773525,stand,-0.0979043666773805,-0.007047298418724095,0.0,0.0,-0.03152816053260348,0.0,0.1706479227079501,0.0,0.0,0.0,False,0.0,0.0,0.0,0.0,0.1779026388146077,0.17831070318671768,2.48,-2.13,0.0,0.0,0.0,-0.0,
1791370223.387158,stand,-0.09757858309887574,-0.006904556675241593,0.0,0.0,-0.03147635596934285,0.0,0.1708792979467871,0.0,0.0,0.0,False,0.0,0.0,0.0,0.0,0.17810672918053205,0.178718611294844,2.5100000000000002,-2.17,0.0,0.0,0.0,-0.0,
1791370223.397208,stand,-0.09698602084370328,-0.006740569955307974,0.0,0.0,-0.03141032768881466,0.0,0.17118769599896289,0.0,0.0,0.0,False,0.0,0.0,0.0,0.0,0.17851471153835144,0.17912639467419647,2.54,-2.12,0.0,0.0,0.0,-0.0,
1791370223.407248,stand,-0.09643542010919912,-0.006562448540721062,0.0,0.0,-0.03136170628095119,0.0,0.17141896788268365,0.0,0.0,0.0,False,0.0,0.0,0.0,0.0,0.1789225346364533,0.17933022523013067,2.49,-2.05,0.0,0.0,0.0,-0.0,
1791370223.4172232,stand,-0.09587770133242705,-0.006406922180116034,0.0,0.0,-0.031314648941775394,0.0,0.17165018557796036,0.0,0.0,0.0,False,0.0,0.0,0.0,0.0,0.1791264118333987,0.1797377387490826,2.47,-2.18,0.0,0.0,0.0,-0.0,
1791370223.4273689,stand,-0.09526486604569569,-0.00641442079855907,0.0,0.0,-0.031239736910263355,0.0,0.17203521380386497,0.0,0.0,0.0,False,0.0,0.0,0.0,0.0,0.1797377558943685,0.18014503880623534,2.41,-2.09,0.0,0.0,0.0,-0.0,
1791370223.4371915,stand,-0.09480094030419677,-0.006663963634872568,0.0,0.0,-0.03118392387668116,0.0,0.17234283453840127,0.0,0.0,0.0,False,0.0,0.0,0.0,0.0,0.1801450559451548,0.18055221804917715,2.3000000000000003,-2.08,0.0,0.0,0.0,-0.0,
1791370223.447252,stand,-0.09438626492020184,-0.006903514821291784,0.0,0.0,-0.03112914559148627,0.0,0.1726505241950681,0.0,0.0,0.0,False,0.0,0.0,0.0,0.0,0.18055223518809663,0.18095908120471274,2.19,-1.98,0.0,0.0,0.0,-0.0,
1791370223.4573286,stand,-0.09400786672644365,-0.00698497946605814,0.0,0.0,-0.031063190960432266,0.0,0.17303532098786742,0.0,0.0,0.0,False,0.0,0.0,0.0,0.0,0.18116249073988716,0.1813658223082581,2.16,-1.9100000000000001,0.0,0.0,0.0,-0.0,
1791370223.4672468,stand,-0.09341917981945322,-0.007062237185381197,0.0,0.0,-0.030999563430842196,0.0,0.17342005963110152,0.0,0.0,0.0,False,0.0,0.0,0.0,0.0,0.1815691881139024,0.18197562665552244,2.02,-1.74,0.0,0.0,0.0,-0.0,
1791370223.4772768,stand,-0.09302277710391894,-0.007121549300323865,0.0,0.0,-0.030951528625065443,0.0,0.173727581843604,0.0,0.0,0.0,False,0.0,0.0,0.0,0.0,0.18197564376362416,0.18238184900170476,1.97,-1.76,0.0,0.0,0.0,-0.0,
1791370223.4872108,stand,-0.09273939057724628,-0.007314751546551281,0.0,0.0,-0.03090487097085887,0.0,0.1740349839456411,0.0,0.0,0.0,False,0.0,0.0,0.0,0.0,0.18238186609667828,0.18278790339163284,2.0,-1.75,0.0,0.0,0.0,-0.0,
1791370223.4972103,stand,-0.09230897014113792,-0.0074297589430621265,0.0,0.0,-0.030860826712524072,0.0,0.17434230715154347,0.0,0.0,0.0,False,0.0,0.0,0.0,0.0,0.18278792047945228,0.18319381530020945,1.97,-1.69,0.0,0.0,0.0,-0.0,
1791370223.5072124,stand,-0.09180544236252985,-0.007417565047242072,0.0,0.0,-0.030819356981979507,0.0,0.17464955221440248,0.0,0.0,0.0,False,0.0,0.0,0.0,0.0,0.18319383237828069,0.1835995489363716,1.97,-1.68,0.0,0.0,0.0,-0.0,
1791370223.517223,stand,-0.09125683874987023,-0.007351160455146543,0.0,0.0,-0.030779264185662063,0.0,0.17495663204720577,0.0,0.0,0.0,False,0.0,0.0,0.0,0.0,0.18359956601444283,0.18400495692938382,1.98,-1.71,0.0,0.0,0.0,-0.0,
1791370223.527282,stand,-0.0907917302645479,-0.007336723093562483,0.0,0.0,-0.03075988571311362,0.0,0.17511008928840055,0.0,0.0,0.0,False,0.0,0.0,0.0,0.0,0.18380227246209999,0.18420760289697855,1.97,-1.75,0.0,0.0,0.0,-0.0,
1791370223.5372243,stand,-0.09026256540369784,-0.007302200622740046,0.0,0.0,-0.030741721745150427,0.0,0.17526338759291815,0.0,0.0,0.0,False,0.0,0.0,0.0,0.0,0.1840049739935406,0.18441018862485245,1.93,-1.6300000000000001,0.0,0.0,0.0,-0.0,
1791370223.5472255,stand,-0.08966465380090269,-0.007185917292371252,0.0,0.0,-0.030741721745150427,0.0,0.17526338759291815,0.0,0.0,0.0,False,0.0,0.0,0.0,0.0,0.1840049739935406,0.18441018862485245,1.87,-1.51,0.0,0.0,0.0,-0.0,
1791370223.557255,stand,-0.08908858588901143,-0.00691159674455376,0.0,0.0,-0.030732651671622476,0.0,0.1753400367668328,0.0,0.0,0.0,False,0.0,0.0,0.0,0.0,0.1840049739935406,0.18461277435272638,1.8800000000000001,-1.41,0.0,0.0,0.0,-0.0,
1791370223.5672233,stand,-0.08839857647362039,-0.006594711089910985,0.0,0.0,-0.030732651671622476,0.0,0.1753400367668328,0.0,0.0,0.0,False,0.0,0.0,0.0,0.0,0.1840049739935406,0.18461277435272638,1.8800000000000001,-1.53,0.0,0.0,0.0,-0.0,
1791370223.5774167,stand,-0.08764057064756774,-0.006291348699810351,0.0,0.0,-0.030732651671622476,0.0,0.1753400367668328,0.0,0.0,0.0,False,0.0,0.0,0.0,0.0,0.1840049739935406,0.18461277435272638,1.9100000000000001,-1.5,0.0,0.0,0.0,-0.0,
1791370223.5872126,stand,-0.08707521377897008,-0.005988527266014924,0.0,0.0,-0.030741721745150417,0.0,0.1752633875929182,0.0,0.0,0.0,False,0.0,0.0,0.0,0.0,0.18380227246209999,0.18461277435272638,1.94,-1.49,0.0,0.0,0.0,-0.0,
1791370223.5972009,stand,-0.08672632602025797,-0.005575534805158269,0.0,0.0,-0.030741721745150417,0.0,0.1752633875929182,0.0,0.0,0.0,False,0.0,0.0,0.0,0.0,0.18380227246209999,0.18461277435272638,2.04,-1.49,0.0,0.0,0.0,-0.0,
1791370223.6072388,stand,-0.08610176216204246,-0.00510770749266681,0.0,0.0,-0.03075079975550719,0.0,0.17518673843343446,0.0,0.0,0.0,False,0.0,0.0,0.0,0.0,0.18380227246209999,0.18441018862485245,2.07,-1.6300000000000001,0.0,0.0,0.0,-0.0,
1791370223.6172533,stand,-0.08530118612658281,-0.004579281018858673,0.0,0.0,-0.030761067335044228,0.0,0.17510993029008304,0.0,0.0,0.0,False,0.0,0.0,0.0,0.0,0.18359956601444283,0.18441018862485245,2.15,-1.6,0.0,0.0,0.0,-0.0,
1791370223.6272511,stand,-0.08463619711896504,-0.0043350009273386,0.0,0.0,-0.030761067335044228,0.0,0.17510993029008304,0.0,0.0,0.0,False,0.0,0.0,0.0,0.0,0.18359956601444283,0.18441018862485245,2.14,-1.61,0.0,0.0,0.0,-0.0,
1791370223.6372256,stand,-0.08429574789987454,-0.004146945875359514,0.0,0.0,-0.030761067335044228,0.0,0.17510993029008304,0.0,0.0,0.0,False,0.0,0.0,0.0,0.0,0.18359956601444283,0.18441018862485245,2.13,-1.62,0.0,0.0,0.0,-0.0,
1791370223.6472542,stand,-0.08414538503788291,-0.0039967598538208325,0.0,0.0,-0.030761067335044228,0.0,0.17510993029008304,0.0,0.0,0.0,False,0.0,0.0,0.0,0.0,0.18359956601444283,0.18441018862485245,2.12,-1.62,0.0,0.0,0.0,-0.0,
1791370223.6572359,stand,-0.08402223637761877,-0.003977202342929525,0.0,0.0,-0.030751980852197974,0.0,0.17518657943323687,0.0,0.0,0.0,False,0.0,0.0,0.0,0.0,0.18359956601444283,0.18461277435272638,2.12,-1.45,0.0,0.0,0.0,-0.0,
1791370223.6672313,stand,-0.08385095731212493,-0.004028713701163483,0.0,0.0,-0.030751980852197974,0.0,0.17518657943323687,0.0,0.0,0.0,False,0.0,0.0,0.0,0.0,0.18359956601444283,0.18461277435272638,2.12,-1.48,0.0,0.0,0.0,-0.0,
1791370223.6773357,stand,-0.08365142838027491,-0.004130566564926863,0.0,0.0,-0.030751980852197974,0.0,0.17518657943323687,0.0,0.0,0.0,False,0.0,0.0,0.0,0.0,0.18359956601444283,0.18461277435272638,2.11,-1.48,0.0,0.0,0.0,-0.0,
1791370223.6872368,stand,-0.08182629072211417,-0.004472725678259419,0.0,0.0,-0.030751980852197974,0.0,0.17518657943323687,0.0,0.0,0.0,False,0.0,0.0,0.0,0.0,0.18359956601444283,0.18461277435272638,2.12,-1.47,0.0,0.0,0.0,-0.0,
1791370223.697187,stand,-0.0797837688448615,-0.004902436864436172,0.0,0.0,-0.030751980852197974,0.0,0.17518657943323687,0.0,0.0,0.0,False,0.0,0.0,0.0,0.0,0.18359956601444283,0.18461277435272638,2.1,-1.47,0.0,0.0,0.0,-0.0,
1791370223.707158,stand,-0.07978770209498409,-0.005096750123421775,0.0,0.0,-0.030751980852197974,0.0,0.17518657943323687,0.0,0.0,0.0,False,0.0,0.0,0.0,0.0,0.18359956601444283,0.18461277435272638,2.12,-1.48,0.0,0.0,0.0,-0.0,
1791370223.7172382,stand,-0.07977507515063444,-0.005261460513287064,0.0,0.0,-0.030741721745150417,0.0,0.1752633875929182,0.0,0.0,0.0,False,0.0,0.0,0.0,0.0,0.18380227246209999,0.18461277435272638,2.12,-1.49,0.0,0.0,0.0,-0.0,
1791370223.7272577,stand,-0.0797119912057909,-0.0053718585681797205,0.0,0.0,-0.030751980852197974,0.0,0.17518657943323687,0.0,0.0,0.0,False,0.0,0.0,0.0,0.0,0.18359956601444283,0.18461277435272638,2.0100000000000002,-1.5,0.0,0.0,0.0,-0.0,
1791370223.7371817,stand,-0.07960093496719646,-0.005410631505324076,0.0,0.0,-0.030741721745150417,0.0,0.1752633875929182,0.0,0.0,0.0,False,0.0,0.0,0.0,0.0,0.18380227246209999,0.18461277435272638,2.12,-1.5,0.0,0.0,0.0,-0.0,
1791370223.747243,stand,-0.07954873315072969,-0.005493889909507716,0.0,0.0,-0.030761067335044228,0.0,0.17510993029008304,0.0,0.0,0.0,False,0.0,0.0,0.0,0.0,0.18359956601444283,0.18441018862485245,2.0100000000000002,-1.6500000000000001,0.0,0.0,0.0,-0.0,
1791370223.7572405,stand,-0.07945796369169586,-0.005545855763615321,0.0,0.0,-0.030761067335044228,0.0,0.17510993029008304,0.0,0.0,0.0,False,0.0,0.0,0.0,0.0,0.18359956601444283,0.18441018862485245,2.12,-1.44,0.0,0.0,0.0,-0.0,
1791370223.7672508,stand,-0.07943686048437759,-0.00569935946890382,0.0,0.0,-0.030761067335044228,0.0,0.17510993029008304,0.0,0.0,0.0,False,0.0,0.0,0.0,0.0,0.18359956601444283,0.18441018862485245,2.04,-1.61,0.0,0.0,0.0,-0.0,
1791370223.7772477,stand,-0.0793583271051702,-0.005751338505148711,0.0,0.0,-0.030761067335044228,0.0,0.17510993029008304,0.0,0.0,0.0,False,0.0,0.0,0.0,0.0,0.18359956601444283,0.18441018862485245,2.1,-1.61,0.0,0.0,0.0,-0.0,
1791370223.787239,stand,-0.07926735087338467,-0.005920065902671388,0.0,0.0,-0.030761067335044228,0.0,0.17510993029008304,0.0,0.0,0.0,False,0.0,0.0,0.0,0.0,0.18359956601444283,0.18441018862485245,2.05,-1.6400000000000001,0.0,0.0,0.0,-0.0,
1791370223.797222,stand,-0.07915500729845404,-0.005943415105596463,0.0,0.0,-0.030761067335044228,0.0,0.17510993029008304,0.0,0.0,0.0,False,0.0,0.0,0.0,0.0,0.18359956601444283,0.18441018862485245,2.11,-1.62,0.0,0.0,0.0,-0.0,
1791370223.8072493,stand,-0.07905882383869241,-0.006051339628741856,0.0,0.0,-0.030761067335044228,0.0,0.17510993029008304,0.0,0.0,0.0,False,0.0,0.0,0.0,0.0,0.18359956601444283,0.18441018862485245,2.0300000000000002,-1.62,0.0,0.0,0.0,-0.0,
1791370223.8172214,stand,-0.07894242826325402,-0.006064643138451644,0.0,0.0,-0.03075079975550719,0.0,0.17518673843343446,0.0,0.0,0.0,False,0.0,0.0,0.0,0.0,0.18380227246209999,0.18441018862485245,2.11,-1.62,0.0,0.0,0.0,-0.0,
1791370223.8272827,stand,-0.07882997512821381,-0.006203255775685689,0.0,0.0,-0.03075079975550719,0.0,0.17518673843343446,0.0,0.0,0.0,False,0.0,0.0,0.0,0.0,0.18380227246209999,0.18441018862485245,2.1,-1.61,0.0,0.0,0.0,-0.0,
1791370223.8372333,stand,-0.07862090760959997,-0.006268372412652177,0.0,0.0,-0.030761067335044228,0.0,0.17510993029008304,0.0,0.0,0.0,False,0.0,0.0,0.0,0.0,0.18359956601444283,0.18441018862485245,2.0100000000000002,-1.62,0.0,0.0,0.0,-0.0,
1791370223.8472717,stand,-0.07841141842765652,-0.006286029693483471,0.0,0.0,-0.03075079975550719,0.0,0.17518673843343446,0.0,0.0,0.0,False,0.0,0.0,0.0,0.0,0.18380227246209999,0.18441018862485245,2.12,-1.6300000000000001,0.0,0.0,0.0,-0.0,
1791370223.8577583,stand,-0.07814607381280053,-0.006260384832735114,0.0,0.0,-0.03075079975550719,0.0,0.17518673843343446,0.0,0.0,0.0,False,0.0,0.0,0.0,0.0,0.18380227246209999,0.18441018862485245,2.13,-1.62,0.0,0.0,0.0,-0.0,
1791370223.867233,stand,-0.07799171744429995,-0.006306816960853909,0.0,0.0,-0.030761067335044228,0.0,0.17510993029008304,0.0,0.0,0.0,False,0.0,0.0,0.0,0.0,0.18359956601444283,0.18441018862485245,2.04,-1.6300000000000001,0.0,0.0,0.0,-0.0,
1791370223.8772514,stand,-0.07779448510122287,-0.006266116983781797,0.0,0.0,-0.03075079975550719,0.0,0.17518673843343446,0.0,0.0,0.0,False,0.0,0.0,0.0,0.0,0.18380227246209999,0.18441018862485245,2.12,-1.61,0.0,0.0,0.0,-0.0,
1791370223.8871937,stand,-0.07755896448489387,-0.006380341372536349,0.0,0.0,-0.030761067335044228,0.0,0.17510993029008304,0.0,0.0,0.0,False,0.0,0.0,0.0,0.0,0.18359956601444283,0.18441018862485245,2.11,-1.62,0.0,0.0,0.0,-0.0,
1791370223.897197,stand,-0.07723898441075253,-0.0064147466951375645,0.0,0.0,-0.030761067335044228,0.0,0.17510993029008304,0.0,0.0,0.0,False,0.0,0.0,0.0,0.0,0.18359956601444283,0.18441018862485245,2.12,-1.61,0.0,0.0,0.0,-0.0,
1791370223.9071949,stand,-0.0769271636856269,-0.006478909705418866,0.0,0.0,-0.030761067335044228,0.0,0.17510993029008304,0.0,0.0,0.0,False,0.0,0.0,0.0,0.0,0.18359956601444283,0.18441018862485245,2.13,-1.61,0.0,0.0,0.0,-0.0,
1791370223.9172363,stand,-0.07660851644425946,-0.006556975435189197,0.0,0.0,-0.030761067335044228,0.0,0.17510993029008304,0.0,0.0,0.0,False,0.0,0.0,0.0,0.0,0.18359956601444283,0.18441018862485245,2.12,-1.62,0.0,0.0,0.0,-0.0,
1791370223.927256,stand,-0.07628489168132747,-0.006639936117613755,0.0,0.0,-0.030761067335044228,0.0,0.17510993029008304,0.0,0.0,0.0,False,0.0,0.0,0.0,0.0,0.18359956601444283,0.18441018862485245,2.12,-1.61,0.0,0.0,0.0,-0.0,
1791370223.937192,stand,-0.07597950489337925,-0.0067197164081949905,0.0,0.0,-0.030761067335044228,0.0,0.17510993029008304,0.0,0.0,0.0,False,0.0,0.0,0.0,0.0,0.18359956601444283,0.18441018862485245,2.14,-1.61,0.0,0.0,0.0,-0.0,
1791370223.947233,stand,-0.0742212303495077,-0.006415474064651513,0.0,0.0,-0.030761067335044228,0.0,0.17510993029008304,0.0,0.0,0.0,False,0.0,0.0,0.0,0.0,0.18359956601444283,0.18441018862485245,2.13,-1.6,0.0,0.0,0.0,-0.0,
1791370223.9572492,stand,-0.07149589144835083,-0.006290254596241645,0.0,0.0,-0.030761067335044228,0.0,0.17510993029008304,0.0,0.0,0.0,False,0.0,0.0,0.0,0.0,0.18359956601444283,0.18441018862485245,2.14,-1.61,0.0,0.0,0.0,-0.0,
1791370223.9672441,stand,-0.07052734773986895,-0.006332256187490396,0.0,0.0,-0.030761067335044228,0.0,0.17510993029008304,0.0,0.0,0.0,False,0.0,0.0,0.0,0.0,0.18359956601444283,0.18441018862485245,2.12,-1.6300000000000001,0.0,0.0,0.0,-0.0,
1791370223.9772644,stand,-0.07016008130946255,-0.006471525739889484,0.0,0.0,-0.030761067335044228,0.0,0.17510993029008304,0.0,0.0,0.0,False,0.0,0.0,0.0,0.0,0.18359956601444283,0.18441018862485245,2.13,-1.58,0.0,0.0,0.0,-0.0,
1791370223.9872317,stand,-0.06979472513069927,-0.0066056844349332644,0.0,0.0,-0.030761067335044228,0.0,0.17510993029008304,0.0,0.0,0.0,False,0.0,0.0,0.0,0.0,0.18359956601444283,0.18441018862485245,2.13,-1.6400000000000001,0.0,0.0,0.0,-0.0,
1791370223.9972181,stand,-0.06941953669717567,-0.0067660599277271595,0.0,0.0,-0.030770161776046266,0.0,0.17503328116139963,0.0,0.0,0.0,False,0.0,0.0,0.0,0.0,0.18359956601444283,0.18420760289697855,2.14,-1.62,0.0,0.0,0.0,-0.0,
1791370224.0072076,stand,-0.06903701020375405,-0.006911457604570706,0.0,0.0,-0.030770161776046266,0.0,0.17503328116139963,0.0,0.0,0.0,False,0.0,0.0,0.0,0.0,0.18359956601444283,0.18420760289697855,2.13,-1.73,0.0,0.0,0.0,-0.0,
1791370224.0171838,stand,-0.0686464954873697,-0.006978641234899636,0.0,0.0,-0.030770161776046266,0.0,0.17503328116139963,0.0,0.0,0.0,False,0.0,0.0,0.0,0.0,0.18359956601444283,0.18420760289697855,2.12,-1.74,0.0,0.0,0.0,-0.0,
1791370224.0272439,stand,-0.06680558226772913,-0.00687942473312197,0.0,0.0,-0.030770161776046266,0.0,0.17503328116139963,0.0,0.0,0.0,False,0.0,0.0,0.0,0.0,0.18359956601444283,0.18420760289697855,2.13,-1.76,0.0,0.0,0.0,-0.0,
1791370224.0372355,balance,-0.06652348484457626,-0.006941989357751997,-0.0971477061506916,0.025512311447027123,-0.030770161776046266,-0.0001459404699309338,0.17503328116139963,0.00048146353578731426,0.0,2.4073176789365713e-06,False,0.0,0.0,-0.09285714285714286,-0.09285714285714286,0.18359956601444283,0.18420760289697855,2.12,-1.77,-0.65,-0.65,-0.5118110236220472,0.5118110236220472,
1791370224.0472286,balance,-0.06627513693714068,-0.007009771218183316,-0.09675385241356899,0.020140242127836022,-0.030770161776046266,-0.00029144629961797117,0.17503328116139963,-0.004515472813442349,0.0,-1.7445692284938366e-05,False,0.0,0.0,-0.15122800377628445,-0.14459738401299005,0.18359956601444283,0.18420760289697855,2.13,-1.76,-1.058596026433991,-1.0121816880909305,-0.8335401782944811,0.796993455189709,
1791370224.0572948,balance,-0.06582141724726363,-0.007076183003747254,-0.09630013272369192,0.07065731356931376,-0.030770161776046266,-0.00029144629961797117,0.17503328116139963,-0.021555795538980668,0.0,-0.00016160668853844472,False,0.0,0.0,-0.12050709554029916,-0.1147758990324391,0.18359956601444283,0.18420760289697855,2.13,-1.74,-0.8435496687820941,-0.8034312932270736,-0.6642123376236961,0.6326230655331289,
1791370224.06726,balance,-0.06443282058428905,-0.007127725535674018,-0.09490244161971531,0.2515748231213035,-0.030761067335044228,-0.00029144629961797117,0.17510993029008304,-0.07179010101527084,0.0,-0.0007390379923320811,False,0.0,0.0,-0.10941888789190198,-0.1075270601741141,0.18359956601444283,0.18441018862485245,2.1,-1.69,-0.7659322152433138,-0.7526894212187988,-0.6030962324750502,0.5926688356053533,
1791370224.0772765,balance,-0.05852267267597342,-0.0069218770777331904,-0.08898202613186264,0.8912503610722694,-0.03075079975550719,-0.00029144629961797117,0.17518673843343446,-0.12011651668518852,0.0,-0.0018136299959469824,False,0.0,0.0,0.0,0.0,0.18380227246209999,0.18441018862485245,2.0100000000000002,-1.53,0.0,0.0,0.0,-0.0,
1791370224.087221,balance,-0.046809131392981894,-0.006530307567529964,-0.07725940683851434,1.3675404186535496,-0.030741721745150417,-0.00029144629961797117,0.1752633875929182,-0.14074463830797088,0.0,-0.0032176968843211366,False,0.0,0.0,0.09285714285714286,0.09285714285714286,0.18380227246209999,0.18461277435272638,1.99,-1.6,0.65,0.65,0.5118110236220472,-0.5118110236220472,
1791370224.0972867,balance,-0.03268150155202634,-0.006279627717405683,-0.06314085500791557,1.3005219642424843,-0.03075079975550719,-0.00029144629961797117,0.17518673843343446,-0.10597662783227728,0.0,-0.00439311115442348,False,0.0,0.0,0.17690651150129494,0.11665039346574012,0.18380227246209999,0.18441018862485245,2.02,-1.58,1.2383455805090646,0.8165527542601808,0.975075260243358,-0.6429549246143156,
1791370224.1072433,balance,-0.023853516204586978,-0.006702361126005619,-0.05432195561808263,0.48371681961296314,-0.03075988571311362,-0.00029144629961797117,0.17511008928840055,-0.05727150221329351,0.0,-0.005107796165810035,False,0.0,0.0,0.10535342652219742,0.0,0.18380227246209999,0.18420760289697855,2.02,-1.82,0.737473985655382,0.0,0.5806881776814031,-0.0,
1791370224.117256,balance,-0.022860831351451574,-0.007305286793345141,-0.053338364680242376,-0.12301596820179515,-0.030768979628408768,-0.00029144629961797117,0.1750334401578355,-0.012792257879350752,0.0,-0.005330048952456814,False,0.0,0.0,0.0,-0.09285714285714286,0.18380227246209999,0.18400495692938382,2.0,-1.78,0.0,-0.65,0.0,0.5118110236220472,
1791370224.1272466,balance,-0.026730047500613488,-0.00739149523657779,-0.057226975775363446,-0.5924663339076891,-0.03078837457436793,-0.00029144629961797117,0.1748799829475204,-0.024199563024042484,0.0,-0.005510446486916447,False,0.0,0.0,-0.14158999005615747,-0.16883973511447392,0.18359956601444283,0.18380225539794318,2.11,-2.14,-0.9911299303931023,-1.1818781458013174,-0.7804172680260648,0.9306127132293838,
1791370224.1372728,balance,-0.030929554059393044,-0.008734680705764495,-0.061436784543856565,-0.18780250503198198,-0.03079867678408149,-0.00029144629961797117,0.1748031748581669,-0.047957888813618704,0.0,-0.00591791499439464,False,0.0,0.0,-0.15188414771758726,-0.16107813054944928,0.18359956601444283,0.1835995489363716,2.17,-2.21,-1.063189034023111,-1.127546913846145,-0.8371567197032369,0.8878322156268857,
1791370224.1473017,balance,-0.028937714865338214,-0.008847449504025707,-0.059444945349801735,0.5290592471072841,-0.03079867678408149,-0.00029144629961797117,0.1748031748581669,-0.1025005416085843,0.0,-0.006773833457027081,False,0.0,0.0,-0.09285714285714286,-0.09285714285714286,0.18359956601444283,0.1835995489363716,2.15,-2.12,-0.65,-0.65,-0.5118110236220472,0.5118110236220472,
1791370224.1572018,balance,-0.018492634799153713,-0.008516286065947742,-0.048989563073903675,1.4529563816774267,-0.03078837457436793,-0.00029144629961797117,0.1748799829475204,-0.14441509546292422,0.0,-0.008124445233161026,False,0.0,0.0,0.13634488349784082,0.10774278573686959,0.18359956601444283,0.18380225539794318,2.09,-1.93,0.9544141844848858,0.7541995001580871,0.7515072318778628,-0.5938578741402261,
1791370224.1672204,balance,-0.0009284614009681253,-0.007655777934976871,-0.03139690081446378,1.8799379116048323,-0.03075988571311362,-0.00029144629961797117,0.17511008928840055,-0.1123915488460066,0.0,-0.009396081588284264,False,0.0,0.0,0.2629962083751858,0.2526890101983528,0.18380227246209999,0.18420760289697855,2.02,-1.6500000000000001,1.8409734586263005,1.7688230713884698,1.4495854004931499,-1.392774071959425,
1791370224.1772933,balance,0.014113392476221362,-0.007325075757568217,-0.016364140852569438,0.9817766789268414,-0.030768979628408768,-0.00029144629961797117,0.1750334401578355,-0.016479236303754294,0.0,-0.009851366253971348,False,0.0,0.0,0.2538264488864591,0.21765059873984222,0.18380227246209999,0.18400495692938382,2.05,-1.84,1.7767851422052137,1.5235541911788955,1.3990434190592234,-1.1996489694322012,
1791370224.1872163,balance,0.01884488690647561,-0.007689087564968481,-0.011614466549413614,0.3072103616351438,-0.030750799755507197,-0.00029144629961797117,0.17518673843343444,0.14944316147227338,0.0,-0.008882423149289505,False,0.0,0.0,0.15876176572759623,0.11641040116725378,0.1840049739935406,0.18420760289697855,1.6500000000000001,-1.59,1.1113323600931737,0.8148728081707765,0.875064850467066,-0.6416321324179342,
1791370224.1972268,balance,0.018681372209124695,-0.007390170612575946,-0.01177798124676453,-0.5934650057058236,-0.030750799755507197,-0.00029144629961797117,0.17518673843343444,0.34509986991745856,0.0,-0.0059002001198145936,False,0.0,0.0,0.09285714285714286,0.0,0.1840049739935406,0.18420760289697855,2.16,-1.87,0.65,0.0,0.5118110236220472,-0.0,
1791370224.2072237,balance,0.0075141112711870585,-0.008218388559588044,-0.02299314348853492,-1.3131212986765513,-0.03079870105933995,-0.00029144629961797117,0.17480317159768466,0.4700520743636328,0.0,-0.0014575005083404273,False,0.0,0.0,-0.09847907594197172,-0.09500173649985855,0.18339669919636176,0.18380225539794318,2.38,-2.17,-0.6893535315938021,-0.6650121554990098,-0.5427980563730725,0.5236316185031573,
1791370224.2172422,balance,-0.010295878305545769,-0.010071759290429303,-0.04089765808493205,-2.3232300101813474,-0.030893226079004254,-0.00029144629961797117,0.17411183473129244,0.4403839965113131,0.0,0.0031471800146549867,False,0.0,0.0,-0.3194863506399743,-0.30265000804868675,0.18258493369347872,0.18278790339163284,2.7600000000000002,-2.96,-2.2364044544798203,-2.118550056340807,-1.760948389354189,1.6681496506620528,
1791370224.22724,balance,-0.03246994572341915,-0.01144923965028364,-0.06307172560601526,-1.773553650559323,-0.030893226182214076,-0.00029144629961797117,0.17411183472795644,0.2894551551248867,0.0,0.006495637064232739,False,0.0,0.0,-0.40807116116361913,-0.3524424257516194,0.18278792047945228,0.18258491659850523,2.68,-2.7,-2.856498128145334,-2.467096980261336,-2.2492111245238853,1.9425960474498707,
1791370224.2372532,balance,-0.04418729760211311,-0.012178403842399231,-0.07476706829599444,-0.6011569529488575,-0.030871216993499304,-0.00029144629961797117,0.17426549593277932,0.08858013096526711,0.0,0.007938815270941374,False,0.0,0.0,-0.32193541788843083,-0.24327451662806826,0.18278792047945228,0.1829908860068136,2.65,-2.14,-2.253547925219016,-1.7029216163964778,-1.7744471852118235,1.3408831625169115,
1791370224.2472398,balance,-0.04169537824440792,-0.01226751237482733,-0.07222331322376663,0.7969514736937373,-0.030819381278976682,-0.00029144629961797117,0.174649548954008,-0.14994717006867528,0.0,0.007079936260036627,False,0.0,0.0,-0.10734047920899804,0.0,0.18299090309463303,0.18380225539794318,2.37,-1.62,-0.7513833544629863,0.0,-0.5916404365850286,-0.0,
1791370224.2572432,balance,-0.026216576481637024,-0.012216149081263214,-0.05667592993752625,2.180717098740517,-0.030750799755507197,-0.00029144629961797117,0.17518673843343444,-0.31735035656676697,0.0,0.004245307496255225,False,0.0,0.0,0.1978336233655482,0.2189218802456518,0.1840049739935406,0.18420760289697855,1.58,-1.48,1.3848353635588373,1.5324531617195625,1.0904215461093207,-1.206656032850049,
1791370224.2673092,balance,-0.0012949461413783762,-0.012484268078470551,-0.03170018501639554,2.5433133885020762,-0.030696685174635138,-0.00029144629961797117,0.17564673967261,-0.33501469432968944,0.0,0.0008209170897376292,False,0.0,0.0,0.33805361445314236,0.3517580766973876,0.18501771391452992,0.18441018862485245,1.06,-1.41,2.3663753011719963,2.462306536881713,1.8632876387181074,-1.9388240447887506,
1791370224.2772853,balance,0.02255800941313718,-0.011560686148922911,-0.007794085978430189,2.089164486132924,-0.03064354169118534,-0.00029144629961797117,0.17610705337522042,-0.2587489843446388,0.0,-0.0017665727537087587,False,0.0,0.0,0.3758513596332388,0.38662519307937954,0.18562480481305557,0.18501769687065542,0.89,-0.91,2.6309595174326716,2.7063763515556567,2.07162166726982,-2.1310050012249264,
1791370224.28725,balance,0.03608352674301191,-0.011249648610252861,0.005740185902075844,0.9405071526057159,-0.030634787140554034,-0.00029144629961797117,0.17618380669129718,-0.11041292581517279,0.0,-0.0028707020118604867,False,0.0,0.0,0.2825381120885724,0.25135318001651574,0.18542246149501598,0.18542244446089073,0.92,-0.79,1.9777667846200067,1.75947226011561,1.5572966808031548,-1.3854112284374882,
1791370224.297233,balance,0.04348638145815812,-0.013440417923234624,0.013134286066590747,0.3151454190515351,-0.030643541691185345,-0.00029144629961797117,0.1761070533752204,0.18464484296789563,0.0,-0.0024995424260968726,False,0.0,0.0,0.20149391849157422,0.17580664368272172,0.18522011670160538,0.18542244446089073,1.33,-1.01,1.4104574294410195,1.230646505779052,1.110596401134661,-0.9690129966764189,
1791370224.3072245,balance,0.04020065835956655,-0.011449987005717472,0.009795649545420648,-0.546339787328452,-0.030696455113763874,-0.00029144629961797117,0.17564663567486105,0.6005887988142175,0.458343761979902,0.0007112251841715772,False,0.0,0.0,0.0,-0.09285714285714286,0.1846127914071344,0.18481523626813487,1.56,-1.6,0.0,-0.65,0.0,0.5118110236220472,
1791370224.3172455,balance,0.03211883027437005,-0.01046870374618649,0.0016219019996200912,-1.4965966561287132,-0.03078837457436793,-0.00029144629961797117,0.1748799829475204,0.7801888819041046,0.7161475600927734,0.0003202066090566563,False,0.0,0.0,-0.10764374365473192,-0.21576519723386944,0.18359956601444283,0.18380225539794318,2.52,-2.86,-0.7535062055831234,-1.510356380637086,-0.5933119729000972,1.1892569926276269,
1791370224.3272493,balance,0.0111405870197482,-0.013064746340037119,-0.019484467926734812,-2.1433927237333936,-0.030916501246100982,-0.00029144629961797117,0.17395813398781085,0.7393641117157879,0.0,0.00792676891845138,False,0.0,0.0,-0.24959214162220747,-0.2611483376138148,0.18258493369347872,0.18238184900170476,2.81,-3.3200000000000003,-1.7471449913554522,-1.8280383632967034,-1.3757047176027182,1.4394002860603965,
1791370224.337271,balance,-0.011918155696511857,-0.012289746076000124,-0.042601641303081826,-2.5267686808068435,-0.030974931906187938,-0.00029144629961797117,0.17357388053281128,0.5143829523753646,0.0,0.013793849816120422,False,0.0,0.0,-0.35546874580361904,-0.4007947407735281,0.18217879849987784,0.1817724031114216,3.0300000000000002,-3.5,-2.4882812206253333,-2.8055631854146967,-1.9592765516734907,2.209104870405273,
1791370224.347218,balance,-0.03163620654284025,-0.012563572359961339,-0.062309170591289514,-1.0522791955220687,-0.03096441034806724,-0.00029144629961797117,0.17365061147264801,0.17978714255736664,0.0,0.016493608823678344,False,0.0,0.0,-0.3203132501345868,-0.3514704360549228,0.18258493369347872,0.18156917099526568,2.63,-3.21,-2.2421927509421073,-2.4602930523844595,-1.7655061031040216,1.9372386239247712,
1791370224.357231,balance,-0.028804415249968972,-0.011980463457929868,-0.059406195029355256,1.1836774500921843,-0.030893226079004254,-0.00029144629961797117,0.17411183473129244,-0.1299778935816976,0.0,0.015990570938545355,False,0.0,0.0,0.0,0.0,0.18258493369347872,0.18278790339163284,3.0500000000000003,-2.12,0.0,0.0,0.0,-0.0,
1791370224.3672442,balance,-0.010510190891694854,-0.011143334034142785,-0.04103933506185113,2.3239357079499827,-0.03082059046977425,-0.00029144629961797117,0.17464938669395252,-0.33150801243608147,0.0,0.013032161364218066,False,0.0,0.0,0.21893267668263613,0.21366037404384958,0.18278792047945228,0.18400495692938382,2.18,-1.3900000000000001,1.532528736778453,1.495622618306947,1.2067155407704355,-1.1776556049661,
1791370224.3772807,balance,0.018950040311777074,-0.012060509894951351,-0.011464006934317305,3.199657021875019,-0.03070549354571235,-0.00029144629961797117,0.17556998644341906,-0.34027637485327605,0.0,0.009603558639653844,False,0.0,0.0,0.5046501732882452,0.4427198451376136,0.18441020567926045,0.18481523626813487,0.9500000000000001,-1.08,3.5325512130177166,3.099038915963295,2.7815363882029263,-2.4401881228057443,
1791370224.3872175,balance,0.04515138546049059,-0.011888807294620172,0.014790527883916089,2.0967393382710457,-0.030652303876192475,-0.00029144629961797117,0.1760303000726526,-0.15497612400144015,0.0,0.007515960161572261,False,0.0,0.0,0.4948776302985956,0.4591138282954924,0.18542246149501598,0.18501769687065542,0.92,-1.04,3.464143412090169,3.2137967980684468,2.7276719780237553,-2.530548659896415,
1791370224.3972437,balance,0.06057465079145606,-0.009563389133631781,0.030222555399888686,1.0943086660990984,-0.030643541691185345,-0.00029144629961797117,0.1761070533752204,0.2718981866749747,0.0,0.009073245244972746,False,0.0,0.0,0.4103968259908191,0.38794588563477755,0.18522011670160538,0.18542244446089073,1.04,-0.7000000000000001,2.8727777819357336,2.7156211994434427,2.262029749555696,-2.1382844090105846,
1791370224.4072134,balance,0.06913825636796525,-0.008717257532381553,0.038819514200045535,0.7035651358671479,-0.030610188467537682,-0.00029144629961797117,0.17641389429923254,0.2718981866749747,0.21494575816774047,0.000284762142536171,False,0.0,0.0,0.3101431132937829,0.29147139247409415,0.18542246149501598,0.18602914683040456,0.98,-0.52,2.1710017930564804,2.040299747318659,1.7094502307531343,-1.6065352341091803,
1791370224.4172332,balance,0.07082587015364118,-0.008526984387884408,0.040456242747694424,-0.27476732969617,-0.030661073705564725,-0.00029144629961797117,0.17595354678361153,0.6758556062392238,0.4948653326448272,0.0009049513679719832,False,0.0,0.0,0.15150810272292536,0.12417327222211774,0.18501771391452992,0.18522009966748007,1.52,-1.4000000000000001,1.0605567190604774,0.8692129055548242,0.8350840307562815,-0.68441961067309,
1791370224.4272337,balance,0.06372813070803371,-0.005863877706026124,0.03327785526250126,-1.000615045619071,-0.03074172174515042,-0.00029144629961797117,0.17526338759291818,0.8765846470881044,0.6074038394062716,0.0013459040384091636,False,0.0,0.0,0.0,0.0,0.18420761995138657,0.18420760289697855,1.82,-2.29,0.0,0.0,0.0,-0.0,
1791370224.4372926,balance,0.05037740788388751,-0.006766469863504335,0.019828780590791198,-1.774954192549127,-0.030840073592714283,-0.00029144629961797117,0.1744959296454621,0.9088818650983378,0.0,0.005547665272285827,False,0.0,0.0,-0.09285714285714286,-0.12422391859112854,0.18319383237828069,0.18319381530020945,2.87,-2.97,-0.65,-0.8695674301378997,-0.5118110236220472,0.68469876388811,
1791370224.4472246,balance,0.02727546398623706,-0.008353419238863615,-0.0033963148011079093,-2.5633918061766336,-0.03096322508696294,-0.00029144629961797117,0.17365073117631877,0.7585097924384508,0.0,0.013624751336898052,False,0.0,0.0,-0.28079723924544897,-0.26252007868106525,0.18197564376362416,0.18217878140490432,3.25,-3.21,-1.9655806747181428,-1.8376405507674567,-1.547701318675703,1.4469610635964225,
1791370224.457233,balance,0.0028131172881165267,-0.008412305328898839,-0.027870368318453444,-2.2647437615216535,-0.03097493190618794,-0.00029144629961797117,0.17357388053281125,0.4957659932537546,0.0,0.019337244236045555,False,0.0,0.0,-0.3593738565408957,-0.3482455427461684,0.18197564376362416,0.18197562665552244,3.14,-3.17,-2.51561699578627,-2.437718799223179,-1.9808007840836772,1.919463621435574,
1791370224.467262,balance,-0.012193201337953784,-0.009651994691392716,-0.04284159754509542,-0.6440083472414712,-0.03093984250675961,-0.00029144629961797117,0.17380443253463543,0.20065706208716053,0.0,0.022085254756361892,False,0.0,0.0,-0.2556976626118136,-0.22870848479691655,0.18217879849987784,0.18238184900170476,2.82,-2.74,-1.7898836382826953,-1.6009593935784159,-1.4093571954981852,1.2605979476995401,
1791370224.4773393,balance,-0.006755837026338707,-0.00928381830596691,-0.03733560772022004,1.2535855619576146,-0.030871216993499304,-0.00029144629961797117,0.17426549593277932,-0.03463472143408718,0.0,0.02234688050382408,False,0.0,0.0,0.0,0.10417480251374645,0.18278792047945228,0.1829908860068136,2.6,-2.24,0.0,0.7292236175962251,0.0,-0.5741918248789174,
1791370224.4872134,balance,0.011167318121452725,-0.009098474139080812,-0.019329610254954704,2.304791961737342,-0.0307883746760254,-0.00029144629961797117,0.1748799829338602,-0.17668344889093227,0.0,0.02081526401026549,False,0.0,0.0,0.28130528820815903,0.3007160934772634,0.18380227246209999,0.1835995489363716,1.79,-1.59,1.9691370174571132,2.105012654340844,1.550501588548908,-1.6574902790085386,
1791370224.497226,balance,0.03714251062803491,-0.009809574708786852,0.0067284679595766535,2.4242417508953573,-0.03070548896807623,-0.00029144629961797117,0.1755699843749729,-0.13829193891238167,0.0,0.019221628822366603,False,0.0,0.0,0.4608060249552888,0.42986270823612377,0.1846127914071344,0.18461277435272638,1.33,-1.3,3.2256421746870214,3.009038957652866,2.5398757281000166,-2.3693220138998945,
1791370224.507218,balance,0.053988423503062606,-0.010148144086273332,0.023610018613371746,1.2406915923565098,-0.03066985118930883,-0.00029144629961797117,0.1758767935081148,0.07667656058621364,0.0,0.019237016940350165,False,0.0,0.0,0.4085628558113499,0.33739560563593657,0.18501771391452992,0.18501769687065542,1.04,-1.03,2.8599399906794494,2.361769239451556,2.2519212525035033,-1.8596608184657921,
1791370224.5171936,balance,0.06334426495524925,-0.011294780052252354,0.033000924114313185,0.6086368750720491,-0.030634787140554034,-0.00029144629961797117,0.17618380669129718,0.07667656058621364,0.0,0.0200037825462123,False,0.0,0.0,0.3036926993324232,0.24570195133995798,0.18542246149501598,0.18542244446089073,0.97,-0.88,2.1258488953269623,1.719913659379706,1.673896767973986,-1.3542627239210283,
1791370224.5272117,balance,0.06462645856658743,-0.009530158555107516,0.034274363175020056,-0.14917651793904058,-0.030643541691185345,-0.00029144629961797117,0.1761070533752204,0.5540617301642587,0.4373470858041819,0.0005835732218003841,False,0.0,0.0,0.15770323132447867,0.09285714285714286,0.18522011670160538,0.18542244446089073,1.22,-1.05,1.1039226192713507,0.65,0.8692304088750793,-0.5118110236220472,
1791370224.5372195,balance,0.060269702215279435,-0.008559003482878967,0.02986469340113353,-0.8086414362904497,-0.030696455113763874,-0.00029144629961797117,0.17564663567486105,0.8138868133316841,0.5862436698860531,0.0011382157172281548,False,0.0,0.0,0.0,0.0,0.1846127914071344,0.18481523626813487,1.78,-1.78,0.0,0.0,0.0,-0.0,
1791370224.5472274,balance,0.046898709963069024,-0.009894808790648916,0.016401781688319066,-1.6670360361241534,-0.03078837457436793,-0.00029144629961797117,0.1748799829475204,0.8862494031622794,0.8061169313601542,0.0004006623590106262,False,0.0,0.0,-0.22264801858815536,-0.20781636392637087,0.18359956601444283,0.18380225539794318,2.38,-2.38,-1.5585361301170875,-1.4547145474845962,-1.227193803241801,1.1454445255784222,
1791370224.5572665,balance,0.027371523811296452,-0.009095590666322853,-0.0032082468825848807,-2.286188017477723,-0.030871216993499304,-0.00029144629961797117,0.17426549593277932,0.7847831081583002,0.0,0.0086598530571999,False,0.0,0.0,-0.22867518531846345,-0.25450326293889486,0.18278792047945228,0.1829908860068136,2.74,-2.99,-1.6007262972292442,-1.781522840572264,-1.2604144072671215,1.4027738902143811,
1791370224.5672138,balance,0.001339012333075787,-0.010358257914214252,-0.02929773310556185,-2.5525501818272405,-0.030928191738255607,-0.00029144629961797117,0.17388128244189616,0.5064622350050415,0.0,0.014520930219373663,False,0.0,0.0,-0.3882441203874188,-0.3908036499588415,0.18278792047945228,0.18197562665552244,2.61,-3.58,-2.7177088427119314,-2.7356255497118904,-2.13992822260782,2.1540358659148744,
1791370224.5772543,balance,-0.015090485964574756,-0.012633572541523811,-0.045705137291175715,-0.8149728687474065,-0.030906097626218928,-0.00029144629961797117,0.17403494431693675,0.2074262811448792,0.0,0.017362999567301043,False,0.0,0.0,-0.2999413098870148,-0.24837396694174135,0.18299090309463303,0.18217878140490432,2.5500000000000003,-2.79,-2.0995891692091035,-1.7386177685921895,-1.6532198182748847,1.3689903689702279,
1791370224.5872138,balance,-0.012857052315604273,-0.012229138764720631,-0.04342643272851038,0.8913804726345936,-0.03086082671252408,-0.00029144629961797117,0.17434230715154347,-0.07397739158769272,0.0,0.017358764237627028,False,0.0,0.0,-0.09285714285714286,0.0,0.18299090309463303,0.1829908860068136,2.5,-2.18,-0.65,0.0,-0.5118110236220472,-0.0,
1791370224.5972173,balance,0.0022201132335000445,-0.013085535751068939,-0.028287117250963476,2.0182349554483183,-0.03079867678408149,-0.00029144629961797117,0.1748031748581669,-0.27266587498494826,0.0,0.015038090534276856,False,0.0,0.0,0.1918672216749447,0.21543133917234392,0.18359956601444283,0.1835995489363716,1.6500000000000001,-1.76,1.3430705517246129,1.5080193742064074,1.057535867499695,-1.1874168300837853,
1791370224.6072612,balance,0.026167339873427824,-0.014823506590864087,-0.004255753719325568,2.376623232444616,-0.030714539892371363,-0.00029144629961797117,0.1754933372350867,-0.311517946343829,0.0,0.011923867897814053,False,0.0,0.0,0.3493767994161896,0.38040350889505525,0.1848152533120094,0.18420760289697855,1.09,-1.5,2.445637595913327,2.6628245622653868,1.9256988944199427,-2.096712253752273,
1791370224.6172307,balance,0.04568689292159966,-0.013458515023358729,0.015299477604415355,1.5588984773444423,-0.030678861616802274,-0.00029144629961797117,0.17580014216603018,-0.14920634072818967,0.0,0.010052313037579403,False,0.0,0.0,0.33501014681325736,0.3563002157774559,0.18522011670160538,0.18461277435272638,1.01,-1.22,2.3450710276928017,2.4941015104421913,1.8465126202305526,-1.9638594570410954,
1791370224.627219,balance,0.05719206598808629,-0.01272069029386238,0.02682243858213953,0.8333242953424773,-0.030661073705564725,-0.00029144629961797117,0.17595354678361153,0.2459486753891668,0.0,0.011420270012716144,False,0.0,0.0,0.317066285311386,0.2906543706657372,0.18542246149501598,0.18481523626813487,0.87,-1.22,2.2194639971797017,2.0345805946601603,1.7476094465981902,-1.6020319642993388,
1791370224.6372538,balance,0.06158592345855657,-0.015478050276560597,0.031216296052609813,0.14298166736783458,-0.030661073705564725,-0.00029144629961797117,0.17595354678361153,0.5163662162380123,0.5151659974307232,6.001094036445221e-06,False,0.0,0.0,0.19224647907064402,0.17718634590522234,0.18542246149501598,0.18481523626813487,1.21,-1.47,1.3457253534945082,1.2403044213365564,1.0596262625941009,-0.9766176545957137,
1791370224.6472178,balance,0.05714071139090108,-0.01253675115797942,0.026690435945368633,-0.971696437673132,-0.030741721745150417,-0.00029144629961797117,0.1752633875929182,0.7443090677988194,0.5697970656938393,0.0008725600105249009,False,0.0,0.0,0.0,-0.09285714285714286,0.18441020567926045,0.18400495692938382,1.86,-2.32,0.0,-0.65,0.0,0.5118110236220472,
1791370224.6572795,balance,0.04511959594303663,-0.01065560889711217,0.01458133151291926,-1.447447185308091,-0.030829710729735345,-0.00029144629961797117,0.17457274092056696,0.8595656328652426,0.8217533055568068,0.00018906163654217877,False,0.0,0.0,-0.11134500152949922,-0.18282861343834234,0.18359956601444283,0.1829908860068136,2.39,-3.0700000000000003,-0.7794150107064945,-1.2798002940683963,-0.6137126068555075,1.0077167669829892,
1791370224.667248,balance,0.023457130485307294,-0.012561964126108589,-0.0072029518401401605,-2.6479282850910373,-0.030951528625065425,-0.00029144629961797117,0.17372758184360407,0.7581305323971683,0.0,0.008175478228275574,False,0.0,0.0,-0.29305167455230946,-0.30117648276815884,0.18238186609667828,0.18197562665552244,3.08,-3.5300000000000002,-2.0513617218661664,-2.108235379377112,-1.61524545028832,1.6600278577772536,
1791370224.6773841,balance,-0.0027431725981539403,-0.012377924439990032,-0.03343956172232704,-2.471579224469638,-0.03098783542379107,-0.00029144629961797117,0.17349691021426358,0.5023077313067864,0.0,0.013944533974797958,False,0.0,0.0,-0.394320387721932,-0.39936567691615255,0.18217879849987784,0.18156917099526568,2.91,-3.66,-2.760242714053524,-2.795559738413068,-2.1734194598846646,2.2012281404827307,
1791370224.6873229,balance,-0.0196977182045531,-0.012291504829529681,-0.05037068225300237,-0.7648927247041502,-0.03096441034806724,-0.00029144629961797117,0.17365061147264801,0.23290054280497388,0.0,0.016950072806720243,False,0.0,0.0,-0.2760889099167353,-0.2755782962630858,0.18258493369347872,0.18156917099526568,2.67,-3.15,-1.932622369417147,-1.9290480738416005,-1.521749897178856,1.5189354912138586,
1791370224.6972451,balance,-0.014367991087590643,-0.012170919286440802,-0.04499307104288798,1.4957875785763568,-0.03091652625491531,-0.00029144629961797117,0.17395813318027475,0.004469208240284731,0.0,0.01757517382082236,False,0.0,0.0,0.09285714285714286,0.09285714285714286,0.18278792047945228,0.18217878140490432,2.75,-2.79,0.65,0.65,0.5118110236220472,-0.5118110236220472,
1791370224.7072477,balance,0.009291205990257517,-0.011382926614236859,-0.021288564703623815,3.039321393149126,-0.030871216993499304,-0.00029144629961797117,0.17426549593277932,-0.12035253964477179,0.0,0.016575576969428008,False,0.0,0.0,0.37750835821217965,0.4412499521571002,0.18299090309463303,0.18278790339163284,2.34,-2.32,2.6425585074852576,3.0887496650997015,2.0807547303033522,-2.432086350472206,
1791370224.7172465,balance,0.04146549773029053,-0.010212902962806478,0.010958267245827014,3.0006171868583467,-0.03079867678408149,-0.00029144629961797117,0.1748031748581669,-0.0708202261225015,0.0,0.015608283797528011,False,0.0,0.0,0.5572333102213421,0.605549386818078,0.18359956601444283,0.1835995489363716,2.04,-1.86,3.900633171549395,4.238845707726546,3.0713647020073975,-3.337673785611454,
1791370224.7272234,balance,0.06301298860194189,-0.009567010547840336,0.03257178322993738,1.6244881243637097,-0.030732651671622476,-0.00029144629961797117,0.17534003676683277,0.18765021595195303,0.0,0.016594312422298124,False,0.0,0.0,0.4901720084175136,0.5154808756608044,0.18441020567926045,0.18420760289697855,1.33,-1.47,3.4312040589225954,3.6083661296256304,2.7017354794666106,-2.8412331729335674,
1791370224.7372432,balance,0.07831688508191559,-0.00954666882198732,0.04795602750534108,1.3297401943022351,-0.03065230387619248,-0.00029144629961797117,0.1760303000726526,0.5823061328528281,0.0,0.021412532464220018,False,0.0,0.0,0.4970904378076447,0.5186140584831034,0.18522011670160538,0.18522009966748007,1.19,-0.77,3.479633064653513,3.630298409381724,2.7398685548452857,-2.8585026845525383,
1791370224.7472353,balance,0.08424207558301962,-0.007825098636045476,0.05386367069332876,0.1936534789820004,-0.03066985118930883,-0.00029144629961797117,0.17587679350811483,0.8484406580229937,0.6202230680622559,0.001141087949803689,False,0.0,0.0,0.27706768486921657,0.2816110757068569,0.1848152533120094,0.18522009966748007,1.4000000000000001,-1.1,1.939473794084516,1.9712775299479983,1.5271447197515873,-1.5521870314551167,
1791370224.7572484,balance,0.0849462195305527,-0.007508079848607606,0.05451407630564993,-0.2680494228605406,-0.030723589524520742,-0.00029144629961797117,0.17541668595515936,0.9899998374944398,0.7402045969985115,0.0012489762024796413,False,0.0,0.0,0.15776885842015326,0.1699550034335314,0.18420761995138657,0.18461277435272638,2.23,-1.93,1.1043820089410727,1.1896850240347199,0.8695921330244667,-0.9367598614446613,
1791370224.7672346,balance,0.07414540637566366,-0.008321563887993428,0.04358640709232496,-1.4597522266851755,-0.03085044558295667,-0.00029144629961797117,0.17441911838911267,1.017060278676266,0.7761770369497141,0.0012044162086327593,False,0.0,0.0,-0.09285714285714286,0.0,0.18278792047945228,0.18339668211829052,2.86,-2.77,-0.65,0.0,-0.5118110236220472,-0.0,
1791370224.7772489,balance,0.056859827758158475,-0.007870782416441718,0.026176342151588504,-2.2968946384175846,-0.03097493190618794,-0.00029144629961797117,0.17357388053281125,0.9176285884558643,0.0,0.0047894023138546245,False,0.0,0.0,-0.21176468994675085,-0.18405144830854575,0.1817724202195233,0.18217878140490432,3.69,-3.87,-1.482352829627256,-1.2883601381598202,-1.1672069524624062,1.014456801700646,
1791370224.787307,balance,0.028229018665220366,-0.009414189560377617,-0.0025817822673514573,-2.868798710690461,-0.031102247232189795,-0.00029144629961797117,0.17280440341446435,0.6487087947077866,0.0,0.012042460638661366,False,0.0,0.0,-0.3953136458359966,-0.3608047134316576,0.18116249073988716,0.18075565688651182,3.85,-4.44,-2.7671955208519763,-2.525632994021603,-2.178894110907068,1.988687396867404,
1791370224.7971647,balance,0.005779421612100518,-0.010246685072565263,-0.025058277748744917,-1.5636256650422378,-0.031129145660463403,-0.00029144629961797117,0.1726505242007116,0.3459887943281871,0.0,0.016275970284465202,False,0.0,0.0,-0.33964968413716756,-0.32266882765347915,0.18095909832971635,0.18055221804917715,3.69,-4.08,-2.377547788960173,-2.258681793574354,-1.8720848731969866,1.7784896012396487,
1791370224.8072104,balance,0.004535872283776086,-0.010411355913434825,-0.026196944462536027,1.0562085331584257,-0.031024263045930082,-0.00029144629961797117,0.17326623638077399,0.15452148994514198,0.0,0.018260369712279595,False,0.0,0.0,0.0,0.0,0.1817724202195233,0.1813658223082581,2.98,-3.06,0.0,0.0,0.0,-0.0,
1791370224.8172474,balance,0.022473256391587777,-0.011717892116681764,-0.008151823563709562,2.1611116018104246,-0.03091652625491531,-0.00029144629961797117,0.17395813318027475,0.057945356233053816,0.0,0.019019348687459445,False,0.0,0.0,0.31977981803433464,0.3232257347945464,0.18278792047945228,0.18217878140490432,2.22,-2.49,2.2384587262403426,2.262580143561825,1.762565926173498,-1.7815591681589171,
1791370224.827247,balance,0.0441798480148928,-0.012235446080298886,0.013651912933740082,1.92678274691332,-0.030819381380770693,-0.00029144629961797117,0.17464954894034834,0.07844533927263295,0.0,0.019653768781138694,False,0.0,0.0,0.40943173696213375,0.44721566965229315,0.18380227246209999,0.1829908860068136,1.92,-2.09,2.8660221587349364,3.130509687566052,2.2567103612086115,-2.4649682579260253,
1791370224.8372447,balance,0.05695474773783494,-0.012127447293690405,0.02645781936142751,0.7727512043922464,-0.0307883746760254,-0.00029144629961797117,0.1748799829338602,0.23316844187985247,0.0,0.021454709696988587,False,0.0,0.0,0.28667883266839095,0.3798411766584191,0.18380227246209999,0.1835995489363716,1.97,-1.8,2.0067518286787367,2.6588882366089335,1.5801195501407375,-2.0936127847314436,
1791370224.8472326,balance,0.06056942037932316,-0.011527156604050593,0.03009188705053237,0.03462250601199084,-0.03076897962840876,-0.00029144629961797117,0.17503344015783548,0.5068862879227957,0.0,0.02577302706996089,False,0.0,0.0,0.19692893787406723,0.27227277077841383,0.1840049739935406,0.18380225539794318,1.8,-2.16,1.3785025651184706,1.9059093954488968,1.085435090644465,-1.5007160594085802,
1791370224.8572392,balance,0.05451885364610999,-0.012962664988303532,0.024010390675760582,-1.0441134918910093,-0.03079990926996738,-0.00029144629961797117,0.17480300931960174,0.7410174338135106,0.5866843361956391,0.0007716654880893575,False,0.0,0.0,-0.10156014037444855,0.0,0.1840049739935406,0.18319381530020945,1.8900000000000001,-2.69,-0.7109209826211398,0.0,-0.559780301276488,-0.0,
1791370224.8672283,balance,0.04098568145836125,-0.012381760153590498,0.010425483175994567,-1.8517229487781361,-0.030851644581984652,-0.00029144629961797117,0.1744190795566076,0.8363382499189812,0.7736616458706904,0.00031338302024145394,False,0.0,0.0,-0.24842968045638386,-0.18847141371035525,0.18359956601444283,0.18258491659850523,2.37,-3.31,-1.739007763194687,-1.3192998959724869,-1.3692974513343992,1.0388188157263676,
1791370224.8772762,balance,0.01616867093423336,-0.012377306818187378,-0.01448216268902557,-2.8136827049070385,-0.030942279922876903,-0.00029144629961797117,0.17380427240107743,0.7077362384424637,0.0,0.007873169513964993,False,0.0,0.0,-0.37135120707220404,-0.350560117922501,0.18299090309463303,0.18156917099526568,2.65,-3.7,-2.5994584495054283,-2.4539208254575073,-2.0468176767759276,1.9322211224074861,
1791370224.8872292,balance,-0.010565863229500476,-0.013929993715616497,-0.04124006169179316,-2.334596427622604,-0.030965644761910653,-0.00029144629961797117,0.1736504885281945,0.41541016456461805,0.0,0.012869823618138453,False,0.0,0.0,-0.4309080113816822,-0.42079226502383804,0.18278792047945228,0.1813658223082581,2.59,-3.5500000000000003,-3.0163560796717754,-2.9455458551668663,-2.3750835273006103,2.3193274450132804,
1791370224.8972611,balance,-0.02178078990838502,-0.015517047914476893,-0.05239789434087044,0.046827645514394216,-0.030908550732103395,-0.00029144629961797117,0.17403486506698518,0.1254388024969054,0.0,0.014840205702985079,False,0.0,0.0,-0.20910651231705843,-0.18032110282774938,0.18339669919636176,0.1817724031114216,2.15,-3.18,-1.463745586219409,-1.2622477197942457,-1.1525555797003222,0.9938958423576737,
1791370224.9072168,balance,-0.011523548357231078,-0.016492141817500524,-0.0421406527897165,1.5181735995715107,-0.030908550732103395,-0.00029144629961797117,0.17403486506698518,-0.10810002328934032,0.0,0.014329737694777302,False,0.0,0.0,0.0,0.13667525435342517,0.18339669919636176,0.1817724031114216,2.36,-3.3000000000000003,0.0,0.9567267804739762,0.0,-0.753328173601556,
1791370224.9172223,balance,0.011321435820541112,-0.01714775622701008,-0.019250368502480512,2.8544580823665755,-0.030863250622639594,-0.00029144629961797117,0.17434222868669497,-0.16852650294409446,0.0,0.012655996459774183,False,0.0,0.0,0.3515160811137254,0.4250321797339106,0.18359956601444283,0.18238184900170476,2.18,-2.49,2.460612567796078,2.975225258137374,1.9374902108630534,-2.3426970536514755,
1791370224.9272206,balance,0.03835806591841177,-0.0176227687843136,0.007819777078573667,2.2900022328073044,-0.030829735139456072,-0.00029144629961797117,0.17457273764655692,-0.07474748449119611,0.0,0.011562337230614362,False,0.0,0.0,0.48413728138056167,0.4800915984130982,0.18380227246209999,0.18278790339163284,1.8800000000000001,-2.5500000000000003,3.388960969663932,3.3606411888916874,2.6684732044597888,-2.6461741644816437,
1791370224.937235,balance,0.05678763661565414,-0.017998446890818746,0.026305296938007962,1.6051024418052797,-0.03077378597726415,-0.00029144629961797117,0.1750327964144091,0.21148163014926685,0.0,0.012784551868224239,False,0.0,0.0,0.5047785794004656,0.4116489441267888,0.1848152533120094,0.1829908860068136,1.26,-2.45,3.533450055803259,2.881542608887522,2.782244138427763,-2.2689311881004106,
1791370224.9472747,balance,0.06587641147245074,-0.01864171135765928,0.03541323075478017,0.3894026317236977,-0.03075462701728854,-0.00029144629961797117,0.17518636093982742,0.5654943486363223,0.0,0.017543709881745678,False,0.0,0.0,0.3910152829852899,0.3036587368367382,0.18501771391452992,0.18319381530020945,1.35,-2.3000000000000003,2.7371069808970296,2.1256111578571675,2.1552023471630153,-1.67370957311588,
1791370224.9572625,balance,0.06767702938771296,-0.015084128975049257,0.03719710731550707,-0.054420557706647374,-0.030771368371823853,-0.00029144629961797117,0.17503311887728915,0.817361267603709,0.6957792060528721,0.0006079103077541843,False,0.0,0.0,0.22833069847180942,0.10382423644038809,0.18441020567926045,0.18339668211829052,1.98,-2.36,1.598314889302666,0.7267696550827166,1.2585156608682408,-0.5722595709312729,
1791370224.9672456,balance,0.05775970358121766,-0.015336782330191933,0.027155471681924937,-1.6450408616177992,-0.030895678198910693,-0.00029144629961797117,0.17411175547250946,0.9056620578191173,0.6760686528139023,0.0011479670250260754,False,0.0,0.0,-0.09285714285714286,-0.12006966137787531,0.18319383237828069,0.18217878140490432,2.57,-3.6,-0.65,-0.8404876296451271,-0.5118110236220472,0.6618012831851394,
1791370224.9772575,balance,0.0390163001161215,-0.015887934833196712,0.008305760895192362,-2.211252658558772,-0.031001985520547108,-0.00029144629961797117,0.17341981536157766,0.8728326343935763,0.0,0.00534976158954498,False,0.0,0.0,-0.16276555028911743,-0.28039544033666985,0.18238186609667828,0.18116247362125046,3.27,-4.24,-1.139358852023822,-1.962768082356689,-0.8971329543494662,1.545486679021015,
1791370224.9872317,balance,0.009619006030165805,-0.015081117345322916,-0.021250527990580838,-3.1144543320800193,-0.03116098032036461,-0.00029144629961797117,0.17249674918302138,0.6425415132126538,0.0,0.012467378702398373,False,0.0,0.0,-0.3701434685563221,-0.48985418284058846,0.1815691881139024,0.17953405578606485,3.3200000000000003,-5.19,-2.5910042798942543,-3.4289792798841194,-2.0401608503104365,2.6999836849481254,
1791370224.9972947,balance,-0.014237100916504384,-0.01701933682856681,-0.045078102073841476,-1.6437473452686362,-0.03113244745695506,-0.00029144629961797117,0.1726507899097742,0.32986878616677945,0.0,0.01664226506397318,False,0.0,0.0,-0.3513056060955373,-0.41189240910456726,0.1817724202195233,0.1797377387490826,3.3200000000000003,-4.28,-2.459139242668761,-2.883246863731971,-1.936330112337607,2.270273121048796,
1791370225.007215,balance,-0.018367245303836897,-0.017157933703960213,-0.049088312583348316,0.547408610505561,-0.03101251357912939,-0.00029144629961797117,0.17334308692396846,-0.0014065448294179124,0.0,0.017498985164245313,False,0.0,0.0,-0.12106143856562729,-0.10305995445270912,0.18197564376362416,0.1813658223082581,3.0300000000000002,-2.77,-0.8474300699593911,-0.7214196811689638,-0.6672677716215678,0.5680469930464283,
1791370225.017236,balance,-0.00567486435845968,-0.016108618069488972,-0.03626623508895695,1.915760114127096,-0.030882817030115233,-0.00029144629961797117,0.17418864590685898,-0.2658104241848404,0.0,0.015413941675635631,False,0.0,0.0,0.18350561404745389,0.1714483810110498,0.18299090309463303,0.18258491659850523,2.0300000000000002,-2.24,1.2845392983321773,1.2001386670773486,1.011448266403289,-0.9449910764388572,
1791370225.0272336,balance,0.024675507569790922,-0.01637107605150232,-0.005777388556408177,3.8022982858637833,-0.03074434242581707,-0.00029144629961797117,0.17526317236912642,-0.316812993290452,0.0,0.012293058276594788,False,0.0,0.0,0.5464794905130395,0.5121713277173248,0.18501771391452992,0.18339668211829052,0.81,-1.99,3.825356433591276,3.5851992940212734,3.0120916799931305,-2.822991570095491,
1791370225.0372596,balance,0.0598890854815768,-0.01696752288020388,0.029483156483677393,3.1282360054566425,-0.030697375297517378,-0.00029144629961797117,0.17564705163965014,-0.16045482445776854,0.0,0.010127806954353917,False,0.0,0.0,0.6171362546245748,0.6757332997777533,0.18562480481305557,0.18380225539794318,0.98,-1.6,4.319953782372023,4.7301330984442735,3.4015384113165537,-3.7245142507435225,
1791370225.0472605,balance,0.08445139554526436,-0.013415428373073152,0.054054957365968416,2.1223392064662385,-0.030687884478913914,-0.00029144629961797117,0.1757234929066629,0.21663239505249687,0.0,0.01118684202071443,False,0.0,0.0,0.5711198692866386,0.648786942816056,0.18522011670160538,0.18441018862485245,0.9400000000000001,-1.2,3.9978390850064702,4.541508599712392,3.1479047913436773,-3.5759910233955843,
1791370225.0572557,balance,0.10682101425494635,-0.013180925067875387,0.07647767341401028,2.0162888186595773,-0.030634787140554034,-0.00029144629961797117,0.17618380669129718,0.653993343766962,0.6026463401375811,0.0002567350181469047,False,0.0,0.0,0.5914121569314484,0.6391787467881902,0.18562480481305557,0.18522009966748007,1.01,-0.98,4.139885098520139,4.474251227517332,3.25975204607885,-3.5230324626120724,
1791370225.0672452,balance,0.12176247430759185,-0.015770764889769293,0.09136626607453092,1.3164849969252856,-0.0306876545326789,-0.00029144629961797117,0.17572338891802372,0.9261220586471547,0.6196793424302313,0.0015322135810846172,False,0.0,0.0,0.47831486139107243,0.5621007675511883,0.18501771391452992,0.18461277435272638,1.4000000000000001,-1.73,3.348204029737507,3.934705372858318,2.6363811257775644,-3.0981932069750537,
1791370225.0772774,balance,0.13039239906885824,-0.010012832918476116,0.09989426312373793,0.28503387364327365,-0.03078958224473828,-0.00029144629961797117,0.1748798206672565,1.0477396765101394,0.7808810488895617,0.0013342931381028888,False,0.0,0.0,0.3618019135849251,0.3863856031465356,0.1840049739935406,0.18339668211829052,2.16,-3.14,2.532613395094476,2.704699222025749,1.9941837756649416,-2.1296844267919286,
1791370225.0872123,balance,0.1308506301299517,-0.008505407779827034,0.10019979650669278,-0.22252976122108878,-0.030942279922876903,-0.00029144629961797117,0.17380427240107743,1.0853952530230004,0.8709668987974308,0.001072141771127848,False,0.0,0.0,0.22540450456167013,0.23950083208769052,0.18299090309463303,0.18156917099526568,2.9,-4.26,1.577831531931691,1.6765058246138336,1.2423870330170794,-1.3200833264675855,
1791370225.09726,balance,0.1188874194113084,-0.012667063498788815,0.08802193703934712,-1.8638856499669554,-0.031156928671579254,-0.00029144629961797117,0.17249671350328755,1.0531403188542665,0.8024580762119352,0.0012534112132116565,False,0.0,0.0,-0.09285714285714286,0.0,0.18095909832971635,0.18014503880623534,4.28,-4.82,-0.65,0.0,-0.5118110236220472,-0.0,
1791370225.107243,balance,0.09906706375528944,-0.009824991481645558,0.06807518427601789,-2.267517710034801,-0.03128332577888953,-0.00029144629961797117,0.17180433319319421,0.9720647089966663,0.0,0.005777075542859792,False,0.0,0.0,-0.17333086265399278,-0.12218502969079119,0.1797377558943685,0.17953405578606485,4.95,-5.0600000000000005,-1.2133160385779496,-0.8552952078355384,-0.9553669595101965,0.6734607935712901,
1791370225.117252,balance,0.06762303036594902,-0.00896108777343818,0.03640360947918485,-3.4330099431959225,-0.031510867186382144,-0.00029144629961797117,0.17072504808367525,0.7213754500924267,0.0,0.013708271320637306,False,0.0,0.0,-0.4110793227951551,-0.3661376879164156,0.17810672918053205,0.17831070318671768,5.72,-5.7,-2.8775552595660856,-2.5629638154149093,-2.2657915429654216,2.0180817444211883,
1791370225.1272404,balance,0.042640619306643895,-0.011358239583655354,0.011503103614519805,-1.503110423095949,-0.03142896199174206,-0.00029144629961797117,0.17111051814835046,0.4698999438473542,0.0,0.019052932686197187,False,0.0,0.0,-0.3033200441505828,-0.25671438781271166,0.17810672918053205,0.17933022523013067,5.33,-4.38,-2.1232403090540792,-1.7970007146889817,-1.6718427630347081,1.4149611926684895,
1791370225.1372411,balance,0.04150750861977548,-0.012997515309696402,0.010601096471901562,1.0841429500107933,-0.03119785844749189,-0.00029144629961797117,0.17226592930450355,0.3068764339789171,0.0,0.02247248978189688,False,0.0,0.0,0.09285714285714286,0.1382839545251224,0.1801450559451548,0.18034862842770624,3.58,-3.54,0.65,0.9679876816758568,0.5118110236220472,-0.7621950249416195,
1791370225.1472547,balance,0.06254992261660869,-0.012939341420750625,0.03186525121608077,2.5093030313844897,-0.03097611770014589,-0.00029144629961797117,0.17357376083155007,0.2590691907376007,0.0,0.025134751913209057,False,0.0,0.0,0.4713283643041588,0.5060479759480491,0.18238186609667828,0.18156917099526568,2.67,-2.92,3.2992985501291114,3.5423358316363434,2.5978728741174106,-2.7892408123120815,
1791370225.1572669,balance,0.08320653534187626,-0.011270478030073652,0.052657908048779956,1.470221250878171,-0.03084007359271428,-0.00029144629961797117,0.17449592964546212,0.32783797465326614,0.0,0.028116725737776623,False,0.0,0.0,0.4847092426050243,0.5383008466819821,0.18359956601444283,0.18278790339163284,2.05,-2.39,3.39296469823517,3.768105926773875,2.6716257466418663,-2.9670125407668304,
1791370225.1672542,balance,0.09143975320719001,-0.012350278278184641,0.06100760998228724,0.7387112632610683,-0.03072358952452074,-0.00029144629961797117,0.17541668595515933,0.4206464612063477,0.0,0.0323231903498401,False,0.0,0.0,0.36340423799480664,0.43068597825968274,0.1846127914071344,0.18420760289697855,0.96,-0.88,2.5438296659636466,3.0148018478177794,2.0030154850107453,-2.3738597226911646,
1791370225.177264,balance,0.09814992089029213,-0.014523834182729988,0.0678327658377626,0.28423285755474226,-0.030608601352147508,-0.00029144629961797117,0.17641406329631326,0.4206464612063477,0.3590770354542371,0.00030784712876055304,False,0.0,0.0,0.22060057487214021,0.29956485649590264,0.18562480481305557,0.18582696731162412,0.59,-0.16,1.5442040241049815,2.0969539954713183,1.2159086803976231,-1.6511448783238727,
1791370225.1872342,balance,0.09752404206775518,-0.012953309580585997,0.06722270970318735,-0.27187765176104584,-0.030592778664185805,-0.00029144629961797117,0.17656739760913567,0.4206464612063477,0.2894717013551343,0.000655873799256067,False,0.0,0.0,0.10040416513001323,0.1641362137162578,0.18582698433183598,0.18602914683040456,0.77,-0.71,0.7028291559100925,1.1489534960138046,0.5534087841811752,-0.904687792136854,
1791370225.1972573,balance,0.09194727408326266,-0.011963809363337718,0.0615776466773159,-0.9195535017621157,-0.030661073705564725,-0.00029144629961797117,0.1759535467836115,0.7516655471181231,0.4975794915769314,0.0012704302777059584,False,0.0,0.0,0.0,0.0,0.18522011670160538,0.18501769687065542,1.23,-1.82,0.0,0.0,0.0,-0.0,
1791370225.2072644,balance,0.08079951491739429,-0.014239904306081476,0.05036737169249152,-1.1554146817041953,-0.03072358952452074,-0.00029144629961797117,0.17541668595515933,0.8950844819412795,0.7598100295402594,0.0006763722620051005,False,0.0,0.0,-0.1155217199514926,0.0,0.1846127914071344,0.18420760289697855,1.79,-2.15,-0.8086520396604482,0.0,-0.6367338894964159,-0.0,
1791370225.2172346,balance,0.06377073877527521,-0.012913363436125548,0.0332221114821789,-2.132123254667572,-0.030840073592714283,-0.00029144629961797117,0.1744959296454621,0.8407095130030688,0.0,0.00931559269337954,False,0.0,0.0,-0.1740928134471669,-0.12321341970358536,0.18319383237828069,0.18319381530020945,2.5,-2.82,-1.2186496941301683,-0.8624939379250975,-0.9595666882914711,0.6791290849803917,
1791370225.22726,balance,0.044351146186476544,-0.012505525489312637,0.013737721411980016,-1.6900443681496267,-0.0309048710741145,-0.00029144629961797117,0.17403498394230527,0.6975201964495908,0.0,0.01672146194720649,False,0.0,0.0,-0.17636359980127275,-0.15333101948171565,0.18278792047945228,0.18238184900170476,2.93,-3.2800000000000002,-1.2345451986089093,-1.0733171363720095,-0.9720828335503223,0.8451316034425271,
1791370225.2372227,balance,0.02702323552841647,-0.014066766670352133,-0.00369662021291172,-1.36191447025111,-0.03101130204094616,-0.00029144629961797117,0.1733432090512516,0.49448536773258983,0.0,0.022190032098680385,False,0.0,0.0,-0.1785391517543825,-0.18520212931295513,0.1817724202195233,0.18156917099526568,3.4,-3.5300000000000002,-1.2497740622806774,-1.296414905190686,-0.984074064787935,1.020799137945422,
1791370225.247254,balance,0.023578237045158178,-0.013690606721294752,-0.007141618594178354,0.5067515080760319,-0.031011301938954502,-0.00029144629961797117,0.17334320906153278,0.3452325224646731,0.0,0.025998158061745155,False,0.0,0.0,0.14063543273191034,0.0,0.1815691881139024,0.1817724031114216,3.2600000000000002,-3.18,0.9844480291233724,0.0,0.7751559284436003,-0.0,
1791370225.2572594,balance,0.03520647191108464,-0.013638627959137393,0.004511269114202032,1.635409831788296,-0.03098664909650058,-0.00029144629961797117,0.17349702991311308,0.2704310026934345,0.0,0.02883054268341406,False,0.0,0.0,0.365682991452243,0.26084031471982805,0.18197564376362416,0.1817724031114216,2.95,-3.22,2.559780940165701,1.8258822030387964,2.0155755434375595,-1.4377025220777924,
1791370225.2672212,balance,0.05223994048900759,-0.012808145218677644,0.021568161701662626,1.4036704386918932,-0.030963225086962934,-0.00029144629961797117,0.1736507311763188,0.3003993289356444,0.0,0.03168268082766269,False,0.0,0.0,0.45960557075808206,0.36390372896354467,0.18238186609667828,0.1817724031114216,2.86,-3.24,3.2172389953065745,2.5473261027448126,2.5332590514224997,-2.0057685848384352,
1791370225.2773178,balance,0.057824470428115574,-0.01429618064381494,0.027176074220973952,0.0937305647218297,-0.03093984250675959,-0.00029144629961797117,0.17380443253463546,0.44344261692190884,0.0,0.035615389572706345,False,0.0,0.0,0.28813238183951523,0.22967412945545732,0.18258493369347872,0.18197562665552244,2.75,-2.87,2.0169266728766067,1.6077189061882011,1.588131238485517,-1.2659203985733867,
1791370225.2872407,balance,0.05583831019286495,-0.016741929681990043,0.025236530413478665,-0.6088371846967447,-0.030893226079004254,-0.00029144629961797117,0.17411183473129244,0.6657593642980297,0.0,0.041707999603218894,False,0.0,0.0,0.16786768240179892,0.13065162464757885,0.18258493369347872,0.18278790339163284,2.82,-2.47,1.1750737768125925,0.9145613725330519,0.92525494237212,-0.720127064986655,
1791370225.297259,balance,0.043003956522885176,-0.017045651888493305,0.012390556746105457,-1.5876398848238022,-0.03090484607639769,-0.00029144629961797117,0.1740349847498921,0.8168615382741709,0.702160830318449,0.0005735035397786092,False,0.0,0.0,-0.14518036783308338,-0.12539986105464745,0.18258493369347872,0.18258491659850523,2.71,-2.73,-1.0162625748315837,-0.8777990273825322,-0.8002067518358926,0.6911803365216789,
1791370225.3072455,balance,0.022177825519071482,-0.01783723648406002,-0.008482256806375972,-2.7181118029992684,-0.030951528625065425,-0.00029144629961797117,0.17372758184360407,0.785947078234121,0.0,0.003994093038434132,False,0.0,0.0,-0.31832371760518213,-0.3558285424189895,0.18238186609667828,0.18197562665552244,3.0,-3.54,-2.2282660232362748,-2.4907997969329263,-1.7545401757765944,1.9612596826243514,
1791370225.3172457,balance,-0.0077556652356917,-0.018942692006418835,-0.038415747561139156,-2.755281323648529,-0.03095152862506543,-0.00029144629961797117,0.17372758184360404,0.553572963222426,0.0,0.01023824183999883,False,0.0,0.0,-0.44752969756637484,-0.47332565402808474,0.18258493369347872,0.1817724031114216,2.6,-3.31,-3.132707882964624,-3.3132795781965934,-2.4666991204445856,2.608881557635113,
1791370225.3272505,balance,-0.025109264076991874,-0.018450019417912022,-0.05570186027256292,-0.731124169763345,-0.030884042495189015,-0.00029144629961797117,0.1741886062767826,0.27901868061056834,0.0,0.013721175814831529,False,0.0,0.0,-0.2638435842132571,-0.31519814841371385,0.18319383237828069,0.18238184900170476,2.11,-2.5,-1.8469050894927996,-2.206387038895997,-1.4542559759785825,1.737312629051966,
1791370225.337261,balance,-0.022400223938612233,-0.019183579984299284,-0.05293848836872961,0.7924808701805015,-0.030829710729735345,-0.00029144629961797117,0.17457274092056696,0.012190722252682234,0.0,0.014577580689169424,False,0.0,0.0,0.0,-0.09285714285714286,0.18359956601444283,0.1829908860068136,1.97,-2.34,0.0,-0.65,0.0,0.5118110236220472,
1791370225.3472974,balance,-0.009343357503533161,-0.020757764274323222,-0.03981297864048126,1.998050748341453,-0.030761067436566068,-0.00029144629961797117,0.1751099302764223,-0.19343955856980374,0.0,0.013052305447190262,False,0.0,0.0,0.19015634673140275,0.1824862601044434,0.18441020567926045,0.1835995489363716,1.34,-1.73,1.3310944271198193,1.2774038207311038,1.0481058481258418,-1.0058297801032314,
1791370225.3572352,balance,0.01722051492263081,-0.019474639751385237,-0.013193532342837313,2.798798768570721,-0.030705493565086096,-0.00029144629961797117,0.17556998645217325,-0.21813851745339488,0.0,0.010808055827783108,False,0.0,0.0,0.40929565635982645,0.4264039874241125,0.1848152533120094,0.18441018862485245,1.31,-1.47,2.8650695945187854,2.9848279119687877,2.255960310644713,-2.35025819840062,
1791370225.3672378,balance,0.04341598742574,-0.018533107267473054,0.01301954924644406,2.5274988705144654,-0.030687884478913914,-0.00029144629961797117,0.1757234929066629,-0.06031976932055083,0.0,0.009652129864260596,False,0.0,0.0,0.493706906633566,0.5270988853925757,0.18522011670160538,0.18441018862485245,0.99,-1.52,3.455948346434962,3.6896921977480295,2.7212191704212296,-2.9052694470456926,
1791370225.3773293,balance,0.0645059278241571,-0.018977652503547146,0.03410068894913992,1.711613100320923,-0.030696685174635138,-0.00029144629961797117,0.17564673967261,0.2682885913308696,0.0,0.011346809044672458,False,0.0,0.0,0.47107463431362295,0.5361380827053431,0.18501771391452992,0.18441018862485245,1.45,-1.62,3.297522440195361,3.752966578937402,2.596474362358552,-2.955091794438899,
1791370225.3872242,balance,0.07782293260223337,-0.0161495921434261,0.04737265715670092,1.0134288452305995,-0.03074172174515042,-0.00029144629961797117,0.17526338759291818,0.6333645865334637,0.5776053077099101,0.0002787963941177679,False,0.0,0.0,0.38136082707114916,0.42890485603028083,0.18420761995138657,0.18420760289697855,1.83,-1.97,2.669525789498044,3.002333992211966,2.1019888106283813,-2.364042513552729,
1791370225.397265,balance,0.08392291455799977,-0.015387346362354238,0.05339500387563824,0.2887016309299435,-0.030819356981979507,-0.00029144629961797117,0.17464955221440248,0.8695416059820775,0.6967216903148594,0.0008640995783360905,False,0.0,0.0,0.2446717920789307,0.2826270107101967,0.18359956601444283,0.18319381530020945,2.4,-3.1,1.7127025445525148,1.9783890749713768,1.3485846807500117,-1.5577866732058085,
1791370225.4072201,balance,0.0798819387097873,-0.015171980006279747,0.049172610483590576,-1.0318175101133171,-0.031000774525814692,-0.00029144629961797117,0.1734199374910718,0.9585416652172923,0.7474934444642108,0.0010552411037654075,False,0.0,0.0,0.0,0.09285714285714286,0.18217879849987784,0.1813658223082581,3.31,-4.5200000000000005,0.0,0.65,0.0,-0.5118110236220472,
1791370225.4172382,balance,0.06507903391457961,-0.01425470139476341,0.03418571894057193,-1.9663362763411714,-0.031184761273625655,-0.00029144629961797117,0.17234290293925056,0.940451307856884,0.9237111037203461,8.370102068268937e-05,False,0.0,0.0,-0.1950566473802538,-0.20578539007440635,0.18095909832971635,0.1797377387490826,4.14,-5.36,-1.3653965316617767,-1.4404977305208444,-1.0751153792612413,1.134250181512476,
1791370225.4272418,balance,0.03792035479242533,-0.015736509362365186,0.006865772403220048,-3.050803961012741,-0.03134602868882325,-0.00029144629961797117,0.1714960381030171,0.7513867624524813,0.0,0.00818703085487123,False,0.0,0.0,-0.37679097125803374,-0.3534066926151707,0.1797377558943685,0.178718611294844,4.63,-5.37,-2.637536798806236,-2.473846848306195,-2.0768006289812884,1.9479109041781064,
1791370225.4371583,balance,0.012961434498282083,-0.01693412688048615,-0.018046099601963433,-1.821157382227302,-0.03129898039986349,-0.00029144629961797117,0.17172725935740943,0.48936989788882396,0.0,0.013781332701746517,False,0.0,0.0,-0.3276695838739626,-0.3401155538791243,0.1797377558943685,0.17933022523013067,4.29,-4.41,-2.293687087117738,-2.38080887715387,-1.806052824502156,1.8746526591762755,
1791370225.4472454,balance,0.008791697660929871,-0.017972332443699873,-0.022046821064480863,0.7391485010309146,-0.031129965025028704,-0.00029144629961797117,0.17265059123862464,0.27434997579399234,0.0,0.017056294748826726,False,0.0,0.0,0.0,0.0,0.18116249073988716,0.18034862842770624,3.21,-3.86,0.0,0.0,0.0,-0.0,
1791370225.4572625,balance,0.026068327444017766,-0.018298860034212813,-0.0046317181060479716,2.3619791550375266,-0.03099149184968371,-0.00029144629961797117,0.1734965430111817,0.16275101934979658,0.0,0.01886450038130684,False,0.0,0.0,0.3690276427781008,0.33923102042356307,0.18278792047945228,0.18095908120471274,2.27,-3.6,2.5831934994467054,2.3746171429649414,2.0340106294855946,-1.8697772779251507,
1791370225.4672027,balance,0.05261324673720688,-0.018227521451969188,0.022040193590451694,2.591264891186602,-0.030864499446373157,-0.00029144629961797117,0.17434218577857993,0.19965182044929133,0.0,0.020677317244785498,False,0.0,0.0,0.539375222820689,0.5969640529867364,0.18380227246209999,0.18217878140490432,1.97,-2.27,3.775626559744823,4.1787483709071545,2.9729342990116714,-3.2903530479583893,
1791370225.4772635,balance,0.07086154628231311,-0.017762583572975374,0.0403828307043178,1.3697069533045512,-0.030770161877613285,-0.00029144629961797117,0.17503328114773908,0.38155137931954247,0.0,0.023831510244990306,False,0.0,0.0,0.4516200704333611,0.5401480056265032,0.18420761995138657,0.1835995489363716,1.47,-1.31,3.161340493033528,3.7810360393855227,2.4892444827035654,-2.977193731799624,
1791370225.4872098,balance,0.0842451976502979,-0.017866721106081684,0.05387557024435115,1.202046818268208,-0.030661073705564725,-0.00029144629961797117,0.17595354678361153,0.5687418107547721,0.5410146047294994,0.00013863603012636395,False,0.0,0.0,0.41068447587946383,0.46382740450755716,0.18542246149501598,0.18481523626813487,0.55,-0.78,2.874791331156247,3.2467918315529003,2.2636152213828717,-2.556529001222756,
1791370225.4972434,balance,0.0916228065014221,-0.01764643028509465,0.06127943332729902,0.5109828678501305,-0.030634819473741047,-0.00029144629961797117,0.17618380325312785,0.8625544429708328,0.6367014182503609,0.0011292651236023599,False,0.0,0.0,0.28493522799575505,0.3336032713016412,0.18582698433183598,0.18501769687065542,0.86,-1.11,1.9945465959702853,2.3352228991114883,1.5705091306852639,-1.8387581882767623,
1791370225.5072212,balance,0.09390697295848026,-0.016243661639562663,0.06350196412496861,-0.26222712652437447,-0.03069645513312961,-0.00029144629961797117,0.17564663568361524,1.000008380000597,0.7369736763260382,0.0013151735183727941,False,0.0,0.0,0.16424179277049547,0.21019948580911219,0.1848152533120094,0.18461277435272638,1.67,-1.8900000000000001,1.1496925493934682,1.4713964006637852,0.9052697239318647,-1.1585798430423506,
1791370225.5171947,balance,0.0871962000214626,-0.014818894884600996,0.05669927164505517,-0.8020247160000005,-0.0307883746760254,-0.00029144629961797117,0.1748799829338602,1.0554706966276024,0.7414095903428778,0.0015703055314236231,False,0.0,0.0,0.0,0.09285714285714286,0.18380227246209999,0.1835995489363716,2.07,-2.56,0.0,0.65,0.0,-0.5118110236220472,
1791370225.5272598,balance,0.07516520262061296,-0.014751587943135408,0.044540122665315623,-1.8218069354816102,-0.03091652625491531,-0.00029144629961797117,0.17395813318027475,1.0236203250223297,0.9237557138520036,0.0004993230558516304,False,0.0,0.0,-0.19516733821355703,-0.18058121647235392,0.18278792047945228,0.18217878140490432,2.89,-3.91,-1.3661713674948992,-1.2640685153064775,-1.075725486216456,0.9953295396113996,
1791370225.5372405,balance,0.05336578806747128,-0.014746993447666876,0.022618786161945365,-2.238632688234585,-0.031038448205143888,-0.00029144629961797117,0.17318914161759216,0.8896236480333177,0.0,0.009820723011576488,False,0.0,0.0,-0.20911114536853814,-0.1892471489241132,0.18197564376362416,0.18095908120471274,3.3200000000000003,-4.29,-1.463778017579767,-1.3247300424687924,-1.152581116204541,1.0430945216289704,
1791370225.5473177,balance,0.030237357385733774,-0.014887340265340217,-0.0006019807036059556,-2.230190010437331,-0.0311307843889577,-0.00029144629961797117,0.17265065827665363,0.6560142232133613,0.0,0.017023328811689345,False,0.0,0.0,-0.27525282616984387,-0.2785220559125022,0.18136583942689477,0.18014503880623534,3.62,-4.66,-1.926769783188907,-1.9496543913875153,-1.5171415615660684,1.5351609381004057,
1791370225.5572906,balance,0.019510438625485876,-0.01658315790222495,-0.01128813377198143,0.014668522729329406,-0.03109001869708528,-0.00029144629961797117,0.1728814415926089,0.47161993677627656,0.0,0.02216962053096226,False,0.0,0.0,0.0,-0.09285714285714286,0.1815691881139024,0.18055221804917715,3.36,-3.93,0.0,-0.65,0.0,0.5118110236220472,
1791370225.5672417,balance,0.031190404815078586,-0.01683221133197776,0.00046812599567678495,1.9795409292065103,-0.031013725119019772,-0.00029144629961797117,0.1733429647969398,0.38802804800194296,0.0,0.026200564268227318,False,0.0,0.0,0.3558607218714999,0.3243883743144876,0.18217879849987784,0.18116247362125046,2.82,-3.46,2.4910250531004996,2.270718620201413,1.9614370496854328,-1.7879674174814275,
1791370225.5785084,balance,0.06180211386293006,-0.01620347787471137,0.031153692624749468,1.5398602654585218,-0.030939867537798562,-0.00029144629961797117,0.17380443172720086,0.4468152008342133,0.0,0.03237490853980596,False,0.0,0.0,0.5341327067989657,0.5325244783773466,0.18278792047945228,0.1817724031114216,2.59,-3.12,3.7389289475927603,3.7276713486414264,2.944038541411622,-2.9351742902688396,
1791370225.5872087,balance,0.06795773411912609,-0.016308789986790598,0.03734308279252513,0.7211440728365306,-0.030906097626218928,-0.00029144629961797117,0.17403494431693675,0.5476753117544754,0.0,0.035113285098578334,False,0.0,0.0,0.4432511829412493,0.45899772992615323,0.18299090309463303,0.18217878140490432,2.38,-2.58,3.1027582805887453,3.2129841094830724,2.4431167563690908,-2.5299087476244666,
1791370225.5972755,balance,0.07351593613278819,-0.016016538508658095,0.04299837009497858,0.3150398569721042,-0.030809012337427576,-0.00029144629961797117,0.17472636352694404,0.7767744351385791,0.7601735800172151,8.300427560682e-05,False,0.0,0.0,0.2793130126490242,0.29170321134666044,0.18359956601444283,0.18339668211829052,2.1,-1.9000000000000001,1.9551910885431694,2.0419224794266233,1.5395205421599758,-1.607812975926475,
1791370225.607231,balance,0.06980825370194388,-0.01634810834524683,0.03929068766413427,-0.8372336598947892,-0.030809012337427576,-0.00029144629961797117,0.17472636352694404,0.9216027998530274,0.7000365984161134,0.0011078310071845699,False,0.0,0.0,0.09285714285714286,0.09285714285714286,0.18359956601444283,0.18339668211829052,2.0,-2.18,0.65,0.65,0.5118110236220472,-0.5118110236220472,
1791370225.6172802,balance,0.05988189559688449,-0.01778327612448725,0.029343631166767113,-1.387058025344935,-0.03082971072973535,-0.00029144629961797117,0.17457274092056693,0.9795732978172051,0.8163703132915496,0.0008160149226282776,False,0.0,0.0,-0.09285714285714286,-0.09285714285714286,0.18339669919636176,0.18319381530020945,2.65,-2.75,-0.65,-0.65,-0.5118110236220472,0.5118110236220472,
1791370225.6273596,balance,0.038098280581436314,-0.01812596560299527,0.007461535142798678,-2.568259916220397,-0.030928191738255607,-0.00029144629961797117,0.17388128244189616,0.888851836714902,0.0,0.004727306100698439,False,0.0,0.0,-0.2877296591684357,-0.29883119629043,0.18278792047945228,0.18197562665552244,2.56,-3.48,-2.01410761417905,-2.09181837403301,-1.5859115072275984,1.6471010819157557,
1791370225.6372488,balance,0.01549852444976461,-0.01850160059516673,-0.01513944863049651,-2.061905055317113,-0.030929419379879093,-0.00029144629961797117,0.1738812428215059,0.6936738191239864,0.0,0.012260657987148035,False,0.0,0.0,-0.26894765288924233,-0.29446413713302505,0.18299090309463303,0.1817724031114216,2.5100000000000002,-3.49,-1.8826335702246964,-2.0612489599311754,-1.4823886379722018,1.6230306771111618,
1791370225.6472483,balance,0.0018830565281886705,-0.018108354982334606,-0.028722401380289468,-0.37818948361729154,-0.03089690420809611,-0.00029144629961797117,0.17411171584517857,0.46019790665074733,0.0,0.01744958436034616,False,0.0,0.0,-0.12093091557474174,-0.121003740155512,0.18339669919636176,0.18197562665552244,1.97,-2.95,-0.8465164090231921,-0.8470261810885841,-0.6665483535615686,0.6669497488886489,
1791370225.657286,balance,0.011173202126724603,-0.01756958539626004,-0.01939860219629702,1.6498027776642292,-0.030863250622639594,-0.00029144629961797117,0.17434222868669497,0.2770571350799458,0.0,0.020686547341289753,False,0.0,0.0,0.2027720372501564,0.22311776925958177,0.18359956601444283,0.18238184900170476,2.13,-2.63,1.4194042607510948,1.5618243848170723,1.1176411501977124,-1.229782980170923,
1791370225.6672597,balance,0.032933583977391476,-0.0188855542312489,0.002415993551710454,2.5793071947687602,-0.030809036725298992,-0.00029144629961797117,0.1747263602528458,0.2076862516945792,0.0,0.022808085808365592,False,0.0,0.0,0.4722485002465904,0.49348544582505394,0.18380227246209999,0.18319381530020945,1.84,-2.05,3.3057395017261326,3.4543981207753776,2.6029444895481357,-2.7199985202955728,
1791370225.6772807,balance,0.05747066717524364,-0.018993500155321467,0.02698164215636457,2.019633722581911,-0.03078047131849704,-0.00029144629961797117,0.17495646976501772,0.34758812779482096,0.0,0.025782920441201573,False,0.0,0.0,0.5788725370410563,0.5629612194047837,0.18420761995138657,0.18339668211829052,1.73,-2.4,4.052107759287394,3.940728535833486,3.190636030934956,-3.1029358549869968,
1791370225.6872551,balance,0.07009653788726818,-0.01846672834376325,0.03960509879922661,0.9889585426223936,-0.03078288538765954,-0.00029144629961797117,0.17495614522872707,0.6257337648081912,0.0,0.0312527512016656,False,0.0,0.0,0.49466283449694326,0.44631196916494725,0.1846127914071344,0.1829908860068136,1.37,-2.61,3.4626398414786026,3.124183784154631,2.72648806415638,-2.4599872316178195,
1791370225.697268,balance,0.07806934338522632,-0.016826903295544336,0.04756879229595742,0.4024692734448562,-0.030791997388886876,-0.00029144629961797117,0.17487949613481418,0.8630935112490498,0.7419010788309276,0.0006059621620906108,False,0.0,0.0,0.32819490242693733,0.2521062213805404,0.18441020567926045,0.1829908860068136,1.85,-2.68,2.297364316988561,1.7647435496637827,1.8089482810933553,-1.3895618501289626,
1791370225.7072406,balance,0.07592179426956779,-0.01611528284444993,0.04534998994654616,-0.633678039851764,-0.030863250622639594,-0.00029144629961797117,0.17434222868669497,0.9714089372596245,0.7436507037005666,0.0011387911677952895,False,0.0,0.0,0.1302874487183865,0.09285714285714286,0.18359956601444283,0.18238184900170476,2.52,-3.3200000000000003,0.9120121410287054,0.65,0.7181197960855948,-0.5118110236220472,
1791370225.717242,balance,0.06613978751535966,-0.015916323933913675,0.03543045928916294,-1.6369590914218113,-0.031000774525814692,-0.00029144629961797117,0.1734199374910718,0.976021717388734,0.8459437389728043,0.0006503898920796486,False,0.0,0.0,-0.10762633242217318,-0.1876670796015224,0.18217879849987784,0.1813658223082581,3.2800000000000002,-4.04,-0.7533843269552123,-1.3136695572106567,-0.5932160054765451,1.0343854781186272,
1791370225.7272491,balance,0.03867104253970733,-0.016123154629485742,0.007859439440022467,-2.605192673158143,-0.031103049399302835,-0.00029144629961797117,0.17280446909926184,0.8599506378308057,0.0,0.009638959072619822,False,0.0,0.0,-0.21301596993217117,-0.30840170268005485,0.18136583942689477,0.18055221804917715,3.68,-4.3,-1.4911117895251982,-2.158811918760384,-1.1741037712796836,1.6998519045357352,
1791370225.7372591,balance,0.014261255228088493,-0.01889080538342479,-0.01655034787159637,-2.098241748578126,-0.031103049399302835,-0.00029144629961797117,0.17280446909926184,0.6614191361228814,0.0,0.016805280122456596,False,0.0,0.0,-0.26448105347557094,-0.3324462100579555,0.18136583942689477,0.18055221804917715,3.5100000000000002,-3.9,-1.8513673743289965,-2.3271234704056885,-1.457769586085824,1.8323806853588098,
1791370225.7472246,balance,0.005110338467832368,-0.02010074577276253,-0.025611940351569433,0.20832499604888735,-0.031013725119019772,-0.00029144629961797117,0.1733429647969398,0.4914881694126971,0.0,0.022140419301491618,False,0.0,0.0,0.0,0.0,0.18217879849987784,0.18116247362125046,2.7600000000000002,-3.3200000000000003,0.0,0.0,0.0,-0.0,
1791370225.757236,balance,0.018695385009785633,-0.019913801233812752,-0.011942588070475489,2.0912796143936396,-0.030929419379879093,-0.00029144629961797117,0.1738812428215059,0.40936935946126146,0.0,0.026365058594882713,False,0.0,0.0,0.33816840732319003,0.3772647063515179,0.18299090309463303,0.1817724031114216,2.33,-3.04,2.3671788512623304,2.640852944460625,1.8639203553246695,-2.079411767291831,
1791370225.76724,balance,0.04277798583805455,-0.0175738469242012,0.012206181515032924,2.238750904311685,-0.030863250622639594,-0.00029144629961797117,0.17434222868669497,0.44891375085046686,0.0,0.030659874039820314,False,0.0,0.0,0.5260965766643495,0.6040144292049406,0.18359956601444283,0.18238184900170476,2.06,-2.59,3.6826760366504465,4.228101004434585,2.899744910748383,-3.3292133893185705,
1791370225.7773285,balance,0.0563533853000509,-0.016509296867227904,0.02582424102810042,0.8002594279315607,-0.03082059057156845,-0.00029144629961797117,0.17464938668029287,0.6175541489762909,0.0,0.03625773399452804,False,0.0,0.0,0.4060155534769935,0.485484263525901,0.1840049739935406,0.18278790339163284,1.59,-2.3000000000000003,2.842108874338954,3.398389844681307,2.2378810034164993,-2.675897515497092,
1791370225.7872484,balance,0.06350191791388822,-0.01654063127314056,0.03306977008817255,0.6085889787349877,-0.03072359412533364,-0.00029144629961797117,0.1754166880323744,0.8503295741494281,0.7440889595000238,0.0005312030732470214,False,0.0,0.0,0.2885979674386883,0.36270265146848535,0.1848152533120094,0.18400495692938382,1.35,-1.37,2.020185772070818,2.5389185602793973,1.5906974583234788,-1.9991484726609428,
1791370225.7972527,balance,0.06255895235333922,-0.013876896646856781,0.03210867690780678,-0.6665019077730581,-0.030741721745150413,-0.00029144629961797117,0.1752633875929182,0.9732872291821304,0.7323434802856646,0.0012047187444823287,False,0.0,0.0,0.09285714285714286,0.1357193400301663,0.1846127914071344,0.18380225539794318,1.56,-2.12,0.65,0.9500353802111642,0.5118110236220472,-0.7480593544969797,
1791370225.8072217,balance,0.05289603523044252,-0.011587035868837066,0.02240701021156345,-1.1900478481471173,-0.03078047131849704,-0.00029144629961797117,0.17495646976501772,1.0163871189193932,0.828901381162996,0.0009374286887819855,False,0.0,0.0,-0.09673629389488365,0.0,0.18420761995138657,0.18339668211829052,1.9100000000000001,-2.5,-0.6771540572641855,0.0,-0.5331921710741618,-0.0,
1791370225.8172622,balance,0.034370780516559465,-0.011985564111168592,0.0037898097620528886,-2.374391838461438,-0.030872417054124548,-0.00029144629961797117,0.17426545710461827,0.9231774583344954,0.0,0.005134553535199261,False,0.0,0.0,-0.28547096025614327,-0.19608915937792487,0.18319383237828069,0.18258491659850523,2.74,-3.15,-1.998296721793003,-1.3726241156454742,-1.573461985663782,1.0808063902720269,
1791370225.827269,balance,0.01007274087508034,-0.012375191521148693,-0.0205756553320613,-2.261580556504133,-0.03093984250675961,-0.00029144629961797117,0.17380443253463543,0.7120577401716671,0.0,0.012865483402020365,False,0.0,0.0,-0.3567547510828962,-0.25915565127263884,0.18238186609667828,0.18217878140490432,2.93,-3.13,-2.4972832575802735,-1.814089558908472,-1.9663647697482467,1.428416975518482,
1791370225.8372276,balance,-0.005331013030501704,-0.012780580925152055,-0.035967733449217644,-0.8000275180713701,-0.03092816671833391,-0.00029144629961797117,0.1738812832493815,0.4649737231310729,0.0,0.018172011849872393,False,0.0,0.0,-0.2262302874887728,-0.1367525563383961,0.18238186609667828,0.18238184900170476,2.75,-2.65,-1.5836120124214097,-0.9572678943687726,-1.246938592457803,0.7537542475344666,
1791370225.847303,balance,-0.0025723521448116704,-0.012591947713261192,-0.03317413202740778,1.0534196977092758,-0.030893226182214076,-0.00029144629961797117,0.17411183472795644,0.26019934869351974,0.0,0.021269580142015895,False,0.0,0.0,0.09285714285714286,0.16093344937989662,0.18278792047945228,0.18258491659850523,2.5300000000000002,-2.65,0.65,1.1265341456592763,0.5118110236220472,-0.8870347603616349,
1791370225.857641,balance,0.013692594986855045,-0.012142506156701573,-0.01685603230624127,1.988477709327315,-0.030840073592714283,-0.00029144629961797117,0.1744959296454621,0.15794756917351316,0.0,0.023019302022340368,False,0.0,0.0,0.28848395720909964,0.3839449337281784,0.18339669919636176,0.1829908860068136,2.14,-2.22,2.0193877004636973,2.6876145360972488,1.5900690554832262,-2.11623191818681,
1791370225.8672383,balance,0.033176076972381154,-0.011729014422725254,0.0026894417601491293,1.648160637841681,-0.030778081511849995,-0.00029144629961797117,0.1749567910417582,0.20118372205720428,0.0,0.02481106295201633,False,0.0,0.0,0.3937733434185828,0.42648374050212373,0.18380227246209999,0.18380225539794318,1.8800000000000001,-1.72,2.7564134039300794,2.985386183514866,2.1704042550630547,-2.3506977822951702,
1791370225.877303,balance,0.045400423235604545,-0.011683381967877954,0.014968280010701778,1.0583788632049151,-0.03072358952452074,-0.00029144629961797117,0.17541668595515933,0.3983032435307702,0.0,0.028164481863980715,False,0.0,0.0,0.40884418019804997,0.3373920835764796,0.1846127914071344,0.18420760289697855,1.1400000000000001,-1.3900000000000001,2.8619092613863497,2.3617445850353573,2.2534718593593306,-1.8596414055396515,
1791370225.8872497,balance,0.051091236604457156,-0.013743726474629502,0.020686227770945517,0.023326317242681822,-0.03069645513312961,-0.00029144629961797117,0.17564663568361524,0.6595993972528259,0.5300755763533938,0.0006476191044971608,False,0.0,0.0,0.23987123914254602,0.19015780267567728,0.1848152533120094,0.18461277435272638,1.4000000000000001,-1.36,1.6790986739978222,1.331104618729741,1.3221249401557655,-1.0481138730155442,
1791370225.8972704,balance,0.0492013092783683,-0.01289950441729161,0.018796070422716863,-0.3481593195167013,-0.030696685155269406,-0.00029144629961797117,0.17564673966385583,0.8653023141946107,0.6572715368562109,0.0010401538866919992,False,0.0,0.0,0.09285714285714286,0.09285714285714286,0.18441020567926045,0.18501769687065542,1.8900000000000001,-1.27,0.65,0.65,0.5118110236220472,-0.5118110236220472,
1791370225.9072402,balance,0.03888779807685153,-0.010740142218636775,0.008380543317129554,-1.525176277125045,-0.03079870105933995,-0.00029144629961797117,0.17480317159768466,0.9439612780828082,0.7619692638850944,0.0009099600709885686,False,0.0,0.0,-0.1456192751684442,-0.12954755031168746,0.18339669919636176,0.18380225539794318,2.41,-2.6,-1.0193349261791094,-0.9068328521818123,-0.8026259261252829,0.7140416158911908,
1791370225.9172688,balance,0.01990251172535797,-0.012838800994898992,-0.010699268157238135,-2.2100074418333073,-0.030893226182214076,-0.00029144629961797117,0.17411183472795644,0.8850479641845203,0.0,0.00473882634195691,False,0.0,0.0,-0.2634385838211471,-0.25614845582028656,0.18278792047945228,0.18258491659850523,3.0100000000000002,-3.36,-1.8440700867480297,-1.793039190742006,-1.4520236903527792,1.4118418824740204,
1791370225.9272757,balance,-0.007091887835524467,-0.01409541727429365,-0.03781174357685266,-2.840694534425835,-0.03101130204094616,-0.00029144629961797117,0.1733432090512516,0.6260227108549579,0.0,0.011774560712412065,False,0.0,0.0,-0.43921882647184696,-0.39654124499776894,0.1817724202195233,0.18156917099526568,3.24,-3.67,-3.074531785302929,-2.7757887149843827,-2.4208911695298654,2.185660405499514,
1791370225.937244,balance,-0.025914264809167843,-0.013825509227314035,-0.05662238204233784,-0.8706287683359535,-0.030999563532787967,-0.00029144629961797117,0.17342005962082016,0.34742205512680463,0.0,0.01593512360258224,False,0.0,0.0,-0.30474395617315475,-0.24803371394739887,0.18197564376362416,0.18156917099526568,3.0300000000000002,-3.39,-2.1332076932120834,-1.736235997631792,-1.6796910970173884,1.3671149587651905,
1791370225.9472413,balance,-0.02200720195108254,-0.01276259472281869,-0.05270240474796515,1.2957514037896665,-0.03098664909650058,-0.00029144629961797117,0.17349702991311308,0.17427331611609334,0.0,0.01807540193520398,False,0.0,0.0,0.0,0.11043055779648582,0.18197564376362416,0.1817724031114216,3.25,-3.1,0.0,0.7730139045754008,0.0,-0.6086723658074021,
1791370225.9572744,balance,-0.003171145939485111,-0.013224055820125582,-0.03380786635820103,2.2009459215485903,-0.03092816671833389,-0.00029144629961797117,0.17388128324938154,0.07202867012152707,0.0,0.018986364823337966,False,0.0,0.0,0.30184156902454656,0.33615408791797796,0.18217879849987784,0.18258491659850523,2.8000000000000003,-2.36,2.112890983171826,2.353078615425846,1.6636936875368709,-1.852817807421926,
1791370225.9672282,balance,0.019558488967972933,-0.013113921148484477,-0.010969421714388599,2.0626461296119962,-0.030819356981979504,-0.00029144629961797117,0.17464955221440248,0.10957373797182154,0.0,0.019883039916174922,False,0.0,0.0,0.44979071999723236,0.41692904201966347,0.18339669919636176,0.18339668211829052,1.87,-1.99,3.1485350399806267,2.9185032941376443,2.479161448803643,-2.2980340898721607,
1791370225.9773123,balance,0.03144980690859227,-0.014077255346007258,0.000990453452703052,0.6694497967027419,-0.030750799755507187,-0.00029144629961797117,0.17518673843343446,0.2564218566351323,0.0,0.021923808580857674,False,0.0,0.0,0.3085169863866126,0.2830406892076335,0.18441020567926045,0.18380225539794318,1.25,-1.68,2.1596189047062886,1.9812848244534345,1.7004873265403846,-1.560066790908216,
1791370225.9872973,balance,0.037364846435582584,-0.014384988256230176,0.00699521902963583,0.3464031206129607,-0.030661073705564725,-0.00029144629961797117,0.1759535467836115,0.5701013663923492,0.0,0.026706865570945367,False,0.0,0.0,0.26461639011429855,0.26110681603367575,0.18522011670160538,0.18501769687065542,1.33,-0.75,1.8523147308000898,1.8277477122357302,1.4585155360630628,-1.4391714269572677,
1791370225.9972665,balance,0.032709024790385434,-0.01274509004382511,0.0023130419299764423,-0.7999308406109653,-0.030687429160026963,-0.00029144629961797117,0.1757232869978255,0.7755540584697551,0.5743279066723321,0.001006130758987115,False,0.0,0.0,0.0,0.0,0.1848152533120094,0.18481523626813487,1.34,-1.28,0.0,0.0,0.0,-0.0,
1791370226.007241,balance,0.02340410767519135,-0.012193511909748656,-0.007018981318651445,-1.2954113635550732,-0.030714535293460767,-0.00029144629961797117,0.175493335157879,0.8823259662483797,0.8739729469185538,4.1765096649129534e-05,False,0.0,0.0,-0.11520621512683542,-0.1263083617270923,0.1846127914071344,0.18441018862485245,1.82,-1.79,-0.806443505887848,-0.8841585320896461,-0.6349948865258646,0.6961878205430284,
1791370226.0172634,balance,0.005584086643601917,-0.012868191259918935,-0.02491284163114804,-1.9770011794764673,-0.03078837457436793,-0.00029144629961797117,0.1748799829475204,0.809857656364578,0.0,0.008440303174331467,False,0.0,0.0,-0.22347484971384224,-0.19881491270225005,0.18359956601444283,0.18380225539794318,2.37,-2.22,-1.5643239479968956,-1.3917043889157503,-1.2317511401550358,1.0958302274927167,
1791370226.0273175,balance,-0.016189440716542217,-0.014012102661375632,-0.04677041136793035,-2.4575896775526074,-0.030872416951006107,-0.00029144629961797117,0.17426545710795466,0.5725966339176357,0.0,0.01489338170719099,False,0.0,0.0,-0.3732882882594469,-0.3204879907661593,0.18258493369347872,0.18319381530020945,3.14,-2.61,-2.613018017816128,-2.243415935363115,-2.0574945022174234,1.7664692404433977,
1791370226.0372636,balance,-0.03632249105386533,-0.015513322199268065,-0.06693714227721062,-1.23669762007024,-0.030906097522963256,-0.00029144629961797117,0.17403494432027258,0.28617509120927226,0.0,0.018483794057625423,False,0.0,0.0,-0.34848875538843016,-0.3123957638286205,0.18217879849987784,0.1829908860068136,2.84,-2.48,-2.439421287719011,-2.1867703468003437,-1.9208041635582764,1.7218664148034202,
1791370226.0472383,balance,-0.037658294075382,-0.016363953009265544,-0.0682717187466229,0.607221531311209,-0.03090487097085887,-0.00029144629961797117,0.1740349839456411,0.04213784592788748,0.0,0.019542197286679233,False,0.0,0.0,-0.10211790584582772,-0.09285714285714286,0.18238186609667828,0.18278790339163284,2.81,-2.75,-0.7148253409207941,-0.65,-0.5628545991502315,0.5118110236220472,
1791370226.0571682,balance,-0.02238788178728271,-0.01591137070404258,-0.052979252517779976,2.199373488310025,-0.030882817030115233,-0.00029144629961797117,0.17418864590685898,-0.13244141164895404,0.0,0.018592790461275707,False,0.0,0.0,0.2216477783159551,0.24049451373655087,0.18299090309463303,0.18258491659850523,2.36,-2.82,1.5515344482116857,1.683461596155856,1.221680667883217,-1.325560311933745,
1791370226.067226,balance,0.006100367847723661,-0.014397867569650799,-0.024448259445372652,3.060877249481095,-0.030840073592714283,-0.00029144629961797117,0.1744959296454621,-0.14712732741872678,0.0,0.017046779218122365,False,0.0,0.0,0.42888669440950244,0.5080667818063438,0.18339669919636176,0.1829908860068136,2.1,-2.24,3.002206860866517,3.5564674726444068,2.3639424101311155,-2.8003680886963833,
1791370226.077241,balance,0.03028049985030098,-0.01371000349015892,-0.00021642852610644667,1.6441117407691557,-0.0307883746760254,-0.00029144629961797117,0.1748799829338602,-0.04863209619878249,0.0,0.016211863773509833,False,0.0,0.0,0.37835929996709033,0.44389453605820733,0.18380227246209999,0.1835995489363716,1.78,-1.94,2.6485150997696323,3.1072617524074513,2.0854449604485295,-2.4466627971712214,
1791370226.0872557,balance,0.042961724272818705,-0.0153073421036192,0.012565741412409714,1.2102084827848412,-0.030687429160026963,-0.00029144629961797117,0.1757232869978255,0.20557040080142017,0.0,0.017533885741523453,False,0.0,0.0,0.33589904220662314,0.37696765947708294,0.1848152533120094,0.18481523626813487,1.1500000000000001,-0.72,2.351293295446362,2.6387736163395807,1.8514120436585528,-2.077774501054788,
1791370226.0972326,balance,0.04856712957124283,-0.013876034505092215,0.01818872468155197,-0.23097957390948873,-0.03066985118930883,-0.00029144629961797117,0.17587679350811483,0.5463846375692989,0.5125925163689016,0.00016896060600198658,False,0.0,0.0,0.1598415949337392,0.16537807793206977,0.1848152533120094,0.18522009966748007,1.55,-1.1400000000000001,1.1188911645361743,1.1576465455244884,0.8810166649891136,-0.9115327130114081,
1791370226.1072156,balance,0.04444484078633713,-0.012140607777606949,0.014057425488502537,-0.40800704849349073,-0.03067886159745256,-0.00029144629961797117,0.17580014215727607,0.8037396541635236,0.6258183673134355,0.0008896064342504401,False,0.0,0.0,0.0,0.0,0.1846127914071344,0.18522009966748007,1.72,-1.19,0.0,0.0,0.0,-0.0,
1791370226.1172469,balance,0.03307717217070557,-0.013384684781710654,0.002568709302059287,-1.805172060437376,-0.030799909168264254,-0.00029144629961797117,0.17480300933326173,0.8759475023798539,0.8155163643037571,0.000302155690380484,False,0.0,0.0,-0.20030386544290624,-0.17570588888241437,0.18319383237828069,0.18400495692938382,2.61,-2.42,-1.4021270581003438,-1.2299412221769006,-1.1040370536223179,0.968457655257402,
1791370226.127217,balance,0.013906246062905428,-0.012953164128596067,-0.01667472458848271,-1.999781397462666,-0.030872416951006107,-0.00029144629961797117,0.17426545710795466,0.7900914929296441,0.0,0.008579868233155163,False,0.0,0.0,-0.2352793317698093,-0.2124942677601527,0.18258493369347872,0.18319381530020945,3.0500000000000003,-2.74,-1.6469553223886653,-1.487459874321069,-1.296815214479264,1.1712282474969047,
1791370226.1372688,balance,-0.013103748893457933,-0.012462286516044623,-0.04379895169034055,-3.1127047053816854,-0.030986649096500587,-0.00029144629961797117,0.17349702991311305,0.47191503220222747,0.0,0.014240693769683328,False,0.0,0.0,-0.479453872500521,-0.4497090677135248,0.1817724202195233,0.18197562665552244,3.38,-3.67,-3.356177107503647,-3.1479634739946736,-2.6426591397666512,2.4787113968461996,
1791370226.1472242,balance,-0.03438828030282715,-0.012013563093120655,-0.06509639743405138,-1.036849601178316,-0.030999563430842196,-0.00029144629961797117,0.17342005963110152,0.15718262779640457,0.0,0.016558832213450114,False,0.0,0.0,-0.38964529160483186,-0.3626857648650267,0.1815691881139024,0.18197562665552244,3.37,-3.19,-2.727517041233823,-2.5388003540551867,-2.1476512135699397,1.9990553968938478,
1791370226.1573198,balance,-0.03177508963721781,-0.01129955888998054,-0.062459760935891645,1.2226133084671256,-0.0309761175982918,-0.00029144629961797117,0.17357376084183182,-0.11057076034857892,0.0,0.016145446330839044,False,0.0,0.0,-0.09285714285714286,0.0,0.1815691881139024,0.18238184900170476,3.4,-2.72,-0.65,0.0,-0.5118110236220472,-0.0,
1791370226.1672318,balance,-0.009319822345057332,-0.013355464151186061,-0.03995656768034763,2.9791027421743497,-0.03092819163490827,-0.00029144629961797117,0.17388128244523154,-0.2802972497468798,0.0,0.013669107771839063,False,0.0,0.0,0.32737876276314987,0.322416053130656,0.18197564376362416,0.18278790339163284,2.81,-2.29,2.291651339342049,2.2569123719145923,1.8044498734976764,-1.7770963558382615,
1791370226.1772604,balance,0.02534483624384363,-0.015076166717803272,-0.005172754080088929,3.550973429217881,-0.03080903662355053,-0.00029144629961797117,0.17472636026650562,-0.26814446564778543,0.0,0.010826350292099936,False,0.0,0.0,0.5852419825611535,0.5756189930309703,0.18319383237828069,0.18380225539794318,2.08,-1.69,4.096693877928074,4.029332951216793,3.2257432109669875,-3.1727031111943247,
1791370226.1871908,balance,0.05248211849032982,-0.014044277709797088,0.02200458516153903,2.065810015843564,-0.03076897962840876,-0.00029144629961797117,0.17503344015783548,-0.06098395473640448,0.0,0.009463902299883158,False,0.0,0.0,0.5299971792337481,0.5016242481756658,0.1840049739935406,0.18380225539794318,1.85,-1.95,3.709980254636237,3.51136973722966,2.9212442949891626,-2.764858060810756,
1791370226.1972558,balance,0.06910931204815492,-0.0153290844436353,0.038677168823252145,1.4213296839834553,-0.03072358952452074,-0.00029144629961797117,0.17541668595515933,0.350109851522535,0.0,0.011844258997125236,False,0.0,0.0,0.4912064536438621,0.46098744964726784,0.1846127914071344,0.18420760289697855,1.42,-1.54,3.438445175507035,3.226912147530875,2.707437146068531,-2.5408757067172245,
1791370226.2072375,balance,0.07780432101782739,-0.01793901946255043,0.04736311564582288,0.40690424818327653,-0.030732651671622476,-0.00029144629961797117,0.17534003676683277,0.7026246457950321,0.5679978213839852,0.0006731341220552344,False,0.0,0.0,0.3288330017158162,0.3187256229094839,0.18441020567926045,0.18420760289697855,1.73,-1.6400000000000001,2.3018310120107133,2.2310793603663877,1.812465363787963,-1.7567554018632974,
1791370226.2172637,balance,0.07906628240351055,-0.015969507682594104,0.04857725738463148,-0.18963537925669047,-0.03078047131849704,-0.00029144629961797117,0.17495646976501772,0.9026649316114168,0.6931736890916741,0.0010474562125987136,False,0.0,0.0,0.1968018407770614,0.14498508614621258,0.18420761995138657,0.18339668211829052,1.98,-2.72,1.3776128854394298,1.0148956030234881,1.084734555464118,-0.7991303960814867,
1791370226.2272468,balance,0.07006256555061915,-0.01606594582655904,0.03945710764214101,-1.3668640342349454,-0.03089690420809611,-0.00029144629961797117,0.17411171584517857,0.9772378322560552,0.7481129458105894,0.001145624432227329,False,0.0,0.0,0.0,-0.09285714285714286,0.18339669919636176,0.18197562665552244,2.3000000000000003,-3.67,0.0,-0.65,0.0,0.5118110236220472,
1791370226.2372816,balance,0.05383809765218271,-0.01898177352371382,0.02314049807964941,-2.0085657953695164,-0.03098904587215127,-0.00029144629961797117,0.17349678808205207,0.9304661882317695,0.0,0.005414898676215158,False,0.0,0.0,-0.13935414725767525,-0.17375954647799918,0.18238186609667828,0.1813658223082581,3.42,-3.95,-0.9754790308037268,-1.2163168253459942,-0.7680937250423046,0.9577297837370032,
1791370226.2472231,balance,0.026653746722273275,-0.018137763306791035,-0.004144023860281443,-3.000960207799567,-0.03108921688217269,-0.00029144629961797117,0.17288137590961766,0.7025815670537292,0.0,0.013138226258841118,False,0.0,0.0,-0.3446646518503896,-0.3779923220827577,0.18136583942689477,0.18075565688651182,3.58,-4.13,-2.412652562952727,-2.6459462545793038,-1.8997264275218324,2.083422247700239,
1791370226.2572632,balance,-0.0010977605903637112,-0.018270211183721574,-0.03192322501049729,-2.556221054794634,-0.031116910719751548,-0.00029144629961797117,0.17272756367134937,0.3784768626025232,0.0,0.017797649865876508,False,0.0,0.0,-0.4307095038533159,-0.46852799787377925,0.18136583942689477,0.18034862842770624,3.46,-4.19,-3.0149665269732115,-3.279695985116455,-2.3739893913174894,2.5824377835562635,
1791370226.2672431,balance,-0.015407565955244314,-0.01949495473424175,-0.046141594787095404,-0.2585819951442194,-0.03102547513146906,-0.00029144629961797117,0.17326611425621286,0.10434899860645697,0.0,0.01954418654799772,False,0.0,0.0,-0.24037429689046902,-0.25235787265358994,0.18197564376362416,0.18116247362125046,2.93,-3.23,-1.6826200782332832,-1.7665051085751295,-1.324897699396286,1.3909489043898657,
1791370226.2772522,balance,-0.00623601315212676,-0.0190762039666219,-0.03689730524849196,1.7237227725400832,-0.030952738395983174,-0.00029144629961797117,0.17372746133014721,-0.13794680374861765,0.0,0.018771742442833233,False,0.0,0.0,0.13130555228688673,0.13098169680907465,0.18278792047945228,0.18156917099526568,2.39,-3.09,0.9191388660082072,0.9168718776635225,0.7237313905576435,-0.7219463603649784,
1791370226.2872965,balance,0.01961627635524811,-0.018583446729137743,-0.01093600740279301,3.1643169534764017,-0.030843730057659093,-0.00029144629961797117,0.17449568564271867,-0.273449791043419,0.0,0.016282498675314373,False,0.0,0.0,0.43177266350742294,0.42716302304028647,0.1840049739935406,0.18238184900170476,1.61,-2.43,3.0224086445519607,2.9901411612820055,2.3798493264188667,-2.3544418592771694,
1791370226.2972567,balance,0.050895478010453556,-0.019360378280750126,0.02044401728695971,2.903599624376431,-0.030742907023111814,-0.00029144629961797117,0.17526323065441174,-0.234712022556824,0.0,0.013677800368519762,False,0.0,0.0,0.5502180326621772,0.5501946751647638,0.1848152533120094,0.1835995489363716,1.1400000000000001,-1.45,3.8515262286352403,3.8513627261533467,3.0326978178230237,-3.0325690757112964,
1791370226.3072197,balance,0.07347664927667458,-0.020686315256225107,0.04308923395949027,1.8865745889385195,-0.030678861616802274,-0.00029144629961797117,0.17580014216603018,0.013864018681106375,0.0,0.013002106560970655,False,0.0,0.0,0.49888140580210844,0.5010246600056262,0.18522011670160538,0.18461277435272638,0.93,-1.06,3.492169840614759,3.507172620039383,2.7497400319801253,-2.7615532441254986,
1791370226.3172314,balance,0.0907036185558151,-0.019937795102750438,0.060360245381692025,1.4673127084430453,-0.030634819473741047,-0.00029144629961797117,0.17618380325312785,0.4195204848531062,0.0,0.016129732020472534,False,0.0,0.0,0.5293739445584935,0.4937207177648924,0.18582698433183598,0.18501769687065542,0.8200000000000001,-1.1400000000000001,3.705617611909455,3.4560450243542467,2.9178091432357913,-2.721295294767123,
1791370226.327234,balance,0.09903783283696693,-0.018625952369937457,0.06865920276114451,0.6056393640362174,-0.030670076375440395,-0.00029144629961797117,0.17587689542761684,0.759725159541169,0.5806942602741617,0.0008951544963350367,False,0.0,0.0,0.40693771559612435,0.34638960426703175,0.18542246149501598,0.18461277435272638,1.1,-1.7,2.8485640091728706,2.424727229869222,2.2429637867502916,-1.909234039267104,
1791370226.3372555,balance,0.10402011455465372,-0.018701345032965742,0.07356983910912128,0.06672224348379575,-0.030741721745150417,-0.00029144629961797117,0.1752633875929182,0.9529584896150033,0.7193161511955757,0.001168211692097138,False,0.0,0.0,0.29118941723706937,0.23630657133742644,0.18441020567926045,0.18400495692938382,2.19,-2.19,2.0383259206594855,1.6541459993619851,1.6049810398893587,-1.3024771648519569,
1791370226.34723,balance,0.098263251343937,-0.01697385959158525,0.0677042520605983,-0.7629680917060241,-0.03085044558295668,-0.00029144629961797117,0.17441911838911267,1.0256792896624725,0.7400190683608007,0.001428301106508359,False,0.0,0.0,0.11337665174260936,0.09285714285714286,0.18299090309463303,0.18319381530020945,2.63,-2.77,0.7936365621982655,0.65,0.624910678896272,-0.5118110236220472,
1791370226.357272,balance,0.08718113677165246,-0.015727215382682257,0.05648593397476985,-1.7470700202263012,-0.03098664909650058,-0.00029144629961797117,0.17349702991311308,1.0147840738669986,0.8577952339324563,0.0007849441996727119,False,0.0,0.0,-0.12110835479783365,-0.12270014971358824,0.18197564376362416,0.1817724031114216,3.5500000000000003,-4.2,-0.8477584835848355,-0.8589010479951177,-0.6675263650274296,0.6763000377914312,
1791370226.3672464,balance,0.06340686240468366,-0.017313299335942705,0.03252746993885754,-2.708842406737519,-0.031170838765444086,-0.00029144629961797117,0.17241980820457337,0.8778428689239887,0.0,0.004711977498786287,False,0.0,0.0,-0.25238658865316854,-0.33375053113588904,0.18095909832971635,0.17994140399620362,3.98,-5.2700000000000005,-1.76670612057218,-2.336253717951223,-1.3911071815528975,1.8395698566545062,
1791370226.377341,balance,0.03100671793316117,-0.018273380031992123,-5.711702954310253e-06,-3.598688861488422,-0.03130387593573345,-0.00029144629961797117,0.17172675283704508,0.5536715574897779,0.0,0.011198530689770472,False,0.0,0.0,-0.46860507633552506,-0.5398319297449977,0.1803486455666257,0.178718611294844,4.2,-5.64,-3.2802355343486753,-3.778823508214984,-2.5828626254713978,2.9754515812716407,
1791370226.387221,balance,0.0038758785781996506,-0.01805765888642535,-0.02703541271381008,-1.5451633799376274,-0.0312027375916277,-0.00029144629961797117,0.1722657304519829,0.2342887951152219,0.0,0.014316444521027474,False,0.0,0.0,-0.40675843557723035,-0.4282310805706275,0.18116249073988716,0.17933022523013067,3.43,-4.54,-2.8473090490406125,-2.9976175639943925,-2.241975629165837,2.360328790546766,
1791370226.397247,balance,0.00237479241216256,-0.01688415792624629,-0.028396976535628123,0.8170888107605845,-0.031063215247408654,-0.00029144629961797117,0.17303531854429138,-0.06111916869137628,0.0,0.014498298121590071,False,0.0,0.0,-0.09285714285714286,-0.09285714285714286,0.1817724202195233,0.18075565688651182,3.22,-3.34,-0.65,-0.65,-0.5118110236220472,0.5118110236220472,
1791370226.407233,balance,0.02128011854448471,-0.015793930806498456,-0.009356601874231226,2.830881861623369,-0.03092816671833391,-0.00029144629961797117,0.1738812832493815,-0.28797303278192393,0.0,0.012113919919457077,False,0.0,0.0,0.3156062720282821,0.30349292489925556,0.18238186609667828,0.18238184900170476,2.5500000000000003,-1.97,2.209243904197975,2.1244504742947887,1.739562129289744,-1.6727956490510147,
1791370226.4172711,balance,0.05669687919298324,-0.01696547103984837,0.02621934586419245,3.8894033317017387,-0.03076897962840876,-0.00029144629961797117,0.17503344015783548,-0.32317905338160885,0.0,0.00881997216767947,False,0.0,0.0,0.6535090476995087,0.6194642842782853,0.1840049739935406,0.18380225539794318,1.24,-1.5,4.574563333896561,4.336249989947997,3.602018373146898,-3.4143700708251945,
1791370226.4272392,balance,0.09160555545715245,-0.017507929846088358,0.061226925381330025,3.0246966928529835,-0.030670076375440395,-0.00029144629961797117,0.17587689542761684,-0.2691695171069309,0.0,0.006128276996610161,False,0.0,0.0,0.6869089438024835,0.6752234658240103,0.18542246149501598,0.18461277435272638,0.58,-0.91,4.808362606617385,4.726564260768072,3.7861122886751057,-3.7217041423370643,
1791370226.4372592,balance,0.1186974317205625,-0.013456864690138843,0.08840322401021096,2.6719352726191254,-0.03058565400996952,-0.00029144629961797117,0.17664398199940967,-0.2691695171069309,0.0,0.003436581825540852,False,0.0,0.0,0.6605388166476869,0.6360945355008573,0.18623130413480038,0.18582696731162412,0.29,-0.28,4.623771716533808,4.452661748506001,3.6407651311289824,-3.506032872839371,
1791370226.4472315,balance,0.14315203256372455,-0.01301798462325356,0.11287916179724983,2.1436255129968114,-0.03056431706609269,-0.00029144629961797117,0.17687373522393784,-0.2691695171069309,-0.21791555972883273,-0.00025626978689049075,False,0.0,0.0,0.6417821202144747,0.6101552849453715,0.18643340799374775,0.18623128712095785,0.35000000000000003,-0.25,4.4924748415013225,4.271086994617601,3.5373817649616712,-3.3630606256831506,
1791370226.4572577,balance,0.16376264170443494,-0.01612887859591992,0.1334755524731573,2.011320607634172,-0.030578535530895627,-0.00029144629961797117,0.17672056639864245,0.1573305063345387,0.11388723810883614,0.0002172163411285129,False,0.0,0.0,0.6171539300360542,0.6365562885024069,0.18582698433183598,0.18643339097990522,1.02,-0.42,4.320077510252379,4.455894019516848,3.4016358348443934,-3.5085779681235025,
1791370226.467219,balance,0.17819759746150685,-0.010093682959046262,0.14781040742367582,1.1288667908985837,-0.030678636337448998,-0.00029144629961797117,0.17580004024618023,0.6778305112536623,0.4244953047410048,0.0012666760325632878,False,0.0,0.0,0.5569244535713731,0.5321132130109218,0.1848152533120094,0.18501769687065542,1.6,-1.8,3.898471174999612,3.724792491076453,3.0696623425193796,-2.932907473288546,
1791370226.4772427,balance,0.19019208906504226,-0.00915709080673657,0.15970545385281024,0.8972243288625104,-0.030778081511849995,-0.00029144629961797117,0.1749567910417582,0.938996404887699,0.6674176499086159,0.0013578937748954156,False,0.0,0.0,0.5503161158376202,0.4945549232693252,0.18380227246209999,0.18380225539794318,2.52,-2.9,3.8522128108633416,3.4618844628852763,3.0332384337506624,-2.725893277862422,
1791370226.4872198,balance,0.19056275899192646,-0.016673771176522776,0.15987927338535649,-0.3140037491594652,-0.03097493190618794,-0.00029144629961797117,0.17357388053281125,1.0266137781690727,0.7578031205825149,0.0013440532879327894,False,0.0,0.0,0.3088361167296206,0.3155958628569145,0.18197564376362416,0.18197562665552244,3.56,-3.73,2.161852817107344,2.2091710399984015,1.7022463126829481,-1.7395047559042531,
1791370226.4972718,balance,0.18487760142718318,-0.014163684160833396,0.15398512385011998,-1.1725434675442565,-0.03118392387668116,-0.00029144629961797117,0.17234283453840127,1.0381719210444795,0.8602624832436424,0.0008895471890041856,False,0.0,0.0,0.1447498603589284,0.10813743484651646,0.1801450559451548,0.18055221804917715,4.8,-5.0600000000000005,1.0132490225124988,0.7569620439256152,0.7978338759940935,-0.5960331054532403,
1791370226.507244,balance,0.1668919257730887,-0.013355204815430476,0.1357386262059492,-2.127424827459053,-0.031444745866757474,-0.00029144629961797117,0.17103344470077045,0.990634087567272,0.9423388595354452,0.0002414761401591342,False,0.0,0.0,-0.09285714285714286,-0.2034140902680886,0.1791264118333987,0.178106712007808,5.3,-6.58,-0.65,-1.4238986318766202,-0.5118110236220472,1.121180025099701,
1791370226.5172453,balance,0.13948985128621638,-0.020634558835728227,0.10811018288925416,-3.4256938807467234,-0.031671114696580197,-0.00029144629961797117,0.17003119259498603,0.7915432330375529,0.0,0.008802482536741452,False,0.0,0.0,-0.2678345929254907,-0.286794695191835,0.1776984917096465,0.17688154279271395,6.18,-6.88,-1.8748421504784352,-2.0075628663428446,-1.4762536617940434,1.5807581624746807,
1791370226.5272448,balance,0.10665416442025999,-0.020335776592625802,0.07530932194825254,-2.6661718765420908,-0.031636288771625415,-0.00029144629961797117,0.17018544255288967,0.5011724317724034,0.0,0.014573867506311226,False,0.0,0.0,-0.3563007268576736,-0.3467323187262935,0.17810672918053205,0.17688154279271395,5.21,-6.43,-2.494105088003715,-2.4271262310840545,-1.9638622740186733,1.9111230166016178,
1791370226.5372596,balance,0.09213996260038691,-0.015365629388695743,0.061001013755724656,-0.35627630716154063,-0.031430395144280227,-0.00029144629961797117,0.17111046596593432,0.21873644785011154,0.0,0.017527144425970337,False,0.0,0.0,-0.12343536333045292,-0.09841221136097082,0.17953407294526705,0.17790262162875725,4.14,-4.87,-0.8640475433131705,-0.6888854795267958,-0.680352396309583,0.5424295114384219,
1791370226.5472584,balance,0.1049127929235747,-0.013369432675633267,0.07416700365143776,2.5904000172403925,-0.031037235571754907,-0.00029144629961797117,0.17318926373942883,0.0234603108819423,0.0,0.018188444264210065,False,0.0,0.0,0.36033749237243073,0.3934191109951058,0.1817724202195233,0.18116247362125046,2.64,-1.97,2.522362446607015,2.7539337769657406,1.986112162682689,-2.16845179288641,
1791370226.5572536,balance,0.13772805496385884,-0.01675619026013352,0.10725961555036319,3.4571812606357737,-0.03075988571311362,-0.00029144629961797117,0.17511008928840055,0.01184560369638846,0.0,0.018150581248453236,False,0.0,0.0,0.7188930600123578,0.7365720089024886,0.1840049739935406,0.18400495692938382,1.23,-0.66,5.032251420086505,5.156004062317421,3.9624026929814997,-4.059845718360174,
1791370226.5672886,balance,0.16470201874993734,-0.018205740041057128,0.1343674248352287,2.0874384494916476,-0.030626040214326612,-0.00029144629961797117,0.17626056002086532,0.06348482391345796,0.0,0.018785429487587817,False,0.0,0.0,0.6968953370367813,0.7019193497334252,0.18562480481305557,0.18542244446089073,0.33,-0.48,4.878267359257469,4.913435448133976,3.841155400990133,-3.8688468095543116,
1791370226.5773132,balance,0.18545563987344832,-0.0163624508603926,0.15520405069076063,2.266596089307161,-0.030543035482305667,-0.00029144629961797117,0.17710348852878158,0.06348482391345796,0.0578958344547496,2.7944947293541795e-05,False,0.0,0.0,0.695898235154351,0.6941103979769099,0.18663550718186553,0.18663549018193595,-0.05,0.21,4.871287646080457,4.858772785838369,3.8356595638428796,-3.825805343179818,
1791370226.587218,balance,0.2079430551874303,-0.01829418950246778,0.17772491060586507,1.9552723256821583,-0.03050959088118321,-0.00029144629961797117,0.17748593472959687,0.06348482391345796,0.042025002378811044,0.00010729910767323458,False,0.0,0.0,0.7061420507760755,0.690874094345157,0.18703938436158618,0.1872412220645504,-0.12,0.28,4.942994355432528,4.8361186604160995,3.892121539710652,-3.807967449146535,
1791370226.59725,balance,0.2254221023231018,-0.019901670901605932,0.1952296305430854,1.795483982173625,-0.030483918079634367,-0.00029144629961797117,0.17779164627576097,0.06348482391345796,0.0380950820552453,0.00012694870929106332,False,0.0,0.0,0.6677572115615943,0.6640167177102766,0.18764479832261113,0.1874430046775467,-0.53,0.48,4.67430048093116,4.6481170239719365,3.680551559788315,-3.659934664544832,
1791370226.6072621,balance,0.2390579972605289,-0.016462255600396058,0.20883342065379748,0.7036961329315665,-0.03051602290634939,-0.00029144629961797117,0.17740950686137327,0.06348482391345796,0.04021119299870374,0.00011636815457377111,False,0.0,0.0,0.5420429365429512,0.5312713427976155,0.18703938436158618,0.1870393673616566,0.32,-0.09,3.7943005558006586,3.718899399583308,2.987638232913904,-2.9282672437663844,
1791370226.6172547,balance,0.24648374684149385,-0.017007384225358045,0.21621797607675464,1.083232329979686,-0.03055721706435717,-0.00029144629961797117,0.17695031964997726,0.06348482391345796,0.03484534024921978,0.00014319741832119088,False,0.0,0.0,0.5247463071058162,0.5023954820640311,0.18663550718186553,0.18623128712095785,0.4,-0.78,3.673224149740713,3.516768374448217,2.8923024801107977,-2.769108956258439,
1791370226.627219,balance,0.25308138361518506,-0.018182937442137604,0.222769779719251,0.1912514260975963,-0.030603050195552043,-0.00029144629961797117,0.17649047865337075,0.3716190729486759,0.24511561901046947,0.0006325172696910323,False,0.0,0.0,0.4366420668545817,0.41433899737963115,0.18623130413480038,0.18542244446089073,0.66,-1.3800000000000001,3.0564944679820716,2.900372981657418,2.406688557466198,-2.2837582532735574,
1791370226.6372511,balance,0.2534008481135843,-0.015341068605059205,0.2229414946576951,-0.12381663676523366,-0.030750799755507187,-0.00029144629961797117,0.17518673843343446,0.7467686789021908,0.4890039789818865,0.0012888234996015213,False,0.0,0.0,0.38502573986850097,0.34789654654118096,0.18441020567926045,0.18380225539794318,2.23,-2.92,2.695180179079507,2.435275825788267,2.1221891173854384,-1.917540020305722,
1791370226.6472397,balance,0.24480228447615918,-0.013923726961903674,0.21405406993553416,-1.3385947324492522,-0.031039660840242986,-0.00029144629961797117,0.17318901949601026,0.882722748929697,0.7104356104901136,0.0008614356921979172,False,0.0,0.0,0.19745675070616758,0.14125341091815566,0.18217879849987784,0.18075565688651182,3.85,-5.6000000000000005,1.3821972549431731,0.9887738764270896,1.088344295230845,-0.7785621074229052,
1791370226.6572576,balance,0.22495753907586866,-0.013718012364555793,0.19375150499563298,-2.538747232213532,-0.03149748037985363,-0.00029144629961797117,0.17080213484377268,0.8847644824268401,0.8258315982029713,0.00029466442111934446,False,0.0,0.0,-0.11841642053188141,-0.14243523145639647,0.1791264118333987,0.17749431502130492,5.8500000000000005,-7.36,-0.8289149437231699,-0.9970466201947753,-0.6526889320654881,0.7850760788935238,
1791370226.6672328,balance,0.19364226053654937,-0.01426081516044083,0.16198464081459965,-3.5363980469978684,-0.03194906602156769,-0.00029144629961797117,0.16895121600817997,0.7451878211322136,0.0,0.008208763774864384,False,0.0,0.0,-0.24810843535507185,-0.2861273896064606,0.17647285020255438,0.17524566196413835,7.24,-8.33,-1.736759047485503,-2.0028917272452245,-1.3675268090437032,1.57708010019309,
1791370226.6772594,balance,0.16147865444237613,-0.013741340527329527,0.1296727355445458,-2.637771977044181,-0.032097365197448297,-0.00029144629961797117,0.1684107141889871,0.5182908115225155,0.0,0.01401680160179943,False,0.0,0.0,-0.28967470691663644,-0.28719706366104036,0.17565492475915573,0.17463151240134242,7.16,-7.7700000000000005,-2.027722948416455,-2.0103794456272825,-1.5966322428476023,1.5829759414388052,
1791370226.6872187,balance,0.1466995154143713,-0.011652967048190998,0.11518627965361777,-0.36814482155927725,-0.031804682060371486,-0.00029144629961797117,0.16949152715287039,0.30335853396611095,0.0,0.01758386084737229,False,0.0,0.0,-0.09285714285714286,0.0,0.1768815599954663,0.17626840010055292,5.66,-5.73,-0.65,0.0,-0.5118110236220472,-0.0,
1791370226.6972454,balance,0.15831798471741187,-0.009556279293521512,0.1273401154717843,2.077305712127851,-0.03126931554524555,-0.00029144629961797117,0.17188123822169618,0.20533862809992046,0.0,0.019832981064550323,False,0.0,0.0,0.38206009385981926,0.47313389926798616,0.17994142114148953,0.17953405578606485,3.5300000000000002,-3.21,2.674420657018735,3.311937294875903,2.105843037022626,-2.6078246416345694,
1791370226.707229,balance,0.18011463849227882,-0.009037670942117259,0.14952326776178157,1.8510396986139046,-0.030882817030115233,-0.00029144629961797117,0.17418864590685898,0.19591518988804738,0.0,0.02175030804904843,False,0.0,0.0,0.559802635799864,0.6413246133560841,0.18299090309463303,0.18258491659850523,1.68,-1.24,3.9186184505990482,4.489272293492589,3.085526339054369,-3.534860073616212,
1791370226.7172744,balance,0.19152123746210387,-0.010066814326645789,0.1611516100561571,0.9041563593708972,-0.030661073705564725,-0.00029144629961797117,0.17595354678361153,0.23179655395555596,0.0,0.02406827358860399,False,0.0,0.0,0.49140752545314953,0.5326595367530376,0.18542246149501598,0.18481523626813487,0.21,-0.3,3.4398526781720467,3.728616757271263,2.7085454158835014,-2.9359187065128056,
1791370226.7272384,balance,0.1982459069483692,-0.011292946264707528,0.1679943177656815,0.2889291801572044,-0.030543035482305667,-0.00029144629961797117,0.17710348852878158,0.23179655395555596,0.21304561897170857,9.375467491923695e-05,False,0.0,0.0,0.35165222140067504,0.43126644727808505,0.18663550718186553,0.18663549018193595,-0.06,0.4,2.461565549804725,3.0188651309465953,1.9382405903974214,-2.3770591582256655,
1791370226.7372587,balance,0.20118663132154813,-0.00990964892745707,0.1709620547148167,0.4831373076247609,-0.030516022906349388,-0.00029144629961797117,0.17740950686137327,0.23179655395555596,0.15261436968164008,0.0003959109213695794,False,0.0,0.0,0.3038646269554388,0.4019118456330807,0.18683744577172584,0.1872412220645504,0.13,0.36,2.127052388688072,2.813382919431565,1.6748444005417888,-2.215262141284697,
1791370226.7472322,balance,0.20188012807062522,-0.008657506025139337,0.1716420568610188,-0.42300793792746144,-0.030529517509224377,-0.00029144629961797117,0.17725649768550214,0.23179655395555596,0.14378423279907313,0.00044006160578241414,False,0.0,0.0,0.20140331792096478,0.2778860945895213,0.18663550718186553,0.1870393673616566,0.3,-0.03,1.4098232254467535,1.9452026621266492,1.1100970279108295,-1.5316556394698024,
1791370226.7572389,balance,0.19656285375337565,-0.010775225953172745,0.16631833359404577,-0.5946300925645447,-0.03053596645894786,-0.00029144629961797117,0.17718006984004664,0.23179655395555596,0.1344022123613455,0.0004869717079710523,False,0.0,0.0,0.10462389241099349,0.2021778133493112,0.18663550718186553,0.18683742877179627,0.3,-0.14,0.7323672468769544,1.4152446934451783,0.5766671235251609,-1.1143659003505342,
1791370226.767212,balance,0.1884903925941876,-0.011175387807323113,0.15820330336290994,-0.9804067763460683,-0.030578535530895627,-0.00029144629961797117,0.17672056639864245,0.4758132837622588,0.29231652925162777,0.0009174837725531551,False,0.0,0.0,0.0,0.1394426420102303,0.18582698433183598,0.18643339097990522,1.1,-0.8200000000000001,0.0,0.9760984940716121,0.0,-0.7685814913949701,
1791370226.7772634,balance,0.1749157601648527,-0.0075661086857795835,0.1445107513507068,-1.6387398613480226,-0.030696455113763874,-0.00029144629961797117,0.17564663567486105,0.7502553883862466,0.5154019526708676,0.001174267178576895,False,0.0,0.0,0.0,0.0,0.1846127914071344,0.18481523626813487,1.68,-2.04,0.0,0.0,0.0,-0.0,
1791370226.7872064,balance,0.15449186417840838,-0.009340949210049156,0.12394323688531206,-2.4874364040891237,-0.030840073592714283,-0.00029144629961797117,0.1744959296454621,0.7992605085031266,0.7127211838518049,0.0004326966232566082,False,0.0,0.0,-0.26407441568559653,-0.19111562033237073,0.18339669919636176,0.1829908860068136,2.84,-3.47,-1.8485209097991757,-1.337809342326595,-1.4555282754324217,1.0533931829343268,
1791370226.7972417,balance,0.1258600352303638,-0.012134153685802888,0.09507528339990387,-3.101900238479276,-0.031076198130077885,-0.00029144629961797117,0.1729583484340984,0.6415872214356567,0.0,0.007402209954821737,False,0.0,0.0,-0.36258184850646274,-0.2743724299837468,0.18116249073988716,0.18116247362125046,3.94,-4.29,-2.538072939545239,-1.9206070098862273,-1.9984826295631803,1.5122889841623837,
1791370226.807214,balance,0.09820519363394199,-0.011555531948495994,0.06732663819707502,-2.028633351108052,-0.031170001736484945,-0.00029144629961797117,0.1724197398057333,0.3741839568025843,0.0,0.011850639380732149,False,0.0,0.0,-0.3256779869167069,-0.28699899973188114,0.1803486455666257,0.18055221804917715,4.15,-4.2,-2.2797459084169485,-2.0089929981231682,-1.795075518438542,1.5818842504906836,
1791370226.8172417,balance,0.09307110691767595,-0.010936031250321032,0.062260305985104125,0.5289389530302726,-0.031102247232189795,-0.00029144629961797117,0.17280440341446435,0.18663703309874033,0.0,0.014166979617593863,False,0.0,0.0,0.09285714285714286,0.0,0.18095909832971635,0.18095908120471274,3.49,-3.58,0.65,0.0,0.5118110236220472,-0.0,
1791370226.8272245,balance,0.10603473651290142,-0.010724785543516793,0.07533834738872833,1.6631212959832795,-0.03098783542379107,-0.00029144629961797117,0.17349691021426358,0.06854816628354317,0.0,0.015105961408853341,False,0.0,0.0,0.37074349561647213,0.2845042933658506,0.18217879849987784,0.18156917099526568,2.57,-3.04,2.5952044693153047,1.9915300535609541,2.043468086075043,-1.568133900441696,
1791370226.8372607,balance,0.12217324222253563,-0.012959542137777766,0.09159104654547026,1.4385389936819257,-0.030873641976683335,-0.00029144629961797117,0.17426541747232188,0.04984818082360143,0.0,0.015557806699842589,False,0.0,0.0,0.46035189551821176,0.3587245237573184,0.18339669919636176,0.18238184900170476,2.11,-2.39,3.2224632686274823,2.5110716663012287,2.5373726524625844,-1.9772217844891564,
1791370226.8472333,balance,0.1290399610826334,-0.016678705590408738,0.09852116200733316,0.12080872631857072,-0.030810245374918218,-0.00029144629961797117,0.17472619799060563,0.1527346195384259,0.0,0.016707926504906854,False,0.0,0.0,0.3417646531515083,0.2279503998466763,0.1840049739935406,0.1829908860068136,1.76,-2.25,2.392352572060558,1.5956527989267342,1.8837421827248486,-1.256419526713964,
1791370226.857231,balance,0.1275008987075996,-0.018806220915339067,0.0970312775706515,-0.3153921079810903,-0.030761067436566068,-0.00029144629961797117,0.1751099302764223,0.38435842193711545,0.0,0.01991715505681343,False,0.0,0.0,0.23580430557190776,0.1658116160746851,0.18441020567926045,0.1835995489363716,1.61,-1.75,1.6506301390033544,1.1606813125227955,1.299708770868783,-0.9139222933250358,
1791370226.8672478,balance,0.1179134899612241,-0.017664275559211996,0.08743477438322877,-1.4025640514604096,-0.030770161877613285,-0.00029144629961797117,0.17503328114773908,0.576527724683211,0.472925041461638,0.0005180134161078651,False,0.0,0.0,0.0,-0.09285714285714286,0.18420761995138657,0.1835995489363716,1.6600000000000001,-2.27,0.0,-0.65,0.0,0.5118110236220472,
1791370226.8773134,balance,0.10225168585124103,-0.019095950622610613,0.0717237507700883,-1.9677766304532125,-0.030819381380770693,-0.00029144629961797117,0.17464954894034834,0.6388379875132609,0.0,0.0038740625498322624,False,0.0,0.0,-0.09285714285714286,-0.16704632678419729,0.18380227246209999,0.1829908860068136,2.33,-2.81,-0.65,-1.169324287489381,-0.5118110236220472,0.9207277854247095,
1791370226.8872268,balance,0.07693298503088376,-0.02217244042339151,0.04634038883531272,-2.593457182748147,-0.030884042495189015,-0.00029144629961797117,0.1741886062767826,0.5193331766800918,0.0,0.009447714139069157,False,0.0,0.0,-0.294627847409887,-0.29858064731382383,0.18319383237828069,0.18238184900170476,2.25,-2.94,-2.062394931869209,-2.090064531196767,-1.6239330172198498,1.6457201033045408,
1791370226.8972423,balance,0.05583958576956425,-0.023514639128412933,0.025257390092498885,-1.7715591458731386,-0.030873641976683335,-0.00029144629961797117,0.17426541747232188,0.32228693723396495,0.0,0.013255698021648776,False,0.0,0.0,-0.29913678563022306,-0.2591208547155372,0.18339669919636176,0.18238184900170476,2.27,-3.06,-2.0939574994115615,-1.8138459830087603,-1.6487854326075286,1.4282251834714648,
1791370226.907215,balance,0.04545362086514811,-0.025724298176029222,0.01488181654212649,-0.18277832239506475,-0.030863250622639594,-0.00029144629961797117,0.17434222868669497,0.0892453270820803,0.0,0.014721852246151456,False,0.0,0.0,-0.18578133490087734,-0.09285714285714286,0.18359956601444283,0.18238184900170476,1.99,-2.77,-1.3004693443061415,-0.65,-1.0239916096898751,0.5118110236220472,
1791370226.9172533,balance,0.05591451067876555,-0.025305660393151897,0.02540483959724875,1.796353515276874,-0.030801117381134772,-0.00029144629961797117,0.17480284705543397,-0.06874880169969523,0.0,0.01439402173049568,False,0.0,0.0,0.10452606860011761,0.29839084560210666,0.18420761995138657,0.1829908860068136,1.6600000000000001,-2.23,0.7316824802008233,2.0887359192147468,0.5761279371660025,-1.644673952137596,
1791370226.9272487,balance,0.07852664503353178,-0.023015750761058378,0.04807518431003793,2.4854372251171744,-0.030742907023111814,-0.00029144629961797117,0.17526323065441174,-0.09651045051190059,0.0,0.0133803675425532,False,0.0,0.0,0.37591549707121497,0.5251153403513524,0.1848152533120094,0.1835995489363716,1.17,-1.84,2.631408479498505,3.675807382459467,2.071975180707484,-2.8943365216216277,
1791370226.9372337,balance,0.09830584768485524,-0.022755840133145147,0.06789134014649552,1.3102477483725472,-0.0307059538379777,-0.00029144629961797117,0.17557019443090252,0.03478290943723845,0.0,0.01323182263783012,False,0.0,0.0,0.3846780641584563,0.4801824383149421,0.18522011670160538,0.18400495692938382,0.9400000000000001,-1.74,2.692746449109194,3.3612770682045947,2.1202727945741686,-2.6466748568540117,
1791370226.9473345,balance,0.10867888043136902,-0.022170166075602113,0.07832675269235181,0.9736937127868432,-0.030643574038635168,-0.00029144629961797117,0.17610704993710094,0.1782421378933963,0.0,0.015014244016764083,False,0.0,0.0,0.35734724488259206,0.420174248233735,0.18582698433183598,0.18481523626813487,0.6,-0.91,2.501430714178144,2.941219737636145,1.969630483604838,-2.315921053256807,
1791370226.9572582,balance,0.1115583457797577,-0.02018522404350986,0.08118871837381095,-0.3947320091451832,-0.030661073705564725,-0.00029144629961797117,0.1759535467836115,0.5634420703629825,0.4803011053166924,0.00041570482523145075,False,0.0,0.0,0.1787538336784995,0.2175774834131374,0.18522011670160538,0.18501769687065542,1.34,-1.23,1.2512768357494966,1.5230423838919618,0.9852573509838556,-1.1992459715684738,
1791370226.9672377,balance,0.10673372580778492,-0.017211921715168717,0.07633774294737593,-0.5486877614073831,-0.030687429160026963,-0.00029144629961797117,0.1757232869978255,0.8203818507747941,0.6319401795114231,0.0009422083563168549,False,0.0,0.0,0.09285714285714286,0.09655831235377743,0.1848152533120094,0.18481523626813487,1.6400000000000001,-1.53,0.65,0.675908186476442,0.5118110236220472,-0.5322111704538913,
1791370226.9772725,balance,0.0924677364349285,-0.016359960001077607,0.06191910914183219,-2.1007011732609446,-0.030840073592714283,-0.00029144629961797117,0.1744959296454621,0.8940489666275305,0.6918789192325239,0.0010108502369750333,False,0.0,0.0,-0.12258147961546134,-0.12996507530566717,0.18319383237828069,0.18319381530020945,2.7600000000000002,-3.15,-0.8580703573082293,-0.9097555271396702,-0.6756459506364011,0.7163429347556458,
1791370226.9872217,balance,0.06874977582962484,-0.01589982292357716,0.03808969350417739,-2.651857981027557,-0.030951528625065425,-0.00029144629961797117,0.17372758184360407,0.827431500595507,0.0,0.004524148649354469,False,0.0,0.0,-0.29366491218244317,-0.301738737020538,0.18238186609667828,0.18197562665552244,3.22,-3.81,-2.0556543852771023,-2.1121711591437657,-1.6186255002181908,1.663126896963595,
1791370226.9972575,balance,0.035602346072453946,-0.01567536133880885,0.004790742972769082,-3.6726939203193125,-0.031103049399302835,-0.00029144629961797117,0.17280446909926184,0.5165054425149025,0.0,0.010645945757943505,False,0.0,0.0,-0.5169398803810917,-0.5286931311803655,0.18136583942689477,0.18055221804917715,3.5500000000000003,-4.58,-3.618579162667642,-3.7008519182625585,-2.8492749312343637,2.9140566285531957,
1791370227.0072372,balance,0.008666197394376409,-0.016738552010165053,-0.02211938019707528,-1.5469529588373687,-0.03107702389106966,-0.00029144629961797117,0.17295841167176695,0.12820098505537209,0.0,0.01295394828729432,False,0.0,0.0,-0.43365924233037223,-0.436789005045585,0.1817724202195233,0.18055221804917715,3.0300000000000002,-3.88,-3.0356146963126056,-3.057523035319095,-2.3902477923721306,2.4074984530071615,
1791370227.0172265,balance,0.007264022067475109,-0.015557295879033761,-0.023396060257972348,0.8508745366069044,-0.030951528625065425,-0.00029144629961797117,0.17372758184360407,-0.24180892406991378,0.0,0.01149218571113856,False,0.0,0.0,-0.10569187055189048,-0.09397278994571016,0.18238186609667828,0.18197562665552244,2.7600000000000002,-2.46,-0.7398430938632334,-0.6578095296199712,-0.5825536172151444,0.5179602595432844,
1791370227.027246,balance,0.02391566571553843,-0.015315616390412377,-0.006643333567800279,2.28770418734613,-0.03085044558295668,-0.00029144629961797117,0.17441911838911267,-0.5138006802878118,-0.47957715910566434,-0.00017111760591073723,False,0.0,0.0,0.22976323876152793,0.22610057661528538,0.18299090309463303,0.18319381530020945,2.2,-1.72,1.6083426713306954,1.5827040363069975,1.2664115522288941,-1.2462236506354312,
1791370227.0372746,balance,0.0546053414601994,-0.01710380574692204,0.024173198235296633,3.7009229514353237,-0.03072358952452074,-0.00029144629961797117,0.17541668595515933,-0.5518353827597684,0.0,-0.005779533843199306,False,0.0,0.0,0.5522128647150331,0.5134937911159251,0.18441020567926045,0.18441018862485245,1.28,-1.04,3.8654900530052316,3.5944565378114754,3.0436929551222294,-2.8302807384342326,
1791370227.0472379,balance,0.08950966306350377,-0.018627753734851565,0.059140035657557016,2.9732446074167607,-0.030661073705564725,-0.00029144629961797117,0.17595354678361153,-0.38906118739189227,0.0,-0.01018340311898827,False,0.0,0.0,0.6227807344417523,0.6017049137919783,0.18542246149501598,0.18481523626813487,0.85,-1.1500000000000001,4.359465141092266,4.211934396543848,3.432649717395485,-3.3164837768061792,
1791370227.0572696,balance,0.11378404007229942,-0.017795650590578107,0.0834652977707704,2.375316072195496,-0.030610188601146986,-0.00029144629961797117,0.1764138942850058,-0.38906118739189227,0.0,-0.014074014992907192,False,0.0,0.0,0.5731826206426931,0.5377320956193138,0.18602916385061638,0.18542244446089073,0.4,-0.47000000000000003,4.012278344498852,3.7641246693351964,3.15927428700697,-2.9638776923899184,
1791370227.0672345,balance,0.13623609142550036,-0.01739277008993663,0.10596322065902564,1.7788333425960732,-0.03056431706609269,-0.00029144629961797117,0.17687373522393784,-0.38906118739189227,-0.3812095132362148,-3.925837077838723e-05,False,0.0,0.0,0.5701210400591457,0.5191049040179014,0.18643340799374775,0.18623128712095785,0.39,-0.42,3.9908472804140196,3.63373432812531,3.1423994333968657,-2.8612081323821337,
1791370227.0773978,balance,0.14874167698540286,-0.0206074940815074,0.11844034462083503,1.221111174008771,-0.030592778664185805,-0.00029144629961797117,0.17656739760913567,-0.38906118739189227,-0.2820938791418761,-0.0005348365412500808,False,0.0,0.0,0.45601044993240814,0.4294406297532329,0.18582698433183598,0.18602914683040456,0.87,-0.67,3.192073149526857,3.0060844082726303,2.5134434248242967,-2.3669955970650634,
1791370227.0872297,balance,0.15681391107599846,-0.0187058234919805,0.12641792821558948,0.10586276451042313,-0.030687429160026963,-0.00029144629961797117,0.1757232869978255,0.35151738526498766,0.22767214738321617,0.0006192261894088575,False,0.0,0.0,0.3506444710671637,0.2992012998849293,0.1848152533120094,0.18481523626813487,1.77,-2.18,2.4545112974701455,2.094409099194505,1.9326860610001146,-1.649141022987799,
1791370227.0972633,balance,0.15583229347159683,-0.01594898540421074,0.12532262239008002,-0.08268443351100672,-0.030801117381134772,-0.00029144629961797117,0.17480284705543397,0.7320655212065217,0.5203358044818254,0.0010586485836234815,False,0.0,0.0,0.2953439272739716,0.1848413190685345,0.18420761995138657,0.1829908860068136,1.8800000000000001,-3.35,2.067407490917801,1.2938892334797414,1.6278799141085045,-1.0188104200627885,
1791370227.1072288,balance,0.14871215387621953,-0.019879313306992986,0.11802627257150868,-1.4263861799475024,-0.03097732760432882,-0.00029144629961797117,0.1735736386968777,0.8887281204812556,0.64861583315639,0.0012005614366243278,False,0.0,0.0,0.09285714285714286,0.0,0.18258493369347872,0.1813658223082581,3.31,-4.2700000000000005,0.65,0.0,0.5118110236220472,-0.0,
1791370227.1172416,balance,0.13301991670225613,-0.021148734124114523,0.10223516487179621,-1.6589022170450423,-0.031076198130077885,-0.00029144629961797117,0.1729583484340984,0.9271468147711414,0.7384630809842405,0.0009434186689345043,False,0.0,0.0,-0.09285714285714286,-0.13778392398857675,0.1815691881139024,0.18075565688651182,3.81,-4.36,-0.65,-0.9644874679200373,-0.5118110236220472,0.7594389511181395,
1791370227.1272478,balance,0.10839022462945688,-0.017741868115675824,0.07739508295772252,-3.03717206657684,-0.03128658797135234,-0.00029144629961797117,0.17180399550371986,0.7561254527837853,0.0,0.009082988915195553,False,0.0,0.0,-0.16915047153898533,-0.32042487864179203,0.1801450559451548,0.17912639467419647,4.5,-5.91,-1.1840533007728973,-2.242974150492544,-0.9323254336794466,1.7661213783405858,
1791370227.1372519,balance,0.07748106838939066,-0.020556072366656217,0.046454600426147956,-2.8432358986068573,-0.03131791426286067,-0.00029144629961797117,0.17164984789182908,0.4471883295325001,0.0,0.014430586014965165,False,0.0,0.0,-0.3306473720105722,-0.453780723526158,0.1801450559451548,0.178718611294844,4.2700000000000005,-5.2700000000000005,-2.3145316040740056,-3.176465064683106,-1.822465829979532,2.501153594238666,
1791370227.1472425,balance,0.05691589402497723,-0.022735717935329344,0.026009465278944748,-1.15344872753779,-0.031197875045650452,-0.00029144629961797117,0.1722659306597282,0.1236521470640196,0.0,0.01650595651165578,False,0.0,0.0,-0.2754107595819744,-0.30272153843598293,0.18075567401151546,0.1797377387490826,3.59,-4.13,-1.927875317073821,-2.1190507690518805,-1.518012060688048,1.668543912639276,
1791370227.1572783,balance,0.05851114198665502,-0.021159354707883538,0.02776292744603,1.126765547175517,-0.031039660840242986,-0.00029144629961797117,0.17318901949601026,-0.14790495315223748,0.0,0.015695513515270685,False,0.0,0.0,0.0,0.09285714285714286,0.18217879849987784,0.18075565688651182,2.7,-3.52,0.0,0.65,0.0,-0.5118110236220472,
1791370227.1672308,balance,0.07988860873722925,-0.01875292217288869,0.04929478707602682,2.8091597270438196,-0.030885267960820396,-0.00029144629961797117,0.17418856664696789,-0.2880651135864417,0.0,0.013054601762607223,False,0.0,0.0,0.346269465589894,0.4614276816463699,0.18339669919636176,0.18217878140490432,1.9000000000000001,-2.15,2.423886259129258,3.229993771524589,1.908571857582093,-2.543302182302826,
1791370227.1772628,balance,0.10924478897862203,-0.016644415059707467,0.0788307417131539,2.6972940387510107,-0.030705493565086096,-0.00029144629961797117,0.17556998645217325,-0.29561923240120735,0.0,0.010098409438595149,False,0.0,0.0,0.5162678894691082,0.6024140436913403,0.1848152533120094,0.18441018862485245,0.89,-0.63,3.6138752262837572,4.216898305839383,2.845571044317919,-3.3203923668026634,
1791370227.1872175,balance,0.1310337370517255,-0.01786245876558864,0.10073952934137395,1.9260565729608121,-0.03058565400996952,-0.00029144629961797117,0.17664398199940967,-0.29561923240120735,0.0,0.007142217114583075,False,0.0,0.0,0.4724064085369423,0.5479491410013698,0.18602916385061638,0.18602914683040456,0.09,-0.02,3.306844859758596,3.835643987009589,2.603814850203619,-3.0201921157555818,
1791370227.1972623,balance,0.14871981616455415,-0.01635619385370443,0.11848880198844616,1.3948548181077112,-0.030522460475725953,-0.00029144629961797117,0.1773330790004956,-0.29561923240120735,0.0,0.004186024790571001,False,0.0,0.0,0.43106890887713606,0.4725340986401466,0.18683744577172584,0.1870393673616566,0.0,0.16,3.0174823621399525,3.307738690481026,2.3759703638897265,-2.6045186539220677,
1791370227.2072053,balance,0.15767419220026554,-0.013233296648812025,0.12742967204093567,0.9066795708864948,-0.03053596645894786,-0.00029144629961797117,0.17718006984004664,-0.29561923240120735,-0.21117529884600197,-0.0004222196677760269,False,0.0,0.0,0.37457752918262804,0.37813683345341054,0.18663550718186553,0.18683742877179627,0.32,-0.06,2.6220427042783965,2.6469578341738735,2.0646005545499184,-2.084218767066042,
1791370227.2172685,balance,0.16441044225510704,-0.014745397994095744,0.1341375714886323,0.07465813571238847,-0.03056431706609269,-0.00029144629961797117,0.17687373522393784,-0.29561923240120735,-0.19850620164411734,-0.0004855651537854501,False,0.0,0.0,0.2677416396630995,0.27493870873697124,0.18643340799374775,0.18623128712095785,0.59,-0.96,1.8741914776416966,1.9245709611587987,1.4757413209777137,-1.5154102056368493,
1791370227.2272222,balance,0.16304925500383274,-0.013721343225508605,0.13267962759788599,-0.23289917186767853,-0.030661073705564718,-0.00029144629961797117,0.17595354678361155,0.3907687398881338,0.23355664072388777,0.0007860604958212303,False,0.0,0.0,0.18917807772683418,0.1992119731584299,0.1848152533120094,0.18542244446089073,1.48,-1.45,1.3242465440878393,1.3944838121090093,1.042713814242393,-1.0980187496921332,
1791370227.2372458,balance,0.15886071748089314,-0.011047958392789254,0.12838318415210234,-0.8238494197842274,-0.030768979628408768,-0.00029144629961797117,0.1750334401578355,0.732359539276253,0.5292631464990339,0.0010154819638860952,False,0.0,0.0,0.13033058198818323,0.10065149837319612,0.18380227246209999,0.18400495692938382,2.5300000000000002,-2.8000000000000003,0.9123140739172826,0.7045604886123729,0.7183575385175454,-0.5547720382774589,
1791370227.2472541,balance,0.14398548098801192,-0.012512855719708896,0.11327736375484193,-1.8388676839142983,-0.030999563532787967,-0.00029144629961797117,0.17342005962082016,0.8505759791056351,0.7169652803977378,0.0006680534935394867,False,0.0,0.0,0.0,-0.13628989850722903,0.18197564376362416,0.18156917099526568,3.72,-4.55,0.0,-0.9540292895506032,0.0,0.7512041650004749,
1791370227.2572541,balance,0.11928258661937624,-0.016026317617187917,0.08830471737374866,-2.9945476635881683,-0.03126931554524555,-0.00029144629961797117,0.17188123822169618,0.7614618277427186,0.0,0.008655232893102187,False,0.0,0.0,-0.22528848483508437,-0.24693322369467702,0.17994142114148953,0.17953405578606485,5.01,-5.5600000000000005,-1.5770193938455905,-1.728532565862739,-1.2417475542091263,1.3610492644588497,
1791370227.2672486,balance,0.08625629419244223,-0.015825331138802527,0.05508863097192148,-3.213733033389236,-0.031459109520138716,-0.00029144629961797117,0.17095642347086148,0.5038225828676504,0.0,0.014441905708639647,False,0.0,0.0,-0.4037567712311393,-0.4241688614898784,0.17871862846041217,0.17831070318671768,5.44,-5.79,-2.826297398617975,-2.969182030429149,-2.2254310225338383,2.3379386066371253,
1791370227.2772722,balance,0.06045628891458862,-0.01434804959606779,0.029323043587459102,-1.7338304429748703,-0.031424691626747485,-0.00029144629961797117,0.17111067363858218,0.16356679342909122,0.0,0.017004952934061634,False,0.0,0.0,-0.34842759321300193,-0.382600909727022,0.17871862846041217,0.178718611294844,5.0200000000000005,-4.92,-2.4389931524910136,-2.678206368089154,-1.9204670492055225,2.1088239118812235,
1791370227.2872612,balance,0.060442941794535535,-0.011838726162629293,0.029550464217472344,1.4674102141944232,-0.03118392387668116,-0.00029144629961797117,0.17234283453840127,-0.10634390452054493,0.0,0.016584271521002374,False,0.0,0.0,0.09285714285714286,0.09285714285714286,0.1801450559451548,0.18055221804917715,3.69,-3.2,0.65,0.65,0.5118110236220472,-0.5118110236220472,
1791370227.2972603,balance,0.08666505801105288,-0.011983302357932157,0.05604000306456987,3.263871172578512,-0.030916501246100982,-0.00029144629961797117,0.17395813398781085,-0.2559586880115648,0.0,0.014327496554463122,False,0.0,0.0,0.5013027166476118,0.48891346144143616,0.18258493369347872,0.18238184900170476,2.1,-1.82,3.509119016533283,3.422394230090053,2.7630858397899862,-2.6947986063701204,
1791370227.3071826,balance,0.11982465580352776,-0.013299224086457744,0.08941060853805963,2.9596756679299276,-0.030705493565086096,-0.00029144629961797117,0.17556998645217325,-0.2795826039184172,0.0,0.01153167051527895,False,0.0,0.0,0.6536672141607487,0.6389085004866852,0.1848152533120094,0.18441018862485245,0.81,-0.63,4.575670499125241,4.472359503406796,3.6028901567915286,-3.5215429160683436,
1791370227.317162,balance,0.14300020701473126,-0.014360485980047808,0.11269887465016343,2.0259045018271737,-0.030592778664185805,-0.00029144629961797117,0.17656739760913567,-0.2795826039184172,0.0,0.00873584447609478,False,0.0,0.0,0.5621199199826505,0.5659314059061147,0.18602916385061638,0.18582696731162412,0.14,-0.15,3.934839439878554,3.9615198413428026,3.0982987715579164,-3.119306961687246,
1791370227.32723,balance,0.16165558574462816,-0.014562924080500366,0.13141751453502176,1.6019738118899383,-0.030529517509224377,-0.00029144629961797117,0.17725649768550214,-0.2795826039184172,0.0,0.005940018436910607,False,0.0,0.0,0.5157106863287283,0.4977666151052069,0.18663550718186553,0.1870393673616566,0.06,0.27,3.609974804301098,3.4843663057364482,2.842499845906376,-2.743595516327912,
1791370227.3372047,balance,0.17540099049214322,-0.016461877183198494,0.14516291928253683,1.3249832190079618,-0.030529517509224377,-0.00029144629961797117,0.17725649768550214,-0.2795826039184172,-0.19805540659333948,-0.0004076359866253887,False,0.0,0.0,0.4916233913854526,0.4660873813037241,0.18663550718186553,0.1870393673616566,0.26,-0.1,3.441363739698168,3.262611669126069,2.709735228108794,-2.568985566240999,
1791370227.3472352,balance,0.18457857799874686,-0.01941753742803138,0.1543199010926138,0.5618294559123668,-0.030550123205751054,-0.00029144629961797117,0.17702690408492902,-0.2795826039184172,-0.18241246276482292,-0.0004858507057679715,False,0.0,0.0,0.3832729420651087,0.36605506728862275,0.18663550718186553,0.18643339097990522,0.24,-0.71,2.6829105944557607,2.562385471020359,2.1125280271305202,-2.017626355134141,
1791370227.357234,balance,0.1893119893196004,-0.016899194740374133,0.15899324701807138,0.49402880879538147,-0.030610188601146986,-0.00029144629961797117,0.1764138942850058,0.12630328214455938,0.07398601065036613,0.00026158635747096625,False,0.0,0.0,0.35157635603512727,0.313195077363152,0.18602916385061638,0.18542244446089073,0.81,-1.43,2.461034492245891,2.192365541542064,1.937822434839284,-1.7262720799543811,
1791370227.3672714,balance,0.18985275800152715,-0.01874192527488813,0.15942920394557253,-0.3522310740145222,-0.030715000355572578,-0.00029144629961797117,0.17549354521454696,0.6105091130313156,0.4172203002472972,0.0009664440639200919,False,0.0,0.0,0.276893446879768,0.21072050932044858,0.18522011670160538,0.18380225539794318,1.52,-2.79,1.938254128158376,1.4750435652431402,1.526184352880611,-1.1614516261757009,
1791370227.377251,balance,0.18262480431444053,-0.02226154341794917,0.1520089264351766,-1.0926764476362163,-0.03090732417888188,-0.00029144629961797117,0.1740349046918301,0.8289614641418598,0.6197991790032669,0.0010458114256929646,False,0.0,0.0,0.13649602917675593,0.09285714285714286,0.18319383237828069,0.18197562665552244,3.0700000000000003,-4.0200000000000005,0.9554722042372915,0.65,0.7523403182970799,-0.5118110236220472,
1791370227.3872645,balance,0.1647069235207549,-0.022044540333139698,0.13378495345582406,-2.3023736425391,-0.031213416364548795,-0.00029144629961797117,0.17218886002759937,0.874789987851373,0.7363342972219684,0.0006922784531470228,False,0.0,0.0,-0.09285714285714286,-0.16230133579998335,0.18075567401151546,0.17953405578606485,4.5,-6.13,-0.65,-1.1361093505998834,-0.5118110236220472,0.8945742918109317,
1791370227.3972495,balance,0.13524045982525745,-0.0220816767475528,0.10394770918927176,-3.4883146699309306,-0.031584196935603666,-0.00029144629961797117,0.17041681683072177,0.7237871133332965,0.0,0.008481529724710264,False,0.0,0.0,-0.25982304151886904,-0.36848593020866593,0.17871862846041217,0.17688154279271395,5.8100000000000005,-7.59,-1.8187612906320831,-2.5794015114606617,-1.432095504434711,2.0310248121737495,
1791370227.4072537,balance,0.09760848904388558,-0.02357297583134071,0.06610763021202969,-3.4547175499829774,-0.031792305131473866,-0.00029144629961797117,0.16956817921872572,0.41634598165573133,0.0,0.013467117639880517,False,0.0,0.0,-0.4483643106751207,-0.5367537032295626,0.1776984917096465,0.17565490753950144,5.71,-7.2,-3.138550174725845,-3.7572759226069383,-2.4712993501778304,2.95848497843066,
1791370227.4172487,balance,0.07772274640891959,-0.02304824408606535,0.04642999577293389,-0.7143312376993669,-0.031584196935603666,-0.00029144629961797117,0.17041681683072177,0.19907124289593095,0.0,0.015963471284948946,False,0.0,0.0,-0.219927495221722,-0.22906402313036422,0.17871862846041217,0.17688154279271395,4.75,-5.67,-1.539492466552054,-1.6034481619125496,-1.2121987925606723,1.262557607805157,
1791370227.4272175,balance,0.0846788997414457,-0.021893927980745635,0.05375448076419191,1.750391954353588,-0.031215865276871754,-0.00029144629961797117,0.17218875821310728,0.08019407206405743,0.0,0.017033165382378864,False,0.0,0.0,0.19245275458352734,0.25611995340134314,0.18095909832971635,0.17933022523013067,3.29,-3.46,1.3471692820846914,1.792839673809402,1.0607632142399146,-1.4116847825270882,
1791370227.437231,balance,0.10524670632484204,-0.02203057234354005,0.0746412484163639,1.891262488128106,-0.03089690420809611,-0.00029144629961797117,0.17411171584517857,0.017628638125795928,0.0,0.017334703918683247,False,0.0,0.0,0.43427599748056944,0.4252468808728791,0.18339669919636176,0.18197562665552244,1.67,-2.22,3.039931982363986,2.9767281661101537,2.393647230207863,-2.3438804457560263,
1791370227.4472382,balance,0.11823462570132809,-0.022609380863925145,0.08779940345710796,0.9339917505794196,-0.030726668543838095,-0.00029144629961797117,0.17541667870344194,0.08172823425321563,0.0,0.01790576172535498,False,0.0,0.0,0.42253468234264996,0.3344315190966635,0.18542246149501598,0.18339668211829052,0.32,-1.6300000000000001,2.9577427763985495,2.341020633676645,2.328931319998858,-1.8433233336036574,
1791370227.4572353,balance,0.12415498870506739,-0.02370257623069276,0.09381537220011202,0.38076200817534117,-0.030631062804573346,-0.00029144629961797117,0.17626015152537117,0.1627052025832834,0.0,0.019532813751187813,False,0.0,0.0,0.3497189443969575,0.2559039425481085,0.18643340799374775,0.18461277435272638,-0.03,-0.91,2.4480326107787027,1.7913275978367595,1.9275847328966162,-1.4104941715250074,
1791370227.4672132,balance,0.1239912967824163,-0.022703793692760342,0.0937026553177582,-0.33619661101957926,-0.030580087764276058,-0.00029144629961797117,0.17672040081739676,0.1627052025832834,0.0,0.021159865777020646,False,0.0,0.0,0.22190944661533557,0.13288697150945084,0.18663550718186553,0.1856247877928437,0.39,-0.47000000000000003,1.553366126307349,0.9302088005661558,1.2231229341002747,-0.73244787446154,
1791370227.4772737,balance,0.1190746788778653,-0.019322939631608593,0.08876307498193123,-0.6412139210628531,-0.030603050195552043,-0.00029144629961797117,0.17649047865337075,0.41150566174542036,0.2822016244785585,0.0006465201863343092,False,0.0,0.0,0.12811121323417843,0.0,0.18623130413480038,0.18542244446089073,0.49,-1.24,0.896778492639249,0.0,0.7061247973537393,-0.0,
1791370227.4872582,balance,0.10964990269469144,-0.018378331447896874,0.07928878775648747,-1.1065044243313376,-0.030652561237821938,-0.00029144629961797117,0.17603039855339142,0.720264036769379,0.4810798417061868,0.001195920975315961,False,0.0,0.0,0.09285714285714286,-0.09289718453442435,0.18582698433183598,0.18461277435272638,1.02,-1.75,0.65,-0.6502802917409705,0.5118110236220472,0.5120317257802917,
1791370227.4972548,balance,0.09543878869432752,-0.01664787859041101,0.06498851324879508,-1.6934887072393576,-0.030741721745150413,-0.00029144629961797117,0.1752633875929182,0.8172748179115077,0.6490052977580348,0.0008413476007673642,False,0.0,0.0,0.0,-0.22124672368976298,0.1846127914071344,0.18380225539794318,1.96,-2.3000000000000003,0.0,-1.5487270658283407,0.0,1.2194701305734967,
1791370227.5072467,balance,0.07359645649587256,-0.01361181303902259,0.04299467661327645,-2.4949900963094302,-0.030893226182214076,-0.00029144629961797117,0.17411183472795644,0.7074371181476844,0.0,0.003597927997889434,False,0.0,0.0,-0.21451686614301996,-0.35412416949406195,0.18278792047945228,0.18258491659850523,2.89,-3.4,-1.5016180630011398,-2.4788691864584336,-1.1823764275599526,1.9518655011483728,
1791370227.5172403,balance,0.04917781757634026,-0.013729143721879574,0.018468489350143537,-2.2207841926835505,-0.031000774525814692,-0.00029144629961797117,0.1734199374910718,0.45385000634789724,0.0,0.008892340933373688,False,0.0,0.0,-0.26114579892353434,-0.39347886184083103,0.18217879849987784,0.1813658223082581,3.09,-4.22,-1.8280205924647404,-2.754352032885817,-1.439386293279323,2.168781128256549,
1791370227.5272315,balance,0.03393792203215767,-0.015592342239175083,0.0031779355162575894,-0.7084195991769141,-0.03105143281551805,-0.00029144629961797117,0.17311216900814524,0.14412184986425058,0.0,0.011137499462243836,False,0.0,0.0,-0.2033714482920991,-0.21774892007489305,0.18197564376362416,0.18075565688651182,3.13,-4.01,-1.4236001380446937,-1.5242424405242514,-1.1209449905863729,1.2001908980505915,
1791370227.5372348,balance,0.04082984223520607,-0.015012443206468115,0.010095813403354978,1.6309086176710184,-0.03102547513146906,-0.00029144629961797117,0.17326611425621286,-0.08716526263918078,0.0,0.010803966010196822,False,0.0,0.0,0.09691110371169623,0.197692573655566,0.18197564376362416,0.18116247362125046,3.29,-3.36,0.6783777259818736,1.383848015588962,0.5341556897495068,-1.0896441067629623,
1791370227.5472562,balance,0.06457589262559253,-0.009346363516644307,0.03389240701902256,3.013269791492095,-0.030974931906187938,-0.00029144629961797117,0.17357388053281128,-0.16494889921950492,0.0,0.009219879407399864,False,0.0,0.0,0.3902616587792016,0.5418926178423696,0.18217879849987784,0.1817724031114216,2.79,-3.04,2.7318316114544112,3.7932483248965876,2.1510485129562293,-2.9868097046429822,
1791370227.5572572,balance,0.09545465844512944,-0.005966064998599754,0.06484125866834972,2.62141707784584,-0.03090484607639769,-0.00029144629961797117,0.1740349847498921,-0.08079249395321586,0.0,0.008092433172574425,False,0.0,0.0,0.5302838336800035,0.6784973884138109,0.18258493369347872,0.18258491659850523,2.77,-2.58,3.7119868357600247,4.749481718896677,2.9228242801260036,-3.7397493849580132,
1791370227.567241,balance,0.11606548730378892,-0.0064759572783092655,0.08554792126597932,1.865211750151657,-0.030809012337427576,-0.00029144629961797117,0.17472636352694404,0.1915300253421905,0.0,0.009127174457315765,False,0.0,0.0,0.5125629240422361,0.6338361917499348,0.18339669919636176,0.1835995489363716,1.98,-1.53,3.587940468295653,4.4368533422495435,2.8251499750359472,-3.493585308857908,
1791370227.5772748,balance,0.1309851476104974,-0.006977167424599938,0.10053487216496496,1.0688578451186637,-0.030741721745150417,-0.00029144629961797117,0.1752633875929182,0.5592020921420592,0.0,0.013789077551753483,False,0.0,0.0,0.473996990037406,0.6093416166268826,0.18380227246209999,0.18461277435272638,2.0300000000000002,-1.23,3.317978930261842,4.265391316388178,2.612581834851844,-3.358575839675731,
1791370227.5872018,balance,0.13740678321511796,-0.0045603746319987995,0.10692686124447928,0.40301348266514164,-0.03077136827025665,-0.00029144629961797117,0.1750331188909497,0.8306550000911745,0.6527086590765256,0.0008897317050732445,False,0.0,0.0,0.29772208456975996,0.4266399408764908,0.18339669919636176,0.18441018862485245,2.45,-1.7,2.0840545919883198,2.986479586135436,1.6409878677073384,-2.3515587292405007,
1791370227.5972612,balance,0.13689177865456642,-0.005615187646513454,0.10629918256215953,-0.6127269284481913,-0.030884042392024854,-0.00029144629961797117,0.1741886062801188,0.9578802251185731,0.6876816875325508,0.0013509926879301116,False,0.0,0.0,0.12137327654092095,0.2476299431028057,0.18238186609667828,0.18319381530020945,3.24,-3.15,0.8496129357864466,1.7334096017196399,0.6689865636113752,-1.3648894501729447,
1791370227.6072285,balance,0.1271404243547476,-0.007744472677197649,0.09643230722352336,-1.187168414889046,-0.030999563430842196,-0.00029144629961797117,0.17342005963110152,1.0014580913020583,0.8155340216746783,0.0009296203481369003,False,0.0,0.0,0.0,0.09285714285714286,0.1815691881139024,0.18197562665552244,3.66,-3.66,0.0,0.65,0.0,-0.5118110236220472,
1791370227.6172388,balance,0.10840616615917943,-0.007239157314130243,0.07755540127731325,-2.517980376766786,-0.031142211181484143,-0.00029144629961797117,0.17257355178994344,0.921627267489564,0.7603984045732339,0.0008061443145816505,False,0.0,0.0,-0.31982520248185325,-0.2079910822305771,0.18055223518809663,0.18075565688651182,4.26,-4.63,-2.2387764173729727,-1.4559375756140398,-1.762816076671632,1.1464075398535747,
1791370227.6272395,balance,0.08119398539790398,-0.008642006219098462,0.05027362623195447,-2.8423852082702035,-0.031211805465567483,-0.00029144629961797117,0.17218902410408501,0.6956336196511375,0.0,0.0084610305890408,False,0.0,0.0,-0.3969423369295467,-0.24292214475841586,0.1801450559451548,0.18014503880623534,4.47,-4.45,-2.778596358506827,-1.7004550133089111,-2.1878711484305726,1.3389409553613474,
1791370227.6372447,balance,0.054128838948143285,-0.009008585223738945,0.023236361371080094,-2.1207976816264607,-0.03118392387668116,-0.00029144629961797117,0.17234283453840127,0.3828408972040884,0.0,0.013099971373968552,False,0.0,0.0,-0.3953282278670925,-0.30923973294649365,0.1803486455666257,0.18034862842770624,3.8000000000000003,-3.73,-2.7672975950696475,-2.1646781306254557,-2.178974484306809,1.7044709689964217,
1791370227.6472483,balance,0.050009414156495395,-0.008864168446467731,0.019301296923325398,0.8368721498834558,-0.030999563532787967,-0.00029144629961797117,0.17342005962082016,0.13895154917657754,0.0,0.015072417125164616,False,0.0,0.0,0.09285714285714286,0.0,0.18197564376362416,0.18156917099526568,2.7,-2.93,0.65,0.0,0.5118110236220472,-0.0,
1791370227.657247,balance,0.06476075702312646,-0.013028310520211637,0.03417856134606109,1.8556503095482877,-0.030873641976683335,-0.00029144629961797117,0.17426541747232188,-0.04547068369712198,0.0,0.015035246319278635,False,0.0,0.0,0.34751524020616864,0.23975073553861792,0.18339669919636176,0.18238184900170476,1.71,-2.42,2.4326066814431804,1.6782551487703254,1.9154383318450239,-1.3214607470632485,
1791370227.6672375,balance,0.08655291983589455,-0.015913270138640235,0.056129365779939946,2.3337543557708567,-0.030715000355572578,-0.00029144629961797117,0.17549354521454696,-0.035327424594062413,0.0,0.014407496924549738,False,0.0,0.0,0.5053185650770317,0.4393675255833858,0.18522011670160538,0.18380225539794318,0.67,-1.18,3.5372299555392215,3.0755726790837006,2.7852204374324576,-2.4217107709320476,
1791370227.6773436,balance,0.10530798358695335,-0.015881899070052996,0.07495585584793615,1.3638221167077287,-0.030643574038635168,-0.00029144629961797117,0.17610704993710094,0.023600477802215886,0.0,0.014643501702571896,False,0.0,0.0,0.48297260910187073,0.4186302301710652,0.18582698433183598,0.18481523626813487,0.58,-0.89,3.380808263713095,2.9304116111974565,2.662053750955193,-2.3074107174783123,
1791370227.6872096,balance,0.1164455859682195,-0.017660718539818616,0.08612525654825928,0.9812024547352369,-0.030611775719578186,-0.00029144629961797117,0.17641372528836954,0.17368663352983416,0.0,0.016380368037870238,False,0.0,0.0,0.44863979510340474,0.36373496751499107,0.18623130413480038,0.18522009966748007,0.41000000000000003,-0.84,3.140478565723833,2.5461447726049373,2.4728177682864825,-2.004838403625935,
1791370227.697234,balance,0.12172726899503208,-0.01906084983668513,0.091383895820909,0.25392411457784025,-0.030634819473741047,-0.00029144629961797117,0.17618380325312785,0.5910544082716156,0.4785086869904952,0.000562728606405602,False,0.0,0.0,0.3459671842057919,0.24940507295662143,0.18582698433183598,0.18501769687065542,0.92,-1.3,2.4217702894405435,1.74583551069635,1.9069057397169633,-1.3746736304695668,
1791370227.7072275,balance,0.12275136351977427,-0.018154583109536798,0.09233708611772404,-0.10369013542884581,-0.030705723701668207,-0.00029144629961797117,0.1755700904415332,0.8511963772496624,0.6303439820525882,0.0011042619759853707,False,0.0,0.0,0.26913154666989314,0.15829319280673135,0.18501771391452992,0.18420760289697855,1.6400000000000001,-2.3000000000000003,1.883920826689252,1.1080523496471195,1.4834022257395685,-0.872482165076472,
1791370227.717253,balance,0.11574063684988485,-0.018817865420217655,0.08520234801004675,-1.0319761016085067,-0.030829735139456072,-0.00029144629961797117,0.17457273764655692,0.961721254021981,0.696163636683633,0.0013277880866917403,False,0.0,0.0,0.10538094599297888,0.0,0.18380227246209999,0.18278790339163284,2.39,-3.39,0.7376666219508522,0.0,0.5808398598038206,-0.0,
1791370227.7272837,balance,0.1017839214103213,-0.01979186858761819,0.07107338218939216,-1.9056703031620625,-0.031001985520547108,-0.00029144629961797117,0.17341981536157766,0.9527572738744198,0.806498294608549,0.0007312948963293537,False,0.0,0.0,-0.09285714285714286,-0.20933221307532607,0.18238186609667828,0.18116247362125046,3.36,-4.54,-0.65,-1.4653254915272824,-0.5118110236220472,1.1537995996277814,
1791370227.7372644,balance,0.07606624981431535,-0.021004049639416662,0.045097472809160634,-2.882998444357607,-0.03126022330477269,-0.00029144629961797117,0.1719576380822352,0.7703420678891453,0.0,0.009008534244007837,False,0.0,0.0,-0.20824341394565538,-0.35419493707114236,0.18075567401151546,0.17892251747088514,4.13,-6.16,-1.4577038976195875,-2.4793645594979967,-1.1477983445823523,1.95225555865984,
1791370227.7472572,balance,0.04970245328495525,-0.023827302439513677,0.018621562195178215,-2.1248559830247333,-0.031372337389395,-0.00029144629961797117,0.17141825023916227,0.5154037478148545,0.0,0.014847153374482159,False,0.0,0.0,-0.2599736911404675,-0.3597984331937725,0.1803486455666257,0.17790262162875725,4.24,-6.03,-1.8198158379832723,-2.5185890323564077,-1.432925856679742,1.983140970359376,
1791370227.757234,balance,0.04103448224716923,-0.024356738086137884,0.010033031899302118,0.22044390321425425,-0.03129289664748508,-0.00029144629961797117,0.1718034391588976,0.31158755964394913,0.0,0.018433069540541382,False,0.0,0.0,0.0,0.0,0.18075567401151546,0.1785146943656274,3.77,-4.82,0.0,0.0,0.0,-0.0,
1791370227.7672527,balance,0.05427334050559572,-0.023312379798291642,0.023447057081598943,1.9726979236135036,-0.031117729723614748,-0.00029144629961797117,0.17272763070753155,0.2260599219537533,0.0,0.02083868580085418,False,0.0,0.0,0.29326077433257125,0.3661926552642847,0.1815691881139024,0.18014503880623534,3.11,-3.58,2.0528254203279985,2.563348586849993,1.6163979687622037,-2.0183847140551125,
1791370227.7772806,balance,0.07343503017671767,-0.022194004507602536,0.04274791390160185,1.7122886650974305,-0.030978562574733786,-0.00029144629961797117,0.17357351575519314,0.23798600302067605,0.0,0.023122360361769418,False,0.0,0.0,0.42256523438239674,0.4968971428754692,0.18278792047945228,0.18116247362125046,2.24,-3.1,2.957956640676777,3.4782800001282843,2.3290997170683285,-2.7388031497073104,
1791370227.7872543,balance,0.08224830690739438,-0.023113175762409906,0.05165200984859836,0.30812444360460467,-0.030887743358413988,-0.00029144629961797117,0.1741884841143603,0.36739807703558913,0.0,0.02630466312402541,False,0.0,0.0,0.2921782910769423,0.34609668184829956,0.18380227246209999,0.1817724031114216,1.6300000000000001,-2.77,2.045248037538596,2.4226767729380967,1.6104315256209418,-1.9076195062504697,
1791370227.7972467,balance,0.08422154159936165,-0.023516007264323284,0.053739201921715475,-0.09416715176006411,-0.03077378597726415,-0.00029144629961797117,0.1750327964144091,0.628032657022459,0.0,0.03189893081213723,False,0.0,0.0,0.23625398136933434,0.2756756981419519,0.1848152533120094,0.1829908860068136,1.44,-1.99,1.6537778695853405,1.9297298869936634,1.3021872988860947,-1.5194723519635145,
1791370227.8072152,balance,0.0774820032310824,-0.0223000845269726,0.047011176136458596,-0.9138960812684036,-0.030762273394241774,-0.00029144629961797117,0.1751097680040518,0.827294971627974,0.6756745756368412,0.0007581019799556643,False,0.0,0.0,0.0,0.0,0.1846127914071344,0.18339668211829052,1.45,-2.0100000000000002,0.0,0.0,0.0,-0.0,
1791370227.8172576,balance,0.06493937513857102,-0.0210092027600773,0.03444914308623021,-1.7159761693568825,-0.03078167835195878,-0.00029144629961797117,0.17495630749674496,0.903946362442874,0.815757167877771,0.00044094597282551496,False,0.0,0.0,-0.18205186585119587,-0.1812240167877421,0.18441020567926045,0.18319381530020945,1.69,-2.48,-1.2743630609583712,-1.2685681175141947,-1.0034354810695836,0.9988725334757439,
1791370227.827242,balance,0.04614487984924915,-0.019230734930279755,0.015645536333175017,-1.9254952709850262,-0.030790789815692103,-0.00029144629961797117,0.17487965840090783,0.851441123006164,0.0,0.009202718329489804,False,0.0,0.0,-0.16511548762188483,-0.167788765121634,0.18420761995138657,0.18319381530020945,1.87,-2.4,-1.1558084133531938,-1.174521355851438,-0.9100853648450346,0.9248199652373528,
1791370227.8372283,balance,0.023828024672397374,-0.019551529924578506,-0.006720602620698935,-2.511162603715548,-0.03084007359271428,-0.00029144629961797117,0.17449592964546212,0.6375666709044532,0.0,0.016220613854455012,False,0.0,0.0,-0.30281584800205746,-0.29800680929591195,0.18359956601444283,0.18278790339163284,2.24,-2.73,-2.1197109360144024,-2.0860476650713835,-1.6690637291451986,1.6425572165916404,
1791370227.847224,balance,0.005729593836455423,-0.020711183553109688,-0.024778869133893985,-0.9421360287806042,-0.03079990926996738,-0.00029144629961797117,0.17480300931960174,0.41109168102370336,0.0,0.020890174089415382,False,0.0,0.0,-0.20460381444389664,-0.21438159253284952,0.1840049739935406,0.18319381530020945,1.67,-2.18,-1.4322267011072765,-1.5006711477299466,-1.1277375599269894,1.1816308249842098,
1791370227.8572495,balance,0.00782361363529915,-0.0214734616403598,-0.022675729880774983,1.032192034927682,-0.030790789815692103,-0.00029144629961797117,0.17487965840090783,0.24693516794885284,0.0,0.02375963244089865,False,0.0,0.0,0.09285714285714286,0.1345899662805617,0.18420761995138657,0.18319381530020945,1.87,-2.48,0.65,0.9421297639639319,0.5118110236220472,-0.7418344598141196,
1791370227.8672328,balance,0.025522705214291966,-0.0210571224145932,-0.004985757756057442,2.3009242020885208,-0.03079990926996738,-0.00029144629961797117,0.17480300931960174,0.20142371758757252,0.0,0.02578514268637002,False,0.0,0.0,0.3815858046183902,0.40543118389163646,0.1840049739935406,0.18319381530020945,1.8800000000000001,-2.48,2.6711006323287316,2.8380182872414554,2.103228844353332,-2.234660068694059,
1791370227.8772447,balance,0.0468667004514828,-0.02045480094745226,0.016328411611644698,1.6361569940094056,-0.030829735139456072,-0.00029144629961797117,0.17457273764655692,0.2681897992799832,0.0,0.02822021751541352,False,0.0,0.0,0.47258781472359973,0.4607233389748398,0.18380227246209999,0.18278790339163284,2.07,-2.85,3.3081147030651983,3.2250633728238784,2.604814726822991,-2.539419978601479,
1791370227.8872406,balance,0.05506576099545887,-0.021803921873629544,0.02452747215562077,0.46291002230984896,-0.030829735139456072,-0.00029144629961797117,0.17457273764655692,0.4720436046867231,0.0,0.03226466140985907,False,0.0,0.0,0.3437607853361249,0.31193129700395517,0.18380227246209999,0.18278790339163284,1.8,-2.54,2.4063254973528743,2.183519079027686,1.8947444861046254,-1.7193063614391229,
1791370227.8972368,balance,0.05684205131256258,-0.021056170131011992,0.026314116231409855,-0.28514543809000814,-0.030819381380770693,-0.00029144629961797117,0.17464954894034834,0.7222752141676065,0.6991006098727995,0.000115873021474035,False,0.0,0.0,0.17278938341646874,0.12652579896015295,0.18380227246209999,0.1829908860068136,2.2600000000000002,-2.5,1.2095256839152813,0.8856805927210707,0.9523824282797491,-0.697386293481158,
1791370227.9072106,balance,0.04718892382415781,-0.019705250493587168,0.016607953069651234,-1.2611530549794476,-0.030872417054124548,-0.00029144629961797117,0.17426545710461827,0.8655855010253882,0.72858663271686,0.0006849943415426413,False,0.0,0.0,0.0,-0.14188182919980313,0.18319383237828069,0.18258491659850523,2.52,-2.95,0.0,-0.9931728043986219,0.0,0.7820258302351353,
1791370227.9172308,balance,0.02915293186313012,-0.020410676593078787,-0.0015434572610429794,-2.4117118997689757,-0.03098783542379107,-0.00029144629961797117,0.17349691021426358,0.8233717002575636,0.0,0.009172719900337745,False,0.0,0.0,-0.18943341487827198,-0.23207721979884954,0.18217879849987784,0.18156917099526568,3.3000000000000003,-4.04,-1.326033904147904,-1.6245405385919467,-1.0441211843684282,1.2791657784188557,
1791370227.92725,balance,0.002978373151778983,-0.020635917396090647,-0.02779541063813059,-2.4023486530991263,-0.031065230089527544,-0.00029144629961797117,0.1730352621074661,0.6367222166010654,0.0,0.016088231018219355,False,0.0,0.0,-0.3294739535690313,-0.35647369069978185,0.18197564376362416,0.18055221804917715,3.04,-4.45,-2.306317674983219,-2.4953158348984728,-1.8159981692781253,1.9648156180302936,
1791370227.9372633,balance,-0.015481615092620726,-0.02064737589972922,-0.0462553988825303,-1.2763777528707483,-0.031065230089527544,-0.00029144629961797117,0.1730352621074661,0.4006330598133044,0.0,0.020732009320922024,False,0.0,0.0,-0.28601295917740904,-0.2664764481608745,0.18197564376362416,0.18055221804917715,2.96,-4.01,-2.0020907142418634,-1.8653351371261215,-1.5764493812928058,1.4687678245087572,
1791370227.9472659,balance,-0.016529228610850693,-0.021441386465712503,-0.047202192659299966,0.7640518166008846,-0.03096441034806724,-0.00029144629961797117,0.17365061147264801,0.2181808311567366,0.0,0.02334124393156495,False,0.0,0.0,0.0,0.0,0.18258493369347872,0.18156917099526568,2.61,-2.88,0.0,0.0,0.0,-0.0,
1791370227.9572396,balance,-0.003008081126952677,-0.020935465657119453,-0.033600677322523725,1.6772890484333167,-0.030884042495189015,-0.00029144629961797117,0.1741886062767826,0.11948014831538081,0.0,0.02471789371200798,False,0.0,0.0,0.16602494374560764,0.25492145398237515,0.18319383237828069,0.18238184900170476,2.04,-2.34,1.1621746062192535,1.784450177876626,0.9150981151332704,-1.4050788802178158,
1791370227.9672186,balance,0.014416758215027768,-0.020726198525538312,-0.016073473837313043,1.5364399407053673,-0.03078167835195878,-0.00029144629961797117,0.17495630749674496,0.10502031154331412,0.0,0.02576538251198863,False,0.0,0.0,0.3071660793203168,0.32890989235728935,0.18441020567926045,0.18319381530020945,1.5,-1.98,2.1501625552422174,2.3023692465010255,1.6930413820804862,-1.8128891704732484,
1791370227.9773288,balance,0.02284410850093431,-0.020283419808242786,-0.007597101473786955,0.41615366509099827,-0.030732656274339236,-0.00029144629961797117,0.17534003884405513,0.16320841951548287,0.0,0.027135609970719312,False,0.0,0.0,0.20795212799767138,0.19729865215536913,0.1848152533120094,0.18380225539794318,1.19,-1.58,1.4556648959836997,1.3810905650875838,1.1461928314832281,-1.0874728858957352,
1791370227.9872167,balance,0.024117382925841046,-0.0193745980022453,-0.006279055253454897,-0.24120265251966616,-0.030687884478913914,-0.00029144629961797117,0.1757234929066629,0.33628434888564296,0.0,0.03000192393302493,False,0.0,0.0,0.10748665469393479,0.09518115140029323,0.18522011670160538,0.18441018862485245,1.22,-1.53,0.7524065828575435,0.6662680598020526,0.5924461282342862,-0.5246205195291753,
1791370227.9972472,balance,0.01595531550792286,-0.018274596457268116,-0.01446777808483053,-1.1307093834067194,-0.030714539892371363,-0.00029144629961797117,0.1754933372350867,0.5157754097241575,0.0,0.03470956154446058,False,0.0,0.0,0.0,-0.09285714285714286,0.1848152533120094,0.18420760289697855,1.36,-1.84,0.0,-0.65,0.0,0.5118110236220472,
1791370228.0072136,balance,0.002216464050395242,-0.016796973945015375,-0.028242889405493975,-1.6771917349971375,-0.030750799755507187,-0.00029144629961797117,0.17518673843343446,0.5879479977050859,0.0,0.040521973216661136,False,0.0,0.0,-0.15361937645268106,-0.1622093147872617,0.18441020567926045,0.18380225539794318,1.81,-2.34,-1.0753356351687675,-1.135465203510832,-0.8467209725738327,0.8940670893786078,
1791370228.0172276,balance,-0.018615483315977677,-0.016506987419571868,-0.0491434183971304,-2.2527424900611144,-0.030819381380770693,-0.00029144629961797117,0.17464954894034834,0.4953360331861941,0.0,0.045814290866684246,False,0.0,0.0,-0.3297231044443063,-0.33284416370503345,0.18380227246209999,0.1829908860068136,2.08,-2.7600000000000002,-2.3080617311101443,-2.3299091459352343,-1.8173714418190112,1.8345741306576648,
1791370228.0272443,balance,-0.039479282266627565,-0.017684578050464528,-0.07002913244934483,-1.7533401956371804,-0.03084129648233524,-0.00029144629961797117,0.17449588753682713,0.28939697684597954,0.0,0.04930143898274377,False,0.0,0.0,-0.4070843521100827,-0.34831388442004896,0.18380227246209999,0.18258491659850523,2.0100000000000002,-3.08,-2.849590464770579,-2.438197190940343,-2.2437720195043926,1.9198403078270416,
1791370228.0372338,balance,-0.04725618588155618,-0.018904864166255805,-0.07781763243455628,-0.006109660220670593,-0.03085289285261807,-0.00029144629961797117,0.1744190366459656,0.09162046633843693,0.0,0.050716446592403236,False,0.0,0.0,-0.2580438204544798,-0.13779998650702605,0.18380227246209999,0.18238184900170476,2.14,-2.91,-1.8063067431813589,-0.9645999055491823,-1.4222887741585504,0.7595274846843955,
1791370228.0472271,balance,-0.039368926541491545,-0.018252573212558965,-0.06994989729599813,1.3056384862993091,-0.030872417054124548,-0.00029144629961797117,0.17426545710461827,-0.06984207892532786,0.0,0.05041876291345303,False,0.0,0.0,0.0,0.09285714285714286,0.18319383237828069,0.18258491659850523,2.45,-2.68,0.0,0.65,0.0,-0.5118110236220472,
1791370228.057287,balance,-0.023216550053353054,-0.019375134295961122,-0.05379752080785963,1.7343852879687296,-0.030872417054124548,-0.00029144629961797117,0.17426545710461827,-0.18632595925915565,0.0,0.04881734581205549,False,0.0,0.0,0.17354541077801477,0.21311370954987388,0.18319383237828069,0.18258491659850523,2.2600000000000002,-2.8000000000000003,1.2148178754461034,1.4917959668491172,0.9565495082252783,-1.174642493581982,
1791370228.0672073,balance,-0.008655408745675197,-0.020873814841492668,-0.03921560702804188,1.237149040844798,-0.030851644581984652,-0.00029144629961797117,0.1744190795566076,-0.22227754627448862,0.0,0.04658841194760469,False,0.0,0.0,0.19151038593423728,0.1571622967320309,0.18359956601444283,0.18258491659850523,1.99,-2.64,1.340572701539661,1.1001360771242161,1.0555690563304416,-0.866248879625367,
1791370228.0772784,balance,0.003168421897344875,-0.020316655889614704,-0.027350377177955375,1.106115182388548,-0.030810245374918218,-0.00029144629961797117,0.17472619799060563,-0.13383474953830274,0.0,0.04495689561859429,False,0.0,0.0,0.22533076794216328,0.11431472643533094,0.1840049739935406,0.1829908860068136,1.76,-2.2600000000000002,1.577315375595143,0.8002030850473166,1.241980610704837,-0.6300811693285958,
1791370228.0872195,balance,0.008301156232869023,-0.02020035907882355,-0.02220851484864778,0.04887327734635954,-0.030801117381134772,-0.00029144629961797117,0.17480284705543397,-0.034231846506100484,0.0,0.04435339443846776,False,0.0,0.0,0.13252410758131428,0.0,0.18420761995138657,0.1829908860068136,1.78,-2.61,0.9276687530691999,0.0,0.7304478370623622,-0.0,
1791370228.097277,balance,0.005815963379262321,-0.019679731953062718,-0.02471318089268816,-0.4074519511298592,-0.03082059057156845,-0.00029144629961797117,0.17464938668029287,0.0654136385868398,0.0,0.044754178622009734,False,0.0,0.0,0.0,-0.09285714285714286,0.1840049739935406,0.18278790339163284,2.09,-2.62,0.0,-0.65,0.0,0.5118110236220472,
1791370228.107215,balance,-0.00042368826361405764,-0.018473543471137426,-0.030995492586635684,-0.6791963290003985,-0.030863250622639594,-0.00029144629961797117,0.17434222868669497,0.12375774205398693,0.0,0.04588476660434461,False,0.0,0.0,-0.09285714285714286,-0.1701172856651066,0.18359956601444283,0.18238184900170476,2.0,-3.09,-0.65,-1.1908209996557462,-0.5118110236220472,0.9376543304375954,
1791370228.1172628,balance,-0.005231417793137034,-0.019015398856561914,-0.035814838393318324,-0.3463817333290318,-0.030874866899799264,-0.00029144629961797117,0.17426537784028698,0.13015732261910629,0.0,0.04722175410848548,False,0.0,0.0,-0.09285714285714286,-0.09713270977233292,0.18359956601444283,0.18217878140490432,2.19,-3.24,-0.65,-0.6799289684063304,-0.5118110236220472,0.5353771404774256,
1791370228.1272485,balance,-0.008758745847914536,-0.019231345096054835,-0.03936420375639267,-0.34818683543077034,-0.03089690420809611,-0.00029144629961797117,0.17411171584517857,0.07021753927101278,0.0,0.04811419711174194,False,0.0,0.0,-0.1688257780991136,0.0,0.18339669919636176,0.18197562665552244,2.33,-3.1,-1.1817804466937951,0.0,-0.9305357847982638,-0.0,
1791370228.137233,balance,-0.008957004085684096,-0.018829110431621617,-0.03954960028125514,0.12155642206025517,-0.030884042495189015,-0.00029144629961797117,0.1741886062767826,-0.006740337232035083,0.0,0.048255684138807535,False,0.0,0.0,-0.15037430543631577,0.09285714285714286,0.18319383237828069,0.18238184900170476,2.43,-2.7600000000000002,-1.0526201380542104,0.65,-0.828834754373394,-0.5118110236220472,
1791370228.1472213,balance,-0.005237529293377246,-0.018154582998275052,-0.03580690970628334,0.5755466460848565,-0.03086082671252407,-0.00029144629961797117,0.17434230715154347,-0.07871932978428559,0.0,0.047642964611777576,False,0.0,0.0,-0.09285714285714286,0.09285714285714286,0.18319383237828069,0.18278790339163284,2.2800000000000002,-2.4,-0.65,0.65,-0.5118110236220472,-0.5118110236220472,
1791370228.1572773,balance,0.0015837559542003204,-0.01794048674479607,-0.02895450847591706,0.6270275085265569,-0.03082971072973535,-0.00029144629961797117,0.17457274092056693,-0.1291360850485172,0.0,0.04646434700114262,False,0.0,0.0,0.09285714285714286,0.0,0.18339669919636176,0.18319381530020945,2.22,-2.2800000000000002,0.65,0.0,0.5118110236220472,-0.0,
1791370228.167247,balance,0.0069890852506940245,-0.01802106252641934,-0.023538825431667514,0.541587104698669,-0.030819356981979507,-0.00029144629961797117,0.17464955221440248,-0.14259722528068539,0.0,0.04504579207402633,False,0.0,0.0,0.09285714285714286,0.0,0.18359956601444283,0.18319381530020945,1.9100000000000001,-2.37,0.65,0.0,0.5118110236220472,-0.0,
1791370228.1773372,balance,0.010565737222870417,-0.018228127145449455,-0.01995306185242983,0.19132910119539925,-0.030810245374918218,-0.00029144629961797117,0.17472619799060563,-0.12896865890602932,0.0,0.04370825746546213,False,0.0,0.0,0.11923736220998718,0.0,0.1840049739935406,0.1829908860068136,1.93,-2.52,0.8346615354699103,0.0,0.6572138074566223,-0.0,
1791370228.1872165,balance,0.011472075105461936,-0.01833607740027152,-0.019046723969838312,0.006845230990749318,-0.030810245374918218,-0.00029144629961797117,0.17472619799060563,-0.1210055338934369,0.0,0.042474421450586435,False,0.0,0.0,0.0,-0.10941165430455535,0.1840049739935406,0.1829908860068136,1.8900000000000001,-2.45,0.0,-0.7658815801318875,0.0,0.6030563623085727,
1791370228.1972547,balance,0.010731697396925522,-0.018782544007142053,-0.01979744687502496,-0.05014149099055492,-0.03082059057156845,-0.00029144629961797117,0.17464938668029287,-0.12634168015897915,0.0,0.04124306609604354,False,0.0,0.0,0.0,-0.10496431750717403,0.1840049739935406,0.18278790339163284,1.9000000000000001,-2.85,0.0,-0.7347502225502182,0.0,0.5785434823230065,
1791370228.2072382,balance,0.012102776763490477,-0.018509983268034755,-0.018447073419226794,0.2880884438358358,-0.03084129648233524,-0.00029144629961797117,0.17449588753682713,-0.1363887970327504,0.0,0.039913684367499466,False,0.0,0.0,0.0,0.0,0.18380227246209999,0.18258491659850523,2.07,-2.79,0.0,0.0,0.0,-0.0,
1791370228.2172775,balance,0.016776136876791428,-0.018294237385080046,-0.013762151963046672,0.5632726538425046,-0.030829735139456072,-0.00029144629961797117,0.17457273764655692,-0.14297763820520032,0.0,0.038480367177197765,False,0.0,0.0,0.0,0.11394029963541119,0.18380227246209999,0.18278790339163284,2.0300000000000002,-2.49,0.0,0.7975820974478783,0.0,-0.6280173995652585,
1791370228.2272658,balance,0.02390525100864935,-0.018120284329133374,-0.006622659673712185,0.7107564190763117,-0.030819356981979507,-0.00029144629961797117,0.17464955221440248,-0.12508632368260222,0.0,0.03717159612152147,False,0.0,0.0,0.0,0.14817434010237154,0.18359956601444283,0.18319381530020945,2.17,-2.25,0.0,1.0372203807166007,0.0,-0.8167089611941738,
1791370228.237232,balance,0.028703134852381074,-0.017249518410216443,-0.0018247758299804624,0.22158179557884908,-0.030819356981979507,-0.00029144629961797117,0.17464955221440248,-0.10039642377887983,0.0,0.036088266003697425,False,0.0,0.0,0.0,0.10649853190825048,0.18359956601444283,0.18319381530020945,2.18,-2.33,0.0,0.7454897233577533,0.0,-0.5869997821714593,
1791370228.2472527,balance,0.029126289561606365,-0.016501325382138433,-0.001411974868511012,-0.08587911700459797,-0.03082971072973535,-0.00029144629961797117,0.17457274092056693,-0.04232975059615835,0.0,0.03549666626888251,False,0.0,0.0,0.0,0.0,0.18339669919636176,0.18319381530020945,2.23,-2.23,0.0,0.0,0.0,-0.0,
1791370228.257288,balance,0.026322570174700338,-0.01602143779521284,-0.00421569425541704,-0.4343364983883202,-0.03082971072973535,-0.00029144629961797117,0.17457274092056693,-0.007417199348152667,0.0,0.03537096473383009,False,0.0,0.0,-0.09285714285714286,-0.11179346210397559,0.18339669919636176,0.18319381530020945,2.2800000000000002,-2.46,-0.65,-0.7825542347278291,-0.5118110236220472,0.6161844367935663,
1791370228.2671971,balance,0.020630989550137258,-0.01591203251624836,-0.009917637742959054,-0.599852504279644,-0.030840073592714283,-0.00029144629961797117,0.1744959296454621,-0.024528606485817454,0.0,0.03519957666790047,False,0.0,0.0,-0.11762809284905956,-0.1630172157679858,0.18339669919636176,0.1829908860068136,2.3000000000000003,-2.45,-0.8233966499434169,-1.1411205103759006,-0.6483438188530841,0.898520086910158,
1791370228.2772791,balance,0.015493936682300999,-0.015955760070750277,-0.015054690610795313,-0.34551650086860897,-0.030840073592714283,-0.00029144629961797117,0.1744959296454621,-0.0732688996626752,0.0,0.03462565506068964,False,0.0,0.0,-0.09285714285714286,-0.173134843460344,0.18339669919636176,0.1829908860068136,2.19,-2.57,-0.65,-1.211943904222408,-0.5118110236220472,0.9542865387578016,
1791370228.2872422,balance,0.0155716476883932,-0.015896958252542056,-0.014966616741724174,0.3628058230766195,-0.030829710729735345,-0.00029144629961797117,0.17457274092056696,-0.13765594724226587,0.0,0.03342637404185612,False,0.0,0.0,-0.09285714285714286,-0.09285714285714286,0.18359956601444283,0.1829908860068136,2.0100000000000002,-2.38,-0.65,-0.65,-0.5118110236220472,0.5118110236220472,
1791370228.2972524,balance,0.023274599725610304,-0.015347364804545521,-0.007242990700070717,0.9947859456351502,-0.030809036725298992,-0.00029144629961797117,0.1747263602528458,-0.18981728310084914,0.0,0.031660155347912146,False,0.0,0.0,0.09285714285714286,0.09285714285714286,0.18380227246209999,0.18319381530020945,1.95,-2.07,0.65,0.65,0.5118110236220472,-0.5118110236220472,
1791370228.307298,balance,0.03437586691533204,-0.014823504552499943,0.0038983335865412473,1.131098295160022,-0.03076897962840876,-0.00029144629961797117,0.17503344015783548,-0.20338149332569908,0.0,0.029617804027986017,False,0.0,0.0,0.09285714285714286,0.2010850379853634,0.1840049739935406,0.18380225539794318,1.8800000000000001,-1.7,0.65,1.4075952658975437,0.5118110236220472,-1.108342729053184,
1791370228.317263,balance,0.044331174314175645,-0.014777907210472672,0.013862734900679996,0.7621496858505753,-0.03075988571311362,-0.00029144629961797117,0.17511008928840055,-0.1569872136058195,0.0,0.027878730959253945,False,0.0,0.0,0.09285714285714286,0.21340470109232,0.1840049739935406,0.18400495692938382,1.8800000000000001,-1.74,0.65,1.49383290764624,0.5118110236220472,-1.1762463839734174,
1791370228.327258,balance,0.047572567155488125,-0.014622226838263495,0.017095033826697328,-0.14639322744217861,-0.030768979628408768,-0.00029144629961797117,0.1750334401578355,-0.06612544543865242,0.0,0.026965275436918797,False,0.0,0.0,0.0,0.1150888921159428,0.18380227246209999,0.18400495692938382,2.09,-2.04,0.0,0.8056222448115996,0.0,-0.634348224261102,
1791370228.3372293,balance,0.042711092237562566,-0.014102131719685216,0.01221416396281261,-0.6175901416775165,-0.03078837457436793,-0.00029144629961797117,0.1748799829475204,0.029944148312774817,0.0,0.02702016426417846,False,0.0,0.0,-0.09285714285714286,0.0,0.18359956601444283,0.18380225539794318,2.2,-2.15,-0.65,0.0,-0.5118110236220472,-0.0,
1791370228.3472364,balance,0.034898875214844284,-0.014482529593637229,0.0043502479217479685,-0.9889360499367307,-0.030840073592714286,-0.00029144629961797117,0.1744959296454621,0.06495583171637975,0.0,0.027633948739674497,False,0.0,0.0,-0.15543916009304123,-0.09722260958342177,0.18299090309463303,0.18339668211829052,2.58,-2.45,-1.0880741206512887,-0.6805582670839524,-0.856751276103377,0.5358726512472066,
1791370228.3572378,balance,0.026779630050679744,-0.013474182868771398,-0.0037793692326589653,-0.4991728559835385,-0.03085044558295668,-0.00029144629961797117,0.17441911838911267,0.04460790624816449,0.0,0.02817132942349368,False,0.0,0.0,-0.09595240932470968,-0.15148350354076526,0.18299090309463303,0.18319381530020945,2.5,-2.38,-0.6716668652729677,-1.0603845247853567,-0.5288715474590296,0.8349484447128793,
1791370228.3672304,balance,0.023591123251839808,-0.013138842835979726,-0.006967876031498901,-0.1750002147192164,-0.03085044558295668,-0.00029144629961797117,0.17441911838911267,-0.018551464864850653,0.0,0.02817135955661269,False,0.0,0.0,0.0,-0.14395796093175817,0.18299090309463303,0.18319381530020945,2.39,-2.38,0.0,-1.0077057265223073,0.0,0.7934690760018167,
1791370228.3776712,balance,0.025878567121481868,-0.012131816689372037,-0.004670060171614444,0.5884898413522934,-0.030840073592714283,-0.00029144629961797117,0.1744959296454621,-0.08644232540326298,0.0,0.02747535187421594,False,0.0,0.0,0.0,0.0,0.18319383237828069,0.18319381530020945,2.23,-2.21,0.0,0.0,0.0,-0.0,
1791370228.3872392,balance,0.03367495955769085,-0.01156375104481569,0.0031573935198812445,0.9001150881909806,-0.030809012337427576,-0.00029144629961797117,0.17472636352694404,-0.12139393948021178,0.0,0.026318714630180668,False,0.0,0.0,0.14815031976286624,0.09285714285714286,0.18359956601444283,0.18339668211829052,2.1,-2.12,1.0370522383400638,0.65,0.8165765656220975,-0.5118110236220472,
1791370228.3972692,balance,0.04228156462317185,-0.012701982341613644,0.011784636348421891,0.774476564559889,-0.03078837457436793,-0.00029144629961797117,0.1748799829475204,-0.10248449665989634,0.0,0.0251948220126301,False,0.0,0.0,0.11878140083002035,0.16004537299515906,0.18359956601444283,0.18380225539794318,2.06,-1.77,0.8314698058101425,1.1203176109661135,0.6547006344961752,-0.8821398511544201,
1791370228.4072516,balance,0.04876768619642381,-0.012375704974928018,0.01827986831037972,0.41422149187013674,-0.030779264185662063,-0.00029144629961797117,0.17495663204720577,-0.03808710326045471,0.0,0.024633119548786865,False,0.0,0.0,0.09285714285714286,0.17575511650140369,0.18359956601444283,0.18400495692938382,2.11,-1.8,0.65,1.2302858155098257,0.5118110236220472,-0.968728988590414,
1791370228.4172695,balance,0.04753139500042298,-0.012733221281367732,0.01703446672567302,-0.48953549537617824,-0.03078837457436793,-0.00029144629961797117,0.1748799829475204,0.009559850095043402,0.0,0.024605147378586555,False,0.0,0.0,0.0,0.09285714285714286,0.18359956601444283,0.18380225539794318,2.23,-1.99,0.0,0.65,0.0,-0.5118110236220472,
1791370228.427241,balance,0.03918458120031734,-0.012761745711893048,0.008656670517955807,-1.1067592629120604,-0.030819356981979507,-0.00029144629961797117,0.17464955221440248,0.035254120551733395,0.0,0.024915504959399117,False,0.0,0.0,-0.16541280304946177,-0.09285714285714286,0.18319383237828069,0.1835995489363716,2.54,-2.08,-1.1578896213462324,-0.65,-0.911724111296246,0.5118110236220472,
1791370228.437273,balance,0.027191016647710474,-0.011033720046754169,-0.0033795631917146905,-1.1992271620897903,-0.030862026139043135,-0.00029144629961797117,0.174342268324546,0.007374895443011101,0.0,0.025100931892087005,False,0.0,0.0,-0.23593114030044468,-0.20627315484569675,0.18258493369347872,0.18339668211829052,2.8000000000000003,-2.24,-1.6515179821031127,-1.4439120839198774,-1.3004078599237108,1.1369386487558089,
1791370228.4472234,balance,0.019585423468170438,-0.010293646893029315,-0.010985156371254726,-0.28209917240443116,-0.030862026139043135,-0.00029144629961797117,0.174342268324546,-0.039216049898931536,0.0,0.024836227536736286,False,0.0,0.0,-0.12808267289782435,-0.17817334853393574,0.18258493369347872,0.18339668211829052,2.57,-2.23,-0.8965787102847704,-1.2472134397375503,-0.705967488413205,0.9820578265650002,
1791370228.4572356,balance,0.02258133863833585,-0.010622688086367231,-0.007956925791781538,0.7419668189653561,-0.03082971072973536,-0.00029144629961797117,0.17457274092056693,-0.09371291167243899,0.0,0.024067019587769363,False,0.0,0.0,0.0,0.0,0.18299090309463303,0.1835995489363716,2.42,-2.17,0.0,0.0,0.0,-0.0,
1791370228.4672256,balance,0.0343959175097922,-0.010757845819764855,0.0038886627500702197,1.484809474397578,-0.03079870105933995,-0.00029144629961797117,0.17480317159768466,-0.1205178569939103,0.0,0.02288898168734847,False,0.0,0.0,0.23076750350191183,0.11498940594868051,0.18339669919636176,0.18380225539794318,2.04,-1.9100000000000001,1.6153725245133828,0.8049258416407636,1.271946869695577,-0.6337998753076879,
1791370228.4772651,balance,0.04868033820700096,-0.011315898437962595,0.01819252032095687,1.2025093356653334,-0.030779264185662063,-0.00029144629961797117,0.17495663204720577,-0.09100326501464004,0.0,0.021857038329136422,False,0.0,0.0,0.24590406758348926,0.24578280593080604,0.18359956601444283,0.18400495692938382,2.22,-1.87,1.7213284730844247,1.7204796415156423,1.355376750460177,-1.354708379146175,
1791370228.4872038,balance,0.05687130228763652,-0.012225238850445203,0.02639258681120822,0.5424747422763082,-0.030770161776046266,-0.00029144629961797117,0.17503328116139963,0.03412941438099586,0.0,0.021771081662679728,False,0.0,0.0,0.18349501845813784,0.2271344112651967,0.18359956601444283,0.18420760289697855,2.11,-1.71,1.2844651292069649,1.589940878856377,1.0113898655172953,-1.2519219518554148,
1791370228.497274,balance,0.055902032638237495,-0.012611207041737951,0.025394777878515514,-0.6930002906713479,-0.03079870105933995,-0.00029144629961797117,0.17480317159768466,0.2177922622417443,0.0,0.023446910436228114,False,0.0,0.0,0.0,0.09285714285714286,0.18339669919636176,0.18380225539794318,2.2600000000000002,-2.39,0.0,0.65,0.0,-0.5118110236220472,
1791370228.5072784,balance,0.044555606074387105,-0.014627259363206161,0.013996606791048407,-1.5112692848452245,-0.03085044558295667,-0.00029144629961797117,0.17441911838911267,0.3615711240140639,0.0,0.02677773154027384,False,0.0,0.0,-0.1274105022787818,-0.0932894539445725,0.18319383237828069,0.1829908860068136,2.64,-3.09,-0.8918735159514727,-0.6530261776120074,-0.7022626109854115,0.5141938406393759,
1791370228.5172696,balance,0.0228009185029532,-0.01624403466845604,-0.007870860284391759,-2.6463892058476186,-0.03096322508696293,-0.00029144629961797117,0.17365073117631882,0.334578650793862,0.0,0.030313456122812048,False,0.0,0.0,-0.3651808241892853,-0.3485401836818744,0.18217879849987784,0.18197562665552244,3.24,-3.67,-2.5562657693249973,-2.4397812857731207,-2.0128076923818874,1.9210876265930084,
1791370228.527198,balance,-0.0014757961646893782,-0.015787111423352203,-0.03218391339785938,-2.0893839448028975,-0.030999563532787967,-0.00029144629961797117,0.17342005962082016,0.17595150057576175,0.0,0.03257798093534308,False,0.0,0.0,-0.42639797905965177,-0.4282275826329558,0.18197564376362416,0.18156917099526568,3.09,-3.5,-2.9847858534175624,-2.9975930784306906,-2.3502250814311516,2.360309510575347,
1791370228.5372403,balance,-0.013783399839570033,-0.015645186508594592,-0.04444348216501749,-0.3558176432425471,-0.030951528625065425,-0.00029144629961797117,0.17372758184360407,-0.04666602044379633,0.0,0.032757741740279386,False,0.0,0.0,-0.25785034862073514,-0.2777655811979966,0.18238186609667828,0.18197562665552244,2.72,-2.88,-1.804952440345146,-1.9443590683859762,-1.421222393972556,1.5309913924299026,
1791370228.5472426,balance,-0.007307826903358939,-0.014906354785657659,-0.0378991976338562,1.4019594952707575,-0.030882817030115233,-0.00029144629961797117,0.17418864590685898,-0.2965963059754068,0.0,0.030438276984397043,False,0.0,0.0,0.0,0.0,0.18299090309463303,0.18258491659850523,2.16,-2.38,0.0,0.0,0.0,-0.0,
1791370228.5571756,balance,0.014430312752572828,-0.01668292367793024,-0.016057505235083487,2.745005506925478,-0.030779264287274285,-0.00029144629961797117,0.17495663203354536,-0.448116856857593,0.0,0.026229553766029468,False,0.0,0.0,0.31339662401025825,0.3003414916595764,0.1840049739935406,0.1835995489363716,1.67,-1.51,2.193776368071808,2.1023904416170347,1.7273829669856755,-1.6554255445803423,
1791370228.5672483,balance,0.0441399693286462,-0.017237298702606502,0.013734960495134564,3.0378649884959787,-0.03069645513312961,-0.00029144629961797117,0.17564663568361524,-0.4083458636450356,0.0,0.0218880353078928,False,0.0,0.0,0.48916266076580533,0.48051533726827594,0.1848152533120094,0.18461277435272638,1.07,-1.04,3.424138625360637,3.3636073608779316,2.6961721459532577,-2.648509732974749,
1791370228.5773716,balance,0.070592620376201,-0.017448884289119438,0.04022299297025424,2.051328957147923,-0.030661073705564725,-0.00029144629961797117,0.1759535467836115,-0.1730385392389248,0.0,0.019403416949839696,False,0.0,0.0,0.4926536654768445,0.4883635896855017,0.18522011670160538,0.18501769687065542,1.19,-1.16,3.4485756583379117,3.4185451277985117,2.71541390420308,-2.6917678171641826,
1791370228.5872602,balance,0.08666469406904537,-0.017910998197614037,0.056303836492470866,1.5288205530475765,-0.030652303876192475,-0.00029144629961797117,0.1760303000726526,0.22359479717284841,0.0,0.02054711764412521,False,0.0,0.0,0.4714713404438473,0.4616520537502564,0.18542246149501598,0.18501769687065542,1.02,-1.11,3.300299383106931,3.2315643762517947,2.5986609315802607,-2.544538878938421,
1791370228.5972803,balance,0.09688476815669102,-0.017846292078261147,0.06645262033097535,0.32075375395220035,-0.03072359412533364,-0.00029144629961797117,0.1754166880323744,0.6057813213202545,0.5300946912455932,0.0003784331503733068,False,0.0,0.0,0.3412865211030254,0.30753807112408754,0.1848152533120094,0.18400495692938382,1.78,-2.5,2.3890056477211776,2.1527664978686127,1.8811068092292738,-1.695091730605207,
1791370228.6072195,balance,0.09744023864121515,-0.017490293328470373,0.06691230356006242,0.0039203588903209486,-0.030819381380770693,-0.00029144629961797117,0.17464954894034834,0.8466172337532623,0.6783534980871532,0.0008413186783305455,False,0.0,0.0,0.21640963825570317,0.16923290973178765,0.18380227246209999,0.1829908860068136,2.2800000000000002,-3.0300000000000002,1.514867467789922,1.1846303681225134,1.1928090297558442,-0.9327798174193019,
1791370228.617226,balance,0.08981455641836138,-0.01751252689324587,0.05912988501783346,-1.3332576108455807,-0.03097611770014589,-0.00029144629961797117,0.17357376083155007,0.9469971145244992,0.682123183096832,0.0013243696571383363,False,0.0,0.0,0.0,-0.09285714285714286,0.18238186609667828,0.18156917099526568,3.14,-3.94,0.0,-0.65,0.0,0.5118110236220472,
1791370228.6272275,balance,0.07508958679643778,-0.017503095619371443,0.04427798369675291,-1.8261196566569706,-0.031103049399302835,-0.00029144629961797117,0.17280446909926184,0.9427267963828637,0.0,0.00582599513462827,False,0.0,0.0,-0.09285714285714286,-0.11407990119865329,0.18136583942689477,0.18055221804917715,3.97,-4.7,-0.65,-0.798559308390573,-0.5118110236220472,0.6287868570004511,
1791370228.6372578,balance,0.047822112111167936,-0.01820908376799066,0.016870596888788936,-3.075457122315731,-0.03124296152199697,-0.00029144629961797117,0.17203487952304464,0.7474135734618148,0.0,0.01388353540074689,False,0.0,0.0,-0.30373848463194275,-0.35179571366890294,0.18055223518809663,0.17933022523013067,3.96,-5.26,-2.1261693924235994,-2.462569995682321,-1.674149127892598,1.9390314926632448,
1791370228.6472294,balance,0.020901660437601843,-0.019447540039652624,-0.010035897966882442,-2.4152851923058427,-0.031229004704102257,-0.00029144629961797117,0.17211178600393254,0.4777222518098531,0.0,0.019435690648738676,False,0.0,0.0,-0.3524347294259574,-0.4045106119851828,0.18075567401151546,0.17933022523013067,3.96,-4.75,-2.4670431059817015,-2.8315742838962796,-1.9425536267572452,2.2295860503120313,
1791370228.6572576,balance,0.005100219186095645,-0.019965295658366054,-0.025739118903244085,-0.41416575209909995,-0.0311307843889577,-0.00029144629961797117,0.17265065827665363,0.17883567734823796,0.0,0.021971230307327443,False,0.0,0.0,-0.20409728009467706,-0.2433645289812874,0.18136583942689477,0.18014503880623534,3.12,-3.8000000000000003,-1.4286809606627395,-1.703551702869012,-1.1249456383171177,1.3413792935976472,
1791370228.6672106,balance,0.01589206717822595,-0.018703210713258565,-0.014818472042703186,2.0625373111540575,-0.031001985520547108,-0.00029144629961797117,0.17341981536157766,-0.024138870706677616,0.0,0.022205252456283506,False,0.0,0.0,0.20374795947513935,0.1779123362078753,0.18238186609667828,0.18116247362125046,2.77,-3.2,1.4262357163259756,1.245386353455127,1.1230202490755712,-0.9806191759489189,
1791370228.6772892,balance,0.04393065471877583,-0.017379415109242992,0.01331477683951192,3.1959766433706323,-0.03090732417888188,-0.00029144629961797117,0.1740349046918301,-0.07329298934154994,0.0,0.0214789965937743,False,0.0,0.0,0.5010086661106335,0.5479200559391432,0.18319383237828069,0.18197562665552244,2.08,-2.75,3.507060662774435,3.8354403915740023,2.7614650887987677,-3.020031804388978,
1791370228.6872516,balance,0.07174658482483433,-0.016428716198940426,0.04122778574953408,2.189077427712096,-0.030810245374918218,-0.00029144629961797117,0.17472619799060563,0.06488575870094745,0.0,0.021558287818104552,False,0.0,0.0,0.5189753847684381,0.6129564972484169,0.1840049739935406,0.1829908860068136,1.7,-1.84,3.6328276933790664,4.290695480738918,2.86049424675517,-3.3785003785345813,
1791370228.6972654,balance,0.09184051897997936,-0.015879084492534123,0.0614708915740326,2.023530451008023,-0.030661073705564725,-0.00029144629961797117,0.1759535467836115,0.23382468218187588,0.0,0.023896534639923313,False,0.0,0.0,0.5336925145654436,0.6253891659863339,0.18522011670160538,0.18501769687065542,0.56,-0.42,3.7358476019581053,4.377724161904337,2.941612285006382,-3.447026899137273,
1791370228.7072172,balance,0.10979805062962533,-0.01369534561515218,0.0794967182650575,1.4248915536097666,-0.030592778664185805,-0.00029144629961797117,0.17656739760913567,0.23382468218187588,0.19486804047586026,0.0001947832085300781,False,0.0,0.0,0.47537625156484165,0.5384300747761078,0.18602916385061638,0.18582696731162412,0.65,-0.39,3.3276337609538915,3.7690105234327547,2.6201840637432214,-2.9677248216005943,
1791370228.7172413,balance,0.12025265992037613,-0.014077661085374945,0.08991806600566749,0.9086328726939719,-0.030626040214326616,-0.00029144629961797117,0.1762605600208653,0.5020776459696638,0.35985405199074355,0.000711117969894601,False,0.0,0.0,0.3591710911648781,0.4456414986982733,0.18542246149501598,0.1856247877928437,1.2,-0.87,2.5141976381541467,3.1194904908879133,1.9796831796489343,-2.456291725108593,
1791370228.7272296,balance,0.12576649676620008,-0.011421230371587243,0.09533435354129731,0.16524355104224236,-0.030723589524520742,-0.00029144629961797117,0.17541668595515936,0.8239134629438412,0.576791831593931,0.0012356081567495509,False,0.0,0.0,0.25893421633066677,0.3314302869463157,0.18420761995138657,0.18461277435272638,2.09,-1.97,1.8125395143146674,2.32001200862421,1.427196467964305,-1.8267811091529211,
1791370228.7372582,balance,0.12526576907103362,-0.01022351346486624,0.09472750464091624,-0.2613296398321707,-0.03082971072973535,-0.00029144629961797117,0.17457274092056693,0.9754711466697906,0.6945043286582511,0.0014048340900576978,False,0.0,0.0,0.16854317235591962,0.23254534115862432,0.18319383237828069,0.18339668211829052,2.68,-3.0,1.1798022064914373,1.6278173881103704,0.9289781153475885,-1.2817459748900555,
1791370228.7472317,balance,0.11714852766743575,-0.012517149498249312,0.08645332487055313,-1.2743383414824028,-0.030986649096500587,-0.00029144629961797117,0.17349702991311305,1.015992053391312,0.7572195251383987,0.0012938626412645666,False,0.0,0.0,-0.09285714285714286,0.09285714285714286,0.1817724202195233,0.18197562665552244,3.71,-3.9,-0.65,0.65,-0.5118110236220472,-0.5118110236220472,
1791370228.7572887,balance,0.09992726532974493,-0.012938602594803011,0.06903478775268174,-2.19134337166568,-0.03118392387668116,-0.00029144629961797117,0.17234283453840127,0.972309075874553,0.8589306642455622,0.0005668920581449539,False,0.0,0.0,-0.25579305264600094,-0.14339362292693336,0.1803486455666257,0.18034862842770624,4.53,-4.8500000000000005,-1.7905513685220065,-1.0037553604885336,-1.4098829673401625,0.7903585515657745,
1791370228.7672477,balance,0.0715124450696587,-0.013890790362670694,0.04045789604124967,-3.198705524525178,-0.031345995328027,-0.00029144629961797117,0.17149604154972733,0.7760256321346718,0.0,0.008946875104468049,False,0.0,0.0,-0.38915976231136257,-0.3076923033149551,0.17953407294526705,0.17892251747088514,4.84,-5.57,-2.724118336179538,-2.1538461232046857,-2.144975067857904,1.6959418292950281,
1791370228.7772903,balance,0.042566209121869855,-0.015222653964723049,0.011543006342275149,-2.3765934598356506,-0.03131464907921268,-0.00029144629961797117,0.1716501855637471,0.47565089028489427,0.0,0.014522343566797397,False,0.0,0.0,-0.3989668325563769,-0.36486206225548,0.1797377558943685,0.17912639467419647,4.47,-4.64,-2.792767827894638,-2.55403443578836,-2.1990297857438095,2.0110507368412285,
1791370228.7875397,balance,0.03198750586622781,-0.01554363890337456,0.001122843579276706,0.22847673269971777,-0.031156108586569076,-0.00029144629961797117,0.17249664646156018,0.22055820221685488,0.0,0.01735553111533799,False,0.0,0.0,-0.09285714285714286,-0.11270490849126565,0.18075567401151546,0.18034862842770624,3.54,-3.56,-0.65,-0.7889343594388595,-0.5118110236220472,0.621208157038472,
1791370228.7972753,balance,0.04666150990967331,-0.018253567704770872,0.01593923109027151,2.310349580394088,-0.031013725119019772,-0.00029144629961797117,0.1733429647969398,0.049609996319237445,0.0,0.018241563507864683,False,0.0,0.0,0.34016636887653,0.2823126125194298,0.18217879849987784,0.18116247362125046,2.52,-3.37,2.38116458213571,1.9761882876360086,1.8749327418391417,-1.5560537697921328,
1791370228.8072288,balance,0.07602004614141629,-0.020855516342864165,0.0454469929946611,3.332352073859545,-0.030864499446373157,-0.00029144629961797117,0.17434218577857993,0.027853645136360253,0.0,0.018437120513304803,False,0.0,0.0,0.613327036054096,0.6354054616885684,0.18380227246209999,0.18217878140490432,1.51,-2.41,4.293289252378672,4.447838231819978,3.380542718408403,-3.502234828204707,
1791370228.817237,balance,0.1045917076592423,-0.01849022103494075,0.07415932950655625,2.231982372560906,-0.030723824452304024,-0.00029144629961797117,0.1754167920224657,0.18443002075078985,0.0,0.019704104015792544,False,0.0,0.0,0.6102116219628979,0.6964785431788879,0.18501771391452992,0.18380225539794318,1.01,-1.16,4.271481353740286,4.875349802252216,3.3633711446773904,-3.8388581120096186,
1791370228.8272238,balance,0.12723373246949707,-0.01680036001148805,0.09693240010492923,2.3209545257793427,-0.030592778664185805,-0.00029144629961797117,0.17656739760913567,0.18443002075078985,0.0,0.021548404223300444,False,0.0,0.0,0.64323962545409,0.7029276828578507,0.18602916385061638,0.18582696731162412,0.11,-0.07,4.50267737817863,4.920493780004954,3.54541525840837,-3.8744045511850036,
1791370228.8372662,balance,0.14471958375674895,-0.01837874673804341,0.11446090685061587,1.3626587478150118,-0.030550123205751054,-0.00029144629961797117,0.17702690408492902,0.18443002075078985,0.13855358392899847,0.0002293821841089569,False,0.0,0.0,0.5216615209405662,0.5565327982165842,0.18663550718186553,0.18643339097990522,0.25,-0.27,3.651630646583963,3.8957295875160893,2.875299721719656,-3.067503612217393,
1791370228.8472364,balance,0.15851181810704387,-0.0177309381705798,0.12823894734056915,1.23669675442925,-0.03056431706609269,-0.00029144629961797117,0.17687373522393784,0.18443002075078985,0.1205501250961255,0.0003193994782733217,False,0.0,0.0,0.47397400056400896,0.5113135912319966,0.18623130413480038,0.18643339097990522,0.74,-0.51,3.3178180039480627,3.579195138623976,2.612455121218947,-2.818263888680296,
1791370228.857284,balance,0.16586086372115516,-0.013277910990449181,0.1354912363152084,0.40062479258439515,-0.030661073705564725,-0.00029144629961797117,0.1759535467836115,0.6673311868457236,0.43539735150267633,0.0011596691767152363,False,0.0,0.0,0.3818156050183186,0.38590983792727623,0.18522011670160538,0.18501769687065542,1.5,-1.98,2.6727092351282304,2.7013688654909336,2.10449546073089,-2.127062098811759,
1791370228.8672462,balance,0.16847128729129113,-0.013811868860978436,0.13796282432094173,-0.0934387400973449,-0.03079990926996738,-0.00029144629961797117,0.17480300931960174,0.9009360207606746,0.6521628736071348,0.0012438657357676992,False,0.0,0.0,0.30648075905377303,0.28665782527030736,0.1840049739935406,0.18319381530020945,2.19,-3.18,2.145365313376411,2.0066047768921518,1.6892640262806387,-1.580003761332403,
1791370228.877291,balance,0.1624623751242046,-0.016361834359605573,0.13179059633685963,-0.7272091639856114,-0.030963225086962934,-0.00029144629961797117,0.1736507311763188,0.9924098582773412,0.7502764123553137,0.0012106672296101372,False,0.0,0.0,0.14978896423946803,0.14450036035337172,0.18238186609667828,0.1817724031114216,3.19,-3.81,1.0485227496762761,1.011502522473602,0.8256084643120284,-0.7964586791130724,
1791370228.8872437,balance,0.14892194467349848,-0.013913926518444008,0.118015515927466,-2.1349231297600593,-0.031197875045650452,-0.00029144629961797117,0.1722659306597282,0.9654112408466423,0.8332995433244506,0.0006605584876109588,False,0.0,0.0,-0.11564086600712419,-0.09285714285714286,0.18075567401151546,0.1797377387490826,4.53,-5.72,-0.8094860620498693,-0.65,-0.6373906000392672,0.5118110236220472,
1791370228.8972359,balance,0.12191050171502647,-0.014208094341349958,0.09078728963986214,-2.888718355794845,-0.0314146583747823,-0.00029144629961797117,0.1711875360015272,0.829478412398648,0.0,0.004326387151393582,False,0.0,0.0,-0.2458207418127226,-0.3160656542861754,0.1797377558943685,0.17790262162875725,4.8,-6.23,-1.7207451926890582,-2.2124595800032276,-1.3549174745583135,1.7420941574828563,
1791370228.9072356,balance,0.09269671668446704,-0.01730706520102579,0.06152618479748946,-2.815698136772754,-0.031461978186595546,-0.00029144629961797117,0.170956319129951,0.5736686641625844,0.0,0.010813617163227535,False,0.0,0.0,-0.3346400729550831,-0.36036810454541945,0.1791264118333987,0.17790262162875725,5.0600000000000005,-5.74,-2.3424805106855815,-2.522576731817936,-1.844472843059513,1.9862808911952252,
1791370228.9172711,balance,0.07645455286115926,-0.017904819371557718,0.04542971749134639,-0.26926054794492293,-0.031316281669430845,-0.00029144629961797117,0.17165001672755933,0.2926115465030471,0.0,0.01442588914045291,False,0.0,0.0,-0.11746218289591082,-0.10306717271911094,0.17994142114148953,0.17892251747088514,3.94,-4.53,-0.8222352802713757,-0.7214702090337766,-0.6474293545443903,0.5680867787667532,
1791370228.9272234,balance,0.09210844207899159,-0.01667724974461883,0.06130902708723537,2.894984223682625,-0.031090861291374193,-0.00029144629961797117,0.17288150618152692,0.161944476892867,0.0,0.01628395556498602,False,0.0,0.0,0.39299530969038876,0.4713962228443917,0.1817724202195233,0.18034862842770624,2.7800000000000002,-3.48,2.750967167832721,3.299773559910742,2.166115880183245,-2.5982468975675133,
1791370228.93725,balance,0.12909629968154998,-0.013761212030176651,0.09850247802034756,3.8510204899541725,-0.030885267960820396,-0.00029144629961797117,0.17418856664696789,0.19035183407516076,0.0,0.01802929986073613,False,0.0,0.0,0.7732836353275535,0.842648663863972,0.18339669919636176,0.18217878140490432,2.0300000000000002,-2.19,5.412985447292875,5.8985406470478035,4.262193265584941,-4.644520194525829,
1791370228.9472504,balance,0.1573306378662703,-0.013152405424795776,0.1268894324942658,2.353102139813449,-0.03073265167162247,-0.00029144629961797117,0.17534003676683282,0.3488240829845055,0.0,0.020897525393876914,False,0.0,0.0,0.721146236349379,0.8478623907574903,0.1846127914071344,0.18400495692938382,1.01,-0.64,5.048023654445653,5.935036735302432,3.9748217751540573,-4.6732572718916785,
1791370228.9572701,balance,0.18331417573964262,-0.012765895513915503,0.1530484049749034,2.616752668854047,-0.030557217064357173,-0.00029144629961797117,0.17695031964997723,0.3488240829845055,0.34801329170562684,4.053956394393377e-06,False,0.0,0.0,0.743521161420602,0.8680170407888355,0.18623130413480038,0.18663549018193595,-0.11,0.81,5.204648129944214,6.076119285521848,4.098148133814342,-4.784345894111691,
1791370228.9672358,balance,0.20327029923548934,-0.009968080014606187,0.1730650021002475,1.8148892658719105,-0.030496743434859794,-0.00029144629961797117,0.17763879048804385,0.3488240829845055,0.23423287853366256,0.0005729560222542148,False,0.0,0.0,0.6459701768562937,0.7468912286637426,0.18703938436158618,0.1876447813463442,-0.12,0.49,4.521791237994056,5.228238600646198,3.560465541727603,-4.116723307595431,
1791370228.9772394,balance,0.22165830479436527,-0.008524382366126656,0.19142729061825728,1.580094373526605,-0.030522460475725953,-0.00029144629961797117,0.1773330790004956,0.3488240829845055,0.24004647628697467,0.0005438880334876542,False,0.0,0.0,0.626487815228986,0.7082251369861241,0.18683744577172584,0.1870393673616566,0.32,-0.13,4.385414706602902,4.9575759589028685,3.4530824461440175,-3.903603117246353,
1791370228.9872453,balance,0.2316307977709467,-0.008009403177656858,0.20136502700620748,0.7804164847612108,-0.03055721706435718,-0.00029144629961797117,0.17695031964997723,0.3488240829845055,0.20433437580234354,0.0007224485359108099,False,0.0,0.0,0.49717782025954266,0.5640702364952863,0.18643340799374775,0.18643339097990522,0.72,-0.6,3.4802447418167985,3.948491655467004,2.740350190406928,-3.109048547611814,
1791370228.9972682,balance,0.24107837935753829,-0.006270566068779683,0.21073503851660222,0.6091807591991472,-0.03063478714055403,-0.00029144629961797117,0.17618380669129718,0.7702621238868075,0.4878828830875588,0.0014118962039962434,False,0.0,0.0,0.4940539195897317,0.5457330947022154,0.18522011670160538,0.1856247877928437,1.54,-1.28,3.458377437128122,3.820131662915508,2.7231318402583637,-3.0079776873350457,
1791370229.0072408,balance,0.24505654543744498,-0.006255402588943037,0.21458810602394934,0.21584144657027604,-0.03075988571311362,-0.00029144629961797117,0.17511008928840055,0.9693031637379924,0.6716504391890487,0.0014882636227447187,False,0.0,0.0,0.42225341981998904,0.4717859356921063,0.18380227246209999,0.18420760289697855,2.4,-2.36,2.9557739387399233,3.3025015498447443,2.3273810541259237,-2.600394921137594,
1791370229.0172472,balance,0.24199599907526245,-0.007180514971221961,0.21134760286812082,-0.6675631832710398,-0.03093984250675961,-0.00029144629961797117,0.17380443253463543,1.031225038123603,0.7869869773705995,0.0012211903037650173,False,0.0,0.0,0.2812323199602029,0.2899986522806944,0.18217879849987784,0.18238184900170476,3.6,-4.0,1.9686262397214205,2.0299905659648605,1.5500994013554492,-1.5984177684762682,
1791370229.0272212,balance,0.23074100435547118,-0.008965083632718097,0.19982064518952167,-1.481820759608915,-0.031211805465567483,-0.00029144629961797117,0.17218902410408501,1.0285084234809825,0.7934844745236058,0.0011751197447868833,False,0.0,0.0,0.10676642753830361,0.09575987579003008,0.1801450559451548,0.18014503880623534,4.8500000000000005,-5.33,0.7473649927681253,0.6703191305302105,0.5884763722583664,-0.5278103390001657,
1791370229.0372365,balance,0.20973158454607688,-0.011333621897135965,0.17847756132813933,-2.740210706947923,-0.03154546951755552,-0.00029144629961797117,0.17057079738330505,0.9443787610712061,0.0,0.0055564398325262734,False,0.0,0.0,-0.09717581799032116,-0.09375914586248782,0.1776984917096465,0.17831070318671768,6.71,-6.390000000000001,-0.6802307259322481,-0.6563140210374148,-0.5356147448285418,0.5167826937302479,
1791370229.0472455,balance,0.17820925116677033,-0.011310275815296839,0.14665474280121688,-3.134540888433238,-0.031845954665171435,-0.00029144629961797117,0.16933714401852848,0.7627703041310444,0.0,0.013689329713899205,False,0.0,0.0,-0.23047649527439767,-0.2249621779815178,0.17585947341231709,0.17688154279271395,7.26,-6.8500000000000005,-1.6133354669207838,-1.5747352458706245,-1.2703428873391998,1.2399490124965546,
1791370229.057242,disarmed,0.14959001422551774,-0.0094420105223174,0.14665474280121688,-3.134540888433238,-0.03188524534667011,-0.00029144629961797117,0.16918289637627817,0.7627703041310444,0.0,0.013689329713899205,False,0.0,0.0,-0.23047649527439767,-0.2249621779815178,0.16785531310060556,0.17667719491365264,7.26,-6.8500000000000005,-1.6133354669207838,-1.5747352458706245,-1.2703428873391998,1.2399490124965546,
1791370229.0687263,disarmed,0.14959001422551774,-0.0094420105223174,0.14665474280121688,-3.134540888433238,-0.03369646645312659,-0.00029144629961797117,0.16392573010051473,0.7627703041310444,0.0,0.013689329713899205,False,0.0,0.0,-0.23047649527439767,-0.2249621779815178,0.16785531310060556,0.17052899987899914,7.26,-6.8500000000000005,-1.6133354669207838,-1.5747352458706245,-1.2703428873391998,1.2399490124965546,
1791370229.077293,disarmed,0.1472329862286443,-0.008567584106659198,0.14665474280121688,-3.134540888433238,-0.03414568210346469,-0.00029144629961797117,0.1629195864838898,0.7627703041310444,0.0,0.013689329713899205,False,0.0,0.0,-0.23047649527439767,-0.2249621779815178,0.16641366034924823,0.16929559108734712,7.26,-6.8500000000000005,-1.6133354669207838,-1.5747352458706245,-1.2703428873391998,1.2399490124965546,
1791370229.0878234,disarmed,0.1454947475270001,-0.010449836298125483,0.14665474280121688,-3.134540888433238,-0.03553093019427864,-0.00029144629961797117,0.16020891400897602,0.7627703041310444,0.0,0.013689329713899205,False,0.0,0.0,-0.23047649527439767,-0.2249621779815178,0.16332052216326529,0.16517698693988053,7.26,-6.8500000000000005,-1.6133354669207838,-1.5747352458706245,-1.2703428873391998,1.2399490124965546,
1791370229.0972826,disarmed,0.1452145545955279,-0.01022953085250308,0.14665474280121688,-3.134540888433238,-0.035844595110660585,-0.00029144629961797117,0.1596666768174651,0.7627703041310444,0.0,0.013689329713899205,False,0.0,0.0,-0.23047649527439767,-0.2249621779815178,0.16270135550052045,0.16435204639444206,7.26,-6.8500000000000005,-1.6133354669207838,-1.5747352458706245,-1.2703428873391998,1.2399490124965546,
1791370229.107219,disarmed,0.14296897049754145,-0.009591598037596927,0.14665474280121688,-3.134540888433238,-0.03640593487391496,-0.00029144629961797117,0.15873740073130715,0.7627703041310444,0.0,0.013689329713899205,False,0.0,0.0,-0.23047649527439767,-0.2249621779815178,0.16187554526821607,0.16270133812536872,7.26,-6.8500000000000005,-1.6133354669207838,-1.5747352458706245,-1.2703428873391998,1.2399490124965546,
1791370229.1172733,disarmed,0.13967837047183077,-0.009519912735490747,0.14665474280121688,-3.134540888433238,-0.037219603233262025,-0.00029144629961797117,0.1574984463251985,0.7627703041310444,0.0,0.013689329713899205,False,0.0,0.0,-0.23047649527439767,-0.2249621779815178,0.16084299458541182,0.16042986264926531,7.26,-6.8500000000000005,-1.6133354669207838,-1.5747352458706245,-1.2703428873391998,1.2399490124965546,
