t,mode,pitch,roll,th,thd,th_kin,th_bias,l_pend,v,v_ref,x_err,lifted,a0,a1,a2,a3,hL,hR,IhL,IhR,tauwL,tauwR,IwL,IwR,fault
1791390692.7916982,disarmed,-0.06724230722525795,0.0035837117147218245,0.0,0.0,-0.05071734138160469,0.0,0.1291563573025948,0.0,0.0,0.0,False,0.0,0.0,0.0,0.0,0.1224791,0.1224791,0.0,0.0,0.0,0.0,0.0,0.0,
1791390692.8016067,disarmed,-0.06820781522487385,0.0038321700035847278,0.0,0.0,-0.05071734138160469,0.0,0.1291563573025948,0.0,0.0,0.0,False,0.0,0.0,0.0,0.0,0.1224791,0.1224791,0.0,0.0,0.0,0.0,0.0,0.0,
1791390692.8115895,disarmed,-0.06868079660765657,0.004304647286251474,0.0,0.0,-0.05071734138160469,0.0,0.1291563573025948,0.0,0.0,0.0,False,0.0,0.0,0.0,0.0,0.1224791,0.1224791,0.0,0.0,0.0,0.0,0.0,0.0,
1791390692.8216722,disarmed,-0.06904553281423706,0.004761715316174186,0.0,0.0,-0.05071734138160469,0.0,0.1291563573025948,0.0,0.0,0.0,False,0.0,0.0,0.0,0.0,0.1224791,0.1224791,0.0,0.0,0.0,0.0,0.0,0.0,
1791390692.8317604,disarmed,-0.06932157229520958,0.005117345825374137,0.0,0.0,-0.05071734138160469,0.0,0.1291563573025948,0.0,0.0,0.0,False,0.0,0.0,0.0,0.0,0.1224791,0.1224791,0.0,0.0,0.0,0.0,0.0,0.0,
1791390692.8415844,disarmed,-0.06949579116646584,0.005385940992011914,0.0,0.0,-0.05071734138160469,0.0,0.1291563573025948,0.0,0.0,0.0,False,0.0,0.0,0.0,0.0,0.1224791,0.1224791,0.0,0.0,0.0,0.0,0.0,0.0,
1791390692.8515704,disarmed,-0.06957365853040368,0.0055078769621154785,0.0,0.0,-0.05071734138160469,0.0,0.1291563573025948,0.0,0.0,0.0,False,0.0,0.0,0.0,0.0,0.1224791,0.1224791,0.0,0.0,0.0,0.0,0.0,0.0,
1791390692.8615913,disarmed,-0.07007914322185584,0.007844548020500414,0.0,0.0,-0.05071734138160469,0.0,0.1291563573025948,0.0,0.0,0.0,False,0.0,0.0,0.0,0.0,0.1224791,0.1224791,0.0,0.0,0.0,0.0,0.0,0.0,
1791390692.871626,disarmed,-0.07029099156223464,0.009780325476765253,0.0,0.0,-0.05071734138160469,0.0,0.1291563573025948,0.0,0.0,0.0,False,0.0,0.0,0.0,0.0,0.1224791,0.1224791,0.0,0.0,0.0,0.0,0.0,0.0,
1791390692.8816302,disarmed,-0.0701006957725994,0.009860345677964065,0.0,0.0,-0.05071734138160469,0.0,0.1291563573025948,0.0,0.0,0.0,False,0.0,0.0,0.0,0.0,0.1224791,0.1224791,0.0,0.0,0.0,0.0,0.0,0.0,
1791390692.8916154,disarmed,-0.06975583627265629,0.009474214839535075,0.0,0.0,-0.05071734138160469,0.0,0.1291563573025948,0.0,0.0,0.0,False,0.0,0.0,0.0,0.0,0.1224791,0.1224791,0.0,0.0,0.0,0.0,0.0,0.0,
1791390692.901604,disarmed,-0.06936264468795732,0.009055445876607454,0.0,0.0,-0.05071734138160469,0.0,0.1291563573025948,0.0,0.0,0.0,False,0.0,0.0,0.0,0.0,0.1224791,0.1224791,0.0,0.0,0.0,0.0,0.0,0.0,
1791390692.9116466,disarmed,-0.06890992275299561,0.008651766001639513,0.0,0.0,-0.05071734138160469,0.0,0.1291563573025948,0.0,0.0,0.0,False,0.0,0.0,0.0,0.0,0.1224791,0.1224791,0.0,0.0,0.0,0.0,0.0,0.0,
1791390692.9215915,disarmed,-0.0683495542881602,0.008287281513277893,0.0,0.0,-0.05071734138160469,0.0,0.1291563573025948,0.0,0.0,0.0,False,0.0,0.0,0.0,0.0,0.1224791,0.1224791,0.0,0.0,0.0,0.0,0.0,0.0,
1791390692.9315858,disarmed,-0.06770674880906023,0.008014731630306643,0.0,0.0,-0.05071734138160469,0.0,0.1291563573025948,0.0,0.0,0.0,False,0.0,0.0,0.0,0.0,0.1224791,0.1224791,0.0,0.0,0.0,0.0,0.0,0.0,
1791390692.9416344,disarmed,-0.06717716794577129,0.0061180173570946975,0.0,0.0,-0.05071734138160469,0.0,0.1291563573025948,0.0,0.0,0.0,False,0.0,0.0,0.0,0.0,0.1224791,0.1224791,0.0,0.0,0.0,0.0,0.0,0.0,
1791390692.951618,disarmed,-0.06639388314037986,0.004599940324417795,0.0,0.0,-0.05071734138160469,0.0,0.1291563573025948,0.0,0.0,0.0,False,0.0,0.0,0.0,0.0,0.1224791,0.1224791,0.0,0.0,0.0,0.0,0.0,0.0,
1791390692.9615817,disarmed,-0.06547912228238206,0.003491906432482452,0.0,0.0,-0.05071734138160469,0.0,0.1291563573025948,0.0,0.0,0.0,False,0.0,0.0,0.0,0.0,0.1224791,0.1224791,0.0,0.0,0.0,0.0,0.0,0.0,
1791390692.9716446,disarmed,-0.06460669118957614,0.0031074197507360043,0.0,0.0,-0.05071734138160469,0.0,0.1291563573025948,0.0,0.0,0.0,False,0.0,0.0,0.0,0.0,0.1224791,0.1224791,0.0,0.0,0.0,0.0,0.0,0.0,
1791390692.9815953,disarmed,-0.06384579168451854,0.003284454929802637,0.0,0.0,-0.05071734138160469,0.0,0.1291563573025948,0.0,0.0,0.0,False,0.0,0.0,0.0,0.0,0.1224791,0.1224791,0.0,0.0,0.0,0.0,0.0,0.0,
1791390692.9916878,disarmed,-0.06310230501922491,0.0034963707947269114,0.0,0.0,-0.05071734138160469,0.0,0.1291563573025948,0.0,0.0,0.0,False,0.0,0.0,0.0,0.0,0.1224791,0.1224791,0.0,0.0,0.0,0.0,0.0,0.0,
1791390693.0016232,disarmed,-0.06221071856301772,0.003948982197256276,0.0,0.0,-0.05071734138160469,0.0,0.1291563573025948,0.0,0.0,0.0,False,0.0,0.0,0.0,0.0,0.1224791,0.1224791,0.0,0.0,0.0,0.0,0.0,0.0,
1791390693.011604,disarmed,-0.06084771068563422,0.004992035082947692,0.0,0.0,-0.05071734138160469,0.0,0.1291563573025948,0.0,0.0,0.0,False,0.0,0.0,0.0,0.0,0.1224791,0.1224791,0.0,0.0,0.0,0.0,0.0,0.0,
1791390693.021589,disarmed,-0.0597152880898952,0.005935239271008779,0.0,0.0,-0.05071734138160469,0.0,0.1291563573025948,0.0,0.0,0.0,False,0.0,0.0,0.0,0.0,0.1224791,0.1224791,0.0,0.0,0.0,0.0,0.0,0.0,
1791390693.031635,disarmed,-0.05905799726812089,0.006250556792938565,0.0,0.0,-0.05071734138160469,0.0,0.1291563573025948,0.0,0.0,0.0,False,0.0,0.0,0.0,0.0,0.1224791,0.1224791,0.0,0.0,0.0,0.0,0.0,0.0,
1791390693.0415747,disarmed,-0.05816016579382789,0.00678492450091907,0.0,0.0,-0.05071734138160469,0.0,0.1291563573025948,0.0,0.0,0.0,False,0.0,0.0,0.0,0.0,0.1224791,0.1224791,0.0,0.0,0.0,0.0,0.0,0.0,
1791390693.0515902,disarmed,-0.05742922400064708,0.007133416451346949,0.0,0.0,-0.05071734138160469,0.0,0.1291563573025948,0.0,0.0,0.0,False,0.0,0.0,0.0,0.0,0.1224791,0.1224791,0.0,0.0,0.0,0.0,0.0,0.0,
1791390693.0616093,disarmed,-0.05696926670661496,0.0071807203258229795,0.0,0.0,-0.05071734138160469,0.0,0.1291563573025948,0.0,0.0,0.0,False,0.0,0.0,0.0,0.0,0.1224791,0.1224791,0.0,0.0,0.0,0.0,0.0,0.0,
1791390693.0716102,disarmed,-0.056594248955419646,0.007190179187967446,0.0,0.0,-0.05071734138160469,0.0,0.1291563573025948,0.0,0.0,0.0,False,0.0,0.0,0.0,0.0,0.1224791,0.1224791,0.0,0.0,0.0,0.0,0.0,0.0,
1791390693.0816116,disarmed,-0.05639112745187934,0.0071974003146731275,0.0,0.0,-0.05071734138160469,0.0,0.1291563573025948,0.0,0.0,0.0,False,0.0,0.0,0.0,0.0,0.1224791,0.1224791,0.0,0.0,0.0,0.0,0.0,0.0,
1791390693.0916886,disarmed,-0.05674814507077877,0.007201162390572695,0.0,0.0,-0.05071734138160469,0.0,0.1291563573025948,0.0,0.0,0.0,False,0.0,0.0,0.0,0.0,0.1224791,0.1224791,0.0,0.0,0.0,0.0,0.0,0.0,
1791390693.101611,disarmed,-0.05760502045179917,0.00713053280593751,0.0,0.0,-0.05071734138160469,0.0,0.1291563573025948,0.0,0.0,0.0,False,0.0,0.0,0.0,0.0,0.1224791,0.1224791,0.0,0.0,0.0,0.0,0.0,0.0,
1791390693.1115727,disarmed,-0.05790171508119994,0.006857957470574459,0.0,0.0,-0.05071734138160469,0.0,0.1291563573025948,0.0,0.0,0.0,False,0.0,0.0,0.0,0.0,0.1224791,0.1224791,0.0,0.0,0.0,0.0,0.0,0.0,
1791390693.121587,disarmed,-0.05730117825450262,0.0065802594412938935,0.0,0.0,-0.05071734138160469,0.0,0.1291563573025948,0.0,0.0,0.0,False,0.0,0.0,0.0,0.0,0.1224791,0.1224791,0.0,0.0,0.0,0.0,0.0,0.0,
1791390693.1315866,disarmed,-0.056866464983871476,0.0064165042300561295,0.0,0.0,-0.05071734138160469,0.0,0.1291563573025948,0.0,0.0,0.0,False,0.0,0.0,0.0,0.0,0.1224791,0.1224791,0.0,0.0,0.0,0.0,0.0,0.0,
1791390693.141619,disarmed,-0.05734717062171803,0.0063290866429864005,0.0,0.0,-0.05071734138160469,0.0,0.1291563573025948,0.0,0.0,0.0,False,0.0,0.0,0.0,0.0,0.1224791,0.1224791,0.0,0.0,0.0,0.0,0.0,0.0,
1791390693.1516194,disarmed,-0.05820544376438156,0.006368940866716617,0.0,0.0,-0.05071734138160469,0.0,0.1291563573025948,0.0,0.0,0.0,False,0.0,0.0,0.0,0.0,0.1224791,0.1224791,0.0,0.0,0.0,0.0,0.0,0.0,
1791390693.1616127,disarmed,-0.0585079419483406,0.006510927371447311,0.0,0.0,-0.05071734138160469,0.0,0.1291563573025948,0.0,0.0,0.0,False,0.0,0.0,0.0,0.0,0.1224791,0.1224791,0.0,0.0,0.0,0.0,0.0,0.0,
1791390693.1716287,disarmed,-0.05857363830083079,0.006555026373055019,0.0,0.0,-0.05071734138160469,0.0,0.1291563573025948,0.0,0.0,0.0,False,0.0,0.0,0.0,0.0,0.1224791,0.1224791,0.0,0.0,0.0,0.0,0.0,0.0,
1791390693.1816156,disarmed,-0.05935637121401302,0.006512144843239822,0.0,0.0,-0.05071734138160469,0.0,0.1291563573025948,0.0,0.0,0.0,False,0.0,0.0,0.0,0.0,0.1224791,0.1224791,0.0,0.0,0.0,0.0,0.0,0.0,
1791390693.1916788,disarmed,-0.060771236583515416,0.006725622617412506,0.0,0.0,-0.05071734138160469,0.0,0.1291563573025948,0.0,0.0,0.0,False,0.0,0.0,0.0,0.0,0.1224791,0.1224791,0.0,0.0,0.0,0.0,0.0,0.0,
1791390693.2016833,disarmed,-0.061619042287602496,0.007151970590637984,0.0,0.0,-0.05071734138160469,0.0,0.1291563573025948,0.0,0.0,0.0,False,0.0,0.0,0.0,0.0,0.1224791,0.1224791,0.0,0.0,0.0,0.0,0.0,0.0,
1791390693.2116265,disarmed,-0.06174572412113592,0.007272684380039917,0.0,0.0,-0.05071734138160469,0.0,0.1291563573025948,0.0,0.0,0.0,False,0.0,0.0,0.0,0.0,0.1224791,0.1224791,0.0,0.0,0.0,0.0,0.0,0.0,
1791390693.221622,disarmed,-0.06221534723198547,0.007081348920532305,0.0,0.0,-0.05071734138160469,0.0,0.1291563573025948,0.0,0.0,0.0,False,0.0,0.0,0.0,0.0,0.1224791,0.1224791,0.0,0.0,0.0,0.0,0.0,0.0,
1791390693.2315938,disarmed,-0.0636554317458956,0.007079489408227007,0.0,0.0,-0.05071734138160469,0.0,0.1291563573025948,0.0,0.0,0.0,False,0.0,0.0,0.0,0.0,0.1224791,0.1224791,0.0,0.0,0.0,0.0,0.0,0.0,
1791390693.2416477,disarmed,-0.06536518803277239,0.0074356123094724644,0.0,0.0,-0.05071734138160469,0.0,0.1291563573025948,0.0,0.0,0.0,False,0.0,0.0,0.0,0.0,0.1224791,0.1224791,0.0,0.0,0.0,0.0,0.0,0.0,
1791390693.2516527,disarmed,-0.06618572427601105,0.007584981356046451,0.0,0.0,-0.05071734138160469,0.0,0.1291563573025948,0.0,0.0,0.0,False,0.0,0.0,0.0,0.0,0.1224791,0.1224791,0.0,0.0,0.0,0.0,0.0,0.0,
1791390693.2616105,disarmed,-0.06625250764209804,0.007446983645444172,0.0,0.0,-0.05071734138160469,0.0,0.1291563573025948,0.0,0.0,0.0,False,0.0,0.0,0.0,0.0,0.1224791,0.1224791,0.0,0.0,0.0,0.0,0.0,0.0,
1791390693.2716372,disarmed,-0.0668199101969307,0.007304783893519606,0.0,0.0,-0.05071734138160469,0.0,0.1291563573025948,0.0,0.0,0.0,False,0.0,0.0,0.0,0.0,0.1224791,0.1224791,0.0,0.0,0.0,0.0,0.0,0.0,
1791390693.2816322,disarmed,-0.06808949276095616,0.007302257571627906,0.0,0.0,-0.05071734138160469,0.0,0.1291563573025948,0.0,0.0,0.0,False,0.0,0.0,0.0,0.0,0.1224791,0.1224791,0.0,0.0,0.0,0.0,0.0,0.0,
1791390693.2915916,disarmed,-0.06916333175389251,0.007219453805583242,0.0,0.0,-0.05071734138160469,0.0,0.1291563573025948,0.0,0.0,0.0,False,0.0,0.0,0.0,0.0,0.1224791,0.1224791,0.0,0.0,0.0,0.0,0.0,0.0,
1791390693.3016212,disarmed,-0.06990231007289657,0.0070487078780208335,0.0,0.0,-0.05071734138160469,0.0,0.1291563573025948,0.0,0.0,0.0,False,0.0,0.0,0.0,0.0,0.1224791,0.1224791,0.0,0.0,0.0,0.0,0.0,0.0,
1791390693.3116837,disarmed,-0.07101797713255384,0.006838226676631584,0.0,0.0,-0.05071734138160469,0.0,0.1291563573025948,0.0,0.0,0.0,False,0.0,0.0,0.0,0.0,0.1224791,0.1224791,0.0,0.0,0.0,0.0,0.0,0.0,
1791390693.321659,disarmed,-0.0727220863486088,0.006674963683555591,0.0,0.0,-0.05071734138160469,0.0,0.1291563573025948,0.0,0.0,0.0,False,0.0,0.0,0.0,0.0,0.1224791,0.1224791,0.0,0.0,0.0,0.0,0.0,0.0,
1791390693.331613,disarmed,-0.0742947739794538,0.006704282782998716,0.0,0.0,-0.05071734138160469,0.0,0.1291563573025948,0.0,0.0,0.0,False,0.0,0.0,0.0,0.0,0.1224791,0.1224791,0.0,0.0,0.0,0.0,0.0,0.0,
1791390693.3416123,disarmed,-0.07565318410998191,0.006842913801571842,0.0,0.0,-0.05071734138160469,0.0,0.1291563573025948,0.0,0.0,0.0,False,0.0,0.0,0.0,0.0,0.1224791,0.1224791,0.0,0.0,0.0,0.0,0.0,0.0,
1791390693.351616,disarmed,-0.07729702156499567,0.007100412077713972,0.0,0.0,-0.05071734138160469,0.0,0.1291563573025948,0.0,0.0,0.0,False,0.0,0.0,0.0,0.0,0.1224791,0.1224791,0.0,0.0,0.0,0.0,0.0,0.0,
1791390693.3616605,disarmed,-0.07910518324188431,0.007103732020443049,0.0,0.0,-0.05071734138160469,0.0,0.1291563573025948,0.0,0.0,0.0,False,0.0,0.0,0.0,0.0,0.1224791,0.1224791,0.0,0.0,0.0,0.0,0.0,0.0,
1791390693.3716311,disarmed,-0.08098410055166919,0.007051418886200745,0.0,0.0,-0.05071734138160469,0.0,0.1291563573025948,0.0,0.0,0.0,False,0.0,0.0,0.0,0.0,0.1224791,0.1224791,0.0,0.0,0.0,0.0,0.0,0.0,
1791390693.381655,disarmed,-0.08221615900249091,0.0072491839755002545,0.0,0.0,-0.05071734138160469,0.0,0.1291563573025948,0.0,0.0,0.0,False,0.0,0.0,0.0,0.0,0.1224791,0.1224791,0.0,0.0,0.0,0.0,0.0,0.0,
1791390693.391676,disarmed,-0.0831484182808614,0.007536657248371567,0.0,0.0,-0.05071734138160469,0.0,0.1291563573025948,0.0,0.0,0.0,False,0.0,0.0,0.0,0.0,0.1224791,0.1224791,0.0,0.0,0.0,0.0,0.0,0.0,
1791390693.4015892,disarmed,-0.08410572899583373,0.007707101831962482,0.0,0.0,-0.05071734138160469,0.0,0.1291563573025948,0.0,0.0,0.0,False,0.0,0.0,0.0,0.0,0.1224791,0.1224791,0.0,0.0,0.0,0.0,0.0,0.0,
1791390693.411674,disarmed,-0.08570515446264719,0.00789158873366467,0.0,0.0,-0.05071734138160469,0.0,0.1291563573025948,0.0,0.0,0.0,False,0.0,0.0,0.0,0.0,0.1224791,0.1224791,0.0,0.0,0.0,0.0,0.0,0.0,
1791390693.4215825,disarmed,-0.08765602632080453,0.008110643302022717,0.0,0.0,-0.05071734138160469,0.0,0.1291563573025948,0.0,0.0,0.0,False,0.0,0.0,0.0,0.0,0.1224791,0.1224791,0.0,0.0,0.0,0.0,0.0,0.0,
1791390693.4315994,disarmed,-0.0895380227169446,0.008263402085531297,0.0,0.0,-0.05071734138160469,0.0,0.1291563573025948,0.0,0.0,0.0,False,0.0,0.0,0.0,0.0,0.1224791,0.1224791,0.0,0.0,0.0,0.0,0.0,0.0,
1791390693.4415958,disarmed,-0.09121137552493233,0.008224755285038588,0.0,0.0,-0.05071734138160469,0.0,0.1291563573025948,0.0,0.0,0.0,False,0.0,0.0,0.0,0.0,0.1224791,0.1224791,0.0,0.0,0.0,0.0,0.0,0.0,
1791390693.4515686,disarmed,-0.09270615846515884,0.008227302401478044,0.0,0.0,-0.05071734138160469,0.0,0.1291563573025948,0.0,0.0,0.0,False,0.0,0.0,0.0,0.0,0.1224791,0.1224791,0.0,0.0,0.0,0.0,0.0,0.0,
1791390693.461618,disarmed,-0.09393147993566532,0.00807475298439855,0.0,0.0,-0.05071734138160469,0.0,0.1291563573025948,0.0,0.0,0.0,False,0.0,0.0,0.0,0.0,0.1224791,0.1224791,0.0,0.0,0.0,0.0,0.0,0.0,
1791390693.4716003,disarmed,-0.09494861295327303,0.00781077563087788,0.0,0.0,-0.05071734138160469,0.0,0.1291563573025948,0.0,0.0,0.0,False,0.0,0.0,0.0,0.0,0.1224791,0.1224791,0.0,0.0,0.0,0.0,0.0,0.0,
1791390693.4815905,disarmed,-0.09547681438157293,0.007503675087196925,0.0,0.0,-0.05071734138160469,0.0,0.1291563573025948,0.0,0.0,0.0,False,0.0,0.0,0.0,0.0,0.1224791,0.1224791,0.0,0.0,0.0,0.0,0.0,0.0,
1791390693.4916158,disarmed,-0.09558892855462893,0.007455618773346929,0.0,0.0,-0.05071734138160469,0.0,0.1291563573025948,0.0,0.0,0.0,False,0.0,0.0,0.0,0.0,0.1224791,0.1224791,0.0,0.0,0.0,0.0,0.0,0.0,
1791390693.5016353,disarmed,-0.0957959611242305,0.0073244924717456,0.0,0.0,-0.05071734138160469,0.0,0.1291563573025948,0.0,0.0,0.0,False,0.0,0.0,0.0,0.0,0.1224791,0.1224791,0.0,0.0,0.0,0.0,0.0,0.0,
1791390693.5116086,disarmed,-0.0963435185052251,0.007153759480643962,0.0,0.0,-0.05071734138160469,0.0,0.1291563573025948,0.0,0.0,0.0,False,0.0,0.0,0.0,0.0,0.1224791,0.1224791,0.0,0.0,0.0,0.0,0.0,0.0,
1791390693.521621,disarmed,-0.09704559674637513,0.007130061109554534,0.0,0.0,-0.05071734138160469,0.0,0.1291563573025948,0.0,0.0,0.0,False,0.0,0.0,0.0,0.0,0.1224791,0.1224791,0.0,0.0,0.0,0.0,0.0,0.0,
1791390693.5315807,disarmed,-0.09744190813294422,0.007281767663115975,0.0,0.0,-0.05071734138160469,0.0,0.1291563573025948,0.0,0.0,0.0,False,0.0,0.0,0.0,0.0,0.1224791,0.1224791,0.0,0.0,0.0,0.0,0.0,0.0,
1791390693.5416014,disarmed,-0.09736211349898247,0.007336546080923647,0.0,0.0,-0.05071734138160469,0.0,0.1291563573025948,0.0,0.0,0.0,False,0.0,0.0,0.0,0.0,0.1224791,0.1224791,0.0,0.0,0.0,0.0,0.0,0.0,
1791390693.5516245,disarmed,-0.09704228956651144,0.007298935328605754,0.0,0.0,-0.05071734138160469,0.0,0.1291563573025948,0.0,0.0,0.0,False,0.0,0.0,0.0,0.0,0.1224791,0.1224791,0.0,0.0,0.0,0.0,0.0,0.0,
1791390693.5616324,disarmed,-0.0967718634781285,0.00732897388989367,0.0,0.0,-0.05071734138160469,0.0,0.1291563573025948,0.0,0.0,0.0,False,0.0,0.0,0.0,0.0,0.1224791,0.1224791,0.0,0.0,0.0,0.0,0.0,0.0,
1791390693.5716376,disarmed,-0.09664600814405527,0.0074617041251906985,0.0,0.0,-0.05071734138160469,0.0,0.1291563573025948,0.0,0.0,0.0,False,0.0,0.0,0.0,0.0,0.1224791,0.1224791,0.0,0.0,0.0,0.0,0.0,0.0,
1791390693.5816426,disarmed,-0.09653790527491692,0.007465003636135422,0.0,0.0,-0.05071734138160469,0.0,0.1291563573025948,0.0,0.0,0.0,False,0.0,0.0,0.0,0.0,0.1224791,0.1224791,0.0,0.0,0.0,0.0,0.0,0.0,
1791390693.591575,disarmed,-0.09616761788101523,0.007400779777670274,0.0,0.0,-0.05071734138160469,0.0,0.1291563573025948,0.0,0.0,0.0,False,0.0,0.0,0.0,0.0,0.1224791,0.1224791,0.0,0.0,0.0,0.0,0.0,0.0,
1791390693.6016212,disarmed,-0.09556589267620984,0.007377600188277485,0.0,0.0,-0.05071734138160469,0.0,0.1291563573025948,0.0,0.0,0.0,False,0.0,0.0,0.0,0.0,0.1224791,0.1224791,0.0,0.0,0.0,0.0,0.0,0.0,
1791390693.6116529,disarmed,-0.0948088541071195,0.0073733598024749575,0.0,0.0,-0.05071734138160469,0.0,0.1291563573025948,0.0,0.0,0.0,False,0.0,0.0,0.0,0.0,0.1224791,0.1224791,0.0,0.0,0.0,0.0,0.0,0.0,
1791390693.6216795,disarmed,-0.0941440515005759,0.007312279095656659,0.0,0.0,-0.05071734138160469,0.0,0.1291563573025948,0.0,0.0,0.0,False,0.0,0.0,0.0,0.0,0.1224791,0.1224791,0.0,0.0,0.0,0.0,0.0,0.0,
1791390693.6316245,disarmed,-0.09358017493680418,0.007236906166601013,0.0,0.0,-0.05071734138160469,0.0,0.1291563573025948,0.0,0.0,0.0,False,0.0,0.0,0.0,0.0,0.1224791,0.1224791,0.0,0.0,0.0,0.0,0.0,0.0,
1791390693.6416268,disarmed,-0.09311832777783234,0.007227006178387241,0.0,0.0,-0.05071734138160469,0.0,0.1291563573025948,0.0,0.0,0.0,False,0.0,0.0,0.0,0.0,0.1224791,0.1224791,0.0,0.0,0.0,0.0,0.0,0.0,
1791390693.651638,disarmed,-0.09235914695265166,0.007251992098031188,0.0,0.0,-0.05071734138160469,0.0,0.1291563573025948,0.0,0.0,0.0,False,0.0,0.0,0.0,0.0,0.1224791,0.1224791,0.0,0.0,0.0,0.0,0.0,0.0,
1791390693.6616328,disarmed,-0.09146930885927376,0.007191956644362075,0.0,0.0,-0.05071734138160469,0.0,0.1291563573025948,0.0,0.0,0.0,False,0.0,0.0,0.0,0.0,0.1224791,0.1224791,0.0,0.0,0.0,0.0,0.0,0.0,
1791390693.6716776,disarmed,-0.0903007275570894,0.007175908664907323,0.0,0.0,-0.05071734138160469,0.0,0.1291563573025948,0.0,0.0,0.0,False,0.0,0.0,0.0,0.0,0.1224791,0.1224791,0.0,0.0,0.0,0.0,0.0,0.0,
1791390693.6816373,disarmed,-0.0891128539471232,0.0074745656484119455,0.0,0.0,-0.05071734138160469,0.0,0.1291563573025948,0.0,0.0,0.0,False,0.0,0.0,0.0,0.0,0.1224791,0.1224791,0.0,0.0,0.0,0.0,0.0,0.0,
1791390693.6916964,disarmed,-0.08800557080766634,0.007837758178852457,0.0,0.0,-0.05071734138160469,0.0,0.1291563573025948,0.0,0.0,0.0,False,0.0,0.0,0.0,0.0,0.1224791,0.1224791,0.0,0.0,0.0,0.0,0.0,0.0,
1791390693.7016273,disarmed,-0.08642504536727043,0.008174336130837673,0.0,0.0,-0.05071734138160469,0.0,0.1291563573025948,0.0,0.0,0.0,False,0.0,0.0,0.0,0.0,0.1224791,0.1224791,0.0,0.0,0.0,0.0,0.0,0.0,
1791390693.7116303,disarmed,-0.08457461234277336,0.008227794534745187,0.0,0.0,-0.05071734138160469,0.0,0.1291563573025948,0.0,0.0,0.0,False,0.0,0.0,0.0,0.0,0.1224791,0.1224791,0.0,0.0,0.0,0.0,0.0,0.0,
1791390693.7215989,disarmed,-0.0825588101864687,0.008203441854755649,0.0,0.0,-0.05071734138160469,0.0,0.1291563573025948,0.0,0.0,0.0,False,0.0,0.0,0.0,0.0,0.1224791,0.1224791,0.0,0.0,0.0,0.0,0.0,0.0,
1791390693.731628,disarmed,-0.08066403781313257,0.008072173235046666,0.0,0.0,-0.05071734138160469,0.0,0.1291563573025948,0.0,0.0,0.0,False,0.0,0.0,0.0,0.0,0.1224791,0.1224791,0.0,0.0,0.0,0.0,0.0,0.0,
1791390693.741777,disarmed,-0.07916420049294548,0.007849612686475355,0.0,0.0,-0.05071734138160469,0.0,0.1291563573025948,0.0,0.0,0.0,False,0.0,0.0,0.0,0.0,0.1224791,0.1224791,0.0,0.0,0.0,0.0,0.0,0.0,
1791390693.7516346,disarmed,-0.07791384427519266,0.007809455494443525,0.0,0.0,-0.05071734138160469,0.0,0.1291563573025948,0.0,0.0,0.0,False,0.0,0.0,0.0,0.0,0.1224791,0.1224791,0.0,0.0,0.0,0.0,0.0,0.0,
1791390693.7616177,disarmed,-0.07673124510520458,0.007765140094034557,0.0,0.0,-0.05071734138160469,0.0,0.1291563573025948,0.0,0.0,0.0,False,0.0,0.0,0.0,0.0,0.1224791,0.1224791,0.0,0.0,0.0,0.0,0.0,0.0,
1791390693.7716677,disarmed,-0.07572478317265362,0.007880360949524563,0.0,0.0,-0.05071734138160469,0.0,0.1291563573025948,0.0,0.0,0.0,False,0.0,0.0,0.0,0.0,0.1224791,0.1224791,0.0,0.0,0.0,0.0,0.0,0.0,
1791390693.7815838,disarmed,-0.07512015229076176,0.007993603765669412,0.0,0.0,-0.05071734138160469,0.0,0.1291563573025948,0.0,0.0,0.0,False,0.0,0.0,0.0,0.0,0.1224791,0.1224791,0.0,0.0,0.0,0.0,0.0,0.0,
1791390693.7917242,disarmed,-0.07436595504981615,0.008171194739529115,0.0,0.0,-0.05071734138160469,0.0,0.1291563573025948,0.0,0.0,0.0,False,0.0,0.0,0.0,0.0,0.1224791,0.1224791,0.0,0.0,0.0,0.0,0.0,0.0,
1791390693.8016927,disarmed,-0.07377108637657193,0.008559197971479823,0.0,0.0,-0.05071734138160469,0.0,0.1291563573025948,0.0,0.0,0.0,False,0.0,0.0,0.0,0.0,0.1224791,0.1224791,0.0,0.0,0.0,0.0,0.0,0.0,
1791390693.811584,disarmed,-0.07363064070536052,0.008740899904160573,0.0,0.0,-0.05071734138160469,0.0,0.1291563573025948,0.0,0.0,0.0,False,0.0,0.0,0.0,0.0,0.1224791,0.1224791,0.0,0.0,0.0,0.0,0.0,0.0,
1791390693.821599,disarmed,-0.07347134476089554,0.008973222118330614,0.0,0.0,-0.05071734138160469,0.0,0.1291563573025948,0.0,0.0,0.0,False,0.0,0.0,0.0,0.0,0.1224791,0.1224791,0.0,0.0,0.0,0.0,0.0,0.0,
1791390693.8316157,disarmed,-0.07356017841092861,0.009247071067571812,0.0,0.0,-0.05071734138160469,0.0,0.1291563573025948,0.0,0.0,0.0,False,0.0,0.0,0.0,0.0,0.1224791,0.1224791,0.0,0.0,0.0,0.0,0.0,0.0,
1791390693.8416348,disarmed,-0.07369617922717901,0.009496777448981232,0.0,0.0,-0.05071734138160469,0.0,0.1291563573025948,0.0,0.0,0.0,False,0.0,0.0,0.0,0.0,0.1224791,0.1224791,0.0,0.0,0.0,0.0,0.0,0.0,
1791390693.8516207,disarmed,-0.07396190226230034,0.009802944754478399,0.0,0.0,-0.05071734138160469,0.0,0.1291563573025948,0.0,0.0,0.0,False,0.0,0.0,0.0,0.0,0.1224791,0.1224791,0.0,0.0,0.0,0.0,0.0,0.0,
1791390693.8615928,disarmed,-0.07434470649918523,0.009910170828418552,0.0,0.0,-0.05071734138160469,0.0,0.1291563573025948,0.0,0.0,0.0,False,0.0,0.0,0.0,0.0,0.1224791,0.1224791,0.0,0.0,0.0,0.0,0.0,0.0,
1791390693.871654,disarmed,-0.0748922750475476,0.010110721023751539,0.0,0.0,-0.05071734138160469,0.0,0.1291563573025948,0.0,0.0,0.0,False,0.0,0.0,0.0,0.0,0.1224791,0.1224791,0.0,0.0,0.0,0.0,0.0,0.0,
1791390693.8816428,disarmed,-0.07541538211692929,0.010246498868606556,0.0,0.0,-0.05071734138160469,0.0,0.1291563573025948,0.0,0.0,0.0,False,0.0,0.0,0.0,0.0,0.1224791,0.1224791,0.0,0.0,0.0,0.0,0.0,0.0,
1791390693.8916044,disarmed,-0.07597763678421433,0.01028886080538367,0.0,0.0,-0.05071734138160469,0.0,0.1291563573025948,0.0,0.0,0.0,False,0.0,0.0,0.0,0.0,0.1224791,0.1224791,0.0,0.0,0.0,0.0,0.0,0.0,
1791390693.9016833,disarmed,-0.07654469205483656,0.010317825354612783,0.0,0.0,-0.05071734138160469,0.0,0.1291563573025948,0.0,0.0,0.0,False,0.0,0.0,0.0,0.0,0.1224791,0.1224791,0.0,0.0,0.0,0.0,0.0,0.0,
1791390693.9116585,disarmed,-0.07710608226959231,0.010388953005134607,0.0,0.0,-0.05071734138160469,0.0,0.1291563573025948,0.0,0.0,0.0,False,0.0,0.0,0.0,0.0,0.1224791,0.1224791,0.0,0.0,0.0,0.0,0.0,0.0,
1791390693.9216146,disarmed,-0.07766436686373189,0.010485570140173265,0.0,0.0,-0.05071734138160469,0.0,0.1291563573025948,0.0,0.0,0.0,False,0.0,0.0,0.0,0.0,0.1224791,0.1224791,0.0,0.0,0.0,0.0,0.0,0.0,
1791390693.9315937,disarmed,-0.0782199880360071,0.010407176298380519,0.0,0.0,-0.05071734138160469,0.0,0.1291563573025948,0.0,0.0,0.0,False,0.0,0.0,0.0,0.0,0.1224791,0.1224791,0.0,0.0,0.0,0.0,0.0,0.0,
1791390693.9415839,disarmed,-0.07868958036727466,0.010426484933390285,0.0,0.0,-0.05071734138160469,0.0,0.1291563573025948,0.0,0.0,0.0,False,0.0,0.0,0.0,0.0,0.1224791,0.1224791,0.0,0.0,0.0,0.0,0.0,0.0,
1791390693.9516041,disarmed,-0.07899961678679153,0.010417528095762704,0.0,0.0,-0.05071734138160469,0.0,0.1291563573025948,0.0,0.0,0.0,False,0.0,0.0,0.0,0.0,0.1224791,0.1224791,0.0,0.0,0.0,0.0,0.0,0.0,
1791390693.9616559,disarmed,-0.07934336016419466,0.010385023362225234,0.0,0.0,-0.05071734138160469,0.0,0.1291563573025948,0.0,0.0,0.0,False,0.0,0.0,0.0,0.0,0.1224791,0.1224791,0.0,0.0,0.0,0.0,0.0,0.0,
1791390693.9716723,disarmed,-0.07961633796221798,0.01036516426524108,0.0,0.0,-0.05071734138160469,0.0,0.1291563573025948,0.0,0.0,0.0,False,0.0,0.0,0.0,0.0,0.1224791,0.1224791,0.0,0.0,0.0,0.0,0.0,0.0,
1791390693.9816663,disarmed,-0.07988604835015681,0.010349250842669336,0.0,0.0,-0.05071734138160469,0.0,0.1291563573025948,0.0,0.0,0.0,False,0.0,0.0,0.0,0.0,0.1224791,0.1224791,0.0,0.0,0.0,0.0,0.0,0.0,
1791390693.9916239,disarmed,-0.08009225581044145,0.010235726137950088,0.0,0.0,-0.05071734138160469,0.0,0.1291563573025948,0.0,0.0,0.0,False,0.0,0.0,0.0,0.0,0.1224791,0.1224791,0.0,0.0,0.0,0.0,0.0,0.0,
1791390694.0016632,disarmed,-0.08016336093187458,0.010100581962564628,0.0,0.0,-0.05071734138160469,0.0,0.1291563573025948,0.0,0.0,0.0,False,0.0,0.0,0.0,0.0,0.1224791,0.1224791,0.0,0.0,0.0,0.0,0.0,0.0,
1791390694.0116374,disarmed,-0.08032126090376997,0.009921537093629055,0.0,0.0,-0.05071734138160469,0.0,0.1291563573025948,0.0,0.0,0.0,False,0.0,0.0,0.0,0.0,0.1224791,0.1224791,0.0,0.0,0.0,0.0,0.0,0.0,
1791390694.0215912,disarmed,-0.08034525870777354,0.009769164922998442,0.0,0.0,-0.05071734138160469,0.0,0.1291563573025948,0.0,0.0,0.0,False,0.0,0.0,0.0,0.0,0.1224791,0.1224791,0.0,0.0,0.0,0.0,0.0,0.0,
1791390694.031624,disarmed,-0.0803507936308519,0.00967058115495567,0.0,0.0,-0.05071734138160469,0.0,0.1291563573025948,0.0,0.0,0.0,False,0.0,0.0,0.0,0.0,0.1224791,0.1224791,0.0,0.0,0.0,0.0,0.0,0.0,
1791390694.0416222,disarmed,-0.08037943217765096,0.009667718195646203,0.0,0.0,-0.05071734138160469,0.0,0.1291563573025948,0.0,0.0,0.0,False,0.0,0.0,0.0,0.0,0.1224791,0.1224791,0.0,0.0,0.0,0.0,0.0,0.0,
1791390694.0516546,disarmed,-0.08023490348594342,0.009687951336312325,0.0,0.0,-0.05071734138160469,0.0,0.1291563573025948,0.0,0.0,0.0,False,0.0,0.0,0.0,0.0,0.1224791,0.1224791,0.0,0.0,0.0,0.0,0.0,0.0,
1791390694.0616508,disarmed,-0.0800395634531073,0.00978968173949158,0.0,0.0,-0.05071734138160469,0.0,0.1291563573025948,0.0,0.0,0.0,False,0.0,0.0,0.0,0.0,0.1224791,0.1224791,0.0,0.0,0.0,0.0,0.0,0.0,
1791390694.0715878,disarmed,-0.07976769539461968,0.009957813305575589,0.0,0.0,-0.05071734138160469,0.0,0.1291563573025948,0.0,0.0,0.0,False,0.0,0.0,0.0,0.0,0.1224791,0.1224791,0.0,0.0,0.0,0.0,0.0,0.0,
1791390694.0816257,disarmed,-0.07947986779368466,0.010158601783621357,0.0,0.0,-0.05071734138160469,0.0,0.1291563573025948,0.0,0.0,0.0,False,0.0,0.0,0.0,0.0,0.1224791,0.1224791,0.0,0.0,0.0,0.0,0.0,0.0,
1791390694.091675,disarmed,-0.07915602142068007,0.010335946663047548,0.0,0.0,-0.05071734138160469,0.0,0.1291563573025948,0.0,0.0,0.0,False,0.0,0.0,0.0,0.0,0.1224791,0.1224791,0.0,0.0,0.0,0.0,0.0,0.0,
1791390694.1016479,disarmed,-0.07873847786083028,0.010447259289563995,0.0,0.0,-0.05071734138160469,0.0,0.1291563573025948,0.0,0.0,0.0,False,0.0,0.0,0.0,0.0,0.1224791,0.1224791,0.0,0.0,0.0,0.0,0.0,0.0,
1791390694.111671,disarmed,-0.07826313987924217,0.01058095855246803,0.0,0.0,-0.05071734138160469,0.0,0.1291563573025948,0.0,0.0,0.0,False,0.0,0.0,0.0,0.0,0.1224791,0.1224791,0.0,0.0,0.0,0.0,0.0,0.0,
1791390694.1216207,disarmed,-0.07779006306034532,0.01067706727106664,0.0,0.0,-0.05071734138160469,0.0,0.1291563573025948,0.0,0.0,0.0,False,0.0,0.0,0.0,0.0,0.1224791,0.1224791,0.0,0.0,0.0,0.0,0.0,0.0,
1791390694.1317027,disarmed,-0.07727140837228834,0.010757810367131113,0.0,0.0,-0.05071734138160469,0.0,0.1291563573025948,0.0,0.0,0.0,False,0.0,0.0,0.0,0.0,0.1224791,0.1224791,0.0,0.0,0.0,0.0,0.0,0.0,
1791390694.1415827,disarmed,-0.07676138029183482,0.010758696701457628,0.0,0.0,-0.05071734138160469,0.0,0.1291563573025948,0.0,0.0,0.0,False,0.0,0.0,0.0,0.0,0.1224791,0.1224791,0.0,0.0,0.0,0.0,0.0,0.0,
1791390694.1516073,disarmed,-0.0762522092832276,0.010735525877543894,0.0,0.0,-0.05071734138160469,0.0,0.1291563573025948,0.0,0.0,0.0,False,0.0,0.0,0.0,0.0,0.1224791,0.1224791,0.0,0.0,0.0,0.0,0.0,0.0,
1791390694.1616342,disarmed,-0.0756872245252271,0.010819393561645001,0.0,0.0,-0.05071734138160469,0.0,0.1291563573025948,0.0,0.0,0.0,False,0.0,0.0,0.0,0.0,0.1224791,0.1224791,0.0,0.0,0.0,0.0,0.0,0.0,
1791390694.1716707,disarmed,-0.07505961443084518,0.010839682566331962,0.0,0.0,-0.05071734138160469,0.0,0.1291563573025948,0.0,0.0,0.0,False,0.0,0.0,0.0,0.0,0.1224791,0.1224791,0.0,0.0,0.0,0.0,0.0,0.0,
1791390694.1816213,disarmed,-0.07442251985510927,0.010862866327229062,0.0,0.0,-0.05071734138160469,0.0,0.1291563573025948,0.0,0.0,0.0,False,0.0,0.0,0.0,0.0,0.1224791,0.1224791,0.0,0.0,0.0,0.0,0.0,0.0,
1791390694.1916459,disarmed,-0.07380434133480593,0.010886967354320966,0.0,0.0,-0.05071734138160469,0.0,0.1291563573025948,0.0,0.0,0.0,False,0.0,0.0,0.0,0.0,0.1224791,0.1224791,0.0,0.0,0.0,0.0,0.0,0.0,
1791390694.2016118,disarmed,-0.07324205787258296,0.010924962574458736,0.0,0.0,-0.05071734138160469,0.0,0.1291563573025948,0.0,0.0,0.0,False,0.0,0.0,0.0,0.0,0.1224791,0.1224791,0.0,0.0,0.0,0.0,0.0,0.0,
1791390694.2116294,disarmed,-0.07273243824674139,0.010951056271051645,0.0,0.0,-0.05071734138160469,0.0,0.1291563573025948,0.0,0.0,0.0,False,0.0,0.0,0.0,0.0,0.1224791,0.1224791,0.0,0.0,0.0,0.0,0.0,0.0,
1791390694.2216263,disarmed,-0.07230095493497433,0.010929471851840657,0.0,0.0,-0.05071734138160469,0.0,0.1291563573025948,0.0,0.0,0.0,False,0.0,0.0,0.0,0.0,0.1224791,0.1224791,0.0,0.0,0.0,0.0,0.0,0.0,
1791390694.231585,disarmed,-0.07194670676418252,0.010819611857170277,0.0,0.0,-0.05071734138160469,0.0,0.1291563573025948,0.0,0.0,0.0,False,0.0,0.0,0.0,0.0,0.1224791,0.1224791,0.0,0.0,0.0,0.0,0.0,0.0,
1791390694.2416322,disarmed,-0.0716813401319668,0.010732920942387814,0.0,0.0,-0.05071734138160469,0.0,0.1291563573025948,0.0,0.0,0.0,False,0.0,0.0,0.0,0.0,0.1224791,0.1224791,0.0,0.0,0.0,0.0,0.0,0.0,
1791390694.2516408,disarmed,-0.0714840431312213,0.010633593549590432,0.0,0.0,-0.05071734138160469,0.0,0.1291563573025948,0.0,0.0,0.0,False,0.0,0.0,0.0,0.0,0.1224791,0.1224791,0.0,0.0,0.0,0.0,0.0,0.0,
1791390694.261595,disarmed,-0.07135475709514821,0.010549996792466125,0.0,0.0,-0.05071734138160469,0.0,0.1291563573025948,0.0,0.0,0.0,False,0.0,0.0,0.0,0.0,0.1224791,0.1224791,0.0,0.0,0.0,0.0,0.0,0.0,
1791390694.2716398,disarmed,-0.07132082937802071,0.010505268446210329,0.0,0.0,-0.05071734138160469,0.0,0.1291563573025948,0.0,0.0,0.0,False,0.0,0.0,0.0,0.0,0.1224791,0.1224791,0.0,0.0,0.0,0.0,0.0,0.0,
1791390694.2815864,disarmed,-0.07133115725218142,0.010484662880630444,0.0,0.0,-0.05071734138160469,0.0,0.1291563573025948,0.0,0.0,0.0,False,0.0,0.0,0.0,0.0,0.1224791,0.1224791,0.0,0.0,0.0,0.0,0.0,0.0,
1791390694.2917078,disarmed,-0.07143221208010049,0.010487529754994158,0.0,0.0,-0.05071734138160469,0.0,0.1291563573025948,0.0,0.0,0.0,False,0.0,0.0,0.0,0.0,0.1224791,0.1224791,0.0,0.0,0.0,0.0,0.0,0.0,
1791390694.3016915,disarmed,-0.07154059811065461,0.010535542814559921,0.0,0.0,-0.05071734138160469,0.0,0.1291563573025948,0.0,0.0,0.0,False,0.0,0.0,0.0,0.0,0.1224791,0.1224791,0.0,0.0,0.0,0.0,0.0,0.0,
1791390694.3116872,disarmed,-0.0716684318078569,0.01055264136135903,0.0,0.0,-0.05071734138160469,0.0,0.1291563573025948,0.0,0.0,0.0,False,0.0,0.0,0.0,0.0,0.1224791,0.1224791,0.0,0.0,0.0,0.0,0.0,0.0,
1791390694.3216805,disarmed,-0.07178501299293565,0.010595550375925819,0.0,0.0,-0.05071734138160469,0.0,0.1291563573025948,0.0,0.0,0.0,False,0.0,0.0,0.0,0.0,0.1224791,0.1224791,0.0,0.0,0.0,0.0,0.0,0.0,
1791390694.3316238,disarmed,-0.0719621654129016,0.010684824388524345,0.0,0.0,-0.05071734138160469,0.0,0.1291563573025948,0.0,0.0,0.0,False,0.0,0.0,0.0,0.0,0.1224791,0.1224791,0.0,0.0,0.0,0.0,0.0,0.0,
1791390694.3416553,disarmed,-0.07212953734738585,0.010743572710431928,0.0,0.0,-0.05071734138160469,0.0,0.1291563573025948,0.0,0.0,0.0,False,0.0,0.0,0.0,0.0,0.1224791,0.1224791,0.0,0.0,0.0,0.0,0.0,0.0,
1791390694.3517382,disarmed,-0.07230766597954794,0.010803881127065311,0.0,0.0,-0.05071734138160469,0.0,0.1291563573025948,0.0,0.0,0.0,False,0.0,0.0,0.0,0.0,0.1224791,0.1224791,0.0,0.0,0.0,0.0,0.0,0.0,
1791390694.3616323,disarmed,-0.07251325893186324,0.010884735325446737,0.0,0.0,-0.05071734138160469,0.0,0.1291563573025948,0.0,0.0,0.0,False,0.0,0.0,0.0,0.0,0.1224791,0.1224791,0.0,0.0,0.0,0.0,0.0,0.0,
1791390694.3716471,disarmed,-0.07272642391423914,0.010975576749199802,0.0,0.0,-0.05071734138160469,0.0,0.1291563573025948,0.0,0.0,0.0,False,0.0,0.0,0.0,0.0,0.1224791,0.1224791,0.0,0.0,0.0,0.0,0.0,0.0,
1791390694.3816075,disarmed,-0.07288211942560537,0.010998690387692698,0.0,0.0,-0.05071734138160469,0.0,0.1291563573025948,0.0,0.0,0.0,False,0.0,0.0,0.0,0.0,0.1224791,0.1224791,0.0,0.0,0.0,0.0,0.0,0.0,
1791390694.3916466,disarmed,-0.07303203366973644,0.011041058425860017,0.0,0.0,-0.05071734138160469,0.0,0.1291563573025948,0.0,0.0,0.0,False,0.0,0.0,0.0,0.0,0.1224791,0.1224791,0.0,0.0,0.0,0.0,0.0,0.0,
1791390694.4016528,disarmed,-0.0731959660489593,0.011016095873083854,0.0,0.0,-0.05071734138160469,0.0,0.1291563573025948,0.0,0.0,0.0,False,0.0,0.0,0.0,0.0,0.1224791,0.1224791,0.0,0.0,0.0,0.0,0.0,0.0,
1791390694.4116244,disarmed,-0.07332640662115168,0.010968559844207677,0.0,0.0,-0.05071734138160469,0.0,0.1291563573025948,0.0,0.0,0.0,False,0.0,0.0,0.0,0.0,0.1224791,0.1224791,0.0,0.0,0.0,0.0,0.0,0.0,
1791390694.4216142,disarmed,-0.07345770281278872,0.010961506844933565,0.0,0.0,-0.05071734138160469,0.0,0.1291563573025948,0.0,0.0,0.0,False,0.0,0.0,0.0,0.0,0.1224791,0.1224791,0.0,0.0,0.0,0.0,0.0,0.0,
1791390694.431589,disarmed,-0.07357908215794165,0.010889613935215245,0.0,0.0,-0.05071734138160469,0.0,0.1291563573025948,0.0,0.0,0.0,False,0.0,0.0,0.0,0.0,0.1224791,0.1224791,0.0,0.0,0.0,0.0,0.0,0.0,
1791390694.441589,disarmed,-0.0736239516529452,0.010832115959908253,0.0,0.0,-0.05071734138160469,0.0,0.1291563573025948,0.0,0.0,0.0,False,0.0,0.0,0.0,0.0,0.1224791,0.1224791,0.0,0.0,0.0,0.0,0.0,0.0,
1791390694.4516356,disarmed,-0.07362653958410129,0.010808656755102957,0.0,0.0,-0.05071734138160469,0.0,0.1291563573025948,0.0,0.0,0.0,False,0.0,0.0,0.0,0.0,0.1224791,0.1224791,0.0,0.0,0.0,0.0,0.0,0.0,
1791390694.4616225,disarmed,-0.07357689409874338,0.010748492051523622,0.0,0.0,-0.05071734138160469,0.0,0.1291563573025948,0.0,0.0,0.0,False,0.0,0.0,0.0,0.0,0.1224791,0.1224791,0.0,0.0,0.0,0.0,0.0,0.0,
1791390694.4716866,disarmed,-0.07355420744988472,0.010701552850023466,0.0,0.0,-0.05071734138160469,0.0,0.1291563573025948,0.0,0.0,0.0,False,0.0,0.0,0.0,0.0,0.1224791,0.1224791,0.0,0.0,0.0,0.0,0.0,0.0,
1791390694.4816213,disarmed,-0.0735643091544206,0.010642708267907372,0.0,0.0,-0.05071734138160469,0.0,0.1291563573025948,0.0,0.0,0.0,False,0.0,0.0,0.0,0.0,0.1224791,0.1224791,0.0,0.0,0.0,0.0,0.0,0.0,
1791390694.4916785,disarmed,-0.07350924687601268,0.010560924187388182,0.0,0.0,-0.05071734138160469,0.0,0.1291563573025948,0.0,0.0,0.0,False,0.0,0.0,0.0,0.0,0.1224791,0.1224791,0.0,0.0,0.0,0.0,0.0,0.0,
1791390694.5016048,disarmed,-0.07333539838267678,0.01049079859291472,0.0,0.0,-0.05071734138160469,0.0,0.1291563573025948,0.0,0.0,0.0,False,0.0,0.0,0.0,0.0,0.1224791,0.1224791,0.0,0.0,0.0,0.0,0.0,0.0,
1791390694.5116599,disarmed,-0.07316975559363255,0.010432926353523393,0.0,0.0,-0.05071734138160469,0.0,0.1291563573025948,0.0,0.0,0.0,False,0.0,0.0,0.0,0.0,0.1224791,0.1224791,0.0,0.0,0.0,0.0,0.0,0.0,
1791390694.5216923,disarmed,-0.07296797021135104,0.01038046358040763,0.0,0.0,-0.05071734138160469,0.0,0.1291563573025948,0.0,0.0,0.0,False,0.0,0.0,0.0,0.0,0.1224791,0.1224791,0.0,0.0,0.0,0.0,0.0,0.0,
1791390694.531611,disarmed,-0.07279584949133865,0.010380629732841744,0.0,0.0,-0.05071734138160469,0.0,0.1291563573025948,0.0,0.0,0.0,False,0.0,0.0,0.0,0.0,0.1224791,0.1224791,0.0,0.0,0.0,0.0,0.0,0.0,
1791390694.5415964,disarmed,-0.07260926783708856,0.01044330646373896,0.0,0.0,-0.05071734138160469,0.0,0.1291563573025948,0.0,0.0,0.0,False,0.0,0.0,0.0,0.0,0.1224791,0.1224791,0.0,0.0,0.0,0.0,0.0,0.0,
1791390694.5516014,disarmed,-0.07241331873240606,0.01053002052929056,0.0,0.0,-0.05071734138160469,0.0,0.1291563573025948,0.0,0.0,0.0,False,0.0,0.0,0.0,0.0,0.1224791,0.1224791,0.0,0.0,0.0,0.0,0.0,0.0,
1791390694.5616596,disarmed,-0.07208787665147122,0.010622555099040776,0.0,0.0,-0.05071734138160469,0.0,0.1291563573025948,0.0,0.0,0.0,False,0.0,0.0,0.0,0.0,0.1224791,0.1224791,0.0,0.0,0.0,0.0,0.0,0.0,
1791390694.57163,disarmed,-0.07177205252323841,0.010711751792574995,0.0,0.0,-0.05071734138160469,0.0,0.1291563573025948,0.0,0.0,0.0,False,0.0,0.0,0.0,0.0,0.1224791,0.1224791,0.0,0.0,0.0,0.0,0.0,0.0,
1791390694.5815828,disarmed,-0.07143963586727532,0.010803002571356324,0.0,0.0,-0.05071734138160469,0.0,0.1291563573025948,0.0,0.0,0.0,False,0.0,0.0,0.0,0.0,0.1224791,0.1224791,0.0,0.0,0.0,0.0,0.0,0.0,
1791390694.5915985,disarmed,-0.07105009606434433,0.010901412331912464,0.0,0.0,-0.05071734138160469,0.0,0.1291563573025948,0.0,0.0,0.0,False,0.0,0.0,0.0,0.0,0.1224791,0.1224791,0.0,0.0,0.0,0.0,0.0,0.0,
1791390694.6016397,disarmed,-0.07056947727516032,0.010899611287580517,0.0,0.0,-0.05071734138160469,0.0,0.1291563573025948,0.0,0.0,0.0,False,0.0,0.0,0.0,0.0,0.1224791,0.1224791,0.0,0.0,0.0,0.0,0.0,0.0,
1791390694.6116512,disarmed,-0.07005450682406895,0.010845457442104382,0.0,0.0,-0.05071734138160469,0.0,0.1291563573025948,0.0,0.0,0.0,False,0.0,0.0,0.0,0.0,0.1224791,0.1224791,0.0,0.0,0.0,0.0,0.0,0.0,
1791390694.6216269,disarmed,-0.06952089231025353,0.010731263136258164,0.0,0.0,-0.05071734138160469,0.0,0.1291563573025948,0.0,0.0,0.0,False,0.0,0.0,0.0,0.0,0.1224791,0.1224791,0.0,0.0,0.0,0.0,0.0,0.0,
1791390694.6315937,disarmed,-0.0689634120083647,0.010636901243576743,0.0,0.0,-0.05071734138160469,0.0,0.1291563573025948,0.0,0.0,0.0,False,0.0,0.0,0.0,0.0,0.1224791,0.1224791,0.0,0.0,0.0,0.0,0.0,0.0,
1791390694.6415808,disarmed,-0.06840485701906426,0.010506964337033608,0.0,0.0,-0.05071734138160469,0.0,0.1291563573025948,0.0,0.0,0.0,False,0.0,0.0,0.0,0.0,0.1224791,0.1224791,0.0,0.0,0.0,0.0,0.0,0.0,
1791390694.6516104,disarmed,-0.06788996587416089,0.010385989656401398,0.0,0.0,-0.05071734138160469,0.0,0.1291563573025948,0.0,0.0,0.0,False,0.0,0.0,0.0,0.0,0.1224791,0.1224791,0.0,0.0,0.0,0.0,0.0,0.0,
1791390694.6616168,disarmed,-0.06730080091757848,0.010259188284560971,0.0,0.0,-0.05071734138160469,0.0,0.1291563573025948,0.0,0.0,0.0,False,0.0,0.0,0.0,0.0,0.1224791,0.1224791,0.0,0.0,0.0,0.0,0.0,0.0,
1791390694.6715882,disarmed,-0.06673361848675824,0.010270112609414012,0.0,0.0,-0.05071734138160469,0.0,0.1291563573025948,0.0,0.0,0.0,False,0.0,0.0,0.0,0.0,0.1224791,0.1224791,0.0,0.0,0.0,0.0,0.0,0.0,
1791390694.6815717,disarmed,-0.06607743777378183,0.010271337393461642,0.0,0.0,-0.05071734138160469,0.0,0.1291563573025948,0.0,0.0,0.0,False,0.0,0.0,0.0,0.0,0.1224791,0.1224791,0.0,0.0,0.0,0.0,0.0,0.0,
1791390694.6916757,disarmed,-0.06543482083471358,0.01028631346311201,0.0,0.0,-0.05071734138160469,0.0,0.1291563573025948,0.0,0.0,0.0,False,0.0,0.0,0.0,0.0,0.1224791,0.1224791,0.0,0.0,0.0,0.0,0.0,0.0,
1791390694.701608,disarmed,-0.06479971465080953,0.010307124596714432,0.0,0.0,-0.05071734138160469,0.0,0.1291563573025948,0.0,0.0,0.0,False,0.0,0.0,0.0,0.0,0.1224791,0.1224791,0.0,0.0,0.0,0.0,0.0,0.0,
1791390694.711668,disarmed,-0.06414843156526197,0.0103635953877418,0.0,0.0,-0.05071734138160469,0.0,0.1291563573025948,0.0,0.0,0.0,False,0.0,0.0,0.0,0.0,0.1224791,0.1224791,0.0,0.0,0.0,0.0,0.0,0.0,
1791390694.721668,disarmed,-0.06347957955896147,0.010382392481826621,0.0,0.0,-0.05071734138160469,0.0,0.1291563573025948,0.0,0.0,0.0,False,0.0,0.0,0.0,0.0,0.1224791,0.1224791,0.0,0.0,0.0,0.0,0.0,0.0,
1791390694.7316022,disarmed,-0.06278503204695689,0.01040314261948192,0.0,0.0,-0.05071734138160469,0.0,0.1291563573025948,0.0,0.0,0.0,False,0.0,0.0,0.0,0.0,0.1224791,0.1224791,0.0,0.0,0.0,0.0,0.0,0.0,
1791390694.741614,disarmed,-0.06212901223849758,0.010473292600813325,0.0,0.0,-0.05071734138160469,0.0,0.1291563573025948,0.0,0.0,0.0,False,0.0,0.0,0.0,0.0,0.1224791,0.1224791,0.0,0.0,0.0,0.0,0.0,0.0,
1791390694.7515805,disarmed,-0.06148489500929942,0.010524178027828852,0.0,0.0,-0.05071734138160469,0.0,0.1291563573025948,0.0,0.0,0.0,False,0.0,0.0,0.0,0.0,0.1224791,0.1224791,0.0,0.0,0.0,0.0,0.0,0.0,
1791390694.7616267,disarmed,-0.06073794573856128,0.010636688554511577,0.0,0.0,-0.05071734138160469,0.0,0.1291563573025948,0.0,0.0,0.0,False,0.0,0.0,0.0,0.0,0.1224791,0.1224791,0.0,0.0,0.0,0.0,0.0,0.0,
1791390694.7716515,disarmed,-0.05994970420273405,0.010804136795657834,0.0,0.0,-0.05071734138160469,0.0,0.1291563573025948,0.0,0.0,0.0,False,0.0,0.0,0.0,0.0,0.1224791,0.1224791,0.0,0.0,0.0,0.0,0.0,0.0,
1791390694.7815912,disarmed,-0.05917099531282789,0.010975448252690506,0.0,0.0,-0.05071734138160469,0.0,0.1291563573025948,0.0,0.0,0.0,False,0.0,0.0,0.0,0.0,0.1224791,0.1224791,0.0,0.0,0.0,0.0,0.0,0.0,
1791390694.7916634,disarmed,-0.05849624477087123,0.011159453408962294,0.0,0.0,-0.05071734138160469,0.0,0.1291563573025948,0.0,0.0,0.0,False,0.0,0.0,0.0,0.0,0.1224791,0.1224791,0.0,0.0,0.0,0.0,0.0,0.0,
1791390694.8046107,disarmed,-0.05743758902059895,0.011377495977629696,0.0,0.0,-0.05071734138160469,0.0,0.1291563573025948,0.0,0.0,0.0,False,0.0,0.0,0.0,0.0,0.1224791,0.1224791,0.0,0.0,0.0,0.0,0.0,0.0,
1791390694.8116095,stand,-0.057035475001325636,0.011416457731187638,0.0,0.0,-0.05071734138160469,0.0,0.1291563573025948,0.0,0.0,0.0,False,0.0,0.0,0.0,0.0,0.1224791,0.1224791,0.0,0.0,0.0,0.0,-0.0,0.0,
1791390694.8216577,stand,-0.0560976714081968,0.011466237580073244,0.0,0.0,-0.05071734138160469,0.0,0.1291563573025948,0.0,0.0,0.0,False,0.0,0.0,0.0,0.0,0.1224791,0.1224791,0.9500000000000001,-1.3900000000000001,0.0,0.0,-0.0,0.0,
1791390694.8315928,stand,-0.05266566909350515,0.011650146562434759,0.0,0.0,-0.05071734138160469,0.0,0.1291563573025948,0.0,0.0,0.0,False,0.0,0.0,0.0,0.0,0.1224791,0.1224791,1.69,-1.82,0.0,0.0,-0.0,0.0,
1791390694.8415914,stand,-0.05341350338647182,0.011489013697390511,0.0,0.0,-0.05071734138160469,0.0,0.1291563573025948,0.0,0.0,0.0,False,0.0,0.0,0.0,0.0,0.1224791,0.1224791,1.85,-1.8800000000000001,0.0,0.0,-0.0,0.0,
1791390694.8515863,stand,-0.05284491743613623,0.01147284846008329,0.0,0.0,-0.05071734138160469,0.0,0.1291563573025948,0.0,0.0,0.0,False,0.0,0.0,0.0,0.0,0.1224791,0.1224791,1.85,-2.09,0.0,0.0,-0.0,0.0,
1791390694.8616354,stand,-0.05199896485212707,0.01145246543145674,0.0,0.0,-0.05071734138160469,0.0,0.1291563573025948,0.0,0.0,0.0,False,0.0,0.0,0.0,0.0,0.1224791,0.1224791,2.15,-2.35,0.0,0.0,-0.0,0.0,
1791390694.8716335,stand,-0.05097762370628573,0.01135085864703127,0.0,0.0,-0.05071734138160469,0.0,0.1291563573025948,0.0,0.0,0.0,False,0.0,0.0,0.0,0.0,0.1224791,0.1224791,2.33,-2.43,0.0,0.0,-0.0,0.0,
1791390694.881602,stand,-0.04974650697746918,0.011092853269092916,0.0,0.0,-0.05071734138160469,0.0,0.1291563573025948,0.0,0.0,0.0,False,0.0,0.0,0.0,0.0,0.1224791,0.1224791,2.45,-2.64,0.0,0.0,-0.0,0.0,
1791390694.8916361,stand,-0.04876765614828902,0.011363387836754134,0.0,0.0,-0.05071734138160469,0.0,0.1291563573025948,0.0,0.0,0.0,False,0.0,0.0,0.0,0.0,0.1224791,0.1224791,2.65,-2.81,0.0,0.0,-0.0,0.0,
1791390694.9015758,stand,-0.04821283543241228,0.011433297953153097,0.0,0.0,-0.05071734138160469,0.0,0.1291563573025948,0.0,0.0,0.0,False,0.0,0.0,0.0,0.0,0.1224791,0.1224791,2.84,-2.92,0.0,0.0,-0.0,0.0,
1791390694.9115868,stand,-0.047996561687139866,0.011226624215988247,0.0,0.0,-0.05071734138160469,0.0,0.1291563573025948,0.0,0.0,0.0,False,0.0,0.0,0.0,0.0,0.1224791,0.1224791,2.93,-3.0700000000000003,0.0,0.0,-0.0,0.0,
1791390694.9216545,stand,-0.047791461677093694,0.011006126903597976,0.0,0.0,-0.05071734138160469,0.0,0.1291563573025948,0.0,0.0,0.0,False,0.0,0.0,0.0,0.0,0.1224791,0.1224791,2.81,-3.0100000000000002,0.0,0.0,-0.0,0.0,
1791390694.9315884,stand,-0.047715966244827365,0.010888640159093712,0.0,0.0,-0.05071734138160469,0.0,0.1291563573025948,0.0,0.0,0.0,False,0.0,0.0,0.0,0.0,0.1224791,0.1224791,2.88,-3.04,0.0,0.0,-0.0,0.0,
1791390694.941597,stand,-0.04769470399170181,0.010745511821763408,0.0,0.0,-0.05071734138160469,0.0,0.1291563573025948,0.0,0.0,0.0,False,0.0,0.0,0.0,0.0,0.1224791,0.1224791,2.84,-3.0700000000000003,0.0,0.0,-0.0,0.0,
1791390694.9515712,stand,-0.04773566673376173,0.010426439644923076,0.0,0.0,-0.05071734138160469,0.0,0.1291563573025948,0.0,0.0,0.0,False,0.0,0.0,0.0,0.0,0.1224791,0.1224791,2.77,-3.0500000000000003,0.0,0.0,-0.0,0.0,
1791390694.9616263,stand,-0.048013512500271444,0.010060301944628225,0.0,0.0,-0.05071734138160469,0.0,0.1291563573025948,0.0,0.0,0.0,False,0.0,0.0,0.0,0.0,0.1224791,0.1224791,2.77,-2.99,0.0,0.0,-0.0,0.0,
1791390694.9716654,stand,-0.04822638271917035,0.009907615860631571,0.0,0.0,-0.05071734138160469,0.0,0.1291563573025948,0.0,0.0,0.0,False,0.0,0.0,0.0,0.0,0.1224791,0.1224791,2.73,-2.96,0.0,0.0,-0.0,0.0,
1791390694.9816298,stand,-0.04842667723717532,0.00986085524256015,0.0,0.0,-0.05071734138160469,0.0,0.1291563573025948,0.0,0.0,0.0,False,0.0,0.0,0.0,0.0,0.1224791,0.1224791,2.65,-2.93,0.0,0.0,-0.0,0.0,
1791390694.991621,stand,-0.04823323404151224,0.009613834322936339,0.0,0.0,-0.05071734138160469,0.0,0.1291563573025948,0.0,0.0,0.0,False,0.0,0.0,0.0,0.0,0.1224791,0.1224791,2.59,-2.88,0.0,0.0,-0.0,0.0,
1791390695.0016134,stand,-0.04809428019873049,0.00921880588072354,0.0,0.0,-0.05071734138160469,0.0,0.1291563573025948,0.0,0.0,0.0,False,0.0,0.0,0.0,0.0,0.1224791,0.1224791,2.5100000000000002,-2.84,0.0,0.0,-0.0,0.0,
1791390695.0115695,stand,-0.04808096564634348,0.009052400117936461,0.0,0.0,-0.05071734138160469,0.0,0.1291563573025948,0.0,0.0,0.0,False,0.0,0.0,0.0,0.0,0.1224791,0.1224791,2.5300000000000002,-2.86,0.0,0.0,-0.0,0.0,
1791390695.0216157,stand,-0.047974638388872774,0.009149337255499606,0.0,0.0,-0.05071734138160469,0.0,0.1291563573025948,0.0,0.0,0.0,False,0.0,0.0,0.0,0.0,0.1224791,0.1224791,2.5300000000000002,-2.87,0.0,0.0,-0.0,0.0,
1791390695.0315804,stand,-0.04757313645944906,0.009129834047486204,0.0,0.0,-0.05071734138160469,0.0,0.1291563573025948,0.0,0.0,0.0,False,0.0,0.0,0.0,0.0,0.1224791,0.1224791,2.43,-2.88,0.0,0.0,-0.0,0.0,
1791390695.041633,stand,-0.04720418415925629,0.009090578922137191,0.0,0.0,-0.05071734138160469,0.0,0.1291563573025948,0.0,0.0,0.0,False,0.0,0.0,0.0,0.0,0.1224791,0.1224791,2.58,-2.82,0.0,0.0,-0.0,0.0,
1791390695.0515873,stand,-0.0471528020968187,0.009047206306928299,0.0,0.0,-0.05071734138160469,0.0,0.1291563573025948,0.0,0.0,0.0,False,0.0,0.0,0.0,0.0,0.1224791,0.1224791,2.5300000000000002,-2.94,0.0,0.0,-0.0,0.0,
1791390695.0616002,stand,-0.046904389053979936,0.00915278918350433,0.0,0.0,-0.05061541317377098,0.0,0.1291940852495103,0.0,0.0,0.0,False,0.0,0.0,0.0,0.0,0.1224791,0.12254042603633264,2.46,-2.91,0.0,0.0,-0.0,0.0,
1791390695.0716329,stand,-0.04650859911154728,0.009090081102023695,0.0,0.0,-0.05002883241886258,0.0,0.12941165892704612,0.0,0.0,0.0,False,0.0,0.0,0.0,0.0,0.1224791,0.12313373968014692,2.45,-2.8000000000000003,0.0,0.0,-0.0,0.0,
1791390695.0816126,stand,-0.04619022923459385,0.00924076606022445,0.0,0.0,-0.04983374358671952,0.0,0.12948419335907135,0.0,0.0,0.0,False,0.0,0.0,0.0,0.0,0.1224791,0.12333174765321853,2.56,-2.8000000000000003,0.0,0.0,-0.0,0.0,
1791390695.091664,stand,-0.04608722084905423,0.0094548902952441,0.0,0.0,-0.04944884726001485,0.0,0.1296295953190313,0.0,0.0,0.0,False,0.0,0.0,0.0,0.0,0.1224791,0.12372818464858414,2.5,-2.92,0.0,0.0,-0.0,0.0,
1791390695.101587,stand,-0.045868972711276386,0.00970176773283062,0.0,0.0,-0.049257452722207176,0.0,0.1297023537245845,0.0,0.0,0.0,False,0.0,0.0,0.0,0.0,0.1224791,0.12392650930464302,2.56,-2.9,0.0,0.0,-0.0,0.0,
1791390695.1115904,stand,-0.04535638814844344,0.00963573197631311,0.0,0.0,-0.0488713698331595,0.0,0.12984935821861304,0.0,0.0,0.0,False,0.0,0.0,0.0,0.0,0.1224791,0.12432375784436794,2.59,-2.84,0.0,0.0,-0.0,0.0,
1791390695.121599,stand,-0.04498893335348862,0.00990848501845241,0.0,0.0,-0.048108116980351126,0.0,0.13014060753604678,0.0,0.0,0.0,False,0.0,0.0,0.0,0.0,0.12283695615083513,0.12472143176205465,2.68,-2.9,0.0,0.0,-0.0,0.0,
1791390695.1316588,stand,-0.04480938276419416,0.010407342863547138,0.0,0.0,-0.04772848322354169,0.0,0.13028634690688845,0.0,0.0,0.0,False,0.0,0.0,0.0,0.0,0.1230347425509885,0.12492035874041378,2.7800000000000002,-2.99,0.0,0.0,-0.0,0.0,
1791390695.141611,stand,-0.04464997912118167,0.010724450298736287,0.0,0.0,-0.04716362074960204,0.0,0.13050527533985826,0.0,0.0,0.0,False,0.0,0.0,0.0,0.0,0.12323275052406012,0.12531881825006955,2.75,-2.94,0.0,0.0,-0.0,0.0,
1791390695.151644,stand,-0.04455737361639203,0.010662528877842926,0.0,0.0,-0.04659908671546367,0.0,0.1307239390658393,0.0,0.0,0.0,False,0.0,0.0,0.0,0.0,0.12362902918889938,0.12551817286688924,2.7800000000000002,-2.94,0.0,0.0,-0.0,0.0,
1791390695.161643,stand,-0.04432296344428706,0.010824604178654752,0.0,0.0,-0.045858585077932945,0.0,0.1310161904131218,0.0,0.0,0.0,False,0.0,0.0,0.0,0.0,0.12402578902653548,0.12591723146820796,2.79,-2.93,0.0,0.0,-0.0,0.0,
1791390695.1716654,stand,-0.044302604346350805,0.011362365395989392,0.0,0.0,-0.045308137581641775,0.0,0.13123565279621058,0.0,0.0,0.0,False,0.0,0.0,0.0,0.0,0.12422443949150914,0.1263167511338044,2.87,-2.95,0.0,0.0,-0.0,0.0,
1791390695.1816652,stand,-0.04431879960774533,0.011792968792966891,0.0,0.0,-0.04458020849298101,0.0,0.1315286553223322,0.0,0.0,0.0,False,0.0,0.0,0.0,0.0,0.12462197516207928,0.12671668443012818,2.79,-2.91,0.0,0.0,-0.0,0.0,
1791390695.1916418,stand,-0.044411687631615085,0.011591962307872494,0.0,0.0,-0.04421950499444216,0.0,0.13167539945347112,0.0,0.0,0.0,False,0.0,0.0,0.0,0.0,0.12482090214043844,0.12691673574344778,2.75,-2.94,0.0,0.0,-0.0,0.0,
1791390695.2016323,stand,-0.04435518803847722,0.01150570517492736,0.0,0.0,-0.0435005047573732,0.0,0.1319689389399677,0.0,0.0,0.0,False,0.0,0.0,0.0,0.0,0.12521919874999168,0.12731737164358967,2.88,-2.86,0.0,0.0,-0.0,0.0,
1791390695.2116203,stand,-0.04429119124627002,0.011717990907700726,0.0,0.0,-0.04279182959759403,0.0,0.132263082435248,0.0,0.0,0.0,False,0.0,0.0,0.0,0.0,0.12561794442728264,0.12771843837215507,2.85,-2.91,0.0,0.0,-0.0,0.0,
1791390695.2215679,stand,-0.04428775059453766,0.012118335444616293,0.0,0.0,-0.04244063542747058,0.0,0.13241029428471443,0.0,0.0,0.0,False,0.0,0.0,0.0,0.0,0.125817473727942,0.12791905646857885,2.9,-2.94,0.0,0.0,-0.0,0.0,
1791390695.231568,stand,-0.04438247640992211,0.012210361663806006,0.0,0.0,-0.04191803639355779,0.0,0.13263137245300077,0.0,0.0,0.0,False,0.0,0.0,0.0,0.0,0.12601709581366763,0.1283206686070459,2.93,-2.91,0.0,0.0,-0.0,0.0,
1791390695.2416313,stand,-0.04433493080839046,0.012066388215952803,0.0,0.0,-0.04105070193593556,0.0,0.13299982560798182,0.0,0.0,0.0,False,0.0,0.0,0.0,0.0,0.12661666570161037,0.12872270459115226,2.82,-2.9,0.0,0.0,-0.0,0.0,
1791390695.2516658,stand,-0.04433453535757976,0.011765376204926502,0.0,0.0,-0.040535218103520676,0.0,0.1332211094433447,0.0,0.0,0.0,False,0.0,0.0,0.0,0.0,0.12701687998587655,0.1289238045565026,2.83,-2.92,0.0,0.0,-0.0,0.0,
1791390695.2615848,stand,-0.0444713706782802,0.011685598351893891,0.0,0.0,-0.040027378291774524,0.0,0.13344294576224242,0.0,0.0,0.0,False,0.0,0.0,0.0,0.0,0.12721721238293626,0.12932638420412093,2.87,-2.89,0.0,0.0,-0.0,0.0,
1791390695.2716923,stand,-0.04470043569537331,0.01180775575255623,0.0,0.0,-0.03935578049805476,0.0,0.13373883676279766,0.0,0.0,0.0,False,0.0,0.0,0.0,0.0,0.1276181362717139,0.12972938944419693,2.85,-2.88,0.0,0.0,-0.0,0.0,
1791390695.281586,stand,-0.04475919610304274,0.01174413843926774,0.0,0.0,-0.03852283037706836,0.0,0.13410903059724655,0.0,0.0,0.0,False,0.0,0.0,0.0,0.0,0.12822026843416,0.13013274046423443,2.68,-2.86,0.0,0.0,-0.0,0.0,
1791390695.291714,stand,-0.04501837615129576,0.011390274615533979,0.0,0.0,-0.03786651032657885,0.0,0.1344057531482162,0.0,0.0,0.0,False,0.0,0.0,0.0,0.0,0.1286221615729358,0.130536391895324,2.69,-2.84,0.0,0.0,-0.0,0.0,
1791390695.301584,stand,-0.0453059699799933,0.011072786093737299,0.0,0.0,-0.03722031915139973,0.0,0.1347031815250381,0.0,0.0,0.0,False,0.0,0.0,0.0,0.0,0.12902444700626245,0.13094035867875545,2.68,-2.83,0.0,0.0,-0.0,0.0,
1791390695.3116357,stand,-0.045429325622008264,0.011028918125396771,0.0,0.0,-0.03657702568696493,0.0,0.13500066728050825,0.0,0.0,0.0,False,0.0,0.0,0.0,0.0,0.12942703923174262,0.13134479201159516,2.6,-2.83,0.0,0.0,-0.0,0.0,
1791390695.3216245,stand,-0.045267406215471685,0.01105704168510764,0.0,0.0,-0.035944952458946924,0.0,0.13529848028855704,0.0,0.0,0.0,False,0.0,0.0,0.0,0.0,0.12983018734248208,0.13174953625679875,2.59,-2.8000000000000003,0.0,0.0,-0.0,0.0,
1791390695.3315911,stand,-0.045124884680004834,0.010874561827230872,0.0,0.0,-0.03547094224578706,0.0,0.13552171950163774,0.0,0.0,0.0,False,0.0,0.0,0.0,0.0,0.13023363643746383,0.13195196136169712,2.68,-2.8000000000000003,0.0,0.0,-0.0,0.0,
1791390695.341581,stand,-0.045037194141866486,0.010714555991534808,0.0,0.0,-0.03515758915031236,0.0,0.13567069359420836,0.0,0.0,0.0,False,0.0,0.0,0.0,0.0,0.1304354144080441,0.13215458138345929,2.72,-2.83,0.0,0.0,-0.0,0.0,
1791390695.3516386,stand,-0.044858922825038595,0.01067899531444248,0.0,0.0,-0.03469628595126811,0.0,0.135894755438616,0.0,0.0,0.0,False,0.0,0.0,0.0,0.0,0.13063739058623525,0.13255992727046878,2.67,-2.87,0.0,0.0,-0.0,0.0,
1791390695.3615797,stand,-0.044529027810679675,0.010601045272344109,0.0,0.0,-0.03423611148213149,0.0,0.13611885916356847,0.0,0.0,0.0,False,0.0,0.0,0.0,0.0,0.1310414695044307,0.13276275393280598,2.7600000000000002,-2.87,0.0,0.0,-0.0,0.0,
1791390695.3715775,stand,-0.04416807207695763,0.010376653565032739,0.0,0.0,-0.03362903019817329,0.0,0.13641791081938007,0.0,0.0,0.0,False,0.0,0.0,0.0,0.0,0.13144590885163163,0.13316860595693952,2.75,-2.88,0.0,0.0,-0.0,0.0,
1791390695.381636,stand,-0.04404880582734382,0.01041304797492607,0.0,0.0,-0.033328713002586274,0.0,0.13656754302516913,0.0,0.0,0.0,False,0.0,0.0,0.0,0.0,0.13164833071470025,0.13337162872694028,2.81,-2.96,0.0,0.0,-0.0,0.0,
1791390695.391697,stand,-0.04395703439821555,0.010483106373153106,0.0,0.0,-0.032732356318397896,0.0,0.13686700333240778,0.0,0.0,0.0,False,0.0,0.0,0.0,0.0,0.1320532777897016,0.1337779259858055,2.77,-2.92,0.0,0.0,-0.0,0.0,
1791390695.401624,stand,-0.04395495234337002,0.010222224554889766,0.0,0.0,-0.03243551924719271,0.0,0.1370167767574008,0.0,0.0,0.0,False,0.0,0.0,0.0,0.0,0.1322558990115022,0.13398112043314006,2.71,-2.95,0.0,0.0,-0.0,0.0,
1791390695.411604,stand,-0.04382210788466244,0.00989713898040182,0.0,0.0,-0.03184772164117257,0.0,0.13731657475943795,0.0,0.0,0.0,False,0.0,0.0,0.0,0.0,0.13266134762589477,0.13438788875990187,2.83,-2.89,0.0,0.0,-0.0,0.0,
1791390695.421619,stand,-0.04372703361405848,0.00989663499829224,0.0,0.0,-0.031271788983131606,0.0,0.1376169303519279,0.0,0.0,0.0,False,0.0,0.0,0.0,0.0,0.1330671016029881,0.13479491201434066,2.81,-2.93,0.0,0.0,-0.0,0.0,
1791390695.4316354,stand,-0.043597731434230604,0.010176889642086543,0.0,0.0,-0.03098563665325381,0.0,0.13776717316422546,0.0,0.0,0.0,False,0.0,0.0,0.0,0.0,0.13327012437298885,0.13499846957106026,2.85,-2.95,0.0,0.0,-0.0,0.0,
1791390695.4416027,stand,-0.04354468201424867,0.010082916895332248,0.0,0.0,-0.030416737487516846,0.0,0.13806779878623485,0.0,0.0,0.0,False,0.0,0.0,0.0,0.0,0.13367633899056283,0.13540588037494236,2.82,-2.93,0.0,0.0,-0.0,0.0,
1791390695.4516356,stand,-0.04336144812985273,0.009532611346199297,0.0,0.0,-0.029992245309629226,0.0,0.13829332493135055,0.0,0.0,0.0,False,0.0,0.0,0.0,0.0,0.13408281955839518,0.13560970115098947,2.68,-2.97,0.0,0.0,-0.0,0.0,
1791390695.46157,stand,-0.043134276834990104,0.009297414307983497,0.0,0.0,-0.02943406181765998,0.0,0.1385943296131638,0.0,0.0,0.0,False,0.0,0.0,0.0,0.0,0.1344895948650395,0.13601753113139298,2.82,-2.95,0.0,0.0,-0.0,0.0,
1791390695.4715862,stand,-0.04284614914435553,0.009458578591164127,0.0,0.0,-0.02888544257209401,0.0,0.13889577090111135,0.0,0.0,0.0,False,0.0,0.0,0.0,0.0,0.13489669379649355,0.13642558441239527,2.79,-2.95,0.0,0.0,-0.0,0.0,
1791390695.481644,stand,-0.04203528046000871,0.009702516663655838,0.0,0.0,-0.02848013308831293,0.0,0.13912204704727243,0.0,0.0,0.0,False,0.0,0.0,0.0,0.0,0.13510032932672053,0.1368338990367447,2.74,-2.9,0.0,0.0,-0.0,0.0,
1791390695.49165,stand,-0.04130637647458888,0.009230421208281752,0.0,0.0,-0.02793792323534272,0.0,0.13942364077384456,0.0,0.0,0.0,False,0.0,0.0,0.0,0.0,0.13571166364650583,0.13703810511413816,2.63,-2.97,0.0,0.0,-0.0,0.0,
1791390695.5016081,stand,-0.040724151149926516,0.008491270882113352,0.0,0.0,-0.027405043936153686,0.0,0.13972554561847333,0.0,0.0,0.0,False,0.0,0.0,0.0,0.0,0.1361195515174584,0.13744680087226074,2.66,-2.9,0.0,0.0,-0.0,0.0,
1791390695.511673,stand,-0.04080195218672533,0.008151586744473728,0.0,0.0,-0.027013746193890756,0.0,0.13995240335829712,0.0,0.0,0.0,False,0.0,0.0,0.0,0.0,0.13632357815795954,0.13785569692493904,2.62,-2.94,0.0,0.0,-0.0,0.0,
1791390695.5215788,stand,-0.041266978104723455,0.008402561297696553,0.0,0.0,-0.02636390028933972,0.0,0.14033047273491148,0.0,0.0,0.0,False,0.0,0.0,0.0,0.0,0.1369360020870993,0.13826481606939978,2.57,-2.87,0.0,0.0,-0.0,0.0,
1791390695.5316255,stand,-0.04174359046004459,0.008140800619392036,0.0,0.0,-0.025850912286901305,0.0,0.14063318365761696,0.0,0.0,0.0,False,0.0,0.0,0.0,0.0,0.13734463400967004,0.13867415154495097,2.48,-2.92,0.0,0.0,-0.0,0.0,
1791390695.5416508,stand,-0.041727458907394196,0.007619207525280586,0.0,0.0,-0.02547090659824207,0.0,0.14086043147293356,0.0,0.0,0.0,False,0.0,0.0,0.0,0.0,0.13775346748229564,0.13887890568299438,2.54,-2.87,0.0,0.0,-0.0,0.0,
1791390695.5516117,stand,-0.04127432289629185,0.0073759514287842975,0.0,0.0,-0.024849313541794232,0.0,0.14123975685257176,0.0,0.0,0.0,False,0.0,0.0,0.0,0.0,0.13816250867467342,0.1394935000617525,2.46,-2.85,0.0,0.0,-0.0,0.0,
1791390695.5616043,stand,-0.04090582491734345,0.0077093127001585686,0.0,0.0,-0.024477391910811615,0.0,0.14146733834022646,0.0,0.0,0.0,False,0.0,0.0,0.0,0.0,0.13857178156693867,0.1396984644285116,2.46,-2.88,0.0,0.0,-0.0,0.0,
1791390695.5715907,stand,-0.04089743945969731,0.00773224853095358,0.0,0.0,-0.0239919307913935,0.0,0.14177120798640563,0.0,0.0,0.0,False,0.0,0.0,0.0,0.0,0.13898128984302546,0.14010847176935337,2.52,-2.82,0.0,0.0,-0.0,0.0,
1791390695.581647,stand,-0.04111298355423297,0.007479284215179634,0.0,0.0,-0.023749979820603062,0.0,0.14192315529859545,0.0,0.0,0.0,False,0.0,0.0,0.0,0.0,0.13918614208834904,0.14031358258999496,2.52,-2.85,0.0,0.0,-0.0,0.0,
1791390695.5916243,stand,-0.040779998792485554,0.0076606890828075855,0.0,0.0,-0.023269630617696636,0.0,0.14222714817031967,0.0,0.0,0.0,False,0.0,0.0,0.0,0.0,0.13959597399161164,0.14072388662909596,2.54,-2.92,0.0,0.0,-0.0,0.0,
1791390695.6016693,stand,-0.04031427065039703,0.008252323547034673,0.0,0.0,-0.02303514966702864,0.0,0.142379343201593,0.0,0.0,0.0,False,0.0,0.0,0.0,0.0,0.13980096906411835,0.14092912263606594,2.61,-2.89,0.0,0.0,-0.0,0.0,
1791390695.6116097,stand,-0.03971251792465242,0.008323665930536392,0.0,0.0,-0.0228011694862335,0.0,0.14253154604435195,0.0,0.0,0.0,False,0.0,0.0,0.0,0.0,0.14000596413662503,0.14113437807594492,2.62,-2.97,0.0,0.0,-0.0,0.0,
1791390695.62158,stand,-0.039295234820904794,0.008112058551269315,0.0,0.0,-0.022453010345133972,0.0,0.1427599335864738,0.0,0.0,0.0,False,0.0,0.0,0.0,0.0,0.14021103428303613,0.14154508157506832,2.7,-2.95,0.0,0.0,-0.0,0.0,
1791390695.6316085,stand,-0.03891545142681902,0.008515406166005336,0.0,0.0,-0.021991401422085548,0.0,0.14306450441774865,0.0,0.0,0.0,False,0.0,0.0,0.0,0.0,0.14062127573330838,0.14195599508813733,2.83,-2.93,0.0,0.0,-0.0,0.0,
1791390695.6415803,stand,-0.038793938965212736,0.009413197266433016,0.0,0.0,-0.02176555468554054,0.0,0.14321695512500568,0.0,0.0,0.0,False,0.0,0.0,0.0,0.0,0.14082651174027835,0.1421614786627446,2.88,-2.99,0.0,0.0,-0.0,0.0,
1791390695.6516027,stand,-0.03862224137688917,0.009748156615069848,0.0,0.0,-0.021428765419038313,0.0,0.14344568289034862,0.0,0.0,0.0,False,0.0,0.0,0.0,0.0,0.1410317477472483,0.1425725034004281,2.83,-2.97,0.0,0.0,-0.0,0.0,
1791390695.6616056,stand,-0.038364464521113605,0.009533662582025594,0.0,0.0,-0.02109200049509747,0.0,0.1436744112241827,0.0,0.0,0.0,False,0.0,0.0,0.0,0.0,0.14144241281199324,0.14277812770031267,2.86,-2.96,0.0,0.0,-0.0,0.0,
1791390695.6716363,stand,-0.03797632711152751,0.009768749995310718,0.0,0.0,-0.020542709889678053,0.0,0.14405608662149438,0.0,0.0,0.0,False,0.0,0.0,0.0,0.0,0.14185326373346208,0.14339520082225946,2.87,-2.88,0.0,0.0,-0.0,0.0,
1791390695.6816165,stand,-0.03779439007535591,0.010717852247773572,0.0,0.0,-0.020324225094946115,0.0,0.1442087754356783,0.0,0.0,0.0,False,0.0,0.0,0.0,0.0,0.14205874067489532,0.14360091869815597,2.91,-2.9,0.0,0.0,-0.0,0.0,
1791390695.6916273,stand,-0.03783609636243798,0.011258213127951944,0.0,0.0,-0.019893227938883887,0.0,0.14451437276766482,0.0,0.0,0.0,False,0.0,0.0,0.0,0.0,0.14246975433327552,0.14401255306916377,2.93,-2.9,0.0,0.0,-0.0,0.0,
1791390695.7015834,stand,-0.03773778653797539,0.011031303201269138,0.0,0.0,-0.0194676567832408,0.0,0.14482017743264577,0.0,0.0,0.0,False,0.0,0.0,0.0,0.0,0.1428809713172044,0.14442432453874626,2.81,-2.85,0.0,0.0,-0.0,0.0,
1791390695.7115986,stand,-0.037428096822011196,0.010926226309278917,0.0,0.0,-0.01925658120794181,0.0,0.14497314610614476,0.0,0.0,0.0,False,0.0,0.0,0.0,0.0,0.14308664430532625,0.1446302431933622,2.9,-2.86,0.0,0.0,-0.0,0.0,
1791390695.7216487,stand,-0.03700926516318234,0.011599121359318981,0.0,0.0,-0.018739504720670895,0.0,0.1453556902502133,0.0,0.0,0.0,False,0.0,0.0,0.0,0.0,0.1434980668845931,0.14524812674065543,3.02,-2.83,0.0,0.0,-0.0,0.0,
1791390695.7316272,stand,-0.03667251885454574,0.01221099849184725,0.0,0.0,-0.018532872683928912,0.0,0.1455086951914339,0.0,0.0,0.0,False,0.0,0.0,0.0,0.0,0.1437038097864543,0.14545420601824688,2.95,-2.85,0.0,0.0,-0.0,0.0,
1791390695.7417061,stand,-0.036375951799477585,0.012099563111278,0.0,0.0,-0.01822672088214993,0.0,0.14573840004605418,0.0,0.0,0.0,False,0.0,0.0,0.0,0.0,0.1441154770012581,0.14566028529583833,2.99,-2.87,0.0,0.0,-0.0,0.0,
1791390695.7515893,stand,-0.036169457655738514,0.011489314120148062,0.0,0.0,-0.017825424458215076,0.0,0.14604487887131432,0.0,0.0,0.0,False,0.0,0.0,0.0,0.0,0.14452729099739298,0.14607250599745802,2.9,-2.87,0.0,0.0,-0.0,0.0,
1791390695.7616284,stand,-0.03584657067796023,0.01145721566442705,0.0,0.0,-0.017429800329911566,0.0,0.14635144815726406,0.0,0.0,0.0,False,0.0,0.0,0.0,0.0,0.14493917206735132,0.1464848429315053,2.97,-2.84,0.0,0.0,-0.0,0.0,
1791390695.771627,stand,-0.03568272181535092,0.011859264168081193,0.0,0.0,-0.017040028817672123,0.0,0.14665811757192113,0.0,0.0,0.0,False,0.0,0.0,0.0,0.0,0.14535117351635254,0.14689726983661938,2.93,-2.82,0.0,0.0,-0.0,0.0,
1791390695.7816195,stand,-0.035473968569608924,0.011877342503974295,0.0,0.0,-0.016656013385630497,0.0,0.14696500116491432,0.0,0.0,0.0,False,0.0,0.0,0.0,0.0,0.14576334109887285,0.14730976429122083,2.7600000000000002,-2.81,0.0,0.0,-0.0,0.0,
1791390695.7916572,stand,-0.03524625567680076,0.011269957656767231,0.0,0.0,-0.016278147752829583,0.0,0.14727213591773977,0.0,0.0,0.0,False,0.0,0.0,0.0,0.0,0.14617557048115684,0.14772240471533032,2.8000000000000003,-2.82,0.0,0.0,-0.0,0.0,
1791390695.80158,stand,-0.03508525612028517,0.01085580051456435,0.0,0.0,-0.015905083610700116,0.0,0.14757930025804417,0.0,0.0,0.0,False,0.0,0.0,0.0,0.0,0.14658794994499025,0.14813510864538953,2.79,-2.7800000000000002,0.0,0.0,-0.0,0.0,
1791390695.8115792,stand,-0.03503492598844392,0.010933801328019983,0.0,0.0,-0.015627432470911445,0.0,0.1478097525751975,0.0,0.0,0.0,False,0.0,0.0,0.0,0.0,0.14700039455672015,0.14834149005427136,2.68,-2.8000000000000003,0.0,0.0,-0.0,0.0,
1791390695.821646,stand,-0.03487576785160965,0.010815693367534216,0.0,0.0,-0.015263563614290071,0.0,0.14811721033822572,0.0,0.0,0.0,False,0.0,0.0,0.0,0.0,0.1474129315424936,0.14875437141284412,2.7,-2.81,0.0,0.0,-0.0,0.0,
1791390695.8315723,stand,-0.0346643327647355,0.010171254191088244,0.0,0.0,-0.014905797231790363,0.0,0.14842467083384603,0.0,0.0,0.0,False,0.0,0.0,0.0,0.0,0.14782558236176804,0.14916724416097693,2.7,-2.7800000000000002,0.0,0.0,-0.0,0.0,
1791390695.8416243,stand,-0.034347568804021414,0.009620397022406505,0.0,0.0,-0.014641154927598495,0.0,0.14865528805888306,0.0,0.0,0.0,False,0.0,0.0,0.0,0.0,0.1482382936018922,0.14937370752473036,2.72,-2.8000000000000003,0.0,0.0,-0.0,0.0,
1791390695.8516376,stand,-0.033910963204251576,0.00963566137227928,0.0,0.0,-0.01446617795677238,0.0,0.1488090348725552,0.0,0.0,0.0,False,0.0,0.0,0.0,0.0,0.14844471754333194,0.14958022851550448,2.66,-2.83,0.0,0.0,-0.0,0.0,
1791390695.8616219,stand,-0.03349683355428487,0.009567075838548635,0.0,0.0,-0.014118532878197802,0.0,0.14911663891862018,0.0,0.0,0.0,False,0.0,0.0,0.0,0.0,0.14885759741567667,0.14999326654282527,2.73,-2.92,0.0,0.0,-0.0,0.0,
1791390695.871615,stand,-0.03313037155477235,0.00890263683815291,0.0,0.0,-0.013949853100684736,0.0,0.14927057429587162,0.0,0.0,0.0,False,0.0,0.0,0.0,0.0,0.14906403334537877,0.15019978278216742,2.73,-3.0,0.0,0.0,-0.0,0.0,
1791390695.8816214,stand,-0.032757222767781494,0.008212612709098293,0.0,0.0,-0.013696365947553885,0.0,0.14950139207453617,0.0,0.0,0.0,False,0.0,0.0,0.0,0.0,0.14947697517231615,0.15040631437334187,2.87,-3.0500000000000003,0.0,0.0,-0.0,0.0,
1791390695.8916326,stand,-0.03233257937009116,0.008084812158834408,0.0,0.0,-0.013528554095227768,0.0,0.14965533805140077,0.0,0.0,0.0,False,0.0,0.0,0.0,0.0,0.1496834961630903,0.15061287551985988,2.81,-3.04,0.0,0.0,-0.0,0.0,
1791390695.901624,stand,-0.031814338427222956,0.00823181348285324,0.0,0.0,-0.013197569865442911,0.0,0.149963420424983,0.0,0.0,0.0,False,0.0,0.0,0.0,0.0,0.15009653181453053,0.15102606215394582,2.9,-3.1,0.0,0.0,-0.0,0.0,
1791390695.9116254,stand,-0.03162998585271485,0.007769450927504818,0.0,0.0,-0.01303556852459193,0.0,0.1501175416168479,0.0,0.0,0.0,False,0.0,0.0,0.0,0.0,0.15030304805387268,0.15123269885774804,2.87,-3.15,0.0,0.0,-0.0,0.0,
1791390695.921614,stand,-0.03136880745617501,0.006978060605540531,0.0,0.0,-0.012791914644449884,0.0,0.15034874257462075,0.0,0.0,0.0,False,0.0,0.0,0.0,0.0,0.15071616324670828,0.15143932277479072,2.8000000000000003,-3.22,0.0,0.0,-0.0,0.0,
1791390695.9316266,stand,-0.03128184089461035,0.00675961369450324,0.0,0.0,-0.012472497903504583,0.0,0.1506569843246429,0.0,0.0,0.0,False,0.0,0.0,0.0,0.0,0.151129387662053,0.1518525253793145,2.91,-3.06,0.0,0.0,-0.0,0.0,
1791390695.9416037,stand,-0.031040269502723986,0.007098750893217134,0.0,0.0,-0.012160586485730346,0.0,0.1509654417467794,0.0,0.0,0.0,False,0.0,0.0,0.0,0.0,0.15154263058090173,0.15226586934135783,2.86,-3.09,0.0,0.0,-0.0,0.0,
1791390695.9516046,stand,-0.030833757266998142,0.0071973720809533235,0.0,0.0,-0.012005693914831174,0.0,0.1511197112483284,0.0,0.0,0.0,False,0.0,0.0,0.0,0.0,0.1517492318831636,0.15247254800943616,2.8000000000000003,-3.17,0.0,0.0,-0.0,0.0,
1791390695.9615986,stand,-0.030660383253556654,0.006790755524379492,0.0,0.0,-0.011699340801766746,0.0,0.15142841106477742,0.0,0.0,0.0,False,0.0,0.0,0.0,0.0,0.15216253806964342,0.15288591123693546,2.7800000000000002,-3.15,0.0,0.0,-0.0,0.0,
1791390695.971653,stand,-0.030514838413421883,0.0064493106136824015,0.0,0.0,-0.011473246963978716,0.0,0.15166006461006024,0.0,0.0,0.0,False,0.0,0.0,0.0,0.0,0.1525758959740724,0.15309258861755845,2.85,-3.15,0.0,0.0,-0.0,0.0,
1791390695.9817035,stand,-0.03021839287185541,0.006774405815750607,0.0,0.0,-0.011102354306014847,0.0,0.1520462180560955,0.0,0.0,0.0,False,0.0,0.0,0.0,0.0,0.15298925734584407,0.15371262584994988,2.84,-3.1,0.0,0.0,-0.0,0.0,
1791390695.9916832,stand,-0.030035642168744443,0.00731275861206191,0.0,0.0,-0.010883145088831647,0.0,0.15227794599683106,0.0,0.0,0.0,False,0.0,0.0,0.0,0.0,0.1534026110630885,0.15391930746369953,2.8000000000000003,-3.11,0.0,0.0,-0.0,0.0,
1791390696.001607,stand,-0.029910549681404542,0.007352016504943759,0.0,0.0,-0.010668719907784334,0.0,0.15250969359145647,0.0,0.0,0.0,False,0.0,0.0,0.0,0.0,0.15360929220083647,0.1543327382889928,2.77,-3.11,0.0,0.0,-0.0,0.0,
1791390696.0116296,stand,-0.029759968170934032,0.007135572259475617,0.0,0.0,-0.010383813144652074,0.0,0.15281870119951121,0.0,0.0,0.0,False,0.0,0.0,0.0,0.0,0.1540226699278168,0.1547461790656545,2.81,-3.08,0.0,0.0,-0.0,0.0,
1791390696.0216277,stand,-0.029438196956553756,0.0073703443651442265,0.0,0.0,-0.010106567956561174,0.0,0.15312771295732888,0.0,0.0,0.0,False,0.0,0.0,0.0,0.0,0.15443610395470128,0.15515961818677418,2.77,-2.95,0.0,0.0,-0.0,0.0,
1791390696.0315979,stand,-0.029371713970954078,0.007898926190879214,0.0,0.0,-0.009833765026044598,0.0,0.1534366684706758,0.0,0.0,0.0,False,0.0,0.0,0.0,0.0,0.15484954710955331,0.15557305429934368,2.7600000000000002,-2.98,0.0,0.0,-0.0,0.0,
1791390696.041676,stand,-0.02950853898443079,0.00817346286474157,0.0,0.0,-0.009564346168050977,0.0,0.1537455884118017,0.0,0.0,0.0,False,0.0,0.0,0.0,0.0,0.15526298385248263,0.1559864978383307,2.77,-2.92,0.0,0.0,-0.0,0.0,
1791390696.0516074,stand,-0.0295463672736812,0.008150997516332767,0.0,0.0,-0.009367998131839486,0.0,0.15397741109657528,0.0,0.0,0.0,False,0.0,0.0,0.0,0.0,0.15546970086592485,0.15639993211144002,2.7,-2.89,0.0,0.0,-0.0,0.0,
1791390696.061593,stand,-0.02936127035275003,0.008462643518564352,0.0,0.0,-0.009107058425095793,0.0,0.15428651435574342,0.0,0.0,0.0,False,0.0,0.0,0.0,0.0,0.15588314411273602,0.15681337307201992,2.68,-2.82,0.0,0.0,-0.0,0.0,
1791390696.0715888,stand,-0.029176871423977943,0.008999288523430684,0.0,0.0,-0.008850791273961656,0.0,0.15459575953438615,0.0,0.0,0.0,False,0.0,0.0,0.0,0.0,0.15629658076370626,0.15722681200922137,2.66,-2.84,0.0,0.0,-0.0,0.0,
1791390696.081668,stand,-0.029173011045427556,0.009262307720631404,0.0,0.0,-0.008601622737319965,0.0,0.15490518734298891,0.0,0.0,0.0,False,0.0,0.0,0.0,0.0,0.1567100193464252,0.15764022914325657,2.7600000000000002,-2.83,0.0,0.0,-0.0,0.0,
1791390696.0916886,stand,-0.029195977885838935,0.009251279919612653,0.0,0.0,-0.008477411391667258,0.0,0.1550599048429758,0.0,0.0,0.0,False,0.0,0.0,0.0,0.0,0.15691674111591875,0.15784691075700621,2.81,-2.85,0.0,0.0,-0.0,0.0,
1791390696.101658,stand,-0.028893324549824077,0.009514620996396895,0.0,0.0,-0.00823323835219756,0.0,0.15536940473384717,0.0,0.0,0.0,False,0.0,0.0,0.0,0.0,0.15733017767492985,0.15826026929167256,2.81,-2.83,0.0,0.0,-0.0,0.0,
1791390696.1116152,stand,-0.028628955015131307,0.0100219399064526,0.0,0.0,-0.008055191689156839,0.0,0.1556015997836754,0.0,0.0,0.0,False,0.0,0.0,0.0,0.0,0.1575368946883721,0.15867360307050454,2.81,-2.82,0.0,0.0,-0.0,0.0,
1791390696.1216946,stand,-0.02848235602342497,0.010212808403962164,0.0,0.0,-0.007936270392034116,0.0,0.15575639313831816,0.0,0.0,0.0,False,0.0,0.0,0.0,0.0,0.1577435771078928,0.15888023977430674,2.92,-2.91,0.0,0.0,-0.0,0.0,
1791390696.131622,stand,-0.02837704109448467,0.0100290561963012,0.0,0.0,-0.007700643918579414,0.0,0.15606600728726933,0.0,0.0,0.0,False,0.0,0.0,0.0,0.0,0.15815693801995817,0.15929351796548336,2.97,-2.83,0.0,0.0,-0.0,0.0,
1791390696.1415975,stand,-0.028248128575255976,0.010024519567840418,0.0,0.0,-0.007586813914092397,0.0,0.15622086465358223,0.0,0.0,0.0,False,0.0,0.0,0.0,0.0,0.1583636148785804,0.15950015942348914,2.97,-2.88,0.0,0.0,-0.0,0.0,
1791390696.151628,stand,-0.028044587099929828,0.010490068051653569,0.0,0.0,-0.007359829591840734,0.0,0.1565305854407726,0.0,0.0,0.0,False,0.0,0.0,0.0,0.0,0.15877692857861173,0.15991337426309554,3.0700000000000003,-2.87,0.0,0.0,-0.0,0.0,
1791390696.1615963,stand,-0.027924157696423237,0.010629537953176076,0.0,0.0,-0.0072466739442791014,0.0,0.15668544884968205,0.0,0.0,0.0,False,0.0,0.0,0.0,0.0,0.15898356528241395,0.16011997093334618,3.0100000000000002,-2.93,0.0,0.0,-0.0,0.0,
1791390696.1716194,stand,-0.027749689342068923,0.010422157787227321,0.0,0.0,-0.007079871398532958,0.0,0.15691773845660778,0.0,0.0,0.0,False,0.0,0.0,0.0,0.0,0.15939684585085695,0.1603265722356081,3.14,-2.88,0.0,0.0,-0.0,0.0,
1791390696.1816702,stand,-0.02767717313338669,0.010181258945458047,0.0,0.0,-0.006864528132408239,0.0,0.15722744119926446,0.0,0.0,0.0,False,0.0,0.0,0.0,0.0,0.1598100831434199,0.16073972931370656,3.1,-2.95,0.0,0.0,-0.0,0.0,
1791390696.1916318,stand,-0.027600418554394962,0.010432338015629518,0.0,0.0,-0.006704575313011565,0.0,0.1574596945134606,0.0,0.0,0.0,False,0.0,0.0,0.0,0.0,0.16001667969240208,0.161152762005482,3.16,-2.9,0.0,0.0,-0.0,0.0,
1791390696.2016346,stand,-0.027510271832724885,0.010532365059073297,0.0,0.0,-0.0065459295634115455,0.0,0.15769197626423515,0.0,0.0,0.0,False,0.0,0.0,0.0,0.0,0.16042988004171907,0.16135928299625613,3.12,-2.99,0.0,0.0,-0.0,0.0,
1791390696.2116644,stand,-0.02749247543612039,0.010130693268421063,0.0,0.0,-0.006390434799174005,0.0,0.15792422959665373,0.0,0.0,0.0,False,0.0,0.0,0.0,0.0,0.16084299458541182,0.16156580398703027,3.04,-2.99,0.0,0.0,-0.0,0.0,
1791390696.2216513,stand,-0.027399903851867517,0.009588705096514988,0.0,0.0,-0.00623692208566376,0.0,0.15815653584428238,0.0,0.0,0.0,False,0.0,0.0,0.0,0.0,0.161049510824754,0.1619787761598336,3.0500000000000003,-3.0100000000000002,0.0,0.0,-0.0,0.0,
1791390696.2315981,stand,-0.027294920620606303,0.009695945250425188,0.0,0.0,-0.006034832244223735,0.0,0.1584663038476346,0.0,0.0,0.0,False,0.0,0.0,0.0,0.0,0.1614625506438419,0.16239169065122963,3.12,-2.95,0.0,0.0,-0.0,0.0,
1791390696.2415917,stand,-0.02713431781307371,0.009864761248056743,0.0,0.0,-0.005936753887429376,0.0,0.158621218849988,0.0,0.0,0.0,False,0.0,0.0,0.0,0.0,0.16166906918369395,0.16259813133051598,3.0700000000000003,-3.04,0.0,0.0,-0.0,0.0,
1791390696.2515695,stand,-0.027017999936814818,0.009588876339463679,0.0,0.0,-0.005691149043859693,0.0,0.1590085101042564,0.0,0.0,0.0,False,0.0,0.0,0.0,0.0,0.16228847746100386,0.1630109420149813,2.99,-3.04,0.0,0.0,-0.0,0.0,
1791390696.2616282,stand,-0.027029889848258087,0.008797775247085892,0.0,0.0,-0.005548994078397401,0.0,0.15924090016265513,0.0,0.0,0.0,False,0.0,0.0,0.0,0.0,0.16270135550052042,0.1632173348327299,2.96,-3.06,0.0,0.0,-0.0,0.0,
1791390696.2716906,stand,-0.02693907094502335,0.008520023497481719,0.0,0.0,-0.005366053193840127,0.0,0.1595506194569684,0.0,0.0,0.0,False,0.0,0.0,0.0,0.0,0.16290775127540255,0.16383636547886749,2.95,-2.99,0.0,0.0,-0.0,0.0,
1791390696.2815723,stand,-0.026819600025854793,0.0087791997575935,0.0,0.0,-0.005138067018825528,0.0,0.1599377832383779,0.0,0.0,0.0,False,0.0,0.0,0.0,0.0,0.16352688253106387,0.164248916587842,2.88,-2.95,0.0,0.0,-0.0,0.0,
1791390696.2917209,stand,-0.026743976510849733,0.008729792602194888,0.0,0.0,-0.0050052823563543,0.0,0.1601700445570968,0.0,0.0,0.0,False,0.0,0.0,0.0,0.0,0.16393951027776887,0.16445519664415287,2.85,-2.93,0.0,0.0,-0.0,0.0,
1791390696.3016858,stand,-0.026822823622707576,0.008089677438013655,0.0,0.0,-0.004830571345185879,0.0,0.16047979392636094,0.0,0.0,0.0,False,0.0,0.0,0.0,0.0,0.16435206375985217,0.16486770465604822,2.8000000000000003,-2.96,0.0,0.0,-0.0,0.0,
1791390696.3116426,stand,-0.026843830646759635,0.007694650884001309,0.0,0.0,-0.004659121351662902,0.0,0.16078964247255553,0.0,0.0,0.0,False,0.0,0.0,0.0,0.0,0.16476461429656628,0.1652800854241394,2.7600000000000002,-2.82,0.0,0.0,-0.0,0.0,
1791390696.3216329,stand,-0.026611378861480076,0.007913143236483795,0.0,0.0,-0.004491852319106683,0.0,0.16109959730883908,0.0,0.0,0.0,False,0.0,0.0,0.0,0.0,0.16517700429813034,0.16569232429081007,2.7600000000000002,-2.94,0.0,0.0,-0.0,0.0,
1791390696.3316104,stand,-0.026552452373987765,0.008100871839244173,0.0,0.0,-0.004368857981215904,0.0,0.16133212514901715,0.0,0.0,0.0,False,0.0,0.0,0.0,0.0,0.1653831522790991,0.16610455541876779,2.77,-2.89,0.0,0.0,-0.0,0.0,
1791390696.3415976,stand,-0.026461213598669025,0.007685271514043134,0.0,0.0,-0.004248480221303842,0.0,0.1615647207863883,0.0,0.0,0.0,False,0.0,0.0,0.0,0.0,0.16579539052018263,0.16631065373207632,2.85,-2.93,0.0,0.0,-0.0,0.0,
1791390696.351663,stand,-0.026234673356737345,0.0072086172559596385,0.0,0.0,-0.004091509527923809,0.0,0.16187456452889445,0.0,0.0,0.0,False,0.0,0.0,0.0,0.0,0.1662076199024666,0.1667226516642837,2.7800000000000002,-2.88,0.0,0.0,-0.0,0.0,
1791390696.3615892,stand,-0.025995024154933575,0.00745210818124692,0.0,0.0,-0.004013761241281728,0.0,0.16202943870813358,0.0,0.0,0.0,False,0.0,0.0,0.0,0.0,0.16641366034924823,0.16692862139436282,2.83,-2.9,0.0,0.0,-0.0,0.0,
1791390696.3716202,stand,-0.025856575893706817,0.007805225342833608,0.0,0.0,-0.0038625588185453794,0.0,0.16233881936070046,0.0,0.0,0.0,False,0.0,0.0,0.0,0.0,0.16682565149099715,0.16734052384090872,2.93,-2.97,0.0,0.0,-0.0,0.0,
1791390696.3816595,stand,-0.02579046211388992,0.007628508684225854,0.0,0.0,-0.00378793556647318,0.0,0.16249358826465177,0.0,0.0,0.0,False,0.0,0.0,0.0,0.0,0.1670316055628591,0.16754644249552467,2.98,-3.02,0.0,0.0,-0.0,0.0,
1791390696.3916707,stand,-0.02557286989626888,0.0073784440456477534,0.0,0.0,-0.003678052582990747,0.0,0.16272592440991507,0.0,0.0,0.0,False,0.0,0.0,0.0,0.0,0.16723755963472103,0.1679582227759131,2.93,-3.0300000000000002,0.0,0.0,-0.0,0.0,
1791390696.4016001,stand,-0.025521480515209784,0.00757983787772985,0.0,0.0,-0.0035685121378054158,0.0,0.1629582654799285,0.0,0.0,0.0,False,0.0,0.0,0.0,0.0,0.16764940895417135,0.16816405638331502,3.02,-3.0300000000000002,0.0,0.0,-0.0,0.0,
1791390696.411657,stand,-0.025481328011825594,0.007695813946949758,0.0,0.0,-0.003425964016702955,0.0,0.1632681642054383,0.0,0.0,0.0,False,0.0,0.0,0.0,0.0,0.16806114670800743,0.16857563440405499,3.0100000000000002,-2.98,0.0,0.0,-0.0,0.0,
1791390696.4216008,stand,-0.025662729724308244,0.007667255629408934,0.0,0.0,-0.0033564756720273273,0.0,0.1634229921189389,0.0,0.0,0.0,False,0.0,0.0,0.0,0.0,0.16826698031540935,0.1687813924356954,3.11,-2.96,0.0,0.0,-0.0,0.0,
1791390696.4316218,stand,-0.025879091347112575,0.0076516814391079735,0.0,0.0,-0.00322007214189908,0.0,0.16373248104981272,0.0,0.0,0.0,False,0.0,0.0,0.0,0.0,0.16867852054565124,0.16919276478476025,3.0500000000000003,-3.0300000000000002,0.0,0.0,-0.0,0.0,
1791390696.4416044,stand,-0.026018459691669698,0.007856547344500324,0.0,0.0,-0.0031207544809845333,0.0,0.16396452100522632,0.0,0.0,0.0,False,0.0,0.0,0.0,0.0,0.16888426242540835,0.16960406826922467,2.99,-2.96,0.0,0.0,-0.0,0.0,
1791390696.4516568,stand,-0.026180446955204984,0.007835275597206417,0.0,0.0,-0.003022712948029721,0.0,0.16419660238687403,0.0,0.0,0.0,False,0.0,0.0,0.0,0.0,0.169295608401652,0.16980970583363347,3.0700000000000003,-2.99,0.0,0.0,-0.0,0.0,
1791390696.4616084,stand,-0.026364408265388682,0.007661424438062432,0.0,0.0,-0.0028959136913506434,0.0,0.16450618654886812,0.0,0.0,0.0,False,0.0,0.0,0.0,0.0,0.1697068941730331,0.17022076697499927,3.0700000000000003,-3.0,0.0,0.0,-0.0,0.0,
1791390696.4716563,stand,-0.026704835690580492,0.0076477166603290585,0.0,0.0,-0.002833706289157918,0.0,0.1646610202338566,0.0,0.0,0.0,False,0.0,0.0,0.0,0.0,0.16991250553900494,0.1704262715900421,3.09,-3.0100000000000002,0.0,0.0,-0.0,0.0,
1791390696.4816158,stand,-0.027011438256613562,0.007831423888103222,0.0,0.0,-0.002711890010622761,0.0,0.1649706883302629,0.0,0.0,0.0,False,0.0,0.0,0.0,0.0,0.17032353027668845,0.17083722547290858,3.11,-2.99,0.0,0.0,-0.0,0.0,
1791390696.491638,stand,-0.02712265859884779,0.0077192804991336635,0.0,0.0,-0.002592744020799058,0.0,0.1652803576580249,0.0,0.0,0.0,False,0.0,0.0,0.0,0.0,0.17073449411823335,0.17124796295403202,3.0300000000000002,-2.96,0.0,0.0,-0.0,0.0,
1791390696.501602,stand,-0.027308639786356816,0.007525513536181085,0.0,0.0,-0.0025047597581738523,0.0,0.16551261058153802,0.0,0.0,0.0,False,0.0,0.0,0.0,0.0,0.17114529419095692,0.17145329669883716,3.06,-3.0500000000000003,0.0,0.0,-0.0,0.0,
1791390696.5116603,stand,-0.02766604490123726,0.0074664125321532585,0.0,0.0,-0.00241929567626957,0.0,0.1657446682239015,0.0,0.0,0.0,False,0.0,0.0,0.0,0.0,0.17135064594051863,0.17186384902426485,3.04,-3.0300000000000002,0.0,0.0,-0.0,0.0,
1791390696.5215755,stand,-0.028082496541914602,0.0075453958842423416,0.0,0.0,-0.00230719774121102,0.0,0.1660539518420316,0.0,0.0,0.0,False,0.0,0.0,0.0,0.0,0.17176121805199598,0.1722743229083011,3.0500000000000003,-2.94,0.0,0.0,-0.0,0.0,
1791390696.5316577,stand,-0.028312650484096973,0.0074337770649903455,0.0,0.0,-0.0021977423425421708,0.0,0.16636308386162837,0.0,0.0,0.0,False,0.0,0.0,0.0,0.0,0.17217171437328418,0.1726846399246847,3.0,-2.9,0.0,0.0,-0.0,0.0,
1791390696.5416572,stand,-0.028576095693960146,0.007194761259054352,0.0,0.0,-0.002064977307629584,0.0,0.16674937874432344,0.0,0.0,0.0,False,0.0,0.0,0.0,0.0,0.17278720479807924,0.17309480576747718,2.97,-2.91,0.0,0.0,-0.0,0.0,
1791390696.5515878,stand,-0.02909952909563722,0.007031176565640928,0.0,0.0,-0.0019873567419986526,0.0,0.16698109543909234,0.0,0.0,0.0,False,0.0,0.0,0.0,0.0,0.17299229761255708,0.17350483474178718,2.88,-2.89,0.0,0.0,-0.0,0.0,
1791390696.5616152,stand,-0.029593618030851455,0.007110314220063689,0.0,0.0,-0.0018875876081622528,0.0,0.16729015274473935,0.0,0.0,0.0,False,0.0,0.0,0.0,0.0,0.17340235863456022,0.17391466426382507,2.92,-2.79,0.0,0.0,-0.0,0.0,
1791390696.571642,stand,-0.029837955788695917,0.00702734979503602,0.0,0.0,-0.0017681098242790932,0.0,0.16767661625382763,0.0,0.0,0.0,False,0.0,0.0,0.0,0.0,0.17401710437292384,0.17432434188464854,2.7600000000000002,-2.74,0.0,0.0,-0.0,0.0,
1791390696.581579,stand,-0.03014367285487821,0.006951100015653659,0.0,0.0,-0.0016987537625885035,0.0,0.16790850253877676,0.0,0.0,0.0,False,0.0,0.0,0.0,0.0,0.1742219341098253,0.17473389726068306,2.82,-2.82,0.0,0.0,-0.0,0.0,
1791390696.591674,stand,-0.030553513070215026,0.006897404082940298,0.0,0.0,-0.0016535770817526288,0.0,0.16806305411652633,0.0,0.0,0.0,False,0.0,0.0,0.0,0.0,0.17442676384672678,0.1749386466879445,2.88,-2.87,0.0,0.0,-0.0,0.0,
1791390696.601626,stand,-0.030638002551096707,0.006674294004134538,0.0,0.0,-0.0015649605331542749,0.0,0.16837209622091392,0.0,0.0,0.0,False,0.0,0.0,0.0,0.0,0.17483627906516003,0.17534800901937989,2.8000000000000003,-2.82,0.0,0.0,-0.0,0.0,
1791390696.6116416,stand,-0.030664068934919655,0.0064475767742481664,0.0,0.0,-0.00149978145050738,0.0,0.16860383394555456,0.0,0.0,0.0,False,0.0,0.0,0.0,0.0,0.17524567919433012,0.17555264334868192,2.85,-2.91,0.0,0.0,-0.0,0.0,
1791390696.6216495,stand,-0.03084418218580163,0.006495115256416457,0.0,0.0,-0.0014360885707215623,0.0,0.16883548843703017,0.0,0.0,0.0,False,0.0,0.0,0.0,0.0,0.1754503530208858,0.17596174065500467,2.97,-2.9,0.0,0.0,-0.0,0.0,
1791390696.631598,stand,-0.031119608197266276,0.006580357861829734,0.0,0.0,-0.0013729996772110578,0.0,0.16906711599162422,0.0,0.0,0.0,False,0.0,0.0,0.0,0.0,0.17585947341231709,0.17616619378453174,3.0,-2.97,0.0,0.0,-0.0,0.0,
1791390696.641659,stand,-0.031228284010603412,0.00650641115234029,0.0,0.0,-0.001331596898298544,0.0,0.1692214986458251,0.0,0.0,0.0,False,0.0,0.0,0.0,0.0,0.17606398441836957,0.1763706266766241,3.0500000000000003,-3.02,0.0,0.0,-0.0,0.0,
1791390696.6515794,stand,-0.031308167855465564,0.006295960336420562,0.0,0.0,-0.0012500860431683344,0.0,0.16953019443736658,0.0,0.0,0.0,False,0.0,0.0,0.0,0.0,0.17647285020255438,0.17677937897899573,3.0500000000000003,-3.0300000000000002,0.0,0.0,-0.0,0.0,
1791390696.6616056,stand,-0.031587169769648024,0.006236557110157952,0.0,0.0,-0.001211001265467991,0.0,0.1696844399234083,0.0,0.0,0.0,False,0.0,0.0,0.0,0.0,0.17667721211640502,0.17698372685805705,3.04,-3.0100000000000002,0.0,0.0,-0.0,0.0,
1791390696.67173,stand,-0.0318362009584848,0.006441545872142662,0.0,0.0,-0.0011555169078634048,0.0,0.1699156098668255,0.0,0.0,0.0,False,0.0,0.0,0.0,0.0,0.1768815599954663,0.17739220908469447,3.11,-2.98,0.0,0.0,-0.0,0.0,
1791390696.6816046,stand,-0.03209980832638778,0.006532196079551203,0.0,0.0,-0.0010823000156771276,0.0,0.1702238726945343,0.0,0.0,0.0,False,0.0,0.0,0.0,0.0,0.1772901001009387,0.17780055819214038,3.12,-2.96,0.0,0.0,-0.0,0.0,
1791390696.6916099,stand,-0.03231519916099087,0.006285964890104811,0.0,0.0,-0.001028199594871576,0.0,0.17045511331396063,0.0,0.0,0.0,False,0.0,0.0,0.0,0.0,0.1776984917096465,0.17800470529710158,3.02,-3.02,0.0,0.0,-0.0,0.0,
1791390696.7015653,stand,-0.03266125992572822,0.006038207710977476,0.0,0.0,-0.0009589636051330688,0.0,0.17076361461237766,0.0,0.0,0.0,False,0.0,0.0,0.0,0.0,0.17810672918053203,0.17841270888430985,3.11,-3.02,0.0,0.0,-0.0,0.0,
1791390696.7116048,stand,-0.03295150577905129,0.006109471334267528,0.0,0.0,-0.0009079462591310705,0.0,0.170994963991255,0.0,0.0,0.0,False,0.0,0.0,0.0,0.0,0.17831072035944173,0.1788205744867898,3.09,-2.96,0.0,0.0,-0.0,0.0,
1791390696.721608,stand,-0.03314522267121461,0.00648789355316567,0.0,0.0,-0.0008577828521274117,0.0,0.1712262877196166,0.0,0.0,0.0,False,0.0,0.0,0.0,0.0,0.17871862846041217,0.17902448066283094,3.2,-2.98,0.0,0.0,-0.0,0.0,
1791390696.7316275,stand,-0.03341275305532525,0.006473864990985189,0.0,0.0,-0.0007948824582749286,0.0,0.17153458221825638,0.0,0.0,0.0,False,0.0,0.0,0.0,0.0,0.1791264118333987,0.1794321506082759,3.09,-2.98,0.0,0.0,-0.0,0.0,
1791390696.7416644,stand,-0.033639190221006116,0.0060741079000487305,0.0,0.0,-0.000747855340344869,0.0,0.17176580353621432,0.0,0.0,0.0,False,0.0,0.0,0.0,0.0,0.17953407294526705,0.17963591621750888,3.0500000000000003,-2.99,0.0,0.0,-0.0,0.0,
1791390696.7516074,stand,-0.03380909624131926,0.005809809274087136,0.0,0.0,-0.0006894867655611904,0.0,0.17207367017711928,0.0,0.0,0.0,False,0.0,0.0,0.0,0.0,0.17994142114148953,0.18004324671175093,3.0700000000000003,-2.99,0.0,0.0,-0.0,0.0,
1791390696.7616115,stand,-0.034030591909844844,0.005999492024586113,0.0,0.0,-0.0006476270068354745,0.0,0.17230438572806583,0.0,0.0,0.0,False,0.0,0.0,0.0,0.0,0.1801450559451548,0.1804504333266811,3.06,-2.94,0.0,0.0,-0.0,0.0,
1791390696.7718654,stand,-0.034174062747513514,0.006240371101410036,0.0,0.0,-0.0006058791987043725,0.0,0.17253510158012342,0.0,0.0,0.0,False,0.0,0.0,0.0,0.0,0.1805522351880966,0.1806539548074597,3.08,-2.96,0.0,0.0,-0.0,0.0,
1791390696.781618,stand,-0.034201273329609184,0.005983270705490102,0.0,0.0,-0.0005524680508943169,0.0,0.17284289347250104,0.0,0.0,0.0,False,0.0,0.0,0.0,0.0,0.18095909832971635,0.18106080344386152,2.98,-2.95,0.0,0.0,-0.0,0.0,
1791390696.791643,stand,-0.03426062888734447,0.00565937390690725,0.0,0.0,-0.0005004393359918959,0.0,0.17315078368748524,0.0,0.0,0.0,False,0.0,0.0,0.0,0.0,0.18136583942689477,0.18146750672806256,2.91,-2.92,0.0,0.0,-0.0,0.0,
1791390696.801628,stand,-0.03452087211507773,0.005837890034856891,0.0,0.0,-0.0004492490940978845,0.0,0.17345860842029037,0.0,0.0,0.0,False,0.0,0.0,0.0,0.0,0.1817724202195233,0.1818740249535716,2.99,-2.87,0.0,0.0,-0.0,0.0,
1791390696.8116455,stand,-0.034677818365342866,0.006065541755957773,0.0,0.0,-0.00040242178485176,0.0,0.17376601099424624,0.0,0.0,0.0,False,0.0,0.0,0.0,0.0,0.1821787984998778,0.18228032526567667,2.95,-2.89,0.0,0.0,-0.0,0.0,
1791390696.8217125,stand,-0.03473527556372672,0.005945393205915728,0.0,0.0,-0.0003790702056015727,0.0,0.17391971242373286,0.0,0.0,0.0,False,0.0,0.0,0.0,0.0,0.18238186609667828,0.1824833928624771,2.77,-2.68,0.0,0.0,-0.0,0.0,
1791390696.8316338,stand,-0.034876905148987586,0.005716556173892252,0.0,0.0,-0.00033315314433425905,0.0,0.17422709413659285,0.0,0.0,0.0,False,0.0,0.0,0.0,0.0,0.18278792047945228,0.1828894047573843,2.69,-2.59,0.0,0.0,-0.0,0.0,
1791390696.8416107,stand,-0.03500500987348324,0.005819709508139234,0.0,0.0,-0.0003227582835714782,0.0,0.17430390534594606,0.0,0.0,0.0,False,0.0,0.0,0.0,0.0,0.18278792047945228,0.18309238737256509,2.59,-2.49,0.0,0.0,-0.0,0.0,
1791390696.8516212,stand,-0.03490258612589844,0.006090952733989046,0.0,0.0,-0.0003123725802653132,0.0,0.1743807165741168,0.0,0.0,0.0,False,0.0,0.0,0.0,0.0,0.18299090309463303,0.18309238737256509,2.5,-2.44,0.0,0.0,-0.0,0.0,
1791390696.861598,stand,-0.034741260608645845,0.00603041267925047,0.0,0.0,-0.0003123725802653132,0.0,0.1743807165741168,0.0,0.0,0.0,False,0.0,0.0,0.0,0.0,0.18299090309463303,0.18309238737256509,2.49,-2.48,0.0,0.0,-0.0,0.0,
1791390696.8716435,stand,-0.03433418472905119,0.005846664047815694,0.0,0.0,-0.0003123725802653132,0.0,0.1743807165741168,0.0,0.0,0.0,False,0.0,0.0,0.0,0.0,0.18299090309463303,0.18309238737256509,2.54,-2.52,0.0,0.0,-0.0,0.0,
1791390696.8816185,stand,-0.03388141527529687,0.005921798063441076,0.0,0.0,-0.0003123725802653132,0.0,0.1743807165741168,0.0,0.0,0.0,False,0.0,0.0,0.0,0.0,0.18299090309463303,0.18309238737256509,2.54,-2.5300000000000002,0.0,0.0,-0.0,0.0,
1791390696.8916507,stand,-0.033619150479037796,0.006139001390513534,0.0,0.0,-0.00033315314433425905,0.0,0.17422709413659285,0.0,0.0,0.0,False,0.0,0.0,0.0,0.0,0.18278792047945228,0.1828894047573843,2.7,-2.5500000000000003,0.0,0.0,-0.0,0.0,
1791390696.9016955,stand,-0.03344747550012597,0.005997831156866529,0.0,0.0,-0.00033315314433425905,0.0,0.17422709413659285,0.0,0.0,0.0,False,0.0,0.0,0.0,0.0,0.18278792047945228,0.1828894047573843,2.66,-2.65,0.0,0.0,-0.0,0.0,
1791390696.9117012,stand,-0.03343396353404505,0.005787231957071167,0.0,0.0,-0.00033315314433425905,0.0,0.17422709413659285,0.0,0.0,0.0,False,0.0,0.0,0.0,0.0,0.18278792047945228,0.1828894047573843,2.67,-2.62,0.0,0.0,-0.0,0.0,
1791390696.9216664,stand,-0.03360508055932008,0.005795806629298494,0.0,0.0,-0.00033315314433425905,0.0,0.17422709413659285,0.0,0.0,0.0,False,0.0,0.0,0.0,0.0,0.18278792047945228,0.1828894047573843,2.67,-2.6,0.0,0.0,-0.0,0.0,
1791390696.9315784,stand,-0.03395271251407505,0.005848359764526456,0.0,0.0,-0.00033315314433425905,0.0,0.17422709413659285,0.0,0.0,0.0,False,0.0,0.0,0.0,0.0,0.18278792047945228,0.1828894047573843,2.68,-2.58,0.0,0.0,-0.0,0.0,
1791390696.9415944,stand,-0.03437336700669419,0.0055926284152704115,0.0,0.0,-0.00033315314433425905,0.0,0.17422709413659285,0.0,0.0,0.0,False,0.0,0.0,0.0,0.0,0.18278792047945228,0.1828894047573843,2.66,-2.59,0.0,0.0,-0.0,0.0,
1791390696.9516287,stand,-0.03486094031772757,0.005326294792466147,0.0,0.0,-0.00033315314433425905,0.0,0.17422709413659285,0.0,0.0,0.0,False,0.0,0.0,0.0,0.0,0.18278792047945228,0.1828894047573843,2.66,-2.57,0.0,0.0,-0.0,0.0,
1791390696.9616206,stand,-0.03532297502798789,0.00527773143851778,0.0,0.0,-0.00033315314433425905,0.0,0.17422709413659285,0.0,0.0,0.0,False,0.0,0.0,0.0,0.0,0.18278792047945228,0.1828894047573843,2.68,-2.59,0.0,0.0,-0.0,0.0,
1791390696.9716601,stand,-0.035793016295208126,0.005250184961147359,0.0,0.0,-0.00033315314433425905,0.0,0.17422709413659285,0.0,0.0,0.0,False,0.0,0.0,0.0,0.0,0.18278792047945228,0.1828894047573843,2.66,-2.58,0.0,0.0,-0.0,0.0,
1791390696.9815745,stand,-0.0362714189297619,0.005038485518239675,0.0,0.0,-0.00033315314433425905,0.0,0.17422709413659285,0.0,0.0,0.0,False,0.0,0.0,0.0,0.0,0.18278792047945228,0.1828894047573843,2.64,-2.6,0.0,0.0,-0.0,0.0,
1791390696.9916344,stand,-0.03678523690042293,0.004891420631974221,0.0,0.0,-0.00033315314433425905,0.0,0.17422709413659285,0.0,0.0,0.0,False,0.0,0.0,0.0,0.0,0.18278792047945228,0.1828894047573843,2.67,-2.62,0.0,0.0,-0.0,0.0,
1791390697.0016441,stand,-0.03739650081703953,0.0049147029852369285,0.0,0.0,-0.00033315314433425905,0.0,0.17422709413659285,0.0,0.0,0.0,False,0.0,0.0,0.0,0.0,0.18278792047945228,0.1828894047573843,2.65,-2.6,0.0,0.0,-0.0,0.0,
1791390697.0116441,stand,-0.03808733819990652,0.004904330926775865,0.0,0.0,-0.00033315314433425905,0.0,0.17422709413659285,0.0,0.0,0.0,False,0.0,0.0,0.0,0.0,0.18278792047945228,0.1828894047573843,2.65,-2.59,0.0,0.0,-0.0,0.0,
1791390697.0217264,stand,-0.03881498220751462,0.004767885496425166,0.0,0.0,-0.00033315314433425905,0.0,0.17422709413659285,0.0,0.0,0.0,False,0.0,0.0,0.0,0.0,0.18278792047945228,0.1828894047573843,2.65,-2.59,0.0,0.0,-0.0,0.0,
1791390697.0315938,stand,-0.03955783874746562,0.004754393435669752,0.0,0.0,-0.00033315314433425905,0.0,0.17422709413659285,0.0,0.0,0.0,False,0.0,0.0,0.0,0.0,0.18278792047945228,0.1828894047573843,2.66,-2.58,0.0,0.0,-0.0,0.0,
1791390697.0416808,stand,-0.04029895762352013,0.004829965535136622,0.0,0.0,-0.00033315314433425905,0.0,0.17422709413659285,0.0,0.0,0.0,False,0.0,0.0,0.0,0.0,0.18278792047945228,0.1828894047573843,2.64,-2.57,0.0,0.0,-0.0,0.0,
1791390697.0515764,stand,-0.04104770623485488,0.004860411760489128,0.0,0.0,-0.00033315314433425905,0.0,0.17422709413659285,0.0,0.0,0.0,False,0.0,0.0,0.0,0.0,0.18278792047945228,0.1828894047573843,2.65,-2.59,0.0,0.0,-0.0,0.0,
1791390697.061582,stand,-0.041781827686791013,0.004822794856510285,0.0,0.0,-0.00033315314433425905,0.0,0.17422709413659285,0.0,0.0,0.0,False,0.0,0.0,0.0,0.0,0.18278792047945228,0.1828894047573843,2.66,-2.59,0.0,0.0,-0.0,0.0,
1791390697.0715778,stand,-0.042462556498439157,0.0049032203748693,0.0,0.0,-0.00033315314433425905,0.0,0.17422709413659285,0.0,0.0,0.0,False,0.0,0.0,0.0,0.0,0.18278792047945228,0.1828894047573843,2.67,-2.58,0.0,0.0,-0.0,0.0,
1791390697.0815852,stand,-0.043122197695008135,0.005066747321830571,0.0,0.0,-0.00033315314433425905,0.0,0.17422709413659285,0.0,0.0,0.0,False,0.0,0.0,0.0,0.0,0.18278792047945228,0.1828894047573843,2.66,-2.6,0.0,0.0,-0.0,0.0,
1791390697.0915968,stand,-0.04378716152444352,0.005146828121114757,0.0,0.0,-0.00033315314433425905,0.0,0.17422709413659285,0.0,0.0,0.0,False,0.0,0.0,0.0,0.0,0.18278792047945228,0.1828894047573843,2.7,-2.59,0.0,0.0,-0.0,0.0,
1791390697.1016502,stand,-0.04447679297365468,0.005219677254015221,0.0,0.0,-0.00033315314433425905,0.0,0.17422709413659285,0.0,0.0,0.0,False,0.0,0.0,0.0,0.0,0.18278792047945228,0.1828894047573843,2.67,-2.59,0.0,0.0,-0.0,0.0,
1791390697.1116562,stand,-0.04518716774360222,0.005342238683957582,0.0,0.0,-0.00033315314433425905,0.0,0.17422709413659285,0.0,0.0,0.0,False,0.0,0.0,0.0,0.0,0.18278792047945228,0.1828894047573843,2.66,-2.59,0.0,0.0,-0.0,0.0,
1791390697.121654,stand,-0.04588151712858756,0.005493901728540224,0.0,0.0,-0.00033315314433425905,0.0,0.17422709413659285,0.0,0.0,0.0,False,0.0,0.0,0.0,0.0,0.18278792047945228,0.1828894047573843,2.66,-2.6,0.0,0.0,-0.0,0.0,
1791390697.1316147,stand,-0.046474262216447175,0.005607895719826328,0.0,0.0,-0.00033315314433425905,0.0,0.17422709413659285,0.0,0.0,0.0,False,0.0,0.0,0.0,0.0,0.18278792047945228,0.1828894047573843,2.66,-2.6,0.0,0.0,-0.0,0.0,
1791390697.1416292,stand,-0.04700576608744031,0.005648773211471914,0.0,0.0,-0.00033315314433425905,0.0,0.17422709413659285,0.0,0.0,0.0,False,0.0,0.0,0.0,0.0,0.18278792047945228,0.1828894047573843,2.66,-2.6,0.0,0.0,-0.0,0.0,
1791390697.1516085,stand,-0.04750557372376763,0.005755436747522974,0.0,0.0,-0.00033315314433425905,0.0,0.17422709413659285,0.0,0.0,0.0,False,0.0,0.0,0.0,0.0,0.18278792047945228,0.1828894047573843,2.64,-2.58,0.0,0.0,-0.0,0.0,
1791390697.1616194,stand,-0.04800780647281963,0.005869369648902123,0.0,0.0,-0.00033315314433425905,0.0,0.17422709413659285,0.0,0.0,0.0,False,0.0,0.0,0.0,0.0,0.18278792047945228,0.1828894047573843,2.66,-2.58,0.0,0.0,-0.0,0.0,
1791390697.1716726,stand,-0.048511000676404514,0.005927557537324492,0.0,0.0,-0.00033315314433425905,0.0,0.17422709413659285,0.0,0.0,0.0,False,0.0,0.0,0.0,0.0,0.18278792047945228,0.1828894047573843,2.67,-2.61,0.0,0.0,-0.0,0.0,
1791390697.181661,stand,-0.04891017252995148,0.005949339397404433,0.0,0.0,-0.00033315314433425905,0.0,0.17422709413659285,0.0,0.0,0.0,False,0.0,0.0,0.0,0.0,0.18278792047945228,0.1828894047573843,2.65,-2.61,0.0,0.0,-0.0,0.0,
1791390697.1916726,stand,-0.049231545917741634,0.005988043831772661,0.0,0.0,-0.00033315314433425905,0.0,0.17422709413659285,0.0,0.0,0.0,False,0.0,0.0,0.0,0.0,0.18278792047945228,0.1828894047573843,2.66,-2.59,0.0,0.0,-0.0,0.0,
1791390697.201597,stand,-0.0495209177115368,0.006030003082289271,0.0,0.0,-0.00033315314433425905,0.0,0.17422709413659285,0.0,0.0,0.0,False,0.0,0.0,0.0,0.0,0.18278792047945228,0.1828894047573843,2.65,-2.61,0.0,0.0,-0.0,0.0,
1791390697.2115905,stand,-0.04977664128549403,0.00601914949140442,0.0,0.0,-0.00033315314433425905,0.0,0.17422709413659285,0.0,0.0,0.0,False,0.0,0.0,0.0,0.0,0.18278792047945228,0.1828894047573843,2.68,-2.58,0.0,0.0,-0.0,0.0,
1791390697.2216394,stand,-0.049990578863420475,0.005993451308320134,0.0,0.0,-0.00033315314433425905,0.0,0.17422709413659285,0.0,0.0,0.0,False,0.0,0.0,0.0,0.0,0.18278792047945228,0.1828894047573843,2.67,-2.6,0.0,0.0,-0.0,0.0,
1791390697.2316296,stand,-0.05016478798772054,0.005961449115040321,0.0,0.0,-0.00033315314433425905,0.0,0.17422709413659285,0.0,0.0,0.0,False,0.0,0.0,0.0,0.0,0.18278792047945228,0.1828894047573843,2.66,-2.58,0.0,0.0,-0.0,0.0,
1791390697.2416596,stand,-0.050261360793277095,0.0059063705246438555,0.0,0.0,-0.00033315314433425905,0.0,0.17422709413659285,0.0,0.0,0.0,False,0.0,0.0,0.0,0.0,0.18278792047945228,0.1828894047573843,2.65,-2.59,0.0,0.0,-0.0,0.0,
1791390697.2516608,stand,-0.050299628753761524,0.005812364721648687,0.0,0.0,-0.00033315314433425905,0.0,0.17422709413659285,0.0,0.0,0.0,False,0.0,0.0,0.0,0.0,0.18278792047945228,0.1828894047573843,2.66,-2.6,0.0,0.0,-0.0,0.0,
1791390697.2617052,stand,-0.05033542021791075,0.005739524087181483,0.0,0.0,-0.00033315314433425905,0.0,0.17422709413659285,0.0,0.0,0.0,False,0.0,0.0,0.0,0.0,0.18278792047945228,0.1828894047573843,2.66,-2.61,0.0,0.0,-0.0,0.0,
1791390697.271607,stand,-0.050294260705147524,0.005678812694557057,0.0,0.0,-0.00033315314433425905,0.0,0.17422709413659285,0.0,0.0,0.0,False,0.0,0.0,0.0,0.0,0.18278792047945228,0.1828894047573843,2.66,-2.6,0.0,0.0,-0.0,0.0,
1791390697.281691,stand,-0.05021547964280879,0.005609081830672106,0.0,0.0,-0.00033315314433425905,0.0,0.17422709413659285,0.0,0.0,0.0,False,0.0,0.0,0.0,0.0,0.18278792047945228,0.1828894047573843,2.63,-2.59,0.0,0.0,-0.0,0.0,
1791390697.291581,stand,-0.05008463740671489,0.005506054992297567,0.0,0.0,-0.00033315314433425905,0.0,0.17422709413659285,0.0,0.0,0.0,False,0.0,0.0,0.0,0.0,0.18278792047945228,0.1828894047573843,2.67,-2.58,0.0,0.0,-0.0,0.0,
1791390697.3016663,stand,-0.049938145862776055,0.005428559870800602,0.0,0.0,-0.00033315314433425905,0.0,0.17422709413659285,0.0,0.0,0.0,False,0.0,0.0,0.0,0.0,0.18278792047945228,0.1828894047573843,2.66,-2.61,0.0,0.0,-0.0,0.0,
1791390697.31159,stand,-0.04974452064149184,0.005386892917761448,0.0,0.0,-0.00033315314433425905,0.0,0.17422709413659285,0.0,0.0,0.0,False,0.0,0.0,0.0,0.0,0.18278792047945228,0.1828894047573843,2.63,-2.61,0.0,0.0,-0.0,0.0,
1791390697.321607,balance,-0.04955067265540558,0.005304330764909844,-0.049734109142472525,0.02040319641520469,-0.00033315314433425905,-0.00014971665726731215,0.17422709413659285,0.00030004538925593416,0.0,4.073124166576804e-06,False,0.0,0.0,-0.04322667231389533,-0.043153109108838406,0.18278792047945228,0.1828894047573843,2.66,-2.58,-0.3025867061972673,-0.30207176376186884,0.2382572489742262,-0.2378517824896605,
1791390697.3316264,balance,-0.04927870993972697,0.005235442880301539,-0.04946214642679391,0.032653051384916094,-0.00033315314433425905,-0.00014971665726731215,0.17422709413659285,-0.011105305116273896,0.0,-6.29196458218269e-05,False,0.0,0.0,-0.055965379735201375,-0.05595766221203097,0.18278792047945228,0.1828894047573843,2.64,-2.57,-0.3917576581464096,-0.3917036354842168,0.30847059696567686,-0.3084280594363912,
1791390697.3417287,balance,-0.048370859162623854,0.005200104244674038,-0.048554295649690805,0.17056938577427527,-0.00033315314433425905,-0.00014971665726731215,0.17422709413659285,-0.044143515318738655,0.0,-0.0004092943932677744,False,0.0,0.0,-0.056293099250302785,-0.056315234429794914,0.18278792047945228,0.1828894047573843,2.65,-2.57,-0.3940516947521195,-0.3942066410085644,0.31027692500166887,-0.31039892992800344,
1791390697.3516178,balance,-0.04510711905778733,0.005184924592574847,-0.045290555544854276,0.4890540161179337,-0.00033315314433425905,-0.00014971665726731215,0.17422709413659285,-0.06920566237247434,0.0,-0.0010540508531981473,False,0.0,0.0,-0.03864985753796264,-0.03798101513486411,0.18278792047945228,0.1828894047573843,2.62,-2.54,-0.2705490027657385,-0.2658671059440488,0.21303071083916417,-0.20934417790869983,
1791390697.3616354,balance,-0.038413564531215784,0.005025422671938546,-0.03858660615751995,0.7703338256718084,-0.0003227582835714782,-0.00014971665726731215,0.17430390534594606,-0.08397919393930564,0.0,-0.0018569615537061177,False,0.0,0.0,-0.00945791857800727,-0.0045136353163406015,0.18278792047945228,0.18309238737256509,2.66,-2.5300000000000002,-0.0662054300460509,-0.03159544721438421,0.052130259878780234,-0.024878304893215915,
1791390697.3716784,balance,-0.030516779440848667,0.0045486620857751875,-0.030689821067152834,0.7644337455752812,-0.0003227582835714782,-0.00014971665726731215,0.17430390534594606,-0.09435038173926638,0.0,-0.002782034923488376,False,0.0,0.0,0.0053939827624797185,0.015779904309076578,0.18278792047945228,0.18309238737256509,2.71,-2.48,0.03775787933735803,0.11045933016353604,-0.029730613651463015,0.08697585052246933,
1791390697.3815875,balance,-0.02346017691823319,0.0039859799719320415,-0.023633218544537357,0.6662419308877463,-0.0003227582835714782,-0.00014971665726731215,0.17430390534594606,-0.097600471229098,0.0,-0.0037586039691891817,False,0.0,0.0,0.008229289751879003,0.02028417699099968,0.18278792047945228,0.18309238737256509,2.64,-2.48,0.057605028263153016,0.14198923893699775,-0.04535828997098663,0.11180255034409271,
1791390697.3916805,balance,-0.01781987222685648,0.003979486259821196,-0.017992913853160646,0.47168988072115675,-0.0003227582835714782,-0.00014971665726731215,0.17430390534594606,-0.09838495033320202,0.0,-0.004746981203697736,False,0.0,0.0,0.00194387742484657,0.013584977267684444,0.18278792047945228,0.18309238737256509,2.72,-2.5,0.01360714197392599,0.09509484087379111,-0.010714285018839361,0.07487782745967804,
1791390697.4016685,balance,-0.013988879598910762,0.0042258671864606485,-0.014172316085977708,0.3294467262061561,-0.00033315314433425905,-0.00014971665726731215,0.17422709413659285,-0.09113780416301807,0.0,-0.0056814259343443575,False,0.0,0.0,-0.005586315575780869,0.003046226843649285,0.18278792047945228,0.1828894047573843,2.69,-2.58,-0.03910420903046608,0.021323587905544995,0.030790715772020538,0.016790226697279524,
1791390697.4115903,balance,-0.010975807553942427,0.003891784086211813,-0.011159244041009373,0.27669223062710524,-0.00033315314433425905,-0.00014971665726731215,0.17422709413659285,-0.08214456634249082,0.0,-0.006528507615863101,False,0.0,0.0,-0.007667614622891266,-0.0016442353864615977,0.18278792047945228,0.1828894047573843,2.63,-2.6,-0.05367330236023886,-0.011509647705231184,0.042262442803337685,-0.00906271472852849,
1791390697.4216151,balance,-0.00818633562629474,0.003242728703846695,-0.008369772113361686,0.2991878993353532,-0.00033315314433425905,-0.00014971665726731215,0.17422709413659285,-0.07494321569283585,0.0,-0.007295901521190209,False,0.0,0.0,-0.004468382327991239,0.0012492547688293023,0.18278792047945228,0.1828894047573843,2.63,-2.58,-0.031278676295938675,0.008744783381805116,0.024628878973180057,0.006885656206145761,
1791390697.4316058,balance,-0.005255159683634261,0.002940525877644301,-0.005438596170701208,0.2860522249343967,-0.00033315314433425905,-0.00014971665726731215,0.17422709413659285,-0.062310306511803595,0.0,-0.007954673317162505,False,0.0,0.0,0.0013172043221141064,0.006540840761646039,0.18278792047945228,0.1828894047573843,2.65,-2.59,0.009220430254798745,0.04578588533152227,-0.0072601813029911375,0.036051878213797066,
1791390697.4416258,balance,-0.0024250769887259284,0.0026465781969496763,-0.0026085134757928754,0.26320558444170944,-0.00033315314433425905,-0.00014971665726731215,0.17422709413659285,-0.04003763539966858,0.0,-0.008416179772046617,False,0.0,0.0,0.007589068506422879,0.01316142609801618,0.18278792047945228,0.1828894047573843,2.63,-2.61,0.053123479544960155,0.09212998268611326,-0.04182951145272453,0.07254329345363249,
1791390697.4515736,balance,-8.969564109165132e-05,0.002191517961097007,-0.00027313212815859825,0.19161159322873142,-0.00033315314433425905,-0.00014971665726731215,0.17422709413659285,-0.016819520409062746,0.0,-0.008633156146848587,False,0.0,0.0,0.010172989440643727,0.017214908082205393,0.18278792047945228,0.1828894047573843,2.67,-2.64,0.07121092608450609,0.12050435657543775,-0.05607159534213078,0.09488532013813995,
1791390697.4616668,balance,0.00041963561652626013,0.0014614265487668454,0.00023619912945931323,-0.04925573574545323,-0.00033315314433425905,-0.00014971665726731215,0.17422709413659285,-0.008591686521862268,0.0,-0.008730272567659202,False,0.0,0.0,-0.0021565645706506783,0.0056391766396773155,0.18278792047945228,0.1828894047573843,2.65,-2.63,-0.015095951994554747,0.03947423647774121,0.011886576373665156,0.031082075966725364,
1791390697.4715927,balance,-0.0004972381978168587,0.0010851669943140183,-0.0006702798241210282,-0.1060984249725778,-0.00032275828357148165,-0.00014971665726731215,0.17430390534594606,-0.0026115108800642156,0.0,-0.00876806393801371,False,0.0,0.0,-0.012215559842819263,-0.004938283314527555,0.18299090309463303,0.1828894047573843,2.5300000000000002,-2.62,-0.08550891889973485,-0.03456798320169288,0.06732985740136602,-0.027218884410781796,
1791390697.4815698,balance,-0.0013443657117407607,0.0010209462113825707,-0.0015268063650611507,-0.0599429596217804,-0.000333740813259889,-0.000151300159939499,0.17422707512717414,0.0007997619067450709,0.0,-0.008771296578760296,False,0.0,0.0,-0.012607480495015602,-0.006638863930532355,0.18299090309463303,0.18268642214220357,2.54,-2.66,-0.08825236346510922,-0.04647204751372649,0.06949004997252695,-0.03659216339663503,
1791390697.4915946,balance,-0.0014335493680585761,0.000645211926019341,-0.0016134539949070152,0.038123789048189645,-0.000333740813259889,-0.0001538361864114499,0.17422707512717414,0.004289233112330071,0.0,-0.008743711076819982,False,0.0,0.0,-0.005718825681502937,-0.0008358720724746619,0.18299090309463303,0.18268642214220357,2.5100000000000002,-2.73,-0.04003177977052056,-0.005851104507322633,0.031521086433480755,-0.004607168903403648,
1791390697.5015872,balance,-0.0005048844900779453,0.0002473588769775694,-0.0006847891169263844,0.13102205015820675,-0.000333740813259889,-0.0001538361864114499,0.17422707512717414,0.008085845437278373,0.0,-0.008672800481691263,False,0.0,0.0,0.006052313090616573,0.008541771582452739,0.18299090309463303,0.18268642214220357,2.5100000000000002,-2.75,0.042366191634316014,0.05979240107716917,-0.03335920601127245,0.04708063076942454,
1791390697.5115983,balance,0.000980269914827897,-8.096026095685156e-05,0.0008003652879794579,0.1518976779495917,-0.000333740813259889,-0.0001538361864114499,0.17422707512717414,0.012228128211485329,0.0,-0.008561197770858649,False,0.0,0.0,0.014847060965903179,0.015299259363336834,0.18299090309463303,0.18268642214220357,2.49,-2.73,0.10392942676132225,0.10709481554335784,-0.08183419430025374,0.08432662641209279,
1791390697.521584,balance,0.002322553355449156,-0.00011631535264139567,0.0021373310345719236,0.10467646488933464,-0.000333740813259889,-0.00014851849238265666,0.17422707512717414,0.011677582736607515,0.0,-0.008438472644919736,False,0.0,0.0,0.016592863364940782,0.016190774839039457,0.18299090309463303,0.18268642214220357,2.5,-2.75,0.11615004355458547,0.1133354238732762,-0.09145672720833502,0.08924049123880017,
1791390697.531578,balance,0.0030064962018109312,-0.0003842459294009644,0.0028133170817457457,0.044378763533795204,-0.000333740813259889,-0.00014056169319470326,0.17422707512717414,0.010737096946658814,0.0,-0.008329452547098857,False,0.0,0.0,0.013451896893278078,0.011562053842790167,0.18299090309463303,0.18268642214220357,2.5100000000000002,-2.77,0.09416327825294654,0.08093437689953117,-0.07414431358499728,0.0637278558264025,
1791390697.5416198,balance,0.0032348247782424937,-0.0006846166305449363,0.003037083189690042,0.009048789732644428,-0.000333740813259889,-0.0001359992247074373,0.17422707512717414,0.007868747338792973,0.0,-0.008249400803703844,False,0.0,0.0,0.009606572465515337,0.0067775300397944094,0.18299090309463303,0.18268642214220357,2.5100000000000002,-2.75,0.06724600725860735,0.04744271027856087,-0.05294961201465146,0.0373564647862684,
1791390697.5515976,balance,0.003446888894053967,-0.0007150274669759144,0.0032396208122211865,0.029382284834167164,-0.000333740813259889,-0.0001264727314271085,0.17422707512717414,0.009409629059605941,0.0,-0.008158584591606727,False,0.0,0.0,0.00941360219578076,0.0067775150154316165,0.18299090309463303,0.18268642214220357,2.52,-2.7600000000000002,0.06589521537046532,0.04744260510802131,-0.0518859963546971,0.037356381974819934,
1791390697.5616336,balance,0.0037329200378126625,-0.0006527585153641108,0.003520363478045912,0.024130590227150514,-0.000333740813259889,-0.00012118425349313868,0.17422707512717414,0.014030591085497474,0.0,-0.008025602162377412,False,0.0,0.0,0.010712579361762054,0.007556634253034704,0.18299090309463303,0.18268642214220357,2.5100000000000002,-2.74,0.07498805553233438,0.05289643977124293,-0.05904571301758613,0.04165073997735663,
1791390697.5715866,balance,0.003779929705632084,-0.0007552382517184738,0.0035620139007776354,-0.005176885838750176,-0.000333740813259889,-0.0001158250084054402,0.17422707512717414,0.009620131780725849,0.0,-0.007914132494790194,False,0.0,0.0,0.00891452675167808,0.005092453555999647,0.18299090309463303,0.18268642214220357,2.52,-2.74,0.06240168726174656,0.03564717489199753,-0.04913518682027288,0.028068641647242147,
1791390697.5816357,balance,0.003765851047835195,-0.0008169342810007197,0.0035479352429807465,0.015058088341588857,-0.000333740813259889,-0.0001158250084054402,0.17422707512717414,0.004011591518155047,0.0,-0.007863510724062722,False,0.0,0.0,0.00817927189555292,0.003659990121456607,0.18299090309463303,0.18268642214220357,2.5,-2.75,0.05725490326887044,0.02561993085019625,-0.045082600999110586,0.020173173897792322,
1791390697.5916193,balance,0.004064996839657764,-0.0006950816530058395,0.0038358561662587675,0.03842946139155023,-0.000333740813259889,-0.0001046001398608926,0.17422707512717414,0.004348270303268616,0.0,-0.007825170128631435,False,0.0,0.0,0.009622873640042063,0.005836146367401595,0.18299090309463303,0.18268642214220357,2.5100000000000002,-2.74,0.06736011548029444,0.04085302457181116,-0.05303946100810586,0.032167735883315875,
1791390697.6016164,balance,0.004643933543151783,-0.0005083697448766641,0.004402147013392765,0.07486693612360464,-0.000333740813259889,-9.195428350087018e-05,0.17422707512717414,0.004983595723428567,0.0,-0.0077802253147998485,False,0.0,0.0,0.012632210536009866,0.009748955098795734,0.18299090309463303,0.18268642214220357,2.5100000000000002,-2.72,0.08842547375206906,0.06824268569157013,-0.06962635728509375,0.05373439818233869,
1791390697.6115806,balance,0.005559047261425537,-0.00048801598180763645,0.005302186820818752,0.09889978350855085,-0.000333740813259889,-7.688037265310437e-05,0.17422707512717414,0.005503004501466534,0.0,-0.007727184945226892,False,0.0,0.0,0.015892666887251557,0.014562094960311979,0.18299090309463303,0.18268642214220357,2.5100000000000002,-2.74,0.1112486682107609,0.10193466472218385,-0.08759737654390622,0.08026351552927861,
1791390697.6215923,balance,0.006504095946193964,-0.000407757751427558,0.00622935516846222,0.09311672122227106,-0.000333740813259889,-5.9000035528144856e-05,0.17422707512717414,0.006760452683975237,0.0,-0.007664180904809018,False,0.0,0.0,0.017179501409755583,0.017285587179851906,0.18299090309463303,0.18268642214220357,2.5100000000000002,-2.73,0.12025650986828909,0.12099911025896334,-0.09469016525062134,0.09527488996768767,
1791390697.6315718,balance,0.007344425930536064,-0.0001797209588351552,0.007049209594140212,0.06755625573361325,-0.000333740813259889,-3.852447686403705e-05,0.17422707512717414,0.005035960068627953,0.0,-0.007610099915513964,False,0.0,0.0,0.016650765473825546,0.01719223921411145,0.18299090309463303,0.18268642214220357,2.54,-2.74,0.11655535831677882,0.12034567449878014,-0.09177587269037703,0.09476037362108672,
1791390697.6416054,balance,0.007996252875586354,2.7914491613220064e-06,0.00767851522147065,0.06388318303403413,-0.000333740813259889,-1.6003159144185493e-05,0.17422707512717414,0.006139328535587149,0.0,-0.00754689109046623,False,0.0,0.0,0.016073441827411137,0.017635108247802383,0.18299090309463303,0.18268642214220357,2.5100000000000002,-2.74,0.11251409279187796,0.12344575773461668,-0.0885937738518724,0.09720138404300525,
1791390697.6516075,balance,0.008466635308728796,0.0001325611685623421,0.00812485663892097,0.033840477925588607,-0.000333740813259889,8.037856547936941e-06,0.17422707512717414,0.005386599521177092,0.0,-0.007487455690729304,False,0.0,0.0,0.01420176209582054,0.01655479801730273,0.18299090309463303,0.18268642214220357,2.52,-2.73,0.09941233467074378,0.11588358612111913,-0.0782774288746014,0.09124691820560561,
1791390697.6615932,balance,0.008762507846532246,0.00018885396600096864,0.008395730285922717,0.025601535358819212,-0.000333740813259889,3.3036747349640744e-05,0.17422707512717414,0.004000231783234814,0.0,-0.007445902007510035,False,0.0,0.0,0.012966699346990828,0.015156265983104922,0.18299090309463303,0.18268642214220357,2.52,-2.73,0.0907668954289358,0.10609386188173446,-0.07146999640073685,0.08353847392262556,
1791390697.6716194,balance,0.009058838242935376,0.00036451458211980876,0.008666269454418422,0.025151697089837614,-0.000333740813259889,5.882797525706457e-05,0.17422707512717414,0.0031152339366714125,0.0,-0.0074103568129085355,False,0.0,0.0,0.012946897179220809,0.014511492355293972,0.18299090309463303,0.18268642214220357,2.5300000000000002,-2.73,0.09062828025454567,0.1015804464870578,-0.07136085059413044,0.07998460353311637,
1791390697.6816032,balance,0.009332105670173967,0.0005155639815585738,0.008912995137216953,0.027118339907758963,-0.000333740813259889,8.536971969712486e-05,0.17422707512717414,0.003085721171158167,0.0,-0.00738172481355933,False,0.0,0.0,0.01335625523277866,0.014215177437252606,0.18299090309463303,0.18268642214220357,2.52,-2.74,0.09349378662945063,0.09950624206076825,-0.07361715482633907,0.07835137170139232,
1791390697.6916804,balance,0.009667742154269122,0.0005584826880235023,0.009221206212965667,0.03494179903121668,-0.000333740813259889,0.0001127951280435661,0.17422707512717414,0.0017702765809304848,0.0,-0.007360852310700437,False,0.0,0.0,0.01438519205539774,0.014614725696767,0.18299090309463303,0.18268642214220357,2.5100000000000002,-2.73,0.10069634438778419,0.102303079877369,-0.07928846014786156,0.08055360620265276,
1791390697.7016551,balance,0.010059259426801043,0.0005655025759428344,0.009584283971342426,0.04659837334461954,-0.000333740813259889,0.000141234642198728,0.17422707512717414,0.0027885771595251617,0.0,-0.007333840049207339,False,0.0,0.0,0.015860188266346605,0.015739119668547182,0.18299090309463303,0.18268642214220357,2.5100000000000002,-2.73,0.11102131786442623,0.11017383767983027,-0.08741836052317026,0.08675105329120494,
1791390697.711645,balance,0.01050823739669534,0.0006302825542728171,0.010018212048324867,0.0415435384490146,-0.000333740813259889,0.00015628453511058307,0.17422707512717414,0.00511575727617933,0.0,-0.007283655690262955,False,0.0,0.0,0.017091742510487097,0.016581050639120003,0.18299090309463303,0.18268642214220357,2.49,-2.73,0.11964219757340969,0.11606735447384002,-0.09420645478221235,0.09139161769593702,
1791390697.7215807,balance,0.010974161572282353,0.0006663992512683445,0.010468843896264936,0.04954935751621486,-0.000333740813259889,0.00017157686275752818,0.17422707512717414,0.008943119107398744,0.0,-0.007208727978627515,False,0.0,0.0,0.018861652512717327,0.01817036674183425,0.18299090309463303,0.18268642214220357,2.52,-2.75,0.1320315675890213,0.12719256719283975,-0.10396186424332385,0.10015162771089745,
1791390697.7316785,balance,0.011341696319437194,0.0006341791642659681,0.010820390260665183,0.015578027974574797,-0.000333740813259889,0.00018756524551212116,0.17422707512717414,0.005702103375091599,0.0,-0.0071362554934704305,False,0.0,0.0,0.01777650223604499,0.017341024709306676,0.18299090309463303,0.18268642214220357,2.5100000000000002,-2.7,0.12443551565231492,0.12138717296514673,-0.09798072098607474,0.09558045115365885,
1791390697.7415793,balance,0.011481525541904304,0.0006298269383568911,0.010943779153907596,0.021702186837171147,-0.000333740813259889,0.0002040055747368196,0.17422707512717414,0.0044659813898451795,0.0,-0.007095621495240987,False,0.0,0.0,0.016255399503018717,0.016531140791865132,0.18299090309463303,0.18268642214220357,2.5100000000000002,-2.73,0.11378779652113102,0.11571798554305593,-0.08959669017411892,0.09111652404965033,
1791390697.751625,balance,0.011870200724532296,0.0006869718852957597,0.011315455655030783,0.04308093959215286,-0.000333740813259889,0.00022100425624162299,0.17422707512717414,0.0009072725773768222,0.0,-0.0070828684495758305,False,0.0,0.0,0.017189028068472147,0.017508794207495095,0.18299090309463303,0.18268642214220357,2.52,-2.75,0.12032319647930503,0.12256155945246566,-0.09474267439315356,0.09650516492320131,
1791390697.7616854,balance,0.012424742305521144,0.0006565091950289709,0.011852192240165602,0.06496072136613618,-0.000333740813259889,0.00023880925209565244,0.17422707512717414,0.0026592235303342197,0.0,-0.00705534396721427,False,0.0,0.0,0.0196785331267863,0.01996783581287263,0.18299090309463303,0.18268642214220357,2.5100000000000002,-2.72,0.1377497318875041,0.13977485069010842,-0.10846435581693237,0.11005893755126647,
1791390697.7716231,balance,0.01315051345004069,0.000624508311762696,0.012540919271946727,0.07240634271493998,-0.000333740813259889,0.0002758533648340733,0.17422707512717414,0.0034350294944606743,0.0,-0.007024639155638582,False,0.0,0.0,0.022129927478619887,0.022425169287498797,0.18299090309463303,0.18268642214220357,2.5,-2.75,0.1549094923503392,0.15697618501249158,-0.12197597822861356,0.12360329528542643,
1791390697.7815747,balance,0.013722847520691066,0.0005770437580163241,0.013074410100398752,0.044701563120076844,-0.000333740813259889,0.00031469660703242573,0.17422707512717414,0.004285596235802227,0.0,-0.006986589339920583,False,0.0,0.0,0.021839980660185634,0.021855391542482623,0.18299090309463303,0.18268642214220357,2.5,-2.73,0.15287986462129943,0.15298774079737837,-0.12037784615850348,0.12046278802943179,
1791390697.7916212,balance,0.014158023490424079,0.00056346136145486,0.013469465726589844,0.041683799442965914,-0.000333740813259889,0.00035481695057434546,0.17422707512717414,0.004616417572270619,0.0,-0.006940445188475551,False,0.0,0.0,0.021755188291324144,0.021938483850543287,0.18299090309463303,0.18268642214220357,2.5,-2.71,0.152286318039269,0.153569386953803,-0.11991048664509371,0.12092077712897875,
1791390697.8016627,balance,0.014643253624154449,0.0005663589968638075,0.013913338760999554,0.05441708994510569,-0.000333740813259889,0.0003961740498950065,0.17422707512717414,0.005047474817467067,0.0,-0.006890839916449111,False,0.0,0.0,0.022601442078287126,0.02277130001486563,0.18299090309463303,0.18268642214220357,2.5,-2.72,0.15821009454800988,0.15939910010405942,-0.12457487759685817,0.12551110244414126,
1791390697.811616,balance,0.015359028670327493,0.0005049847559121527,0.014585968017308997,0.08384088977182326,-0.000333740813259889,0.00043931983975860724,0.17422707512717414,0.006100831162357517,0.0,-0.00683318921797222,False,0.0,0.0,0.02573593985174464,0.025829793407175814,0.18299090309463303,0.18268642214220357,2.5,-2.72,0.18015157896221248,0.1808085538502307,-0.14185163697812006,0.14236894003955172,
1791390697.8216279,balance,0.01627782823822299,0.000488207216750897,0.015459119324285975,0.09059226116015685,-0.000333740813259889,0.00048496810067712653,0.17422707512717414,0.005744932563669665,0.0,-0.006776209850270074,False,0.0,0.0,0.028171001049279082,0.028315575010320462,0.18299090309463303,0.18268642214220357,2.5100000000000002,-2.71,0.19719700734495357,0.19820902507224325,-0.1552732341298847,0.1560700984820813,
1791390697.831568,balance,0.017256160953676533,0.0005081313167644593,0.016389061065855345,0.0917176023545818,-0.000333740813259889,0.0005333590745612981,0.17422707512717414,0.006261176301760299,0.0,-0.006713891631027567,False,0.0,0.0,0.030114283383008228,0.0301814231757617,0.18299090309463303,0.18268642214220357,2.5,-2.71,0.2107999836810576,0.2112699622303319,-0.165984239118943,0.16635430096876527,
1791390697.841604,balance,0.017778819474403323,0.00026899660110051276,0.01686127752141096,0.09011027304854595,-0.000333740813259889,0.0005838011397324724,0.17422707512717414,0.006960398295148693,0.0,-0.006650654544736248,False,0.0,0.0,0.030826789309158505,0.030931826322516776,0.18299090309463303,0.18268642214220357,2.5,-2.71,0.21578752516410954,0.21652278425761742,-0.1699114371370941,0.17049038130521058,
1791390697.8515713,balance,0.018340699783811944,0.00032597035695816905,0.01739784989616355,0.08835641822055668,-0.000333740813259889,0.0006091090743885046,0.17422707512717414,0.009528512282000651,0.0,-0.006571282117371848,False,0.0,0.0,0.03181325618936712,0.031729562758222835,0.18299090309463303,0.18268642214220357,2.5100000000000002,-2.71,0.22269279332556982,0.22210693930755984,-0.175348656161866,0.17488735378548018,
1791390697.8615704,balance,0.01917367885533757,0.000312251856654269,0.018230828967689176,0.07410165403162462,-0.000333740813259889,0.0006091090743885046,0.17422707512717414,0.014696015594276017,0.0,-0.00643768963662438,False,0.0,0.0,0.03331981417644086,0.03256306402683634,0.18299090309463303,0.18268642214220357,2.5,-2.72,0.233238699235086,0.2279414481878544,-0.18365251908274488,0.17948145526602707,
1791390697.8716362,balance,0.01973833627533251,0.0003466253504061394,0.018795486387684114,0.03739217100983271,-0.000333740813259889,0.0006091090743885046,0.17422707512717414,0.02188665084382967,0.0,-0.006236261163138127,False,0.0,0.0,0.03399233354769388,0.031340923506715246,0.18299090309463303,0.18268642214220357,2.5300000000000002,-2.71,0.2379463348338572,0.21938646454700672,-0.1873593187668167,0.17274524767480845,
1791390697.8816402,balance,0.02001538797741157,0.0003372199928620642,0.019044143744286108,0.009632314405243363,-0.000333740813259889,0.0006375034198655743,0.17422707512717414,0.0261586796923566,0.0,-0.005989475321727349,False,0.0,0.0,0.034311408045536985,0.028796941106395624,0.18299090309463303,0.18268642214220357,2.5300000000000002,-2.74,0.2401798563187589,0.20157858774476936,-0.18911799710138497,0.15872329743682626,
1791390697.8915987,balance,0.01989107414649976,0.0003264753997733636,0.018919829913374295,-0.016915210927659317,-0.000333740813259889,0.0006375034198655743,0.17422707512717414,0.035333889675397884,0.0,-0.005662122232417929,False,0.0,0.0,0.03477661184854601,0.025843175516527865,0.18299090309463303,0.18268642214220357,2.49,-2.74,0.24343628293982206,0.18090222861569505,-0.19168211255104098,0.14244269969739767,
1791390697.9016259,balance,0.019754398131215465,0.0003798136528748735,0.018783153898090002,-0.017552072589269635,-0.000333740813259889,0.0006375034198655743,0.17422707512717414,0.04352806663244633,0.0,-0.005243746302313644,False,0.0,0.0,0.03650427506567866,0.02626719670417319,0.18299090309463303,0.18268642214220357,2.49,-2.74,0.2555299254597506,0.18387037692921235,-0.20120466571633908,0.1447798243537105,
1791390697.9115787,balance,0.019507561079138026,0.0005000438190344295,0.018536316846012563,-0.03282679509119614,-0.000333740813259889,0.0006375034198655743,0.17422707512717414,0.05432874700548717,0.0,-0.004733314393884543,False,0.0,0.0,0.03520919129326287,0.028898257467360328,0.18299090309463303,0.18268642214220357,2.49,-2.73,0.2464643390528401,0.2022878022715223,-0.1940664087030237,0.1592817340720648,
1791390697.9216835,balance,0.018829448352520935,0.0006629744890102072,0.01785820411939547,-0.1082005935268139,-0.000333740813259889,0.0006375034198655743,0.17422707512717414,0.06600411543462872,0.0,-0.0040971131159646835,False,0.0,0.0,0.029444779119248417,0.029381825576127476,0.18299090309463303,0.18268642214220357,2.52,-2.72,0.20611345383473892,0.20567277903289233,-0.1622940581375897,0.16194707010463963,
1791390697.9315853,balance,0.017163573696760078,0.0007193466945039585,0.016192329463634615,-0.20783672278750207,-0.000333740813259889,0.0006375034198655743,0.17422707512717414,0.06851065645609315,0.0,-0.0034126701635607956,False,0.0,0.0,0.018656022187208555,0.02281264424671851,0.18299090309463303,0.18268642214220357,2.5100000000000002,-2.73,0.1305921553104599,0.15968850972702958,-0.10282846874839362,0.12573898403703115,
1791390697.941639,balance,0.015085486887514266,0.000921007381288575,0.014114242654388803,-0.18262652295718163,-0.000333740813259889,0.0006375034198655743,0.17422707512717414,0.06705884135142877,0.0,-0.0027436339639840173,False,0.0,0.0,0.013519174539288603,0.018182275906184993,0.18299090309463303,0.18268642214220357,2.5,-2.71,0.09463422177502022,0.12727593134329496,-0.07451513525592143,0.100217268774248,
1791390697.9516397,balance,0.01367215285344362,0.001229652019361734,0.012700908620318157,-0.10471875892386551,-0.000333740813259889,0.0006375034198655743,0.17422707512717414,0.06836379128850484,0.0,-0.002058478446891056,False,0.0,0.0,0.01779695869728941,0.019898875299844666,0.18299090309463303,0.18268642214220357,2.5,-2.71,0.12457871088102586,0.13929212709891267,-0.09809347313466603,0.10967884023536431,
1791390697.9615917,balance,0.01310090474634607,0.0013633091457931493,0.012129660513220607,-0.014359300265477014,-0.000333740813259889,0.0006375034198655743,0.17422707512717414,0.07262696340889556,0.0,-0.0013498259340336718,False,0.0,0.0,0.025915213997132622,0.02620706236721549,0.18299090309463303,0.18268642214220357,2.5,-2.71,0.18140649797992836,0.18344943657050844,-0.14283976218891997,0.14444837525236884,
1791390697.9716566,balance,0.013115343654421243,0.0014776362232055173,0.01214409942129578,0.002064702129105184,-0.000333740813259889,0.0006375034198655743,0.17422707512717414,0.08119978665581461,0.0,-0.0005524716984609644,False,0.0,0.0,0.032480007308920165,0.03229085907229195,0.18299090309463303,0.18268642214220357,2.5,-2.71,0.22736005116244115,0.22603601350604363,-0.1790236623326308,0.17798111299688474,
1791390697.9816139,balance,0.012420323157900821,0.0015496918999107327,0.011449078924775358,-0.13180337443568108,-0.000333740813259889,0.0006375034198655743,0.17422707512717414,0.073158462837786,0.0,0.00021443070391243026,False,0.0,0.0,0.023871398170056547,0.026652056744825493,0.18299090309463303,0.18268642214220357,2.5,-2.72,0.16709978719039584,0.18656439721377846,-0.13157463558298885,0.1469011001683295,
1791390697.9916198,balance,0.010982872952852558,0.0018588268143366379,0.010011628719727095,-0.13499723407566513,-0.000333740813259889,0.0006375034198655743,0.17422707512717414,0.07538286787659144,0.0,0.0009544639464470081,False,0.0,0.0,0.014943725321667338,0.023315586686022863,0.18299090309463303,0.18268642214220357,2.5,-2.72,0.10460607725167137,0.16320910680216005,-0.08236698996194596,0.12851110771823626,
1791390698.0016742,balance,0.009728698901751187,0.0022191957311662137,0.008757454668625724,-0.1288274127027401,-0.000333740813259889,0.0006375034198655743,0.17422707512717414,0.07947813575286239,0.0,0.001746182859202721,False,0.0,0.0,0.011839704150815847,0.0240414124112111,0.18299090309463303,0.18268642214220357,2.54,-2.71,0.08287792905571092,0.1682898868784777,-0.06525821185489049,0.13251172195155725,
1791390698.0115952,balance,0.008421153630433784,0.0023319068068104417,0.007449909397308321,-0.1225115546164891,-0.000333740813259889,0.0006375034198655743,0.17422707512717414,0.08173898166405641,0.0,0.002558188197649644,False,0.0,0.0,0.010548865817419009,0.02336217848339178,0.18299090309463303,0.18268642214220357,2.5100000000000002,-2.72,0.07384206072193306,0.16353524938374245,-0.05814335489915989,0.1287679129005846,
1791390698.0216897,balance,0.007152676994596688,0.002490296277403646,0.006181432761471225,-0.12149998283456621,-0.000333740813259889,0.0006375034198655743,0.17422707512717414,0.07777157429723848,0.0,0.0033468566466804805,False,0.0,0.0,0.010116440128859223,0.020226344769164163,0.18299090309463303,0.18268642214220357,2.5,-2.71,0.07081508090201456,0.14158441338414915,-0.05575990622205871,0.11148379006625918,
1791390698.031615,balance,0.006323783370748156,0.002698996674391502,0.005352539137622693,-0.03869200085035271,-0.000333740813259889,0.0006375034198655743,0.17422707512717414,0.08176974283102044,0.0,0.0041475805973442,False,0.0,0.0,0.015635868270247703,0.022446078711290483,0.18299090309463303,0.18268642214220357,2.5,-2.73,0.10945107789173392,0.15712255097903338,-0.08618195109585347,0.12371854407797904,
1791390698.0415952,balance,0.006068742584044133,0.0029595613123658345,0.00509749835091867,-0.007092927637706523,-0.000333740813259889,0.0006375034198655743,0.17422707512717414,0.08597487588967954,0.0,0.00500223679772603,False,0.0,0.0,0.021623794177975192,0.026724040917244903,0.18299090309463303,0.18268642214220357,2.49,-2.72,0.15136655924582634,0.18706828642071432,-0.1191862671226979,0.14729786332339712,
1791390698.0515935,balance,0.005975599506358874,0.0029884559423990573,0.005004355273233411,-0.016675170311174964,-0.000333740813259889,0.0006375034198655743,0.17422707512717414,0.0882514806623944,0.0,0.0058781580284823845,False,0.0,0.0,0.023761597427451504,0.02829336295420476,0.18299090309463303,0.18268642214220357,2.5,-2.73,0.16633118199216052,0.19805354067943332,-0.13096943463949648,0.15594766982632544,
1791390698.0615876,balance,0.005366860639011864,0.00307109492725847,0.004395616405886401,-0.09526861857139253,-0.000333740813259889,0.0006375034198655743,0.17422707512717414,0.0842241353936451,0.0,0.006731038422191759,False,0.0,0.0,0.017717625640409147,0.023926503013967027,0.18299090309463303,0.18268642214220357,2.5,-2.72,0.12402337948286403,0.16748552109776918,-0.09765620431721576,0.13187836306910958,
1791390698.0716214,balance,0.004266598737735941,0.0033717319654915285,0.0032953545046104774,-0.101009867405178,-0.000333740813259889,0.0006375034198655743,0.17422707512717414,0.08016111208943622,0.0,0.007544103255783868,False,0.0,0.0,0.011701960876152474,0.019886550296837068,0.18299090309463303,0.18268642214220357,2.52,-2.68,0.08191372613306733,0.1392058520778595,-0.06449899695517113,0.10961090714792085,
1791390698.0815966,balance,0.0035569964899189064,0.0036284365704980803,0.002585752256793443,-0.034257582717209606,-0.000333740813259889,0.0006375034198655743,0.17422707512717414,0.08726928037289088,0.0,0.00838983976263128,False,0.0,0.0,0.014832585970310617,0.02235466090171837,0.18299090309463303,0.18268642214220357,2.5300000000000002,-2.72,0.10382810179217432,0.15648262631202858,-0.08175441085997978,0.12321466638742408,
1791390698.0916455,balance,0.0030945823781140156,0.003617904202062551,0.002123338144988552,-0.05017654391671987,-0.000333740813259889,0.0006375034198655743,0.17422707512717414,0.09044774695882278,0.0,0.009288533475748614,False,0.0,0.0,0.01692909689225848,0.022988099416694687,0.18299090309463303,0.18268642214220357,2.5100000000000002,-2.71,0.11850367824580936,0.1609166959168628,-0.09330998287071603,0.12670605977705732,
1791390698.1015952,balance,0.002609457479786681,0.00374409391276999,0.0016382132466612174,-0.03584612217317783,-0.000333740813259889,0.0006375034198655743,0.17422707512717414,0.08920894043326402,0.0,0.010184582519517591,False,0.0,0.0,0.018464517987714923,0.02256065229618739,0.18299090309463303,0.18268642214220357,2.49,-2.72,0.12925162591400446,0.15792456607331173,-0.1017729337905547,0.12435005202622972,
1791390698.1116314,balance,0.0022106983962736472,0.004002154430547762,0.0012394541631481838,-0.042061530702375775,-0.000333740813259889,0.0006375034198655743,0.17422707512717414,0.08872656199547252,0.0,0.01107193476449045,False,0.0,0.0,0.01865905501635557,0.02176545925577421,0.18299090309463303,0.18268642214220357,2.5100000000000002,-2.7,0.130613385114489,0.15235821479041947,-0.1028451851295189,0.11996709826017281,
1791390698.121717,balance,0.0017368598975464012,0.004162856482175685,0.000765615664420938,-0.051920359065044004,-0.000333740813259889,0.0006375034198655743,0.17422707512717414,0.08758312002134591,0.0,0.011952694543774307,False,0.0,0.0,0.01688525815294854,0.021161790717469695,0.18299090309463303,0.18268642214220357,2.5100000000000002,-2.72,0.11819680707063977,0.14813253502228785,-0.0930683520241258,0.11663979135613216,
1791390698.1315672,balance,0.0012352987976491218,0.004122294337761069,0.0002640545645236585,-0.052453970767411914,-0.000333740813259889,0.0006375034198655743,0.17422707512717414,0.08381476954132037,0.0,0.012800873232741008,False,0.0,0.0,0.014467405084663952,0.02069413885666467,0.18299090309463303,0.18268642214220357,2.5,-2.72,0.10127183559264766,0.1448589719966527,-0.07974160282885642,0.1140621826745297,
1791390698.1415775,balance,0.0009973929407021056,0.004140567873751464,2.614870757664228e-05,0.00036237541901582644,-0.000333740813259889,0.0006375034198655743,0.17422707512717414,0.08601147163825046,0.0,0.013653552229859037,False,0.0,0.0,0.01686057895885063,0.02340705607928579,0.18299090309463303,0.18268642214220357,2.5300000000000002,-2.7,0.1180240527119544,0.16384939255500053,-0.09293232497004283,0.12901526972834687,
1791390698.1515658,balance,0.0010410260092777294,0.004441309001217447,6.978177615226614e-05,-0.00794562871189871,-0.000333740813259889,0.0006375034198655743,0.17422707512717414,0.08802222838963102,0.0,0.014534463442694639,False,0.0,0.0,0.020156386006376033,0.02383829559331218,0.18299090309463303,0.18268642214220357,2.5100000000000002,-2.72,0.14109470204463223,0.16686806915318525,-0.11109819058632459,0.13139218043557893,
1791390698.1616096,balance,0.00084240897774144,0.004547964483252165,-0.00012883525538402328,-0.02910473352475486,-0.000333740813259889,0.0006375034198655743,0.17422707512717414,0.08688171325177428,0.0,0.015405229089108305,False,0.0,0.0,0.02010565386040725,0.021058389976922845,0.18299090309463303,0.18268642214220357,2.52,-2.7,0.14073957702285075,0.14740872983845993,-0.11081856458492186,0.11606986601453538,
1791390698.1716301,balance,0.0004253961191523105,0.004631574573091013,-0.0005458481139731528,-0.0442835901728146,-0.000333740813259889,0.0006375034198655743,0.17422707512717414,0.08383512901771238,0.0,0.01624817676002697,False,0.0,0.0,0.018401674534647156,0.01758860800556798,0.18299090309463303,0.18268642214220357,2.5,-2.71,0.12881172174253008,0.12312025603897585,-0.10142655255317329,0.09694508349525657,
1791390698.1815805,balance,0.00019724358856102484,0.004705915290179316,-0.0007740006445644384,-0.0069334532784941835,-0.000333740813259889,0.0006375034198655743,0.17422707512717414,0.08899584316811401,0.0,0.017123454460653265,False,0.0,0.0,0.020288825459007176,0.019647379541175274,0.18299090309463303,0.18268642214220357,2.5,-2.7,0.14202177821305023,0.13753165678822693,-0.1118281718212994,0.10829264314033617,
1791390698.1916811,balance,1.0430599497276476e-05,0.004886200728554288,-0.0009608136336281868,-0.02909622224199502,-0.000333740813259889,0.0006375034198655743,0.17422707512717414,0.08794112557032169,0.0,0.018015601665651387,False,0.0,0.0,0.019238038887956513,0.02057921648973288,0.18299090309463303,0.18268642214220357,2.5,-2.71,0.1346662722156956,0.14405451542813016,-0.10603643481550835,0.1134287523056143,
1791390698.20177,balance,-0.00021882526678469865,0.004952179314176041,-0.001190069499910162,-0.005487797714057974,-0.000333740813259889,0.0006375034198655743,0.17422707512717414,0.08678612605009768,0.0,0.018884076872431786,False,0.0,0.0,0.018882471820513336,0.02131691787710627,0.18299090309463303,0.18268642214220357,2.49,-2.73,0.13217730274359335,0.1492184251397439,-0.10407661633353807,0.11749482294468024,
1791390698.2116213,balance,-0.0002007669680609126,0.004881365540889202,-0.0011720112011863759,0.0062263992292117196,-0.000333740813259889,0.0006375034198655743,0.17422707512717414,0.08868919304655098,0.0,0.01976285539414832,False,0.0,0.0,0.021037017558356443,0.02241859196008294,0.18299090309463303,0.18268642214220357,2.5,-2.71,0.1472591229084951,0.15693014372058056,-0.11595206528227961,0.12356704229966974,
1791390698.2216868,balance,-0.00019252698950588,0.004883818977712336,-0.0011637712226313431,-0.009558660351317597,-0.000333740813259889,0.0006375034198655743,0.17422707512717414,0.09304660375360019,0.0,0.020697181889909235,False,0.0,0.0,0.022999275702109197,0.02187582045366023,0.18299090309463303,0.18268642214220357,2.5,-2.74,0.16099492991476438,0.15313074317562161,-0.12676766135020817,0.12057538832726111,
1791390698.2315772,balance,-0.0004703064791761161,0.004894089705582029,-0.0014415507123015795,-0.03828951061257696,-0.000333740813259889,0.0006375034198655743,0.17422707512717414,0.09192029060081879,0.0,0.021621247319034864,False,0.0,0.0,0.0208555885963654,0.019601871067077486,0.18299090309463303,0.18268642214220357,2.5100000000000002,-2.71,0.14598912017455778,0.1372130974695424,-0.11495206312957305,0.10804180903113575,
1791390698.2416592,balance,-0.0007839901378461073,0.004963421256649572,-0.0017552343709715708,-0.02007565362234105,-0.000333740813259889,0.0006375034198655743,0.17422707512717414,0.09695097759991467,0.0,0.022568479453295123,False,0.0,0.0,0.020127979535407913,0.020889115157035187,0.18299090309463303,0.18268642214220357,2.48,-2.72,0.1408958567478554,0.14622380609924632,-0.11094161948650032,0.11513685519625694,
1791390698.251577,balance,-0.0008300239488311762,0.004609665174487763,-0.0018012681819566394,-0.018330165935079266,-0.000333740813259889,0.0006375034198655743,0.17422707512717414,0.09658471681089847,0.0,0.023543697479962693,False,0.0,0.0,0.020678552798648123,0.023255525729043536,0.18299090309463303,0.18268642214220357,2.5,-2.75,0.14474986959053687,0.16278868010330474,-0.11397627526813926,0.1281800630734683,
1791390698.2615898,balance,-0.0008998299863637866,0.004175461560553825,-0.00187107421948925,0.0033071719459178382,-0.000333740813259889,0.0006375034198655743,0.17422707512717414,0.09521279845379671,0.0,0.02449445017022274,False,0.0,0.0,0.02101781843747091,0.02454807595125384,0.18299090309463303,0.18268642214220357,2.5,-2.71,0.14712472906229637,0.17183653165877688,-0.11584624335613887,0.13530435563683219,
1791390698.271713,balance,-0.0007164496137356414,0.004229998186312562,-0.0016876938468611048,0.043563596890343434,-0.000333740813259889,0.0006375034198655743,0.17422707512717414,0.09718151293882205,0.0,0.025448179825765836,False,0.0,0.0,0.024749622743000164,0.02683855979390798,0.18299090309463303,0.18268642214220357,2.5,-2.72,0.17324735920100115,0.18786991855735585,-0.13641524346535525,0.14792906973020145,
1791390698.2815948,balance,-0.00010675989245409,0.004080913282194545,-0.0010780041255795533,0.06209878461062742,-0.000333740813259889,0.0006375034198655743,0.17422707512717414,0.10597077384030892,0.0,0.02649624271183841,False,0.0,0.0,0.03149536488514026,0.030658282002067116,0.18299090309463303,0.18268642214220357,2.49,-2.74,0.2204675541959818,0.21460797401446982,-0.1735964993669148,0.16898265670430695,
1791390698.2915807,balance,0.00017319009630456842,0.003513543192298723,-0.0008096841636951428,0.019930624303216057,-0.00034537084013413696,0.0006375034198655743,0.17415022430863203,0.1103788211763602,0.0,0.02758359427206534,False,0.0,0.0,0.031919246212249654,0.02950485865538939,0.18299090309463303,0.1824833928624771,2.48,-2.79,0.22343472348574758,0.20653401058772575,-0.17593285313838392,0.16262520518718562,
1791390698.3016617,balance,0.0005161898555944303,0.002848326124022511,-0.00046668440440528094,0.05202088231842119,-0.00034537084013413696,0.0006375034198655743,0.17415022430863203,0.12085196966265539,0.0,0.028757976476122552,False,0.0,0.0,0.03520475074776981,0.033361876912140584,0.18299090309463303,0.1824833928624771,2.5,-2.91,0.2464332552343887,0.23353313838498407,-0.19404193325542415,0.18388436093305832,
1791390698.3116167,balance,0.0012420975965915394,0.002328933247095456,0.0002475830407496195,0.08532504851422452,-0.0003570111359763456,0.0006375034198655743,0.1740733735136659,0.13017068513473612,0.0,0.030037176265636605,False,0.0,0.0,0.04035512525279449,0.039953856718937156,0.18299090309463303,0.18228032526567667,2.49,-2.92,0.28248587676956144,0.2796769970325601,-0.22242982422800114,0.22021810789965363,
1791390698.3217006,balance,0.0024623061193826067,0.0014982767143138776,0.0014677915635406867,0.15436541272609644,-0.0003570111359763456,0.0006375034198655743,0.1740733735136659,0.14569817938589455,0.0,0.03143920402550683,False,0.0,0.0,0.0502509401632954,0.049835838311965766,0.18299090309463303,0.18228032526567667,2.52,-3.06,0.3517565811430678,0.3488508681837604,-0.27697368593942345,0.27468572297933885,
1791390698.3316185,balance,0.003981759247796897,0.0004672201937278267,0.002975594113541162,0.15089010314598839,-0.0003686617143901609,0.0006375034198655743,0.17399652274230687,0.16288089707666376,0.0,0.03302071458805413,False,0.0,0.0,0.05925758444512241,0.05683039016123287,0.18299090309463303,0.18207724849767246,2.5,-3.2600000000000002,0.4148030911158569,0.3978127311286301,-0.3266166071778401,0.31323837096742524,
1791390698.3415945,balance,0.00536226189172529,-0.0006808416385828835,0.004344435882856482,0.12205907813551141,-0.000380322589003234,0.0006375034198655743,0.17391967199458636,0.18431614194004295,0.0,0.03480388522217858,False,0.0,0.0,0.06610387278593967,0.061420545685394075,0.18299090309463303,0.1818740249535716,2.5100000000000002,-3.33,0.4627271095015777,0.42994381979775853,-0.36435205472565174,0.3385384407856366,
1791390698.351587,balance,0.006273702318289968,-0.0016072212139271675,0.005243625254276638,0.03854649588031614,-0.0003925736441477562,0.0006375034198655743,0.1738427626387582,0.2134355333066302,0.0,0.03686198995603121,False,0.0,0.0,0.06951323574822381,0.06314610456953311,0.18299090309463303,0.18167080140947076,2.5100000000000002,-3.38,0.48659265023756665,0.44202273198673175,-0.38314381908469813,0.3480493952651431,
1791390698.3615808,balance,0.006102695526530466,-0.0028876510248794173,0.005072618462517136,-0.05366656071328337,-0.0003925736441477562,0.0006375034198655743,0.1738427626387582,0.24982158084318434,0.0,0.039269719582508786,False,0.0,0.0,0.06926991766722293,0.06242495006607044,0.18299090309463303,0.18167080140947076,2.52,-3.37,0.48488942367056054,0.43697465046249306,-0.381802695803591,0.3440745279232229,
1791390698.3716364,balance,0.004951862028577705,-0.004355467929182931,0.003921784964564375,-0.14751539732225008,-0.0003925736441477562,0.0006375034198655743,0.1738427626387582,0.28527672089131406,0.0,0.042037182279266956,False,0.0,0.0,0.06798811316431065,0.06057209590860746,0.18299090309463303,0.18167080140947076,2.5100000000000002,-3.4,0.4759167921501746,0.4240046713602522,-0.3747376316143107,0.3338619459529545,
1791390698.3816123,balance,0.003055522870677183,-0.005975841127108862,0.002012555492112563,-0.22826562029485298,-0.0004054639586990455,0.0006375034198655743,0.1737657897989075,0.3274377900309055,0.0,0.04520183863672913,False,0.0,0.0,0.06796460476255912,0.0596151644801615,0.18299090309463303,0.18146750672806256,2.49,-3.46,0.4757522333379139,0.4173061513611305,-0.3746080577463889,0.32858752075679565,
1791390698.391641,balance,0.0001863367400077333,-0.007672988255270755,-0.0008566306385568864,-0.30863282628909855,-0.0004054639586990455,0.0006375034198655743,0.1737657897989075,0.3711194131703507,0.0,0.0488082130901604,False,0.0,0.0,0.06774884378443265,0.0574998792064238,0.18299090309463303,0.18146750672806256,2.48,-3.48,0.47424190649102854,0.4024991544449666,-0.37341882400868387,0.31692846806690284,
1791390698.401694,balance,-0.003440413819306075,-0.009481412981176732,-0.004472926803533579,-0.4166011820429029,-0.00039500956436193044,0.0006375034198655743,0.17384260087712544,0.4079939755897371,0.0,0.05280673003074731,False,0.0,0.0,0.0656796119827728,0.053074247305979476,0.18319383237828066,0.18146750672806256,2.46,-3.52,0.4597572838794096,0.3715197311418563,-0.36201360935386584,0.2925352213715404,
1791390698.4116154,balance,-0.008082735958450413,-0.011090714190711086,-0.009128140348266697,-0.5024771080258897,-0.00040790096995070926,0.0006375034198655743,0.1737656280427336,0.4487829896595094,0.0,0.05718510899970866,False,0.0,0.0,0.06155578674792742,0.0477316118951331,0.18319383237828066,0.1812641580410549,2.33,-3.68,0.43089050723549194,0.3341212832659317,-0.3392838639649543,0.2630876246188439,
1791390698.421982,balance,-0.013008364082961832,-0.012613960131913557,-0.014043312991936783,-0.5056991720045545,-0.00039744548910937774,0.0006375034198655743,0.17384243911652422,0.49110172181507156,0.0,0.06200288264760812,False,0.0,0.0,0.062224565752380064,0.04886541282093687,0.18339669919636176,0.1812641580410549,2.32,-3.62,0.43557196026666045,0.3420578897465581,-0.34297004745406334,0.26933692106028195,
1791390698.431628,balance,-0.018347920797532807,-0.014685086087167898,-0.01938286970650776,-0.5201913673460228,-0.00039744548910937774,0.0006375034198655743,0.17384243911652422,0.5275521670281206,0.0,0.06719777905365547,False,0.0,0.0,0.06171241924479302,0.05046523374194848,0.18339669919636176,0.1812641580410549,2.18,-3.6,0.4319869347135511,0.35325663619363934,-0.3401471926878355,0.2781548316485349,
1791390698.4415827,balance,-0.023593494687039765,-0.016577755737296255,-0.02464133609264485,-0.5671497325753964,-0.00041033798573951105,0.0006375034198655743,0.17376546628759174,0.5677248850130665,0.0,0.0727661516218111,False,0.0,0.0,0.06224659516173483,0.05195937421908378,0.18339669919636176,0.18106080344386152,2.27,-3.73,0.4357261661321438,0.36371561953358644,-0.3430914693953888,0.28639025160124915,
1791390698.4515865,balance,-0.029713215600134728,-0.018132989064796764,-0.030763494026065763,-0.6247297259855149,-0.0004127750060654613,0.0006375034198655743,0.17376530453348185,0.6042541404721602,0.0,0.0787266844215533,False,0.0,0.0,0.05892204193847457,0.04861230806268682,0.1835995660144428,0.1808573791256606,2.07,-3.84,0.412454293569322,0.3402861564388078,-0.3247671602908047,0.26794185546362814,
1791390698.4615834,balance,-0.036555912340273014,-0.018505152458710934,-0.037609042975414,-0.7451996842696351,-0.00041562721527541036,0.0006375034198655743,0.1737651716615935,0.6348275076125733,0.0,0.08501399706662648,False,0.0,0.0,0.05146966137720187,0.04037145667491877,0.18380227246209999,0.1806539548074597,2.04,-3.98,0.36028762964041305,0.2826001967244314,-0.28369104696095515,0.22251983994049715,
1791390698.4716003,balance,-0.04458769538430284,-0.019121795037112806,-0.04564082601944383,-0.8365116612367496,-0.00041562721527541036,0.0006375034198655743,0.1737651716615935,0.6681654487358123,0.0,0.09159488426470914,False,0.0,0.0,0.03954539378532916,0.029266502848494382,0.18380227246209999,0.1806539548074597,1.94,-4.0200000000000005,0.2768177564973041,0.20486551993946067,-0.21796673739945205,0.16131143302319736,
1791390698.481575,balance,-0.05337538055117769,-0.020227640927143974,-0.054428511186318675,-0.9180706560364387,-0.00041562721527541036,0.0006375034198655743,0.1737651716615935,0.7002981230850179,0.0,0.0985295578438325,False,0.0,0.0,0.02815395578884535,0.01979588164795191,0.18380227246209999,0.1806539548074597,1.99,-3.97,0.19707769052191745,0.13857117153566337,-0.15517928387552554,0.10911115868949871,
1791390698.4916267,balance,-0.06302420238273147,-0.021172914577068155,-0.06406808902420953,-0.9882663682364908,-0.00040638322161248505,0.0006375034198655743,0.17384182048854435,0.7155666756661557,0.0,0.10566010232845938,False,0.0,0.0,0.013488062276471688,0.00726142690451444,0.1840049739935406,0.1806539548074597,1.97,-3.97,0.09441643593530182,0.050829988331601086,-0.07434365034275733,0.040023612859528414,
1791390698.5016274,balance,-0.07311454701847789,-0.021219607233851346,-0.07415843365995595,-1.0318624102320022,-0.00040638322161248505,0.0006375034198655743,0.17384182048854435,0.7304631709627064,0.0,0.11291178692316656,False,0.0,0.0,-0.0007574240928085405,-0.005571744649483956,0.1840049739935406,0.1806539548074597,1.82,-3.93,-0.005301968649659783,-0.03900221254638769,0.004174778464299042,-0.03071040357983283,
1791390698.5116112,balance,-0.08353144020919291,-0.021018947876782105,-0.08454917793099977,-1.047948040531268,-0.00038023430194128807,0.0006375034198655743,0.17399573404068966,0.7337126714510299,0.0,0.12026343867044711,False,0.0,0.0,-0.01318526470424116,-0.018782873090069745,0.1840049739935406,0.18106080344386152,1.85,-3.5300000000000002,-0.09229685292968812,-0.13148011163048823,0.07267468734621112,-0.10352764695314033,
1791390698.5217102,balance,-0.09381276251267387,-0.02140111606238441,-0.09480478734317759,-1.0106999285035985,-0.00035452141063814155,0.0006375034198655743,0.17414967986209973,0.719592561146087,0.0,0.1274992178301841,False,0.0,0.0,-0.025445623151540763,-0.031325953562151586,0.1840049739935406,0.18146750672806256,1.82,-3.2600000000000002,-0.17811936206078535,-0.2192816749350611,0.14025146618959478,-0.17266273616933944,
1791390698.5316448,balance,-0.1028899956880881,-0.020853079481717714,-0.10384780190759685,-0.7957550761136372,-0.00032030279964317607,0.0006375034198655743,0.17438021124503184,0.7117312259018558,0.0,0.1346099556597187,False,0.0,0.0,-0.027250332618505145,-0.03182771643794945,0.18420761995138657,0.1818740249535716,1.69,-3.08,-0.190752328329536,-0.22279401506564617,0.1501986837240441,-0.17542835831940642,
1791390698.5416143,balance,-0.11007604351335327,-0.020135070639685247,-0.11102224608069888,-0.6486985036939467,-0.0003086991474800446,0.0006375034198655743,0.17445706211430634,0.7006828076440499,0.0,0.14166083772822868,False,0.0,0.0,-0.022782446959031023,-0.02616346925937128,0.18420761995138657,0.18207724849767246,1.74,-3.0,-0.15947712871321715,-0.18314428481559897,0.12557254229387177,-0.1442080982799992,
1791390698.5516143,balance,-0.11578615126696318,-0.019956104425487484,-0.11674152227667514,-0.5083923816938736,-0.00031786758984638994,0.0006375034198655743,0.17438041313071778,0.6752882831078938,0.0,0.14848895360213565,False,0.0,0.0,-0.02039162373805438,-0.022504313356956757,0.1840049739935406,0.18207724849767246,1.8,-3.09,-0.14274136616638067,-0.1575301934986973,0.11239477650896115,-0.12403952243991913,
1791390698.5616515,balance,-0.12048583162433743,-0.019565318198030368,-0.1214412026340494,-0.4240675569390016,-0.00031786758984638994,0.0006375034198655743,0.17438041313071778,0.6418824279329487,0.0,0.15499733046068498,False,0.0,0.0,-0.02208354518611854,-0.02467772853473633,0.1840049739935406,0.18207724849767246,1.8900000000000001,-3.1,-0.15458481630282978,-0.17274409974315433,0.12172032779750376,-0.13601897617571207,
1791390698.5716321,balance,-0.12438513634941627,-0.018453077692879922,-0.12534050735912824,-0.3500572835396932,-0.00031786758984638994,0.0006375034198655743,0.17438041313071778,0.610620033494336,0.0,0.16120411912756638,False,0.0,0.0,-0.025289315422836554,-0.02828139815489044,0.1840049739935406,0.18207724849767246,2.0100000000000002,-3.12,-0.17702520795985588,-0.19796978708423307,0.13938992752744558,-0.15588172211356935,
1791390698.5816462,balance,-0.1274018038526246,-0.016787380134156038,-0.1283779733220495,-0.2250760751898447,-0.00033866604955934757,0.0006375034198655743,0.17422691332968568,0.578314806553721,0.0,0.16708561028517346,False,0.0,0.0,-0.02659107849121333,-0.029220248275807697,0.18380227246209999,0.1818740249535716,2.07,-3.36,-0.1861375494384933,-0.2045417379306539,0.14656499955786875,-0.16105648655957,
1791390698.5916364,balance,-0.12887369512663235,-0.015476076894839657,-0.12987246761834215,-0.1008520400906002,-0.00036126907184421547,0.0006375034198655743,0.174073196000468,0.5523799900041145,0.0,0.1726837125289313,False,0.0,0.0,-0.022935427378485636,-0.024748467831877074,0.1835995660144428,0.18167080140947076,2.12,-3.29,-0.16054799164939945,-0.17323927482313953,0.12641574145622003,-0.1364088778134957,
1791390698.601639,balance,-0.1289283563928573,-0.014211294907771916,-0.1299271288845671,0.05491113957503513,-0.00036126907184421547,0.0006375034198655743,0.174073196000468,0.5296345487315645,0.0,0.1780585473874247,False,0.0,0.0,-0.01576871880115748,-0.0154121685660992,0.1835995660144428,0.18167080140947076,2.14,-3.38,-0.11038103160810236,-0.1078851799626944,0.08691419811661603,-0.08494896060054677,
1791390698.611641,balance,-0.12846314689617483,-0.012649959422386203,-0.12946191938788462,0.058829014685321555,-0.00036126907184421547,0.0006375034198655743,0.174073196000468,0.5028437212334813,0.0,0.18315970869578216,False,0.0,0.0,-0.015592674763050242,-0.01467974411246248,0.1835995660144428,0.18167080140947076,2.2,-3.34,-0.1091487233413517,-0.10275820878723736,0.08594387664673363,-0.08091197542302155,
1791390698.621654,balance,-0.12735267288486238,-0.011488374744358026,-0.1283618710210207,0.13441197114316025,-0.0003716947162927635,0.0006375034198655743,0.1739963848609606,0.4754248809423659,0.0,0.18798177111596537,False,0.0,0.0,-0.014022701181214604,-0.012245843789696747,0.18339669919636176,0.18167080140947076,2.21,-3.3200000000000003,-0.09815890826850224,-0.08572090652787723,0.07729047895157656,-0.06749677679360412,
1791390698.6316621,balance,-0.12582782944682788,-0.009785707473433347,-0.1268247965643439,0.18874004289347082,-0.00035946369765045214,0.0006375034198655743,0.17407329426122753,0.4539351896433051,0.0,0.19259399430249258,False,0.0,0.0,-0.011983038305692908,-0.010516612362203368,0.18339669919636176,0.1818740249535716,2.21,-3.04,-0.08388126813985036,-0.07361628653542357,0.06604824262980344,-0.05796557994915242,
1791390698.6416664,balance,-0.12387363588803708,-0.00820416057372853,-0.12485896162212146,0.20982181390492438,-0.00034782231421879445,0.0006375034198655743,0.17415014505122395,0.43476611720350977,0.0,0.19700073557395026,False,0.0,0.0,-0.010203688018576223,-0.00930069191177115,0.18339669919636176,0.18207724849767246,2.2600000000000002,-2.92,-0.07142581613003356,-0.06510484338239805,0.056240800102388626,-0.05126365620661264,
1791390698.651652,balance,-0.1215487182378382,-0.006268397140606099,-0.12252241285842234,0.266704676469698,-0.00033619120071857675,0.0006375034198655743,0.17422699586480067,0.412946040093098,0.0,0.20116140113859765,False,0.0,0.0,-0.00803888971128887,-0.00687053902585581,0.18339669919636176,0.18228032526567667,2.29,-2.79,-0.056272227979022094,-0.048093773180990666,0.04430884092836385,-0.03786911274093753,
1791390698.6616273,balance,-0.11848632811349391,-0.004968905434024109,-0.11944840187692835,0.3234149253877972,-0.0003245703435688606,0.0006375034198655743,0.17430384670192647,0.39954993112797643,0.0,0.20519257820731887,False,0.0,0.0,-0.0020991239000903023,-0.0008907026414660234,0.18339669919636176,0.1824833928624771,2.34,-2.68,-0.014693867300632116,-0.006234918490262163,0.011569974252466232,-0.004909384638001703,
1791390698.6715925,balance,-0.11524934345517591,-0.003801075346910635,-0.11621019256743442,0.3332366867793279,-0.00032334569239294425,0.0006375034198655743,0.17430388633546304,0.3888558125080954,0.0,0.20909238867712843,False,0.0,0.0,0.0015929708362505252,0.0028184840356175666,0.18319383237828066,0.18268642214220357,2.43,-2.5300000000000002,0.011150795853753677,0.019729388249322966,-0.008780154215554076,0.015534951377419658,
1791390698.6815765,balance,-0.11203426517067859,-0.0020201546110909917,-0.11299452687411564,0.301073797283379,-0.00032275828357148165,0.0006375034198655743,0.17430390534594606,0.37607234129371336,0.0,0.2128782835986705,False,0.0,0.0,0.0025282852179216455,0.0034113333278401724,0.18299090309463303,0.1828894047573843,2.44,-2.48,0.01769799652545152,0.023879333294881205,-0.013935430335001196,0.018802624641638743,
1791390698.6916397,balance,-0.10902422997525736,-0.000553800009792302,-0.10997410597538824,0.3099411644907078,-0.0003123725802653132,0.0006375034198655743,0.1743807165741168,0.36785621320387896,0.0,0.2165790678366027,False,0.0,0.0,0.004510939321096392,0.004398484883683733,0.18299090309463303,0.18309238737256509,2.61,-2.36,0.031576575247674744,0.030789394185786134,-0.024863445076909248,0.02424361746912294,
1791390698.7016292,balance,-0.10609195934181288,0.00036242504537982613,-0.10705222104524993,0.28846657155072203,-0.0003227582835714782,0.0006375034198655743,0.17430390534594606,0.36453854446576034,0.0,0.22022180034688296,False,0.0,0.0,0.005834971957852983,0.005477540458615162,0.18278792047945228,0.18309238737256509,2.65,-2.39,0.04084480370497088,0.03834278321030613,-0.03216126275981959,0.03019116788213081,
1791390698.7116382,balance,-0.10314375120233184,0.001024354410092376,-0.10410401290576889,0.2807171926873479,-0.0003227582835714782,0.0006375034198655743,0.17430390534594606,0.3564435192017531,0.0,0.22379481101523796,False,0.0,0.0,0.007689451603247151,0.006989848263794003,0.18278792047945228,0.18309238737256509,2.72,-2.45,0.053826161222730054,0.048928937846558024,-0.04238280411238587,0.038526722713825214,
1791390698.721669,balance,-0.10053004818093818,0.0019385987835142972,-0.10149150957630312,0.25467678019368417,-0.0003239579754993789,0.0006375034198655743,0.17430386652003466,0.3559583071280599,0.0,0.22735730138292853,False,0.0,0.0,0.008332546204577252,0.007825461590912543,0.18258493369347872,0.18329525876167316,2.8000000000000003,-2.22,0.058327823432040765,0.0547782311363878,-0.04592742002522895,0.043132465461722676,
1791390698.7315817,balance,-0.0982979463277055,0.00262009827839482,-0.09925940772307044,0.1988430867170046,-0.0003239579754993789,0.0006375034198655743,0.17430386652003466,0.35749164999945604,0.0,0.23091911843971022,False,0.0,0.0,0.0071175839514634335,0.0075618531329867235,0.18258493369347872,0.18329525876167316,2.79,-2.34,0.049823087660244035,0.05293297193090706,-0.039230777685231526,0.04167950545740713,
1791390698.7416317,balance,-0.09650526177656736,0.0028561348298025433,-0.0974667231719323,0.17360511080359095,-0.0003239579754993789,0.0006375034198655743,0.17430386652003466,0.3565989451147781,0.0,0.2344692063249473,False,0.0,0.0,0.00591980610266126,0.006417277999809325,0.18258493369347872,0.18329525876167316,2.8000000000000003,-2.32,0.04143864271862882,0.04492094599866527,-0.0326288525343534,0.03537082362099628,
1791390698.7517393,balance,-0.09489716132143895,0.002829485739004265,-0.0958586227168039,0.1505486806974156,-0.0003239579754993789,0.0006375034198655743,0.17430386652003466,0.3570087611448992,0.0,0.23804624297842267,False,0.0,0.0,0.006256101809140208,0.006534473710006404,0.18258493369347872,0.18329525876167316,2.79,-2.27,0.04379271266398146,0.04574131597004483,-0.03448245091652083,0.036016784228381754,
1791390698.7616358,balance,-0.09343992882129928,0.0027150511485252667,-0.09440139021666423,0.13191554424059623,-0.0003239579754993789,0.0006375034198655743,0.17430386652003466,0.35919584794566334,0.0,0.24162535407674984,False,0.0,0.0,0.00669655058065426,0.0072510779463390304,0.18258493369347872,0.18329525876167316,2.7600000000000002,-2.33,0.04687585406457982,0.050757545624373214,-0.036910121310692774,0.039966571357774185,
1791390698.7716324,balance,-0.09230537248130359,0.002786465726923321,-0.09326683387666854,0.10549677318028852,-0.0003239579754993789,0.0006375034198655743,0.17430386652003466,0.35913289134174947,0.0,0.24520795041970322,False,0.0,0.0,0.005940644313777268,0.006388693266071335,0.18258493369347872,0.18329525876167316,2.7800000000000002,-2.38,0.041584510196440876,0.04472085286249935,-0.032743708816095174,0.03521326997047193,
1791390698.781703,balance,-0.09149212119928168,0.0025205661220314077,-0.09245358259464663,0.07214418368820699,-0.0003239579754993789,0.0006375034198655743,0.17430386652003466,0.36279651486243586,0.0,0.24882897750233626,False,0.0,0.0,0.0049785538177469085,0.00581811374388253,0.18258493369347872,0.18329525876167316,2.7600000000000002,-2.35,0.03484987672422836,0.04072679620717771,-0.027440847814353037,0.03206834347021867,
1791390698.791643,balance,-0.09084117819135087,0.001944304292488946,-0.09181303497870129,0.04874033105868895,-0.00033435336748484715,0.0006375034198655743,0.1742270553128552,0.36286092995752567,0.0,0.25244325241479115,False,0.0,0.0,0.00399378793742592,0.0052605133880914865,0.18258493369347872,0.18309238737256509,2.73,-2.56,0.027956515561981442,0.03682359371664041,-0.022013004379512945,0.028994955682394023,
1791390698.8016708,balance,-0.09022019270327118,0.0015905874761791318,-0.0911920494906216,0.06680587711690196,-0.00033435336748484715,0.0006375034198655743,0.1742270553128552,0.368194883429274,0.0,0.25610727996730126,False,0.0,0.0,0.005706490565737066,0.006773975490722259,0.18258493369347872,0.18309238737256509,2.74,-2.54,0.03994543396015947,0.04741782843505581,-0.03145309760642478,0.037336872783508515,
1791390698.811654,balance,-0.08979853392534819,0.0012406441695962292,-0.09076919048954801,0.031376162697125246,-0.00033315314433425905,0.0006375034198655743,0.17422709413659285,0.36424368986549693,0.0,0.25976370485177414,False,0.0,0.0,0.004417735967282573,0.0062799946444689215,0.18278792047945228,0.1828894047573843,2.65,-2.68,0.030924151770978014,0.04395996251128245,-0.024349725803919697,0.034614143709671225,
1791390698.821657,balance,-0.08968645166426781,0.0006046373409886546,-0.09065710822846763,-0.01013577551293259,-0.00033315314433425905,0.0006375034198655743,0.17422709413659285,0.35688780376902746,0.0,0.2633579172211814,False,0.0,0.0,0.0007765477637455635,0.0026106530963187604,0.18278792047945228,0.1828894047573843,2.63,-2.64,0.005435834346218945,0.018274571674231323,-0.004280184524581846,0.014389426515142774,
1791390698.831644,balance,-0.08969391908621292,-0.00015248109565546924,-0.09067556761000706,0.007634089659748426,-0.00034414510392857117,0.0006375034198655743,0.17415026393772856,0.35388904770064844,0.0,0.26690339740356217,False,0.0,0.0,-0.00034712760063024083,0.0009543270084536582,0.18278792047945228,0.18268642214220357,2.62,-2.67,-0.0024298932044116857,0.006680289059175607,0.0019133017357572328,0.005260070125335124,
1791390698.8416877,balance,-0.08940360637825338,-0.000752578448335047,-0.09037485061137884,0.054266835414338924,-0.000333740813259889,0.0006375034198655743,0.17422707512717414,0.35107777071304924,0.0,0.2704225005835374,False,0.0,0.0,0.0023503254139294054,0.0032345796876401224,0.18299090309463303,0.18268642214220357,2.58,-2.7600000000000002,0.01645227789750584,0.022642057813480856,-0.012954549525595148,0.017828391979118785,
1791390698.8515859,balance,-0.08877114814013062,-0.0011132371476294364,-0.08974239237325608,0.056865483346739874,-0.000333740813259889,0.0006375034198655743,0.17422707512717414,0.3469870209089226,0.0,0.2739232837408654,False,0.0,0.0,0.005065663042352252,0.0051810026694239664,0.18299090309463303,0.18268642214220357,2.5,-2.77,0.03545964129646576,0.03626701868596777,-0.027920977398791937,0.028556707626746274,
1791390698.8617136,balance,-0.08820652860173589,-0.0014992462291656583,-0.0891894028617356,0.05793946680474977,-0.00034537084013413696,0.0006375034198655743,0.17415022430863203,0.34238660359062106,0.0,0.27736394082830756,False,0.0,0.0,0.0054092810529224825,0.005789104930450031,0.18299090309463303,0.1824833928624771,2.5,-2.74,0.03786496737045738,0.040523734513150216,-0.029814934937368014,0.03190845237255922,
1791390698.871622,balance,-0.08779741046761491,-0.002129943640646825,-0.08876987989419104,0.036496510192381315,-0.0003349660067105513,0.0006375034198655743,0.1742270354958566,0.3361315400874589,0.0,0.28074982268470117,False,0.0,0.0,0.003587159379099263,0.004321840197724484,0.18319383237828066,0.1824833928624771,2.45,-2.84,0.025110115653694844,0.030252881384071388,-0.01977174460920854,0.0238211664441507,
1791390698.881612,balance,-0.08763189853422176,-0.0026475282126623336,-0.08860436796079789,0.0008997817614482353,-0.0003349660067105513,0.0006375034198655743,0.1742270354958566,0.32639207859029085,0.0,0.2840467601094676,False,0.0,0.0,-0.00014090350982269968,-0.00018889870960878585,0.18319383237828066,0.1824833928624771,2.39,-2.68,-0.0009863245687588978,-0.001322290967261501,0.0007766335187077936,-0.0010411739899696857,
1791390698.8916845,balance,-0.08753973837799668,-0.0027023266973955234,-0.0885122078045728,0.02708981601881245,-0.0003349660067105513,0.0006375034198655743,0.1742270354958566,0.3227651217614012,0.0,0.28728718512717366,False,0.0,0.0,-0.0008282180407064822,-0.0009070003218557038,0.18319383237828066,0.1824833928624771,2.39,-2.84,-0.005797526284945375,-0.006349002252989927,0.004564981326728642,-0.004999214372433013,
1791390698.9016392,balance,-0.08696209514719082,-0.003093541380860317,-0.08792294425944933,0.08694928259256815,-0.00032334569239294425,0.0006375034198655743,0.17430388633546304,0.3159064625086134,0.0,0.29046531939746695,False,0.0,0.0,0.002641077097183774,0.001702395343864508,0.18319383237828066,0.18268642214220357,2.42,-2.69,0.018487539680286418,0.011916767407051556,-0.014557117858493243,0.00938328142287524,
1791390698.9116075,balance,-0.0858796134422839,-0.003623943082451497,-0.08685208286886002,0.11107072745639651,-0.0003349660067105513,0.0006375034198655743,0.1742270354958566,0.3097912152471603,0.0,0.29358512164769585,False,0.0,0.0,0.0074346669789707165,0.005411359957350972,0.18319383237828066,0.1824833928624771,2.4,-2.86,0.052042668852795015,0.0378795197014568,-0.040978479411649615,0.02982639346571402,
1791390698.9217403,balance,-0.08483858691994989,-0.0038972579403972305,-0.08579943603220841,0.08605480490404348,-0.00032334569239294425,0.0006375034198655743,0.17430388633546304,0.30705445897177674,0.0,0.29666968622475604,False,0.0,0.0,0.007902924444848048,0.005654955255112787,0.18319383237828066,0.18268642214220357,2.39,-2.66,0.055320471113936336,0.03958468678578951,-0.04355942607396562,0.031169044713220087,
1791390698.931637,balance,-0.08410558364373275,-0.004119623707162569,-0.08506643275599127,0.06771705111465261,-0.00032334569239294425,0.0006375034198655743,0.17430388633546304,0.302877976938345,0.0,0.29971490423478087,False,0.0,0.0,0.006799909085130975,0.0038487627215524414,0.18319383237828066,0.18268642214220357,2.39,-2.69,0.04759936359591682,0.02694133905086709,-0.03747981385505261,0.021213652795958337,
1791390698.9417417,balance,-0.08370645784329887,-0.0043061178399316806,-0.08466730695555738,0.018493021892517676,-0.00032334569239294425,0.0006375034198655743,0.17430388633546304,0.2961467694080385,0.0,0.3,False,0.0,0.0,0.002852371327200976,-0.000519738738027965,0.18319383237828066,0.18268642214220357,2.39,-2.7,0.019966599290406832,-0.003638171166195755,-0.01572173172472979,-0.0028647017056659487,
1791390698.9516668,balance,-0.08341529971760081,-0.004702353304161014,-0.08437614882985933,0.035892454454422504,-0.00032334569239294425,0.0006375034198655743,0.17430388633546304,0.29558391394642736,0.0,0.3,False,0.0,0.0,0.001821272826596129,-0.0010591303641431884,0.18319383237828066,0.18268642214220357,2.4,-2.71,0.012748909786172904,-0.007413912549002319,-0.01003851164265583,-0.005837726416537259,
1791390698.9616194,balance,-0.0831506289446533,-0.004948367899798881,-0.08412187317777876,0.025944221683434656,-0.000333740813259889,0.0006375034198655743,0.17422707512717414,0.2902166566985971,0.0,0.3,False,0.0,0.0,-0.00016749428964511957,-0.002041875363028616,0.18299090309463303,0.18268642214220357,2.44,-2.71,-0.001172460027515837,-0.014293127541200313,0.0009231968720597142,-0.011254431134803396,
1791390698.971579,balance,-0.082806262150488,-0.004970327177689914,-0.08377750638361346,0.05657617799588963,-0.000333740813259889,0.0006375034198655743,0.17422707512717414,0.282578945741337,0.0,0.3,False,0.0,0.0,-0.00037800089667858834,-0.0018444214890593368,0.18299090309463303,0.18268642214220357,2.52,-2.69,-0.0026460062767501183,-0.012910950423415357,0.0020834695092520616,-0.010166102695602643,
1791390698.9816468,balance,-0.08199338507873338,-0.005352984019850695,-0.08296462931185884,0.0977014273118766,-0.000333740813259889,0.0006375034198655743,0.17422707512717414,0.2793644245337253,0.0,0.3,False,0.0,0.0,0.0033891554207729664,0.0010518082934613988,0.18299090309463303,0.18268642214220357,2.5100000000000002,-2.72,0.023724087945410765,0.007362658054229792,-0.018680384208984855,0.005797368546637632,
1791390698.9916186,balance,-0.08087925432469381,-0.00599314991848464,-0.08185049855781927,0.11104803106196251,-0.000333740813259889,0.0006375034198655743,0.17422707512717414,0.2759589978240843,0.0,0.3,False,0.0,0.0,0.0067726689430411225,0.003756926909862842,0.18299090309463303,0.18268642214220357,2.5100000000000002,-2.72,0.04740868260128786,0.026298488369039894,-0.03732967133959674,0.020707471156724326,
1791390699.0016108,balance,-0.0798370774353587,-0.006185066922446719,-0.08080832166848416,0.0977547604402019,-0.000333740813259889,0.0006375034198655743,0.17422707512717414,0.2682406179726184,0.0,0.3,False,0.0,0.0,0.006747955519021249,0.0031547492017527912,0.18299090309463303,0.18268642214220357,2.52,-2.71,0.04723568863314874,0.02208324441226954,-0.03719345561665255,0.01738838142698389,
1791390699.0115993,balance,-0.0788258483381406,-0.0063262011963769816,-0.07979709257126606,0.0914600347904773,-0.000333740813259889,0.0006375034198655743,0.17422707512717414,0.26789431360237254,0.0,0.3,False,0.0,0.0,0.007220139943752706,0.003145375044544779,0.18299090309463303,0.18268642214220357,2.52,-2.71,0.05054097960626894,0.022017625311813453,-0.03979604693407003,0.0173367128439476,
1791390699.0216668,balance,-0.07806713666500066,-0.006917734504614965,-0.07903838089812612,0.06753125772418538,-0.000333740813259889,0.0006375034198655743,0.17422707512717414,0.2634627794462964,0.0,0.3,False,0.0,0.0,0.005208306022029931,0.0014892926708161471,0.18299090309463303,0.18268642214220357,2.5100000000000002,-2.72,0.03645814215420952,0.01042504869571303,-0.028707198546621668,0.00820869976040396,
1791390699.0316281,balance,-0.07754068398832133,-0.0076883886403200435,-0.07850153310057983,0.047298718804222824,-0.00032334569239294425,0.0006375034198655743,0.17430388633546304,0.2587974540682216,0.0,0.3,False,0.0,0.0,0.0023966432021879005,-0.0003953478640840983,0.18319383237828066,0.18268642214220357,2.42,-2.73,0.0167765024153153,-0.002767435048588688,-0.013209844421508112,-0.002179082715424164,
1791390699.0417438,balance,-0.07700669658997862,-0.007992107886595346,-0.07797794082310408,0.0677470286413908,-0.000333740813259889,0.0006375034198655743,0.17422707512717414,0.25556917462495293,0.0,0.3,False,0.0,0.0,0.0022901313924043975,-0.00026134636676591985,0.18299090309463303,0.18268642214220357,2.5,-2.73,0.016030919746830782,-0.001829424567361439,-0.012622771454197466,-0.0014404917853239677,
1791390699.0516512,balance,-0.07620618663218083,-0.008292127716043677,-0.07716703574443934,0.08196513840709842,-0.00032334569239294425,0.0006375034198655743,0.17430388633546304,0.24904559953187153,0.0,0.3,False,0.0,0.0,0.0032985799667880765,0.0008761817786877156,0.18319383237828066,0.18268642214220357,2.5100000000000002,-2.7600000000000002,0.023090059767516536,0.00613327245081401,-0.018181149423241366,0.004829348386467724,
1791390699.0616891,balance,-0.07497604294953106,-0.00888666697963135,-0.07595891720953077,0.1443032333405132,-0.00034537084013413696,0.0006375034198655743,0.17415022430863203,0.24432218366315914,0.0,0.3,False,0.0,0.0,0.007721736859064645,0.005679612595778138,0.18299090309463303,0.1824833928624771,2.37,-2.91,0.05405215801345251,0.03975728817044697,-0.04256075434130119,0.03130495131531257,
1791390699.0715752,balance,-0.07358507957099715,-0.00949594277532646,-0.07455754899757328,0.13120449663713477,-0.0003349660067105513,0.0006375034198655743,0.1742270354958566,0.24761254277286157,0.0,0.3,False,0.0,0.0,0.010754039606263727,0.008462936134852527,0.18319383237828066,0.1824833928624771,2.37,-2.83,0.07527827724384609,0.05924055294396769,-0.05927423405027251,0.04664610468028952,
1791390699.0816383,balance,-0.07266980666216602,-0.00958628225549082,-0.07364227608874215,0.08351525143923232,-0.0003349660067105513,0.0006375034198655743,0.1742270354958566,0.2435957650083507,0.0,0.3,False,0.0,0.0,0.008345025629419012,0.006155609727217239,0.18319383237828066,0.1824833928624771,2.35,-2.86,0.05841517940593309,0.043089268090520674,-0.04599620425664023,0.03392855755159108,
1791390699.0916033,balance,-0.07194357138620829,-0.009816547906363314,-0.07291604081278441,0.05362176400945392,-0.0003349660067105513,0.0006375034198655743,0.1742270354958566,0.24090951200484204,0.0,0.3,False,0.0,0.0,0.005969300319383736,0.003916908963982722,0.18319383237828066,0.1824833928624771,2.39,-2.9,0.04178510223568615,0.027418362747879052,-0.03290165530368988,0.021589262006203976,
1791390699.101643,balance,-0.0714565958415954,-0.010417686262991357,-0.07241866960502984,0.04758879376475412,-0.0003245703435688606,0.0006375034198655743,0.17430384670192647,0.23778996463853194,0.0,0.3,False,0.0,0.0,0.0038390322687364147,0.002319505803259495,0.18339669919636176,0.1824833928624771,2.2800000000000002,-2.87,0.026873225881154903,0.016236540622816466,-0.021160020378862127,0.012784677655760997,
1791390699.1116328,balance,-0.07125081085245197,-0.010687913952186278,-0.0722128846158864,0.002272539272764732,-0.0003245703435688606,0.0006375034198655743,0.17430384670192647,0.23168579075583928,0.0,0.3,False,0.0,0.0,-0.0005879320109135452,-0.0010477769730800014,0.18339669919636176,0.1824833928624771,2.2600000000000002,-2.88,-0.004115524076394816,-0.00733443881156001,0.0032405701388935563,-0.005775148670519693,
1791390699.121708,balance,-0.07087971598271088,-0.010385995167876892,-0.07185341060329503,0.07634936007804699,-0.00033619120071857675,0.0006375034198655743,0.17422699586480067,0.22703611359568315,0.0,0.3,False,0.0,0.0,0.0005018190985112086,0.0009168886616062233,0.18339669919636176,0.18228032526567667,2.24,-3.02,0.00351273368957846,0.006418220631243563,-0.0027659320390381573,0.0050537170324752466,
1791390699.1316402,balance,-0.06965759152852843,-0.00998265977357643,-0.07063128614911258,0.1421083198939248,-0.00033619120071857675,0.0006375034198655743,0.17422699586480067,0.2274702769289561,0.0,0.3,False,0.0,0.0,0.007383561381861684,0.007894996701053068,0.18339669919636176,0.18228032526567667,2.29,-3.0,0.05168492967303179,0.05526497690737148,-0.040696795018135265,0.043515729848324,
1791390699.141711,balance,-0.06818145759850656,-0.010098453510408872,-0.06915515221909072,0.15290674381245303,-0.00033619120071857675,0.0006375034198655743,0.17422699586480067,0.22222731189126907,0.0,0.3,False,0.0,0.0,0.01153654397280192,0.011819863662103719,0.18339669919636176,0.18228032526567667,2.27,-3.02,0.08075580780961344,0.08273904563472603,-0.06358725024379011,0.06514885483049294,
1791390699.1516998,balance,-0.0668722153223856,-0.010300263797146452,-0.06785754105646996,0.11584551773463059,-0.00034782231421879445,0.0006375034198655743,0.17415014505122395,0.21884366682487177,0.0,0.3,False,0.0,0.0,0.010795496428911906,0.011619669417874314,0.18339669919636176,0.18207724849767246,2.2600000000000002,-3.16,0.07556847500238334,0.0813376859251202,-0.059502736222349084,0.06404542198828361,
1791390699.1617234,balance,-0.0657885997043444,-0.009767445070290459,-0.06677392543842878,0.08588657218103596,-0.00034782231421879445,0.0006375034198655743,0.17415014505122395,0.22141230847692697,0.0,0.3,False,0.0,0.0,0.00945345020837596,0.011011211437160294,0.18339669919636176,0.18207724849767246,2.29,-3.1,0.06617415145863172,0.07707848006012205,-0.05210563106978875,0.06069171658277327,
1791390699.1716511,balance,-0.06511463637975076,-0.008872480943600403,-0.06609996211383512,0.051324715321677844,-0.00034782231421879445,0.0006375034198655743,0.17415014505122395,0.2157702804580179,0.0,0.3,False,0.0,0.0,0.006430499004294469,0.008087756956161912,0.18339669919636176,0.18207724849767246,2.2600000000000002,-3.0700000000000003,0.04501349303006129,0.05661429869313338,-0.035443695299260856,0.044578187947349114,
1791390699.1817012,balance,-0.06477586644176993,-0.008480757685159823,-0.0657611921758543,0.02532556163045039,-0.00034782231421879445,0.0006375034198655743,0.17415014505122395,0.2088520964326317,0.0,0.3,False,0.0,0.0,0.002551642765528599,0.004495513910513457,0.18339669919636176,0.18207724849767246,2.2600000000000002,-3.09,0.017861499358700194,0.0314685973735942,-0.01406417272338598,0.024778423128814328,
1791390699.1916256,balance,-0.06452360951840751,-0.008290833717252522,-0.06550893525249188,0.027171881996397387,-0.00034782231421879445,0.0006375034198655743,0.17415014505122395,0.2038511730311032,0.0,0.3,False,0.0,0.0,-6.330573837797595e-05,0.0027091992908162485,0.18339669919636176,0.18207724849767246,2.27,-3.09,-0.0004431401686458317,0.01896439503571374,0.00034892926665026116,0.014932594516310032,
1791390699.2016234,balance,-0.06417870470722203,-0.007616353496101029,-0.06516403044130639,0.044232833380213644,-0.00034782231421879445,0.0006375034198655743,0.17415014505122395,0.19796678329167738,0.0,0.3,False,0.0,0.0,-0.00046368600908019926,0.002658013550197463,0.18339669919636176,0.18207724849767246,2.2600000000000002,-3.0500000000000003,-0.0032458020635613948,0.01860609485138224,0.002555749656347555,0.014650468386915149,
1791390699.2115872,balance,-0.06325022999185546,-0.0066751179844479576,-0.06422392461243961,0.1310998415933043,-0.00033619120071857675,0.0006375034198655743,0.17422699586480067,0.19594387897721027,0.0,0.3,False,0.0,0.0,0.005601309808103938,0.00759488182750688,0.18339669919636176,0.18228032526567667,2.2800000000000002,-2.87,0.03920916865672757,0.05316417279254816,-0.03087336114702958,0.041861553379959185,
1791390699.2216547,balance,-0.06178283639868993,-0.005998335210479247,-0.06275653101927407,0.1510492011787702,-0.00033619120071857675,0.0006375034198655743,0.17422699586480067,0.1980475710010317,0.0,0.3,False,0.0,0.0,0.012525236877067433,0.012789346586434425,0.18339669919636176,0.18228032526567667,2.29,-2.95,0.08767665813947204,0.08952542610504098,-0.06903673869249767,0.07049246150003227,
1791390699.2316902,balance,-0.06025990540882391,-0.0053108689010846356,-0.061233600029408065,0.13505826280757796,-0.00033619120071857675,0.0006375034198655743,0.17422699586480067,0.1997164226320754,0.0,0.3,False,0.0,0.0,0.015552136188512825,0.01524780175226097,0.18339669919636176,0.18228032526567667,2.3000000000000003,-2.94,0.10886495331958977,0.1067346122658268,-0.08572043568471635,0.08404300178411558,
1791390699.2416363,balance,-0.059020333594125216,-0.004496626400526904,-0.05999280302070135,0.10189313332365696,-0.0003349660067105513,0.0006375034198655743,0.1742270354958566,0.20307370533193614,0.0,0.3,False,0.0,0.0,0.01548642935718006,0.015500795115239782,0.18319383237828066,0.1824833928624771,2.33,-2.93,0.10840500550026042,0.10850556580667847,-0.08535827204744914,0.08543745339108541,
1791390699.2516792,balance,-0.058792060687072385,-0.0035994344594589204,-0.05976453011364851,-0.03149468511552171,-0.0003349660067105513,0.0006375034198655743,0.1742270354958566,0.2008543254739735,0.0,0.3,False,0.0,0.0,0.006789785531434407,0.007081150882467099,0.18319383237828066,0.1824833928624771,2.47,-2.81,0.04752849872004085,0.04956805617726969,-0.037424014740189644,0.03902996549391314,
1791390699.2615862,balance,-0.05864530209855147,-0.0029540256167232964,-0.05962817635855119,-0.01418407816739072,-0.00034537084013413696,0.0006375034198655743,0.17415022430863203,0.19980831511563787,0.0,0.3,False,0.0,0.0,0.00538443517197176,0.004437987613913211,0.18299090309463303,0.1824833928624771,2.56,-2.83,0.037691046203802314,0.03106591329739248,-0.029677989136852215,0.024461349053064945,
1791390699.271612,balance,-0.05910216318756888,-0.0021639578269389004,-0.060095451463411206,-0.015816082420333992,-0.0003557848559767457,0.0006375034198655743,0.1740734131402777,0.19356013759284438,0.0,0.3,False,0.0,0.0,0.0016046582702620737,-0.0011981767001093976,0.18278792047945228,0.1824833928624771,2.62,-2.79,0.011232607891834516,-0.008387236900765782,-0.008844573143176784,-0.0066041235439100645,
1791390699.2816367,balance,-0.05965387088146434,-0.0011872879263685355,-0.06065878418818028,-0.10930429557640656,-0.0003674098868503631,0.0006375034198655743,0.17399656317399323,0.17491360979312806,0.0,0.3,False,0.0,0.0,-0.005828644264521099,-0.009030596664146351,0.18258493369347872,0.1824833928624771,2.7600000000000002,-2.84,-0.04080050985164769,-0.06321417664902446,0.03212638570995881,-0.04977494224332634,
1791390699.2916167,balance,-0.060482109399379695,-0.000697589052024104,-0.061487022706095636,-0.05191567718985827,-0.0003674098868503631,0.0006375034198655743,0.17399656317399323,0.1509231510704499,0.0,0.3,False,0.0,0.0,-0.012273562365156324,-0.0146218168764201,0.18258493369347872,0.1824833928624771,2.8000000000000003,-2.86,-0.08591493655609427,-0.1023527181349407,0.06764955634338131,-0.0805926914448352,
1791390699.3015904,balance,-0.060857370791076885,-0.0007933687062868413,-0.061862284097792826,-0.029351230120185975,-0.0003674098868503631,0.0006375034198655743,0.17399656317399323,0.12065391439945765,0.0,0.3,False,0.0,0.0,-0.01748940341782321,-0.01892275073772322,0.18258493369347872,0.1824833928624771,2.85,-2.85,-0.12242582392476248,-0.13245925516406254,0.09639828655493109,-0.10429862611343507,
1791390699.311585,balance,-0.06059484072344298,-0.0007472529773408879,-0.061623084977018856,0.07475684616667543,-0.0003907408337102958,0.0006375034198655743,0.17384286169714006,0.08398186125263002,0.0,0.3,False,0.0,0.0,-0.018308374957203336,-0.020320519865609985,0.18238186609667828,0.18228032526567667,2.99,-2.91,-0.12815862470042336,-0.1422436390592699,0.10091230291371918,-0.11200286540099992,
1791390699.3217177,balance,-0.059402805925638444,-0.00023816211740139377,-0.06044273113035578,0.14990847125079718,-0.00040242178485176,0.0006375034198655743,0.17376601099424624,0.038750185881091546,0.0,0.3,False,0.0,0.0,-0.018597484608348917,-0.02162116084922767,0.1821787984998778,0.18228032526567667,2.99,-3.0100000000000002,-0.13018239225844241,-0.1513481259445937,0.10250582067593891,-0.1191717527122785,
1791390699.3316834,balance,-0.05743960821996171,0.00031698299326265403,-0.05847953342467905,0.22232596884417588,-0.00040242178485176,0.0006375034198655743,0.17376601099424624,0.0052141296525959,0.0,0.3,False,0.0,0.0,-0.018041000732728796,-0.020835697243805303,0.1821787984998778,0.18228032526567667,3.06,-3.0100000000000002,-0.12628700512910157,-0.14584988070663713,0.099438586715828,-0.11484242575325758,
1791390699.3415759,balance,-0.05582440262467837,0.00027057092019064637,-0.05687601911726937,0.12035004883538515,-0.00041411307272542705,0.0006375034198655743,0.1736891603150828,-0.03616706093609249,0.0,0.29974300891965727,False,0.0,0.0,-0.028998564405037425,-0.030617717774442332,0.1821787984998778,0.18207724849767246,3.0700000000000003,-3.18,-0.20298995083526197,-0.21432402442109633,0.1598346069568992,-0.16875907434731993,
1791390699.3515878,balance,-0.05486608091005895,0.00015488145349324062,-0.05591769740264995,0.11364108806631125,-0.00041411307272542705,0.0006375034198655743,0.1736891603150828,-0.07807969882303739,0.0,0.2990656462486953,False,0.0,0.0,-0.04072865685458487,-0.041189527981593886,0.1821787984998778,0.18207724849767246,3.06,-3.09,-0.2851005979820941,-0.2883266958711572,0.22448865982842053,-0.22702889438673796,
1791390699.361701,balance,-0.05374827302722759,0.00020765468425767964,-0.05479988951981859,0.13368324284738006,-0.00041411307272542705,0.0006375034198655743,0.1736891603150828,-0.1302559020262254,0.0,0.2978936453185064,False,0.0,0.0,-0.050863738255115774,-0.05197915505439543,0.1821787984998778,0.18207724849767246,3.04,-3.11,-0.35604616778581044,-0.363854085380768,0.28035131321717355,-0.2864992798273764,
1791390699.371606,balance,-0.05188270001710366,0.00044402416171105584,-0.052934316509694664,0.20763287257752996,-0.00041411307272542705,0.0006375034198655743,0.1736891603150828,-0.18538354500378185,0.0,0.29617940196971954,False,0.0,0.0,-0.05632484643125596,-0.05960596016161678,0.1821787984998778,0.18207724849767246,2.99,-3.1,-0.3942739250187917,-0.41724172113131747,0.3104519094636155,-0.328536788292376,
1791390699.3816233,balance,-0.048428157445685543,0.00033503576630665704,-0.04946808265040289,0.4593331721541984,-0.00040242178485176694,0.0006375034198655743,0.17376601099424624,-0.22957908783067088,0.0,0.29398146405267045,False,0.0,0.0,-0.04624734161204714,-0.051667332480133214,0.18238186609667828,0.18207724849767246,2.96,-3.1,-0.32373139128433,-0.3616713273609325,0.254906607310496,-0.2847805727251437,
1791390699.3916264,balance,-0.04289809225016799,0.000165430026305946,-0.043926336503743856,0.6023908175563393,-0.00039074083371028884,0.0006375034198655743,0.17384286169714006,-0.2748861048729048,0.0,0.2913376955051102,False,0.0,0.0,-0.03365462374860645,-0.0400464444590403,0.18258493369347872,0.18207724849767246,2.87,-3.0700000000000003,-0.23558236624024514,-0.2803251112132821,0.18549792617342137,-0.22072843402620634,
1791390699.4018981,balance,-0.03650297065772938,-0.0002059621013907451,-0.03753121491130525,0.6431433419550558,-0.00039074083371028884,0.0006375034198655743,0.17384286169714006,-0.32108425114928396,0.0,0.2882331744000423,False,0.0,0.0,-0.028462107594090177,-0.03440777766353946,0.18258493369347872,0.18207724849767246,2.7600000000000002,-3.02,-0.19923475315863123,-0.2408544436447762,0.15687775839262302,-0.18964916822423322,
1791390699.4116297,balance,-0.030126955967317327,-0.000591350947656531,-0.03114352959278447,0.6518793297600446,-0.0003790702056015692,0.0006375034198655743,0.17391971242373286,-0.3629705915782566,0.0,0.28470035751894773,False,0.0,0.0,-0.02842737686515165,-0.03432703286542573,0.18258493369347872,0.18228032526567667,2.68,-2.82,-0.19899163805606154,-0.2402892300579801,0.1566863291780012,-0.18920411815588986,
1791390699.4216535,balance,-0.023493346160807504,-0.0006489034399431233,-0.024486634436649824,0.684996477004236,-0.0003557848559767457,0.0006375034198655743,0.1740734131402777,-0.4065697636081221,0.0,0.2807320151568985,False,0.0,0.0,-0.028279011134806787,-0.03399577875810341,0.18278792047945228,0.1824833928624771,2.56,-2.62,-0.1979530779436475,-0.23797045130672387,0.15586856530995866,-0.1873783081155306,
1791390699.4316664,balance,-0.016423118626980822,-0.0006661667171754117,-0.017383380330417877,0.7096484707178623,-0.00032275828357148165,0.0006375034198655743,0.17430390534594606,-0.4353037795482983,0.0,0.2764381385213495,False,0.0,0.0,-0.025264029017539075,-0.03063845373307021,0.18299090309463303,0.1828894047573843,2.54,-2.3000000000000003,-0.17684820312277352,-0.21446917613149147,0.13925055363997915,-0.16887336703267045,
1791390699.4416485,balance,-0.009297444808150547,-0.0010978488091242205,-0.010247320808281434,0.7242415673982162,-0.0003123725802653132,0.0006375034198655743,0.1743807165741168,-0.4565137426416316,0.0,0.27191607584373007,False,0.0,0.0,-0.021502776640096935,-0.026472890739046982,0.18299090309463303,0.18309238737256509,2.5,-2.39,-0.15051943648067856,-0.18531023517332887,0.11851924132336894,-0.14591357100262115,
1791390699.4515977,balance,-0.0022004295674834247,-0.001788263189880781,-0.0031503055676143123,0.6926146524034306,-0.0003123725802653132,0.0006375034198655743,0.1743807165741168,-0.4809109929747291,0.0,0.26718604957454306,False,0.0,0.0,-0.020463266453535658,-0.02359017270805881,0.18299090309463303,0.18309238737256509,2.49,-2.42,-0.1432428651747496,-0.16513120895641167,0.11278965761791307,-0.1300245739814265,
1791390699.461604,balance,0.0048247203942904816,-0.0026590197995164113,0.003874844394159594,0.7003754102739347,-0.0003123725802653132,0.0006375034198655743,0.1743807165741168,-0.5004076576206281,0.0,0.26222035836517776,False,0.0,0.0,-0.01906488019493294,-0.02016468861109859,0.18299090309463303,0.18309238737256509,2.49,-2.43,-0.1334541613645306,-0.1411528202776901,0.10508201682246503,-0.11114395297455913,
1791390699.4716113,balance,0.011463767054666573,-0.003253584104492006,0.010513891054535686,0.6436708314459452,-0.0003123725802653132,0.0006375034198655743,0.1743807165741168,-0.5149986782810788,0.0,0.2570927968675147,False,0.0,0.0,-0.019549405223713286,-0.019336808380385005,0.18299090309463303,0.18309238737256509,2.52,-2.47,-0.136845836565993,-0.13535765866269503,0.10775262721731732,-0.10658083359267324,
1791390699.4817145,balance,0.017800614056666653,-0.003957051501439278,0.016861114614478766,0.6309760639514456,-0.00030199602232231296,0.0006375034198655743,0.17445752782108012,-0.5369632266185077,0.0,0.25176803640789086,False,0.0,0.0,-0.0198237225795951,-0.018717051211596152,0.18319383237828066,0.18309238737256509,2.41,-2.47,-0.1387660580571657,-0.13101935848117308,0.10926461264343755,-0.10316484919777408,
1791390699.4915793,balance,0.023996554959424675,-0.004907144092363966,0.023057055517236788,0.6029040207640008,-0.00030199602232231296,0.0006375034198655743,0.17445752782108012,-0.5535003555523308,0.0,0.24626898026172023,False,0.0,0.0,-0.018872747090501067,-0.017928904728374946,0.18319383237828066,0.18309238737256509,2.35,-2.5500000000000003,-0.13210922963350746,-0.12550233309862463,0.10402301545945469,-0.09882073472332648,
1791390699.5015788,balance,0.03008183955190926,-0.005956513561343865,0.029142340109721374,0.6108201401151522,-0.00030199602232231296,0.0006375034198655743,0.17445752782108012,-0.5656265109379112,0.0,0.24063324056021998,False,0.0,0.0,-0.01604191950653546,-0.015447955471330037,0.18339669919636176,0.1828894047573843,2.24,-2.77,-0.11229343654574822,-0.10813568829931025,0.0884200287761797,-0.08514621125929941,
1791390699.511707,balance,0.036424640853593225,-0.006736996413551163,0.03546256709015879,0.6646446443332727,-0.0003245703435688606,0.0006375034198655743,0.17430384670192647,-0.5842535867073391,0.0,0.23482129197278526,False,0.0,0.0,-0.009428262137654688,-0.009945602859155462,0.18339669919636176,0.1824833928624771,2.21,-2.89,-0.06599783496358282,-0.06961922001408823,0.051966799183923475,-0.05481828347566002,
1791390699.5215993,balance,0.04315746390224402,-0.007398467328770538,0.04219416548707674,0.6615331735821608,-0.0003257949953017099,0.0006375034198655743,0.17430380706865142,-0.592140502781623,0.0,0.22891178572407025,False,0.0,0.0,-0.00146627999797623,-0.004147688124275696,0.1835995660144428,0.18228032526567667,2.13,-2.96,-0.01026395998583361,-0.029033816869929868,0.008081858256561898,-0.02286127312592903,
1791390699.5315726,balance,0.049371588002027254,-0.007884988951574698,0.048408289586859964,0.5974789268622493,-0.0003257949953017099,0.0006375034198655743,0.17430380706865142,-0.600486487126398,0.0,0.2229182628279575,False,0.0,0.0,0.000724799672678973,-0.0036584281077494526,0.1835995660144428,0.18228032526567667,2.05,-3.06,0.005073597708752811,-0.025608996754246167,-0.0039949588257896145,-0.020164564373422178,
1791390699.541646,balance,0.054687168446569005,-0.007852088553085385,0.053722620930961786,0.47117506736354137,-0.00032704409574163887,0.0006375034198655743,0.1743037641618006,-0.6141116710917706,0.0,0.2168223683675635,False,0.0,0.0,-0.0036819903759619976,-0.00969142288451732,0.18380227246209999,0.18207724849767246,2.05,-3.21,-0.025773932631733984,-0.06783996019162124,0.020294435143097624,-0.05341729148946554,
1791390699.5516007,balance,0.05911844448277023,-0.00723061824246382,0.05815389696716302,0.4126765223934305,-0.00032704409574163887,0.0006375034198655743,0.1743037641618006,-0.6137685012666174,0.0,0.21070956121033857,False,0.0,0.0,-0.006341071338492823,-0.013757896274739492,0.18380227246209999,0.18207724849767246,1.95,-3.06,-0.044387499369449766,-0.09630527392317645,0.03495078690507856,-0.07583092434895783,
1791390699.5616262,balance,0.06307466997930293,-0.006786989946503416,0.06211012246369572,0.3953866234486719,-0.00032704409574163887,0.0006375034198655743,0.1743037641618006,-0.6168127476320072,0.0,0.20454880736599695,False,0.0,0.0,-0.00644389774194147,-0.015218204711757798,0.18380227246209999,0.18207724849767246,2.0100000000000002,-3.06,-0.04510728419359029,-0.10652743298230458,0.03551754660912621,-0.0838798684900036,
1791390699.5716314,balance,0.06672643408760437,-0.00676729384248044,0.06577349828205058,0.36065385349419504,-0.0003154323856882253,0.0006375034198655743,0.1743806150174379,-0.6236582131352529,0.0,0.19835354757041745,False,0.0,0.0,-0.006250975132489605,-0.016109308466282956,0.18380227246209999,0.18228032526567667,2.0,-3.0100000000000002,-0.04375682592742723,-0.11276515926398069,0.03445419364364349,-0.08879146398738637,
1791390699.5816982,balance,0.07058499354146613,-0.0062555787133913845,0.06964365921573588,0.40149660752638283,-0.00030383090586468334,0.0006375034198655743,0.17445746589656652,-0.6260514315947012,0.0,0.1921097433183473,False,0.0,0.0,-0.0021237229664161335,-0.011755512787990318,0.18380227246209999,0.1824833928624771,2.0300000000000002,-2.75,-0.014866060764912935,-0.08228858951593222,0.01170555965741176,-0.06479416497317497,
1791390699.59159,balance,0.07461431423760073,-0.005163720467626728,0.07368457117497473,0.4049457057139443,-0.00029223964276043485,0.0006375034198655743,0.1745343167991555,-0.6265818685847157,0.0,0.18585939971142673,False,0.0,0.0,0.001929459699322817,-0.006512072249436669,0.18380227246209999,0.18268642214220357,2.09,-2.5300000000000002,0.01350621789525972,-0.045584505746056686,-0.010634817240361983,-0.035893311611068256,
1791390699.6016805,balance,0.07857286688070216,-0.004235223603676309,0.07764373486316628,0.41057247866401775,-0.0002916285976703008,0.0006375034198655743,0.17453433908681124,-0.6335474902098905,0.0,0.17956369087511764,False,0.0,0.0,0.004799496294245009,-0.001452718359671634,0.1835995660144428,0.1828894047573843,2.18,-2.62,0.03359647405971506,-0.010169028517701437,-0.026453916582452802,-0.00800710906905625,
1791390699.6116176,balance,0.08295801328808791,-0.0038305780488034047,0.08200813728795703,0.4460134470615854,-0.0003123725802653132,0.0006375034198655743,0.1743807165741168,-0.6329129837654849,0.0,0.17324330108071095,False,0.0,0.0,0.010639467771858514,0.006740344558482589,0.18319383237828066,0.1828894047573843,2.37,-2.59,0.0744762744030096,0.04718241190937812,-0.05864273575040126,0.037151505440455215,
1791390699.6216078,balance,0.08756479290990124,-0.0033812276961694395,0.08661491690977036,0.47191922669886266,-0.0003123725802653132,0.0006375034198655743,0.1743807165741168,-0.6223165256847668,0.0,0.16700054352068394,False,0.0,0.0,0.01873256485038889,0.016375502873986116,0.18319383237828066,0.1828894047573843,2.52,-2.58,0.13112795395272225,0.11462852011790281,-0.10325035744308839,0.09025867725819119,
1791390699.6316836,balance,0.0919606931918693,-0.002306632957416328,0.09099003662766947,0.41305639191593013,-0.00033315314433425905,0.0006375034198655743,0.17422709413659285,-0.6217724891188205,0.0,0.16079212561132117,False,0.0,0.0,0.022335028116038623,0.02012055500057983,0.18278792047945228,0.1828894047573843,2.65,-2.58,0.15634519681227035,0.1408438850040588,-0.12310645418289004,0.11090069685358961,
1791390699.6416614,balance,0.0961165666210044,-0.0011754537838077096,0.09512330333733326,0.4098937087038119,-0.00035575986380557284,0.0006375034198655743,0.17407341394788986,-0.6083232460981906,0.0,0.15468184932646317,False,0.0,0.0,0.027138703786184847,0.02540903538663238,0.18258493369347872,0.18268642214220357,2.73,-2.63,0.18997092650329392,0.17786324770642664,-0.14958340669550702,0.14004980134364303,
1791390699.6515841,balance,0.09970049793918842,-0.0005676683262528004,0.09870723465551728,0.33968646502161187,-0.00035575986380557284,0.0006375034198655743,0.17407341394788986,-0.5898854935079374,0.0,0.14872645301895712,False,0.0,0.0,0.02925665589649718,0.02792285384694745,0.18258493369347872,0.18268642214220357,2.74,-2.74,0.20479659127548028,0.19545997692863215,-0.16125715848463013,0.15390549364459225,
1791390699.661604,balance,0.10254222307425223,5.4973633659868104e-05,0.1015373097675363,0.21875750433153163,-0.0003674098868503631,0.0006375034198655743,0.17399656317399323,-0.5758072572246719,0.0,0.14294757676922795,False,0.0,0.0,0.027456894423130578,0.026698715749189927,0.18258493369347872,0.1824833928624771,2.8000000000000003,-2.77,0.19219826096191406,0.1868910102443295,-0.15133721335583783,0.1471582757829366,
1791390699.671718,balance,0.10433181797326675,0.0006654790835708546,0.10332690466655081,0.13351668177750753,-0.0003674098868503631,0.0006375034198655743,0.17399656317399323,-0.558581142114689,0.0,0.13732208225007783,False,0.0,0.0,0.02396068278047205,0.023791647133123477,0.18258493369347872,0.1824833928624771,2.77,-2.82,0.16772477946330433,0.16654152993186433,-0.1320667554829168,0.13113506293847585,
1791390699.6816714,balance,0.10535017294858881,0.0014003457395117352,0.10434525964187288,0.07522429788664031,-0.0003674098868503631,0.0006375034198655743,0.17399656317399323,-0.5279335623259482,0.0,0.1319622320163794,False,0.0,0.0,0.02361301126969173,0.02323212998383228,0.18258493369347872,0.1824833928624771,2.75,-2.83,0.1652910788878421,0.16262490988682596,-0.1301504558171985,0.12805111014710704,
1791390699.6916025,balance,0.10595739790798327,0.0018547937468402888,0.10496410963214095,0.04491699996382794,-0.0003557848559767457,0.0006375034198655743,0.1740734131402777,-0.5095301715257561,0.0,0.12681560910597112,False,0.0,0.0,0.024778252582603445,0.02375923730225305,0.18278792047945228,0.1824833928624771,2.64,-2.8000000000000003,0.17344776807822412,0.16631466111577137,-0.13657304573088513,0.13095642607541053,
1791390699.7016435,balance,0.10622221448929994,0.0024867848147279116,0.1052405659655058,0.011587551691963849,-0.00034414510392857117,0.0006375034198655743,0.17415026393772856,-0.48807451946012803,0.0,0.12186490803511807,False,0.0,0.0,0.026410168510948115,0.02504590975985589,0.18278792047945228,0.18268642214220357,2.66,-2.65,0.1848711795766368,0.17532136831899126,-0.14556785793435967,0.13804832151101673,
1791390699.7116072,balance,0.10592228996315389,0.0025908351781558777,0.10494064143935974,-0.07040370475587758,-0.00034414510392857117,0.0006375034198655743,0.17415026393772856,-0.4586829597379433,0.0,0.11720392452864994,False,0.0,0.0,0.026264506839279243,0.02458307890254692,0.18278792047945228,0.18268642214220357,2.65,-2.7,0.1838515478749547,0.17208155231782846,-0.14476499832673598,0.1354972852896287,
1791390699.7216232,balance,0.10484660071119706,0.002289667356348749,0.10386495218740291,-0.1449091362896925,-0.00034414510392857117,0.0006375034198655743,0.17415026393772856,-0.44215346308193687,0.0,0.11273600780052705,False,0.0,0.0,0.022473018984967515,0.02069398678062268,0.18278792047945228,0.18268642214220357,2.67,-2.67,0.1573111328947726,0.14485790746435875,-0.1238670337754115,0.114061344460125,
1791390699.7316725,balance,0.10316274239467153,0.0027893578227279206,0.1021810938708774,-0.1900932362493386,-0.00034414510392857117,0.0006375034198655743,0.17415026393772856,-0.42429528778841213,0.0,0.10844230354243177,False,0.0,0.0,0.018769926727248126,0.017332783526490377,0.18278792047945228,0.18268642214220357,2.67,-2.71,0.1313894870907369,0.12132948468543264,-0.10345628904782432,0.09553502731136429,
1791390699.741589,balance,0.10108563850060115,0.0033146659921722086,0.10010337715122344,-0.2128119138952821,-0.000344757929512135,0.0006375034198655743,0.17415024412452004,-0.4019850879581629,0.0,0.104367296976556,False,0.0,0.0,0.016112484015985126,0.016557155157564774,0.18258493369347872,0.1828894047573843,2.72,-2.46,0.11278738811189588,0.11590008610295342,-0.08880896701724085,0.09125991031728616,
1791390699.7515752,balance,0.09885084547473648,0.0029910080292256027,0.09786858412535877,-0.22482882157756612,-0.000344757929512135,0.0006375034198655743,0.17415024412452004,-0.3885904272062457,0.0,0.10044460570549246,False,0.0,0.0,0.015036577699719899,0.015999344632542455,0.18258493369347872,0.1828894047573843,2.85,-2.6,0.10525604389803929,0.11199541242779718,-0.08287877472286558,0.08818536411637573,
1791390699.7616205,balance,0.09651194194793056,0.002058394696581402,0.09551804057462654,-0.24759062225435158,-0.00035639795343844066,0.0006375034198655743,0.17407339332831143,-0.36975034306542703,0.0,0.09669027442099061,False,0.0,0.0,0.013685018961768361,0.01504960989608804,0.18238186609667828,0.1828894047573843,2.83,-2.58,0.09579513273237852,0.10534726927261628,-0.07542923837195159,0.08295060572646952,
1791390699.7716005,balance,0.09399028162288461,0.0016649096543311901,0.09300679453702244,-0.2603396947536649,-0.0003459836659966027,0.0006375034198655743,0.17415020449555435,-0.35481032908050664,0.0,0.09310802879586011,False,0.0,0.0,0.012934672422094775,0.01395389605691674,0.18238186609667828,0.18309238737256509,2.9,-2.5300000000000002,0.09054270695466343,0.09767727239841718,-0.07129347004304207,0.07691123810898991,
1791390699.7816145,balance,0.09094035432425113,0.001401221073981846,0.08995686723838896,-0.3372212425536163,-0.0003459836659966027,0.0006375034198655743,0.17415020449555435,-0.35253475112153476,0.0,0.08956835260451326,False,0.0,0.0,0.005483863170105644,0.006103366524864551,0.18238186609667828,0.18309238737256509,2.88,-2.48,0.03838704219073951,0.042723565674051854,-0.030226017473023236,0.033640602892954216,
1791390699.7916214,balance,0.08778708235362062,0.0005443013897820511,0.08680359526775845,-0.29608937412601705,-0.0003459836659966027,0.0006375034198655743,0.17415020449555435,-0.341256630812352,0.0,0.08611846993249149,False,0.0,0.0,0.002629813352992684,0.004604068812983825,0.18238186609667828,0.18309238737256509,2.89,-2.41,0.018408693470948787,0.032228481690886775,-0.014495034229093533,0.02537675723691872,
1791390699.8015893,balance,0.08503337012778847,-0.000475888221810044,0.08406151334043806,-0.26255807831626354,-0.00033435336748484715,0.0006375034198655743,0.1742270553128552,-0.3270686684042214,0.0,0.08281662031945648,False,0.0,0.0,0.003957060036328178,0.006969325978799493,0.18258493369347872,0.18309238737256509,2.7800000000000002,-2.47,0.02769942025429725,0.04878528185159645,-0.02181056712936791,0.038413607757162564,
1791390699.8116317,balance,0.0825559619590363,-0.0014069815464669276,0.08158410517168589,-0.236257225654118,-0.00033435336748484715,0.0006375034198655743,0.1742270553128552,-0.32498787432340326,0.0,0.07956118572371401,False,0.0,0.0,0.004158876851651921,0.00843036973211195,0.18258493369347872,0.18309238737256509,2.7600000000000002,-2.44,0.029112137961563443,0.059012588124783646,-0.02292294327682161,0.046466604822664286,
1791390699.8215935,balance,0.08017324045522194,-0.0022241520163324047,0.07920138366787152,-0.2433696205654922,-0.00033435336748484715,0.0006375034198655743,0.1742270553128552,-0.3204173594928184,0.0,0.07634270028412332,False,0.0,0.0,0.002822864190798946,0.006741824061628867,0.18258493369347872,0.18309238737256509,2.75,-2.49,0.01976004933559262,0.04719276843140207,-0.01555909396503356,0.03715966018220635,
1791390699.831589,balance,0.07786086977999969,-0.0034496193464880983,0.07690060807656264,-0.21955872331087609,-0.0003227582835714782,0.0006375034198655743,0.17430390534594606,-0.31324605811490824,0.0,0.07318678750961084,False,0.0,0.0,0.003602880461722597,0.005356764937350199,0.18278792047945228,0.18309238737256509,2.68,-2.5500000000000003,0.02522016323205818,0.037497354561451396,-0.0198583962457151,0.029525476032638893,
1791390699.84165,balance,0.07571321608582421,-0.004936416304762635,0.07474255952162438,-0.21176977696288726,-0.00033315314433425905,0.0006375034198655743,0.17422709413659285,-0.3072024221752252,0.0,0.0701116653079408,False,0.0,0.0,0.004327264468995451,0.004262698129138841,0.18278792047945228,0.1828894047573843,2.61,-2.68,0.030290851282968156,0.029838886903971885,-0.023851064002337132,0.023495186538560538,
1791390699.8515773,balance,0.07378072042968091,-0.006048386277565999,0.07282045872624386,-0.18461225836756154,-0.00032275828357148165,0.0006375034198655743,0.17430390534594606,-0.30228270802391505,0.0,0.06707534833569011,False,0.0,0.0,0.004912543064944073,0.0047479259899477775,0.18299090309463303,0.1828894047573843,2.59,-2.66,0.03438780145460851,0.03323548192963444,-0.02707700901937678,0.026169670810735783,
1791390699.8616135,balance,0.07188840692019549,-0.007347827571183279,0.07091716268707003,-0.18642595203235166,-0.000333740813259889,0.0006375034198655743,0.17422707512717414,-0.2924113738397947,0.0,0.06412204892162825,False,0.0,0.0,0.00416882737877115,0.004939642700702933,0.18299090309463303,0.18268642214220357,2.48,-2.84,0.02918179165139805,0.03457749890492053,-0.022977788701888227,0.02722637709048861,
1791390699.8715873,balance,0.07005359997025237,-0.008774056599668718,0.06908113054367625,-0.19649685403885978,-0.0003349660067105513,0.0006375034198655743,0.1742270354958566,-0.28968212458137726,0.0,0.06121870243694457,False,0.0,0.0,0.00276471901859401,0.0037300863434124405,0.18319383237828066,0.1824833928624771,2.45,-2.99,0.01935303313015807,0.026110604403887083,-0.015238608763903993,0.020559531026682742,
1791390699.8816693,balance,0.06811654890648176,-0.010149111114561106,0.06713244890971864,-0.19943487320600853,-0.00034659657689755166,0.0006375034198655743,0.17415018467979715,-0.28486876195416905,0.0,0.05834995788250878,False,0.0,0.0,0.0004773599462379482,0.0014960374530000535,0.18319383237828066,0.18228032526567667,2.38,-3.12,0.003341519623665637,0.010472262171000375,-0.0026311178139099504,0.008245875725197145,
1791390699.8915796,balance,0.06630551286465196,-0.011136227332241936,0.06530977202825214,-0.17315768954219682,-0.0003582374165342489,0.0006375034198655743,0.17407333388731586,-0.27392976117391676,0.0,0.055576478935063914,False,0.0,0.0,0.0018312840801481306,0.0016488479068241183,0.18319383237828066,0.18207724849767246,2.36,-3.22,0.012818988561036915,0.011541935347768829,-0.010093691780344027,0.009088138069109315,
1791390699.9016404,balance,0.06475471565179831,-0.01218402612906412,0.06375774853428229,-0.14884724060055782,-0.00035946369765045214,0.0006375034198655743,0.17407329426122753,-0.2679124734671286,0.0,0.052887569034455906,False,0.0,0.0,0.004135199056020179,0.003029696128973372,0.18339669919636176,0.1818740249535716,2.3000000000000003,-3.13,0.02894639339214125,0.021207872902813604,-0.022792435741843503,0.016699112521900476,
1791390699.911615,balance,0.06313888114964489,-0.013111885886652653,0.06215232967768141,-0.1668781446509571,-0.0003490480520979,0.0006375034198655743,0.17415010542291234,-0.2643892914844904,0.0,0.050233584921972455,False,0.0,0.0,0.0030780215340148035,0.0015361285700613435,0.1835995660144428,0.1818740249535716,2.13,-3.2800000000000002,0.021546150738103623,0.010752899990429405,-0.01696547302212884,0.008466850386164886,
1791390699.9216776,balance,0.06149291120562545,-0.013705591672119665,0.06049413871391566,-0.18090523126626554,-0.00036126907184421547,0.0006375034198655743,0.174073196000468,-0.2599716480551012,0.0,0.04762160735526051,False,0.0,0.0,0.0009991985848673728,-0.00014500146079067904,0.1835995660144428,0.18167080140947076,2.09,-3.31,0.0069943900940716095,-0.0010150102255347532,-0.005507393774859535,-0.0007992206500273647,
1791390699.931637,balance,0.05988785449806454,-0.014162799563438501,0.05889947398388443,-0.1245906915226803,-0.0003508770943145244,0.0006375034198655743,0.17415000388514382,-0.25378780636771725,0.0,0.045055690174511824,False,0.0,0.0,0.001769940550993938,0.0009119980736006139,0.18380227246209999,0.18167080140947076,2.0,-3.37,0.012389583856957567,0.006383986515204297,-0.009755577840124067,0.005026761035593934,
1791390699.9416955,balance,0.05861435075826601,-0.014452136295549062,0.05762597024408591,-0.12431386496525794,-0.0003508770943145244,0.0006375034198655743,0.17415000388514382,-0.2439043604948984,0.0,0.04260481174124221,False,0.0,0.0,0.004186373826675664,0.0030409424494442054,0.18380227246209999,0.18167080140947076,1.92,-3.35,0.029304616786729645,0.021286597146109438,-0.023074501406873737,0.016761100115046803,
1791390699.951707,balance,0.05732009034201999,-0.014528724368898228,0.05634090491732451,-0.1473531445382039,-0.00034168200482990324,0.0006375034198655743,0.17422665281592487,-0.2380776384550971,0.0,0.04022239526042298,False,0.0,0.0,0.0036858748037756277,0.0021073006269439146,0.1840049739935406,0.18167080140947076,1.85,-3.35,0.025801123626429393,0.014751104388607402,-0.020315845375141254,0.01161504282567512,
1791390699.96158,balance,0.055752291874261006,-0.014397946051054352,0.054773106449565526,-0.14347066393435703,-0.00034168200482990324,0.0006375034198655743,0.17422665281592487,-0.23218047210850257,0.0,0.03788162416248191,False,0.0,0.0,0.0017884036659791826,0.0006256309516138446,0.1840049739935406,0.18167080140947076,1.9000000000000001,-3.35,0.012518825661854279,0.004379416661296913,-0.00985734304083014,0.0034483595758243407,
1791390699.9716454,balance,0.05438134643353869,-0.01423629233914043,0.05340216100884321,-0.14169664891368386,-0.00034168200482990324,0.0006375034198655743,0.17422665281592487,-0.22196754696499083,0.0,0.03563926460622576,False,0.0,0.0,0.0025155012988738556,0.0008437017934806337,0.1840049739935406,0.18167080140947076,1.8900000000000001,-3.36,0.01760850909211699,0.005905912554364436,-0.013864967789068495,0.004650324845956249,
1791390699.9816103,balance,0.053037835337570095,-0.013844373501613022,0.052058649912874615,-0.13911925882859635,-0.00034168200482990324,0.0006375034198655743,0.17422665281592487,-0.21491068690796902,0.0,0.03347367149695301,False,0.0,0.0,0.003269720221485004,0.0006848162006257239,0.1840049739935406,0.18167080140947076,1.87,-3.35,0.02288804155039503,0.004793713404380067,-0.01802207996094097,0.0037745774837638327,
1791390699.991578,balance,0.05149838967361444,-0.013021696779641302,0.05051920424891896,-0.15328730719575911,-0.00034168200482990324,0.0006375034198655743,0.17422665281592487,-0.21327390685006922,0.0,0.03134110202162408,False,0.0,0.0,0.0011066039220851442,-0.0013925692394496589,0.1840049739935406,0.18167080140947076,1.8800000000000001,-3.31,0.00774622745459601,-0.009747984676147611,-0.006099391696532291,-0.0076755784851555995,
1791390700.00163,balance,0.050004666441763414,-0.012179632688728527,0.04902548101706793,-0.14146545876848182,-0.00034168200482990324,0.0006375034198655743,0.17422665281592487,-0.21247495906923267,0.0,0.02920890855695039,False,0.0,0.0,-0.0006823513070519032,-0.0024402851321498296,0.1840049739935406,0.18167080140947076,1.92,-3.31,-0.004776459149363322,-0.017081995925048808,0.0037609914561915923,-0.013450390492164415,
1791390700.0115774,balance,0.048879696979334426,-0.011275693424523439,0.0479035275099095,-0.09496664880945062,-0.00033866604955934757,0.0006375034198655743,0.17422691332968568,-0.20496995067841436,0.0,0.027142951720555506,False,0.0,0.0,0.0011784010735778423,0.0009309190815261894,0.18380227246209999,0.1818740249535716,2.0300000000000002,-3.16,0.008248807515044896,0.006516433570683326,-0.0064951240275944065,0.005131050055656163,
1791390700.021666,balance,0.04807235261297719,-0.010106962835682487,0.04709618314355226,-0.06034430505510166,-0.00033866604955934757,0.0006375034198655743,0.17422691332968568,-0.1994550441355882,0.0,0.025136959293027828,False,0.0,0.0,0.004145419350249819,0.004794887250810662,0.18380227246209999,0.1818740249535716,2.07,-3.18,0.02901793545174873,0.03356421075567463,-0.022848768072243095,0.026428512406043016,
1791390700.03163,balance,0.04739562408574883,-0.008653349206950975,0.04640907261378535,-0.0775722689785453,-0.0003490480520979,0.0006375034198655743,0.17415010542291234,-0.19872026124105174,0.0,0.02315652959616158,False,0.0,0.0,0.004182363903100642,0.005473290999095582,0.1835995660144428,0.1818740249535716,2.22,-3.14,0.029276547321704493,0.03831303699366907,-0.02305239946590905,0.030167745664306356,
1791390700.0415812,balance,0.04659451163444519,-0.007129382958529674,0.04559754451692916,-0.08327914346662443,-0.00035946369765045214,0.0006375034198655743,0.17407329426122753,-0.19713753856406946,0.0,0.021188008746078898,False,0.0,0.0,0.0028769549258884954,0.004083476199604946,0.18339669919636176,0.1818740249535716,2.34,-3.19,0.020138684481219467,0.028584333397234624,-0.01585723187497596,0.022507349131680805,
1791390700.0517142,balance,0.04572391858974293,-0.005761429194709606,0.044728177753343104,-0.09300329234291367,-0.0003582374165342489,0.0006375034198655743,0.17407333388731586,-0.1913111153781041,0.0,0.01926722419624295,False,0.0,0.0,0.0018620932582873915,0.0030581173557516932,0.18319383237828066,0.18207724849767246,2.38,-3.04,0.01303465280801174,0.02140682149026185,-0.01026350614804074,0.016855764952962086,
1791390700.0616946,balance,0.044681637864177316,-0.004368010642238681,0.04367547272992158,-0.09854970720166281,-0.0003686617143901609,0.0006375034198655743,0.17399652274230687,-0.18257221132823923,0.0,0.017421197494550237,False,0.0,0.0,0.0013832451474579564,0.0021595109359074057,0.18299090309463303,0.18207724849767246,2.5100000000000002,-3.06,0.009682716032205694,0.01511657655135184,-0.007624185852130467,0.011902816182166803,
1791390700.0715864,balance,0.04353890678589934,-0.003064959060920392,0.042532741651643606,-0.12176212707784811,-0.0003686617143901609,0.0006375034198655743,0.17399652274230687,-0.17620540258829356,0.0,0.01564779684821846,False,0.0,0.0,0.0004220908196797802,0.00023097586110032274,0.18299090309463303,0.18207724849767246,2.59,-3.0300000000000002,0.0029546357377584613,0.001616831027702259,-0.0023264848328806782,0.0012730952974033536,
1791390700.0816984,balance,0.04239217947576817,-0.0017905364601451949,0.04138724116578845,-0.1135045871705728,-0.0003674348901141454,0.0006375034198655743,0.1739965623664318,-0.16839227333546541,0.0,0.013942049956330976,False,0.0,0.0,0.0003418395860068948,5.693710607683331e-05,0.18278792047945228,0.18228032526567667,2.6,-3.0,0.0023928771020482634,0.0003985597425378332,-0.0018841551984631994,0.0003138265689274277,
1791390700.0916414,balance,0.04122232978639289,-0.0003650333540611819,0.04021739147641317,-0.11676517498322206,-0.0003674348901141454,0.0006375034198655743,0.1739965623664318,-0.1632062268238031,0.0,0.012288505616333953,False,0.0,0.0,-4.1964835168186446e-05,-0.0002504242287268848,0.18278792047945228,0.18228032526567667,2.69,-2.87,-0.0002937538461773051,-0.0017529696010881934,0.0002313022410844922,-0.0013802910244788925,
1791390700.1016152,balance,0.04021836806287808,0.0006766604672446784,0.03922507978703576,-0.08857325547977955,-0.0003557848559767457,0.0006375034198655743,0.1740734131402777,-0.1531550174468175,0.0,0.01073790825785772,False,0.0,0.0,0.0017975471212483812,0.00230222852975102,0.18278792047945228,0.1824833928624771,2.69,-2.68,0.012582829848738668,0.016115599708257138,-0.009907740038376904,0.012689448589178849,
1791390700.111631,balance,0.039166638764711936,0.0017562803016971868,0.03818499024091779,-0.10704378149755964,-0.00034414510392857117,0.0006375034198655743,0.17415026393772856,-0.15007359762279454,0.0,0.009223557117749533,False,0.0,0.0,0.0011916947232647258,0.0018165108405023122,0.18278792047945228,0.18268642214220357,2.66,-2.56,0.00834186306285308,0.012715575883516185,-0.00656839611248274,0.010012264475209594,
1791390700.1215892,balance,0.03803216104105713,0.0026616377335175823,0.03706150447685729,-0.12061922510571967,-0.00033315314433425905,0.0006375034198655743,0.17422709413659285,-0.14052100726931827,0.0,0.007785807249066138,False,0.0,0.0,0.0007640944257390763,0.0010772992071370073,0.18278792047945228,0.1828894047573843,2.65,-2.45,0.005348660980173534,0.007541094449959051,-0.0042115440788767985,0.005937869645637047,
1791390700.1316304,balance,0.03675229231608146,0.0035210678586525186,0.0357920306126444,-0.13774875707594988,-0.0003227582835714782,0.0006375034198655743,0.17430390534594606,-0.13598930300306789,0.0,0.006411703883263525,False,0.0,0.0,-0.000311301462539763,-0.0006118483668072318,0.18278792047945228,0.18309238737256509,2.63,-2.5100000000000002,-0.002179110237778341,-0.004282938567650623,0.0017158348328963314,-0.003372392572953246,
1791390700.1416838,balance,0.035340100638752446,0.004139544943916461,0.03437983893531539,-0.1441988236266221,-0.0003227582835714782,0.0006375034198655743,0.17430390534594606,-0.12962035921368603,0.0,0.005093171320607915,False,0.0,0.0,-0.0019542092044140336,-0.002549891741370534,0.18278792047945228,0.18309238737256509,2.65,-2.39,-0.013679464430898236,-0.017849242189593738,0.010771231835352942,-0.014054521409128927,
1791390700.1516428,balance,0.03405964628862671,0.004435350684892773,0.03310977028849582,-0.11893503620790875,-0.0003123725802653132,0.0006375034198655743,0.1743807165741168,-0.12306436322946022,0.0,0.0038492185357495625,False,0.0,0.0,-0.0011082130992366896,-0.001195201095658282,0.18278792047945228,0.18329525876167316,2.64,-2.4,-0.007757491694656828,-0.008366407669607974,0.00610826117689514,-0.0065877225744944675,
1791390700.1616828,balance,0.0327412526454657,0.004814442707861701,0.03179137664533481,-0.14426275815338208,-0.0003123725802653132,0.0006375034198655743,0.1743807165741168,-0.11837193024182696,0.0,0.0026478346966612755,False,0.0,0.0,-0.002908437386785112,-0.0024180293446828998,0.18278792047945228,0.18329525876167316,2.64,-2.32,-0.020359061707495785,-0.0169262054127803,0.016030757249996683,-0.013327720797464802,
1791390700.1716151,balance,0.03143656670929538,0.004701795131386844,0.030475105313930426,-0.125717362630705,-0.0003239579754993789,0.0006375034198655743,0.17430386652003466,-0.11367536986596266,0.0,0.0014924893612602644,False,0.0,0.0,-0.0032508715593539995,-0.001656613660374838,0.18258493369347872,0.18329525876167316,2.68,-2.33,-0.022756100915477997,-0.011596295622623867,0.01791818969722677,-0.009130941435136902,
1791390700.1816897,balance,0.03025969320880525,0.004626083574960857,0.0292982318134403,-0.11406992399171167,-0.0003239579754993789,0.0006375034198655743,0.17430386652003466,-0.10581104860626028,0.0,0.0004140990846050955,False,0.0,0.0,-0.0022034330273848395,-0.0008112657494968372,0.18258493369347872,0.18329525876167316,2.7800000000000002,-2.34,-0.015424031191693877,-0.005678860246477861,0.012144906450152659,-0.00447154350116367,
1791390700.191572,balance,0.029013999608181563,0.004190255154664005,0.02804214282083114,-0.13760218246407802,-0.00033435336748484715,0.0006375034198655743,0.1742270553128552,-0.10361815911601857,0.0,-0.0006319337932894271,False,0.0,0.0,-0.0035652590542602242,-0.002759367837582021,0.18258493369347872,0.18309238737256509,2.77,-2.48,-0.02495681337982157,-0.01931557486307415,0.01965103415733982,-0.015209114065412716,
1791390700.2016637,balance,0.027847680622822175,0.003917736408867287,0.026875823835471754,-0.12201526810811118,-0.00033435336748484715,0.0006375034198655743,0.1742270553128552,-0.09884863067284404,0.0,-0.0016325026180003827,False,0.0,0.0,-0.00368143600334906,-0.002272691099794335,0.18258493369347872,0.18309238737256509,2.79,-2.46,-0.02577005202344342,-0.015908837698560344,0.02029137954601844,-0.012526643857134128,
1791390700.2116394,balance,0.02678303847218337,0.0034175545095824593,0.02581118168483295,-0.10446453970631621,-0.00033435336748484715,0.0006375034198655743,0.1742270553128552,-0.09429569655050417,0.0,-0.002594470250765121,False,0.0,0.0,-0.0033585350748151087,-0.0013147448932507928,0.18258493369347872,0.18309238737256509,2.79,-2.49,-0.02350974552370576,-0.00920321425275555,0.018511610648587213,-0.007246625395870512,
1791390700.2216752,balance,0.025736459082535548,0.0026134278372192364,0.024776197379098495,-0.11009254489069839,-0.0003227582835714782,0.0006375034198655743,0.17430390534594606,-0.09182645825074098,0.0,-0.003516106926739265,False,0.0,0.0,-0.0032402766363893508,-0.0018649538906925062,0.18278792047945228,0.18309238737256509,2.7600000000000002,-2.49,-0.022681936454725455,-0.013054677234847543,0.01785979248403579,-0.010279273413265781,
1791390700.231623,balance,0.024569340508330387,0.001740100166075623,0.023609078804893335,-0.1257473277777339,-0.0003227582835714782,0.0006375034198655743,0.17430390534594606,-0.08902400921949158,0.0,-0.004411357321112714,False,0.0,0.0,-0.004594908986660338,-0.004229458642030884,0.18278792047945228,0.18309238737256509,2.61,-2.5,-0.03216436290662236,-0.02960621049421619,0.02532627000521446,-0.02331197676709936,
1791390700.2416675,balance,0.023432770999503045,0.0009254653346111966,0.022472509296065993,-0.10718114842874647,-0.0003227582835714782,0.0006375034198655743,0.17430390534594606,-0.08618532718462016,0.0,-0.005274117907246197,False,0.0,0.0,-0.0041144966500388635,-0.004694383498812818,0.18278792047945228,0.18309238737256509,2.6,-2.5,-0.028801476550272043,-0.032860684491689725,0.02267832799234019,-0.025874554717865924,
1791390700.2516158,balance,0.022660805580335664,1.8021231991390539e-06,0.02170054387689861,-0.05414782180997744,-0.00032275828357148165,0.0006375034198655743,0.17430390534594606,-0.07955418445984448,0.0,-0.006095211348234104,False,0.0,0.0,-0.00032298975353596017,-0.00226487942482778,0.18299090309463303,0.1828894047573843,2.58,-2.5,-0.002260928274751721,-0.01585415597379446,0.0017802584840564733,-0.01248358738094052,
1791390700.2616382,balance,0.02208940470641309,-0.0012407965915072964,0.021129143002976036,-0.08484721349390403,-0.00032275828357148165,0.0006375034198655743,0.17430390534594606,-0.07938777322540914,0.0,-0.006873471897935787,False,0.0,0.0,0.0008506172141996981,-0.0023754039177106387,0.18299090309463303,0.1828894047573843,2.49,-2.67,0.005954320499397887,-0.01662782742397447,-0.004688441338108572,-0.013092777499192496,
1791390700.2717192,balance,0.021086715376455047,-0.002356030125011064,0.020115471143329584,-0.09816675812476282,-0.000333740813259889,0.0006375034198655743,0.17422707512717414,-0.08280360502236199,0.0,-0.0077065089581821586,False,0.0,0.0,-0.0029035873401800152,-0.006062580383897751,0.18299090309463303,0.18268642214220357,2.5,-2.67,-0.020325111381260107,-0.042438062687284256,0.016004024709653626,-0.033415797391562405,
1791390700.281736,balance,0.020528918373995564,-0.003119196457978904,0.0195576741408701,-0.0343265057961222,-0.000333740813259889,0.0006375034198655743,0.17422707512717414,-0.07808660867527306,0.0,-0.00849622162113767,False,0.0,0.0,-0.00017564239161890307,-0.0023380534172836027,0.18299090309463303,0.18268642214220357,2.52,-2.79,-0.0012294967413323215,-0.01636637392098522,0.0009681076703404106,-0.012886908599200959,
1791390700.2917285,balance,0.020619209884374008,-0.0037588837346000446,0.019636335624374297,0.044690490054858235,-0.00034537084013413696,0.0006375034198655743,0.17415022430863203,-0.07066447612629102,0.0,-0.009227044437067749,False,0.0,0.0,0.0066011924767979385,0.005477836857840869,0.18299090309463303,0.1824833928624771,2.52,-2.98,0.04620834733758557,0.03834485800488609,-0.0363845254626658,0.030192801578650463,
1791390700.3016195,balance,0.021253834029676972,-0.0049908996594810635,0.020259319473835052,0.06337070183316516,-0.0003570111359763456,0.0006375034198655743,0.1740733735136659,-0.05349971891612621,0.0,-0.00980480424032771,False,0.0,0.0,0.013896833204485473,0.013714565765021194,0.18299090309463303,0.18228032526567667,2.5500000000000003,-3.14,0.09727783243139831,0.09600196035514835,-0.07659671844991993,0.07559209476783335,
1791390700.3115995,balance,0.02133692207747749,-0.006158708134337807,0.020330756943221756,-0.06426763486017048,-0.0003686617143901609,0.0006375034198655743,0.17399652274230687,-0.04370104116377561,0.0,-0.010260440557711225,False,0.0,0.0,0.010540315147790098,0.011891992802962154,0.18299090309463303,0.18207724849767246,2.56,-3.2600000000000002,0.07378220603453069,0.08324394962073507,-0.05809622522403991,0.06554641702420085,
1791390700.3216128,balance,0.020125609589987284,-0.006937906256412617,0.019097340310932874,-0.15581140264614898,-0.0003907658591888359,0.0006375034198655743,0.1738428608896801,-0.035248674253847596,0.0,-0.010638051967775161,False,0.0,0.0,0.0021336054017824222,0.003517928873258064,0.18278792047945228,0.1818740249535716,2.56,-3.29,0.014935237812476956,0.02462550211280645,-0.011760029773603901,0.019390159143942085,
1791390700.3316529,balance,0.018668752259797937,-0.007327927012839094,0.017640482980743527,-0.13609484578551675,-0.0003907658591888359,0.0006375034198655743,0.1738428608896801,-0.02288766844170614,0.0,-0.01090139200373283,False,0.0,0.0,0.0008569937191449181,0.0013259000169598427,0.18278792047945228,0.1818740249535716,2.66,-3.21,0.005998956034014426,0.009281300118718899,-0.004723587428357816,0.00730811032969992,
1791390700.341622,balance,0.01730566216506453,-0.007812908518061441,0.0162755851010512,-0.11208187377243599,-0.0003925736441477562,0.0006375034198655743,0.1738427626387582,-0.014506759658282301,0.0,-0.011064067644254926,False,0.0,0.0,0.0027965788659951875,0.0019160804886669536,0.18299090309463303,0.18167080140947076,2.62,-3.39,0.019576052061966314,0.013412563420668676,-0.01541421422202072,0.010561073559581635,
1791390700.3517053,balance,0.016598032475237456,-0.008317158277350323,0.015544088665620221,-0.06274425145165381,-0.0003925736441477562,0.0006613701654694781,0.1738427626387582,-0.01147940629131967,0.0,-0.011190421470174274,False,0.0,0.0,0.007341653581364159,0.006057980048330155,0.18299090309463303,0.18167080140947076,2.48,-3.35,0.05139157506954911,0.042405860338311084,-0.04046580714137725,0.03339044121126857,
1791390700.36164,balance,0.016408554256972796,-0.008600589295735758,0.015377295552278398,0.012145208023311063,-0.00036988853922492043,0.0006613701654694781,0.17399648311844387,-0.006159414944752937,0.0,-0.011268076252234003,False,0.0,0.0,0.014008146708706475,0.012862044710051777,0.18319383237828066,0.1818740249535716,2.41,-3.15,0.09805702696094531,0.09003431297036243,-0.07721025744956324,0.07089315981918302,
1791390700.3717327,balance,0.016581700376879234,-0.009009149137113,0.015550441672184835,0.025249689405005785,-0.00036988853922492043,0.0006613701654694781,0.17399648311844387,-0.001669488679439873,0.0,-0.011293536959928841,False,0.0,0.0,0.018902175452683887,0.017406622189561564,0.18319383237828066,0.1818740249535716,2.2800000000000002,-3.18,0.1323152281687872,0.12184635532693094,-0.1041852190305411,0.09594201206844956,
1791390700.3816833,balance,0.016765443429973836,-0.009515603627844952,0.015697552317573887,0.006390088851727869,-0.00035946369765045214,0.0007084274147494948,0.17407329426122753,-0.000914860550487994,0.0,-0.011303207276768758,False,0.0,0.0,0.020403773111706033,0.018250160900777714,0.18339669919636176,0.1818740249535716,2.22,-3.16,0.14282641178194222,0.127751126305444,-0.11246174156058443,0.10059143803578267,
1791390700.3915744,balance,0.01652212729078853,-0.009785629923743745,0.01545282302750142,-0.025873003503258482,-0.00033741639528401396,0.0007318878680030946,0.17422695623400622,0.0008425938150001091,0.0,-0.011302845814024621,False,0.0,0.0,0.01782733455496809,0.015529618152525378,0.1835995660144428,0.18207724849767246,2.22,-3.14,0.12479134188477663,0.10870732706767765,-0.09826089912187136,0.08559632052573043,
1791390700.4015875,balance,0.01626441072617646,-0.009662388060284492,0.015172065725505711,-0.03669552302841122,-0.00033741639528401396,0.0007549286053867337,0.17422695623400622,0.004210213352399397,0.0,-0.011275920280786715,False,0.0,0.0,0.016698067310799918,0.014869335035107668,0.1835995660144428,0.18207724849767246,2.15,-3.09,0.11688647117559942,0.10408534524575368,-0.09203659147684994,0.08195696476043597,
1791390700.4115753,balance,0.016215607952955697,-0.009511056951531363,0.015123262952284949,0.010320491830044584,-0.00033741639528401396,0.0007549286053867337,0.17422695623400622,0.011124136427677456,0.0,-0.011179365887168861,False,0.0,0.0,0.02014846107986901,0.018474225316009604,0.1835995660144428,0.18207724849767246,2.16,-3.09,0.14103922755908307,0.12931957721206722,-0.1110545098890418,0.10182643874965923,
1791390700.4224355,balance,0.016157240483115752,-0.009634090344726582,0.01503190782916496,-0.017986880663224614,-0.00034782231421879445,0.000777510339731999,0.17415014505122395,0.014446459010226599,0.0,-0.011037720136884711,False,0.0,0.0,0.021146087882696438,0.018516305682562826,0.18339669919636176,0.18207724849767246,2.25,-3.08,0.14802261517887505,0.12961413977793979,-0.11655324029832681,0.10205837777790534,
1791390700.4316308,balance,0.0160029439630121,-0.009775525481845813,0.01482127256719401,-0.015648535562589043,-0.00035946369765045214,0.0008222076981676367,0.17407329426122753,0.015429696614736059,0.0,-0.010889596787831612,False,0.0,0.0,0.02202557419809656,0.01726120759120235,0.18339669919636176,0.1818740249535716,2.27,-3.13,0.15417901938667591,0.12082845313841646,-0.12140080266667394,0.09514051428221769,
1791390700.4416394,balance,0.01595855227060638,-0.00954668345439482,0.01477688087478829,0.02751973335497625,-0.00035946369765045214,0.0008222076981676367,0.17407329426122753,0.0236793474112157,0.0,-0.010672483183447573,False,0.0,0.0,0.025898053158480618,0.01988981232633898,0.18339669919636176,0.1818740249535716,2.32,-3.22,0.18128637210936432,0.13922868628437285,-0.14274517488926325,0.10962888683808886,
1791390700.4516952,balance,0.016727796962244485,-0.00917214239253232,0.015546125566426396,0.11251281869149286,-0.00035946369765045214,0.0008222076981676367,0.17407329426122753,0.03749808233271729,0.0,-0.010339323633054237,False,0.0,0.0,0.03540686177572673,0.029890168299443947,0.18339669919636176,0.1818740249535716,2.34,-3.24,0.24784803243008713,0.20923117809610764,-0.1951559310473127,0.1647489591307934,
1791390700.46166,balance,0.017896538916669057,-0.009001327314001469,0.0167044426792765,0.11299544438515323,-0.00036988853922492043,0.0008222076981676367,0.17399648311844387,0.047911788292169195,0.0,-0.009881317231608896,False,0.0,0.0,0.04145963865881077,0.03871159788322816,0.18319383237828066,0.1818740249535716,2.44,-3.27,0.2902174706116754,0.2709811851825971,-0.22851769339502,0.21337101195480088,
1791390700.4716372,balance,0.019101762193793354,-0.008694596068550135,0.01788698085147796,0.14463461032011735,-0.0003925736441477562,0.0008222076981676367,0.1738427626387582,0.0520562315928247,0.0,-0.009369999756730397,False,0.0,0.0,0.04507085039974724,0.04564141389162331,0.18299090309463303,0.18167080140947076,2.5100000000000002,-3.3000000000000003,0.31549595279823067,0.3194898972413632,-0.248422010077347,0.2515668482215458,
1791390700.481599,balance,0.021650121242082418,-0.008143629976091025,0.020424886591930227,0.37555895645455,-0.00040302695198455446,0.0008222076981676367,0.17376595155611338,0.06830882844459693,0.0,-0.008738081741758445,False,0.0,0.0,0.0638649256503617,0.06642986916481,0.18278792047945228,0.18167080140947076,2.68,-3.39,0.44705447955253186,0.46500908415367004,-0.35201140122246605,0.3661488851603701,
1791390700.4916253,balance,0.02650206226828279,-0.00745549031958596,0.02525224957564222,0.5569627749415257,-0.0004276049944729361,0.0008222076981676367,0.17361212889528413,0.09638244517534386,0.0,-0.007849031794547363,False,0.0,0.0,0.09385726799717509,0.0955881761390075,0.18258493369347872,0.18146750672806256,2.84,-3.46,0.6570008759802256,0.6691172329730525,-0.5173235243938784,0.5268639629709074,
1791390700.5016162,balance,0.032624318559058695,-0.006935466438789033,0.031338125027454145,0.619055082085279,-0.0004639858334369133,0.0008222076981676367,0.17338145495450913,0.13758606437036508,0.0,-0.006577177537457283,False,0.0,0.0,0.12357696966960667,0.12106090002715879,0.1821787984998778,0.1812641580410549,3.08,-3.69,0.8650387876872467,0.8474263001901116,-0.6811329036907454,0.6672648032993004,
1791390700.511602,balance,0.0381727425283716,-0.00652788965490577,0.036848858316233746,0.48858804136466244,-0.0005016765139702166,0.0008222076981676367,0.17315065912335365,0.19071761913633942,0.0,-0.004803516194958919,False,0.0,0.0,0.13866423900214295,0.1349568167506597,0.18197564376362416,0.1808573791256606,3.21,-3.97,0.9706496730150006,0.9446977172546179,-0.7642910811141737,0.7438564702792267,
1791390700.5216722,balance,0.04191201954258504,-0.005892370777855778,0.040562964634912865,0.2627112518840805,-0.0005268472095045322,0.0008222076981676367,0.17299686824010738,0.25588582389216635,0.0,-0.002420278601468823,False,0.0,0.0,0.14041348958197147,0.1398528635591199,0.1817724202195233,0.1806539548074597,3.45,-4.17,0.9828944270738003,0.9789700449138394,-0.7739326197431498,0.7708425550502672,
1791390700.531683,balance,0.043678059287390124,-0.004843546486701476,0.04228913566901421,0.08449374248287735,-0.0005667159202082696,0.0008222076981676367,0.17276602019196136,0.33931457866258125,0.0,0.0007673429234143917,False,0.0,0.0,0.14090570102833144,0.145942496049477,0.18136583942689477,0.1804504333266811,3.5500000000000003,-4.2,0.9863399071983201,1.021597472346339,-0.7766455962191496,0.8044074585404244,
1791390700.5415883,balance,0.04368466396187621,-0.003977551090992569,0.04228187285134592,-0.08663555278397415,-0.0005805834123626501,0.0008222076981676367,0.17268911478065008,0.4269122418892957,0.0,0.0048239633960094576,False,0.0,0.0,0.14294786883959973,0.15125938858254948,0.18136583942689477,0.18024684370521019,3.64,-4.21,1.000635081877198,1.0588157200778463,-0.7879016392733843,0.833713165415627,
1791390700.5516632,balance,0.041529840652323166,-0.0034711145323575916,0.04012704954179287,-0.29996917556745806,-0.0005805834123626501,0.0008222076981676367,0.17268911478065008,0.5279795521180746,0.0,0.009845198093279647,False,0.0,0.0,0.14467742687067706,0.15177226359915344,0.18136583942689477,0.18024684370521019,3.58,-4.28,1.0127419880947395,1.062405845194074,-0.7974346362950704,0.8365400355858851,
1791390700.5616193,balance,0.037429016447501705,-0.0026509533313861552,0.03601316503155655,-0.5158160893610602,-0.0005936437177775193,0.0008222076981676367,0.17261214236356692,0.629196314081764,0.0,0.015896701410675288,False,0.0,0.0,0.146922578381232,0.14982175016485236,0.18116249073988713,0.18024684370521019,3.79,-4.2,1.028458048668624,1.0487522511539664,-0.8098094871406487,0.8257891741369814,
1791390700.5715852,balance,0.03132915289043779,-0.0016462778456510618,0.02988632562368181,-0.70222693837362,-0.0006206195685883459,0.0008222076981676367,0.172458264660558,0.7246453887645554,0.0,0.022918240392791125,False,0.0,0.0,0.14635633039572188,0.14607733063706901,0.18095909832971635,0.18004324671175093,3.79,-4.21,1.0244943127700532,1.022541314459483,-0.8066884352520104,0.8051506413066796,
1791390700.5815742,balance,0.022819684352535095,-0.001510961150287026,0.021404652480970926,-0.9440661491686853,-0.000592824173396532,0.0008222076981676367,0.17261207532467204,0.831799060835098,0.7455682307859721,0.0004311541502456295,False,0.0,0.0,0.053894025913867646,0.05271452573563277,0.18095909832971635,0.1804504333266811,3.81,-3.96,0.3772581813970735,0.36900168014942936,-0.29705368613942795,0.29055250405466876,
1791390700.5915928,balance,0.012122230547645954,-0.002161848008947202,0.010734518644370156,-1.2048373401921733,-0.000565504205108161,0.0008222076981676367,0.17276592099202465,0.9158925272755246,0.8081293676842294,0.0005388157979564762,False,0.0,0.0,-0.039006298925670424,-0.03813984964593097,0.18095909832971635,0.1808573791256606,3.88,-3.66,-0.27304409247969297,-0.2669789475215168,0.21499534840920706,-0.21021964371772975,
1791390700.6015859,balance,-0.0005465496431811802,-0.0026724918417870462,-0.0018821865016921797,-1.1905832129032523,-0.0005134291603433629,0.0008222076981676367,0.1730738110898556,0.9185526409858739,0.0,0.004706265006058242,False,0.0,0.0,0.0023292427429194677,0.0070721755129543665,0.18116249073988713,0.18146750672806256,3.6,-3.08,0.016304699200436274,0.049505228590680565,-0.012838345827115176,0.03898049495329178,
1791390700.6116245,balance,-0.00844527502654074,-0.0025059478002084903,-0.009706195396957606,-0.4154070507259593,-0.00043871267224922933,0.0008222076981676367,0.17353533933829923,0.9139268464304738,0.0,0.013823991870693561,False,0.0,0.0,0.10590641383212776,0.11355393639118709,0.1815691881139024,0.18228032526567667,3.4,-2.82,0.7413448968248944,0.7948775547383097,-0.5837361392322002,0.6258878383766218,
1791390700.621582,balance,-0.007185756933445307,-0.0020360654021773024,-0.008398705465323232,0.4471598636202958,-0.00039074083371028884,0.0008222076981676367,0.17384286169714006,1.0137533741732656,0.812525481585649,0.0010061394629380831,False,0.0,0.0,0.0664767320041721,0.07582661743998295,0.1821787984998778,0.1824833928624771,3.0100000000000002,-2.7600000000000002,0.46533712402920474,0.5307863220798806,-0.3664071842749644,0.4179419858896698,
1791390700.63162,balance,-0.004553946218007646,-0.0016933741462244734,-0.005766894749885579,-0.11206925142966942,-0.0003907408337102958,0.0008222076981676367,0.17384286169714006,1.0693680864957968,0.9202731078813258,0.0007454748930723554,False,0.0,0.0,0.05331237485219941,0.061525255156158136,0.18238186609667828,0.18228032526567667,2.89,-3.04,0.37318662396539587,0.43067678609310694,-0.29384773540582354,0.33911557960087163,
1791390700.6416273,balance,-0.010388092085488758,-0.0020132284995647795,-0.011555670623790532,-0.762226872423985,-0.00034537084013413696,0.0008222076981676367,0.17415022430863203,1.0845009453838919,0.843940488502051,0.0012028022844092045,False,0.0,0.0,-0.003268242055045934,0.003492077433029067,0.18299090309463303,0.1824833928624771,2.29,-2.74,-0.02287769438532154,0.02444454203120347,0.018013932586867353,0.019247670890711395,
1791390700.65159,balance,-0.018290169986888163,-0.00189946342779382,-0.019425337414268433,-0.8924340126824313,-0.0003129597292126328,0.0008222076981676367,0.17438069756257032,1.0773976039758493,0.9188085624664148,0.0007929452075471721,False,0.0,0.0,-0.04829565008385299,-0.044616681276807235,0.18339669919636176,0.18268642214220357,2.33,-2.7,-0.3380695505869709,-0.31231676893765065,0.26619649652517396,-0.2459187156989375,
1791390700.6616056,balance,-0.027058446484576767,-0.0014404436643636444,-0.028193613911957037,-0.7270939489186867,-0.0003129597292126328,0.0008222076981676367,0.17438069756257032,1.045175482594482,0.0,0.00584325275665912,False,0.0,0.0,0.02946106693416707,0.030501402386428126,0.18339669919636176,0.18268642214220357,2.35,-2.52,0.2062274685391695,0.21350981670499689,-0.16238383349540905,0.16811796590944636,
1791390700.6716516,balance,-0.03160365163300584,-0.0020050698903013907,-0.03271748792884377,-0.2298474034083727,-0.0002916285976702869,0.0008222076981676367,0.17453433908681126,1.046434460011241,0.8712549808747218,0.0008758973956825961,False,0.0,0.0,-0.018846355753264456,-0.020817977540182876,0.18339669919636176,0.18309238737256509,2.22,-2.31,-0.1319244902728512,-0.14572584278128012,0.10387755139594582,-0.11474475809549615,
1791390700.6816177,balance,-0.031620004807084066,-0.0030360879022350335,-0.03271313360530827,0.04773790037762444,-0.0002709211000565641,0.0008222076981676367,0.17468796167447806,1.0638226152100216,1.0444978635908524,9.662375809584623e-05,False,0.0,0.0,-0.015716024366438215,-0.017529071787558366,0.1835995660144428,0.18329525876167316,2.2600000000000002,-2.3000000000000003,-0.11001217056506751,-0.12270350251290857,0.08662375635044686,-0.09661693111252644,
1791390700.691602,balance,-0.0320420660616436,-0.0032848090328567807,-0.03313519485986781,-0.1098536639673215,-0.0002709211000565641,0.0008222076981676367,0.17468796167447806,1.026679199052356,0.0,0.010511204983553969,False,0.0,0.0,0.14083575872074597,0.142426017036481,0.1835995660144428,0.18329525876167316,2.15,-2.32,0.9858503110452218,0.996982119255367,-0.7762600874371826,0.7850252907522575,
1791390700.7016115,balance,-0.03347106297340973,-0.0026517057630706933,-0.03456419177163393,-0.1517488963266457,-0.0002709211000565641,0.0008222076981676367,0.17468796167447806,1.0485792222878503,0.829027694333262,0.0010977576397729416,False,0.0,0.0,0.021869405620501926,0.02707633239935496,0.1835995660144428,0.18329525876167316,2.22,-2.34,0.15308583934351347,0.1895343267954847,-0.12054003097914447,0.14923962739801946,
1791390700.7116227,balance,-0.03665449029308457,-0.0027752346274188735,-0.03777869401357452,-0.5947580895086025,-0.00030199602232231296,0.0008222076981676367,0.17445752782108012,1.07914398043529,0.8397717880183357,0.0011968609620847716,False,0.0,0.0,-0.012613930030550436,-0.005706029594056525,0.18339669919636176,0.1828894047573843,2.36,-2.82,-0.08829751021385306,-0.03994220715839567,0.06952559859358508,-0.03145055681763439,
1791390700.7216754,balance,-0.044823633400033355,-0.0025746628737289084,-0.04597041144176986,-0.8720217394203185,-0.0003245703435688606,0.0008222076981676367,0.17430384670192647,1.051890534022165,0.9951715776613694,0.0002835947818039775,False,0.0,0.0,-0.0868005313748132,-0.08173810955720054,0.18339669919636176,0.1824833928624771,2.32,-2.95,-0.6076037196236923,-0.5721667669004038,0.4784281256879467,-0.4505250133074046,
1791390700.7315776,balance,-0.05254073801007292,-0.0016357327784587447,-0.05372118312477481,-0.6296207123797327,-0.0003582374165342489,0.0008222076981676367,0.17407333388731586,1.0243687148029461,0.0,0.005460024492295346,False,0.0,0.0,-0.0029457903573484184,-0.0014448229770739947,0.18319383237828066,0.18207724849767246,2.52,-3.2,-0.02062053250143893,-0.010113760839517963,0.016236639764912544,-0.007963591212218868,
1791390700.7415874,balance,-0.05467758625211161,-0.0011953345080092806,-0.055868455664669414,0.1664276440721682,-0.0003686617143901609,0.0008222076981676367,0.17399652274230687,0.9930422373599612,0.0,0.01538776448495095,False,0.0,0.0,0.12356058930390051,0.12100942840285489,0.18299090309463303,0.18207724849767246,2.61,-3.06,0.8649241251273037,0.8470659988199842,-0.6810426182104753,0.6669811014330584,
1791390700.7515957,balance,-0.04990790201663841,-0.00206152928795725,-0.05112085054851634,0.5849636691971654,-0.00039074083371028884,0.0008222076981676367,0.17384286169714006,1.057618815027336,0.8559045459135446,0.0010085713455689571,False,0.0,0.0,0.060866127002213534,0.05599278772663523,0.18258493369347872,0.18207724849767246,2.83,-3.09,0.4260628890154947,0.3919495140864466,-0.3354825897759801,0.30862166463499735,
1791390700.7616055,balance,-0.04849228500857046,-0.003330026244407429,-0.04970523354044838,-0.3161106323370819,-0.00039074083371028884,0.0008222076981676367,0.17384286169714006,1.0906820173816383,0.8487504953014438,0.0012096576104009727,False,0.0,0.0,0.012637380363697683,0.009781883889851009,0.18258493369347872,0.18207724849767246,2.82,-3.06,0.08846166254588378,0.06847318722895707,-0.06965485239833369,0.05391589545587171,
1791390700.7716427,balance,-0.05554091511573148,-0.003007633398818756,-0.05674219301950069,-0.868717253580863,-0.0003790702056015692,0.0008222076981676367,0.17391971242373286,1.0573008607755932,0.9608420995671082,0.00048229380604242477,False,0.0,0.0,-0.08045377646170852,-0.08324376689198168,0.18258493369347872,0.18228032526567667,2.77,-2.81,-0.5631764352319597,-0.5827063682438718,0.44344601199366906,-0.4588239120030486,
1791390700.7816317,balance,-0.064278083691187,-0.002831540261302044,-0.06545605125316022,-0.8722360397513943,-0.00035575986380557284,0.0008222076981676367,0.17407341394788986,0.9895005200292629,0.0,0.010550955802745555,False,0.0,0.0,0.03156199648421619,0.028142629060481525,0.18258493369347872,0.18268642214220357,2.75,-2.48,0.22093397538951332,0.19699840342337066,-0.17396376014922307,0.15511685308926823,
1791390700.7916527,balance,-0.06947037397769809,-0.0034829314043580274,-0.07060495425613104,-0.061908464013204594,-0.0003123725802653132,0.0008222076981676367,0.1743807165741168,1.0090708672099151,0.8856383452773078,0.0006171626096630367,False,0.0,0.0,-0.0017437117385574142,-0.00170263547391554,0.18299090309463303,0.18309238737256509,2.33,-2.47,-0.012205982169901899,-0.01191844831740878,0.00961100958259992,-0.009384604974337622,
1791390700.8016465,balance,-0.06790294571010264,-0.0031285984704630962,-0.06904849910066323,0.07909615466424891,-0.00032334569239294425,0.0008222076981676367,0.17430388633546304,1.087738727861264,0.6689063157233065,0.0020941620606897875,False,0.0,0.0,0.011583971956560482,0.015300232935067284,0.18319383237828066,0.18268642214220357,2.4,-2.82,0.08108780369592337,0.10710163054547099,-0.06384866432749872,0.08433199255548897,
1791390700.8116457,balance,-0.07023224730242815,-0.0029041881346098387,-0.07137780069298873,-0.5251512070029949,-0.00032334569239294425,0.0008222076981676367,0.17430388633546304,1.0475041684439221,1.0301042876968276,8.699940373547266e-05,False,0.0,0.0,-0.0840546170819034,-0.07734978725932984,0.18319383237828066,0.18268642214220357,2.42,-2.7800000000000002,-0.5883823195733238,-0.5414485108153089,0.46329316501836515,-0.4263374100907944,
1791390700.8216374,balance,-0.07819447797761525,-0.0030576235337114394,-0.07932964540499553,-0.7631864517545253,-0.0003129597292126328,0.0008222076981676367,0.17438069756257032,0.9600271013306115,0.0,0.009902434347514238,False,0.0,0.0,0.016979011322155773,0.021274409457931274,0.18339669919636176,0.18268642214220357,2.1,-2.52,0.11885307925509041,0.14892086620551892,-0.09358510177566173,0.11726052457127474,
1791390700.831646,balance,-0.08201724459239627,-0.00370038959744081,-0.08313108088823422,-0.021233405036520023,-0.0002916285976703008,0.0008222076981676367,0.17453433908681124,0.9432775384498173,0.0,0.019266870165494356,False,0.0,0.0,0.082466144210514,0.0809858715671517,0.1835995660144428,0.1828894047573843,2.2,-2.56,0.577263009473598,0.566901100970062,-0.4545378027351165,0.4463788196614661,
1791390700.8415918,balance,-0.07887163372164131,-0.004277572545023922,-0.08000621400007427,0.41944688182515255,-0.0003123725802653132,0.0008222076981676367,0.1743807165741168,1.0412562939651806,0.6613653355031089,0.0018994547923103582,False,0.0,0.0,0.032458573651422656,0.028224550624604397,0.18319383237828066,0.1828894047573843,2.57,-2.61,0.2272100155599586,0.1975718543722308,-0.1789055240629595,0.15556838926947306,
1791390700.8516407,balance,-0.07816743266774244,-0.0047028689361058185,-0.07932338117916997,-0.3228312597791051,-0.000333740813259889,0.0008222076981676367,0.17422707512717414,1.0639495767546847,0.9801162921222994,0.00041916642316192635,False,0.0,0.0,-0.04054860686764859,-0.046052064275497684,0.18299090309463303,0.18268642214220357,2.5100000000000002,-2.69,-0.28384024807354014,-0.3223644499284838,0.22349625832562214,-0.2538302755342392,
1791390700.861631,balance,-0.08450148924809245,-0.004740546016884946,-0.0856360695265254,-0.7258389201425346,-0.0003123725802653132,0.0008222076981676367,0.1743807165741168,0.9993700355487989,0.0,0.010576237789813134,False,0.0,0.0,0.04051795955955999,0.03436007195821139,0.18299090309463303,0.18309238737256509,2.5100000000000002,-2.33,0.2836257169169199,0.24052050370747974,-0.22332733615505504,0.18938622339171632,
1791390700.8716164,balance,-0.09090054565760228,-0.004993349932229554,-0.09203512593603523,-0.5508446951766752,-0.0003123725802653132,0.0008222076981676367,0.1743807165741168,0.9815699539939425,0.9332205691379107,0.000241746924280159,False,0.0,0.0,-0.04726827762198356,-0.0527092483754294,0.18299090309463303,0.18309238737256509,2.41,-2.57,-0.33087794335388493,-0.36896473862800583,0.2605338136644763,-0.29052341624252426,
1791390700.88172,balance,-0.0934543774830008,-0.005576928684864516,-0.09458895776143375,-0.10285441355766034,-0.0003123725802653132,0.0008222076981676367,0.1743807165741168,1.0378081596251632,0.8092183105619152,0.0011429492453162399,False,0.0,0.0,-0.0769719831541076,-0.07469432996402818,0.18319383237828066,0.1828894047573843,2.5100000000000002,-2.81,-0.5388038820787532,-0.5228603097481973,0.4242550252588608,-0.4117010312977932,
1791390700.8916142,balance,-0.0960167353746023,-0.0045932914864848995,-0.09719595420874629,-0.3955684161455088,-0.0003570111359763456,0.0008222076981676367,0.1740733735136659,0.9815464157739281,0.0,0.011153699817826235,False,0.0,0.0,0.03755850680477354,0.04465718942837103,0.18299090309463303,0.18228032526567667,2.61,-3.24,0.2629095476334148,0.3126003259985972,-0.20701539183733447,0.2461419889752734,
1791390700.9016614,balance,-0.09877826191592115,-0.0045417474567589515,-0.09996913132847896,-0.11942069605163962,-0.0003686617143901609,0.0008222076981676367,0.17399652274230687,0.949233531310705,0.0,0.020615411302708407,False,0.0,0.0,0.0704403332044789,0.07777648783463643,0.18299090309463303,0.18207724849767246,2.5100000000000002,-3.02,0.4930823324313523,0.5444354148424551,-0.38825380506405693,0.42868930302555514,
1791390700.9116042,balance,-0.09812854961766673,-0.005643590719844284,-0.09931941903022454,0.1333340215751037,-0.0003686617143901609,0.0008222076981676367,0.17399652274230687,0.9937227650107322,0.8922504826664415,0.0005073614117214537,False,0.0,0.0,0.008538122286666236,0.012150972585305722,0.18299090309463303,0.18207724849767246,2.59,-3.13,0.059766856006663656,0.08505680809714006,-0.047060516540680046,0.06697386464341737,
1791390700.921604,balance,-0.09978140509943274,-0.006808858137551506,-0.10099437865678922,-0.5131335397691899,-0.0003907658591888359,0.0008222076981676367,0.1738428608896801,1.0181643910483684,0.9236932659256478,0.000472355625613603,False,0.0,0.0,-0.08919631722127569,-0.09156859475321479,0.18278792047945228,0.1818740249535716,2.71,-3.21,-0.6243742205489298,-0.6409801632725035,0.49163324452671636,-0.5047087899783492,
1791390700.9315996,balance,-0.10921150129030655,-0.00765631658975418,-0.11040114387858833,-1.1172672280178444,-0.0003674348901141454,0.0008222076981676367,0.1739965623664318,0.9319030805014321,0.0,0.0100707892397782,False,0.0,0.0,-0.03205207257529376,-0.03566393356869536,0.18278792047945228,0.18228032526567667,2.47,-2.7800000000000002,-0.22436450802705632,-0.24964753498086756,0.17666496695043804,-0.1965728621896595,
1791390700.9415793,balance,-0.11755016142667507,-0.00797163901118736,-0.11868474170510802,-0.4742823248710547,-0.0003123725802653132,0.0008222076981676367,0.1743807165741168,0.8729851131164197,0.0,0.01886131679620015,False,0.0,0.0,-0.007556386157528991,-0.009518166823255366,0.18319383237828066,0.1828894047573843,2.44,-2.31,-0.05289470310270294,-0.06662716776278757,0.04164937252181334,-0.052462336821092574,
1791390700.9516969,balance,-0.1171091919355933,-0.008522576114588818,-0.11822302823143123,0.37108152316174503,-0.0002916285976702973,0.0008222076981676367,0.17453433908681126,0.9229550435564964,0.0,0.027959905569955635,False,0.0,0.0,0.06945637532670725,0.0684842658143794,0.18319383237828066,0.18329525876167316,2.42,-2.29,0.48619462728695073,0.4793898607006558,-0.3828304151865754,0.3774723312603589,
1791390700.9616857,balance,-0.11310713769709202,-0.009352814450985184,-0.11423134141758197,0.2752728033054961,-0.00030199602232231296,0.0008222076981676367,0.17445752782108012,0.9811874617358167,0.0,0.03763064449366048,False,0.0,0.0,0.11365190143919739,0.11424351048909424,0.18319383237828066,0.18309238737256509,2.2800000000000002,-2.58,0.7955633100743817,0.7997045734236597,-0.6264278032081746,0.6296886404910707,
1791390700.9716308,balance,-0.114452325395276,-0.010007165563450696,-0.11558690567370895,-0.5610692166015054,-0.0003123725802653132,0.0008222076981676367,0.1743807165741168,1.002966978884857,0.0,0.005214766520632187,False,0.0,0.0,0.01822839252835426,0.02015826616082606,0.18319383237828066,0.1828894047573843,2.42,-2.58,0.12759874769847981,0.1411078631257824,-0.10047145488069277,0.11110855364234835,
1791390700.9816809,balance,-0.12373695020448196,-0.011448724763724981,-0.12486115392497191,-1.1195226359477766,-0.00030199602232231296,0.0008222076981676367,0.17445752782108012,0.9631574540153266,0.0,0.014990625411183527,False,0.0,0.0,-0.012614232880155335,-0.010721606844020447,0.18339669919636176,0.1828894047573843,2.2800000000000002,-2.45,-0.08829963016108734,-0.07505124790814313,0.06952726784337586,-0.05909547079381349,
1791390700.991616,balance,-0.13487626023023122,-0.01179233488147763,-0.13600105084002403,-1.033482164857041,-0.0003025829116251877,0.0008222076981676367,0.17445750880847125,0.9543589792203279,0.9488917756938537,2.733601763237059e-05,False,0.0,0.0,-0.14442845494292605,-0.14461913916123173,0.1835995660144428,0.18268642214220357,2.19,-2.74,-1.0109991846004824,-1.0123339741286221,0.79606235007912,-0.797113365455608,
1791390701.001587,balance,-0.1424903170002264,-0.011162985720915482,-0.14362548442760667,-0.5389739163397214,-0.0003129597292126328,0.0008222076981676367,0.17438069756257032,0.9558706538428897,0.0,0.00483693783072109,False,0.0,0.0,-0.10525548363190666,-0.10915527988344109,0.18339669919636176,0.18268642214220357,2.2600000000000002,-2.81,-0.7367883854233467,-0.7640869591840876,0.5801483349790131,-0.6016432749481005,
1791390701.0116131,balance,-0.1458947731955601,-0.012272459341790604,-0.1470635774706253,-0.11777843823731782,-0.00034659657689755166,0.0008222076981676367,0.17415018467979715,0.8644893282915792,0.0,0.013750719610202817,False,0.0,0.0,-0.02104854459836174,-0.026498661031286886,0.18319383237828066,0.18228032526567667,2.47,-3.0300000000000002,-0.14733981218853218,-0.1854906272190082,0.11601560014845053,-0.14605561198347103,
1791390701.0216107,balance,-0.14236431487358475,-0.014094472137491869,-0.14352148857846292,0.7407325886998856,-0.0003349660067105513,0.0008222076981676367,0.1742270354958566,0.8369718254041673,0.0,0.022113798714427306,False,0.0,0.0,0.05498751944833796,0.04892454640750414,0.18319383237828066,0.1824833928624771,2.36,-2.93,0.38491263613836574,0.34247182485252897,-0.3030808158569809,0.26966285421458974,
1791390701.0317178,balance,-0.1340752472478044,-0.015028728226348242,-0.13525446608194838,0.7218555017154471,-0.0003570111359763456,0.0008222076981676367,0.1740733735136659,0.8506353748950648,0.0,0.030586431138882316,False,0.0,0.0,0.1018176783683767,0.09809851858370483,0.18299090309463303,0.18228032526567667,2.54,-2.83,0.7127237485786369,0.6866896300859338,-0.5611998020304227,0.5407004961306565,
1791390701.0416417,balance,-0.1299235192094048,-0.015326642137307908,-0.13109109774770655,0.05171731058842244,-0.00034537084013413696,0.0008222076981676367,0.17415022430863203,0.85511266568603,0.0,0.03917383857518502,False,0.0,0.0,0.07925596765300265,0.0784489883792791,0.18299090309463303,0.1824833928624771,2.5100000000000002,-2.84,0.5547917735710185,0.5491429186549537,-0.43684391619765234,0.4323959989409084,
1791390701.051584,balance,-0.13368267360632627,-0.01623340948780319,-0.13485025214462804,-0.631102179696126,-0.00034537084013413696,0.0008222076981676367,0.17415022430863203,0.8569945370798971,0.0,0.04772889307266445,False,0.0,0.0,0.01655986549836519,0.015866192391355817,0.18299090309463303,0.1824833928624771,2.47,-2.71,0.11591905848855633,0.11106334673949073,-0.09127484920358765,0.08745145412558325,
1791390701.061632,balance,-0.14216371429866664,-0.017585290104926248,-0.14330926768922722,-0.9545422577101426,-0.00032334569239294425,0.0008222076981676367,0.17430388633546304,0.8668013134750517,0.0,0.05638384181957443,False,0.0,0.0,-0.03380453855619087,-0.036413137046619144,0.18319383237828066,0.18268642214220357,2.39,-2.7,-0.23663176989333612,-0.254891959326334,0.1863242282624694,-0.20070233017821576,
1791390701.0716453,balance,-0.1511872644974796,-0.0183293619399877,-0.1523340425392161,-0.8226040269107645,-0.0003245703435688606,0.0008222076981676367,0.17430384670192647,0.8703026443457942,0.0,0.06509864517675268,False,0.0,0.0,-0.05090803310024193,-0.054497476206111305,0.18339669919636176,0.1824833928624771,2.22,-2.85,-0.3563562317016935,-0.38148233344277915,0.28059545803282954,-0.30037979011242455,
1791390701.0816135,balance,-0.15734311341582682,-0.01774094831837547,-0.15850273750927846,-0.442505239174945,-0.00033741639528401396,0.0008222076981676367,0.17422695623400622,0.8843057094744211,0.0,0.07389315472947654,False,0.0,0.0,-0.03567518156121028,-0.038112654654363795,0.1835995660144428,0.18207724849767246,2.2,-3.25,-0.24972627092847197,-0.26678858258054655,0.19663485899879682,-0.2100697500634225,
1791390701.0916376,balance,-0.16042543678722504,-0.017602859785733133,-0.16159669253749057,-0.2200368392014385,-0.0003490480520979,0.0008222076981676367,0.17415010542291234,0.8876878617663749,0.0,0.08278654904113249,False,0.0,0.0,-0.01344542854906796,-0.014409499399685517,0.1835995660144428,0.1818740249535716,2.13,-3.37,-0.09411799984347571,-0.10086649579779862,0.07410866129407537,-0.07942243763606191,
1791390701.1016102,balance,-0.1621554204191461,-0.018486215311669232,-0.16334932283360648,-0.21818279494108322,-0.0003716947162927635,0.0008222076981676367,0.1739963848609606,0.8649303465267145,0.0,0.09153663357479593,False,0.0,0.0,-0.005586130614829385,-0.006951602979322416,0.18339669919636176,0.18167080140947076,2.23,-3.5100000000000002,-0.0391029143038057,-0.04866122085525691,0.03078969630220921,-0.038315921933273156,
1791390701.111575,balance,-0.1648620299762983,-0.019305276118524527,-0.16605836614087424,-0.26623403040379884,-0.0003741284664083022,0.0008222076981676367,0.17399622309048593,0.8381754700376157,0.0,0.09998097163390736,False,0.0,0.0,-0.014392217085927483,-0.018402871633099734,0.1835995660144428,0.18146750672806256,2.21,-3.5,-0.10074551960149238,-0.12882010143169814,0.07932718078857667,-0.10143315073362058,
1791390701.1216917,balance,-0.16821834510078315,-0.018562424402499236,-0.16942511720329154,-0.3694110334540545,-0.0003845644043407627,0.0008222076981676367,0.17391941197432664,0.8015157450717278,0.0,0.10809030824509909,False,0.0,0.0,-0.030398129144446246,-0.037405001595593915,0.18339669919636176,0.18146750672806256,2.23,-3.4,-0.2127869040111237,-0.2618350111691574,0.16754874331584543,-0.20616930013319482,
1791390701.131669,balance,-0.17139963724851456,-0.01845576006635686,-0.17259353966297494,-0.2841242214596955,-0.0003716947162927635,0.0008222076981676367,0.1739963848609606,0.7682426972836506,0.0,0.11584865660133353,False,0.0,0.0,-0.03862411702368245,-0.04696086089871363,0.18339669919636176,0.18167080140947076,2.31,-3.25,-0.27036881916577715,-0.3287260262909954,0.2128888339888009,-0.2588393907803113,
1791390701.1416128,balance,-0.17311460352181193,-0.019669233180504522,-0.17429627491763,-0.0677996581408913,-0.00035946369765045214,0.0008222076981676367,0.17407329426122753,0.7490187096715971,0.0,0.12337307936362976,False,0.0,0.0,-0.03292582730369866,-0.041544230557200586,0.18339669919636176,0.1818740249535716,2.23,-3.2600000000000002,-0.23048079112589062,-0.2908096139004041,0.18148093789440206,-0.22898394795307409,
1791390701.151696,balance,-0.17343561205400862,-0.01974079355689543,-0.1746172834498267,0.04321644716521944,-0.00035946369765045214,0.0008222076981676367,0.17407329426122753,0.7195993896445967,0.0,0.13064085650682447,False,0.0,0.0,-0.026731302614270442,-0.03493830710177636,0.18339669919636176,0.1818740249535716,2.25,-3.09,-0.18711911829989308,-0.2445681497124345,0.14733788842511267,-0.1925733462302634,
1791390701.1615992,balance,-0.1727128768873758,-0.01911143157605914,-0.1738829068997622,0.08831760749180939,-0.00034782231421879445,0.0008222076981676367,0.17415014505122395,0.6898058805580508,0.0,0.1376235886871634,False,0.0,0.0,-0.024131584489102843,-0.03085938245013646,0.18339669919636176,0.18207724849767246,2.22,-2.97,-0.1689210914237199,-0.2160156771509552,0.13300873340450384,-0.17009108437083087,
1791390701.1715827,balance,-0.17143372627374331,-0.018642646873122053,-0.17258172896721266,0.12512622538246937,-0.0003257949953017099,0.0008222076981676367,0.17430380706865142,0.6500202923253205,0.0,0.14420665662536966,False,0.0,0.0,-0.025187907438897945,-0.03242592355318673,0.1835995660144428,0.18228032526567667,2.14,-3.0100000000000002,-0.1763153520722856,-0.22698146487230708,0.13883098588368945,-0.17872556289158037,
1791390701.1816444,balance,-0.17041781273066317,-0.01899995694582921,-0.1715774368241148,0.15064669976961453,-0.00033741639528401396,0.0008222076981676367,0.17422695623400622,0.6173606764954824,0.0,0.15044263083118706,False,0.0,0.0,-0.029668304991873742,-0.0376985472175716,0.1835995660144428,0.18207724849767246,2.0300000000000002,-3.11,-0.2076781349431162,-0.2638898305230012,0.16352609050639072,-0.20778726812834739,
1791390701.1916032,balance,-0.1687064260959207,-0.018462258543365508,-0.16986605018937234,0.1701064710843789,-0.00033741639528401396,0.0008222076981676367,0.17422695623400622,0.5785364429368587,0.0,0.1563176698695384,False,0.0,0.0,-0.031689147018873404,-0.04109424266733016,0.1835995660144428,0.18207724849767246,2.12,-3.21,-0.22182402913211383,-0.28765969867131114,0.17466458986780617,-0.22650369974118986,
1791390701.2016652,balance,-0.16615239625027428,-0.01744409585194027,-0.16731326999800125,0.33960050243770484,-0.00033866604955934757,0.0008222076981676367,0.17422691332968568,0.5505097854183771,0.0,0.1618772334487338,False,0.0,0.0,-0.02518730992473907,-0.03518416431037884,0.18380227246209999,0.1818740249535716,2.05,-3.34,-0.1763111694731735,-0.24628915017265185,0.1388276924985618,-0.19392846470287547,
1791390701.2115808,balance,-0.16245080558238198,-0.0167332917474458,-0.16363428235239383,0.401751588265413,-0.00036126907184421547,0.0008222076981676367,0.174073196000468,0.5152218736706031,0.0,0.16710688700568993,False,0.0,0.0,-0.019583795617186674,-0.02919396651352049,0.1835995660144428,0.18167080140947076,2.13,-3.48,-0.13708656932030672,-0.20435776559464341,0.10794218056717064,-0.16091162645247511,
1791390701.2216976,balance,-0.15815305050136214,-0.01671696914176019,-0.15934938666593806,0.44786000104712304,-0.0003741284664083022,0.0008222076981676367,0.17399622309048593,0.48059802399363305,0.0,0.17199704025487755,False,0.0,0.0,-0.016281869646408764,-0.025484487285997712,0.1835995660144428,0.18146750672806256,2.16,-3.61,-0.11397308752486135,-0.17839141100198397,0.08974258860225302,-0.14046567795431808,
1791390701.2316632,balance,-0.15378862136348684,-0.016394250855462034,-0.15499782830520625,0.42754445253311724,-0.0003869992435517784,0.0008222076981676367,0.173919250209302,0.4507421747756483,0.0,0.1765740315503301,False,0.0,0.0,-0.017018296976200675,-0.0262232931448957,0.1835995660144428,0.1812641580410549,2.2,-3.67,-0.11912807883340472,-0.18356305201426992,0.09380163687669663,-0.1445378362317086,
1791390701.2416213,balance,-0.1493965624937968,-0.015532762160499737,-0.1506162156810738,0.4510668502708354,-0.00039744548910937774,0.0008222076981676367,0.17384243911652422,0.4212796998403828,0.0,0.18085646295822644,False,0.0,0.0,-0.01656291367278822,-0.02674820895501092,0.18339669919636176,0.1812641580410549,2.15,-3.59,-0.11594039570951753,-0.18723746268507643,0.09129165016497442,-0.14743107298037514,
1791390701.251587,balance,-0.1448383860393174,-0.014589972475116056,-0.1460580392265944,0.48180952120569426,-0.00039744548910937774,0.0008222076981676367,0.17384243911652422,0.39141285084200267,0.0,0.18483725404494486,False,0.0,0.0,-0.014532467561752246,-0.026593687894259935,0.18339669919636176,0.1812641580410549,2.2600000000000002,-3.56,-0.10172727293226572,-0.18615581525981956,0.08010021490729584,-0.1465793820943461,
1791390701.2616448,balance,-0.14029855352147033,-0.014053346341294346,-0.14149488968604626,0.445996559588116,-0.0003741284664083022,0.0008222076981676367,0.17399622309048593,0.36196031278251445,0.0,0.1885215591944767,False,0.0,0.0,-0.01601519297221941,-0.02909801840374116,0.1835995660144428,0.18146750672806256,2.25,-3.5500000000000003,-0.11210635080553587,-0.2036861288261881,0.08827271716971329,-0.16038277860329772,
1791390701.2716324,balance,-0.13584716246606948,-0.013633083380079502,-0.13705393456857787,0.43623087587429693,-0.0003845644043407627,0.0008222076981676367,0.17391941197432664,0.33365123250050066,0.0,0.19191911553752738,False,0.0,0.0,-0.01814128331458587,-0.03084294530327034,0.18339669919636176,0.18146750672806256,2.16,-3.44,-0.12698898320210109,-0.21590061712289238,0.09999132535598511,-0.1700004859235373,
1791390701.2816503,balance,-0.13142429742207282,-0.012774944820468684,-0.1326310695245812,0.4602390388948178,-0.0003845644043407627,0.0008222076981676367,0.17391941197432664,0.29842337464179225,0.0,0.1949857676692924,False,0.0,0.0,-0.020182144446358102,-0.031608935086341064,0.18339669919636176,0.18146750672806256,2.2800000000000002,-3.38,-0.14127501112450672,-0.22126254560438746,0.11124016623976907,-0.1742224768538484,
1791390701.2915933,balance,-0.1267046857698715,-0.012075345336818324,-0.1278985881843319,0.49536984485963037,-0.0003716947162927635,0.0008222076981676367,0.1739963848609606,0.27005824465793077,0.0,0.19774837074632606,False,0.0,0.0,-0.01981562693764227,-0.029758767891842477,0.18339669919636176,0.18167080140947076,2.2800000000000002,-3.23,-0.13870938856349588,-0.20831137524289733,0.10921999099487864,-0.1640247049156672,
1791390701.301648,balance,-0.12271343218548754,-0.011734570120727266,-0.12389510358130564,0.49374672972721384,-0.00035946369765045214,0.0008222076981676367,0.17407329426122753,0.23892184521334686,0.0,0.20021078565932673,False,0.0,0.0,-0.019628852334646524,-0.029623917677939995,0.18339669919636176,0.1818740249535716,2.2800000000000002,-3.18,-0.13740196634252566,-0.20736742374557998,0.10819052467915406,-0.16328143602014172,
1791390701.311608,balance,-0.11671043104465872,-0.011339084974637587,-0.11789210244047682,0.5152831111902028,-0.00035946369765045214,0.0008222076981676367,0.17407329426122753,0.20733078098129493,0.0,0.20235706830220382,False,0.0,0.0,-0.018452797131825804,-0.02955107131453964,0.18339669919636176,0.1818740249535716,2.27,-3.19,-0.12916957992278064,-0.20685749920177748,0.10170833064785877,-0.16287992063132084,
1791390701.3217182,balance,-0.11155671350371654,-0.01076316329631824,-0.11273838489953464,0.5110531441962495,-0.00035946369765045214,0.0008222076981676367,0.17407329426122753,0.17594360266499,0.0,0.20419987470462334,False,0.0,0.0,-0.018291631593553074,-0.030133877012236993,0.18339669919636176,0.1818740249535716,2.29,-3.18,-0.12804142115487152,-0.21093713908565895,0.10082001665737915,-0.16609223550051885,
1791390701.3316786,balance,-0.10652494989419073,-0.010207515948927052,-0.10769497990657716,0.5097427619630617,-0.00034782231421879445,0.0008222076981676367,0.17415014505122395,0.13768866274426245,0.0,0.20567469215106804,False,0.0,0.0,-0.021017842073617572,-0.032167729821259476,0.18339669919636176,0.18207724849767246,2.29,-3.04,-0.147124894515323,-0.22517410874881633,0.11584637363411261,-0.17730244783371363,
1791390701.3416505,balance,-0.10133488490025112,-0.009799127467288971,-0.10250491491263757,0.53678759891358,-0.00034782231421879445,0.0008222076981676367,0.17415014505122395,0.10040135081777776,0.0,0.206769234495125,False,0.0,0.0,-0.02217641618370754,-0.03243998747234323,0.18339669919636176,0.18207724849767246,2.2600000000000002,-3.08,-0.1552349132859528,-0.22707991230640262,0.1222322151857896,-0.17880308055622254,
1791390701.3516645,balance,-0.09569898323113434,-0.00959302340303229,-0.09687942834583622,0.5710133373345364,-0.0003582374165342489,0.0008222076981676367,0.17407333388731586,0.07230906248505585,0.0,0.20756021134114166,False,0.0,0.0,-0.020434966990129817,-0.029494687527765902,0.18319383237828066,0.18207724849767246,2.29,-3.09,-0.14304476893090873,-0.20646281269436131,0.11263367632355017,-0.1625691438538278,
1791390701.3617275,balance,-0.09017140506474895,-0.009409227442002732,-0.0913414350771354,0.5282700788059044,-0.00034782231421879445,0.0008222076981676367,0.17415014505122395,0.05048782155329018,0.0,0.20812219941224125,False,0.0,0.0,-0.021457636097179048,-0.02919290689348051,0.18339669919636176,0.18207724849767246,2.4,-3.09,-0.15020345268025334,-0.20435034825436357,0.11827043518130184,-0.16090578602705793,
1791390701.3716698,balance,-0.0856937091578168,-0.009230131241217767,-0.08687415427251868,0.3838859470425746,-0.0003582374165342489,0.0008222076981676367,0.17407333388731586,0.02307341775643568,0.0,0.20842895169143338,False,0.0,0.0,-0.03183191670968271,-0.03831663584798353,0.18319383237828066,0.18207724849767246,2.41,-3.08,-0.22282341696777896,-0.26821645093588475,0.175451509423448,-0.21119405585502737,
1791390701.381646,balance,-0.08235202172614645,-0.009101106020591675,-0.08353246684084834,0.299063860352329,-0.0003582374165342489,0.0008222076981676367,0.17407333388731586,-0.004736459561092857,0.0,0.20845086632355284,False,0.0,0.0,-0.044139489956073016,-0.04995268983432961,0.18319383237828066,0.18207724849767246,2.45,-3.12,-0.3089764296925111,-0.34966882884030726,0.24328852731693787,-0.2753297864884309,
1791390701.3916776,balance,-0.07941232859159425,-0.009203037771924764,-0.08059277370629614,0.2991617536018693,-0.0003582374165342489,0.0008222076981676367,0.17407333388731586,-0.03281452162977419,0.0,0.2081981381297497,False,0.0,0.0,-0.05027901941555097,-0.05709746963248687,0.18319383237828066,0.18207724849767246,2.44,-3.13,-0.3519531359088568,-0.39968228742740813,0.2771284534715408,-0.3147104625412662,
1791390701.4016132,balance,-0.07629509635261725,-0.00937897007004682,-0.07748719259000982,0.33510063139874896,-0.00036988853922492043,0.0008222076981676367,0.17399648311844387,-0.07094163181023433,0.0,0.2075850284250673,False,0.0,0.0,-0.054213671192664695,-0.06083601932299797,0.18319383237828066,0.1818740249535716,2.4,-3.2600000000000002,-0.3794956983486529,-0.42585213526098575,0.2988155105107503,-0.33531664193778404,
1791390701.4115946,balance,-0.0723333401764676,-0.00940594681689764,-0.07352543641386015,0.4379566912214568,-0.00036988853922492043,0.0008222076981676367,0.17399648311844387,-0.10750965966405698,0.0,0.20659305149565402,False,0.0,0.0,-0.052345260802463996,-0.0571185939672472,0.18319383237828066,0.1818740249535716,2.38,-3.24,-0.366416825617248,-0.3998301577707304,0.28851718552539213,-0.3148268958824649,
1791390701.4216278,balance,-0.06772559328179648,-0.009576145766156155,-0.06891768951918904,0.4688374974730669,-0.00036988853922492043,0.0008222076981676367,0.17399648311844387,-0.14656910810115817,0.0,0.2052279698589809,False,0.0,0.0,-0.05202152050061362,-0.054362599450622995,0.18319383237828066,0.1818740249535716,2.38,-3.2600000000000002,-0.3641506435042954,-0.38053819615436096,0.2867327901608625,-0.2996363749246937,
1791390701.4316688,balance,-0.06296441466861001,-0.009943760727368234,-0.06415651090600256,0.4806649972461668,-0.00036988853922492043,0.0008222076981676367,0.17399648311844387,-0.18399258982507297,0.0,0.2034818617368994,False,0.0,0.0,-0.05362797869304407,-0.0543869043779694,0.18319383237828066,0.1818740249535716,2.35,-3.22,-0.3753958508513085,-0.3807083306457858,0.29558728413488855,-0.2997703390911699,
1791390701.4417098,balance,-0.05808815984804154,-0.010493875835472219,-0.059280256085434094,0.5110272317956547,-0.00036988853922492043,0.0008222076981676367,0.17399648311844387,-0.23433147411305547,0.0,0.2012629526980607,False,0.0,0.0,-0.056376034134472265,-0.05757911456532428,0.18319383237828066,0.1818740249535716,2.32,-3.21,-0.39463223894130584,-0.40305380195727,0.310734046410477,-0.31736519839155114,
1791390701.4516032,balance,-0.05275578079537986,-0.011046588635569014,-0.05393745219119796,0.5603440208220748,-0.00035946369765045214,0.0008222076981676367,0.17407329426122753,-0.27350083257131264,0.0,0.19862044716447189,False,0.0,0.0,-0.05624489397705571,-0.057724930557513016,0.18339669919636176,0.1818740249535716,2.22,-3.22,-0.39371425783938996,-0.4040745139025911,0.31001122664518893,-0.31816890858471736,
1791390701.4615738,balance,-0.04678737560616433,-0.011736342325080003,-0.04795863135642987,0.626912950461924,-0.0003490480520979,0.0008222076981676367,0.17415010542291234,-0.31285110016309203,0.0,0.19558145061500462,False,0.0,0.0,-0.05368124267081528,-0.05408176503836559,0.1835995660144428,0.1818740249535716,2.17,-3.22,-0.37576869869570695,-0.37857235526855915,0.2958808651147299,-0.2980884687154009,
1791390701.4716125,balance,-0.040527541431549886,-0.01296542806002878,-0.04168841517927688,0.6124851370537456,-0.00033866604955934757,0.0008222076981676367,0.17422691332968568,-0.3597954018201498,0.0,0.19210773785221338,False,0.0,0.0,-0.056583899745325704,-0.053620865850753534,0.18380227246209999,0.1818740249535716,2.0100000000000002,-3.19,-0.39608729821727995,-0.37534606095527473,0.311879762375811,-0.2955480794923423,
1791390701.481643,balance,-0.0345296557699934,-0.014247973896404734,-0.03568134385519718,0.5758571396075153,-0.00032948038703614277,0.0008222076981676367,0.17430356228001165,-0.4075048024880681,0.0,0.18814794650336683,False,0.0,0.0,-0.06527756369029582,-0.056867036746898254,0.1840049739935406,0.1818740249535716,1.87,-3.19,-0.45694294583207073,-0.3980692572282878,0.3597975951433628,-0.3134403600222738,
1791390701.4916217,balance,-0.02883230592309621,-0.015723075833647376,-0.029974816420907022,0.5603798778830787,-0.00032030279964317607,0.0008222076981676367,0.17438021124503184,-0.453098852928063,0.0,0.1837155663419791,False,0.0,0.0,-0.07445154170991829,-0.06128326111503261,0.18420761995138657,0.1818740249535716,1.71,-3.17,-0.521160791969428,-0.42898282780522823,0.41036282832238424,-0.3377817541773451,
1791390701.5015924,balance,-0.023011213186004187,-0.017480324185649834,-0.024132959642192333,0.5716443536278604,-0.00029953875802050944,0.0008222076981676367,0.17453371111254695,-0.5037817689700027,0.0,0.17880344692391353,False,0.0,0.0,-0.08052894274645167,-0.06467421133203713,0.18441020567926045,0.18207724849767246,1.68,-3.16,-0.5637025992251616,-0.45271947932425993,0.443860314350521,-0.3564720309639842,
1791390701.5116005,balance,-0.017085907512104734,-0.019896274006542862,-0.01820765396829288,0.6031630983945176,-0.00029953875802050944,0.0008222076981676367,0.17453371111254695,-0.5575731412677812,0.0,0.17334659153050883,False,0.0,0.0,-0.08528349436679672,-0.06857439421340346,0.18441020567926045,0.18207724849767246,1.61,-3.08,-0.596984460567577,-0.4800207594938242,0.4700665043839189,-0.37796910196364114,
1791390701.5216453,balance,-0.01078546682706995,-0.02243259102032433,-0.011907213283258096,0.62333874523249,-0.00029953875802050944,0.0008222076981676367,0.17453371111254695,-0.611256743201008,0.0,0.1673616299446937,False,0.0,0.0,-0.088327215107928,-0.07170354771418791,0.18441020567926045,0.18207724849767246,1.55,-3.09,-0.618290505755496,-0.5019248339993154,0.4868429179177134,-0.39521640472387043,
1791390701.5316274,balance,-0.003906364722288539,-0.024532018058041533,-0.005039705697194552,0.7152279861181321,-0.0003111332767383769,0.0008222076981676367,0.17445686022472676,-0.6861932409790058,0.0,0.1606764418582742,False,0.0,0.0,-0.09082238649307371,-0.07370489946252373,0.18441020567926045,0.1818740249535716,1.6,-3.12,-0.635756705451516,-0.5159342962376661,0.5005958310641858,-0.40624747735249295,
1791390701.541636,balance,0.0037498969518652394,-0.026722361776617676,0.0026165559769592258,0.8312187510225922,-0.0003111332767383769,0.0008222076981676367,0.17445686022472676,-0.7548586702651514,0.0,0.1532847685082336,False,0.0,0.0,-0.09047911769122598,-0.07305618823658337,0.18441020567926045,0.1818740249535716,1.59,-3.31,-0.6333538238385819,-0.5113933176560836,0.4987037982980959,-0.4026719036662076,
1791390701.551594,balance,0.01253489654827491,-0.02912751521968595,0.011385733314454147,0.8997106953198374,-0.0003269555356531263,0.0008222076981676367,0.17437962668108387,-0.8256230735891106,0.0,0.14519278145872788,False,0.0,0.0,-0.08851177483119,-0.07145905095091871,0.18461279140713438,0.18146750672806256,1.55,-3.67,-0.61958242381833,-0.500213356656431,0.48786017623490546,-0.3938687847688433,
1791390701.5616748,balance,0.021926113453076358,-0.031174719187267257,0.020738451313932548,0.9428717460140772,-0.0003654544409761734,0.0008222076981676367,0.17414870780684494,-0.9134452329499774,-0.8414708500628001,-0.0003598719144358864,False,0.0,0.0,0.044565535471446316,0.060192831207613456,0.18461279140713438,0.1808573791256606,1.44,-4.24,0.3119587483001242,0.4213498184532942,-0.24563680968513718,0.331771510593145,
1791390701.571712,balance,0.03133261741733357,-0.032772818912581894,0.030090632359948424,0.9106073879144259,-0.00041977735921750955,0.0008222076981676367,0.1738410495746037,-0.9309773964764536,0.0,-0.004732416161701079,False,0.0,0.0,-0.004111648410680813,0.007549323291418629,0.18461279140713438,0.18004324671175093,1.3900000000000001,-4.6000000000000005,-0.028781538874765693,0.0528452630399304,0.022662629035248575,0.041610443338527876,
1791390701.5816882,balance,0.037848312407265196,-0.034757967247816254,0.036592610684903285,0.3118935603287082,-0.00043349402419426766,0.0008222076981676367,0.17376414381198121,-0.8997830421166694,0.0,-0.013761912668692226,False,0.0,0.0,-0.09445658691597932,-0.08764832565517508,0.18461279140713438,0.1798395814646299,1.55,-4.62,-0.6611961084118552,-0.6135382795862255,0.5206268570172088,-0.48310100754820906,
1791390701.5916765,balance,0.035498929609101094,-0.03720505017119492,0.03421945478739222,-0.5942969725776858,-0.000457267123541244,0.0008222076981676367,0.17361050830139632,-0.9993021835614899,-0.7823007544874828,-0.0010850071453700355,False,0.0,0.0,-0.10756527692138977,-0.10860649820860023,0.18441020567926045,0.17963591621750888,1.51,-4.74,-0.7529569384497284,-0.7602454874602016,0.5928794790942744,-0.5986184940631508,
1791390701.601636,balance,0.029995381726707245,-0.03912686140643039,0.028725177506018103,-0.3722556528681251,-0.00044799652252150435,0.0008222076981676367,0.1736871570614019,-1.1041413935491688,-0.7322042722834193,-0.0018596856063287477,False,0.0,0.0,-0.10503649623233517,-0.11256012953332964,0.18461279140713438,0.17963591621750888,1.46,-4.5600000000000005,-0.7352554736263462,-0.7879209067333075,0.5789413178160207,-0.6204101627821319,
1791390701.6116982,balance,0.029936415721549006,-0.041770845000241606,0.0286807139991871,0.30318898251761894,-0.00043349402419426766,0.0008222076981676367,0.17376414381198121,-1.1329407927765098,-0.7372123377090475,-0.0019786422753373116,False,0.0,0.0,-0.06208966758164952,-0.0696458944418789,0.18461279140713438,0.1798395814646299,1.52,-4.42,-0.43462767307154665,-0.48752126109315225,0.3422265142295643,-0.38387500873476554,
1791390701.621627,balance,0.03387040686137272,-0.04480444067254482,0.032628421803987576,0.333803553847953,-0.00041977735921750955,0.0008222076981676367,0.1738410495746037,-1.1742999221138348,-0.6107783528205586,-0.002817607846466381,False,0.0,0.0,-0.054270995461119596,-0.06078066507594207,0.18461279140713438,0.18004324671175093,1.36,-4.28,-0.3798969682278372,-0.4254646555315945,0.2991314710455411,-0.3350115397886571,
1791390701.631714,balance,0.03586975681213457,-0.045144668546420255,0.03464601047812155,0.11992669938837656,-0.00040153863584538665,0.0008222076981676367,0.1739944533064166,-1.2134398722138573,-0.5236109592875946,-0.0034491445646313134,False,0.0,0.0,-0.08745951848080354,-0.09420384617527647,0.18501771391452992,0.18004324671175093,1.22,-4.44,-0.6122166293656247,-0.6594269232269353,0.48206033808316906,-0.5192337978164845,
1791390701.6417112,balance,0.03470671134551607,-0.043360016922625304,0.0334394533786785,-0.2954601355175944,-0.0004450502686699255,0.0008222076981676367,0.17376348603670458,-1.2439244562047576,-0.5464343152442733,-0.0034874507048024213,False,0.0,0.0,-0.12549952042792245,-0.13422866196326308,0.18501771391452992,0.1794321506082759,1.26,-4.89,-0.8784966429954572,-0.9396006337428415,0.6917296401539033,-0.7398430186951508,
1791390701.651727,balance,0.031267378784023324,-0.042677822385840766,0.029960358563406148,-0.34448762057497295,-0.0004848125224495396,0.0008222076981676367,0.1735325841077679,-1.2816012894985847,-0.5709545512122446,-0.0035532336914317003,False,0.0,0.0,-0.15676545123448443,-0.1665987216735374,0.1848152533120094,0.17902448066283094,1.26,-5.18,-1.097358158641391,-1.1661910517147618,0.8640615422373157,-0.9182606706415447,
1791390701.6616893,balance,0.027382069085578442,-0.0430041042209403,0.026075048864961266,-0.40806987424499,-0.0004848125224495396,0.0008222076981676367,0.1735325841077679,-1.294368727277193,-0.5907279489747285,-0.0035182038915123233,False,0.0,0.0,-0.16870940255737926,-0.17758888849719115,0.1848152533120094,0.17902448066283094,1.3900000000000001,-4.98,-1.180965817901655,-1.243122219480338,0.9298943448044527,-0.9788363932916047,
1791390701.6716402,balance,0.023159608105792602,-0.04426032530795427,0.021858679882586055,-0.4967197859273132,-0.0004787205250389101,0.0008222076981676367,0.1735330078658827,-1.2994398544047274,-0.5405198101734588,-0.0037946002211563428,False,0.0,0.0,-0.18829002290124164,-0.19515439203019314,0.18461279140713438,0.1792283200523417,1.6,-4.9,-1.3180301603086915,-1.3660807442113518,1.0378190238651113,-1.075654129300277,
1791390701.6816366,balance,0.016887956103201957,-0.04361021223826823,0.01556843483116338,-0.6997336440705957,-0.0004973135738709396,0.0008222076981676367,0.17337971045989087,-1.3223421271729476,-0.5562134254845477,-0.0038306435084419998,False,0.0,0.0,-0.22118487653814423,-0.22680060615994632,0.18420761995138657,0.1792283200523417,1.7,-4.99,-1.5482941357670095,-1.5876042431196242,1.2191292407614247,-1.2500820811965545,
1791390701.6916232,balance,0.009933963817217497,-0.04135981287831343,0.008629833210789443,-0.6705199537856008,-0.0004819229082604175,0.0008222076981676367,0.17345678498758244,-1.3281653755259708,-0.5607275968765282,-0.0038371888932472132,False,0.0,0.0,-0.23438938100490192,-0.2404771249441552,0.18420761995138657,0.1794321506082759,1.82,-4.7700000000000005,-1.6407256670343133,-1.6833398746090864,1.2919099740427664,-1.325464468196131,
1791390701.7015777,balance,0.002703368495462628,-0.03913453292485958,0.0013899399717264534,-0.7415901006543792,-0.0004912208255685377,0.0008222076981676367,0.17338013628225865,-1.3311551092626812,-0.5764756156371471,-0.0037733974681276707,False,0.0,0.0,-0.24544940570481352,-0.25209664874030396,0.1840049739935406,0.1794321506082759,1.75,-4.8100000000000005,-1.7181458399336946,-1.7646765411821277,1.3528707401052713,-1.3895090875449825,
1791390701.7117035,balance,-0.004499073676884373,-0.03625510967818094,-0.00581859494892295,-0.679556664093454,-0.0004973135738709396,0.0008222076981676367,0.17337971045989087,-1.3276011609881244,-0.6244695528129397,-0.003515658040875924,False,0.0,0.0,-0.24850249573323918,-0.25566404891356365,0.18420761995138657,0.1792283200523417,1.7,-4.9,-1.7395174701326743,-1.7896483423949454,1.3696987953800586,-1.4091719231456263,
1791390701.7216225,balance,-0.010757706826593714,-0.032607059738734276,-0.012043266228545556,-0.607788654364453,-0.00046335170378420526,0.0008222076981676367,0.17361008244315707,-1.3115011986780167,-0.6250519320336473,-0.003432246333221847,False,0.0,0.0,-0.23863567039415956,-0.24429041404614846,0.18461279140713438,0.1794321506082759,1.46,-4.59,-1.6704496927591168,-1.7100328983230393,1.315314718707966,-1.3464825971047554,
1791390701.7315764,balance,-0.016148628136364657,-0.029325574497112386,-0.01735399931452956,-0.4800714385639348,-0.0003831634799972665,0.0008222076981676367,0.17407151213948155,-1.3071058955113988,-0.5457406192942024,-0.003806826381085982,False,0.0,0.0,-0.23723860098888627,-0.23997751189242586,0.1848152533120094,0.1804504333266811,1.28,-3.5500000000000003,-1.660670206922204,-1.679842583246981,1.3076143361592156,-1.3227106954700638,
1791390701.741579,balance,-0.021544667975614742,-0.027086455115530563,-0.02268466335736888,-0.6200234391282381,-0.00031778768358649984,0.0008222076981676367,0.1744562777274655,-1.3132242597635697,-0.5666688808898459,-0.0037327768943686192,False,0.0,0.0,-0.26080215715362165,-0.26151340245592175,0.1848152533120094,0.18146750672806256,1.37,-3.12,-1.8256151000753515,-1.8305938171914522,1.4374922047837413,-1.4414124544814584,
1791390701.7517047,balance,-0.02769253820370736,-0.02383201611198309,-0.028795992616132388,-0.5980035657523769,-0.0002812467142573917,0.0008222076981676367,0.17468701123020364,-1.3132999072513647,-0.525319962900546,-0.003939899721754094,False,0.0,0.0,-0.27638975363331547,-0.27596257689316545,0.1848152533120094,0.18207724849767246,1.47,-2.77,-1.9347282754332082,-1.931738038252158,1.52340809089229,-1.5210535734268962,
1791390701.7615736,balance,-0.03398315071099223,-0.020306294912535036,-0.03508173873467267,-0.6383199790295793,-0.0002763803255128004,0.0008222076981676367,0.1746874129584837,-1.3156674448262133,-0.5431792507368618,-0.0038624409704467576,False,0.0,0.0,-0.27885215579589395,-0.2788619533794932,0.18441020567926045,0.1824833928624771,1.57,-2.68,-1.9519650905712576,-1.9520336736564525,1.5369803862765807,-1.5370343887058682,
1791390701.771599,balance,-0.04037734363090908,-0.01600795213344112,-0.041475931654589515,-0.6008985392685363,-0.0002763803255128004,0.0008222076981676367,0.1746874129584837,-1.3207881483658634,-0.5719860560631383,-0.0037440104615136254,False,0.0,0.0,-0.2891437889872576,-0.29106175108856175,0.18441020567926045,0.1824833928624771,1.7,-2.88,-2.0240065229108035,-2.0374322576199324,1.5937059235518138,-1.6042773682046712,
1791390701.7816536,balance,-0.04603617187990012,-0.010961353980519332,-0.047164644601923225,-0.5633768899125101,-0.00030626502385547316,0.0008222076981676367,0.17445726400491962,-1.2995102581773954,-0.7668121888970636,-0.0026634903464016592,False,0.0,0.0,-0.265147054030937,-0.26986838345382413,0.1840049739935406,0.18228032526567667,1.87,-2.97,-1.8560293782165591,-1.889078684176769,1.461440455288629,-1.4874635308478497,
1791390701.7916183,balance,-0.05132692362463634,-0.00681829874090369,-0.05245539634665945,-0.49366328001582,-0.00030626502385547316,0.0008222076981676367,0.17445726400491962,-1.2957723744993448,-0.5551094341582429,-0.0037033147017055098,False,0.0,0.0,-0.2850287985673167,-0.2900596652751981,0.1840049739935406,0.18228032526567667,2.02,-2.89,-1.995201589971217,-2.030417656926387,1.5710248739930843,-1.5987540605719581,
1791390701.80159,balance,-0.05680015466361619,-0.003053559490226004,-0.057946932705352686,-0.5792091626818548,-0.0003245703435688606,0.0008222076981676367,0.17430384670192647,-1.2981827945013622,-0.6812668958417711,-0.0030845794932979555,False,0.0,0.0,-0.2859274767314074,-0.2906873755958243,0.18339669919636176,0.1824833928624771,2.45,-2.75,-2.001492337119852,-2.03481162917077,1.5759782182046078,-1.6022138812368267,
1791390701.811666,balance,-0.06289502943965762,0.0003637749885498441,-0.0640619950673374,-0.5986269391986574,-0.000344757929512135,0.0008222076981676367,0.17415024412452004,-1.2943873855045849,-0.7979974130897068,-0.0024819498620743904,False,0.0,0.0,-0.2828346653863758,-0.28565611611633074,0.18258493369347872,0.1828894047573843,2.92,-2.29,-1.9798426577046306,-1.9995928128143152,1.5589312265390791,-1.5744825297750513,
1791390701.8215978,balance,-0.06880736856873403,0.0028551548755362567,-0.06997801140754074,-0.6194377212458904,-0.0003484351406390848,0.0008222076981676367,0.17415012523840784,-1.2931402959292233,-0.5318685119955929,-0.003806358919668152,False,0.0,0.0,-0.30977150978809004,-0.31155956520426326,0.18197564376362416,0.18349812557975423,3.14,-2.17,-2.1684005685166303,-2.1809169564298427,1.7074020224540396,-1.71725744600775,
1791390701.8316731,balance,-0.07506936350075294,0.006599252969707426,-0.07625042171347478,-0.5951745434645082,-0.0003588505145541987,0.0008222076981676367,0.1740733140756113,-1.2927279204291002,-0.6723752722929093,-0.0031017632406809548,False,0.0,0.0,-0.30683047658666707,-0.3109669640294157,0.18197564376362416,0.18329525876167316,3.21,-2.24,-2.1478133361066694,-2.1767687482059097,1.6911916032335979,-1.713991140319614,
1791390701.8416622,balance,-0.08137885863261832,0.010394554914001809,-0.08257156824015059,-0.6562220876045165,-0.0003705019093646275,0.0008222076981676367,0.17399646330798282,-1.2875553621422893,-0.8017919155197317,-0.002428817233112788,False,0.0,0.0,-0.2998457617109083,-0.3048527794008607,0.1817724202195233,0.18329525876167316,3.17,-2.3000000000000003,-2.098920331976358,-2.133969455806025,1.652693174784534,-1.6802909100834842,
1791390701.8516614,balance,-0.08784200561750993,0.01307866945605417,-0.08901264845631666,-0.6426957636811449,-0.0003484351406390848,0.0008222076981676367,0.17415012523840784,-1.295091609748855,-0.5668978162614011,-0.0036409689674372693,False,0.0,0.0,-0.34027893356231215,-0.34410135928773394,0.18197564376362416,0.18349812557975423,3.25,-2.2,-2.381952534936185,-2.4087095150141375,1.8755531771151064,-1.8966216653654626,
1791390701.8616414,balance,-0.0943544491789633,0.016107205988704965,-0.09552509201777003,-0.693973284365488,-0.0003484351406390848,0.0008222076981676367,0.17415012523840784,-1.2991421126308478,-0.6615739928871702,-0.0031878405987183877,False,0.0,0.0,-0.34729844975632607,-0.34960427345601247,0.18197564376362416,0.18349812557975423,3.2,-2.15,-2.4310891482942827,-2.4472299141920875,1.9142434238537658,-1.9269526883402264,
1791390701.87161,balance,-0.10162740805109098,0.018404915651887024,-0.10278764469960362,-0.7411741908147017,-0.00033802895034500124,0.0008222076981676367,0.17422693642007953,-1.2944045208893442,-0.7718484819746056,-0.002612780194573693,False,0.0,0.0,-0.3416475192561197,-0.3404228818534131,0.18197564376362416,0.18370091467645575,3.34,-1.84,-2.3915326347928376,-2.3829601729738914,1.883096562829006,-1.8763465928928278,
1791390701.8816695,balance,-0.1093102794372137,0.01857988431653627,-0.11047963306305811,-0.7630810191677309,-0.00034714592767676536,0.0008222076981676367,0.174226166784693,-1.2958596825686726,-0.5873793336188362,-0.0035424017447491817,False,0.0,0.0,-0.3713975855173578,-0.36602701718849595,0.18136583942689477,0.18430890579941012,3.63,-1.47,-2.5997830986215047,-2.5621891203194718,2.047073306001185,-2.0174717482830484,
1791390701.8916135,balance,-0.11693540155485004,0.018329665692672244,-0.11810839789696446,-0.73516785420266,-0.0003507886439467964,0.0008222076981676367,0.1742258427592804,-1.2962642828947548,-0.7205632902362494,-0.002878504963292527,False,0.0,0.0,-0.37122373883194176,-0.3638438727683065,0.18116249073988713,0.18451149152728405,3.68,-1.41,-2.598566171823592,-2.5469071093781452,2.046115095924088,-2.005438668801689,
1791390701.9016516,balance,-0.1241051826013219,0.018773128401895125,-0.12526534679630885,-0.7122521201729031,-0.0003379564968193083,0.0008222076981676367,0.17430281572144515,-1.2885853950552817,-0.8004301194648064,-0.002440776377952377,False,0.0,0.0,-0.366329054834411,-0.36026360922247347,0.18136583942689477,0.18451149152728405,3.5100000000000002,-1.52,-2.564303383840877,-2.521845264557314,2.019136522709352,-1.9857049327222946,
1791390701.9116914,balance,-0.1312207922222086,0.020222737866239023,-0.1323553501795579,-0.741860775786507,-0.00031235025918168596,0.0008222076981676367,0.17445675928731635,-1.2853588720976028,-0.7624581829167966,-0.0026145034459040314,False,0.0,0.0,-0.3757435604908429,-0.3710640121967121,0.1817724202195233,0.18451149152728405,3.2600000000000002,-1.59,-2.6302049234359,-2.5974480853769846,2.071027498768425,-2.0452347128952635,
1791390701.9217367,balance,-0.13903396911542665,0.020022122024174097,-0.14015693201148915,-0.7871473452224603,-0.00030075519789487734,0.0008222076981676367,0.17453361017267488,-1.293545088653663,-0.6768221644477209,-0.0030836146210297104,False,0.0,0.0,-0.40236671151437087,-0.396457696845931,0.18197564376362416,0.18451149152728405,3.14,-1.53,-2.816566980600596,-2.775203877921517,2.2177692760634615,-2.18519990387521,
1791390701.9315772,balance,-0.147320684126541,0.018079102794529907,-0.14844364702260351,-0.8805119021358726,-0.00030075519789487734,0.0008222076981676367,0.17453361017267488,-1.296602607880766,-0.7489709610493736,-0.002738158234156962,False,0.0,0.0,-0.41519172379404623,-0.4079118436231221,0.18197564376362416,0.18451149152728405,3.21,-1.6,-2.9063420665583237,-2.855382905361855,2.2884583201246644,-2.248332996347917,
1791390701.9416428,balance,-0.15606266647080141,0.01637926148403191,-0.15718562936686392,-0.8601475070944905,-0.00030075519789487734,0.0008222076981676367,0.17453361017267488,-1.2958937567774196,-0.6196281227570302,-0.003381328170101947,False,0.0,0.0,-0.42934803090930396,-0.42078654439599095,0.18197564376362416,0.18451149152728405,3.35,-1.5,-3.0054362163651276,-2.9455058107719365,2.3664852097363207,-2.319295913993651,
1791390701.951713,balance,-0.1650192454167534,0.014371702757493254,-0.16615741712460666,-0.9091796124263564,-0.00031596400968565697,0.0008222076981676367,0.17445643768425229,-1.2980131318292185,-0.7598751315192729,-0.002690690001549728,False,0.0,0.0,-0.43832768320561405,-0.4283612437366325,0.1815691881139024,0.18471401599916903,3.54,-1.53,-3.0682937824392984,-2.9985287061564274,2.415979356251416,-2.3610462253200217,
1791390701.961634,balance,-0.174240155148062,0.011200914062654938,-0.17540031934304892,-0.9110902976819836,-0.0003379564968193083,0.0008222076981676367,0.17430281572144515,-1.2987523848681632,-0.7441556765773215,-0.002772983541454209,False,0.0,0.0,-0.4565889777695446,-0.4459472752144026,0.18136583942689477,0.18451149152728405,3.42,-1.6,-3.1961228443868124,-3.121630926500818,2.5166321609344977,-2.457977107480959,
1791390701.9716423,balance,-0.18348432350959254,0.008682127445986664,-0.18462805153008027,-0.9591502439553051,-0.0003215203223201138,0.0008222076981676367,0.17438011030956824,-1.300738780247585,-0.6138562935738838,-0.0034344124333685055,False,0.0,0.0,-0.47593287099617193,-0.4682207047863942,0.1817724202195233,0.18430890579941012,3.22,-1.81,-3.3315300969732036,-3.2775449335047595,2.62325204486079,-2.580744042129732,
1791390701.9816785,balance,-0.19362203511670226,0.006555538171412004,-0.1947810465703708,-1.0336428970199596,-0.00033680375550089806,0.0008222076981676367,0.17422697605074325,-1.3143098577208758,-0.7510265423612824,-0.002816416576797967,False,0.0,0.0,-0.4925694058714328,-0.48722298429007604,0.1821787984998778,0.18349812557975423,3.0,-2.43,-3.4479858411000293,-3.410560890030532,2.7149494811811254,-2.6854810157720728,
1791390701.9915829,balance,-0.20376057253121022,0.004824643758125739,-0.20492876389537446,-0.971628266137964,-0.0003459836659966027,0.0008222076981676367,0.17415020449555435,-1.302645259892871,-0.7808125628992633,-0.002609163484968039,False,0.0,0.0,-0.4895834205340631,-0.4856882132165394,0.18238186609667828,0.18309238737256509,2.83,-2.5500000000000003,-3.4270839437384417,-3.399817492515776,2.6984912942822374,-2.6770216476502173,
1791390702.0016716,balance,-0.21295657007267074,0.001957046672462468,-0.2141235357003505,-0.9637270376631242,-0.000344757929512135,0.0008222076981676367,0.17415024412452004,-1.3038429104584266,-0.6457253478506891,-0.0032905878130386874,False,0.0,0.0,-0.5064088758116181,-0.5002667195874368,0.18258493369347872,0.1828894047573843,2.72,-2.62,-3.5448621306813264,-3.501867037112058,2.7912300241585246,-2.757375619773274,
1791390702.0116477,balance,-0.22251910540527942,-0.0025691400484018135,-0.2236970729672526,-1.005209822005156,-0.00035575986380557284,0.0008222076981676367,0.17407341394788986,-1.316187183300015,-0.7050382533922763,-0.0030557446495386932,False,0.0,0.0,-0.5316344567766738,-0.5211550849988887,0.18258493369347872,0.18268642214220357,2.85,-2.83,-3.7214411974367163,-3.6480855949922213,2.930268659398989,-2.87250834251356,
1791390702.021684,balance,-0.23239045567394725,-0.005381757808450066,-0.23360340420582518,-0.9329260854493475,-0.0003907408337102958,0.0008222076981676367,0.17384286169714006,-1.303536095622309,-0.7610818874328704,-0.0027122710409471927,False,0.0,0.0,-0.5279076425879549,-0.5150918688522695,0.18238186609667828,0.18228032526567667,2.87,-3.0700000000000003,-3.695353498115684,-3.6056430819658867,2.9097271638706173,-2.839089040918021,
1791390702.0316072,balance,-0.24049038934006933,-0.007827239726445891,-0.24170333787194725,-0.7788131831416046,-0.0003907408337102958,0.0008222076981676367,0.17384286169714006,-1.2954105169769825,-0.7180748687659538,-0.0028866782410551435,False,0.0,0.0,-0.5275589144853188,-0.5132485494284582,0.18238186609667828,0.18228032526567667,2.94,-3.06,-3.6929124013972316,-3.5927398459992075,2.907805040470261,-2.828929012597801,
1791390702.0415974,balance,-0.24779788987071807,-0.010316648262674087,-0.24904649293195907,-0.6764618879645997,-0.00042639536307336606,0.0008222076981676367,0.17361225103131325,-1.3008239311244008,-0.7291646383155075,-0.0028582964640444662,False,0.0,0.0,-0.5372571383935151,-0.5230007252837822,0.18238186609667828,0.18167080140947076,2.85,-3.71,-3.7607999687546054,-3.6610050769864753,2.961259817917012,-2.8826811629814766,
1791390702.051669,balance,-0.2530216278496624,-0.011400999935181557,-0.2543353498035401,-0.4343304355054169,-0.0004915142557100419,0.0008222076981676367,0.17322741966156105,-1.2902470276011198,-0.7112010204103173,-0.0028952300359540123,False,0.0,0.0,-0.5311174028135082,-0.5165101147866688,0.18238186609667828,0.1806539548074597,3.0,-4.37,-3.7178218196945574,-3.615570803506681,2.927418755665006,-2.84690614449345,
1791390702.0616453,balance,-0.2559874242811984,-0.011039089821775266,-0.2573425744498474,-0.16862207284290612,-0.0005329424704813568,0.0008222076981676367,0.1729967029866514,-1.2709232856185748,-0.6689372788309303,-0.0030099300339382225,False,0.0,0.0,-0.5196383418466101,-0.5018605295040242,0.18238186609667828,0.18004324671175093,3.0100000000000002,-4.5200000000000005,-3.6374683929262703,-3.513023706528169,2.864148340886827,-2.7661603988410777,
1791390702.0716293,balance,-0.25523557428772836,-0.011236420225061316,-0.2566281943583272,0.20897517992100165,-0.0005704123724311859,0.0008222076981676367,0.17276609674850607,-1.2677449870895707,-0.5805481494011276,-0.0034359841884422154,False,0.0,0.0,-0.5016124848376453,-0.4757080447737811,0.18197564376362416,0.1798395814646299,3.38,-4.5200000000000005,-3.511287393863517,-3.3299563134164676,2.7647932235145802,-2.622012845209817,
1791390702.0815752,balance,-0.2526656845997389,-0.012223879443758062,-0.254181433725438,0.3374697488181836,-0.0006935414275314467,0.0008222076981676367,0.17207325282695038,-1.2384397227690305,-0.6133345622870889,-0.0031255258024097078,False,0.0,0.0,-0.45940200460047526,-0.42426711194578903,0.18075567401151546,0.1792283200523417,4.14,-5.08,-3.2158140322033266,-2.9698697836205232,2.5321370332309656,-2.338480144583089,
1791390702.0915904,balance,-0.24734498507522973,-0.013646624625888459,-0.24897777912388022,0.7826418383621075,-0.0008105863504828809,0.0008222076981676367,0.17145750853005698,-1.2045866001874714,-0.5628613793516952,-0.0032086261041788812,False,0.0,0.0,-0.42860528350118227,-0.39108330775807165,0.17953407294526705,0.1788205744867898,4.98,-5.24,-3.000236984508276,-2.7375831543065017,2.3623913263844694,-2.155577286855513,
1791390702.1016195,balance,-0.2403275842038005,-0.01539163031450271,-0.24212604104112614,0.7963366310643211,-0.0009762491391580308,0.0008222076981676367,0.1706864892111359,-1.1965920155827496,-0.5870289454590889,-0.0030478153506183036,False,0.0,0.0,-0.40544186928580694,-0.3713223050475472,0.17810672918053203,0.17820871770540014,5.82,-5.89,-2.8380930850006485,-2.5992561353328303,2.2347189645674397,-2.0466583742778193,
1791390702.1116116,balance,-0.23177649823548105,-0.013468188441323335,-0.23375422284151207,0.9637319523285743,-0.0011555169078634048,0.0008222076981676367,0.1699156098668255,-1.1734725976624936,-0.6322392748032191,-0.0027061666142963728,False,0.0,0.0,-0.35803686172485444,-0.33769172329725333,0.1772901001009387,0.17698372685805705,6.15,-6.65,-2.506258032073981,-2.3638420630807735,1.9734315213180953,-1.8612929630557271,
1791390702.1216686,balance,-0.2203494474604573,-0.008421400117207687,-0.22240627338386335,1.30635464105935,-0.001234618225238425,0.0008222076981676367,0.16960704802045268,-1.1331255650785943,-0.6052166097119297,-0.002639544776833323,False,0.0,0.0,-0.29144254115033685,-0.2891040653752002,0.1772901001009387,0.17616619378453174,6.140000000000001,-7.18,-2.040097788052358,-2.0237284576264014,1.6063762110648487,-1.5934869745089775,
1791390702.1316476,balance,-0.2062999648270094,-0.004973308974461831,-0.20837739147734077,1.5083732951827216,-0.0012552189521637253,0.0008222076981676367,0.1695298563178173,-1.1205155261879212,-0.6228686271504132,-0.0024882344951875396,False,0.0,0.0,-0.2395066664100378,-0.24566274166423205,0.1772901001009387,0.17596174065500467,6.0600000000000005,-6.83,-1.6765466648702645,-1.7196391916496243,1.3201154841498146,-1.3540466075981294,
1791390702.1416492,balance,-0.19034929755317836,-0.0028364631967340245,-0.19232802511990232,1.6664786256771662,-0.0011565198685563327,0.0008222076981676367,0.16991554636800302,-1.1219355076512605,-0.6166813612143548,-0.0025262707321845284,False,0.0,0.0,-0.20564058077192537,-0.214602817068524,0.1776984917096465,0.17657503109993447,5.86,-6.34,-1.4394840654034775,-1.502219719479668,1.1334520200027383,-1.1828501728186362,
1791390702.1515841,balance,-0.17253004759766966,0.0010586913078810688,-0.17439828944224062,1.8595590976101486,-0.001046034146403342,0.0008222076981676367,0.17037802078672062,-1.098802219650344,-0.5834677046180945,-0.0025766725751612475,False,0.0,0.0,-0.16539171130472702,-0.17180563101999483,0.1779026388146077,0.17759641108717913,5.75,-5.41,-1.1577419791330892,-1.2026394171399637,0.9116078575851095,-0.9469601709763493,
1791390702.1616883,balance,-0.15236042258991242,0.0051984507888392355,-0.15409344456227794,2.1555799978220005,-0.0009108142741978964,0.0008222076981676367,0.1709948596464694,-1.0926960190658637,-0.5649370385919427,-0.002638794902369605,False,0.0,0.0,-0.1257716988772778,-0.12365131000262199,0.1779026388146077,0.1792283200523417,5.9,-4.33,-0.8804018921409446,-0.8655591700183539,0.6932298363314524,-0.681542653557759,
1791390702.1715894,balance,-0.13032562348804963,0.008569954334556634,-0.13201929122080647,2.3098052576031565,-0.000871460034589204,0.0008222076981676367,0.1712256168813548,-1.077732191962099,-0.5873583376786368,-0.002451869271417311,False,0.0,0.0,-0.07927023451389753,-0.0679586798056327,0.17749433221431168,0.18024684370521019,6.01,-3.92,-0.5548916415972827,-0.47571075863942885,0.43692255243880523,-0.37457540050348725,
1791390702.181662,balance,-0.10557852726953369,0.01238522305676195,-0.10721218384804115,2.6556767958594047,-0.0008114488803398212,0.0008222076981676367,0.1715334251678534,-1.0544424995685928,-0.5058180781687011,-0.002743122106999459,False,0.0,0.0,-0.03373442751423028,-0.015538237221158407,0.1776984917096465,0.1808573791256606,5.86,-3.59,-0.23614099259961197,-0.10876766054810885,0.18593778944851336,-0.08564382720323531,
1791390702.191658,balance,-0.07734261398084973,0.018066879266694348,-0.07893270331935216,2.9651742438760453,-0.000767881640334804,0.0008222076981676367,0.17176449501059296,-1.0479701475900225,-0.4522091838660676,-0.0029788048186197747,False,0.0,0.0,0.022618077996341097,0.04485997403245192,0.1779026388146077,0.1812641580410549,5.87,-3.34,0.15832654597438767,0.31401981822716346,-0.12466657163337612,0.24725969939146727,
1791390702.2016156,balance,-0.046361227033321316,0.023734760464374168,-0.04790043152262695,3.245812473379737,-0.0007169967911379929,0.0008222076981676367,0.1720721977312664,-1.0252793275336929,-0.4101117310134772,-0.0030758379826010783,False,0.0,0.0,0.08135857790110307,0.10642317463412604,0.1779026388146077,0.18207724849767246,5.66,-2.66,0.5695100453077215,0.7449622224388823,-0.448433106541513,0.5865844271172301,
1791390702.2117333,balance,-0.012800701513898921,0.028540894478423985,-0.014270161278538678,3.4286083529625215,-0.0006472520664721204,0.0008222076981676367,0.17245700057279764,-0.9513516706083115,-0.3805406682433246,-0.002854055011824934,False,0.0,0.0,0.1577220827406639,0.18232766561704356,0.17831072035944173,0.18268642214220357,5.41,-2.6,1.1040545791846474,1.2762936593193048,-0.8693343143186201,1.0049556372592952,
1791390702.2216785,balance,0.01976475746454982,0.03384742960120263,0.018323481026396138,3.09662180358661,-0.0006190687399860451,0.0008222076981676367,0.17261095658835085,-0.8449003100479716,-0.7848942538852188,-0.0003000302808137639,False,0.0,0.0,0.26179539455254514,0.2885188084330185,0.1785147115383514,0.1828894047573843,5.42,-2.41,1.832567761867816,2.0196316590311296,-1.4429667416282015,1.590261148843409,
1791390702.2315753,balance,0.045642645876868844,0.038406802886161294,0.04420567467414095,2.2134714391084653,-0.0006147635045602555,0.0008222076981676367,0.1726874515223491,-0.6751562601952578,0.0,-0.007501043583572008,False,0.0,0.0,0.147699561298306,0.1895080941696145,0.17831072035944173,0.18329525876167316,5.57,-2.19,1.033896929088142,1.3265566591873015,-0.8140920701481432,1.0445328025096863,
1791390702.241667,balance,0.06190972395954002,0.04181352522498135,0.06044949671762634,1.2462321562391425,-0.0006380195437460448,0.0008222076981676367,0.17261000938027077,-0.48684921351014687,0.0,-0.012794746898520254,False,0.0,0.0,0.08691629225270765,0.14776200989417954,0.1779026388146077,0.18349812557975423,6.0,-2.13,0.6084140457689535,1.0343340692592569,-0.47906617777082955,0.8144362750072889,
1791390702.2517166,balance,0.06881409763291715,0.044687393430097845,0.06728296362291267,0.49313742814606687,-0.0007089263118368466,0.0008222076981676367,0.17230170702064287,-0.3475712746258811,0.0,-0.016606177715049793,False,0.0,0.0,0.036176836646720584,0.108425673123111,0.17708586798756573,0.18349812557975423,6.37,-2.2,0.2532378565270441,0.7589797118617769,-0.19939988702916858,0.5976218203636039,
1791390702.261673,balance,0.07139637106272997,0.048300607597005926,0.06982917655092155,0.2522033924713217,-0.0007449868136407828,0.0008222076981676367,0.17214759087515116,-0.22216777943187138,0.0,-0.01913200614178199,False,0.0,0.0,0.028506700313765242,0.09279848629081155,0.17667721211640502,0.18349812557975423,6.65,-2.19,0.1995469021963567,0.6495894040356809,-0.15712354503650133,0.5114877197131346,
1791390702.271669,balance,0.07330376343469282,0.05066818525737859,0.07171653337030696,0.24335189296759657,-0.0007650223662182196,0.0008222076981676367,0.17207040023980322,-0.10978389251578172,0.0,-0.020494215969740593,False,0.0,0.0,0.054761553161178894,0.094623890890146,0.17647285020255438,0.18349812557975423,6.71,-2.19,0.38333087212825223,0.662367236231022,-0.3018353323844506,0.5215490049063165,
1791390702.2816916,balance,0.07419950580824292,0.05133818736370234,0.07259218082828839,-0.07086141469126803,-0.0007851172817868873,0.0008222076981676367,0.17199320690439707,-0.02355309183936524,0.0,-0.020932223689775667,False,0.0,0.0,0.07071118390318283,0.08705205909309179,0.17626841731046197,0.18349812557975423,6.8100000000000005,-2.2,0.49497828732227983,0.6093644136516425,-0.389746682930929,0.4798144989383012,
1791390702.29172,balance,0.07111467357538973,0.05141940168846414,0.0695073485954352,-0.55014860105166,-0.0007851172817868873,0.0008222076981676367,0.17199320690439707,0.02304707614444558,0.0,-0.020777500593642213,False,0.0,0.0,0.05501205449532581,0.05451240829909163,0.17626841731046197,0.18349812557975423,6.78,-2.2600000000000002,0.3850843814672807,0.3815868580936414,-0.3032160483994336,0.30046209298711923,
1791390702.3015935,balance,0.06261054785369517,0.05071362143172642,0.06101259042992717,-1.0126336653753278,-0.0007757497256003637,0.0008222076981676367,0.17199358983941496,0.028820809445194287,0.0,-0.020491817389859182,False,0.0,0.0,0.007842056751128564,0.002879696047694923,0.17647285020255438,0.18329525876167316,6.72,-2.25,0.05489439725789995,0.02015787233386446,-0.04322393484874012,0.015872340420365717,
1791390702.3116024,balance,0.05345330255064279,0.0499150881150975,0.05189681208597281,-0.8223041399781182,-0.0007342827665023435,0.0008222076981676367,0.17222440133225303,0.04636220943961489,0.0,-0.020077473256079392,False,0.0,0.0,-0.009336782352219686,-0.008561162301316318,0.17667721211640502,0.18370091467645575,6.45,-1.99,-0.0653574764655378,-0.05992813610921423,0.05146257989412425,-0.04718750874741278,
1791390702.3216774,balance,0.04732193869584952,0.049201843383665546,0.04581151483554295,-0.3997555750319957,-0.0006882161621389327,0.0008222076981676367,0.17245524373397642,0.07333424017109122,0.0,-0.019422293544454305,False,0.0,0.0,0.008559979549878109,0.017558489437740663,0.17708586798756573,0.18390361620789641,6.16,-1.8900000000000001,0.05991985684914676,0.12290942606418465,-0.04718098964499745,0.09677907564109027,
1791390702.3316283,balance,0.04472649474709126,0.04773658022009866,0.04326142732908446,-0.18680472811227788,-0.0006428597198391631,0.0008222076981676367,0.1726860086761776,0.0978350041052857,0.0,-0.018492548910927525,False,0.0,0.0,0.03543883787316987,0.0493990750720757,0.17749433221431168,0.18410631773933706,6.0200000000000005,-1.68,0.2480718651121891,0.3457935255045299,-0.1953321772536922,0.27227836653899995,
1791390702.3416185,balance,0.042722387841436824,0.04509643634240907,0.04130153654750762,-0.1834585019460452,-0.0005986435957615575,0.0008222076981676367,0.17291684336402408,0.11382938896517901,0.0,-0.017385248383786835,False,0.0,0.0,0.04759133237482336,0.060755461031478025,0.1779026388146077,0.18430890579941012,5.7700000000000005,-1.67,0.3331393266237635,0.4252882272203462,-0.2623144304124122,0.33487261985854033,
1791390702.3516362,balance,0.04009444400441905,0.0428245038589702,0.03866421398553002,-0.30877629512451693,-0.0006080223207213936,0.0008222076981676367,0.17284019484749188,0.12527680751347017,0.0,-0.016160069128039335,False,0.0,0.0,0.04715176670126334,0.05251226301997427,0.1779026388146077,0.18410631773933706,5.73,-1.93,0.3300623669088434,0.3675858411398199,-0.25989162748727823,0.28943767018883454,
1791390702.3616989,balance,0.036673709574013634,0.04134945390330286,0.03522411013736915,-0.37159134345506045,-0.0006273917384768506,0.0008222076981676367,0.17268682003401314,0.14527330686658674,0.0,-0.014769030901859216,False,0.0,0.0,0.04384171742835217,0.042414452574202996,0.1779026388146077,0.18370091467645575,5.7700000000000005,-2.12,0.30689202199846516,0.29690116801942096,-0.24164726141611428,0.23378044725938657,
1791390702.371626,balance,0.03331344396659579,0.039549883126006546,0.03185321672468211,-0.3270728268030789,-0.0006380195437460448,0.0008222076981676367,0.17261000938027077,0.1722188143862097,0.0,-0.01310016891412438,False,0.0,0.0,0.04586720252449302,0.04382606600547067,0.1779026388146077,0.18349812557975423,5.7700000000000005,-2.3000000000000003,0.32107041767145117,0.3067824620382947,-0.25281135249720565,0.2415609937309407,
1791390702.3817074,balance,0.029338096173543753,0.03680471278489769,0.027884185889326334,-0.4197874308390333,-0.000631702586049783,0.0008222076981676367,0.17261032510940966,0.18880087198356804,0.0,-0.011247219281095478,False,0.0,0.0,0.03667526228711348,0.04327498661290198,0.17810672918053203,0.18329525876167316,5.7,-2.47,0.25672683600979435,0.3029249062903139,-0.202147114968342,0.23852354826008967,
1791390702.3916414,balance,0.024873227771481574,0.03361533569050959,0.023419317487264155,-0.4576799872112369,-0.000631702586049783,0.0008222076981676367,0.17261032510940966,0.2074290252536727,0.0,-0.009229276685139922,False,0.0,0.0,0.026222678804836932,0.04349546725989861,0.17810672918053203,0.18329525876167316,5.54,-2.39,0.18355875163385854,0.3044682708192903,-0.14453445010540042,0.23973879592070102,
1791390702.4015753,balance,0.020492453243851065,0.03119330022577322,0.01907240599855164,-0.42262788854509664,-0.0005978395471317871,0.0008222076981676367,0.17276457798479392,0.22310277608831572,0.0,-0.00703562735761908,False,0.0,0.0,0.02397538201903497,0.04452824749217888,0.1785147115383514,0.18329525876167316,5.34,-2.27,0.1678276741332448,0.3116977324452522,-0.13214777490806676,0.24543128538996234,
1791390702.4116516,balance,0.01602241253080848,0.028802821478546632,0.014645298167215461,-0.4473916003908186,-0.0005549066654253823,0.0008222076981676367,0.17299558854012592,0.23482153632231995,0.0,-0.004711889316173651,False,0.0,0.0,0.02265923959103114,0.03942427362218337,0.1789225346364533,0.18349812557975423,4.96,-2.21,0.15861467713721797,0.2759699153552836,-0.12489344656473855,0.2172991459490422,
1791390702.4216814,balance,0.011445585570220254,0.0262015437000894,0.01014067875526813,-0.431284320395632,-0.00048269911678448796,0.0008222076981676367,0.17338069375333054,0.2461946137692313,0.0,-0.0022941670656372285,False,0.0,0.0,0.022666424277341515,0.033252071411865924,0.1797377558943685,0.18370091467645575,4.48,-2.04,0.15866496994139062,0.23276449988306147,-0.12493304719794537,0.18327913376619012,
1791390702.4316587,balance,0.007527031473649754,0.022799647402988354,0.006286963375340591,-0.3889596165699418,-0.0004178604001415266,0.0008222076981676367,0.1737650431862577,0.26324619341951594,0.0,0.0002959215922448425,False,0.0,0.0,0.027256353641302966,0.03422310790128659,0.1805522351880966,0.18390361620789641,4.07,-1.93,0.19079447548912076,0.23956175530900614,-0.15023187046387462,0.18863130339291823,
1791390702.4416478,balance,0.004173532170636665,0.01986682144940907,0.0029821294464677933,-0.32715736327102757,-0.00036919502600123513,0.0008222076981676367,0.1740725449416531,0.2817666505259618,0.0,0.0030709902996683544,False,0.0,0.0,0.03167834868426828,0.040507697170033705,0.18116249073988713,0.18410631773933706,3.6,-1.77,0.221748440789878,0.2835538801902359,-0.1746050714880929,0.22327077180333538,
1791390702.4516044,balance,0.00012226198758803316,0.01684801650006102,-0.0010214660328997174,-0.4520801063519256,-0.0003215203223201138,0.0008222076981676367,0.17438011030956824,0.2925478062858321,0.0,0.005965887363963246,False,0.0,0.0,0.02191218326120418,0.03722833695676721,0.1817724202195233,0.18430890579941012,3.24,-1.5,0.15338528282842928,0.26059835869737047,-0.12077581325073172,0.20519555802942557,
1791390702.461637,balance,-0.004804808640336073,0.01372951380006612,-0.005916186681726627,-0.4958353544923548,-0.00028917034322291715,0.0008222076981676367,0.17461046108147796,0.3029697203726006,0.0,0.008961163826520806,False,0.0,0.0,0.00982792801406062,0.030858725316334806,0.1821787984998778,0.18451149152728405,2.96,-1.47,0.06879549609842434,0.21601107721434365,-0.05416968196726325,0.17008746237349892,
1791390702.4715743,balance,-0.009797504424338944,0.010650499477639517,-0.010885743322383328,-0.4815834938784423,-0.000266031199876747,0.0008222076981676367,0.17476416296929426,0.3094873589005934,0.0,0.012041289458054386,False,0.0,0.0,0.004389705708562262,0.0260035643209089,0.18258493369347872,0.18451149152728405,2.7,-1.6,0.03072793995993583,0.1820249502463623,-0.024195228314910104,0.14332673247745065,
1791390702.4815888,balance,-0.014692060288478437,0.007580442350813813,-0.01575844591364567,-0.48120928576029204,-0.00024417792699959334,0.0008222076981676367,0.17491782449171872,0.3189496423796519,0.0,0.015192395986265893,False,0.0,0.0,0.0014748575306333758,0.02038580939714001,0.18299090309463303,0.18451149152728405,2.5300000000000002,-1.55,0.01032400271443363,0.14270066577998006,-0.008129135995617032,0.11236272896061422,
1791390702.4916055,balance,-0.01917534241108906,0.005062741675141037,-0.020250844031239442,-0.4182246519114103,-0.0002532939219827453,0.0008222076981676367,0.1748411754050689,0.3275807252388981,0.0,0.0184496928218887,False,0.0,0.0,0.004255117576709333,0.018986331369583068,0.18299090309463303,0.18430890579941012,2.47,-1.82,0.029785823036965333,0.1329043195870815,-0.023453403966114436,0.10464907054100904,
1791390702.5016587,balance,-0.022983941104486684,0.00247736553735562,-0.024067358335588915,-0.3778790135408869,-0.0002612095329345941,0.0008222076981676367,0.17476468859616567,0.32967863114976526,0.0,0.02173756918031184,False,0.0,0.0,0.006645654074126686,0.019121863940679128,0.18319383237828066,0.18390361620789641,2.48,-2.06,0.0465195785188868,0.1338530475847539,-0.036629589384950235,0.10539610046043613,
1791390702.5117,balance,-0.026771170611581418,-0.0004215785252831846,-0.027874648604007356,-0.3879078573997249,-0.0002812702942583019,0.0008222076981676367,0.1746111503712855,0.3333425913930993,0.0,0.025047084539102687,False,0.0,0.0,0.002865811976679744,0.017203066658397013,0.18319383237828066,0.18349812557975423,2.35,-2.29,0.020060683836758207,0.12042146660877909,-0.015795814044691502,0.09482005244785754,
1791390702.5215852,balance,-0.03066755082391798,-0.002804749105179063,-0.031781387119755915,-0.39880080369849513,-0.0002916285976702973,0.0008222076981676367,0.17453433908681126,0.33552696039248553,0.0,0.028410183148910754,False,0.0,0.0,-0.002216980807516892,0.014560962003954184,0.18319383237828066,0.18329525876167316,2.39,-2.39,-0.015518865652618242,0.1019267340276793,0.012219579254030112,0.08025727088793645,
1791390702.5316582,balance,-0.034788019905331403,-0.005243300940292517,-0.03591222362582136,-0.42146403315639774,-0.00030199602232231296,0.0008222076981676367,0.17445752782108012,0.32642583089331295,0.0,0.03170131809308953,False,0.0,0.0,-0.010780900652360575,0.007687143422468542,0.18319383237828066,0.18309238737256509,2.4,-2.66,-0.07546630456652402,0.0538100039572798,0.05942228706025513,0.04237008185612583,
1791390702.5416272,balance,-0.03934338265566705,-0.007318462683953237,-0.040488936046227636,-0.47256459176817966,-0.00032334569239294425,0.0008222076981676367,0.17430388633546304,0.3152337779510894,0.0,0.03486708883232242,False,0.0,0.0,-0.023125189483673106,-0.003291147005079891,0.18319383237828066,0.18268642214220357,2.37,-2.91,-0.16187632638571176,-0.023038029035559238,0.12746167431945807,-0.01814018034296003,
1791390702.5516987,balance,-0.04301089629418678,-0.008799078806032737,-0.044168069999064974,-0.3077788525835767,-0.0003349660067105513,0.0008222076981676367,0.1742270354958566,0.3106018568393099,0.0,0.037984344021790156,False,0.0,0.0,-0.020296829155723006,-0.002209088224474896,0.18319383237828066,0.1824833928624771,2.43,-3.0,-0.14207780409006104,-0.015463617571324272,0.11187228668508743,-0.012176076827814387,
1791390702.561578,balance,-0.045418204558588575,-0.010105976028590235,-0.04659864967329046,-0.19984202442111004,-0.0003582374165342489,0.0008222076981676367,0.17407333388731586,0.29531424830159725,0.0,0.04097380235950526,False,0.0,0.0,-0.014076979298623634,0.0011411467200245677,0.18319383237828066,0.18207724849767246,2.4,-3.12,-0.09853885509036545,0.007988027040171975,0.0775896496774531,0.006289785071001555,
1791390702.5716321,balance,-0.047017979493604124,-0.011678113193486077,-0.048210075730996685,-0.12092770274604624,-0.00036988853922492043,0.0008222076981676367,0.17399648311844387,0.28191994369603246,0.0,0.043815892499654785,False,0.0,0.0,-0.009589230766439406,0.003584839270234737,0.18319383237828066,0.1818740249535716,2.35,-3.17,-0.06712461536507584,0.02509387489164316,0.05285402784651641,0.01975895660759304,
1791390702.5817,balance,-0.04812831274656255,-0.012714736940975333,-0.049309984142380636,-0.11416150895885487,-0.00035946369765045214,0.0008222076981676367,0.17407329426122753,0.2635539382499307,0.0,0.04650603749946588,False,0.0,0.0,-0.009384682484383044,0.0027812867925705656,0.18339669919636176,0.1818740249535716,2.35,-3.22,-0.06569277739068131,0.01946900754799396,0.051726596370615205,0.01532992720314485,
1791390702.5916457,balance,-0.04908983299829496,-0.013194826894563139,-0.050271504394113056,-0.09874854492623172,-0.00035946369765045214,0.0008222076981676367,0.17407329426122753,0.24853684854761007,0.0,0.04902748612751458,False,0.0,0.0,-0.012442868696367288,0.00021603139322353893,0.18339669919636176,0.1818740249535716,2.27,-3.22,-0.08710008087457101,0.0015122197525647724,0.0685827408461189,0.001190724214617931,
1791390702.6016176,balance,-0.049597982476562524,-0.01333048121722772,-0.05077965387238062,-0.021355500609967333,-0.00035946369765045214,0.0008222076981676367,0.17407329426122753,0.23649234327097937,0.0,0.05140717637856786,False,0.0,0.0,-0.011053479098313586,0.0012812454144599194,0.18339669919636176,0.1818740249535716,2.27,-3.23,-0.0773743536881951,0.008968717901219435,0.06092468794346071,0.007061982599385382,
1791390702.611695,balance,-0.04916655382778433,-0.013492837699376573,-0.050348225223602425,0.08064617499586721,-0.00035946369765045214,0.0008222076981676367,0.17407329426122753,0.2279044129601105,0.0,0.053708372087386935,False,0.0,0.0,-0.004108511213796112,0.007713883658817545,0.18339669919636176,0.1818740249535716,2.27,-3.22,-0.028759578496572787,0.053997185611722814,0.02264533739887621,0.042517468985608514,
1791390702.6216261,balance,-0.04802322572672363,-0.013288816845911766,-0.049204897122541724,0.12395999782803813,-0.00035946369765045214,0.0008222076981676367,0.17407329426122753,0.22039384693450415,0.0,0.05592951740998012,False,0.0,0.0,0.002147052561472091,0.012646499100917476,0.18339669919636176,0.1818740249535716,2.29,-3.22,0.015029367930304637,0.08852549370642233,-0.011834147976617825,0.06970511315466325,
1791390702.6316671,balance,-0.04684015939751335,-0.012664151393471533,-0.048021830793331444,0.1145821769514624,-0.00035946369765045214,0.0008222076981676367,0.17407329426122753,0.21483670899526192,0.0,0.05808099931086433,False,0.0,0.0,0.004172096320251948,0.014003783127751067,0.18339669919636176,0.1818740249535716,2.2800000000000002,-3.21,0.029204674241763637,0.09802648189425747,-0.022995806489577667,0.07718620621595076,
1791390702.6416128,balance,-0.045833193582324204,-0.011870530323320168,-0.047025289819716765,0.06748017545589854,-0.00036988853922492043,0.0008222076981676367,0.17399648311844387,0.20621182675706048,0.0,0.06016075273948748,False,0.0,0.0,0.0016330048410105682,0.01203749127415774,0.18319383237828066,0.1818740249535716,2.32,-3.2,0.011431033887073977,0.08426243891910419,-0.009000814084310218,0.06634837710165684,
1791390702.6515791,balance,-0.04522473287524007,-0.011264583379632494,-0.04641682911263263,0.06656287722714614,-0.00036988853922492043,0.0008222076981676367,0.17399648311844387,0.19964490617401598,0.0,0.062179317238907905,False,0.0,0.0,-0.0007348376499593382,0.009241834936189235,0.18319383237828066,0.1818740249535716,2.42,-3.16,-0.005143863549715367,0.06469284455332464,0.004050286259618399,0.050939247679783174,
1791390702.661676,balance,-0.044840186678135475,-0.01072743072721465,-0.04602063179283736,0.01893899969024861,-0.0003582374165342489,0.0008222076981676367,0.17407333388731586,0.19118058142804914,0.0,0.06410484847161366,False,0.0,0.0,-0.004708110588423504,0.004519304391979684,0.18319383237828066,0.18207724849767246,2.44,-3.02,-0.03295677411896453,0.031635130743857785,0.02595021584170435,0.024909551766817153,
1791390702.671607,balance,-0.044626425625991215,-0.009525616811575115,-0.045806870740693104,0.03327867901731824,-0.0003582374165342489,0.0008222076981676367,0.17407333388731586,0.18317677238701283,0.0,0.06595517273330848,False,0.0,0.0,-0.006036466934187272,0.0020175744901325507,0.18319383237828066,0.18207724849767246,2.43,-3.0100000000000002,-0.0422552685393109,0.014123021430927855,0.03327186499158338,0.011120489315691224,
1791390702.6816065,balance,-0.044009110124767825,-0.008111118700714208,-0.04518832895891181,0.07239309523813174,-0.0003570111359763456,0.0008222076981676367,0.1740733735136659,0.17670172048591687,0.0,0.06773416899787192,False,0.0,0.0,-0.003982703672876345,0.002974679710728599,0.18299090309463303,0.18228032526567667,2.52,-2.87,-0.027878925710134412,0.020822757975100192,0.02195191000797985,0.016395872421338734,
1791390702.6915767,balance,-0.04306925628965976,-0.0067670608248112454,-0.044236834827961535,0.11285072712336004,-0.00034537084013413696,0.0008222076981676367,0.17415022430863203,0.16957661032962842,0.0,0.0694417192050783,False,0.0,0.0,-0.0013190208596065708,0.005729975442347797,0.18299090309463303,0.1824833928624771,2.5300000000000002,-2.74,-0.009233146017245996,0.04010982809643458,0.007270193714366925,0.03158254180821621,
1791390702.70169,balance,-0.04208839034640253,-0.00561589926043452,-0.04324433885783005,0.0950177228636254,-0.000333740813259889,0.0008222076981676367,0.17422707512717414,0.15815001603917303,0.0,0.071053812256505,False,0.0,0.0,-0.0020140682222624293,0.005677930780963462,0.18299090309463303,0.18268642214220357,2.5300000000000002,-2.75,-0.014098477555837005,0.039745515466744236,0.011101163429792917,0.03129568146987735,
1791390702.7115781,balance,-0.0410340311700489,-0.004525613055595439,-0.04217899715178802,0.11080240445809371,-0.00032275828357148165,0.0008222076981676367,0.17430390534594606,0.15129759085845895,0.0,0.07258061204573213,False,0.0,0.0,-0.0022548804904801087,0.006822293825961886,0.18299090309463303,0.1828894047573843,2.54,-2.56,-0.01578416343336076,0.0477560567817332,0.012428475144378552,0.037603194316325354,
1791390702.7216225,balance,-0.039850639687909015,-0.003133255979345252,-0.04098521996634197,0.12427101332037649,-0.0003123725802653132,0.0008222076981676367,0.1743807165741168,0.13985856667804888,0.0,0.07400883956334947,False,0.0,0.0,-0.0022789256654367623,0.007550526701119721,0.18299090309463303,0.18309238737256509,2.5500000000000003,-2.49,-0.015952479658057336,0.05285368690783805,0.012561007604769556,0.04161707630538429,
1791390702.731587,balance,-0.038733729796158564,-0.0017049712579460456,-0.03986831007459152,0.10811254426646685,-0.0003123725802653132,0.0008222076981676367,0.1743807165741168,0.13152555371403016,0.0,0.07534427480153631,False,0.0,0.0,-0.0037258441730383942,0.006533041566583224,0.18299090309463303,0.18309238737256509,2.59,-2.4,-0.02608090921126876,0.04573129096608257,0.020536148985250992,0.036008890524474466,
1791390702.741718,balance,-0.037882834113250406,-0.0006547062993146152,-0.03902780009498952,0.08342269380472021,-0.0003227582835714782,0.0008222076981676367,0.17430390534594606,0.11871678267114474,0.0,0.07656372233506674,False,0.0,0.0,-0.007302332945010149,0.0028026118430389503,0.18278792047945228,0.18309238737256509,2.66,-2.38,-0.051116330615071044,0.01961828290127265,0.04024907922446539,0.015447466851395787,
1791390702.751636,balance,-0.03687549511728309,0.0002903671462223509,-0.038010075395716034,0.11624450927795056,-0.0003123725802653132,0.0008222076981676367,0.1743807165741168,0.1090841179214938,0.0,0.0776787053888771,False,0.0,0.0,-0.00694467983993662,0.002928944491659989,0.18278792047945228,0.18329525876167316,2.7,-2.29,-0.048612758879556336,0.02050261144161992,0.03827776289728845,0.0161437885367086,
1791390702.761603,balance,-0.03549725711002842,0.001439559605376461,-0.03664342278369544,0.15575994436944177,-0.0003239579754993789,0.0008222076981676367,0.17430386652003466,0.10285052221114131,0.0,0.0787292943237815,False,0.0,0.0,-0.0036000427413632697,0.005957976140236069,0.18258493369347872,0.18329525876167316,2.7600000000000002,-2.31,-0.025200299189542887,0.04170583298165248,0.019842755267356602,0.032839238568230296,
1791390702.7716324,balance,-0.03390652772724969,0.0025454539971402085,-0.03506431398663151,0.16885241770809847,-0.00033557856121418234,0.0008222076981676367,0.17422701568166843,0.09126810982967194,0.0,0.07966470348497239,False,0.0,0.0,-0.0022246532291509222,0.00763103287038423,0.18238186609667828,0.18329525876167316,2.87,-2.29,-0.015572572604056456,0.05341723009268961,0.012261868192170438,0.04206081109660599,
1791390702.7816901,balance,-0.03197813436387751,0.0033811104674043267,-0.03313592062325933,0.21677944300098737,-0.00033557856121418234,0.0008222076981676367,0.17422701568166843,0.08590937210348414,0.0,0.08052780909699205,False,0.0,0.0,0.0015906566944504374,0.011944768875159856,0.18238186609667828,0.18329525876167316,2.99,-2.29,0.011134596861153062,0.08361338212611899,-0.008767399103270127,0.06583730876072362,
1791390702.7916338,balance,-0.029780266282892594,0.004183025380250566,-0.030949683384099157,0.22108400470138814,-0.00034720940303892625,0.0008222076981676367,0.17415016486685023,0.08626826395344953,0.0,0.08139137957266711,False,0.0,0.0,0.00586893719634683,0.016358414880718524,0.1821787984998778,0.18329525876167316,3.0,-2.32,0.041082560374427805,0.11450890416502967,-0.03234847273576993,0.0901644914685273,
1791390702.801687,balance,-0.027572964329027002,0.004997669094381564,-0.028742381430233565,0.20863180923761013,-0.00034720940303892625,0.0008222076981676367,0.17415016486685023,0.08494911075687281,0.0,0.08225544201031355,False,0.0,0.0,0.008196576764578549,0.019707453207760312,0.1821787984998778,0.18329525876167316,3.12,-2.29,0.05737603735204984,0.13795217245432218,-0.045177982166968375,0.10862375783804895,
1791390702.811617,balance,-0.025844786460979013,0.005759541187903982,-0.02702584467370085,0.16976862767106074,-0.0003588505145541987,0.0008222076981676367,0.1740733140756113,0.07260183102454265,0.0,0.08301593392651849,False,0.0,0.0,0.005692870526917948,0.016834926835997185,0.18197564376362416,0.18329525876167316,3.21,-2.31,0.03985009368842563,0.11784448785198029,-0.031378026526319394,0.09279093531651991,
1791390702.821675,balance,-0.023833984470704537,0.006280752929030079,-0.025015042683426372,0.23018566523328673,-0.0003588505145541987,0.0008222076981676367,0.1740733140756113,0.06837321163725861,0.0,0.08369905270235817,False,0.0,0.0,0.009249494492413217,0.01962616930877215,0.18197564376362416,0.18329525876167316,3.2,-2.33,0.06474646144689251,0.13738318516140505,-0.050981465706214577,0.10817573634756303,
1791390702.8317144,balance,-0.02116768240681694,0.006986917031431346,-0.022360392014349206,0.2791604160007545,-0.0003705019093646275,0.0008222076981676367,0.17399646330798282,0.0755683684605356,0.0,0.08444124987084181,False,0.0,0.0,0.017167317665302318,0.029207565853793506,0.1817724202195233,0.18329525876167316,3.27,-2.32,0.12017122365711623,0.20445296097655455,-0.09462301075363483,0.16098658344610595,
1791390702.8415766,balance,-0.018516036320891847,0.007676374593746246,-0.01970874592842411,0.2728981430914934,-0.0003705019093646275,0.0008222076981676367,0.17399646330798282,0.08369941859386851,0.0,0.08525262370109656,False,0.0,0.0,0.021491410246224994,0.03613315716333442,0.1817724202195233,0.18329525876167316,3.36,-2.29,0.15043987172357495,0.25293210014334094,-0.11845659190832673,0.1991591339711346,
1791390702.851598,balance,-0.016494430801887876,0.007937830559077163,-0.01768955000655515,0.14769664319973455,-0.00037291150649963745,0.0008222076981676367,0.17399630398119684,0.0912984597713696,0.0,0.08614531173277254,False,0.0,0.0,0.01817379519096949,0.036084304215046416,0.1815691881139024,0.18349812557975423,3.4,-2.18,0.12721656633678644,0.2525901295053249,-0.10017052467463498,0.1988898657522243,
1791390702.8616447,balance,-0.015988264855322096,0.008457535926264694,-0.01718338405998937,-0.005114907719881963,-0.00037291150649963745,0.0008222076981676367,0.17399630398119684,0.09524408628234865,0.0,0.08709015481848723,False,0.0,0.0,0.007079100172890859,0.026350125731794558,0.1815691881139024,0.18349812557975423,3.5,-2.21,0.049553701210236015,0.1844508801225619,-0.03901866237026458,0.1452369134823322,
1791390702.8716698,balance,-0.016534599785530554,0.00886051234042258,-0.017742589222755366,-0.08197858150151179,-0.0003857817390571748,0.0008222076981676367,0.17391933109728766,0.09949111056652127,0.0,0.08806962893068529,False,0.0,0.0,-0.0016519556690933349,0.016404524701326893,0.18136583942689477,0.18349812557975423,3.6,-2.16,-0.011563689683653344,0.11483167290928825,0.009105267467443579,0.09041864008605374,
1791390702.8816411,balance,-0.017563986831926448,0.009374538921670034,-0.01877197626915126,-0.07859673322596117,-0.0003857817390571748,0.0008222076981676367,0.17391933109728766,0.10227233838010277,0.0,0.08908599651682689,False,0.0,0.0,-0.005496372950178744,0.011492341614251576,0.18136583942689477,0.18349812557975423,3.54,-2.13,-0.03847461065125121,0.08044639129976103,0.030294969016733238,0.06334361519666222,
1791390702.8917377,balance,-0.017858849183888494,0.01010133466740464,-0.019066838621113306,0.0011979821038013857,-0.0003857817390571748,0.0008222076981676367,0.17391933109728766,0.10849258578767539,0.0,0.09015679494732041,False,0.0,0.0,-0.0002614969082990375,0.01632094764888175,0.18136583942689477,0.18349812557975423,3.59,-2.12,-0.0018304783580932625,0.11424663354217224,0.0014413215418057185,0.08995797916706476,
1791390702.9024518,balance,-0.017853249849120977,0.010827010605787448,-0.019050802806166386,-0.023144939215170062,-0.00037534525887777254,0.0008222076981676367,0.17399614221123738,0.11808417130758565,0.0,0.09131249658374288,False,0.0,0.0,0.0017368524001655985,0.021025497555252286,0.18136583942689477,0.18370091467645575,3.56,-1.93,0.012157966801159189,0.147178482886766,-0.009573202205637156,0.11588856920217795,
1791390702.9116325,balance,-0.018844744314357127,0.0118136102166978,-0.020032501080024665,-0.14760320793385248,-0.00036554906749990124,0.0008222076981676367,0.17407286895538496,0.11821675003596997,0.0,0.09250068542127596,False,0.0,0.0,-0.0074876866790762634,0.015104146034398936,0.18136583942689477,0.18390361620789641,3.5100000000000002,-1.83,-0.05241380675353385,0.10572902224079254,0.04127071397916051,0.08325119861479728,
1791390702.9215853,balance,-0.020944268952007402,0.012590010917411205,-0.02212282009785066,-0.22468982614505859,-0.0003563434476756208,0.0008222076981676367,0.17414951786266644,0.11442704417828804,0.0,0.09366106498679679,False,0.0,0.0,-0.019895614020869805,0.005098262701864209,0.18136583942689477,0.18410631773933706,3.54,-1.69,-0.13926929814608863,0.03568783891304946,0.10966086468195954,0.02810066056145627,
1791390702.9315665,balance,-0.023149729908284036,0.01335183074812375,-0.024306253019494024,-0.17783040652056145,-0.000334315413042352,0.0008222076981676367,0.17430313975500117,0.1084808628122513,0.0,0.09474961722901466,False,0.0,0.0,-0.02505585457990152,0.0004669510931378432,0.1815691881139024,0.18430890579941012,3.42,-1.53,-0.17539098205931064,0.0032686576519649025,0.13810313547977215,0.0025737461826495296,
1791390702.941589,balance,-0.024762559534315234,0.014346592833335201,-0.025909902910649926,-0.11859813853907776,-0.00032513567816705446,0.0008222076981676367,0.1743797887122859,0.10547539354061881,0.0,0.0958121349149044,False,0.0,0.0,-0.023482201723348688,0.0015963197928139442,0.1815691881139024,0.18451149152728405,3.41,-1.41,-0.1643754120634408,0.01117423854969761,0.12942945831766992,0.00879861303125796,
1791390702.9515736,balance,-0.025994778146543593,0.015427076499320985,-0.027132949854396887,-0.12261086289788295,-0.00031596400968565697,0.0008222076981676367,0.17445643768425229,0.09325911955512196,0.0,0.09678218729933025,False,0.0,0.0,-0.02473378065916837,-0.00019390047977132556,0.1815691881139024,0.18471401599916903,3.42,-1.26,-0.1731364646141786,-0.0013573033583992788,0.136327924893054,-0.0010687428018891958,
1791390702.9616363,balance,-0.02736764802040305,0.01662944716064192,-0.028496776439001444,-0.14476719761620074,-0.0003069207204307589,0.0008222076981676367,0.1745331407421955,0.07480030120011945,0.0,0.09758389466527309,False,0.0,0.0,-0.029782509425834214,-0.006720670413777454,0.1815691881139024,0.18491647660168958,3.42,-1.23,-0.2084775659808395,-0.047044692896442176,0.16415556376444054,-0.03704306527278912,
1791390702.9716325,balance,-0.02898336610477948,0.01726678228766123,-0.030112494523377876,-0.12791529303615934,-0.0003069207204307589,0.0008222076981676367,0.1745331407421955,0.05877080329278516,0.0,0.09820642350476122,False,0.0,0.0,-0.03610521267848999,-0.013271112433549039,0.1815691881139024,0.18491647660168958,3.39,-1.26,-0.25273648874942994,-0.09289778703484328,0.19900510925151965,-0.07314786380696321,
1791390702.9816756,balance,-0.0301115337114669,0.01794545461369315,-0.031240662130065294,-0.09760234781371374,-0.0003069207204307589,0.0008222076981676367,0.1745331407421955,0.047402658129158746,0.0,0.09870847347299562,False,0.0,0.0,-0.03800333752765428,-0.015669874134542246,0.1815691881139024,0.18491647660168958,3.47,-1.22,-0.26602336269357996,-0.10968911894179573,0.20946721471935428,-0.08636938499353994,
1791390702.991664,balance,-0.031270657995624604,0.01861318156213096,-0.032399786414223,-0.12476809742344652,-0.0003069207204307589,0.0008222076981676367,0.1745331407421955,0.03009429803677052,0.0,0.09906294512289207,False,0.0,0.0,-0.042631104880244866,-0.021837810828801905,0.1815691881139024,0.18491647660168958,3.47,-1.28,-0.2984177341617141,-0.15286467580161334,0.2349745938281213,-0.12036588645796326,
1791390703.0016928,balance,-0.03256662650659351,0.019412950802418626,-0.03369962257565501,-0.10240719629296095,-0.0003107883708938636,0.0008222076981676367,0.17453292068660395,0.0004975811111326771,0.0,0.09913956814486304,False,0.0,0.0,-0.04829033647877353,-0.030631898791844043,0.18136583942689477,0.18511893720421013,3.49,-1.26,-0.33803235535141474,-0.2144232915429083,0.26616720893812185,-0.16883723743536086,
1791390703.0116582,balance,-0.03306827885078136,0.020166409165607965,-0.03420127491984286,-0.004575155641042197,-0.0003107883708938636,0.0008222076981676367,0.17453292068660395,-0.02040812259947584,0.0,0.09898495440876022,False,0.0,0.0,-0.04580099437179936,-0.033471188733225445,0.18136583942689477,0.18511893720421013,3.61,-1.17,-0.3206069606025955,-0.23429832113257812,0.2524464256713351,-0.18448686703352607,
1791390703.0215857,balance,-0.03302365075848986,0.020396725531972814,-0.034165580689123315,0.001553040071151827,-0.00031972223246581194,0.0008222076981676367,0.1744561677106319,-0.04443292548153115,0.0,0.09860888765315731,False,0.0,0.0,-0.0449484819562475,-0.03800943928227588,0.18136583942689477,0.18491647660168958,3.61,-1.31,-0.3146393736937325,-0.26606607497593115,0.24774753834152166,-0.20950084643774106,
1791390703.0315735,balance,-0.033110566629163694,0.020767702834142112,-0.034252496559797146,-0.023057739132876103,-0.00031972223246581194,0.0008222076981676367,0.1744561677106319,-0.07108257327951223,0.0,0.09796600688808761,False,0.0,0.0,-0.05099287196572465,-0.04565667733787421,0.18136583942689477,0.18491647660168958,3.5700000000000003,-1.27,-0.3569501037600725,-0.31959674136511945,0.28106307382682877,-0.25165097745285,
1791390703.041607,balance,-0.03327732887863588,0.021217789095094943,-0.03443207162277881,-0.0035284671105373215,-0.0003325350459752949,0.0008222076981676367,0.1743791947076832,-0.09670266197610722,0.0,0.09705939240760064,False,0.0,0.0,-0.05900873685756279,-0.04955661168884512,0.18116249073988713,0.18491647660168958,3.69,-1.27,-0.4130611580029395,-0.34689628182191584,0.3252450063015272,-0.27314667859993375,
1791390703.0516815,balance,-0.03308747233581881,0.02155535124889561,-0.03424221507996174,0.0316016813801337,-0.0003325350459752949,0.0008222076981676367,0.1743791947076832,-0.11884808278376889,0.0,0.0959271848943843,False,0.0,0.0,-0.06524424002235263,-0.04951794177600054,0.18116249073988713,0.18491647660168958,3.7,-1.27,-0.4567096801564684,-0.34662559243200375,0.359613921383046,-0.27293353734803444,
1791390703.0617087,balance,-0.032844381429192916,0.021171825432263744,-0.03399912417333585,0.03646171555392783,-0.0003325350459752949,0.0008222076981676367,0.1743791947076832,-0.14833062691979396,0.0,0.0945244221412966,False,0.0,0.0,-0.0726426488836381,-0.05200953035710065,0.18116249073988713,0.18491647660168958,3.69,-1.24,-0.5084985421854666,-0.36406671249970457,0.40039255290194226,-0.2866667027556729,
1791390703.071613,balance,-0.03232166536464333,0.020771666513000175,-0.03346746466836245,0.0941635093246692,-0.00032359160555147856,0.0008222076981676367,0.17445594766368236,-0.1798133617264749,0.0,0.09280443585151645,False,0.0,0.0,-0.07627952320168511,-0.05529302116300169,0.18116249073988713,0.18511893720421013,3.73,-1.24,-0.5339566624117958,-0.3870511481410118,0.42043831685968175,-0.3047646835755999,
1791390703.0816395,balance,-0.03112587560831362,0.020659535432254964,-0.03227167491203274,0.14581893718917738,-0.00032359160555147856,0.0008222076981676367,0.17445594766368236,-0.21717145461572607,0.0,0.09073443472316879,False,0.0,0.0,-0.0766600221039089,-0.05905529632150728,0.18116249073988713,0.18511893720421013,3.74,-1.1500000000000001,-0.5366201547273624,-0.41338707425055093,0.4225355549034349,-0.32550163326815035,
1791390703.091611,balance,-0.02918904416804409,0.0204566943231138,-0.030334843471763205,0.22873780524233478,-0.00032359160555147856,0.0008222076981676367,0.17445594766368236,-0.2534059702811372,0.0,0.08830382202938193,False,0.0,0.0,-0.07491804587320383,-0.06003010942019692,0.18116249073988713,0.18511893720421013,3.75,-1.1400000000000001,-0.5244263211124268,-0.4202107659413784,0.4129341111121471,-0.33087461885147906,
1791390703.1017025,balance,-0.02671501578555529,0.01987879128189153,-0.02786975852969822,0.2871279720335895,-0.0003325350459752949,0.0008222076981676367,0.1743791947076832,-0.291358262691258,0.0,0.0854907440926611,False,0.0,0.0,-0.07553764496555632,-0.060172838436092994,0.18116249073988713,0.18491647660168958,3.72,-1.17,-0.5287635147588943,-0.42120986905265095,0.4163492242196018,-0.3316613142146858,
1791390703.1116004,balance,-0.023467756120131012,0.019181028477359488,-0.024622498864273944,0.3840000738833409,-0.0003325350459752949,0.0008222076981676367,0.1743791947076832,-0.33318076401057534,0.0,0.08227548376683753,False,0.0,0.0,-0.07582894262498611,-0.05606446382966632,0.18116249073988713,0.18491647660168958,3.74,-1.29,-0.5308025983749028,-0.3924512468076642,0.4179548018700022,-0.3090167297698143,
1791390703.1216154,balance,-0.019096918772371616,0.01888005923868564,-0.020251661516514547,0.4845375524460673,-0.0003325350459752949,0.0008222076981676367,0.1743791947076832,-0.37300663955361624,0.0,0.07864909827686294,False,0.0,0.0,-0.07328529215402343,-0.04864279653984664,0.18116249073988713,0.18491647660168958,3.75,-1.3,-0.512997045078164,-0.3404995757789265,0.4039346811639087,-0.2681099021881311,
1791390703.131663,balance,-0.013932542279275286,0.018526164527194015,-0.015087285023418218,0.5541291675816843,-0.0003325350459752949,0.0008222076981676367,0.1743791947076832,-0.41322579803128456,0.0,0.07462046546897436,False,0.0,0.0,-0.06987656217203762,-0.04379948503771612,0.18116249073988713,0.18491647660168958,3.7600000000000002,-1.34,-0.48913593520426335,-0.30659639526401283,0.3851464056726483,-0.2414144844598526,
1791390703.1415725,balance,-0.008038461188825435,0.017982695148602974,-0.009202266481127049,0.6314990804135833,-0.00034159759413397717,0.0008222076981676367,0.1743024916901999,-0.45038618805797453,0.0,0.07022704376769194,False,0.0,0.0,-0.063284652964553,-0.03982928488004215,0.18116249073988713,0.18471401599916903,3.77,-1.5,-0.44299257075187104,-0.278804994160295,0.34881304783611894,-0.21953149146479922,
1791390703.1516345,balance,-0.0017420555916160616,0.017288866208722678,-0.002915051933730495,0.6130295493852601,-0.0003507886439467964,0.0008222076981676367,0.1742258427592804,-0.49022660829727444,0.0,0.06543644224406885,False,0.0,0.0,-0.06105093201467911,-0.041834219478199694,0.18116249073988713,0.18451149152728405,3.7,-1.47,-0.42735652410275377,-0.29283953634739784,0.33650120008090845,-0.23058231208456523,
1791390703.1616287,balance,0.004592912844285264,0.01673445271473101,0.0034199165021708312,0.6675132762055437,-0.0003507886439467964,0.0008222076981676367,0.1742258427592804,-0.5228333434999491,0.0,0.06029004278600838,False,0.0,0.0,-0.05786128138265386,-0.04148130119834324,0.18116249073988713,0.18451149152728405,3.7,-1.62,-0.40502896967857704,-0.2903691083884027,0.3189204485658087,-0.22863709321921472,
1791390703.1716607,balance,0.011127927400564685,0.01660067629171669,0.00994573191805648,0.6612000598825041,-0.0003599877843405673,0.0008222076981676367,0.17414919384309163,-0.5577744051423293,0.0,0.05482030368178066,False,0.0,0.0,-0.05748639469317363,-0.040900820660498535,0.18116249073988713,0.18430890579941012,3.65,-1.86,-0.40240476285221544,-0.28630574462348973,0.3168541439781224,-0.22543759419172418,
1791390703.1816425,balance,0.018109101138547714,0.016922838671016214,0.016908483060746504,0.7368702933754779,-0.00037841037963357374,0.0008222076981676367,0.1739958960549843,-0.5816553458720825,0.0,0.04903478100134554,False,0.0,0.0,-0.05336995941394246,-0.034071911683483065,0.18116249073988713,0.18390361620789641,3.73,-1.98,-0.3735897158975972,-0.23850338178438146,0.2941651306280293,-0.1877979384128988,
1791390703.1916857,balance,0.0254173960526599,0.016903597204072442,0.024206971773959574,0.7523612555696334,-0.00038821658053268815,0.0008222076981676367,0.1739191693327785,-0.5990682021140229,0.0,0.04306260024340633,False,0.0,0.0,-0.04866837151901729,-0.027003026077829523,0.18116249073988713,0.18370091467645575,3.7800000000000002,-2.21,-0.34067860063312105,-0.18902118254480665,0.26825086664025277,-0.14883557680693438,
1791390703.2016764,balance,0.032927820964757326,0.0166415224593906,0.0316940568556528,0.7402096065236551,-0.00041155641093688564,0.0008222076981676367,0.17376538541600967,-0.6198123326391352,0.0,0.036925867729602886,False,0.0,0.0,-0.04366480611821059,-0.021914887294394197,0.18095909832971635,0.18349812557975423,3.92,-2.4,-0.3056536428274741,-0.15340421106075938,0.24067215970667252,-0.12079071737067668,
1791390703.211578,balance,0.04011797080882516,0.01694141763365287,0.03885033953702116,0.726195031775568,-0.000445423573636361,0.0008222076981676367,0.1735347905884887,-0.6361490581346507,0.0,0.030575955884734586,False,0.0,0.0,-0.04020744541357766,-0.020012997796951884,0.18075567401151546,0.18309238737256509,4.08,-2.42,-0.2814521178950436,-0.1400909845786632,0.22161584086223904,-0.11030786187296315,
1791390703.222456,balance,0.04699634073547285,0.017687836890165783,0.045701209248521446,0.6754999744725643,-0.0004729237887837641,0.0008222076981676367,0.17338097786378903,-0.6473331384617165,0.0,0.024105600726188312,False,0.0,0.0,-0.03777922481157203,-0.019392939051693335,0.1803486455666257,0.18309238737256509,4.2700000000000005,-2.42,-0.2644545736810042,-0.13575057336185334,0.20823194778031828,-0.10689021524555381,
1791390703.231581,balance,0.05345871019932556,0.017823633505037177,0.052136013153731356,0.6051649552226835,-0.0005004893474265734,0.0008222076981676367,0.1732271666252276,-0.6648403520257551,0.0,0.01751694585610665,False,0.0,0.0,-0.038953068995799936,-0.020591088861974676,0.17994142114148953,0.18309238737256509,4.54,-2.33,-0.27267148297059957,-0.14413762203382274,0.2147019550949603,-0.11349419057781318,
1791390703.2416408,balance,0.05910497589253318,0.017440464539856537,0.057779017499539634,0.5878068017581282,-0.0005037506948259163,0.0008222076981676367,0.17322707193547462,-0.6845237636516187,0.0,0.010686698782065823,False,0.0,0.0,-0.04256673091669918,-0.02355028422878769,0.1797377558943685,0.18329525876167316,4.6000000000000005,-2.25,-0.2979671164168943,-0.16485198960151384,0.23461977670621595,-0.12980471622166445,
1791390703.2517009,balance,0.06492583681586746,0.01737217653484623,0.06361040887708393,0.6090490403972268,-0.0004932202406158874,0.0008222076981676367,0.17330388283480225,-0.6962346732925874,0.0,0.0037268427577226487,False,0.0,0.0,-0.039963037545983834,-0.019639256945617696,0.1797377558943685,0.18349812557975423,4.6000000000000005,-2.02,-0.2797412628218868,-0.13747479861932388,0.22026871088337546,-0.10824787292860148,
1791390703.2616284,balance,0.07118993206451825,0.01798645252724503,0.06988502524956612,0.6417669804313884,-0.00048269911678448796,0.0008222076981676367,0.17338069375333054,-0.7170559749361249,0.0,-0.0033955526159388516,False,0.0,0.0,-0.03429519682114661,-0.013397028762907761,0.1797377558943685,0.18370091467645575,4.6000000000000005,-1.94,-0.24006637774802625,-0.09377920134035433,0.18902864389608365,-0.07384189081917664,
1791390703.2716186,balance,0.07777210517112106,0.01862331634571721,0.07647707679224927,0.6925207065822527,-0.0004728206807041481,0.0008222076981676367,0.17345742031408154,-0.7260413675780177,0.0,-0.010627445443254262,False,0.0,0.0,-0.025813301329202377,-0.00503565924934554,0.1797377558943685,0.18390361620789641,4.54,-1.79,-0.18069310930441665,-0.03524961474541878,0.1422780388223753,-0.02775560216174707,
1791390703.2817125,balance,0.08473040007008126,0.018507603333634867,0.0834584054906707,0.723218573355994,-0.00044978688124291955,0.0008222076981676367,0.17361097474005924,-0.7301820969094871,0.0,-0.017918044857416146,False,0.0,0.0,-0.016268057230276117,0.004247440133061084,0.17994142114148953,0.18410631773933706,4.5,-1.6400000000000001,-0.11387640061193281,0.029732080931427585,0.08966645717475025,0.023411087347580777,
1791390703.2916012,balance,0.09176403668825607,0.01842145572929376,0.09051503519869898,0.7066316178824295,-0.00042679379138944526,0.0008222076981676367,0.17376452925798444,-0.734989462552212,0.0,-0.02523345958057881,False,0.0,0.0,-0.008581825980894816,0.011937006614027227,0.1801450559451548,0.18430890579941012,4.37,-1.62,-0.06007278186626371,0.08355904629819058,0.04730140304430214,0.06579452464424455,
1791390703.3016527,balance,0.0988779741391232,0.018529077031425006,0.09764268632001105,0.6978426046841842,-0.00041308012094451105,0.0008222076981676367,0.17384143503657493,-0.7393918612839521,0.0,-0.03260199164414059,False,0.0,0.0,-0.0013374331142840124,0.01914969195369034,0.1803486455666257,0.18430890579941012,4.2700000000000005,-1.7,-0.009362031799988088,0.13404784367583236,0.007371678582667785,0.10554948320931681,
1791390703.3116157,balance,0.10578076805496194,0.01875854999863374,0.10454548023584978,0.696163056827803,-0.00041308012094451105,0.0008222076981676367,0.17384143503657493,-0.7390238436559954,0.0,-0.03999174484843316,False,0.0,0.0,0.006608112962333734,0.023866590844804584,0.1803486455666257,0.18430890579941012,4.11,-1.68,0.04625679073633614,0.1670661359136321,-0.03642266987113082,0.13154813851467093,
1791390703.321632,balance,0.11217551797557222,0.018221402568078873,0.11095393169867607,0.5929529923858181,-0.0003993785787285119,0.0008222076981676367,0.17391834084782995,-0.732040871841933,0.0,-0.04731902230825728,False,0.0,0.0,0.011004179259567622,0.024892211289314344,0.1805522351880966,0.18430890579941012,4.16,-1.73,0.07702925481697336,0.1742454790252004,-0.06065295654879792,0.13720116458677198,
1791390703.331731,balance,0.1178553858447647,0.017207159542890402,0.11661085105743693,0.5794976839575283,-0.0004223270891601204,0.0008222076981676367,0.17376478622038766,-0.7297973663421062,0.0,-0.05461931029531005,False,0.0,0.0,0.014807694591205867,0.02614710924841039,0.1803486455666257,0.18410631773933706,4.28,-1.7,0.10365386213844106,0.18302976473887272,-0.08161721428223706,0.14411792499123838,
1791390703.3415806,balance,0.12358896578579734,0.015652440568852673,0.12233070718176897,0.561056287290213,-0.00043605090586072356,0.0008222076981676367,0.1736878804638525,-0.7181434501627939,0.0,-0.061826025202524455,False,0.0,0.0,0.022264573258493986,0.031209805747388138,0.1801450559451548,0.18410631773933706,4.34,-1.8800000000000001,0.1558520128094579,0.21846864023171697,-0.1227181203224078,0.17202255136355668,
1791390703.351585,balance,0.1290295972741304,0.014232166061814171,0.12775760269471986,0.5369587119249459,-0.00044978688124291955,0.0008222076981676367,0.17361097474005924,-0.708459454893949,0.0,-0.06893066571731202,False,0.0,0.0,0.028767826987341944,0.03711061100612946,0.17994142114148953,0.18410631773933706,4.5,-1.77,0.2013747889113936,0.25977427704290623,-0.15856282591448315,0.20454667483693403,
1791390703.3616495,balance,0.13383712127113434,0.012425116195635959,0.13255137854149995,0.4548421170351164,-0.0004635350314667504,0.0008222076981676367,0.1735340690490514,-0.6933947660809961,0.0,-0.07590331221360878,False,0.0,0.0,0.0317500068756931,0.039396159886001585,0.1797377558943685,0.18410631773933706,4.63,-1.79,0.2222500481298517,0.2757731192020111,-0.17500003789752103,0.21714418834804022,
1791390703.371594,balance,0.13781642628775478,0.009852286417460507,0.1365306835581204,0.3651669880205131,-0.0004635350314667504,0.0008222076981676367,0.1735340690490514,-0.6687551492653944,0.0,-0.08265136545113368,False,0.0,0.0,0.033372309903228245,0.040684867923349397,0.1797377558943685,0.18410631773933706,4.62,-1.8,0.2336061693225977,0.28479407546344576,-0.18394186560834463,0.2242473035145242,
1791390703.3816817,balance,0.1409932328438641,0.007305038342266872,0.13970749011422973,0.26659917963281127,-0.0004635350314667504,0.0008222076981676367,0.1735340690490514,-0.6417834602430389,0.0,-0.08915154157062329,False,0.0,0.0,0.03418634263494298,0.04094456169399411,0.1797377558943685,0.18410631773933706,4.58,-1.79,0.23930439844460089,0.28661193185795875,-0.18842866019259913,0.22567868650232972,
1791390703.3917122,balance,0.1432629507222005,0.005258207494097118,0.14198168068114878,0.18667666176152817,-0.0004590623428841027,0.0008222076981676367,0.17353432598293989,-0.6185208767274402,0.0,-0.09539564700999377,False,0.0,0.0,0.034611872063010606,0.04068116375803145,0.17994142114148953,0.18390361620789641,4.45,-1.86,0.24228310444107423,0.28476814630622016,-0.1907740979850978,0.22422688685529146,
1791390703.4015994,balance,0.1445651226144323,0.0030523323967745555,0.1432975987219616,0.09258989149646142,-0.0004453161943030609,0.0008222076981676367,0.17361123168461773,-0.5889498170499008,0.0,-0.10135794567280783,False,0.0,0.0,0.033388350941205194,0.039465044562781916,0.1801450559451548,0.18390361620789641,4.19,-2.0300000000000002,0.23371845658843637,0.2762553119394734,-0.18403028077829636,0.21752386766887669,
1791390703.4116893,balance,0.14515872844319727,4.885777569402055e-05,0.14390882368334076,0.02711208241145292,-0.0004276970616888878,0.0008222076981676367,0.17368831653143396,-0.5643235615013495,0.0,-0.1070411604034445,False,0.0,0.0,0.033147056663854126,0.03948003637385206,0.1805522351880966,0.18370091467645575,3.94,-2.2,0.23202939664697889,0.2763602546169644,-0.1827003123204558,0.21760649969839715,
1791390703.4215899,balance,0.14525991913295588,-0.0031347251842805107,0.14403904806596587,-0.016130662997922627,-0.00039866336882239325,0.0008222076981676367,0.17384235824221247,-0.5348043058538074,0.0,-0.11246885814533848,False,0.0,0.0,0.033706948857044644,0.04020664341325249,0.18116249073988713,0.18349812557975423,3.6,-2.33,0.2359486419993125,0.28144650389276743,-0.18578633228292324,0.22161142038800585,
1791390703.4315772,balance,0.14446886870479164,-0.0056348855418700845,0.143263314104513,-0.11490286256897897,-0.00038334690211101405,0.0008222076981676367,0.17391949286282785,-0.5028546924949238,0.0,-0.11757572313281996,False,0.0,0.0,0.032015835315581644,0.03767862884559418,0.1815691881139024,0.18329525876167316,3.42,-2.45,0.2241108472090715,0.2637504019191592,-0.17646523402289097,0.20767748182610962,
1791390703.441644,balance,0.14283387317659707,-0.008013856079068089,0.14164239039417895,-0.21471100341949245,-0.00036927508425050465,0.0008222076981676367,0.17399650293171487,-0.47402347479394064,0.0,-0.12238102770166821,False,0.0,0.0,0.0287444378182289,0.033019155325562495,0.18197564376362416,0.18309238737256509,3.19,-2.5500000000000003,0.2012110647276023,0.23113408727893747,-0.1584339092343325,0.18199534431412398,
1791390703.4516401,balance,0.14048044622906147,-0.010500814817255006,0.1392901902711987,-0.2516747317783207,-0.0003680482596951397,0.0008222076981676367,0.17399654255570884,-0.4458643091165074,0.0,-0.1269211275542342,False,0.0,0.0,0.02686051065164083,0.029257782917756544,0.1821787984998778,0.1828894047573843,2.97,-2.69,0.1880235745614858,0.2048044804242958,-0.14805005870983134,0.16126337041283134,
1791390703.4616375,balance,0.13782640230355236,-0.013293199363022916,0.13666004950145616,-0.3007404579767218,-0.00034414510392857117,0.0008222076981676367,0.17415026393772856,-0.4249322781270314,0.0,-0.13120987280551735,False,0.0,0.0,0.025157961161621657,0.02631312290982204,0.18278792047945228,0.18268642214220357,2.69,-2.86,0.17610572813135159,0.18419186036875426,-0.13866592766248156,0.14503296092027895,
1791390703.4717116,balance,0.1346151876937494,-0.01570821940179088,0.13343596885960543,-0.3586898432639665,-0.0003570111359763456,0.0008222076981676367,0.1740733735136659,-0.4038888545672106,0.0,-0.13528623448170468,False,0.0,0.0,0.020642608377166347,0.02243687691442277,0.18299090309463303,0.18228032526567667,2.61,-3.06,0.1444982586401644,0.1570581384009594,-0.11377815640957828,0.12366782551256644,
1791390703.4817083,balance,0.1310656185924414,-0.01769210468798108,0.12987474917988362,-0.3547707946623716,-0.0003686617143901609,0.0008222076981676367,0.17399652274230687,-0.38286097563852356,0.0,-0.13916923729048788,False,0.0,0.0,0.017817397404162313,0.02038994968102896,0.18299090309463303,0.18207724849767246,2.49,-3.19,0.1247217818291362,0.1427296477672027,-0.09820612742451669,0.11238554942299425,
1791390703.4915776,balance,0.1274781389784612,-0.01969006008354574,0.1262976938637593,-0.37490232779519855,-0.0003582374165342489,0.0008222076981676367,0.17407333388731586,-0.3641265474098344,0.0,-0.14284578653110191,False,0.0,0.0,0.01579854302556417,0.019762672325683153,0.18319383237828066,0.18207724849767246,2.46,-3.11,0.11058980117894919,0.13833870627978206,-0.0870785836054718,0.10892811518093076,
1791390703.501605,balance,0.12354847799443205,-0.021304942870182055,0.12235638175703949,-0.4246250384474769,-0.00036988853922492043,0.0008222076981676367,0.17399648311844387,-0.34796008434456804,0.0,-0.14634234707574703,False,0.0,0.0,0.011287373577838758,0.015773881217034477,0.18319383237828066,0.1818740249535716,2.33,-3.18,0.07901161504487131,0.11041716851924134,-0.062213870114071895,0.08694265237735538,
1791390703.511713,balance,0.11934462581573697,-0.022386672038698787,0.11816295441991888,-0.41225865003095513,-0.00035946369765045214,0.0008222076981676367,0.17407329426122753,-0.3339818253654409,0.0,-0.14971504665879373,False,0.0,0.0,0.0078113057803790775,0.01233754466020142,0.18339669919636176,0.1818740249535716,2.25,-3.27,0.05467914046265354,0.08636281262140993,-0.04305444130917602,0.06800221466252751,
1791390703.5216193,balance,0.11509099375113387,-0.023425221675878842,0.11390932235531577,-0.4302078785147309,-0.00035946369765045214,0.0008222076981676367,0.17407329426122753,-0.32229968998539316,0.0,-0.15296603692141725,False,0.0,0.0,0.0032873890079524286,0.0092706174449143,0.18339669919636176,0.1818740249535716,2.2600000000000002,-3.25,0.023011723055667,0.0648943221144001,-0.018119466972966142,0.0510978914286615,
1791390703.5316396,balance,0.11096555737203435,-0.024462242483288866,0.10977165495757395,-0.4057698484312252,-0.0003716947162927635,0.0008222076981676367,0.1739963848609606,-0.313642749360876,0.0,-0.1561119653297705,False,0.0,0.0,0.0014262037799636946,0.007345580861836261,0.18339669919636176,0.18167080140947076,2.22,-3.39,0.009983426459745861,0.05141906603285383,-0.007860965716335324,0.04048745356917624,
1791390703.5417016,balance,0.10722739210286476,-0.025462291901014372,0.10604391533285291,-0.36162502422186193,-0.00036126907184421547,0.0008222076981676367,0.174073196000468,-0.30511773147707016,0.0,-0.15919092278432045,False,0.0,0.0,0.0019211004303702072,0.007091029675996759,0.1835995660144428,0.18167080140947076,2.16,-3.35,0.01344770301259145,0.049637207731977315,-0.010588742529599567,0.03908441553699001,
1791390703.55169,balance,0.10363888163200058,-0.026131278724398264,0.10245540486198872,-0.3447777300325027,-0.00036126907184421547,0.0008222076981676367,0.174073196000468,-0.30210818065822614,0.0,-0.1622158364899754,False,0.0,0.0,0.0011360511075368949,0.005176477509096926,0.1835995660144428,0.18167080140947076,2.13,-3.35,0.007952357752758264,0.03623534256367848,-0.006261699017919893,0.028531765798172033,
1791390703.5615847,balance,0.10029631855340641,-0.026965951865238733,0.09911284178339456,-0.32721180577929776,-0.00036126907184421547,0.0008222076981676367,0.174073196000468,-0.2995635720206426,0.0,-0.1652079453291193,False,0.0,0.0,0.0002395189541802321,0.0030035703042834185,0.1835995660144428,0.18167080140947076,2.09,-3.31,0.0016766326792616248,0.02102499212998393,-0.0013201832120170274,0.016555111913373173,
1791390703.5717034,balance,0.09742320183126232,-0.027582725018769894,0.09625011703878016,-0.2622545490243892,-0.0003508770943145244,0.0008222076981676367,0.17415000388514382,-0.29490927591934135,0.0,-0.1681574057075468,False,0.0,0.0,0.0023162415616233283,0.004176650115544747,0.18380227246209999,0.18167080140947076,2.05,-3.3200000000000003,0.0162136909313633,0.029236550808813228,-0.012766685772727007,0.023020906148671832,
1791390703.5815868,balance,0.09496114784710921,-0.028081279985170036,0.09380027409938223,-0.23542094339869524,-0.00033866604955934757,0.0008222076981676367,0.17422691332968568,-0.2945815910930883,0.0,-0.1711071535734272,False,0.0,0.0,0.0027620893056557296,0.005048886382424256,0.18380227246209999,0.1818740249535716,1.98,-3.33,0.019334625139590108,0.035342204676969795,-0.015224114283141818,0.027828507619661255,
1791390703.591679,balance,0.09294980737207521,-0.028448547592369686,0.09178893362434823,-0.19402094893991037,-0.00033866604955934757,0.0008222076981676367,0.17422691332968568,-0.2890233366223305,0.0,-0.17401565859559648,False,0.0,0.0,0.0040990803436363075,0.007478804584425624,0.18380227246209999,0.1818740249535716,2.0100000000000002,-3.2,0.028693562405454152,0.052351632090979365,-0.022593356224767047,0.04122175755195225,
1791390703.6016273,balance,0.09139714739009214,-0.028991070870814924,0.09023627364236515,-0.12612275131678355,-0.00033866604955934757,0.0008222076981676367,0.17422691332968568,-0.2859389015920339,0.0,-0.17688775775354926,False,0.0,0.0,0.008371696497650596,0.010829261601110076,0.18380227246209999,0.1818740249535716,1.98,-3.22,0.05860187548355417,0.07580483120777054,-0.046143209042168634,0.05968884347068546,
1791390703.611651,balance,0.09029686494642084,-0.029330531919755168,0.08913599119869385,-0.10168411952970074,-0.00033866604955934757,0.0008222076981676367,0.17422691332968568,-0.27804015184522984,0.0,-0.1796888204515081,False,0.0,0.0,0.01287057863474548,0.013898883066290427,0.18380227246209999,0.1818740249535716,2.0100000000000002,-3.22,0.09009405044321836,0.09729218146403298,-0.07094019719938453,0.07660801690081337,
1791390703.6216888,balance,0.08931620100632812,-0.02950684541672569,0.08814311621384595,-0.09904643569549698,-0.0003508770943145244,0.0008222076981676367,0.17415000388514382,-0.26937368773280745,0.0,-0.18240764322748565,False,0.0,0.0,0.01588969527864924,0.01494183566126256,0.18380227246209999,0.18167080140947076,2.0300000000000002,-3.2600000000000002,0.1112278669505447,0.10459284962883793,-0.08758099759885409,0.08235657451089601,
1791390703.631582,balance,0.08822634812391089,-0.03005722556009414,0.08705326333142872,-0.09480275367403403,-0.0003508770943145244,0.0008222076981676367,0.17415000388514382,-0.25803703889257973,0.0,-0.18502969242358216,False,0.0,0.0,0.017872533172183135,0.014980647253447676,0.18380227246209999,0.18167080140947076,1.99,-3.35,0.12510773220528196,0.10486453077413373,-0.09851002535848973,0.08257049667254623,
1791390703.6416416,balance,0.08720756113583972,-0.03058853132946135,0.08603447634335755,-0.10375178020707675,-0.0003508770943145244,0.0008222076981676367,0.17415000388514382,-0.24505832641183042,0.0,-0.1875176671363769,False,0.0,0.0,0.019999507277463704,0.015926345352805828,0.18380227246209999,0.18167080140947076,2.0,-3.37,0.13999655094224595,0.1114844174696408,-0.11023350467893381,0.08778300588160692,
1791390703.651636,balance,0.08607484612515193,-0.03080497184483234,0.08490176133266976,-0.10747853888940874,-0.0003508770943145244,0.0008222076981676367,0.17415000388514382,-0.2348074749542892,0.0,-0.18989265263621666,False,0.0,0.0,0.020695508854582472,0.016384288947373225,0.18380227246209999,0.18167080140947076,2.0,-3.41,0.14486856198207732,0.11469002263161257,-0.11406973384415536,0.0903071044343406,
1791390703.661647,balance,0.08495236341949286,-0.030928797725879708,0.08376642950172042,-0.10482609527219958,-0.00036372621960480134,0.0008222076981676367,0.17407303095189738,-0.22055805308207566,0.0,-0.1921455103678252,False,0.0,0.0,0.021888906013176987,0.01761104156721574,0.18380227246209999,0.18146750672806256,2.0,-3.54,0.1532223420922389,0.12327729097051018,-0.12064751345845583,0.09706873304764581,
1791390703.6716907,balance,0.08393015586218273,-0.03130856003200971,0.08274422194441029,-0.09475424575552523,-0.00036372621960480134,0.0008222076981676367,0.17407303095189738,-0.20364994657867797,0.0,-0.19422825370847158,False,0.0,0.0,0.02512473624728506,0.01999058647680561,0.18380227246209999,0.18146750672806256,1.98,-3.49,0.1758731537309954,0.13993410533763928,-0.13848279821338222,0.11018433491152699,
1791390703.6816397,balance,0.08288847199236982,-0.03184746363131987,0.08171174288356403,-0.11039147480664786,-0.00035452141063814155,0.0008222076981676367,0.17414967986209973,-0.1841074448891899,0.0,-0.19612247282910147,False,0.0,0.0,0.02853658547814976,0.02197013659544115,0.1840049739935406,0.18146750672806256,1.8800000000000001,-3.5,0.19975609834704833,0.15379095616808805,-0.15728826641499868,0.12109524107723468,
1791390703.691664,balance,0.08147260207348556,-0.03204677926854401,0.08028302220399776,-0.15119070758492298,-0.00036737217132015026,0.0008222076981676367,0.1740727069370086,-0.16548156966618252,0.0,-0.19782563935067196,False,0.0,0.0,0.02919445206661014,0.021186273311813233,0.1840049739935406,0.1812641580410549,1.8800000000000001,-3.5500000000000003,0.20436116446627098,0.14830391318269265,-0.16091430272934723,0.11677473478952177,
1791390703.7016678,balance,0.07987364663993914,-0.03216017399195361,0.07868406677045135,-0.14289498204188972,-0.00036737217132015026,0.0008222076981676367,0.1740727069370086,-0.14618477485227593,0.0,-0.1993365527334139,False,0.0,0.0,0.03145977405098493,0.02200940589018148,0.1840049739935406,0.1812641580410549,1.86,-3.63,0.22021841835689449,0.15406584123127037,-0.17340032941487754,0.1213116860088743,
1791390703.7116592,balance,0.07858753116660593,-0.03256974528293223,0.07739795129711814,-0.10697027697228188,-0.00036737217132015026,0.0008222076981676367,0.1740727069370086,-0.1167499245293348,0.0,-0.20057951482357958,False,0.0,0.0,0.03824780532358489,0.027923175909318976,0.1840049739935406,0.1812641580410549,1.86,-3.63,0.2677346372650942,0.19546223136523283,-0.21081467501188522,0.15390726879152192,
1791390703.7216015,balance,0.07731945956542136,-0.033164994244520754,0.07611701756531243,-0.14204435908580162,-0.00038023430194128807,0.0008222076981676367,0.17399573404068966,-0.0920165482754178,0.0,-0.20155757472336286,False,0.0,0.0,0.042432802808908376,0.03119778096521361,0.1840049739935406,0.18106080344386152,1.8800000000000001,-3.72,0.29702961966235863,0.21838446675649525,-0.23388159028532177,0.17195627303661043,
1791390703.7316496,balance,0.07572532448100804,-0.03366436355672339,0.07452288248089911,-0.12988590269137495,-0.00038023430194128807,0.0008222076981676367,0.17399573404068966,-0.07166484863736046,0.0,-0.20232560129660387,False,0.0,0.0,0.0454959596572365,0.03360516274094498,0.1840049739935406,0.18106080344386152,1.8800000000000001,-3.84,0.31847171760065546,0.23523613918661485,-0.25076513196902006,0.18522530644615343,
1791390703.7417119,balance,0.07478302573136987,-0.03411647268942827,0.0735677102156086,-0.036811703753619175,-0.0003931078175936388,0.0008222076981676367,0.17391876117318103,-0.04501359043203707,0.0,-0.20284421228108812,False,0.0,0.0,0.05579987221911994,0.04360573175315317,0.1840049739935406,0.1808573791256606,1.8800000000000001,-3.93,0.3905991055338396,0.30524012227207215,-0.3075583508140469,0.24034655297013555,
1791390703.7516372,balance,0.07511100101627553,-0.03477962943004898,0.07389568550051426,0.08999088572199995,-0.0003931078175936388,0.0008222076981676367,0.17391876117318103,-0.017246266977665292,0.0,-0.20308101369068665,False,0.0,0.0,0.07258991074163973,0.06102273893121967,0.1840049739935406,0.1808573791256606,1.92,-3.97,0.5081293751914782,0.4271591725185377,-0.4001018702295104,0.33634580513270684,
1791390703.7616763,balance,0.07652561997276534,-0.03537111757842798,0.07528778505932229,0.20611577599581737,-0.00041562721527541036,0.0008222076981676367,0.1737651716615935,0.014449305546415256,0.0,-0.20302137253874777,False,0.0,0.0,0.09082266887661204,0.08222871661788154,0.18380227246209999,0.1806539548074597,1.99,-4.1,0.6357586821362843,0.5756010163251708,-0.5005973875088853,0.4532291467127329,
1791390703.771691,balance,0.0790657225804347,-0.03598263084241826,0.0778141668473187,0.2637357710765951,-0.0004293480349483632,0.0008222076981676367,0.17368826588908268,0.05522862968508557,0.0,-0.2025734454519716,False,0.0,0.0,0.10988119049720321,0.10410305680046979,0.18380227246209999,0.1804504333266811,2.08,-4.2,0.7691683334804225,0.7287213976032885,-0.6056443570711988,0.5737963760655814,
1791390703.7816405,balance,0.08154601388270294,-0.036590997757581345,0.08027026012993758,0.24363684830909307,-0.00045354605459771435,0.0008222076981676367,0.17353455243184704,0.10007868044177007,0.0,-0.20168364664739488,False,0.0,0.0,0.12558830180802016,0.11831290132416424,0.1835995660144428,0.18024684370521019,2.12,-4.21,0.8791181126561411,0.8281903092691496,-0.6922189863434182,0.6521183537552359,
1791390703.7917001,balance,0.08369600550793874,-0.037112833664510125,0.08242025175517338,0.22242411498993625,-0.00045354605459771435,0.0008222076981676367,0.17353455243184704,0.1607632936328443,0.0,-0.20024009909360982,False,0.0,0.0,0.14215528396416263,0.13072105109319687,0.1835995660144428,0.18024684370521019,2.22,-4.32,0.9950869877491384,0.9150473576523781,-0.783533061219794,0.7205097304349434,
1791390703.801687,balance,0.08553929369755991,-0.037341119016004336,0.08422549559440946,0.15789968735003007,-0.0004915904049828113,0.0008222076981676367,0.17330393017914345,0.23749194401343202,0.0,-0.1980694996229488,False,0.0,0.0,0.15912511549686584,0.14436962659371433,0.18339669919636176,0.1798395814646299,2.42,-4.5200000000000005,1.113875808478061,1.0105873861560002,-0.8770675657307566,0.7957380993354332,
1791390703.811675,balance,0.08655476421754016,-0.03753957614041979,0.08520530816660113,0.05319567697501483,-0.000527248352771393,0.0008222076981676367,0.17307332184298777,0.3246825511928098,0.0,-0.19503983814439763,False,0.0,0.0,0.1719343961289683,0.15859238580312823,0.18299090309463303,0.17963591621750888,2.59,-4.69,1.203540772902778,1.1101467006218977,-0.9476698999234473,0.8741312603322029,
1791390703.821601,balance,0.08655647498291923,-0.03750782275538363,0.08518100279319914,-0.001880037316094717,-0.0005532644915524423,0.0008222076981676367,0.1729194366274929,0.42755015197223023,0.0,-0.19104180709717597,False,0.0,0.0,0.18477522351105585,0.17683148953673022,0.18278792047945228,0.1794321506082759,2.83,-4.98,1.293426564577391,1.2378204267571116,-1.0184461138404655,0.9746617533520563,
1791390703.8316293,balance,0.08547752512957138,-0.03737953393951202,0.08404743326091947,-0.25420564891609543,-0.0006078841704842651,0.0008222076981676367,0.17261158820870118,0.5356302662022664,0.0,-0.18596828290651374,False,0.0,0.0,0.19111255514112527,0.18830691529361923,0.18238186609667828,0.17902448066283094,2.93,-5.08,1.337787885987877,1.3181484070553346,-1.0533762881794306,1.0379121315396336,
1791390703.841727,balance,0.08218857256964046,-0.0364797038959867,0.08073108512292457,-0.408472639903986,-0.0006352797485482502,0.0008222076981676367,0.17245766378973196,0.6529567987665441,0.0,-0.179731047193575,False,0.0,0.0,0.19592304453251344,0.19704464546047923,0.1821787984998778,0.1788205744867898,3.04,-5.24,1.371461311727594,1.3793125182233545,-1.0798907966359008,1.0860728489947673,
1791390703.8516998,balance,0.0761256450072031,-0.03491604386646018,0.07465192638391287,-0.7390759027037702,-0.0006515109251225906,0.0008222076981676367,0.172380564599888,0.7716132350386518,0.0,-0.17233192451230472,False,0.0,0.0,0.1908862012256448,0.19252112457762527,0.1821787984998778,0.17861666831074868,3.08,-5.17,1.3362034085795136,1.3476478720433769,-1.0521286681728452,1.0611400567270683,
1791390703.861636,balance,0.06699194298455695,-0.03350496195768613,0.06553445553784105,-1.0550978572806182,-0.0006352797485482502,0.0008222076981676367,0.17245766378973196,0.8824001480925869,0.7360527790631256,0.0007317368451473066,False,0.0,0.0,0.10332599086545026,0.10499459019906825,0.1821787984998778,0.1788205744867898,3.0100000000000002,-5.1000000000000005,0.7232819360581518,0.7349621313934778,-0.5695133354788597,0.5787103396799037,
1791390703.8715842,balance,0.055310480990256115,-0.0319855753053519,0.05386486679235451,-1.1860523199894117,-0.000623406499733966,0.0008222076981676367,0.17253451401799075,0.9775426822597206,0.6680069704247077,0.0015476785591750648,False,0.0,0.0,0.04521385757707338,0.04444360461248331,0.18238186609667828,0.1788205744867898,3.0100000000000002,-5.0,0.31649700303951367,0.3111052322873832,-0.2492102386137903,0.24496474983258518,
1791390703.881641,balance,0.04313887481971174,-0.031176021991392796,0.04175526687801791,-1.1495432616554606,-0.0005614002435261889,0.0008222076981676367,0.1728428110299244,1.0475893787034527,0.5693020916626771,0.002391436435203878,False,0.0,0.0,0.042085008888198785,0.038046243768173435,0.18238186609667828,0.17963591621750888,2.93,-4.17,0.2945950622173915,0.26632370637721403,-0.23196461591920592,0.20970370580882994,
1791390703.8916187,balance,0.0337050432823625,-0.0301813071837775,0.03240468159160459,-0.7963918773388697,-0.00047815399259027586,0.0008222076981676367,0.17330436014950656,1.092832916882239,0.6380608422142946,0.0022738603733397224,False,0.0,0.0,0.05272340132463424,0.045055551379792926,0.18238186609667828,0.1808573791256606,2.9,-3.44,0.36906380927243965,0.31538885965855046,-0.2906014246239682,0.24833768477051216,
1791390703.9016309,balance,0.027179245544474883,-0.02916313502582177,0.025942344382429202,-0.47160239978097745,-0.0004146934638780443,0.0008222076981676367,0.17368910168553514,1.1346919088609755,0.7066001399867113,0.0021404588443713207,False,0.0,0.0,0.08290136087144008,0.07436964390432534,0.18258493369347872,0.18167080140947076,2.66,-3.04,0.5803095261000806,0.5205875073302774,-0.4569366347244729,0.4099114230947066,
1791390703.9116879,balance,0.023083228899828046,-0.027443858487601936,0.02189113266243549,-0.4000493449548276,-0.00036988853922492043,0.0008222076981676367,0.17399648311844387,1.1656780803883908,0.6588463567736932,0.002534158618073488,False,0.0,0.0,0.09939830398194893,0.0945471638627952,0.18319383237828066,0.1818740249535716,2.43,-3.15,0.6957881278736425,0.6618301470395664,-0.5478646676170413,0.5211261000311547,
1791390703.9216444,balance,0.019233988523766843,-0.025269746849444233,0.018062732773501306,-0.3969508238542774,-0.0003490480520979,0.0008222076981676367,0.17415010542291234,1.1833613221730965,0.611812095283582,0.0028577461344475724,False,0.0,0.0,0.11023357793551358,0.1107483857799692,0.1835995660144428,0.1818740249535716,2.05,-3.21,0.7716350455485951,0.7752387004597845,-0.6075866500382638,0.6104241735903815,
1791390703.9316943,balance,0.014957162832584938,-0.02329675998290013,0.013817087544570911,-0.43180248030564494,-0.00031786758984638994,0.0008222076981676367,0.17438041313071778,1.199377494003347,0.6051763235110962,0.0029710058524612545,False,0.0,0.0,0.11263455045326337,0.11760374809913492,0.1840049739935406,0.18207724849767246,1.83,-3.14,0.7884418531728437,0.8232262366939445,-0.6208203568290107,0.6482096351920822,
1791390703.9415941,balance,0.011065511501554706,-0.020838293844864804,0.00992543621354068,-0.3983530351899679,-0.00031786758984638994,0.0008222076981676367,0.17438041313071778,1.2191207183877666,0.6018716342659739,0.0030862454206089635,False,0.0,0.0,0.11361409610143956,0.119940879794193,0.1840049739935406,0.18207724849767246,1.92,-3.12,0.7952986727100769,0.839586158559351,-0.6262194273307692,0.6610914634325599,
1791390703.9516902,balance,0.007491306171455737,-0.019036029402739244,0.006353666087599875,-0.34719658583110585,-0.0003154323856882253,0.0008222076981676367,0.1743806150174379,1.2262201289652626,0.5977514849094727,0.0031423432202789493,False,0.0,0.0,0.11758287433271589,0.12226535040779705,0.18380227246209999,0.18228032526567667,2.0,-2.95,0.8230801203290112,0.8558574528545794,-0.6480945829362293,0.6739035061847082,
1791390703.9617515,balance,0.004347020988993477,-0.0181643891276541,0.0032106294522324793,-0.2905037694524783,-0.00031418383859336055,0.0008222076981676367,0.17438065792681678,1.2336552710597002,0.6301433596349431,0.003017559557123786,False,0.0,0.0,0.12609671693116087,0.12751781868955586,0.1835995660144428,0.1824833928624771,2.23,-2.88,0.8826770185181261,0.8926247308268911,-0.6950212744237213,0.7028541187613315,
1791390703.9717236,balance,0.0009533655451268871,-0.017278278895927635,-0.00019341249660961022,-0.324514075806073,-0.0003245703435688606,0.0008222076981676367,0.17430384670192647,1.2372507349737152,0.5838944466989482,0.003266781441373835,False,0.0,0.0,0.12188264048087157,0.11991979411363596,0.18339669919636176,0.1824833928624771,2.2800000000000002,-2.79,0.8531784833661009,0.8394385587954517,-0.6717940813906307,0.660975243146025,
1791390703.981589,balance,-0.001982077420355982,-0.015397793835573834,-0.003128855462092479,-0.27705404213937207,-0.0003245703435688606,0.0008222076981676367,0.17430384670192647,1.233793271707545,0.547737992196911,0.0034302763975531704,False,0.0,0.0,0.12706903866037741,0.12275181672215847,0.18339669919636176,0.1824833928624771,2.34,-2.9,0.8894832706226419,0.8592627170551093,-0.7003805280493243,0.6765848165788262,
1791390703.991616,balance,-0.004922094757961456,-0.01316426155943042,-0.006090899033026644,-0.3091478395450836,-0.00034659657689755166,0.0008222076981676367,0.17415018467979715,1.2417894168719243,0.5416354818604994,0.003500769675057125,False,0.0,0.0,0.12745035914214745,0.12334832156827966,0.18319383237828066,0.18228032526567667,2.29,-3.08,0.8921525139950321,0.8634382509779576,-0.7024822944842772,0.6798726385653209,
1791390704.0016642,balance,-0.008316145165559752,-0.011331069643028916,-0.009486175177946183,-0.3258641013290959,-0.00034782231421879445,0.0008222076981676367,0.17415014505122395,1.2373788977809195,0.5454825829789574,0.0034594815740098105,False,0.0,0.0,0.11521570379589557,0.11315804965246375,0.18339669919636176,0.18207724849767246,2.24,-3.1,0.806509926571269,0.7921063475672462,-0.6350471862765897,0.6237057854860206,
1791390704.0115976,balance,-0.011906065026476646,-0.009131474647685048,-0.01306446392536286,-0.4043840265104883,-0.00033619120071857675,0.0008222076981676367,0.17422699586480067,1.2298225536970648,0.547887076870471,0.003409677384132969,False,0.0,0.0,0.10908727118344402,0.10867275406559689,0.18339669919636176,0.18228032526567667,2.29,-3.06,0.7636108982841081,0.7607092784591782,-0.6012684238457544,0.5989836838261245,
1791390704.0215843,balance,-0.015744241180171856,-0.00783096460616264,-0.01690264007905807,-0.37325425461695927,-0.00033619120071857675,0.0008222076981676367,0.17422699586480067,1.2341076182851902,0.5440404814592235,0.003450335684129834,False,0.0,0.0,0.10899598786565556,0.10867007862703623,0.18339669919636176,0.18228032526567667,2.42,-2.84,0.762971915059589,0.7606905503892536,-0.6007652874484952,0.598968937314373,
1791390704.031643,balance,-0.019157780682279274,-0.008188954515467839,-0.0203137291937068,-0.3017251552748027,-0.000333740813259889,0.0008222076981676367,0.17422707512717414,1.2296860212698733,0.6701723700066757,0.002797568256315988,False,0.0,0.0,0.09542188365613447,0.09212786287509557,0.18299090309463303,0.18268642214220357,2.71,-2.66,0.6679531855929413,0.644895040125669,-0.5259473902306624,0.5077913701776922,
1791390704.0416017,balance,-0.02250454169754229,-0.008376803085530347,-0.023671507325222062,-0.3767341188729962,-0.000344757929512135,0.0008222076981676367,0.17415024412452004,1.2303254516954336,0.6762588126625582,0.002770333195164377,False,0.0,0.0,0.08401373454227883,0.07889361039050069,0.18258493369347872,0.1828894047573843,2.82,-2.58,0.5880961417959518,0.5522552727335048,-0.46306782818578884,0.4348466714437046,
1791390704.0515885,balance,-0.025473076176498556,-0.006479945455861112,-0.02662963724215104,-0.23842333913164618,-0.00033435336748484715,0.0008222076981676367,0.1742270553128552,1.2271842109053226,0.7489351866466378,0.002391245121293424,False,0.0,0.0,0.0796194354399273,0.07199977106231338,0.18258493369347872,0.18309238737256509,2.88,-2.33,0.5573360480794911,0.5039983974361937,-0.4388472819523552,0.3968491318395226,
1791390704.0616724,balance,-0.028584204986986682,-0.00473476197980789,-0.029740766052639166,-0.3411952557696582,-0.00033435336748484715,0.0008222076981676367,0.1742270553128552,1.234026775636152,0.5612704987807571,0.003363781384276975,False,0.0,0.0,0.09511465319460104,0.08649828593706237,0.18258493369347872,0.18309238737256509,2.7,-2.44,0.6658025723622073,0.6054880015594366,-0.52425399398599,0.4767622059523123,
1791390704.0715992,balance,-0.031856185899566625,-0.004383596050302926,-0.03301154674206852,-0.3299798111031507,-0.00033315314433425905,0.0008222076981676367,0.17422709413659285,1.2230261733342256,0.7654106359353312,0.002288077686994472,False,0.0,0.0,0.06940264070768475,0.06328718790983011,0.18278792047945228,0.1828894047573843,2.7,-2.56,0.4858184849537932,0.44301031536881075,-0.382534240121097,0.3488270199754415,
1791390704.0816298,balance,-0.03534358347329042,-0.002868915485791066,-0.036498944315792314,-0.4364711976119203,-0.00033315314433425905,0.0008222076981676367,0.17422709413659285,1.2295588365487344,0.6223165454882367,0.003036211455302489,False,0.0,0.0,0.07013801522656588,0.06665884194756344,0.18278792047945228,0.1828894047573843,2.79,-2.6,0.4909661065859611,0.4666118936329441,-0.3865874855007568,0.3674109398684599,
1791390704.0915976,balance,-0.039187068898055635,-0.0024936639829100287,-0.04033323457172265,-0.29969633018728536,-0.0003239579754993789,0.0008222076981676367,0.17430386652003466,1.23812532867311,0.5669841928840944,0.0033557056789450777,False,0.0,0.0,0.0805480822051368,0.07834714571855182,0.18258493369347872,0.18329525876167316,2.8000000000000003,-2.2,0.5638365754359577,0.5484300200298627,-0.4439658074298879,0.4318346614408368,
1791390704.1016815,balance,-0.0426623094962844,-0.004053702316494866,-0.043820095755666214,-0.3854301937457862,-0.00033557856121418234,0.0008222076981676367,0.17422701568166843,1.2398757243568137,0.6487407194122534,0.0029556750247228016,False,0.0,0.0,0.06867614258068577,0.06549966791109028,0.18238186609667828,0.18329525876167316,3.0300000000000002,-2.27,0.4807329980648004,0.458497675377632,-0.3785299197360633,0.3610217916359307,
1791390704.1117024,balance,-0.046534779752026745,-0.005354074214315598,-0.04769379120569528,-0.38337210796935167,-0.00033680375550089806,0.0008222076981676367,0.17422697605074325,1.2464720847059367,0.5611177188848213,0.003426771829105577,False,0.0,0.0,0.07407650676912851,0.06806949403439581,0.1821787984998778,0.18349812557975423,3.0300000000000002,-2.02,0.5185355473838996,0.4764864582407707,-0.4082957066014958,0.375186187591158,
1791390704.1216161,balance,-0.05038367149902087,-0.00578193013472003,-0.05153228647615356,-0.40204224496145313,-0.0003264072789650428,0.0008222076981676367,0.17430378725348444,1.2484158634189408,0.5445257614197773,0.003519450509995818,False,0.0,0.0,0.07439883366054716,0.06693502190519285,0.1821787984998778,0.18370091467645575,3.11,-1.97,0.5207918356238301,0.46854515333634994,-0.41007231151482687,0.36893319160342514,
1791390704.131669,balance,-0.05433130452959061,-0.005845638808064922,-0.05547991950672329,-0.41692112417251165,-0.0003264072789650428,0.0008222076981676367,0.17430378725348444,1.229893546817041,0.6626375474584447,0.002836279996792982,False,0.0,0.0,0.04014342932077641,0.032800032529615206,0.1821787984998778,0.18370091467645575,2.98,-2.16,0.28100400524543484,0.22960022770730643,-0.2212629962562479,0.1807875808718948,
1791390704.1415946,balance,-0.05827671616499417,-0.006232548659683244,-0.05943450242437599,-0.40858725596593576,-0.00033557856121418234,0.0008222076981676367,0.17422701568166843,1.2168062337000833,0.5458715649737187,0.0033546733436318234,False,0.0,0.0,0.03218366210802352,0.027086325538684286,0.18238186609667828,0.18329525876167316,2.96,-2.5300000000000002,0.22528563475616464,0.18960427877079,-0.1773902635875312,0.14929470769353542,
1791390704.151584,balance,-0.06285154312971687,-0.006485047549214075,-0.06400810419536936,-0.4379992071415622,-0.00033435336748484715,0.0008222076981676367,0.1742270553128552,1.2266645724972267,0.5750846081304372,0.003257899821833948,False,0.0,0.0,0.029640639221579817,0.026769391422336045,0.18258493369347872,0.18309238737256509,2.69,-2.46,0.20748447455105873,0.18738573995635233,-0.16337360200870765,0.14754782673728528,
1791390704.1615787,balance,-0.06679845362502689,-0.007709782871356705,-0.067943419606766,-0.46985682964364806,-0.0003227582835714782,0.0008222076981676367,0.17430390534594606,1.2205523380220162,0.6291428406772297,0.002957047486723933,False,0.0,0.0,0.013938553037182128,0.013730851061141386,0.18278792047945228,0.18309238737256509,2.66,-2.45,0.0975698712602749,0.0961159574279897,-0.07682667028368102,0.07568185624251157,
1791390704.171589,balance,-0.07120858730990669,-0.00987335243608681,-0.07234316758833964,-0.40179226080592684,-0.0003123725802653132,0.0008222076981676367,0.1743807165741168,1.2160961700222312,0.5436624917884678,0.0033621683911688174,False,0.0,0.0,0.011254044870348085,0.01132438935922618,0.18278792047945228,0.18329525876167316,2.64,-2.17,0.07877831409243659,0.07927072551458327,-0.06203016857672172,0.062417894105971074,
1791390704.1816382,balance,-0.07583265998514523,-0.012403181211436526,-0.07696724026357818,-0.48070747073683445,-0.0003123725802653132,0.0008222076981676367,0.1743807165741168,1.218332113125286,0.6601965353422102,0.002790677888915379,False,0.0,0.0,0.0003453739362993203,8.936977941253845e-05,0.18278792047945228,0.18329525876167316,2.69,-2.36,0.0024176175540952423,0.0006255884558877691,-0.0019036358693663325,0.0004925893353447001,
1791390704.1915722,balance,-0.08066962808087459,-0.014110720719955765,-0.08180420835930755,-0.5075756863337895,-0.0003123725802653132,0.0008222076981676367,0.1743807165741168,1.212806405524496,0.6685147376567706,0.002721458339338627,False,0.0,0.0,-0.015002182783411073,-0.015526079210714916,0.18278792047945228,0.18329525876167316,2.58,-2.39,-0.10501527948387751,-0.10868255447500441,0.08268919644399804,-0.08557681454724757,
1791390704.2018511,balance,-0.08528383037920925,-0.015022476344155093,-0.08642879636094837,-0.4454103653715819,-0.00032275828357148165,0.0008222076981676367,0.17430390534594606,1.214318701696285,0.5447556329952083,0.003347815343505384,False,0.0,0.0,-0.00807563600253323,-0.008872973584267509,0.18299090309463303,0.1828894047573843,2.52,-2.7600000000000002,-0.05652945201773261,-0.06211081508987256,0.04451137954152174,-0.048906153614072884,
1791390704.2116444,balance,-0.090119003376613,-0.01636365281543561,-0.09128780765167818,-0.502377674807665,-0.00034659657689755166,0.0008222076981676367,0.17415018467979715,1.2276873138218236,0.5622042329812377,0.0033274154042029296,False,0.0,0.0,-0.004458375707272162,-0.0034215142843253,0.18319383237828066,0.18228032526567667,2.34,-3.12,-0.031208629950905138,-0.0239505999902771,0.024573724370791448,-0.01885874014982449,
1791390704.2216258,balance,-0.09475301394053141,-0.017971852843610997,-0.09592426969079695,-0.456252646618927,-0.0003490480520979,0.0008222076981676367,0.17415010542291234,1.2218402733587572,0.639304022471136,0.002912681254438106,False,0.0,0.0,-0.02593490020834179,-0.02308557324375296,0.1835995660144428,0.1818740249535716,2.02,-3.42,-0.1815443014583925,-0.16159901270627072,0.142948268864876,-0.12724331709155176,
1791390704.2316625,balance,-0.09925900975553145,-0.01959255918423778,-0.1004449436733039,-0.45644830137098324,-0.00036372621960480134,0.0008222076981676367,0.17407303095189738,1.2156529069873134,0.5396846438950291,0.0033798413154614215,False,0.0,0.0,-0.025705380099311424,-0.02124498906555093,0.18380227246209999,0.18146750672806256,2.07,-3.54,-0.17993766069517997,-0.1487149234588565,0.14168319739777951,-0.11709836492823347,
1791390704.2416873,balance,-0.10442338576171797,-0.021134883908365407,-0.10560686253172984,-0.4682118920639876,-0.00036126907184421547,0.0008222076981676367,0.174073196000468,1.2245736101456048,0.5436449573032419,0.0034046432642118145,False,0.0,0.0,-0.0279839889334825,-0.02350638236103542,0.1835995660144428,0.18167080140947076,2.1,-3.29,-0.1958879225343775,-0.16454467652724794,0.1542424586884862,-0.12956273742302987,
1791390704.251647,balance,-0.10886381374926353,-0.022557175149214376,-0.11003506949952907,-0.44211122364462807,-0.0003490480520979,0.0008222076981676367,0.17415010542291234,1.2168968516794174,0.6594187879417563,0.002787390318688305,False,0.0,0.0,-0.03984743168610431,-0.0383716634462967,0.1835995660144428,0.1818740249535716,2.13,-3.24,-0.27893202180273013,-0.2686016441240769,0.21963151323049618,-0.2114973575780133,
1791390704.261682,balance,-0.1131533821736519,-0.024219031590221627,-0.11432463792391744,-0.3768815906599291,-0.0003490480520979,0.0008222076981676367,0.17415010542291234,1.18740080556834,0.6988129648410157,0.0024429392036366218,False,0.0,0.0,-0.06842189227962121,-0.07042755422047661,0.1835995660144428,0.1818740249535716,2.17,-3.3000000000000003,-0.4789532459573485,-0.49299287954333626,0.37712854012389646,-0.3881833697191624,
1791390704.2716408,balance,-0.11604510298241988,-0.025086804068700497,-0.11723103690019232,-0.1854987887176459,-0.00036372621960480134,0.0008222076981676367,0.17407303095189738,1.1430153384639508,0.967659920345099,0.000876777090594259,False,0.0,0.0,-0.10467102342350376,-0.10728052495269204,0.18380227246209999,0.18146750672806256,2.0100000000000002,-3.5100000000000002,-0.7326971639645263,-0.7509636746688443,0.5769269007594695,-0.5913099800542081,
1791390704.2816885,balance,-0.11481639876676171,-0.024382072791309967,-0.1160059786362495,0.34844058047046417,-0.00036737217132015026,0.0008222076981676367,0.1740727069370086,1.0778077414096077,0.0,0.011808685011386749,False,0.0,0.0,0.07330308566379745,0.07485743792270122,0.1840049739935406,0.1812641580410549,1.85,-3.62,0.5131215996465821,0.5240020654589086,-0.40403275562723,0.4126000515424477,
1791390704.291625,balance,-0.1086699397991744,-0.023316545437629253,-0.10985031323786502,0.8276062641900706,-0.0003581657405229803,0.0008222076981676367,0.17414935584136854,1.0731270065914145,0.9852340458276931,0.00043946480381860665,False,0.0,0.0,0.0462007790491635,0.052374637745704944,0.18420761995138657,0.1812641580410549,1.6600000000000001,-3.63,0.3234054533441445,0.3666224642199346,-0.2546499632631059,0.2886791056849879,
1791390704.3016973,balance,-0.10080336920102567,-0.022982738112122373,-0.10199659503580173,0.554561883181416,-0.0003710181366084267,0.0008222076981676367,0.1740723829244338,1.1200635959022478,0.8681322677991539,0.0012596566405154697,False,0.0,0.0,0.016247503133287163,0.024512026754039025,0.18420761995138657,0.18106080344386152,1.83,-3.74,0.11373252193301014,0.17158418727827318,-0.08955316687638594,0.13510565927423085,
1791390704.311614,balance,-0.10105128538450073,-0.023271342047646987,-0.10225372738460965,-0.4496464069847193,-0.00038023430194128807,0.0008222076981676367,0.17399573404068966,1.0838794035882056,1.0186956222758439,0.00032591890656180844,False,0.0,0.0,-0.08739907407298667,-0.08424856314659608,0.1840049739935406,0.18106080344386152,1.86,-3.72,-0.6117935185109067,-0.5897399420261725,0.48172717992984776,-0.46436215907572637,
1791390704.321609,balance,-0.10376953344530443,-0.022187473484361904,-0.1049664052589417,0.12031689449153204,-0.00037466411546963063,0.0008222076981676367,0.17407205891417302,0.9977563872366607,0.0,0.010526156749821729,False,0.0,0.0,0.05251017963870958,0.054298597146558804,0.18441020567926045,0.1808573791256606,1.44,-4.01,0.3675712574709671,0.3800901800259116,-0.28942618698501343,0.2992836063196154,
1791390704.3316102,balance,-0.0972276360863062,-0.021956024626678367,-0.09842854386987751,1.1499865737929078,-0.00037870008540366595,0.0008222076981676367,0.1740717670583702,0.9455591435596331,0.0,0.020046678561371354,False,0.0,0.0,0.14955363860130533,0.1719239843513276,0.18461279140713438,0.1806539548074597,1.52,-4.0200000000000005,1.0468754702091374,1.2034678904592933,-0.8243113938654625,0.9476125121726718,
1791390704.3417132,balance,-0.08348647254469664,-0.025672209033578506,-0.08468334435833391,1.2541588345815997,-0.00037466411546963063,0.0008222076981676367,0.17407205891417302,0.9798651284998225,0.8051667368992715,0.000873491958002755,False,0.0,0.0,0.0750816085899884,0.12191435646605263,0.18441020567926045,0.1808573791256606,1.62,-3.65,0.5255712601299188,0.8534004952623684,-0.4138356378975739,0.6719688939073767,
1791390704.3516934,balance,-0.0722712678803978,-0.030043490964410748,-0.0733954473862638,0.9806858551792549,-0.0003019718076983646,0.0008222076981676367,0.17453350921907718,1.0198355629518505,0.6794682554716392,0.0017018365374010564,False,0.0,0.0,0.05381768391594766,0.11493530332627207,0.18461279140713438,0.1818740249535716,1.43,-2.85,0.37672378741163365,0.8045471232839044,-0.2966329034737273,0.6335016718770901,
1791390704.3617032,balance,-0.06473967992603186,-0.03078063961783038,-0.06585899333817107,0.33186225337168324,-0.0002971057139715613,0.0008222076981676367,0.17453391300704996,1.0295924047800602,0.8732383327272204,0.000781770360264199,False,0.0,0.0,0.0068902004520135715,0.06435232393516316,0.18420761995138657,0.18228032526567667,1.83,-3.02,0.048231403164095,0.4504662675461421,-0.037977482806374016,0.3546978484615292,
1791390704.371648,balance,-0.0654226987159262,-0.025877873108327006,-0.06657438680112998,-0.32273699023098623,-0.00032948038703614277,0.0008222076981676367,0.17430356228001165,1.015534925035795,0.7050202790752381,0.0015525732298027845,False,0.0,0.0,-0.026663947292636814,0.020167930463359598,0.1840049739935406,0.1818740249535716,1.86,-3.45,-0.1866476310484577,0.14117551324351718,0.1469666386208328,0.11116182145158833,
1791390704.3816376,balance,-0.06909835471741628,-0.020809433874415674,-0.07025922846514326,-0.445604941710581,-0.00033866604955934757,0.0008222076981676367,0.17422691332968568,0.9996148676464985,0.7172778872777047,0.0014116849018439692,False,0.0,0.0,-0.06803540582920026,-0.026815317303435216,0.18380227246209999,0.1818740249535716,2.17,-3.2800000000000002,-0.4762478408044018,-0.1877072211240465,0.37499829984598565,-0.14780096151499725,
1791390704.3915775,balance,-0.07270435478451126,-0.015638719314284982,-0.07389522419706906,-0.2210512881738182,-0.0003686617143901609,0.0008222076981676367,0.17399652274230687,0.9894023949453165,0.8883712797218222,0.0005051555761174714,False,0.0,0.0,-0.1045828394427442,-0.06146089027295686,0.18299090309463303,0.18207724849767246,2.69,-3.0700000000000003,-0.7320798760992094,-0.43022623191069803,0.5764408473222121,-0.3387608125281087,
1791390704.4016576,balance,-0.07280099600359126,-0.010928047104547825,-0.07403731677448433,0.16687766252415315,-0.00041411307272542705,0.0008222076981676367,0.1736891603150828,0.9652843933523181,0.0,0.0048468764927620455,False,0.0,0.0,0.0012834141385280801,0.05056665394834345,0.1821787984998778,0.18207724849767246,3.31,-2.95,0.008983898969696561,0.3539665776384041,-0.007073936196611465,0.2787138406601607,
1791390704.4117234,balance,-0.06767946584822936,-0.00790064574966915,-0.06891697151216745,0.7642904718442101,-0.00041529796577045516,0.0008222076981676367,0.17368904062048995,0.9296204761994455,0.0,0.014165583903291618,False,0.0,0.0,0.13273538058217194,0.17710569437228346,0.1815691881139024,0.18268642214220357,3.52,-2.33,0.9291476640752035,1.2397398606059842,-0.7316123339174831,0.9761731185873891,
1791390704.4216022,balance,-0.05877666395276863,-0.002306738654730867,-0.05998465338999344,0.865230100410765,-0.0003857817390571748,0.0008222076981676367,0.17391933109728766,0.999923229140664,0.8325300123160898,0.000836966084122871,False,0.0,0.0,0.11440860611601329,0.14884186290854887,0.18136583942689477,0.18349812557975423,3.68,-1.87,0.800860242812093,1.041893040359842,-0.6305986163874748,0.8203882207557812,
1791390704.431641,balance,-0.054724820343436356,0.0039619789602905,-0.05593831111766796,0.033567781031945375,-0.00039128307606396684,0.0008222076981676367,0.17391892318339033,1.070924262068851,0.7967486717052773,0.0013708779518178688,False,0.0,0.0,0.03543588920149329,0.059330060794159485,0.18095909832971635,0.18390361620789641,3.75,-1.94,0.24805122441045305,0.4153104255591164,-0.1953159247326402,0.3270160831174145,
1791390704.4415913,balance,-0.059255262763388765,0.006972970423196938,-0.06043745824589697,-0.7287852745706992,-0.0003599877843405673,0.0008222076981676367,0.17414919384309163,1.1083175176029962,0.6574395516385149,0.002254389829822407,False,0.0,0.0,-0.024277784757058357,0.0038031378678320417,0.18116249073988713,0.18430890579941012,3.5500000000000003,-1.5,-0.1699444932994085,0.026621965074824294,0.13381456165307756,0.020962177224271097,
1791390704.451712,balance,-0.06896816861805406,0.009917784599327758,-0.07011009854868751,-1.198745911694249,-0.00031972223246581194,0.0008222076981676367,0.1744561677106319,1.096883045599617,0.5943850437651648,0.0025124900091722615,False,0.0,0.0,-0.08211337047868167,-0.04429943541180222,0.18136583942689477,0.18491647660168958,3.7800000000000002,-0.99,-0.5747935933507717,-0.3100960478826156,0.45259338059115883,-0.24417011644300438,
1791390704.461636,balance,-0.08097786278835017,0.014753883037631078,-0.0821147265176276,-1.0553288050222986,-0.0003146560311097918,0.0008222076981676367,0.1745327006336231,1.0523615671145556,0.7469465491387796,0.0015270750898788805,False,0.0,0.0,-0.1297925948456691,-0.09843601901595772,0.18116249073988713,0.18532128209074125,3.7,-0.86,-0.9085481639196837,-0.6890521331117041,0.715392255054869,-0.5425607347336253,
1791390704.4715977,balance,-0.08801611033055697,0.018983719499959813,-0.08913512646742958,-0.40989741498669596,-0.0002968084387049742,0.0008222076981676367,0.174686206615256,1.0433063105555829,0.964343427988335,0.00039481441283623965,False,0.0,0.0,-0.15057006840709874,-0.13342677943754686,0.18116249073988713,0.18572588757060013,3.89,-0.73,-1.0539904788496912,-0.933987456062828,0.8299137628737726,-0.7354231937502582,
1791390704.4816296,balance,-0.08823863590493616,0.022268385234686803,-0.08939217398410983,0.27446006435787024,-0.00033133038100601614,0.0008222076981676367,0.1744555075776192,0.9863603854104919,0.0,0.010420118195057409,False,0.0,0.0,0.06515333380365768,0.06305697778299645,0.18075567401151546,0.1855236268841519,4.11,-0.9400000000000001,0.45607333662560373,0.4413988444809751,-0.3591128634847273,0.3475581452606103,
1791390704.4916031,balance,-0.08123263824473634,0.023967781920868556,-0.08241343059237384,1.0088223720255207,-0.0003585846494698654,0.0008222076981676367,0.17430169430909725,1.0202768069783448,0.0,0.02047770733416337,False,0.0,0.0,0.19080483942916937,0.17732182885806808,0.1803486455666257,0.1855236268841519,4.14,-0.75,1.3356338760041857,1.2412528020064766,-1.0516802173261304,0.9773644110287217,
1791390704.5016284,balance,-0.07146256747053617,0.02565132447721073,-0.07261266331412368,0.7348261524153465,-0.0003278881454198655,0.0008222076981676367,0.17453201824431372,1.0830990165237588,0.9977568629846268,0.00042671076769566,False,0.0,0.0,0.0701955009491394,0.060850600204415885,0.1805522351880966,0.18592806708938056,4.22,-0.65,0.4913685066439758,0.4259542014309112,-0.3869043359401384,0.33539700900071745,
1791390704.5116637,balance,-0.07046296396627963,0.026269788841746557,-0.07163479743291587,-0.42384465022452583,-0.00034962576846860396,0.0008222076981676367,0.17437844722444784,1.0615585847100637,1.0026680288928773,0.00029445277908593195,False,0.0,0.0,-0.04467668705569925,-0.03931315718076377,0.1803486455666257,0.18572588757060013,4.3100000000000005,-0.9400000000000001,-0.31273680938989473,-0.2751921002653464,0.24624945621251554,-0.21668669312232,
1791390704.5216289,balance,-0.07814621895971635,0.02385539102319996,-0.07932701130735385,-0.9093044983836144,-0.0003585846494698654,0.0008222076981676367,0.17430169430909725,0.9724211616845623,0.0,0.006234729654134401,False,0.0,0.0,-0.027708491156873478,-0.005545528141446154,0.1803486455666257,0.1855236268841519,4.16,-0.81,-0.19395943809811433,-0.03881869699012308,0.15272396700638924,-0.030565903141829196,
1791390704.5315924,balance,-0.08694779622399013,0.022363395483712294,-0.08809789206757764,-0.6616433117272046,-0.0003278881454198655,0.0008222076981676367,0.17453201824431372,0.8750497280813305,0.0,0.015162418363286469,False,0.0,0.0,0.0041367065633601844,0.029238101071536824,0.1805522351880966,0.18592806708938056,4.14,-0.49,0.02895694594352129,0.20466670750075777,-0.022800744837418337,0.16115488779587225,
1791390704.5416873,balance,-0.08857259146418024,0.0232072962990239,-0.08970909385613944,0.12586748884395782,-0.0003142946937915586,0.0008222076981676367,0.17460892561239544,0.9210441973061101,0.0,0.004692197805505452,False,0.0,0.0,0.024548693875591582,0.03530467124005387,0.18075567401151546,0.18592806708938056,4.07,-0.66,0.17184085712914107,0.24713269868037707,-0.13530776151900872,0.19459267612628114,
1791390704.5516472,balance,-0.08667013019007389,0.02328433462954589,-0.08782366826924755,0.1226234186472786,-0.00033133038100601614,0.0008222076981676367,0.1744555075776192,0.996817499205987,0.8454406297081216,0.0007568843474893267,False,0.0,0.0,-0.029862431197930323,-0.03359245687059596,0.18075567401151546,0.1855236268841519,4.1,-1.1400000000000001,-0.20903701838551225,-0.23514719809417173,0.16459607746890728,-0.18515527408989899,
1791390704.5616834,balance,-0.08722420855331861,0.021933814269821675,-0.0884273455611529,-0.24349093410293127,-0.00038092930966664856,0.0008222076981676367,0.17407163856870422,0.9552931953040238,0.0,0.004996316091998235,False,0.0,0.0,0.01653177561264614,0.007098572947531872,0.1805522351880966,0.18471401599916903,4.09,-1.61,0.11572242928852298,0.0496900106327231,-0.09112002306182912,0.03912599262419142,
1791390704.5715928,balance,-0.09029597337114828,0.019161406233575495,-0.09151755964804444,-0.2601496277574373,-0.0003993785787285119,0.0008222076981676367,0.17391834084782995,0.8751894161100519,0.0,0.013897204302639032,False,0.0,0.0,0.057501539879459,0.053021404635608615,0.1805522351880966,0.18430890579941012,4.05,-1.62,0.402510779156213,0.3711498324492603,-0.3169376213828449,0.2922439625584727,
1791390704.5815778,balance,-0.08990281017889644,0.01717652583152363,-0.0911015048607868,0.26931818399138224,-0.0003764869837227236,0.0008222076981676367,0.17407189692113134,0.9072823415394056,0.0,0.022806713635412392,False,0.0,0.0,0.10084011085018724,0.10543725462979453,0.18075567401151546,0.18451149152728405,4.05,-1.56,0.7058807759513106,0.7380607824085617,-0.5558116346073312,0.5811502223689462,
1791390704.59161,balance,-0.08749997394604599,0.014832519866464227,-0.08873079705922327,0.11202500378307685,-0.00040861541500963883,0.0008222076981676367,0.1738416920096213,0.9910910765360295,0.8713986362671613,0.0005984622013443408,False,0.0,0.0,0.029305544706810686,0.040029168909359175,0.1805522351880966,0.18410631773933706,4.07,-1.8800000000000001,0.2051388129476748,0.28020418236551425,-0.16152662436824788,0.22063321446103484,
1791390704.6016319,balance,-0.09075151812609136,0.010883524390266765,-0.09194292085026023,-0.7292137969129253,-0.00036919502600123513,0.0008222076981676367,0.1740725449416531,1.0157104659041378,0.8219891635313296,0.0009686065118640414,False,0.0,0.0,-0.08970382637161015,-0.07549945912194703,0.18116249073988713,0.18410631773933706,3.48,-1.82,-0.627926784601271,-0.5284962138536292,0.49443053905611895,-0.41613875106584974,
1791390704.6117172,balance,-0.10037118996262075,0.0056984315131274645,-0.10151248277049257,-1.0759118781614752,-0.0003190851097041904,0.0008222076981676367,0.1743803121947372,0.9664841474650195,0.0,0.005125413620204758,False,0.0,0.0,-0.08452970814451617,-0.0671165210273848,0.18197564376362416,0.18410631773933706,3.14,-1.73,-0.5917079570116132,-0.4698156471916936,0.46591177717449855,-0.36993358046590047,
1791390704.6216295,balance,-0.11018226081145886,0.0008255182725448037,-0.11129120689023161,-0.7395479118592725,-0.0002867383806051081,0.0008222076981676367,0.17461066298038364,0.8656796926145699,0.0,0.013998425125676972,False,0.0,0.0,-0.03602616476025901,-0.022227849665017726,0.18238186609667828,0.18430890579941012,2.77,-1.5,-0.25218315332181307,-0.15559494765512408,0.19856941206441975,-0.12251570681505833,
1791390704.6316373,balance,-0.11045568071636948,-0.0016332139335987436,-0.11151175156521675,0.44431097136390624,-0.00023386315067963279,0.0008222076981676367,0.17499463586187114,0.8843864683792131,0.0,0.02273617555009194,False,0.0,0.0,0.061510430081857435,0.0636614304445762,0.18319383237828066,0.18451149152728405,2.4,-1.71,0.43057301057300207,0.44563001311203343,-0.339033866592915,0.3508897741039633,
1791390704.641694,balance,-0.10491779105919449,-0.005165339016050051,-0.10600057976041863,0.5062192645860288,-0.00026058100305649187,0.0008222076981676367,0.17476477299636425,0.9387232131664961,0.0,0.031973625669689525,False,0.0,0.0,0.12598946550349738,0.1245071327783695,0.18339669919636176,0.18370091467645575,2.34,-2.33,0.8819262585244816,0.8715499294485864,-0.6944301248224264,0.6862597869673909,
1791390704.6516383,balance,-0.10246554188884764,-0.009273125948331636,-0.10358974560933759,-0.11891445704307352,-0.00030199602232231296,0.0008222076981676367,0.17445752782108012,0.9824578723445184,0.0,0.041703167960120906,False,0.0,0.0,0.11975790209450794,0.11855754737297002,0.18339669919636176,0.1828894047573843,2.39,-2.89,0.8383053146615556,0.8299028316107901,-0.6600829249303587,0.6534667965439293,
1791390704.6616435,balance,-0.10869013324356994,-0.013632414817519296,-0.10984853214245616,-0.9844205210237674,-0.00033619120071857675,0.0008222076981676367,0.17422699586480067,1.0204186417938435,0.7845547139188834,0.0011793196393748001,False,0.0,0.0,-0.08878730478755112,-0.08862170786131025,0.18339669919636176,0.18228032526567667,2.2800000000000002,-3.14,-0.6215111335128578,-0.6203519550291717,0.4893788452857148,-0.48846610632218246,
1791390704.6716452,balance,-0.1212634279186583,-0.017170531696430902,-0.12244509931447639,-1.4665321435986651,-0.00035946369765045214,0.0008222076981676367,0.17407329426122753,0.9905365131411211,0.0,0.006272202327946643,False,0.0,0.0,-0.10603469139507225,-0.10613791799612686,0.18339669919636176,0.1818740249535716,2.37,-3.46,-0.7422428397655058,-0.7429654259728881,0.5844431809177211,-0.5850121464353449,
1791390704.6816947,balance,-0.13468767419681554,-0.019829479279344073,-0.1359177828649339,-1.0352643425039885,-0.00040790096995070926,0.0008222076981676367,0.1737656280427336,0.8958711310718918,0.0,0.015427933249519677,False,0.0,0.0,-0.07755356552642018,-0.07893772796064938,0.18319383237828066,0.1812641580410549,2.33,-3.84,-0.5428749586849413,-0.5525640957245457,0.42746059738971753,-0.43508983915318555,
1791390704.6915953,balance,-0.1378385052528178,-0.024212648036819967,-0.1390477121945372,0.22312468182626313,-0.0003869992435517784,0.0008222076981676367,0.173919250209302,0.8947484182749343,0.0,0.02430171995524656,False,0.0,0.0,0.007342958802186022,0.007808096892618899,0.1835995660144428,0.1812641580410549,2.16,-3.5700000000000003,0.05140071161530215,0.0546566782483323,-0.040473001271891455,0.043036754526245904,
1791390704.7016146,balance,-0.13281704694575774,-0.028335135297181686,-0.13401584135729272,0.4914853125484033,-0.0003765867133673495,0.0008222076981676367,0.17399605804741575,0.9227482202125357,0.0,0.03348654140881681,False,0.0,0.0,0.07929135715961469,0.08262888525377816,0.18380227246209999,0.1812641580410549,1.99,-3.68,0.5550395001173029,0.5784021967764471,-0.4370389764703172,0.45543480061137565,
1791390704.7116876,balance,-0.1288891298311101,-0.03077827833306231,-0.13007870970059787,0.1742054557118204,-0.00036737217132015026,0.0008222076981676367,0.1740727069370086,0.918115446496096,0.0,0.042686750708087945,False,0.0,0.0,0.08709482992126373,0.09074990465481818,0.1840049739935406,0.1812641580410549,1.8900000000000001,-3.67,0.6096638094488461,0.6352493325837273,-0.48005024366050875,0.5001963248690766,
1791390704.7216659,balance,-0.13232726134854275,-0.033128445477476134,-0.1335204871833188,-0.6548259752090801,-0.0003710181366084267,0.0008222076981676367,0.1740723829244338,0.9028066057629253,0.0,0.05175265139814944,False,0.0,0.0,0.026943058088946998,0.03047464033974974,0.18420761995138657,0.18106080344386152,1.6400000000000001,-3.72,0.18860140662262898,0.2133224823782482,-0.14850504458474723,0.16797045856554976,
1791390704.7316608,balance,-0.14122343391352352,-0.03573543407568694,-0.1423982517450084,-1.0574107273780031,-0.0003526101333172424,0.0008222076981676367,0.17422568073621955,0.9022183649832843,0.0,0.0607902391059582,False,0.0,0.0,-0.030701398994961684,-0.027398241824868705,0.18461279140713438,0.18106080344386152,1.37,-3.83,-0.21490979296473178,-0.19178769277408092,0.16922030942104865,-0.15101393131817395,
1791390704.7416897,balance,-0.15126844892781927,-0.0376232236538072,-0.15246014987715187,-0.9934279891721115,-0.0003694932511649658,0.0008222076981676367,0.17414841802193898,0.9069347134721188,0.0,0.06984897944616637,False,0.0,0.0,-0.05721726705693487,-0.052970089226650335,0.1848152533120094,0.1806539548074597,1.41,-4.32,-0.4005208693985441,-0.3707906245865523,0.3153707633059402,-0.29196112172169475,
1791390704.7516708,balance,-0.15952468243898177,-0.03945281177130685,-0.16078038416134366,-0.6386611153027727,-0.00043349402419426766,0.0008222076981676367,0.17376414381198121,0.9034187989238119,0.0,0.07888865765801815,False,0.0,0.0,-0.05506637757354699,-0.045847160675419656,0.18461279140713438,0.1798395814646299,1.44,-4.9,-0.3854646430148289,-0.3209301247279376,0.30351546694081016,-0.2527008856125493,
1791390704.7616913,balance,-0.16442891813107477,-0.040841184764403064,-0.16573913877065227,-0.4187888472708723,-0.00048801294140986967,0.0008222076981676367,0.17345635915539126,0.8859259509062986,0.0,0.08779187130225405,False,0.0,0.0,-0.042347501793949416,-0.027825854022850528,0.18441020567926045,0.1792283200523417,1.54,-4.96,-0.2964325125576459,-0.19478097815995368,0.23341142721074482,-0.15337084894484543,
1791390704.771601,balance,-0.16787150877411033,-0.042628207386829764,-0.1691910300461489,-0.38378954493590633,-0.0004973135738709396,0.0008222076981676367,0.17337971045989087,0.8475915402203504,0.0,0.09637741695335192,False,0.0,0.0,-0.04190087745136082,-0.024705037741469253,0.18420761995138657,0.1792283200523417,1.75,-4.92,-0.2933061421595257,-0.17293526419028477,0.230949718235847,-0.13616949936242895,
1791390704.7815838,balance,-0.1720571266448183,-0.043938696415338985,-0.1733673472843958,-0.4141045722358987,-0.00048801294140986967,0.0008222076981676367,0.17345635915539126,0.7854096654942758,0.0,0.10439570128589187,False,0.0,0.0,-0.05763576731834987,-0.041814572888651626,0.18441020567926045,0.1792283200523417,1.67,-4.88,-0.4034503712284491,-0.29270201022056136,0.31767745766019617,-0.2304740237957176,
1791390704.7916844,balance,-0.17578505672963854,-0.04430550660926195,-0.17709527736921604,-0.337019224421447,-0.00048801294140986967,0.0008222076981676367,0.17345635915539126,0.7388250092092925,0.0,0.11187967842324707,False,0.0,0.0,-0.0673263544981377,-0.05431288710050185,0.18441020567926045,0.1792283200523417,1.58,-4.79,-0.4712844814869639,-0.3801902097035129,0.37109014290312115,-0.29936236984528575,
1791390704.8016174,balance,-0.17795355713946157,-0.04438401262399369,-0.17924839804225395,-0.1552042801104501,-0.0004726332046247686,0.0008222076981676367,0.1735334337078885,0.6873037824161471,0.0,0.11889235433750993,False,0.0,0.0,-0.06708286484676682,-0.055595757336444604,0.18441020567926045,0.1794321506082759,1.61,-4.73,-0.4695800539273677,-0.3891703013551122,0.36974807395855724,-0.3064333081536317,
1791390704.8116753,balance,-0.17801928174118195,-0.044347566866856036,-0.17929875656289082,0.08599634725716832,-0.000457267123541244,0.0008222076981676367,0.17361050830139632,0.6307684695635445,0.0,0.12534118563367835,False,0.0,0.0,-0.06058505035649657,-0.04971594832533582,0.18441020567926045,0.17963591621750888,1.6400000000000001,-4.53,-0.424095352495476,-0.3480116382773507,0.33393334842163463,-0.27402491202941,
1791390704.8215923,balance,-0.17644564407282112,-0.04351130408354474,-0.17773439768507546,0.23016989797053874,-0.0004665459140867183,0.0008222076981676367,0.1735338595563247,0.5761333965055991,0.0,0.13122738116336383,False,0.0,0.0,-0.05562824328348965,-0.04411467953543408,0.18420761995138657,0.17963591621750888,1.72,-4.61,-0.38939770298442755,-0.3088027567480386,0.30661236455466734,-0.24315177696695953,
1791390704.8316364,balance,-0.17369776288068908,-0.04181176636021298,-0.1749719929633605,0.2981465660221313,-0.0004520223845037967,0.0008222076981676367,0.17361084626018292,0.5178067265992692,0.0,0.13654459072318847,False,0.0,0.0,-0.05451845749888784,-0.042523547764888585,0.18420761995138657,0.1798395814646299,1.78,-4.26,-0.3816292024922149,-0.2976648343542201,0.30049543503324005,-0.23438175933403155,
1791390704.8415763,balance,-0.17004218055606962,-0.039579078540568066,-0.171298204969661,0.3559803043174091,-0.00043381671542376543,0.0008222076981676367,0.17368800893212963,0.4610840842396908,0.0,0.1413109471775508,False,0.0,0.0,-0.05457831709210608,-0.04344817790634084,0.1840049739935406,0.18024684370521019,1.8900000000000001,-4.15,-0.38204821964474256,-0.3041372453443859,0.30082536979900987,-0.23947814594046135,
1791390704.851687,balance,-0.16660413516583109,-0.0371250497856057,-0.16785569089894709,0.37395589313736094,-0.0004293480349483632,0.0008222076981676367,0.17368826588908268,0.40219105015440854,0.0,0.14546931213550784,False,0.0,0.0,-0.061130221688481735,-0.0515809793730686,0.18380227246209999,0.1804504333266811,1.97,-3.94,-0.4279115518193721,-0.3610668556114802,0.33693822977903315,-0.28430461071770097,
1791390704.861685,balance,-0.1621840065309347,-0.03464511418478354,-0.16342184144437774,0.5006848070846862,-0.00041562721527541036,0.0008222076981676367,0.1737651716615935,0.34480383850543894,0.0,0.14905333376474672,False,0.0,0.0,-0.05999821988063472,-0.051504933684640083,0.18380227246209999,0.1806539548074597,2.0300000000000002,-3.85,-0.4199875391644431,-0.36053453579248057,0.33069884973578195,-0.2838854612539217,
1791390704.8716145,balance,-0.15622961554874346,-0.031434523335693826,-0.15746459825297654,0.6558074166608107,-0.0004127750060654613,0.0008222076981676367,0.17376530453348185,0.2801377409571839,0.0,0.1520206183462864,False,0.0,0.0,-0.053398312129099804,-0.04615647209800905,0.1835995660144428,0.1808573791256606,2.2600000000000002,-3.75,-0.37378818490369864,-0.32309530468606334,0.2943214054359832,-0.2544057517213097,
1791390704.8817036,balance,-0.14886840288173736,-0.02791040978850306,-0.1501114143814969,0.8023454381321062,-0.00042080380159191175,0.0008222076981676367,0.17368865523724522,0.22405562783932834,0.0,0.15438986768173887,False,0.0,0.0,-0.04465486384831233,-0.038056073908001156,0.18319383237828066,0.18106080344386152,2.47,-3.58,-0.3125840469381863,-0.2663925173560081,0.24612917081746954,-0.20975788768189615,
1791390704.891716,balance,-0.140159714113452,-0.024429023639526364,-0.14138738577031865,0.9102187814513488,-0.0004054639586990455,0.0008222076981676367,0.1737657897989075,0.17082268139769813,0.0,0.15622913955449896,False,0.0,0.0,-0.033872060429969764,-0.028085187602438083,0.18299090309463303,0.18146750672806256,2.67,-3.38,-0.23710442300978835,-0.19659631321706658,0.1866963960706995,-0.1548002466276115,
1791390704.9016802,balance,-0.13085750593286358,-0.020479153925335985,-0.13207047949022005,0.9226269394635693,-0.0003907658591888359,0.0008222076981676367,0.1738428608896801,0.11939714669350941,0.0,0.15755059354081105,False,0.0,0.0,-0.02777963853534141,-0.024724995979089726,0.18278792047945228,0.1818740249535716,2.77,-3.11,-0.19445746974738987,-0.17307497185362808,0.1531161179113306,-0.13627950539655753,
1791390704.9116442,balance,-0.12166436603272605,-0.01618259675449807,-0.12287731456460398,0.9080271632079339,-0.00039074083371028884,0.0008222076981676367,0.17384286169714006,0.08538082935213716,0.0,0.1584765434936186,False,0.0,0.0,-0.02365433384450034,-0.02452565801772719,0.18258493369347872,0.18207724849767246,2.88,-2.88,-0.1655803369115024,-0.17167960612409033,0.13037821804055308,-0.13518079222369317,
1791390704.9216647,balance,-0.11311741122963152,-0.01188312209392225,-0.11431868913340074,0.7999669342361371,-0.0003790702056015727,0.0008222076981676367,0.17391971242373286,0.05694246828549631,0.0,0.15911630462826382,False,0.0,0.0,-0.024221599914273067,-0.029904374741325637,0.18238186609667828,0.1824833928624771,2.98,-2.56,-0.16955119939991148,-0.20933062318927947,0.13350488141725314,-0.16482726235376335,
1791390704.9316366,balance,-0.10567820353603173,-0.007951812284049679,-0.10684639490019597,0.7052555568950876,-0.0003459836659966027,0.0008222076981676367,0.17415020449555435,0.03052934837478918,0.0,0.15948930125038563,False,0.0,0.0,-0.028841974754837803,-0.037570313789635726,0.18238186609667828,0.18309238737256509,3.02,-2.21,-0.20189382328386463,-0.2629921965274501,0.15897151439674378,-0.2070804697066536,
1791390704.9416373,balance,-0.09881620801515204,-0.003895801253663912,-0.09996482299228472,0.6886133173025446,-0.0003264072789650428,0.0008222076981676367,0.17430378725348444,0.0008224551678841633,0.0,0.15957408516864552,False,0.0,0.0,-0.03080308986272229,-0.041963382129691765,0.1821787984998778,0.18370091467645575,3.0700000000000003,-1.96,-0.21562162903905605,-0.29374367490784237,0.16978081026697325,-0.2312942322108995,
1791390704.9516468,balance,-0.09131788927284083,8.261857428788392e-05,-0.09245674687373538,0.7968513749543533,-0.0003166499027269058,0.0008222076981676367,0.17438051408094032,-0.01623489389507733,0.0,0.15943694620230336,False,0.0,0.0,-0.02189777491305444,-0.03386233810770784,0.1821787984998778,0.18390361620789641,3.11,-1.9000000000000001,-0.15328442439138107,-0.2370363667539549,0.12069639715856777,-0.18664280846768103,
1791390704.961677,balance,-0.08288550134852227,0.0035090202716841984,-0.08401762517379656,0.8318604962405988,-0.0003099161271066554,0.0008222076981676367,0.17445696117637916,-0.02285301191338703,0.0,0.15922724542136754,False,0.0,0.0,-0.008992461399400447,-0.020447941661905306,0.18197564376362416,0.18430890579941012,3.23,-1.55,-0.06294722979580313,-0.14313559163333714,0.04956474787071112,-0.11270519026247018,
1791390704.971605,balance,-0.07495083442235473,0.006712191508531421,-0.07607623037090935,0.7681790490006154,-0.0003031882503869883,0.0008222076981676367,0.17453340827972166,-0.037028366008707105,0.0,0.15889919554010623,False,0.0,0.0,-0.004133006048443699,-0.01641084921620117,0.1817724202195233,0.18471401599916903,3.33,-1.27,-0.028931042339105897,-0.11487594451340818,0.02278034829850858,-0.09045349961685684,
1791390704.981672,balance,-0.06808484778246388,0.009720451250123437,-0.06921397620106227,0.6142440915269635,-0.0003069207204307589,0.0008222076981676367,0.1745331407421955,-0.05355907790081065,0.0,0.15841508931958653,False,0.0,0.0,-0.007484538018610336,-0.02257158581887208,0.1815691881139024,0.18491647660168958,3.46,-1.26,-0.052391766130272355,-0.15800110073210455,0.04125335915769477,-0.1244103155370902,
1791390704.9915738,balance,-0.06213508745328214,0.0127438594133923,-0.06325529157575036,0.5860512720588947,-0.00029799642430058254,0.0008222076981676367,0.1746098937381102,-0.06537506073500277,0.0,0.15778623989010213,False,0.0,0.0,-0.00876072611365239,-0.027380256168793277,0.1815691881139024,0.18511893720421013,3.5300000000000002,-1.17,-0.06132508279556673,-0.19166179318155294,0.04828746676816278,-0.15091479778075034,
1791390705.0016415,balance,-0.056303187744967696,0.015101885987316961,-0.05743618381402919,0.5728535309146335,-0.0003107883708938636,0.0008222076981676367,0.17453292068660395,-0.0680166229067809,0.0,0.1571122791008432,False,0.0,0.0,-0.004793520737194482,-0.02602404127241702,0.18136583942689477,0.18511893720421013,3.68,-1.09,-0.03355464516036137,-0.18216828890691913,0.026420980441229425,-0.14343959756450325,
1791390705.011599,balance,-0.05042589686749863,0.0166903857075581,-0.05157169617121775,0.5597518608384391,-0.00032359160555147856,0.0008222076981676367,0.17445594766368236,-0.06525539676240542,0.0,0.15645527136364534,False,0.0,0.0,0.0019121528570582812,-0.021180078065831068,0.18116249073988713,0.18511893720421013,3.89,-1.1400000000000001,0.013385069999407969,-0.1482605464608175,-0.010539425196384228,-0.11674058776442321,
1791390705.02161,balance,-0.04524021360994259,0.017973258619306227,-0.046411653306971834,0.4674421991783793,-0.00034923199886159953,0.0008222076981676367,0.17430200170374485,-0.06907996329459624,0.0,0.1557688484815417,False,0.0,0.0,0.0023498263402457788,-0.0222181017558178,0.18075567401151546,0.18511893720421013,3.93,-1.1300000000000001,0.01644878438172045,-0.15552671229072462,-0.012951798725764135,-0.12246197818167293,
1791390705.0317042,balance,-0.040596660967745266,0.019290858812100364,-0.04175914591614159,0.43632696406368615,-0.0003402772502286884,0.0008222076981676367,0.17437875463369668,-0.07410365358846638,0.0,0.15503873530567294,False,0.0,0.0,0.0031721328317385953,-0.022395041662096608,0.18075567401151546,0.18532128209074125,4.03,-1.01,0.022204929822170167,-0.15676529163467626,-0.01748419671037021,-0.1234372375076191,
1791390705.0416052,balance,-0.036409983981014915,0.020206800378408076,-0.03757246892941124,0.40105399000045433,-0.0003402772502286884,0.0008222076981676367,0.17437875463369668,-0.07121039109351072,0.0,0.1543116893024036,False,0.0,0.0,0.004169842674685917,-0.021136920613120478,0.18075567401151546,0.18532128209074125,4.07,-1.02,0.02918889872280142,-0.14795844429184335,-0.02298338482110348,-0.11650271204082153,
1791390705.051687,balance,-0.03260991345638016,0.020386737767029817,-0.03378602127127879,0.3216655983295471,-0.0003539001167309902,0.0008222076981676367,0.1743018473273328,-0.06752619277732395,0.0,0.1536281735573166,False,0.0,0.0,0.0035966262217898147,-0.02065614511136481,0.1805522351880966,0.18532128209074125,4.15,-1.01,0.025176383552528703,-0.14459301577955366,-0.019823924057109216,-0.1138527683303572,
1791390705.0616734,balance,-0.02954105115255798,0.020019530374829377,-0.030717158967456606,0.2717045817871935,-0.0003539001167309902,0.0008222076981676367,0.1743018473273328,-0.06699666498099985,0.0,0.15295377550259015,False,0.0,0.0,0.0015617505865619034,-0.022271366571531927,0.1805522351880966,0.18532128209074125,4.07,-1.0,0.010932254105933324,-0.1558995660007235,-0.008608074099160097,-0.12275556378009723,
1791390705.0716743,balance,-0.0270174969704581,0.019498937060731757,-0.02820256948824038,0.21707887287959515,-0.000362864819614641,0.0008222076981676367,0.17422509441866357,-0.0625487284657332,0.0,0.15231857031701,False,0.0,0.0,0.00023634143745542954,-0.02381349187273862,0.1805522351880966,0.18511893720421013,4.11,-1.1500000000000001,0.0016543900621880069,-0.16669444310917034,-0.0013026693403055173,-0.13125546701509475,
1791390705.0816453,balance,-0.02527978701613842,0.018958909357909975,-0.026464859533920696,0.11894971042465047,-0.000362864819614641,0.0008222076981676367,0.17422509441866357,-0.0615660839374782,0.0,0.15170156402433224,False,0.0,0.0,-0.00450528121886763,-0.02919259373808674,0.1805522351880966,0.18511893720421013,4.09,-1.18,-0.031536968532073405,-0.20434815616660718,0.024832258686671972,-0.16090405997370644,
1791390705.0916343,balance,-0.024264780766877294,0.01751365174497007,-0.02544985328465957,0.07230936319471051,-0.000362864819614641,0.0008222076981676367,0.17422509441866357,-0.061307113764372846,0.0,0.15110000223881823,False,0.0,0.0,-0.00841566849118419,-0.03458780792710435,0.1805522351880966,0.18511893720421013,4.05,-1.24,-0.05890967943828933,-0.24211465548973043,0.04638557436085774,-0.19064146101553578,
1791390705.101657,balance,-0.023719420165581352,0.01517699875596328,-0.024899822501065882,0.029787892245129302,-0.0003581946373168929,0.0008222076981676367,0.17422524878778214,-0.0658951021624383,0.0,0.15045252610633403,False,0.0,0.0,-0.012556588350261617,-0.04010769335447107,0.18075567401151546,0.18491647660168958,3.94,-1.42,-0.08789611845183132,-0.2807538534812975,0.06920954208805616,-0.22106602636322636,
1791390705.1116953,balance,-0.02339174735026856,0.012715788740965406,-0.02456838642220246,0.02488826626387001,-0.00035443137376626327,0.0008222076981676367,0.17422551873617972,-0.06994391713806979,0.0,0.149766115007108,False,0.0,0.0,-0.014620459121686705,-0.043336180134881955,0.18095909832971635,0.18471401599916903,3.89,-1.51,-0.10234321385180693,-0.3033532609441737,0.08058520775732829,-0.23886083538911315,
1791390705.1216855,balance,-0.023223493772021302,0.0101968029198686,-0.024396490114135735,-0.013519951384565614,-0.0003507886439467964,0.0008222076981676367,0.1742258427592804,-0.08395957196419179,0.0,0.14897246114893342,False,0.0,0.0,-0.018900789941003446,-0.049024087598536284,0.18116249073988713,0.18451149152728405,3.79,-1.71,-0.13230552958702413,-0.343168613189754,0.1041775823519875,-0.2702115064486252,
1791390705.1315882,balance,-0.023197850130345508,0.0072946675522037275,-0.02436720375618991,0.0025436385145420327,-0.00034714592767676536,0.0008222076981676367,0.174226166784693,-0.10449369016886861,0.0,0.14798315205417506,False,0.0,0.0,-0.023133961012305693,-0.054275068361592835,0.18136583942689477,0.18430890579941012,3.62,-1.87,-0.16193772708613985,-0.37992547853114983,0.12751002132766917,-0.2991539201032676,
1791390705.1417224,balance,-0.02293749694308849,0.004028715409930169,-0.024112403765827985,0.041867412273602904,-0.00035269912457185776,0.0008222076981676367,0.17414984188455418,-0.1363420418613311,0.0,0.14670444114317258,False,0.0,0.0,-0.026951215543704127,-0.058610556111613095,0.1815691881139024,0.18390361620789641,3.42,-2.0,-0.18865850880592888,-0.41027389278129167,0.14855000693380227,-0.3230503092766076,
1791390705.1516814,balance,-0.021891350085768427,0.0007932841750865017,-0.023063218662733146,0.14051639162798385,-0.0003496608787970819,0.0008222076981676367,0.17415008561022705,-0.1616572151326344,0.0,0.1451480587370145,False,0.0,0.0,-0.02511084400327883,-0.056911003443876826,0.1817724202195233,0.18370091467645575,3.33,-2.27,-0.1757759080229518,-0.39837702410713777,0.1384062267897258,-0.31368269614735256,
1791390705.1616433,balance,-0.02019899742680981,-0.0022606490020545393,-0.021358008880478344,0.18174023949517584,-0.00033680375550089806,0.0008222076981676367,0.17422697605074325,-0.1941577946599704,0.0,0.14328458286940463,False,0.0,0.0,-0.02485207087000099,-0.05679140602534605,0.1821787984998778,0.18349812557975423,3.04,-2.33,-0.17396449609000691,-0.39753984217742233,0.1369799181811078,-0.3130234977774979,
1791390705.1715734,balance,-0.018348924482678382,-0.0053347522989016785,-0.0195067107420602,0.1836566134130761,-0.00033557856121418234,0.0008222076981676367,0.17422701568166843,-0.2302848934308168,0.0,0.14107443444565146,False,0.0,0.0,-0.027769881755027002,-0.061018693899581596,0.18238186609667828,0.18329525876167316,2.87,-2.43,-0.194389172285189,-0.4271308572970712,0.1530623403820386,-0.3363235096827332,
1791390705.181662,balance,-0.016457385250164637,-0.008256498521070304,-0.017602351231903752,0.19264886248330657,-0.0003227582835714782,0.0008222076981676367,0.17430390534594606,-0.26561179703191307,0.0,0.13849859430019396,False,0.0,0.0,-0.03201713979522344,-0.06738719914891644,0.18278792047945228,0.18309238737256509,2.6,-2.58,-0.2241199785665641,-0.4717103940424151,0.17647242406816072,-0.3714255071200119,
1791390705.191677,balance,-0.014444627976135889,-0.010876243926629649,-0.015579208254568839,0.23208620485229997,-0.0003123725802653132,0.0008222076981676367,0.1743807165741168,-0.3101824788502849,0.0,0.1355080293320007,False,0.0,0.0,-0.03629809568938789,-0.07365759280300634,0.18319383237828066,0.1828894047573843,2.38,-2.5300000000000002,-0.2540866698257152,-0.5156031496210444,0.20006824395725606,-0.4059867319850743,
1791390705.2016296,balance,-0.011854191103032869,-0.013358842526641764,-0.012978394823522818,0.3129916209067342,-0.00030199602232231296,0.0008222076981676367,0.17445752782108012,-0.34956140807237446,0.0,0.13210029020328706,False,0.0,0.0,-0.03735617902158909,-0.0751951492787155,0.18339669919636176,0.1828894047573843,2.16,-2.68,-0.2614932531511236,-0.5263660449510085,0.20590019933159337,-0.4144614527173295,
1791390705.2117107,balance,-0.008148664184272162,-0.015404097998742398,-0.009263111525200233,0.41983648522383027,-0.00029223964276043485,0.0008222076981676367,0.1745343167991555,-0.3838225836286611,0.0,0.12834120734183246,False,0.0,0.0,-0.03263450667393409,-0.07063754661054876,0.18380227246209999,0.18268642214220357,1.96,-2.84,-0.22844154671753863,-0.4944628262738413,0.1798752336358572,-0.38934080808963883,
1791390705.221627,balance,-0.003750357468021207,-0.017015982049252507,-0.004858087651817183,0.48163952206746263,-0.0002855224856283395,0.0008222076981676367,0.17461076392323158,-0.43007131951373456,0.0,0.12414628193402703,False,0.0,0.0,-0.029961571447469255,-0.06896076382781859,0.18420761995138657,0.1824833928624771,1.74,-2.92,-0.2097310001322848,-0.4827253467947301,0.16514251978920064,-0.380098698263567,
1791390705.2315788,balance,0.0011749287189256577,-0.018007785351252772,7.63406952452206e-05,0.5202907984150626,-0.0002763803255128004,0.0008222076981676367,0.1746874129584837,-0.4731052499609943,0.0,0.11951744936109807,False,0.0,0.0,-0.02877325421792126,-0.0692696720947527,0.18441020567926045,0.1824833928624771,1.6,-2.85,-0.2014127795254488,-0.48488770466326886,0.15859273978381797,-0.38180134225454243,
1791390705.2417014,balance,0.0064129503629683565,-0.018210438838641565,0.005323496480159551,0.5638528944770945,-0.00026724618464116917,0.0008222076981676367,0.1747640620083232,-0.5141587438796387,0.0,0.11447429336375099,False,0.0,0.0,-0.028056718515678637,-0.06989249694726136,0.18461279140713438,0.1824833928624771,1.48,-2.89,-0.19639702960975045,-0.48924747863082957,0.15464333040137831,-0.3852342351423855,
1791390705.251649,balance,0.012078730796426263,-0.017751220452757878,0.010977711890598504,0.6174914099359217,-0.0002788112076601221,0.0008222076981676367,0.1746872110551793,-0.561634843552077,0.0,0.10896656325131604,False,0.0,0.0,-0.027712245523777806,-0.07011583667881356,0.18461279140713438,0.18228032526567667,1.46,-2.88,-0.19398571866644465,-0.49081085675169495,0.15274466036727924,-0.38646524153676765,
1791390705.2617002,balance,0.01829836957879169,-0.017267004314058348,0.01719735067296393,0.6577098569016682,-0.0002788112076601221,0.0008222076981676367,0.1746872110551793,-0.6019018074141974,0.0,0.10303819218094978,False,0.0,0.0,-0.02733966015332695,-0.06757607672691256,0.18461279140713438,0.18228032526567667,1.51,-2.98,-0.19137762107328865,-0.4730325370883879,0.15069104021518792,-0.3724665646365259,
1791390705.27158,balance,0.024990803283348333,-0.016297519387781956,0.023892215259667896,0.7103114817109395,-0.0002763803255128004,0.0008222076981676367,0.1746874129584837,-0.6366120450089375,0.0,0.09675226345117235,False,0.0,0.0,-0.025290386124282322,-0.06326627060235189,0.18441020567926045,0.1824833928624771,1.54,-2.93,-0.17703270286997624,-0.4428638942164632,0.13939582903147735,-0.3487117277294986,
1791390705.2816374,balance,0.03204880306599117,-0.014471347751735253,0.030941072882195195,0.7164052982019313,-0.0002855224856283395,0.0008222076981676367,0.17461076392323158,-0.6868918302449623,0.0,0.09000668880668758,False,0.0,0.0,-0.0260125242661914,-0.062012347380992185,0.18420761995138657,0.1824833928624771,1.84,-2.79,-0.1820876698633398,-0.43408643166694527,0.14337611800262975,-0.3418003398952325,
1791390705.2915978,balance,0.03911234528031459,-0.012445509188550684,0.037997897939386516,0.7282889150306272,-0.00029223964276043485,0.0008222076981676367,0.1745343167991555,-0.728931211196592,0.0,0.08279606106565696,False,0.0,0.0,-0.028651196970533577,-0.06277334722018892,0.18380227246209999,0.18268642214220357,2.17,-2.46,-0.20055837879373503,-0.4394134305413224,0.15791998330215357,-0.34599482719789165,
1791390705.3021474,balance,0.04664197094121051,-0.010625828132173382,0.04552813464537259,0.8120020111733937,-0.0002916285976702869,0.0008222076981676367,0.17453433908681126,-0.7610762253623597,0.0,0.07524436959616362,False,0.0,0.0,-0.024456048169033826,-0.05779691565458443,0.18339669919636176,0.18309238737256509,2.2600000000000002,-2.24,-0.1711923371832368,-0.404578409582091,0.13479711589231244,-0.3185656768362921,
1791390705.311728,balance,0.055003534767615714,-0.008081570684915667,0.053900056775189775,0.8792510381593187,-0.0002812702942583019,0.0008222076981676367,0.1746111503712855,-0.808788121310059,0.0,0.06725491060393003,False,0.0,0.0,-0.01825871101378209,-0.0516955722180707,0.18319383237828066,0.18349812557975423,2.31,-2.15,-0.12781097709647463,-0.3618690055264949,0.1006385646428934,-0.28493622482401176,
1791390705.3215666,balance,0.06390419020612348,-0.005084791943747656,0.06281106140789926,0.8938744987569166,-0.0002709211000565745,0.0008222076981676367,0.17468796167447806,-0.8422903590422729,0.0,0.05890659244006587,False,0.0,0.0,-0.013349894211584697,-0.04641807512070088,0.18319383237828066,0.18370091467645575,2.4,-1.8800000000000001,-0.09344925948109288,-0.32492652584490617,0.07358209407960069,-0.2558476581455954,
1791390705.331648,balance,0.07249911569556416,-0.002030248478481546,0.07142482191750815,0.8409566012385536,-0.0002520860798883723,0.0008222076981676367,0.17484133767019996,-0.8730527193491867,0.0,0.05023880805617837,False,0.0,0.0,-0.014264097460517633,-0.04587850612086233,0.18319383237828066,0.18410631773933706,2.44,-1.76,-0.09984868222362343,-0.3211495428460363,0.07862100962490035,-0.25287365578428056,
1791390705.3415713,balance,0.08057753129036921,0.0011977322756282019,0.07951235296956313,0.7926547720217021,-0.00024297062263843594,0.0008222076981676367,0.17491798675877482,-0.9198090528935173,-0.8287441941633871,-0.00045532429365065133,False,0.0,0.0,0.11929704047096178,0.0908185687740459,0.18319383237828066,0.18430890579941012,2.47,-1.67,0.8350792832967324,0.6357299814183213,-0.6575427427533326,0.5005747885183632,
1791390705.3517005,balance,0.08897387036875433,0.004700753783234279,0.08788803637479524,0.8308063808769468,-0.00026362629579145674,0.0008222076981676367,0.17476436407001228,-0.8790727518444771,0.0,-0.009440182571974494,False,0.0,0.0,0.026358469215600255,0.00013184129003688275,0.18278792047945228,0.18430890579941012,2.7600000000000002,-1.6300000000000001,0.1845092845092018,0.0009228890302581793,-0.14528290118834786,0.000726684275793842,
1791390705.3616526,balance,0.09474617966203369,0.0084830110595221,0.09363723358326094,0.26710703765279453,-0.0002867383806051081,0.0008222076981676367,0.17461066298038364,-0.827990734928574,0.0,-0.01781636625475671,False,0.0,0.0,-0.017066165628708607,-0.041248609501674645,0.18238186609667828,0.18430890579941012,3.16,-1.72,-0.11946315940096025,-0.2887402665117225,0.09406547984327579,-0.22735454056041143,
1791390705.3716705,balance,0.0939095789384736,0.011423571658841055,0.09276585091798585,-0.29122573041958766,-0.0003215203223201138,0.0008222076981676367,0.17438011030956824,-0.8648601212225343,0.0,-0.02634675231473156,False,0.0,0.0,-0.07947476516313635,-0.10131958754081974,0.1817724202195233,0.18430890579941012,3.44,-1.56,-0.5563233561419545,-0.7092371127857382,0.4380498867259484,-0.5584544195163292,
1791390705.381637,balance,0.0920787497308098,0.01347320192090001,0.09090575338869537,-0.0578825068332927,-0.0003507886439467964,0.0008222076981676367,0.1742258427592804,-0.9112178624875628,0.0,-0.03532183340534251,False,0.0,0.0,-0.10131132022636484,-0.12359540314767178,0.18116249073988713,0.18451149152728405,3.87,-1.52,-0.7091792415845539,-0.8651678220337025,0.558408851641381,-0.6812345055383484,
1791390705.3916614,balance,0.09516561370757634,0.016108953077019927,0.0939852113720918,0.678992623055879,-0.0003581946373168929,0.0008222076981676367,0.17422524878778214,-0.9397204063770361,0.0,-0.04464866366345864,False,0.0,0.0,-0.06552697196632669,-0.08930567292893458,0.18075567401151546,0.18491647660168958,3.91,-1.09,-0.45868880376428683,-0.6251397105025421,0.3611722864285723,-0.4922359925216867,
1791390705.4016864,balance,0.10523462079747806,0.0190341570395915,0.10409388939823197,1.1508983309015473,-0.0003185237010784464,0.0008222076981676367,0.1745324805832532,-0.9863808629613756,-0.7553177363530683,-0.0011553156330415366,False,0.0,0.0,0.13134107110681773,0.10707478464693032,0.18095909832971635,0.1855236268841519,3.7600000000000002,-0.78,0.9193874977477241,0.7495234925285122,-0.7239271635808852,0.5901759783689072,
1791390705.4117095,balance,0.11770979175545711,0.020810552237919108,0.11662437353835658,1.2344168671417053,-0.0002632105189328861,0.0008222076981676367,0.17491681795817837,-0.9718885550859112,0.0,-0.005452396515595833,False,0.0,0.0,0.12207276868150173,0.09988887415295886,0.1815691881139024,0.18592806708938056,3.43,-0.39,0.8545093807705121,0.699222119070712,-0.6728420321027654,0.550568597693474,
1791390705.4216447,balance,0.12719304032777007,0.021680936679421725,0.1261348879117054,0.5560196677468348,-0.00023594471789703184,0.0008222076981676367,0.17514695695223603,-0.8848900359489835,0.0,-0.014498444152838979,False,0.0,0.0,0.04902168107898186,0.03330336369314361,0.1817724202195233,0.18633234906504867,3.43,-0.33,0.343151767552873,0.23312354585200526,-0.27019824216761656,0.18356184712756318,
1791390705.4316392,balance,0.1294737926480325,0.022103710143226808,0.12840836998560998,0.055098732690675556,-0.00024321496425488628,0.0008222076981676367,0.1750703728070277,-0.8609910832834963,0.0,-0.02314937208027813,False,0.0,0.0,-0.011898726207521897,-0.01866415101662772,0.1817724202195233,0.18613024520610133,3.37,-0.58,-0.08329108345265328,-0.13064905711639405,0.06558353027767974,-0.10287327331999531,
1791390705.4416811,balance,0.12789660978470896,0.021170562841933787,0.1267903682171773,-0.4239618052810851,-0.00028403386936403166,0.0008222076981676367,0.17476317969795405,-0.8614483606552317,0.0,-0.031797337677212135,False,0.0,0.0,-0.06506963165647284,-0.06524549902432637,0.18136583942689477,0.18572588757060013,3.77,-0.99,-0.45548742159530986,-0.4567184931702846,0.35865151306717313,-0.3596208607640036,
1791390705.4516358,balance,0.12361911030943556,0.021861154259214317,0.12245662536103924,-0.23877722273108407,-0.0003402772502286884,0.0008222076981676367,0.17437875463369668,-0.866396306404247,0.0,-0.040426444894478136,False,0.0,0.0,-0.08529043164552878,-0.08725453045066094,0.18075567401151546,0.18532128209074125,3.93,-1.16,-0.5970330215187015,-0.6107817131546266,0.47010474135330826,-0.4809304827989186,
1791390705.461685,balance,0.12325001582883913,0.02436587584429977,0.12205597070609438,0.18747183768517095,-0.000371837424577106,0.0008222076981676367,0.1741483415240084,-0.9092356277022504,0.0,-0.04940312892302563,False,0.0,0.0,-0.06385114481366591,-0.07598947207046435,0.1805522351880966,0.18491647660168958,4.2,-1.3800000000000001,-0.44695801369566135,-0.5319263044932504,0.3519354438548514,-0.41883960983720503,
1791390705.4717155,balance,0.1299289307077295,0.025268118092008653,0.12869841896842452,0.9576166986864538,-0.0004083040411373834,0.0008222076981676367,0.17391782689086116,-0.9204661629527315,0.0,-0.05858295305077869,False,0.0,0.0,0.002674016788725798,-0.0226909868220787,0.1801450559451548,0.18471401599916903,4.5200000000000005,-1.51,0.018718117521080588,-0.1588369077545509,-0.014738675213449282,-0.125068431302796,
1791390705.4816976,balance,0.1416867934309176,0.022252206304377898,0.1404425761603376,1.2494790833079097,-0.00042200957241238235,0.0008222076981676367,0.17384092110087818,-0.92971391269886,-0.8246605133039584,-0.0005252669969745078,False,0.0,0.0,0.15644499328928627,0.12600181908660935,0.17994142114148953,0.18471401599916903,4.29,-1.42,1.095114953025004,0.8820127336062654,-0.8622952386023653,0.6944982154380043,
1791390705.4916618,balance,0.15462311038716453,0.01924163279428464,0.15344270805168,1.2166412125323083,-0.0003581946373168929,0.0008222076981676367,0.17422524878778214,-0.918117823703012,0.0,-0.009751961461265127,False,0.0,0.0,0.12063614609332603,0.09390765053044745,0.18075567401151546,0.18491647660168958,3.83,-1.21,0.8444530226532821,0.6573535537131321,-0.6649236398844741,0.517601223396167,
1791390705.5016267,balance,0.1645930563208051,0.017937612755161692,0.16345112639017165,0.7075968001516367,-0.00031972223246581194,0.0008222076981676367,0.1744561677106319,-0.859287161957224,0.0,-0.018478600221280034,False,0.0,0.0,0.09368948597011904,0.07727059342144188,0.18136583942689477,0.18491647660168958,3.68,-1.27,0.6558264017908333,0.5408941539500931,-0.5163987415675853,0.42590090862212054,
1791390705.5116441,balance,0.16737296761679532,0.016348843758973875,0.1662091623244937,-0.020722636256807384,-0.00034159759413397717,0.0008222076981676367,0.1743024916901999,-0.8099626953850471,0.0,-0.026695508892498318,False,0.0,0.0,0.04094763912432621,0.03470231475383621,0.18116249073988713,0.18471401599916903,3.7800000000000002,-1.46,0.2866334738702835,0.24291620327685345,-0.22569564871675865,0.19127260100539642,
1791390705.521634,balance,0.1651713843651647,0.014289956013375366,0.1639855445324304,-0.3265628888799509,-0.00036363213456670415,0.0008222076981676367,0.17414886982582978,-0.7892313816344497,0.0,-0.03460852925969628,False,0.0,0.0,-0.0021324932804701996,-0.003273240590782558,0.18095909832971635,0.18451149152728405,3.88,-1.56,-0.014927452963291397,-0.022912684135477906,0.011753899971095588,-0.018041483571242446,
1791390705.5315971,balance,0.16239481666269434,0.011663072712198061,0.1611997679664512,-0.19592395572802881,-0.0003728409980755139,0.0008222076981676367,0.17407222093023525,-0.7665725874756113,0.0,-0.04234269463177456,False,0.0,0.0,-0.007925131943429605,-0.013333982594411011,0.18095909832971635,0.18430890579941012,3.74,-1.76,-0.055475923604007236,-0.09333787816087707,0.04368182960945451,-0.07349439225265911,
1791390705.5416965,balance,0.1618751390222514,0.00972155004640596,0.1606745209444502,0.048191625647302457,-0.00037841037963357374,0.0008222076981676367,0.1739958960549843,-0.7493006026817512,0.0,-0.04987709861699409,False,0.0,0.0,0.013571456491172642,-0.0005188196096054588,0.18116249073988713,0.18390361620789641,3.65,-2.22,0.09500019543820849,-0.0036317372672382115,-0.07480330349465236,-0.002859635643494655,
1791390705.5516574,balance,0.16381352332756738,0.007053070319242119,0.16259508818759127,0.29168186124120693,-0.00039622744180848116,0.0008222076981676367,0.17384252000229797,-0.7348890739693484,0.0,-0.057266638304860944,False,0.0,0.0,0.04255195572696794,0.023390325513629042,0.18136583942689477,0.18329525876167316,3.48,-2.43,0.29786369008877556,0.1637322785954033,-0.23453833865257917,0.12892305401212859,
1791390705.5616746,balance,0.16750641749602427,0.0035124542585837255,0.16630327356663202,0.3387757156999359,-0.0003809362312246073,0.0008222076981676367,0.17391965218523886,-0.7211376894601235,0.0,-0.06452104778488056,False,0.0,0.0,0.06329966083321245,0.042924693801685315,0.1817724202195233,0.18309238737256509,3.4,-2.45,0.44309762583248713,0.30047285661179723,-0.3488957683720371,0.2365928004817301,
1791390705.5716755,balance,0.16946862624030198,-0.0007263983375266011,0.16826670968022478,0.11089360548355412,-0.0003797088619095883,0.0008222076981676367,0.17391969180674366,-0.7021057543729393,0.0,-0.07160042462716196,False,0.0,0.0,0.056043510744277186,0.0416459865743464,0.18197564376362416,0.1828894047573843,3.17,-2.69,0.39230457520994033,0.2915219060204248,-0.30890124032278765,0.2295448078900983,
1791390705.5816543,balance,0.16983156344831404,-0.0033561028842249026,0.16861861491643612,-0.0512910657441243,-0.00039074083371028884,0.0008222076981676367,0.17384286169714006,-0.6809798647014695,0.0,-0.07845323427971196,False,0.0,0.0,0.04358546531846569,0.03605805452584676,0.1821787984998778,0.1824833928624771,2.9,-2.98,0.3050982572292598,0.2524063816809273,-0.2402348482120156,0.19874518242592704,
1791390705.591761,balance,0.16891019771281118,-0.00557024557446889,0.16770891980904198,-0.10613358640601922,-0.0003790702056015692,0.0008222076981676367,0.17391971242373286,-0.6607631621481134,0.0,-0.08511577009824171,False,0.0,0.0,0.03460035820475064,0.030462132072925606,0.18258493369347872,0.18228032526567667,2.89,-3.06,0.24220250743325447,0.21323492451047923,-0.19071063577421613,0.16790151536258208,
1791390705.601656,balance,0.16718647938078038,-0.009336089843574973,0.16598520147701118,-0.20753105986840725,-0.0003790702056015692,0.0008222076981676367,0.17391971242373286,-0.6268814678284974,0.0,-0.09147772265732124,False,0.0,0.0,0.029795816045051538,0.02462878675745357,0.18258493369347872,0.18228032526567667,2.62,-2.99,0.20857071231536076,0.172401507302175,-0.16422890733492973,0.13574921834816928,
1791390705.6116855,balance,0.16536863713947728,-0.01270431013729702,0.1641881920247754,-0.20472201186416916,-0.0003582374165342489,0.0008222076981676367,0.17407333388731586,-0.6061345715076981,0.0,-0.09757086665383119,False,0.0,0.0,0.03229291519034586,0.02356419934521122,0.18319383237828066,0.18207724849767246,2.41,-3.23,0.22605040633242104,0.16494939541647854,-0.1779924459310402,0.12988141371376263,
1791390705.6216316,balance,0.16299705078534202,-0.015235490254888922,0.16183742669189038,-0.24815823653715396,-0.00033741639528401396,0.0008222076981676367,0.17422695623400622,-0.5873135969127716,0.0,-0.10349029230718874,False,0.0,0.0,0.02993452043803502,0.020679228684097262,0.1835995660144428,0.18207724849767246,2.05,-3.2,0.20954164306624515,0.14475460078868083,-0.1649934197372009,0.11398000062100852,
1791390705.6316817,balance,0.16025291559820964,-0.01704213578922879,0.15910366380430038,-0.30064432561950827,-0.00032704409574163887,0.0008222076981676367,0.1743037641618006,-0.5622270257800753,0.0,-0.10917914517430265,False,0.0,0.0,0.025882552217376786,0.01941323361665264,0.18380227246209999,0.18207724849767246,1.86,-3.11,0.1811778655216375,0.13589263531656848,-0.14265973663121062,0.10700207505241613,
1791390705.641637,balance,0.1573704960677767,-0.019879521686624227,0.1562279855699659,-0.2727209893715193,-0.00032030279964317607,0.0008222076981676367,0.17438021124503184,-0.5440300299396583,0.0,-0.11465917241566717,False,0.0,0.0,0.023012968941805788,0.022547191904607137,0.18420761995138657,0.1818740249535716,1.8,-3.22,0.1610907825926405,0.15783034333224996,-0.12684313589971694,0.1242758608915354,
1791390705.6516833,balance,0.15456167655064126,-0.022573615321564468,0.15341916605283046,-0.29600200896941264,-0.00032030279964317607,0.0008222076981676367,0.17438021124503184,-0.5284141794656522,0.0,-0.11998527540087528,False,0.0,0.0,0.019726734970581018,0.023894034894178677,0.18420761995138657,0.1818740249535716,1.75,-3.21,0.1380871447940671,0.16725824425925073,-0.10873003527091898,0.13169940492854387,
1791390705.6616518,balance,0.1517310707014759,-0.023894082513585865,0.1505885602036651,-0.3052991906533696,-0.00032030279964317607,0.0008222076981676367,0.17438021124503184,-0.5137441186085232,0.0,-0.1251497651992312,False,0.0,0.0,0.01824373568857586,0.023442481532361576,0.18420761995138657,0.1818740249535716,1.74,-3.37,0.12770614982003103,0.16409737072653102,-0.1005560234803394,0.1292105281311268,
1791390705.6716893,balance,0.1483730015272216,-0.024451096580279823,0.14721829882672655,-0.33496672692397406,-0.000332495002327432,0.0008222076981676367,0.17430330176142378,-0.4997658662299515,0.0,-0.1301810750591805,False,0.0,0.0,0.014620124755226798,0.018717044364670764,0.18420761995138657,0.18167080140947076,1.73,-3.46,0.10234087328658759,0.13101931055269536,-0.08058336479258865,0.10316481145881524,
1791390705.6816647,balance,0.14528249582284136,-0.025409111930559853,0.1441149634238975,-0.3012127418835987,-0.00034532470077622626,0.0008222076981676367,0.17422632878704455,-0.49400508441448215,0.0,-0.13513596775336348,False,0.0,0.0,0.01468239234558497,0.017166932120371448,0.18420761995138657,0.18146750672806256,1.75,-3.61,0.10277674641909479,0.12016852484260014,-0.0809265719835392,0.09462088570283475,
1791390705.6916776,balance,0.1425540400229727,-0.02708931506917841,0.14136081418819665,-0.2424949467186006,-0.0003710181366084267,0.0008222076981676367,0.1740723829244338,-0.4750718068235315,0.0,-0.13994790732682633,False,0.0,0.0,0.01746155161434321,0.02023069947060882,0.18420761995138657,0.18106080344386152,1.77,-3.7600000000000002,0.12223086130040248,0.14161489629426174,-0.09624477267748226,0.11150779235768642,
1791390705.7016518,balance,0.14040359235004166,-0.028055101876026934,0.1391882768342804,-0.2096084442683311,-0.0003931078175936388,0.0008222076981676367,0.17391876117318103,-0.4570764191551967,0.0,-0.14457396346631138,False,0.0,0.0,0.02122891210339946,0.02631128780354238,0.1840049739935406,0.1808573791256606,1.84,-3.88,0.14860238472379622,0.18417901462479666,-0.11700975175102064,0.1450228461612572,
1791390705.7116494,balance,0.13808753583587519,-0.028249571209909174,0.13685894491609507,-0.24107875320200833,-0.00040638322161248505,0.0008222076981676367,0.17384182048854435,-0.45323541701463815,0.0,-0.14913073526714815,False,0.0,0.0,0.018332462332449867,0.025975004526116122,0.1840049739935406,0.1806539548074597,1.8800000000000001,-3.93,0.12832723632714907,0.18182503168281286,-0.10104506797413312,0.14316931628567942,
1791390705.721656,balance,0.13563303684686476,-0.028272108827636998,0.13440444592708464,-0.27662717255727803,-0.00040638322161248505,0.0008222076981676367,0.17384182048854435,-0.4424366455561102,0.0,-0.15358720474349588,False,0.0,0.0,0.014838154692181225,0.02362499283221461,0.1840049739935406,0.1806539548074597,1.8900000000000001,-4.0600000000000005,0.10386708284526858,0.16537494982550227,-0.08178510460257368,0.13021649592559234,
1791390705.7316499,balance,0.13275832855662748,-0.027906376684797958,0.13152973763684736,-0.2978012397669595,-0.00040638322161248505,0.0008222076981676367,0.17384182048854435,-0.42564835627714986,0.0,-0.15789625446088665,False,0.0,0.0,0.01164765468829184,0.019831666660888588,0.1840049739935406,0.1806539548074597,1.87,-4.03,0.08153358281804288,0.1388216666262201,-0.06419967151026998,0.10930839891828355,
1791390705.741647,balance,0.12996453270032454,-0.027509776134854013,0.12873594178054443,-0.27450452587506313,-0.00040638322161248505,0.0008222076981676367,0.17384182048854435,-0.4185203086476641,0.0,-0.1621073058813187,False,0.0,0.0,0.01161429312384282,0.01812215031995507,0.1840049739935406,0.1806539548074597,1.86,-3.95,0.08130005186689973,0.1268550522396855,-0.0640157888715746,0.09988586790526416,
1791390705.7516448,balance,0.1272101876673791,-0.027009172721008192,0.12598159674759898,-0.2844635254936286,-0.00040638322161248505,0.0008222076981676367,0.17384182048854435,-0.4026484963461795,0.0,-0.16618765922962547,False,0.0,0.0,0.011442229764723557,0.016411226319989907,0.1840049739935406,0.1806539548074597,1.87,-3.95,0.0800956083530649,0.11487858423992935,-0.0630674081520196,0.09045557814167665,
1791390705.7616384,balance,0.1244919557762008,-0.02656640485757981,0.12327664026043952,-0.2663430620109655,-0.0003931078175936388,0.0008222076981676367,0.17391876117318103,-0.3866719575648775,0.0,-0.1701059014893632,False,0.0,0.0,0.012249516284296939,0.017165463912574695,0.1840049739935406,0.1808573791256606,1.85,-3.8200000000000003,0.08574661399007857,0.12015824738802286,-0.06751701888982564,0.09461279321891564,
1791390705.7716813,balance,0.12194716648999804,-0.02540006618189799,0.12074472448988911,-0.26564895264827126,-0.00038023430194128807,0.0008222076981676367,0.17399573404068966,-0.37989175969136757,0.0,-0.17392085665087562,False,0.0,0.0,0.011523283050416975,0.017606492073743943,0.1840049739935406,0.18106080344386152,1.85,-3.5700000000000003,0.08066298135291883,0.1232454445162076,-0.06351415854560538,0.09704365709937607,
1791390705.7816436,balance,0.11922260103327202,-0.02370037951411638,0.11803302116378424,-0.2600498485108125,-0.00036737217132015026,0.0008222076981676367,0.1740727069370086,-0.3634879771006923,0.0,-0.17760179963645648,False,0.0,0.0,0.010256209083001878,0.01757802602562785,0.1840049739935406,0.1812641580410549,1.9000000000000001,-3.47,0.07179346358101316,0.12304618217939495,-0.05653028628426233,0.09688675762157083,
1791390705.7917333,balance,0.11669932612784253,-0.022108370550007167,0.11552259701903675,-0.24787571083543974,-0.00035452141063814155,0.0008222076981676367,0.17414967986209973,-0.3452452895937284,0.0,-0.18109894357311745,False,0.0,0.0,0.01162134125145828,0.019490889681236512,0.1840049739935406,0.18146750672806256,1.9000000000000001,-3.31,0.08134938876020796,0.13643622776865558,-0.06405463681906139,0.10743010060524061,
1791390705.8016958,balance,0.11423430333887294,-0.020652439678306142,0.1130704136358754,-0.26149188035685145,-0.00034168200482990324,0.0008222076981676367,0.17422665281592487,-0.3370549344243228,0.0,-0.1844884992224416,False,0.0,0.0,0.01213203285378026,0.018022095348191797,0.1840049739935406,0.18167080140947076,1.87,-3.27,0.08492422997646182,0.12615466743734258,-0.06686947242241088,0.09933438380893116,
1791390705.8116488,balance,0.11142400150592623,-0.01920192105869784,0.11026312775819924,-0.2932457425066556,-0.00033866604955934757,0.0008222076981676367,0.17422691332968568,-0.3286541959854264,0.0,-0.18778873733711438,False,0.0,0.0,0.00956053192747857,0.013299235887241054,0.18380227246209999,0.1818740249535716,1.95,-3.15,0.06692372349234998,0.09309465121068738,-0.052695845269566916,0.07330287496904518,
1791390705.8217285,balance,0.1083436022134246,-0.01753319584556135,0.10717234646315905,-0.2979268416385069,-0.0003490480520979,0.0008222076981676367,0.17415010542291234,-0.31705360136697763,0.0,-0.190992363452028,False,0.0,0.0,0.006920358441292616,0.009233309100714838,0.1835995660144428,0.1818740249535716,2.13,-3.14,0.04844250908904831,0.06463316370500387,-0.03814370794413253,0.05089225488582982,
1791390705.8316553,balance,0.10563298170706946,-0.015971558544446568,0.1044733576136178,-0.2467793818067604,-0.00033741639528401396,0.0008222076981676367,0.17422695623400622,-0.30757605352422424,0.0,-0.19408862866429508,False,0.0,0.0,0.00868226211535661,0.010041086859418966,0.1835995660144428,0.18207724849767246,2.21,-3.02,0.060775834807496265,0.07028760801593276,-0.047854988037398634,0.05534457324089193,
1791390705.8416808,balance,0.10327529081123354,-0.014404028106158796,0.10210526079884712,-0.2297938999910717,-0.00034782231421879445,0.0008222076981676367,0.17415014505122395,-0.29605864017509714,0.0,-0.19706714234571993,False,0.0,0.0,0.010494618047900315,0.012479553682926098,0.18339669919636176,0.18207724849767246,2.2600000000000002,-3.0500000000000003,0.0734623263353022,0.08735687578048269,-0.05784435144511984,0.0687849415594352,
1791390705.8517077,balance,0.10093453086062326,-0.01247734365767703,0.09976572658555807,-0.23157371047577893,-0.00034659657689755166,0.0008222076981676367,0.17415018467979715,-0.29047393271885136,0.0,-0.19998268501749827,False,0.0,0.0,0.008884928626359135,0.012270408589125592,0.18319383237828066,0.18228032526567667,2.46,-2.86,0.06219450038451395,0.08589286012387914,-0.04897204754686137,0.06763217332588908,
1791390705.86164,balance,0.09857562732719269,-0.010815487894645306,0.09740804878889091,-0.23027631821194297,-0.00034537084013413696,0.0008222076981676367,0.17415022430863203,-0.28537154332702047,0.0,-0.20284609484341837,False,0.0,0.0,0.0073580038419933476,0.010854205880685945,0.18299090309463303,0.1824833928624771,2.6,-2.87,0.051506026893953435,0.07597944116480161,-0.04055592668815231,0.05982633162582804,
1791390705.8717325,balance,0.09654343423346848,-0.009359070063605366,0.09536544167932409,-0.20521144674207445,-0.0003557848559767457,0.0008222076981676367,0.1740734131402777,-0.2777563837431264,0.0,-0.20564292166128395,False,0.0,0.0,0.008680542598650687,0.010768705101606274,0.18278792047945228,0.1824833928624771,2.61,-2.8000000000000003,0.060763798190554816,0.07538093571124392,-0.04784551038626363,0.05935506748916844,
1791390705.8816395,balance,0.0946539973523494,-0.007898524122936497,0.09347600479820502,-0.16293496042473188,-0.0003557848559767457,0.0008222076981676367,0.1740734131402777,-0.27083692006457594,0.0,-0.20836866540428536,False,0.0,0.0,0.01114216134837277,0.011443375589580149,0.18278792047945228,0.1824833928624771,2.75,-2.79,0.07799512943860938,0.08010362912706104,-0.06141348774693652,0.0630737237220953,
1791390705.8916402,balance,0.09284358868679189,-0.006552459436529048,0.09166562112481867,-0.19752650504602487,-0.00035575986380557284,0.0008222076981676367,0.17407341394788986,-0.26860950714943393,0.0,-0.211056806138322,False,0.0,0.0,0.010046948940618434,0.00909859835160035,0.18258493369347872,0.18268642214220357,2.7600000000000002,-2.57,0.07032864258432904,0.06369018846120246,-0.05537688392466854,0.0501497546938602,
1791390705.9015884,balance,0.09097943260184026,-0.005387139980887983,0.08981246697416048,-0.1690108674730509,-0.000344757929512135,0.0008222076981676367,0.17415024412452004,-0.2622521970131896,0.0,-0.2136940015293955,False,0.0,0.0,0.01012900438846144,0.008467708407333678,0.18258493369347872,0.1828894047573843,2.8000000000000003,-2.64,0.07090303071923008,0.05927395885133575,-0.055829158046637864,0.046672408544358855,
1791390705.9116378,balance,0.08940788044016386,-0.0042188024484087795,0.08824091481248408,-0.1548420625004098,-0.000344757929512135,0.0008222076981676367,0.17415024412452004,-0.25638405964528393,0.0,-0.21627657791679145,False,0.0,0.0,0.010629515041071833,0.00902186755344967,0.18258493369347872,0.1828894047573843,2.77,-2.5300000000000002,0.07440660528750283,0.06315307287414769,-0.058587878179136084,0.04972682903476196,
1791390705.9216497,balance,0.08820391368855,-0.0030092165695564665,0.08703694806087023,-0.10649242944484827,-0.000344757929512135,0.0008222076981676367,0.17415024412452004,-0.25192959834549306,0.0,-0.21879957109086304,False,0.0,0.0,0.013459933593292464,0.012047135660439374,0.18258493369347872,0.1828894047573843,2.81,-2.5,0.09421953515304725,0.08432994962307562,-0.07418861035673012,0.06640153513628001,
1791390705.9316578,balance,0.0869997557415297,-0.0021055677015289413,0.08584319467587721,-0.1297511184262483,-0.00033435336748484715,0.0008222076981676367,0.1742270553128552,-0.24819697571977237,0.0,-0.22129357390492727,False,0.0,0.0,0.013236243556016757,0.0111476220615927,0.18258493369347872,0.18309238737256509,2.81,-2.35,0.0926537048921173,0.07803335443114891,-0.07295567314339944,0.06144358616625898,
1791390705.9416454,balance,0.08559061140430034,-0.0015959855073952821,0.08443405033864786,-0.14228803155496966,-0.00033435336748484715,0.0008222076981676367,0.1742270553128552,-0.24150234648016755,0.0,-0.2237191592554575,False,0.0,0.0,0.0125599622307236,0.008726044708676115,0.18258493369347872,0.18309238737256509,2.7800000000000002,-2.45,0.0879197356150652,0.061082312960732806,-0.0692281382795789,0.048096309417899843,
1791390705.9516497,balance,0.08427115175240199,-0.0010473092700511995,0.0831145906867495,-0.12552591615931738,-0.00033435336748484715,0.0008222076981676367,0.1742270553128552,-0.2340372404091614,0.0,-0.2260711709327047,False,0.0,0.0,0.013485965104406611,0.008038855400966084,0.18258493369347872,0.18309238737256509,2.8000000000000003,-2.45,0.09440175573084628,0.05627198780676259,-0.07433209112665061,0.04430865181634849,
1791390705.961653,balance,0.08315907960392345,-0.0003343275148442834,0.08200251853827097,-0.10628276850561998,-0.00033435336748484715,0.0008222076981676367,0.1742270553128552,-0.22315985319041096,0.0,-0.2283279957242714,False,0.0,0.0,0.016158154363803266,0.010157937619315908,0.18258493369347872,0.18309238737256509,2.8000000000000003,-2.34,0.11310708054662286,0.07110556333521136,-0.08906069334379753,0.055988632547410516,
1791390705.9716473,balance,0.08208390009296197,-0.000157657694431278,0.08092733902730949,-0.11190420288854508,-0.00033435336748484715,0.0008222076981676367,0.1742270553128552,-0.21321929071549034,0.0,-0.23047625163677377,False,0.0,0.0,0.017314904450855977,0.011716635950199072,0.18258493369347872,0.18309238737256509,2.82,-2.47,0.12120433115599183,0.0820164516513935,-0.09543648122519041,0.06457988319007361,
1791390705.9816523,balance,0.08075204362948374,-0.000300131113165483,0.07959548256383125,-0.15086499898013442,-0.00033435336748484715,0.0008222076981676367,0.1742270553128552,-0.2027650275912024,0.0,-0.23252132157565983,False,0.0,0.0,0.01507698336671251,0.010465356681855316,0.18258493369347872,0.18309238737256509,2.81,-2.49,0.10553888356698757,0.07325749677298721,-0.08310148312361226,0.05768306832518678,
1791390705.9916766,balance,0.07918115614882103,-0.0003766748250792254,0.07802459508316854,-0.1685619225581074,-0.00033435336748484715,0.0008222076981676367,0.1742270553128552,-0.19472286184714716,0.0,-0.23448884541806705,False,0.0,0.0,0.012403598200668522,0.009140177099058754,0.18258493369347872,0.18309238737256509,2.8000000000000003,-2.47,0.08682518740467965,0.06398123969341127,-0.06836628929502335,0.05037892889244982,
1791390706.001639,balance,0.07749661360799599,-0.00020269475265510882,0.07634005254234351,-0.16663380482281623,-0.00033435336748484715,0.0008222076981676367,0.1742270553128552,-0.18264121679931544,0.0,-0.23634234201764964,False,0.0,0.0,0.011212349918283297,0.00901493271477887,0.18258493369347872,0.18309238737256509,2.81,-2.48,0.07848644942798308,0.06310452900345209,-0.06180035388030164,0.04968860551452921,
1791390706.011646,balance,0.0758187400129079,-0.0003426243290166499,0.07466217894725542,-0.16633619785572523,-0.00033435336748484715,0.0008222076981676367,0.1742270553128552,-0.17043599049808497,0.0,-0.23807186211639408,False,0.0,0.0,0.011317155983727515,0.009417132319781625,0.18258493369347872,0.18309238737256509,2.77,-2.49,0.07922009188609261,0.06591992623847137,-0.062378025107159535,0.05190545373107982,
1791390706.0215943,balance,0.07403624764071101,-0.0009870297988119074,0.07287968657505853,-0.19167803035178127,-0.00033435336748484715,0.0008222076981676367,0.1742270553128552,-0.16229439573128482,0.0,-0.23970942365470477,False,0.0,0.0,0.010485994027697466,0.007767071984707066,0.18258493369347872,0.18309238737256509,2.7600000000000002,-2.46,0.07340195819388226,0.054369503892949464,-0.05779681747549784,0.04281063298657438,
1791390706.0317075,balance,0.07209844267144504,-0.001518778335932168,0.07094188160579255,-0.1923571229529145,-0.00033435336748484715,0.0008222076981676367,0.1742270553128552,-0.15639584126923414,0.0,-0.24129228188363455,False,0.0,0.0,0.008742123441877072,0.005813283148139052,0.18258493369347872,0.18309238737256509,2.75,-2.54,0.061194864093139505,0.040692982036973364,-0.04818493235680276,0.032041718139349105,
1791390706.0416512,balance,0.07025978804522691,-0.0017647323359704778,0.06911482206348779,-0.18510858106352762,-0.0003227582835714782,0.0008222076981676367,0.17430390534594606,-0.15037315424568806,0.0,-0.242803845816949,False,0.0,0.0,0.008356193297639394,0.005045916112196036,0.18278792047945228,0.18309238737256509,2.66,-2.58,0.05849335308347575,0.03532141278537226,-0.04605775833344548,0.02781213605147422,
1791390706.0516467,balance,0.06867803506254207,-0.0021691948405385703,0.06752267422004017,-0.13986781970624124,-0.00033315314433425905,0.0008222076981676367,0.17422709413659285,-0.14243819844985445,0.0,-0.2442508649258362,False,0.0,0.0,0.010655460657458296,0.007626509646965005,0.18278792047945228,0.1828894047573843,2.65,-2.6,0.07458822460220807,0.053385567528755035,-0.05873088551354966,0.0420358799439016,
1791390706.0616302,balance,0.06738528451617275,-0.0029471083175757447,0.06622992367367085,-0.13408940849157727,-0.00033315314433425905,0.0008222076981676367,0.17422709413659285,-0.12876276622877372,0.0,-0.24557386392457325,False,0.0,0.0,0.012848643952777159,0.010628969366617806,0.18278792047945228,0.1828894047573843,2.64,-2.58,0.08994050766944012,0.07440278556632464,-0.0708192973775119,0.05858487052466507,
1791390706.0716462,balance,0.06568647001144534,-0.003640246035243111,0.06454150402970622,-0.19006387233576214,-0.00032275828357148165,0.0008222076981676367,0.17430390534594606,-0.12275914644932269,0.0,-0.24681562094603623,False,0.0,0.0,0.009958735831942513,0.007398636331884643,0.18299090309463303,0.1828894047573843,2.56,-2.59,0.06971115082359759,0.0517904543231925,-0.054890669939840625,0.04077988529385236,
1791390706.0816612,balance,0.06367065313362269,-0.004111925068862659,0.06252568715188357,-0.20297264658611083,-0.00032275828357148165,0.0008222076981676367,0.17430390534594606,-0.1145746905361198,0.0,-0.24798533317582144,False,0.0,0.0,0.006872883577383973,0.0045859803536668015,0.18299090309463303,0.1828894047573843,2.5300000000000002,-2.58,0.04811018504168781,0.03210186247566761,-0.037882035465895914,0.02527705706745481,
1791390706.0916429,balance,0.06186457476120227,-0.0045295384028449254,0.060719608779463155,-0.1795058011800906,-0.00032275828357148165,0.0008222076981676367,0.17430390534594606,-0.10174160940560616,0.0,-0.24903282102171417,False,0.0,0.0,0.00826273364513632,0.005822675300566053,0.18299090309463303,0.1828894047573843,2.5300000000000002,-2.65,0.057839135515954244,0.040758727103962375,-0.04554262639051515,0.03209348590863179,
1791390706.1016302,balance,0.05991537745846986,-0.005300747084516219,0.058759428947042336,-0.20022023170765482,-0.000333740813259889,0.0008222076981676367,0.17422707512717414,-0.0977032344165464,0.0,-0.2500094955236347,False,0.0,0.0,0.006082715831113408,0.0043546956105788215,0.18299090309463303,0.18268642214220357,2.54,-2.7800000000000002,0.042579010817793854,0.03048286927405175,-0.03352678017149122,0.02400225927090689,
1791390706.1116505,balance,0.057995516653509945,-0.005918375652174004,0.05683956814208242,-0.18208301252566494,-0.000333740813259889,0.0008222076981676367,0.17422707512717414,-0.09529848946386198,0.0,-0.25096771145702446,False,0.0,0.0,0.004224617708587534,0.003351599903933423,0.18299090309463303,0.18268642214220357,2.52,-2.74,0.029572323960112737,0.02346119932753396,-0.023285294456781683,0.018473385297270835,
1791390706.121703,balance,0.056709062103047395,-0.0062440024585093965,0.055541483564745614,-0.09079961644792336,-0.00034537084013413696,0.0008222076981676367,0.17415022430863203,-0.08470273704442377,0.0,-0.2518452789651654,False,0.0,0.0,0.009111002969007721,0.009387244254962323,0.18299090309463303,0.1824833928624771,2.56,-2.91,0.06377702078305406,0.06571070978473627,-0.050218126600829964,0.05174071636593407,
1791390706.1316469,balance,0.055899830206940275,-0.006577542704986637,0.054720611372796296,-0.09830379504417415,-0.0003570111359763456,0.0008222076981676367,0.1740733735136659,-0.0730980146050095,0.0,-0.25260323296055215,False,0.0,0.0,0.0134665197898958,0.014251906936577156,0.18299090309463303,0.18228032526567667,2.56,-2.95,0.0942656385292706,0.09976334855604009,-0.07422491222777212,0.07855381776066149,
1791390706.1416447,balance,0.05461920632285756,-0.007243467249639012,0.05343998748871358,-0.1592480192319628,-0.0003570111359763456,0.0008222076981676367,0.1740733735136659,-0.06263666509667512,0.0,-0.25325489462659273,False,0.0,0.0,0.011729805139411985,0.011805391183036293,0.18299090309463303,0.18228032526567667,2.5500000000000003,-3.0700000000000003,0.08210863597588389,0.08263773828125405,-0.06465246927234952,0.06506908526082995,
1791390706.1516483,balance,0.05260498942076623,-0.008171691042504772,0.05141412000820843,-0.23110012266925908,-0.0003686617143901609,0.0008222076981676367,0.17399652274230687,-0.057898330751097966,0.0,-0.2538407041504855,False,0.0,0.0,0.005868035107830395,0.0045706212710238565,0.18299090309463303,0.18207724849767246,2.54,-3.18,0.041076245754812765,0.031994348897167,-0.03234350059434076,0.02519240070643071,
1791390706.161705,balance,0.05038042257832462,-0.008700337033983653,0.04917789229115374,-0.21551594746388508,-0.000380322589003234,0.0008222076981676367,0.17391967199458636,-0.04650198604775393,0.0,-0.2543291597869285,False,0.0,0.0,0.004443572613914058,0.001463370142166573,0.18299090309463303,0.1818740249535716,2.5300000000000002,-3.14,0.031105008297398408,0.010243590995166012,-0.02449213251763654,0.00806581968123308,
1791390706.171582,balance,0.048533293440637434,-0.009108035648094105,0.04733076315346656,-0.14765109971666932,-0.000380322589003234,0.0008222076981676367,0.17391967199458636,-0.03853127039136645,0.0,-0.2547333315258615,False,0.0,0.0,0.00740159250307155,0.0043965751100725325,0.18299090309463303,0.1818740249535716,2.5300000000000002,-3.24,0.05181114752150085,0.030776025770507726,-0.04079617915078807,0.0242330911578801,
1791390706.1816359,balance,0.04729447619317555,-0.009444674191120139,0.04602280798714566,-0.10996546077936244,-0.000380322589003234,0.0008913456170266437,0.17391967199458636,-0.03424959544356375,0.0,-0.2550808498703906,False,0.0,0.0,0.010688837823859251,0.00932020352403743,0.18299090309463303,0.1818740249535716,2.52,-3.22,0.07482186476701476,0.06524142466826202,-0.05891485414725572,0.05137120052619057,
1791390706.1916685,balance,0.04636681109004321,-0.009984370574115584,0.04509514288401333,-0.08427027897224681,-0.000380322589003234,0.0008913456170266437,0.17391967199458636,-0.028777683061872852,0.0,-0.25538780591631166,False,0.0,0.0,0.012777097398128377,0.013679790605117892,0.18299090309463303,0.1818740249535716,2.45,-3.21,0.08943968178689864,0.09575853423582524,-0.07042494628889656,0.07540042065813012,
1791390706.2016723,balance,0.04551035575164658,-0.010383129576821835,0.04424912159539501,-0.11181862988143215,-0.00036988853922492043,0.0008913456170266437,0.17399648311844387,-0.0216706258330145,0.0,-0.2556225320119379,False,0.0,0.0,0.012723568775860382,0.014888553694175204,0.18319383237828066,0.1818740249535716,2.49,-3.22,0.08906498143102268,0.10421987585922643,-0.07012990663860053,0.08206289437734364,
1791390706.211644,balance,0.04384309223080887,-0.010692136268851155,0.04251632615402733,-0.19945881613316058,-0.00036988853922492043,0.000956877537556618,0.17399648311844387,-0.017529950189693475,0.0,-0.2558135496204625,False,0.0,0.0,0.006241117821311738,0.007542336828349265,0.18319383237828066,0.1818740249535716,2.37,-3.2,0.04368782474918217,0.052796357798444854,-0.03439986200723005,0.04157193527436603,
1791390706.2216473,balance,0.04169340735168886,-0.011064785049350243,0.04024367886738321,-0.22032318618743507,-0.00036988853922492043,0.0010798399450807255,0.17399648311844387,-0.015622868685564366,0.0,-0.25597493820296086,False,0.0,0.0,0.0014402798724288447,0.00041115464318758956,0.18319383237828066,0.1818740249535716,2.39,-3.21,0.010081959107001912,0.002878082502313127,-0.007938550477954262,0.0022662066947347456,
1791390706.2316449,balance,0.03961971934917522,-0.011404542573329688,0.03805374879077199,-0.19583171498447904,-0.00036988853922492043,0.0011960820191783145,0.17399648311844387,-0.015830963121896673,0.0,-0.25613356654843816,False,0.0,0.0,8.259081205690896e-05,-0.0030275373214136867,0.18319383237828066,0.1818740249535716,2.39,-3.23,0.0005781356843983628,-0.021192761249895806,-0.00045522494834516754,-0.016687213582595124,
1791390706.241685,balance,0.03777323440625377,-0.011552051604193883,0.03609706760896997,-0.18794303315448446,-0.00036988853922492043,0.0013062782580588808,0.17399648311844387,-0.014093637560684037,0.0,-0.2562773114382376,False,0.0,0.0,-0.0002913149196517961,-0.004687315301253124,0.18319383237828066,0.1818740249535716,2.41,-3.23,-0.0020392044375625727,-0.03281120710877187,0.0016056727854823407,-0.025835596148639266,
1791390706.2516475,balance,0.03592258789903949,-0.011643125660241315,0.034142087914919544,-0.1862202304312191,-0.00036988853922492043,0.001410611444895025,0.17399648311844387,-0.014365457478621153,0.0,-0.25642512969984543,False,0.0,0.0,-0.0021329616841513485,-0.007181557881120888,0.18319383237828066,0.1818740249535716,2.39,-3.22,-0.014930731789059438,-0.050270905167846214,0.01175648172366885,-0.0395833898959419,
1791390706.2616491,balance,0.03377925091533975,-0.012016588681784006,0.031900811045892444,-0.23824373555176726,-0.00036988853922492043,0.0015085513302223912,0.17399648311844387,-0.014776440204277127,0.0,-0.2565738061192822,False,0.0,0.0,-0.007978313175140134,-0.012678027973314507,0.18319383237828066,0.1818740249535716,2.37,-3.22,-0.05584819222598094,-0.08874619581320155,0.043974954508646406,-0.06987889434110359,
1791390706.2716973,balance,0.03103093369490605,-0.012552589394584101,0.029162918667033206,-0.323832795005581,-0.00035946369765045214,0.0015085513302223912,0.17407329426122753,-0.020149730624059413,0.0,-0.25675626163471066,False,0.0,0.0,-0.01807601725605957,-0.02275953083524547,0.18339669919636176,0.1818740249535716,2.2800000000000002,-3.24,-0.126532120792417,-0.1593167158467183,0.09963159117513148,-0.1254462329501719,
1791390706.281638,balance,0.027240163312439017,-0.01306768431063087,0.025372148284566173,-0.41351851915331517,-0.00035946369765045214,0.0015085513302223912,0.17407329426122753,-0.024381914843805714,0.0,-0.25698483480000245,False,0.0,0.0,-0.03214854568493824,-0.03671193223387403,0.18339669919636176,0.1818740249535716,2.23,-3.22,-0.22503981979456766,-0.2569835256371182,0.17719670849965957,-0.20234923278513242,
1791390706.2916396,balance,0.02271216854634883,-0.01375735140806136,0.020854569164028537,-0.48367638643554944,-0.0003490480520979,0.0015085513302223912,0.17415010542291234,-0.0317366622435437,0.0,-0.2572768876866555,False,0.0,0.0,-0.0464956432408942,-0.05163599443399562,0.1835995660144428,0.1818740249535716,2.2,-3.21,-0.3254695026862594,-0.36145196103796934,0.25627519896555856,-0.28460784333698375,
1791390706.3016274,balance,0.017865046010451257,-0.014779185714004698,0.016007446628130965,-0.47382897924586553,-0.0003490480520979,0.0015085513302223912,0.17415010542291234,-0.048662872477971256,0.0,-0.25771393096164735,False,0.0,0.0,-0.05780590141001343,-0.06414053188391905,0.1835995660144428,0.1818740249535716,2.07,-3.25,-0.40464130987009406,-0.44898372318743335,0.3186152046221213,-0.3535304906987664,
1791390706.3116596,balance,0.013569370777231625,-0.015837223297843688,0.011722153397449886,-0.3613522573168419,-0.00033866604955934757,0.0015085513302223912,0.17422691332968568,-0.07663003326459093,0.0,-0.2584079759982667,False,0.0,0.0,-0.06273997057886363,-0.07027397783634756,0.18380227246209999,0.1818740249535716,2.0,-3.2600000000000002,-0.43917979405204544,-0.4919178448544329,0.3458108614583035,-0.3873368857121519,
1791390706.3216372,balance,0.011384873296102297,-0.016882127917963372,0.009525444871565382,-0.07603308127472652,-0.0003508770943145244,0.0015085513302223912,0.17415000388514382,-0.10130730349521383,0.0,-0.2593614167905003,False,0.0,0.0,-0.05103471347422021,-0.06117256968258509,0.18380227246209999,0.18167080140947076,1.97,-3.38,-0.35724299431954143,-0.4282079877780956,0.28129369631459955,-0.3371716439197603,
1791390706.3316457,balance,0.012038371031787405,-0.018208859282801686,0.01017894260725049,0.1670776316323184,-0.0003508770943145244,0.0015085513302223912,0.17415000388514382,-0.123528908025611,0.0,-0.26054061008306834,False,0.0,0.0,-0.02963811745810394,-0.04578843656920214,0.18380227246209999,0.18167080140947076,2.0,-3.44,-0.20746682220672757,-0.320519055984415,0.16335970252498233,-0.25237720943654723,
1791390706.3416402,balance,0.014134590299037691,-0.019946634487607345,0.01224945225544795,0.24119713256430927,-0.0003765867133673495,0.0015085513302223912,0.17399605804741575,-0.1536555743441391,0.0,-0.2619962817227216,False,0.0,0.0,-0.015890333510496648,-0.03936432359674452,0.18380227246209999,0.1812641580410549,1.96,-3.71,-0.11123233457347653,-0.27555026517721165,0.08758451541218625,-0.21696871273796192,
1791390706.3516467,balance,0.016490549476961037,-0.02179534599681087,0.014601763844797357,0.26413385799610106,-0.00038023430194128807,0.0015085513302223912,0.17399573404068966,-0.1833794081910083,0.0,-0.2637599792537792,False,0.0,0.0,-0.011483757502665629,-0.04086519021852011,0.1840049739935406,0.18106080344386152,1.86,-3.94,-0.0803863025186594,-0.2860563315296408,0.0632963011957948,-0.225241205928851,
1791390706.3616612,balance,0.019311025222980727,-0.02353664633356386,0.01739609067114585,0.3338100106730653,-0.00040638322161248505,0.0015085513302223912,0.17384182048854435,-0.19765988388544475,0.0,-0.265704285420112,False,0.0,0.0,-0.005503515767068401,-0.0384819294301007,0.1840049739935406,0.1806539548074597,1.84,-4.0,-0.0385246103694788,-0.2693735060107049,0.030334338873605357,-0.21210512284307473,
1791390706.371676,balance,0.0222228433815761,-0.02535268222805124,0.02029419815366465,0.2899188310606798,-0.00042009389768905836,0.0015085513302223912,0.17376491469399014,-0.2086934451176153,0.0,-0.2677534368543438,False,0.0,0.0,-0.004296447487527306,-0.038841255366650486,0.1840049739935406,0.1804504333266811,1.82,-4.15,-0.030075132412691143,-0.2718887875665534,0.023681206624166253,-0.21408565950122313,
1791390706.3816574,balance,0.02473259567932951,-0.02722762654832658,0.022799483755793628,0.27945852207113425,-0.0004245605933134895,0.0015085513302223912,0.17376465772985364,-0.22492290104599852,0.0,-0.2699656764443417,False,0.0,0.0,-0.006137003691509641,-0.04152806089172582,0.18420761995138657,0.18024684370521019,1.67,-4.16,-0.04295902584056748,-0.2906964262420807,0.033826004598872035,-0.22889482381266196,
1791390706.3916621,balance,0.0272448433286735,-0.02876178584117859,0.025320979364968018,0.2919643309901815,-0.0004153126334830899,0.0015085513302223912,0.17384130654245197,-0.23606872354032526,0.0,-0.27230203730426467,False,0.0,0.0,-0.004845179311046292,-0.042589059282145014,0.18441020567926045,0.18024684370521019,1.6,-4.24,-0.033916255177324044,-0.2981234149750151,0.02670571273805043,-0.23474284643701976,
1791390706.40163,balance,0.030183574289906357,-0.030045524423102293,0.028268950134541584,0.3380180629356387,-0.0004060728251423819,0.0015085513302223912,0.1739179553699049,-0.24532881968582856,0.0,-0.27473516466430314,False,0.0,0.0,0.0014884921345736134,-0.04069302224751401,0.18461279140713438,0.18024684370521019,1.42,-4.2700000000000005,0.010419444942015294,-0.28485115573259806,-0.008204287355917553,-0.22429224860834493,
1791390706.4116442,balance,0.03362487060265391,-0.031572520187018144,0.03171947347908035,0.41266729966385735,-0.0003968457933511693,0.0015085513302223912,0.17399460628958255,-0.2586622718667052,0.0,-0.27730101316053873,False,0.0,0.0,0.01087307229615227,-0.03684699713103598,0.1848152533120094,0.18024684370521019,1.22,-4.32,0.0761115060730659,-0.25792897991725183,-0.05993031974257157,-0.20309368497421404,
1791390706.4216666,balance,0.03757786179986718,-0.033238807729922146,0.03567676546711987,0.4727256807189225,-0.00039254500252492233,0.0015085513302223912,0.17407120615463406,-0.26575839574910254,0.0,-0.27994987494523105,False,0.0,0.0,0.021381937821231996,-0.03104535994257188,0.18522011670160535,0.18004324671175093,1.02,-4.28,0.14967356474862398,-0.21731751959800316,-0.1178532005894677,-0.171116157163782,
1791390706.4316828,balance,0.04201403689594875,-0.03446981967648894,0.04012192626892931,0.4928007299095042,-0.0003835592967970543,0.0015085513302223912,0.17414795901691899,-0.2145760160872264,0.0,-0.28222766598945553,False,0.0,0.0,0.038830608502785975,-0.01646773903604164,0.18542246149501598,0.18004324671175093,0.9500000000000001,-4.41,0.27181425951950183,-0.11527417325229149,-0.21402697599960774,-0.09076706555298542,
1791390706.441651,balance,0.046498707442611906,-0.03533347547750817,0.04460659681559247,0.4778712213991037,-0.0003835592967970543,0.0015085513302223912,0.17414795901691899,-0.17458736001272962,0.0,-0.28407707442875824,False,0.0,0.0,0.05503962730790714,-0.002065221558290056,0.18542246149501598,0.18004324671175093,0.9500000000000001,-4.46,0.38527739115535,-0.014456550908030392,-0.30336802453177164,-0.011383110951205033,
1791390706.4516475,balance,0.0505211214059364,-0.03634258301685004,0.048615334299557236,0.44453187537431,-0.0003972357761567735,0.0015085513302223912,0.17407105316795554,-0.1366633537167975,0.0,-0.2855531812532379,False,0.0,0.0,0.06790715946621338,0.008494421898555182,0.18542246149501598,0.1798395814646299,0.87,-4.61,0.47535011626349366,0.05946095328988627,-0.37429143012873517,0.04681964825975297,
1791390706.461661,balance,0.054236248406852754,-0.03688645232220491,0.05231600042631358,0.37983233320339854,-0.0004116966503167792,0.0015085513302223912,0.17399406632602343,-0.12932003814233042,0.0,-0.28680097880125116,False,0.0,0.0,0.07638969614129458,0.012348009088812792,0.18542246149501598,0.17963591621750888,0.99,-4.78,0.5347278729890621,0.08643606362168954,-0.4210455692827261,0.06805989261550358,
1791390706.4716647,balance,0.05645128198304857,-0.03737371035082976,0.05449136883378307,0.20003160037082252,-0.00045136181904311193,0.0015085513302223912,0.17376316416658594,-0.07594051081473295,0.0,-0.28768309662532676,False,0.0,0.0,0.07750046795323819,0.009189135198750295,0.18522011670160535,0.1792283200523417,0.98,-4.9,0.5425032756726673,0.06432394639125207,-0.42716793360052546,0.05064877668602525,
1791390706.4816425,balance,0.056777639688399724,-0.03797050620273538,0.054802376584104785,0.01595791802794267,-0.0004667117740725507,0.0015085513302223912,0.17368608955730788,-0.07878709553510194,0.0,-0.28847537056216194,False,0.0,0.0,0.06600572238868418,-0.004393542361597381,0.18522011670160535,0.17902448066283094,1.11,-5.03,0.4620400567207893,-0.030754796531181666,-0.36381106828408605,-0.024216375221402887,
1791390706.4916646,balance,0.05535027474764467,-0.03792543147627539,0.053375011643349735,-0.12244450976045088,-0.0004667117740725507,0.0015085513302223912,0.17368608955730788,-0.07324906176297336,0.0,-0.28922751723951884,False,0.0,0.0,0.05161504018404225,-0.020777591518663936,0.18522011670160535,0.17902448066283094,1.09,-5.09,0.36130528128829575,-0.14544314063064756,-0.284492347471099,-0.11452215797688785,
1791390706.5017087,balance,0.05300769564284067,-0.03731549693400806,0.05100801176790444,-0.213975717782306,-0.0004911325447138383,0.0015085513302223912,0.17353226228126203,-0.06663765634755331,0.0,-0.28991113154452514,False,0.0,0.0,0.03956059927507629,-0.03248238485196578,0.18501771391452992,0.1788205744867898,1.1400000000000001,-5.22,0.27692419492553405,-0.22737669396376045,-0.21805054718545988,-0.17903676690059878,
1791390706.511644,balance,0.05071094862348284,-0.036488772300375526,0.04871126474854662,-0.11449897715217063,-0.0004911325447138383,0.0015085513302223912,0.17353226228126203,-0.057124221506769116,0.0,-0.2905092805692096,False,0.0,0.0,0.037358018094824336,-0.031072556479032683,0.18501771391452992,0.1788205744867898,1.16,-5.09,0.2615061266637704,-0.2175078953532288,-0.2059103359557247,-0.171266059333251,
1791390706.5216515,balance,0.0496262826609796,-0.03584536588667033,0.04764197318366852,-0.0066692143695091825,-0.0004757581470886882,0.0015085513302223912,0.17360933682542776,-0.05065237489777649,0.0,-0.291033788501876,False,0.0,0.0,0.042155947623784176,-0.019115555102097205,0.18501771391452992,0.17902448066283094,1.17,-5.03,0.29509163336648925,-0.13380888571468044,-0.23235561682400727,-0.10536132733439404,
1791390706.5317082,balance,0.04944114573230867,-0.03487778980659175,0.04747219700762893,0.03896443244995773,-0.00046039739445734654,0.0015085513302223912,0.1736864114105935,-0.04230348534323882,0.0,-0.291468875848936,False,0.0,0.0,0.04722400136675112,-0.0076399405877371875,0.18501771391452992,0.1792283200523417,1.17,-4.86,0.33056800956725785,-0.05347958411416031,-0.26028977131280145,-0.04210990875130733,
1791390706.5416992,balance,0.04924836223758581,-0.033597441525963744,0.04722381849773545,-0.019986414475402496,-0.0004450502686699255,0.0015794934711804314,0.17376348603670458,-0.03870745234586129,0.0,-0.29186050504623146,False,0.0,0.0,0.04636713172220147,-0.005808541246197899,0.18501771391452992,0.1794321506082759,1.1400000000000001,-4.76,0.3245699220554103,-0.0406597887233853,-0.2555668677601656,-0.03201558167195693,
1791390706.551647,balance,0.04796837548991115,-0.03215229516215421,0.045943831750060796,-0.12352585842222674,-0.0004450502686699255,0.0015794934711804314,0.17376348603670458,-0.034732345265496824,0.0,-0.29221825381810956,False,0.0,0.0,0.037226732031396946,-0.013257156885738657,0.18501771391452992,0.1794321506082759,1.21,-4.62,0.26058712421977864,-0.0928000982001706,-0.20518671198407767,-0.07307094346470126,
1791390706.5617275,balance,0.04590028710890656,-0.030503577397951977,0.04382524027078827,-0.2095261200727475,-0.00042971675160868514,0.0016453300865096076,0.17384056070370668,-0.03337146924427194,0.0,-0.29254778763193706,False,0.0,0.0,0.027365160981757997,-0.02306121695910219,0.18501771391452992,0.17963591621750888,1.24,-4.57,0.19155612687230597,-0.16142851871371533,-0.15083159596244564,-0.12710906985331916,
1791390706.5717163,balance,0.043452027653278436,-0.028914291222401453,0.04131273021995841,-0.2046264013384615,-0.00042971675160868514,0.0017095806817113356,0.17384056070370668,-0.03723470317415285,0.0,-0.2929024855746958,False,0.0,0.0,0.01936159540868699,-0.02878293824491455,0.18501771391452992,0.17963591621750888,1.29,-4.61,0.13553116786080893,-0.20148056771440187,-0.10671745500851097,-0.15864611631055264,
1791390706.581651,balance,0.04128685158620674,-0.02742168215366426,0.039153024166738944,-0.15169436821211882,-0.0004242467377564667,0.0017095806817113356,0.17384079468763255,-0.04574160382971199,0.0,-0.29333826178445677,False,0.0,0.0,0.014306493413067977,-0.02908912180629293,0.1848152533120094,0.1798395814646299,1.37,-4.49,0.10014545389147585,-0.20362385264405053,-0.07885468810352429,-0.16033374223940985,
1791390706.591602,balance,0.040333734613285155,-0.02592859827179178,0.038132740011849124,-0.048027095600980715,-0.00043349402419426766,0.0017675005772417656,0.17376414381198121,-0.048038726863189635,0.0,-0.29380637235053086,False,0.0,0.0,0.01820894398647901,-0.021415435161475198,0.18461279140713438,0.1798395814646299,1.52,-4.45,0.12746260790535308,-0.14990804613032638,-0.10036425819319139,-0.11803783159868218,
1791390706.6017027,balance,0.039644837378672415,-0.02428025434306511,0.037457559442213136,-0.04571863021149962,-0.00041977735921750955,0.0017675005772417656,0.1738410495746037,-0.058386314562301735,0.0,-0.29435941902038326,False,0.0,0.0,0.017906630632931183,-0.02043284283432509,0.18461279140713438,0.18004324671175093,1.55,-4.24,0.12534641443051828,-0.14302989984027564,-0.09869796411851833,-0.11262196837816979,
1791390706.6116726,balance,0.03879296267919977,-0.02235385845264114,0.03661014946847491,-0.061729194302349515,-0.0004153126334830899,0.0017675005772417656,0.17384130654245197,-0.06294228230488685,0.0,-0.29497735253943175,False,0.0,0.0,0.016808966697792405,-0.024752376086391765,0.18441020567926045,0.18024684370521019,1.61,-4.14,0.11766276688454684,-0.17326663260474234,-0.09264784794058806,-0.13643041937381287,
1791390706.6216562,balance,0.038031378941470156,-0.020714173520471803,0.035862268270290924,-0.05077665873605132,-0.00040161009393746214,0.0017675005772417656,0.17391821234838917,-0.06978517266893308,0.0,-0.29565292326075,False,0.0,0.0,0.0175042689922557,-0.028939059715273743,0.18441020567926045,0.1804504333266811,1.61,-4.16,0.12252988294578991,-0.2025734180069162,-0.09648022279196056,-0.15950662835190252,
1791390706.6317158,balance,0.0375246599415858,-0.019209666092277713,0.035355549270406565,-0.007444193562591037,-0.00040161009393746214,0.0017675005772417656,0.17391821234838917,-0.0780412710412742,0.0,-0.2964139716598292,False,0.0,0.0,0.01935876943869577,-0.031056946709063074,0.18441020567926045,0.1804504333266811,1.59,-4.0200000000000005,0.13551138607087038,-0.21739862696344153,-0.10670187879596092,-0.17118002123105633,
1791390706.6416473,balance,0.037408220648038,-0.018122690060436448,0.03525280040336257,0.03937502672298385,-0.00038791966743365394,0.0017675005772417656,0.17399511818695232,-0.08403639654939475,0.0,-0.2972437134857574,False,0.0,0.0,0.022047943468780095,-0.03015214443325832,0.18441020567926045,0.1806539548074597,1.6300000000000001,-3.91,0.15433560428146068,-0.21106501103280825,-0.12152409785941785,-0.16619292207307737,
1791390706.6516485,balance,0.03792008135141121,-0.01724044726563775,0.03576466110673578,0.11865969664790257,-0.00038791966743365394,0.0017675005772417656,0.17399511818695232,-0.09131705187725928,0.0,-0.29813505764442005,False,0.0,0.0,0.026752486695365087,-0.024937304414948687,0.18441020567926045,0.1806539548074597,1.61,-3.93,0.1872674068675556,-0.17456113090464082,-0.14745465107681544,-0.13744970937373294,
1791390706.6617353,balance,0.03918785182699953,-0.01637328743671932,0.03703646934565782,0.1691985231833225,-0.0003838819040999468,0.0017675005772417656,0.17399541003627852,-0.09799786975937262,0.0,-0.29910375882687484,False,0.0,0.0,0.032452258829513976,-0.019206689476380077,0.18420761995138657,0.1808573791256606,1.6300000000000001,-3.8200000000000003,0.22716581180659784,-0.13444682633466054,-0.17887071795795106,-0.10586364278319728,
1791390706.6716528,balance,0.040821497773800834,-0.015628587483196576,0.038670115292459124,0.20428216430250515,-0.0003838819040999468,0.0017675005772417656,0.17399541003627852,-0.10093635458862646,0.0,-0.3,False,0.0,0.0,0.0375761546059539,-0.014296120439061347,0.18420761995138657,0.1808573791256606,1.76,-3.86,0.2630330822416773,-0.10007284307342942,-0.20711266318242308,-0.07879751423104679,
1791390706.681648,balance,0.042706041999417556,-0.015274454260777719,0.040554659518075846,0.2058213416212679,-0.0003838819040999468,0.0017675005772417656,0.17399541003627852,-0.10402941981185419,0.0,-0.3,False,0.0,0.0,0.04130707907426048,-0.011019493158814323,0.18420761995138657,0.1808573791256606,1.79,-3.83,0.2891495535198234,-0.07713645211170025,-0.22767681379513655,-0.060737363867480514,
1791390706.6917114,balance,0.04473619470869024,-0.015273794105497425,0.04257558631385484,0.23532550429813773,-0.0003931078175936388,0.0017675005772417656,0.17391876117318103,-0.10163064914060549,0.0,-0.3,False,0.0,0.0,0.045900999967508814,-0.006797801262467868,0.1840049739935406,0.1808573791256606,1.81,-3.87,0.3213069997725617,-0.047584608837275076,-0.2529976376161903,-0.03746819593486227,
1791390706.7016735,balance,0.046852395208464404,-0.015212059099639928,0.044691786813629,0.23309948220816656,-0.0003931078175936388,0.0017675005772417656,0.17391876117318103,-0.09504171645391467,0.0,-0.3,False,0.0,0.0,0.05028577750397986,-0.0021945873836994216,0.1840049739935406,0.1808573791256606,1.87,-3.88,0.352000442527859,-0.015362111685895952,-0.27716570277784175,-0.012096150933776341,
1791390706.7116404,balance,0.0487899500040264,-0.015430737119234076,0.046629341609191,0.19044828416859083,-0.0003931078175936388,0.0017675005772417656,0.17391876117318103,-0.08972349083651776,0.0,-0.3,False,0.0,0.0,0.05150217690632655,0.0004531552381575433,0.1840049739935406,0.1808573791256606,1.86,-3.89,0.3605152383442859,0.003172086667102803,-0.28387026641282354,0.0024977060370888213,
1791390706.721573,balance,0.050438646855549454,-0.01600156490591713,0.0482647630566952,0.15888452848310747,-0.00040638322161248505,0.0017675005772417656,0.17384182048854435,-0.07922007794154451,0.0,-0.3,False,0.0,0.0,0.051332963264982184,0.0034863832772695034,0.1840049739935406,0.1806539548074597,1.86,-4.0200000000000005,0.3593307428548753,0.024404682940886525,-0.2829375927991144,0.01921628578022561,
1791390706.7316425,balance,0.05175478005378529,-0.017101571007624772,0.04959013210062279,0.152335745518293,-0.000397147375920736,0.0017675005772417656,0.1739184693303372,-0.0657601947199665,0.0,-0.3,False,0.0,0.0,0.05197139710242154,0.007260197087524434,0.18420761995138657,0.1806539548074597,1.84,-4.0200000000000005,0.36379977971695077,0.05082137961267104,-0.28645651946216594,0.040016834340685856,
1791390706.7416677,balance,0.05281116719077545,-0.017982089057819287,0.050632818692585645,0.09184908714610276,-0.00041084792094804243,0.0017675005772417656,0.17384156351376553,-0.052284528572978946,0.0,-0.3,False,0.0,0.0,0.05172836834121892,0.00974510326864909,0.18420761995138657,0.1804504333266811,1.75,-4.11,0.36209857838853243,0.06821572288054363,-0.2851169908571122,0.0537131676224753,
1791390706.7516515,balance,0.053392161228659515,-0.018828190669536934,0.05120010005810426,0.05821620559904564,-0.0004245605933134895,0.0017675005772417656,0.17376465772985364,-0.03494957981832289,0.0,-0.3,False,0.0,0.0,0.05099743002489732,0.011484037173399794,0.18420761995138657,0.18024684370521019,1.73,-4.21,0.3569820101742812,0.08038826021379855,-0.281088196987623,0.06329784268803035,
1791390706.7615948,balance,0.053144844677084496,-0.020045958775408754,0.050952783506529244,-0.03963745905765912,-0.0004245605933134895,0.0017675005772417656,0.17376465772985364,-0.017704504282172497,0.0,-0.3,False,0.0,0.0,0.046625612322484175,0.00876435965554827,0.18420761995138657,0.18024684370521019,1.67,-4.34,0.3263792862573892,0.06135051758883789,-0.25699156398219625,0.04830749416443928,
1791390706.7716856,balance,0.05197406286438402,-0.02152246907726375,0.04976827687802106,-0.15394432561825236,-0.00043828540912119185,0.0017675005772417656,0.17368775197864497,-0.0025750752240291967,0.0,-0.3,False,0.0,0.0,0.03813322439324762,0.0030579506612349217,0.18420761995138657,0.18004324671175093,1.68,-4.51,0.26693257075273336,0.021405654628644452,-0.2101831265769554,0.01685484616428697,
1791390706.7816384,balance,0.04987262494832212,-0.022874166446958267,0.04766237025503985,-0.20902827240938004,-0.0004427541160404967,0.0017675005772417656,0.17368749502862868,0.006197593217227364,0.0,-0.29996174996143066,False,0.0,0.0,0.029227242725679673,-0.00326076263226961,0.18441020567926045,0.1798395814646299,1.56,-4.4,0.20459069907975772,-0.02282533842588727,-0.1610950386454785,-0.01797270742195848,
1791390706.7917075,balance,0.04778896091051452,-0.024210779843665264,0.045578706217232264,-0.176715620448687,-0.0004427541160404967,0.0017675005772417656,0.17368749502862868,0.019308433248956827,0.0,-0.29980212096082287,False,0.0,0.0,0.028133018152880534,-0.0026881237020942436,0.18441020567926045,0.1798395814646299,1.53,-4.5200000000000005,0.19693112707016375,-0.018816865914659704,-0.1550638795828061,-0.014816429854062759,
1791390706.8016605,balance,0.045851878068388835,-0.025367150385582963,0.043650883466952804,-0.1935280395918571,-0.00043349402419426766,0.0017675005772417656,0.17376414381198121,0.03447120738162487,0.0,-0.29949578410348743,False,0.0,0.0,0.028456013539885364,-0.0020927571899399845,0.18461279140713438,0.1798395814646299,1.3900000000000001,-4.51,0.19919209477919755,-0.014649300329579892,-0.1568441691174784,-0.011534882149275505,
1791390706.8116505,balance,0.04334953759381542,-0.026324024598511575,0.04113404049405215,-0.25579608758755945,-0.00044799652252150435,0.0017675005772417656,0.1736871570614019,0.04221503233731454,0.0,-0.2990905565185971,False,0.0,0.0,0.024075058510675876,-0.006431492794681082,0.18461279140713438,0.17963591621750888,1.4000000000000001,-4.66,0.16852540957473114,-0.04502044956276757,-0.1326971728934891,-0.03544917288406895,
1791390706.8216038,balance,0.0402991615632084,-0.027076212049378868,0.038032959852509846,-0.30794176710284205,-0.0004387387416793023,0.0018274629690192474,0.1737638079137452,0.04532591420700234,0.0,-0.298651364925119,False,0.0,0.0,0.016238045479076223,-0.014042743079517602,0.1848152533120094,0.17963591621750888,1.35,-4.61,0.11366631835353355,-0.09829920155662322,-0.08950103807364847,-0.07740094610757733,
1791390706.8316793,balance,0.03708875111116644,-0.027651569651766537,0.03482254940046789,-0.27051233832064214,-0.0004387387416793023,0.0018274629690192474,0.1737638079137452,0.048808004862173834,0.0,-0.2981793448534514,False,0.0,0.0,0.012921885999436635,-0.01749185464940993,0.1848152533120094,0.17963591621750888,1.32,-4.62,0.09045320199605644,-0.12244298254586951,-0.07122299369768224,-0.09641179728021221,
1791390706.8416874,balance,0.03421748337206121,-0.02809745584810709,0.03185294281529305,-0.25679649911815183,-0.0004387387416793023,0.001925801815088856,0.1737638079137452,0.046387354545124486,0.0,-0.2977096390892605,False,0.0,0.0,0.010991422325986225,-0.019897990530725582,0.1848152533120094,0.17963591621750888,1.33,-4.63,0.07693995628190357,-0.13928593371507908,-0.06058264274165635,-0.10967396355518037,
1791390706.851652,balance,0.0318054768802098,-0.028370384351027435,0.029394709647085016,-0.19584495346187525,-0.0004387387416793023,0.001972028491445483,0.1737638079137452,0.04333084399372799,0.0,-0.2972677993900318,False,0.0,0.0,0.012400297480102481,-0.019514343045748467,0.1848152533120094,0.17963591621750888,1.31,-4.67,0.08680208236071738,-0.13660040132023926,-0.06834809634702155,-0.10755937111829864,
1791390706.8616836,balance,0.029728443008115595,-0.02857320894162941,0.027233961619199203,-0.1744819244828067,-0.0004387387416793023,0.0020557426472370905,0.1737638079137452,0.041615007454656065,0.0,-0.2968475919842048,False,0.0,0.0,0.012296781366491524,-0.019925204599573677,0.1848152533120094,0.17963591621750888,1.34,-4.63,0.08607746956544067,-0.13947643219701575,-0.06777753509089816,-0.10982396235985492,
1791390706.8716452,balance,0.027846238200030658,-0.02849603544386055,0.025274066998895842,-0.1704706477280683,-0.0004387387416793023,0.0021334324594555138,0.1737638079137452,0.040568832127273684,0.0,-0.2964350570198507,False,0.0,0.0,0.010838593999109298,-0.020537578256125223,0.1848152533120094,0.17963591621750888,1.36,-4.64,0.07587015799376508,-0.14376304779287655,-0.05974028188485439,-0.11319925023061145,
1791390706.8816347,balance,0.025869045974895175,-0.028178990907754758,0.02329687477376036,-0.17308572589959642,-0.0004387387416793023,0.0021334324594555138,0.1737638079137452,0.030946446415232958,0.0,-0.29610567841620483,False,0.0,0.0,0.005835571407754899,-0.023776830052294768,0.1848152533120094,0.17963591621750888,1.37,-4.62,0.04084899985428429,-0.16643781036606337,-0.03216456681439708,-0.13105339398902627,
1791390706.891649,balance,0.02423943344942617,-0.027777442981035554,0.021667262248291356,-0.1223566253199116,-0.0004387387416793023,0.0021334324594555138,0.1737638079137452,0.021762012449438664,0.0,-0.29586413566208863,False,0.0,0.0,0.0040159009026135535,-0.02384912926116468,0.1848152533120094,0.17963591621750888,1.35,-4.62,0.028111306318294876,-0.16694390482815277,-0.022134886864799114,-0.13145189356547463,
1791390706.9016328,balance,0.023330868049930505,-0.027296340803282713,0.020749439067953488,-0.03014773014295871,-0.00044799652252150435,0.0021334324594555138,0.1736871570614019,0.012152420881716544,0.0,-0.29572049297784353,False,0.0,0.0,0.007341313671476852,-0.02086823368957637,0.18461279140713438,0.17963591621750888,1.37,-4.6000000000000005,0.05138919570033797,-0.1460776358270346,-0.04046393362231336,-0.11502176049372802,
1791390706.9116442,balance,0.02318485475903222,-0.026641429296437705,0.020603425777055203,0.04016878174555222,-0.00044799652252150435,0.0021334324594555138,0.1736871570614019,0.001453850906558719,0.0,-0.2956799622849288,False,0.0,0.0,0.013376115525934136,-0.01795498082701331,0.18461279140713438,0.17963591621750888,1.48,-4.5600000000000005,0.09363280868153895,-0.1256848657890932,-0.07372662100908578,-0.09896446125125448,
1791390706.9215686,balance,0.02353850784841229,-0.02576663221968261,0.020940123992715363,0.0708125316711698,-0.00043349402419426766,0.0021648898315026577,0.17376414381198121,-0.002822019011176831,0.0,-0.29570135212684473,False,0.0,0.0,0.01889915788713625,-0.016748148506082965,0.18461279140713438,0.1798395814646299,1.5,-4.42,0.13229410520995374,-0.11723703954258075,-0.10416858677949113,-0.0923126295610872,
1791390706.9317055,balance,0.023851814460399016,-0.024834246276628526,0.02122173873931008,0.03711794261075399,-0.00043349402419426766,0.0021965816968946695,0.17376414381198121,-0.008079050403008006,0.0,-0.29575368375726685,False,0.0,0.0,0.02001038549105678,-0.018874149576148535,0.18461279140713438,0.1798395814646299,1.49,-4.49,0.14007269843739747,-0.13211904703303975,-0.11029346333653345,-0.10403074569530689,
1791390706.9416554,balance,0.023848392868291268,-0.02384499487156755,0.02121831714720233,0.025728460841796266,-0.00043349402419426766,0.0021965816968946695,0.17376414381198121,-0.016438217403919184,0.0,-0.2959035412164085,False,0.0,0.0,0.01660609510420255,-0.022947883700194138,0.18461279140713438,0.1798395814646299,1.53,-4.46,0.11624266572941785,-0.16063518590135897,-0.09152965805465972,-0.12648439834752676,
1791390706.9516482,balance,0.0240935602020714,-0.02272949435896819,0.021403915625463968,0.06265195207809782,-0.00042902730214860324,0.002260617274458831,0.17376440076918398,-0.01817850512479226,0.0,-0.2960809221070334,False,0.0,0.0,0.017410534541598376,-0.021571797586373374,0.18441020567926045,0.18004324671175093,1.67,-4.42,0.12187374179118862,-0.15100258310461362,-0.09596357621353435,-0.11889967173591623,
1791390706.9617023,balance,0.02463502597924473,-0.021621745258989043,0.021936123295664706,0.08711301937134426,-0.00043828540912119185,0.002260617274458831,0.17368775197864497,-0.024144537595128496,0.0,-0.29630382704310304,False,0.0,0.0,0.019919228122300226,-0.020502281019790757,0.18420761995138657,0.18004324671175093,1.69,-4.32,0.13943459685610157,-0.1435159671385353,-0.10979102114653667,-0.11300469853427976,
1791390706.9716432,balance,0.025456047609747363,-0.020393716885950795,0.022723009208778087,0.1301420246525316,-0.00043828540912119185,0.002294752991848082,0.17368775197864497,-0.02883402367393233,0.0,-0.29658470433945333,False,0.0,0.0,0.025263865405855276,-0.019702634473345842,0.18420761995138657,0.18004324671175093,1.8,-4.37,0.17684705784098692,-0.1379184413134209,-0.1392496518432968,-0.10859719788458339,
1791390706.9816477,balance,0.026640995526545717,-0.01918371164030151,0.02382813931550537,0.15819952933770842,-0.00044755169094688393,0.002365304520093464,0.17361110320300627,-0.02953431732652913,0.0,-0.2968776022007759,False,0.0,0.0,0.032339318468744264,-0.019123876162974972,0.1840049739935406,0.18004324671175093,1.8800000000000001,-4.29,0.22637522928120984,-0.1338671331408248,-0.1782482120324487,-0.10540719144946833,
1791390706.9916415,balance,0.028082673741681226,-0.018068872716701892,0.025246941240786868,0.1545425632088327,-0.00043381671542376543,0.002401915785470593,0.17368800893212963,-0.032080246480775634,0.0,-0.2971826360487308,False,0.0,0.0,0.03870618606757232,-0.019714074105880164,0.1840049739935406,0.18024684370521019,1.8900000000000001,-4.19,0.27094330247300624,-0.13799851874116115,-0.21334118304961122,-0.10866025097729225,
1791390707.0016735,balance,0.029251554849293124,-0.01726257577622483,0.026337666908370264,0.15440070240649234,-0.00043381671542376543,0.002480071225499096,0.17368800893212963,-0.03254802894041473,0.0,-0.2975100651858687,False,0.0,0.0,0.041567683561481376,-0.02117789607735384,0.1840049739935406,0.18024684370521019,1.8800000000000001,-4.24,0.29097378493036963,-0.14824527254147687,-0.229113216480606,-0.116728561056281,
1791390707.0116398,balance,0.0305642960667003,-0.016484345543597994,0.027610108458658425,0.15697766454389148,-0.00043381671542376543,0.002520370892618107,0.17368800893212963,-0.03236031076135298,0.0,-0.2978414624290047,False,0.0,0.0,0.04382901255873471,-0.020196930601283178,0.1840049739935406,0.18024684370521019,1.8800000000000001,-4.17,0.30680308791114297,-0.14137851420898223,-0.24157723457570313,-0.11132166473148207,
1791390707.021695,balance,0.03225353975085541,-0.015843266156926977,0.029313074960548247,0.21693270791465072,-0.00042009389768905836,0.002520370892618107,0.17376491469399014,-0.025458004139614174,0.0,-0.2981131870417648,False,0.0,0.0,0.049573784382526305,-0.01275270234486321,0.1840049739935406,0.1804504333266811,1.8900000000000001,-4.15,0.34701649067768414,-0.08926891641404247,-0.27324133124227096,-0.07029048536538778,
1791390707.0316486,balance,0.03418733726400777,-0.015030642329991684,0.03124687247370061,0.2092690443549181,-0.00042009389768905836,0.002520370892618107,0.17376491469399014,-0.017960838546420537,0.0,-0.29830907548912466,False,0.0,0.0,0.05404646553938305,-0.0062601216099488965,0.1840049739935406,0.1804504333266811,1.8900000000000001,-4.05,0.37832525877568135,-0.043820851269642275,-0.2978939045477806,-0.03450460729893092,
1791390707.0416403,balance,0.03624297540499031,-0.014245661481250105,0.033302510614683145,0.23864220205490755,-0.00042009389768905836,0.002520370892618107,0.17376491469399014,-0.004585551903764111,0.0,-0.29838862859354726,False,0.0,0.0,0.06046947035132606,0.0011732921069416828,0.1840049739935406,0.1804504333266811,1.9000000000000001,-4.05,0.42328629245928245,0.00821304474859178,-0.3332962932750255,0.006466964368969905,
1791390707.0516415,balance,0.038275103515913005,-0.013153242343853157,0.03533910540801949,0.20262157245606016,-0.00041562721527541036,0.002520370892618107,0.1737651716615935,0.008502321687195865,0.0,-0.2983335336995238,False,0.0,0.0,0.06433186998988644,0.006773160114016163,0.18380227246209999,0.1806539548074597,2.02,-3.9,0.45032308992920506,0.04741212079811314,-0.3545851101804764,0.03733237858119145,
1791390707.061656,balance,0.039812212262088795,-0.01170397983467056,0.03687621415419528,0.12322136220724973,-0.00041562721527541036,0.002520370892618107,0.1737651716615935,0.02900138856015971,0.0,-0.2980979917800636,False,0.0,0.0,0.06433863204764882,0.00901518100936112,0.18380227246209999,0.1806539548074597,2.07,-3.93,0.45037042433354174,0.06310626706552784,-0.35462238136499347,0.04968997406734475,
1791390707.0717225,balance,0.04025980667882667,-0.010056780100908295,0.03732666078014311,-0.0002809359082423426,-0.0004127750060654613,0.002520370892618107,0.17376530453348185,0.05332553825485445,0.0,-0.29762980694548974,False,0.0,0.0,0.05876991205961835,0.007414724870113326,0.1835995660144428,0.1808573791256606,2.23,-3.83,0.4113893844173285,0.05190307409079328,-0.32392864914750275,0.04086856227621518,
1791390707.0816386,balance,0.03956355610434369,-0.008534749230482232,0.03661994330232666,-0.10144090319767672,-0.0004232419093989255,0.002520370892618107,0.17368849348756754,0.07555119903960152,0.0,-0.2969215159021643,False,0.0,0.0,0.050230012255470045,0.0047105387430935374,0.18339669919636176,0.1808573791256606,2.34,-3.84,0.35161008578829034,0.03297377120165476,-0.2768583352663703,0.0259635993713817,
1791390707.0916448,balance,0.03844710985779336,-0.007195444169762442,0.03549302089069637,-0.09352481568402449,-0.00043371807447887753,0.002520370892618107,0.17361168246069866,0.0937829108894692,0.0,-0.2960298306484562,False,0.0,0.0,0.04687728694510044,0.006651046086270686,0.18319383237828066,0.1808573791256606,2.4,-3.8000000000000003,0.32814100861570306,0.0465573226038948,-0.2583787469414985,0.03665930913692504,
1791390707.1016557,balance,0.03784744196890157,-0.0054329045408837845,0.034895792198063054,-0.0022063848204319403,-0.0004312788782204133,0.002520370892618107,0.1736118442059402,0.11095459598199064,0.0,-0.29496492824903703,False,0.0,0.0,0.05364349119836489,0.015449155188188356,0.18299090309463303,0.18106080344386152,2.56,-3.61,0.37550443838855424,0.10814408631731849,-0.29567278613271986,0.08515282387190433,
1791390707.1116467,balance,0.03801801097941527,-0.0030458719717624335,0.03506880040029027,0.031839409053059604,-0.0004288396865068933,0.002520370892618107,0.17361200595221468,0.12947781059617364,0.0,-0.2937245086599721,False,0.0,0.0,0.06424872341257198,0.02387371346755035,0.18278792047945228,0.1812641580410549,2.63,-3.48,0.4497410638880039,0.16711599427285245,-0.3541268219590582,0.13158739706523814,
1791390707.121609,balance,0.03830716609477342,-0.0005192760057745516,0.03537086760255432,0.011024061746669032,-0.0004159275996009938,0.002520370892618107,0.173688978739698,0.14824790314923214,0.0,-0.29228530646483075,False,0.0,0.0,0.07173138052178352,0.02833105209144385,0.18278792047945228,0.18146750672806256,2.7600000000000002,-3.5300000000000002,0.5021196636524846,0.19831736464010696,-0.3953698138995942,0.1561554052284307,
1791390707.1316438,balance,0.03757262952088108,0.0016746140483778294,0.03462465363379003,-0.14009123323978176,-0.0004276049944729361,0.002520370892618107,0.17361212889528413,0.16137936202296005,0.0,-0.2906957238559876,False,0.0,0.0,0.06618479313461213,0.021748517696700664,0.18258493369347872,0.18146750672806256,2.91,-3.41,0.46329355194228494,0.15223962387690465,-0.36479807239549994,0.1198737195881139,
1791390707.141672,balance,0.03623976187095531,0.003601186739092134,0.03329299561526384,-0.13202288416657942,-0.00042639536307336606,0.002520370892618107,0.17361225103131325,0.17479138161870217,0.0,-0.28899051335002585,False,0.0,0.0,0.06358612384566603,0.019557030281440266,0.18238186609667828,0.18167080140947076,2.92,-3.25,0.4451028669196622,0.13689921197008187,-0.35047469836193873,0.10779465509455265,
1791390707.1516395,balance,0.03500431532214435,0.005751249252571563,0.03206983135680081,-0.11106272750499378,-0.0004141130727254305,0.002520370892618107,0.17368916031508277,0.19604986150110754,0.0,-0.28708507043480436,False,0.0,0.0,0.06674719031367199,0.022546898056287477,0.18238186609667828,0.1818740249535716,3.0,-3.21,0.4672303321957039,0.15782828639401233,-0.367897899366696,0.12427424125512782,
1791390707.1615849,balance,0.03385824877882481,0.008010037345147608,0.030923764813481282,-0.15792022757629312,-0.00041411307272542705,0.002520370892618107,0.1736891603150828,0.21869906332790826,0.0,-0.28494477875690594,False,0.0,0.0,0.06983909628714172,0.024091213027012483,0.1821787984998778,0.18207724849767246,3.1,-3.08,0.48887367400999204,0.16863849118908739,-0.3849399007952693,0.13278621353471448,
1791390707.1716623,balance,0.03246538437917145,0.010214682226425612,0.029542591701701586,-0.17031553070181749,-0.00040242178485176,0.002520370892618107,0.17376601099424624,0.2376756291705732,0.0,-0.28261128292343557,False,0.0,0.0,0.07184844559393794,0.025094759503051442,0.1821787984998778,0.18228032526567667,3.15,-2.96,0.5029391191575656,0.17566331652136008,-0.3960150544547761,0.13831757206406306,
1791390707.181641,balance,0.030661545280862953,0.012588217123852993,0.027738752603393077,-0.2049713760968955,-0.00040242178485176694,0.002520370892618107,0.1737660109942462,0.25721166115842037,0.0,-0.2800976918219632,False,0.0,0.0,0.07120986064252223,0.024457615916903045,0.18197564376362416,0.1824833928624771,3.2,-2.68,0.4984690244976556,0.17120331141832132,-0.3924952948800438,0.13480575702230024,
1791390707.191666,balance,0.028984649989899212,0.014988141415489464,0.026073538263570818,-0.14988764061889828,-0.00039074083371028537,0.002520370892618107,0.17384286169714008,0.27743707892596203,0.0,-0.27737851416369946,False,0.0,0.0,0.07555953394694663,0.029562338122085793,0.18197564376362416,0.18268642214220357,3.3000000000000003,-2.54,0.5289167376286265,0.20693636685460054,-0.41646987214852477,0.16294202114535475,
1791390707.201693,balance,0.02778766573619918,0.017605254431040714,0.024875915069847848,-0.1259986872362069,-0.00039137977373322405,0.002520370892618107,0.17384284108144715,0.3004904374986036,0.0,-0.2744301806611306,False,0.0,0.0,0.08192223385991465,0.03746778016834316,0.1817724202195233,0.1828894047573843,3.38,-2.42,0.5734556370194026,0.2622744611784021,-0.4515398716688209,0.20651532376252132,
1791390707.211637,balance,0.026606370461395117,0.020037141525701636,0.023702652666665998,-0.16483377588088183,-0.00038334690211101405,0.002520370892618107,0.17391949286282785,0.33282294059664713,0.0,-0.2711750627238799,False,0.0,0.0,0.08638205788749082,0.04335357013781295,0.1815691881139024,0.18329525876167316,3.45,-2.33,0.6046744052124358,0.30347499096469066,-0.47612157890742973,0.23895668579896903,
1791390707.2216637,balance,0.025059694874926663,0.022163331648790953,0.022155977080197543,-0.17452731833482868,-0.00038334690211101405,0.002520370892618107,0.17391949286282785,0.3598290448196562,0.0,-0.2676503299752644,False,0.0,0.0,0.08927897601566935,0.04716017889219526,0.1815691881139024,0.18329525876167316,3.5100000000000002,-2.24,0.6249528321096854,0.3301212522453668,-0.4920888441808547,0.25993799389398964,
1791390707.231638,balance,0.023416265445166402,0.024244746184435978,0.02051011281349112,-0.1977575242919913,-0.0003857817390571748,0.002520370892618107,0.17391933109728766,0.3953409347917913,0.0,-0.2637957352677569,False,0.0,0.0,0.09328853083617544,0.05129544354712725,0.18136583942689477,0.18349812557975423,3.6,-2.15,0.653019715853228,0.35906810482989077,-0.514188752640337,0.2827307912046384,
1791390707.241682,balance,0.021826633308935035,0.026357052996306564,0.018907599047494533,-0.1768294699318469,-0.00039866336882239325,0.002520370892618107,0.17384235824221247,0.44526929215504985,0.0,-0.2594856004236086,False,0.0,0.0,0.10239594155170731,0.06083515068094494,0.18116249073988713,0.18349812557975423,3.79,-2.19,0.7167715908619512,0.4258460547666146,-0.5643870794188592,0.3353118541469406,
1791390707.25164,balance,0.02005022123029548,0.02833526827657562,0.01711829392674049,-0.2146288994194402,-0.00041155641093688564,0.002520370892618107,0.17376538541600967,0.49719495533778507,0.0,-0.25464255110544504,False,0.0,0.0,0.11000382498034923,0.06994207798470674,0.18095909832971635,0.18349812557975423,4.0200000000000005,-2.17,0.7700267748624446,0.48959454589294715,-0.6063202951672793,0.3855075164511395,
1791390707.2616625,balance,0.01801301290100997,0.030642563784047457,0.01505446679985009,-0.2531771977327358,-0.0004381752085417731,0.002520370892618107,0.17361150551267243,0.5474640840015891,0.0,-0.24931487670537864,False,0.0,0.0,0.11582465685958672,0.0779210380593814,0.1805522351880966,0.18349812557975423,4.22,-2.2800000000000002,0.810772598017107,0.5454472664156698,-0.638403620485911,0.42948603654777145,
1791390707.2715905,balance,0.01537869268517612,0.03299233495870253,0.012392648473209892,-0.32314429310218684,-0.00046567331934812065,0.002520370892618107,0.17345769410804124,0.6130711451000704,0.0,-0.24335092211869533,False,0.0,0.0,0.1210096584896489,0.08556981914119165,0.1801450559451548,0.18349812557975423,4.47,-2.24,0.8470676094275422,0.5989887339883415,-0.666982369627986,0.47164467243176494,
1791390707.2816446,balance,0.012056349120455946,0.03528682186594307,0.009032227533011923,-0.3889592429788553,-0.0005037506948259163,0.002520370892618107,0.17322707193547462,0.6884603418415631,0.0,-0.2366766426429532,False,0.0,0.0,0.1274986865325497,0.09344232548498402,0.1797377558943685,0.18329525876167316,4.73,-2.39,0.8924908057278479,0.6540962783948882,-0.7027486659274392,0.5150364396810143,
1791390707.2916512,balance,0.00780648112538186,0.03727901771252922,0.004751537254393579,-0.5155779099669757,-0.0005345729783701736,0.002520370892618107,0.17307292648618258,0.7543931397962577,0.0,-0.22930899616754322,False,0.0,0.0,0.12969881485449017,0.09614707114215477,0.17933024238933284,0.18329525876167316,5.01,-2.46,0.9078917039814312,0.6730294979950834,-0.7148753574656939,0.5299444866103019,
1791390707.3016462,balance,0.0020022259673757054,0.03892459604228668,-0.0011203087496251332,-0.6907834212361181,-0.0006021638243827315,0.002520370892618107,0.17268808199090344,0.8357900650186894,0.8193083021523946,8.240881433147385e-05,False,0.0,0.0,0.04392478903677679,0.012225493643711501,0.17871862846041217,0.1828894047573843,5.28,-2.56,0.30747352325743754,0.0855784555059805,-0.24210513642317916,0.06738461063463032,
1791390707.3116946,balance,-0.005009865434272214,0.04067675708901678,-0.008177488393362442,-0.7728699652808625,-0.0006472520664721204,0.002520370892618107,0.17245700057279764,0.8962559310617924,0.0,0.004778210982474322,False,0.0,0.0,0.06580103358441974,0.037037001319912166,0.17831072035944173,0.18268642214220357,5.71,-2.75,0.4606072350909382,0.25925900923938516,-0.3626828622763293,0.20414095215699618,
1791390707.3216789,balance,-0.012874530258673937,0.0423462931657943,-0.016088035965747115,-0.7377147744102099,-0.0006931348144550709,0.002520370892618107,0.17222589787717796,0.8941304796659036,0.0,0.013747135139153134,False,0.0,0.0,0.11451375879585676,0.08862147296671188,0.1779026388146077,0.1824833928624771,5.61,-2.97,0.8015963115709973,0.6203503107669832,-0.6311781980873995,0.48846481162754585,
1791390707.3317087,balance,-0.016813906213036765,0.0436599755546732,-0.0199872580374637,-0.227378971508471,-0.0006529809318088255,0.002520370892618107,0.17245670383728753,0.9673057997332652,0.8534933968956524,0.0005690620141880642,False,0.0,0.0,0.020290171215202674,-0.005642295844055831,0.17810672918053203,0.1828894047573843,5.57,-2.32,0.1420311985064187,-0.039496070908390815,-0.11183558937513284,-0.03109926843180379,
1791390707.3416522,balance,-0.01890303578233803,0.044361659077521765,-0.0220106457770404,-0.38952002998913177,-0.000587239102084261,0.002520370892618107,0.1728413887121745,1.0162712919544639,0.8982775352834339,0.0005899687833551498,False,0.0,0.0,0.00020399586548397846,-0.02283839591072864,0.1785147115383514,0.18349812557975423,5.28,-2.15,0.0014279710583878491,-0.15986877137510047,-0.0011243866601479127,-0.1258809223425988,
1791390707.351657,balance,-0.025043772612173,0.04610873234602463,-0.02807381347118562,-0.6534789317461704,-0.0005096699663945138,0.002520370892618107,0.1733028488902946,0.9679768058727298,0.0,0.0049152435796109145,False,0.0,0.0,0.04349203243381242,0.028796327892001053,0.1791264118333987,0.18410631773933706,4.65,-1.61,0.30444422703668694,0.20157429524400738,-0.23971986380841492,0.15871991751496645,
1791390707.3616652,balance,-0.029194498933107653,0.047516457145741424,-0.03210037852081339,-0.19994765768895703,-0.00038550869508763297,0.002520370892618107,0.17407143564713182,0.9551410246382723,0.0,0.014446623462570364,False,0.0,0.0,0.13121164547755085,0.12219259756509326,0.1803486455666257,0.18491647660168958,3.91,-0.9400000000000001,0.918481518342856,0.8553481829556528,-0.7232137939707527,0.6735025062642935,
1791390707.3716512,balance,-0.027489283960483696,0.0472248501519134,-0.030280925401092215,0.36862919182419107,-0.000271270547990414,0.002520370892618107,0.17484015280914655,1.058401662657256,0.7018722635680328,0.0017826469954461167,False,0.0,0.0,0.07625077889223156,0.06970878656840075,0.1815691881139024,0.18572588757060013,3.5,-0.49,0.5337554522456209,0.4879615059788053,-0.42027988365796926,0.3842216582510278,
1791390707.381648,balance,-0.026788829116218285,0.04618307415866913,-0.029580470556826804,-0.2932447598934026,-0.000271270547990414,0.002520370892618107,0.17484015280914655,1.1031051513000212,0.8738518604823371,0.0011462664540884205,False,0.0,0.0,0.035630702346545695,0.028833336105157637,0.1815691881139024,0.18572588757060013,3.46,-0.89,0.24941491642581987,0.20183335273610345,-0.1963896979730865,0.15892389979220745,
1791390707.3917196,balance,-0.032361373438053835,0.04397229237072639,-0.035149178106941036,-0.7231709748330027,-0.0002674337762690951,0.002520370892618107,0.1748403704467743,1.1107739861151549,0.736602633436713,0.0018708567633922096,False,0.0,0.0,-0.00025976068781436855,-3.898444683826279e-05,0.1817724202195233,0.1855236268841519,3.2,-1.01,-0.0018183248147005799,-0.00027289112786783957,0.0014317518225988818,-0.00021487490383294454,
1791390707.4016292,balance,-0.04065403513150913,0.040898657278054605,-0.043430289902581055,-0.8860096503752464,-0.0002558838784538185,0.002520370892618107,0.1749172214228884,1.103104175416916,0.707508195267401,0.0019779799007475746,False,0.0,0.0,-0.04188433435175633,-0.03281081564498245,0.18197564376362416,0.1855236268841519,3.27,-0.8200000000000001,-0.2931903404622943,-0.22967570951487715,0.23085853579708213,-0.180847015366045,
1791390707.4116397,balance,-0.04944661062015576,0.039652712308294424,-0.05223441528904296,-0.8148934974236337,-0.0002674337762690951,0.002520370892618107,0.1748403704467743,1.055154359560685,0.7243238281698171,0.0016541526569543391,False,0.0,0.0,-0.05574642387692644,-0.049032815895504414,0.1817724202195233,0.1855236268841519,3.5,-0.93,-0.3902249671384851,-0.3432297112685309,0.3072637536523505,-0.2702596151720716,
1791390707.4224734,balance,-0.05595642150710165,0.03860948596948462,-0.05875696374812219,-0.496328208955295,-0.00028017134840243457,0.002520370892618107,0.17476339977160404,1.0489937267737444,0.840770699009762,0.001041115138819912,False,0.0,0.0,-0.06651096164590133,-0.06751190551412468,0.1815691881139024,0.1855236268841519,3.46,-0.88,-0.4655767315213093,-0.4725833385988728,0.3665958515915821,-0.3721128650384825,
1791390707.4316566,balance,-0.05872853713161114,0.03717811375061806,-0.061525240904784936,-0.2060738497554388,-0.00027633288055568805,0.002520370892618107,0.17476361740326146,1.0425060279355385,0.0,0.005985896943693529,False,0.0,0.0,0.04213428423112152,0.02965511046211943,0.1817724202195233,0.18532128209074125,3.46,-1.0,0.2949399896178506,0.207585773234836,-0.23223621229752017,0.1634533647518394,
1791390707.4417126,balance,-0.05939234312596828,0.03384240331600236,-0.06219529170085915,0.057426929337671025,-0.0002825776822727652,0.002520370892618107,0.17468696227995373,1.0090135735168917,0.0,0.0161195957047055,False,0.0,0.0,0.13985352579384652,0.12202201414137212,0.18197564376362416,0.18491647660168958,3.21,-1.42,0.9789746805569257,0.8541540989896048,-0.7708462051629337,0.6725622826689801,
1791390707.4516277,balance,-0.056599934833090254,0.030929131650350588,-0.05941190803717313,0.3219272492397354,-0.000291602311464776,0.002520370892618107,0.174610259183605,1.0629740673051598,0.8057062713554064,0.0012863389797487669,False,0.0,0.0,0.05052308751992572,0.037393686698403365,0.18197564376362416,0.18471401599916903,3.21,-1.52,0.35366161263948004,0.26175580688882355,-0.2784737107397481,0.20610693455812878,
1791390707.4616313,balance,-0.056846821268976666,0.02816076372515289,-0.059697890612021076,-0.4353005756361735,-0.0003306984504263047,0.002520370892618107,0.17430346134649669,1.108147606136664,0.7658698480499554,0.001711388790433543,False,0.0,0.0,0.009395099821929391,0.006217523405286694,0.1817724202195233,0.18410631773933706,3.37,-2.21,0.06576569875350574,0.043522663837006856,-0.05178401476653995,0.03426981404488729,
1791390707.4716334,balance,-0.0653680541097656,0.023614236715890784,-0.06825892691174834,-1.0229109166773778,-0.0003705019093646275,0.002520370892618107,0.17399646330798282,1.071310321985539,0.875311985019722,0.0009799916848290857,False,0.0,0.0,-0.08441845327642492,-0.07754475711880636,0.1817724202195233,0.18329525876167316,3.3200000000000003,-2.5500000000000003,-0.5909291729349744,-0.5428132998316445,0.4652985613661216,-0.4274120471115311,
1791390707.4816325,balance,-0.07486773866882074,0.019566096094750254,-0.07779235493181552,-0.8059903580763769,-0.00040424537037666783,0.002520370892618107,0.17376587068298338,1.0347288849022263,0.8952891617938246,0.0006971986155420084,False,0.0,0.0,-0.12304954949556429,-0.11681899517140515,0.1815691881139024,0.1828894047573843,3.5700000000000003,-2.66,-0.86134684646895,-0.817732966199836,0.6782258633613779,-0.6438842253542016,
1791390707.4916484,balance,-0.07965006148734487,0.015498723732655047,-0.08259864214888213,-0.12837462479981904,-0.00042820976891915635,0.002520370892618107,0.1736120678315946,1.0045925550753319,0.0,0.005219674880777388,False,0.0,0.0,-0.011524415892743797,-0.014860515062868578,0.18136583942689477,0.18268642214220357,3.58,-2.75,-0.08067091124920658,-0.10402360544008005,0.06352040255843037,-0.08190835074022051,
1791390707.5016186,balance,-0.07639708500900201,0.011875798052375583,-0.07933156897434555,0.6546379762048626,-0.0004141130727254305,0.002520370892618107,0.17368916031508277,0.9686130895893074,0.0,0.014968974218691,False,0.0,0.0,0.13776740840944304,0.12565889613575537,0.1817724202195233,0.1824833928624771,3.14,-2.9,0.9643718588661013,0.8796122729502875,-0.7593479203670089,0.6926080889372342,
1791390707.5116725,balance,-0.06784366429919879,0.008333604929773978,-0.07071979505562248,0.8667496485376824,-0.00035575986380557284,0.002520370892618107,0.17407341394788986,1.0140927530211352,0.0,0.02495839862006839,False,0.0,0.0,0.22073751111903153,0.2055957992417,0.18258493369347872,0.18268642214220357,2.68,-2.61,1.5451625778332208,1.4391705946919,-1.2166634471127722,1.1332051926707873,
1791390707.521648,balance,-0.0643945985392325,0.002928989450261956,-0.06723831512424355,-0.1825180095681882,-0.00032334569239294425,0.002520370892618107,0.17430388633546304,1.0873128952023097,0.8241544601469619,0.0013157921752767387,False,0.0,0.0,0.05606626151596806,0.04764229462595582,0.18319383237828066,0.18268642214220357,2.37,-2.66,0.3924638306117764,0.3334960623816907,-0.3090266382769893,0.2625953247099927,
1791390707.5316942,balance,-0.06971378541694445,-0.0010971885985503703,-0.07250510180294867,-0.6513124529378326,-0.00027094549338611135,0.002520370892618107,0.17468795840040185,1.116824246960637,0.7267251909027287,0.001950495280289542,False,0.0,0.0,-0.019532713474446132,-0.028443640731572538,0.18380227246209999,0.18309238737256509,1.78,-2.35,-0.13672899432112293,-0.19910548512100776,0.10766062544970309,-0.15677597253622658,
1791390707.5415654,balance,-0.07905965341181845,-0.004368504667905807,-0.08184304645052085,-1.2643888546296114,-0.00026302214608427826,0.002520370892618107,0.17476444519583548,1.1165646461188414,0.7144056619876429,0.0020107949206559926,False,0.0,0.0,-0.09086090701069877,-0.10521162260761477,0.18420761995138657,0.1828894047573843,1.73,-2.83,-0.6360263490748914,-0.7364813582533034,0.5008081488778673,-0.5799065813018137,
1791390707.5516503,balance,-0.09270248135753253,-0.008171973722366424,-0.09551080669558494,-1.288155020168528,-0.0002879544454342971,0.002520370892618107,0.1746105620238096,1.0877330944300077,0.7838894534663086,0.0015192182048184954,False,0.0,0.0,-0.14726818194484534,-0.15739633885149767,0.18441020567926045,0.18228032526567667,1.55,-3.35,-1.0308772736139173,-1.1017743719604838,0.8117143886723759,-0.867538875559436,
1791390707.5617168,balance,-0.10284330293535886,-0.011383645783681617,-0.10570345099785924,-0.6779420196888594,-0.0003397771698822813,0.002520370892618107,0.17430265369431186,1.0193190773064071,0.0,0.011886797784670028,False,0.0,0.0,-0.016793326433581363,-0.02048037401999936,0.18461279140713438,0.1812641580410549,1.52,-3.87,-0.11755328503506954,-0.1433626181399955,0.09256164175989727,-0.11288395129133505,
1791390707.5716522,balance,-0.10331252039102724,-0.015007901666290195,-0.10619834572462153,0.37147388824868266,-0.0003654544409761734,0.002520370892618107,0.17414870780684494,1.0021421890463544,0.0,0.02190235398082904,False,0.0,0.0,0.0907761217595055,0.09824163917703552,0.18461279140713438,0.1808573791256606,1.57,-4.12,0.6354328523165385,0.6876914742392486,-0.5003408285956996,0.5414893497946839,
1791390707.5816367,balance,-0.09846308616844984,-0.017505619770568612,-0.10138506715500542,0.42801806852698304,-0.00040161009393746214,0.002520370892618107,0.17391821234838917,1.051294667182506,0.7707042727087197,0.001402951972368932,False,0.0,0.0,-0.004735061102886719,0.008908293155839785,0.18441020567926045,0.1804504333266811,1.6,-4.14,-0.03314542772020703,0.062358052090878496,0.026098761984414985,0.04910082841801457,
1791390707.5916007,balance,-0.09795191423043251,-0.02039584679137134,-0.100878357948193,-0.3997155739225286,-0.0004060728251423819,0.002520370892618107,0.1739179553699049,1.0081893103374198,0.0,0.005087202854976812,False,0.0,0.0,0.0036809410875466944,0.011186830069878272,0.18461279140713438,0.18024684370521019,1.53,-4.46,0.02576658761282686,0.0783078104891479,-0.020288651663643197,0.06165969329854165,
1791390707.6016433,balance,-0.1052127039793777,-0.02170934950173335,-0.10813914769713819,-0.6995830806732708,-0.0004060728251423819,0.002520370892618107,0.1739179553699049,0.8978567945216781,0.0,0.014291299466983444,False,0.0,0.0,0.014791290415566706,0.011189951168388853,0.18461279140713438,0.18024684370521019,1.2,-4.13,0.10353903290896695,0.07832965817872198,-0.08152679756611571,0.06167689620371809,
1791390707.6116517,balance,-0.10868199226615333,-0.022010077201125217,-0.1115902173959098,-0.03239908611523973,-0.00038785423713835407,0.002520370892618107,0.17407135914514274,0.9221362518532779,0.0,0.023357844230698633,False,0.0,0.0,0.05603816270928014,0.047386092054191836,0.18501771391452992,0.18024684370521019,1.22,-4.24,0.39226713896496096,0.3317026443793428,-0.30887176296453617,0.26118318455066364,
1791390707.6217027,balance,-0.1070290045224794,-0.02365018734967305,-0.1099509140509429,0.1511404865140056,-0.00040153863584538665,0.002520370892618107,0.1739944533064166,0.9970226712367726,0.8022157114374805,0.0009740347989964604,False,0.0,0.0,0.00994999904827358,0.009157253058324374,0.18501771391452992,0.18004324671175093,1.4000000000000001,-4.3500000000000005,0.06964999333791506,0.06410077140827061,-0.0548425144393032,0.05047304835296899,
1791390707.6316397,balance,-0.10708703684128257,-0.024403384558145728,-0.11003165447165715,-0.22720398137223421,-0.0004242467377564667,0.002520370892618107,0.17384079468763255,1.0375127167056086,0.7589878154950767,0.00139262450605266,False,0.0,0.0,-0.06384465646008416,-0.058774849311074226,0.1848152533120094,0.1798395814646299,1.37,-4.57,-0.4469125952205891,-0.41142394517751957,0.3518996812760544,-0.3239558623445036,
1791390707.6416724,balance,-0.11310055302499677,-0.023651621433841565,-0.11604517065537136,-0.7765402159668922,-0.0004242467377564667,0.002520370892618107,0.17384079468763255,0.972665445582546,0.0,0.011293454133026888,False,0.0,0.0,-0.0007866291528060289,-0.0008524946705329396,0.1848152533120094,0.1798395814646299,1.3,-4.45,-0.005506404069642202,-0.005967462693730577,0.004335751235938741,-0.004698789522622502,
1791390707.6516407,balance,-0.11986689199912752,-0.021277891258061902,-0.1228024980286989,-0.5121064379881833,-0.0004152351369532681,0.002520370892618107,0.17391754750030192,0.9202872660038047,0.0,0.020558070444528013,False,0.0,0.0,0.013584081277754385,0.005094406252661776,0.18501771391452992,0.1798395814646299,1.24,-4.48,0.0950885689442807,0.03566084376863243,-0.07487288893250449,0.028079404542230263,
1791390707.6616378,balance,-0.12169497455188252,-0.02046211732215724,-0.1246395921822571,0.04001330898612932,-0.0004242467377564667,0.002520370892618107,0.17384079468763255,0.9487392107662079,0.0,0.029976524667734407,False,0.0,0.0,0.06029848720528527,0.05273445216426666,0.1848152533120094,0.1798395814646299,1.32,-4.48,0.4220894104369969,0.3691411651498666,-0.3323538664858243,0.2906623347636745,
1791390707.6716604,balance,-0.12186925518135637,-0.019943224907298874,-0.12480016628122725,-0.1047942862201921,-0.00041054020725276447,0.002520370892618107,0.1739177004722851,1.0027150373241986,0.9237066924122346,0.00039504172455982035,False,0.0,0.0,-0.08899750828946015,-0.09340087587176593,0.1848152533120094,0.18004324671175093,1.34,-4.28,-0.622982558026221,-0.6538061311023615,0.49053744726474097,-0.514807977245954,
1791390707.6816497,balance,-0.12548385457025918,-0.019249386801394593,-0.12838738894287455,-0.6014831081830345,-0.0003831634799972665,0.002520370892618107,0.17407151213948155,0.949931555312033,0.0,0.010129711413855953,False,0.0,0.0,-0.006077659083902286,-0.009758245650653318,0.1848152533120094,0.1804504333266811,1.27,-3.8200000000000003,-0.042543613587316,-0.06830771955457322,0.03349890833646929,-0.053785605948482855,
1791390707.6916099,balance,-0.13141798285702894,-0.01613923839183052,-0.1342689533847277,-0.43201528718798815,-0.0003305996350806556,0.002520370892618107,0.17437930472019264,0.8762821087458053,0.0,0.019017454075663437,False,0.0,0.0,-0.00015216081996827606,-0.008261141409958338,0.1848152533120094,0.1812641580410549,1.4000000000000001,-3.4,-0.0010651257397779324,-0.057827989869708364,0.0008386816848645137,-0.04553385029110895,
1791390707.7016394,balance,-0.1331939373183169,-0.013149527779001762,-0.13601929524373502,0.04753872627248287,-0.00030498703279998457,0.002520370892618107,0.17453325076334938,0.8980976020335437,0.0,0.02787236119505218,False,0.0,0.0,0.0347158516668053,0.026521645289827023,0.1848152533120094,0.18167080140947076,1.33,-3.27,0.24301096166763708,0.18565151702878915,-0.19134721391152526,0.14618229687306233,
1791390707.711645,balance,-0.13180876336452643,-0.011303990860147698,-0.13464327947278268,0.05469446768047128,-0.0003141452156381376,0.002520370892618107,0.17445659969649757,0.937047116260803,0.0,0.03715736165117109,False,0.0,0.0,0.06197457174389092,0.05831455096363658,0.18461279140713438,0.18167080140947076,1.53,-3.42,0.43382200220723643,0.40820185674545606,-0.3415921277222334,0.32141878483894176,
1791390707.7216513,balance,-0.13313652601590623,-0.00946619154111409,-0.13597104212416247,-0.3045056114945553,-0.0003141452156381376,0.002520370892618107,0.17445659969649757,0.9475558604832534,0.0,0.004816847187099976,False,0.0,0.0,-0.01152372696815463,-0.012631695429068352,0.18461279140713438,0.18167080140947076,1.54,-3.36,-0.08066608877708241,-0.08842186800347847,0.06351660533628536,-0.06962351811297517,
1791390707.7316484,balance,-0.1394753343853306,-0.006755297794427962,-0.1423160080775919,-0.8095911921032027,-0.00032030279964317607,0.002520370892618107,0.17438021124503184,0.8861603416605245,0.0,0.013868004123163366,False,0.0,0.0,-0.02564056261088376,-0.026849382117067666,0.18420761995138657,0.1818740249535716,1.76,-3.2600000000000002,-0.1794839382761863,-0.18794567481947366,0.14132593565054039,-0.14798872033029423,
1791390707.7416468,balance,-0.14609536512127771,-0.002964535769627034,-0.14895741801872572,-0.5099716827709903,-0.00034168200482990324,0.002520370892618107,0.17422665281592487,0.8499172233688738,0.0,0.022404648511570518,False,0.0,0.0,-0.03055096243987252,-0.036118991498573984,0.1840049739935406,0.18167080140947076,1.93,-3.33,-0.21385673707910766,-0.25283294049001787,0.16839113155835247,-0.19908105550395108,
1791390707.751638,balance,-0.14810769174430718,0.00010873934173683797,-0.1510021911033336,0.022460451348252353,-0.0003741284664083022,0.002520370892618107,0.17399622309048593,0.8682727173383019,0.0,0.03102926174577432,False,0.0,0.0,0.005158277357404304,-0.002005435433917773,0.1835995660144428,0.18146750672806256,2.32,-3.5300000000000002,0.03610794150183013,-0.014038048037424412,-0.028431450001441046,-0.011053581131830244,
1791390707.7616363,balance,-0.14796717085419855,0.0036376751548878447,-0.1508930057055157,-0.05533434392468559,-0.0004054639586990455,0.002520370892618107,0.1737657897989075,0.8742048382134147,0.0,0.0397419464329986,False,0.0,0.0,0.022386269344410563,0.01484294094346042,0.18299090309463303,0.18146750672806256,2.5500000000000003,-3.44,0.15670388541087393,0.10390058660422294,-0.12338888615029443,0.08181148551513617,
1791390707.7716467,balance,-0.14928826712536766,0.00556142925480016,-0.15221166496997032,-0.2511679341641378,-0.00040302695198455446,0.002520370892618107,0.17376595155611338,0.8721451744612525,0.0,0.04847993973306442,False,0.0,0.0,0.011646487549776268,0.007091280300844349,0.18278792047945228,0.18167080140947076,2.67,-3.13,0.08152541284843388,0.04963896210591044,-0.06419323846333376,0.03908579693378775,
1791390707.781649,balance,-0.15353494064562273,0.007354179425953952,-0.15643440675820866,-0.5156843585622826,-0.00037909521996781423,0.002520370892618107,0.17391971161622213,0.8470573122129192,0.0,0.057015307119391505,False,0.0,0.0,-0.01916842734561292,-0.020609161997756302,0.18278792047945228,0.18207724849767246,2.71,-2.92,-0.13417899141929043,-0.1442641339842941,0.10565274914904758,-0.11359380628684575,
1791390707.7916443,balance,-0.15942066902765162,0.010126633488223942,-0.1622851850241983,-0.5936520966386731,-0.00034414510392857117,0.002520370892618107,0.17415026393772856,0.8311214374075557,0.0,0.06530669435786088,False,0.0,0.0,-0.04482208635168976,-0.04535397068648318,0.18278792047945228,0.18268642214220357,2.65,-2.57,-0.3137546044618283,-0.3174777948053823,0.2470508696549829,-0.2499825155947892,
1791390707.801643,balance,-0.16382215160313954,0.012905917546425663,-0.16664451851807996,-0.3289269188612644,-0.00030199602232231296,0.002520370892618107,0.17445752782108012,0.8199638807227425,0.0,0.07352476904080964,False,0.0,0.0,-0.04147598665608702,-0.041858884464792426,0.18299090309463303,0.18329525876167316,2.61,-1.97,-0.2903319065926091,-0.293012191253547,0.22860780046662132,-0.23071826082956456,
1791390707.811643,balance,-0.1655800101148522,0.01565786772226674,-0.16838165130172864,-0.08434851417367031,-0.0002812702942583019,0.002520370892618107,0.1746111503712855,0.7992996060321533,0.0,0.08158022801009959,False,0.0,0.0,-0.025106487642740344,-0.02747077776941667,0.18299090309463303,0.18370091467645575,2.5100000000000002,-1.98,-0.1757454134991824,-0.1922954443859167,0.13838221535368694,-0.15141373573694228,
1791390707.8216465,balance,-0.16573591029391457,0.01781136050202479,-0.168537551480791,0.04757737722783534,-0.0002812702942583019,0.002520370892618107,0.1746111503712855,0.7789223795315559,0.0,0.08940479185556664,False,0.0,0.0,-0.01260863783289247,-0.015561458790898212,0.18299090309463303,0.18370091467645575,2.54,-2.14,-0.08826046483024728,-0.10893021153628749,0.06949642900019472,-0.08577182010731298,
1791390707.8316436,balance,-0.16484247779508962,0.019933589966415654,-0.16764411898196604,0.09321665280589829,-0.0002812702942583019,0.002520370892618107,0.1746111503712855,0.7634192155061346,0.0,0.09710945183347597,False,0.0,0.0,-0.0058861941341168235,-0.007677456181611393,0.18299090309463303,0.18370091467645575,2.66,-2.07,-0.04120335893881776,-0.05374219327127975,0.032443589715604536,-0.042316687615180905,
1791390707.8416433,balance,-0.16410536144991333,0.020986743643267223,-0.16693930408397176,0.05943945056728234,-0.0003135717414403001,0.002520370892618107,0.17438067774603352,0.7485096641623783,0.0,0.10463254446211558,False,0.0,0.0,-0.008725689601213312,-0.008527192675109133,0.18258493369347872,0.18349812557975423,2.85,-2.17,-0.061079827208493184,-0.05969034872576393,0.0480943521326718,-0.047000274587215694,
1791390707.8516448,balance,-0.16360941941761845,0.022608867402264924,-0.16646536887145075,0.04486618842311309,-0.00033557856121418234,0.002520370892618107,0.17422701568166843,0.7294961451707648,0.0,0.11197980789278306,False,0.0,0.0,-0.013433292263974633,-0.011808657632447232,0.18238186609667828,0.18329525876167316,3.06,-2.42,-0.09403304584782243,-0.08266060342713062,0.07404176838411215,-0.06508708931270128,
1791390707.8616533,balance,-0.1632854813115606,0.02521407986061702,-0.1661647027187329,0.041929518151339495,-0.0003588505145541987,0.002520370892618107,0.1740733140756113,0.7212984750975816,0.0,0.1192217360182223,False,0.0,0.0,-0.016105305193083137,-0.014261490792964777,0.18197564376362416,0.18329525876167316,3.3200000000000003,-2.34,-0.11273713635158196,-0.09983043555075344,0.08876939870203304,-0.0786066421659476,
1791390707.8716488,balance,-0.1626282883781825,0.02595497344574704,-0.1655320061729116,0.04514371294126463,-0.00038334690211101405,0.002520370892618107,0.17391949286282785,0.7109224286182325,0.0,0.12636802978430137,False,0.0,0.0,-0.01600837762564511,-0.014471590208427802,0.1815691881139024,0.18329525876167316,3.56,-2.38,-0.11205864337951577,-0.10130113145899461,0.08823515226733525,-0.07976467044015323,
1791390707.8816445,balance,-0.16210663904909545,0.0258832367364435,-0.16501035684382456,0.06741625654173145,-0.00038334690211101405,0.002520370892618107,0.17391949286282785,0.6801846216563061,0.0,0.1332409259666154,False,0.0,0.0,-0.018975340574473105,-0.018158504644094846,0.1815691881139024,0.18329525876167316,3.46,-2.33,-0.13282738402131172,-0.1271095325086639,0.10458849135536356,-0.1000862460698141,
1791390707.891651,balance,-0.16168846104551762,0.02671177932558702,-0.16458174344463536,0.05873802399560744,-0.00037291150649963745,0.002520370892618107,0.17399630398119684,0.6678379139124924,0.0,0.1399523201743764,False,0.0,0.0,-0.022708230356755437,-0.021652428670786966,0.1815691881139024,0.18349812557975423,3.45,-2.18,-0.15895761249728807,-0.15156700069550877,0.12516347440731343,-0.11934409503583368,
1791390707.90164,balance,-0.1606307351117599,0.027103568564860663,-0.16351359132466667,0.12158160962491538,-0.00036248532028864897,0.002520370892618107,0.17407311511849682,0.6500552694459343,0.0,0.146501187400156,False,0.0,0.0,-0.021101108667515092,-0.018683558654657942,0.1815691881139024,0.18370091467645575,3.45,-1.95,-0.14770776067260566,-0.1307849105826056,0.11630532336425642,-0.10298024455323276,
1791390707.9116378,balance,-0.1588246529909277,0.026303430407158497,-0.16166410899325,0.24062243778623263,-0.0003190851097041904,0.002520370892618107,0.1743803121947372,0.6277972303652088,0.0,0.15281795329091885,False,0.0,0.0,-0.01625225202560791,-0.013165445370634717,0.18197564376362416,0.18410631773933706,3.19,-1.76,-0.11376576417925537,-0.09215811759444302,0.08957934187342942,-0.07256544692475829,
1791390707.9216814,balance,-0.1567393713661951,0.02544769631612636,-0.15955806440984485,0.21341471400221462,-0.00029832215103165957,0.002520370892618107,0.17453381206666127,0.6132255987515194,0.0,0.15897934438996583,False,0.0,0.0,-0.015378307973096977,-0.012169013991306073,0.1821787984998778,0.18430890579941012,3.12,-1.75,-0.10764815581167884,-0.08518309793914251,0.08476232741077075,-0.06707330546389174,
1791390707.93165,balance,-0.1540025484753331,0.02479624107043929,-0.15682124151898286,0.28141077060163605,-0.00029832215103165957,0.002520370892618107,0.17453381206666127,0.5963402818819483,0.0,0.1649774679337177,False,0.0,0.0,-0.010080369374766352,-0.00635931741809867,0.1821787984998778,0.18430890579941012,3.04,-1.7,-0.07056258562336447,-0.04451522192669069,0.05556109104201926,-0.03505135584778794,
1791390707.9416409,balance,-0.15093435606948102,0.023973880275751744,-0.15374146534270425,0.38128423220237806,-0.0002867383806051081,0.002520370892618107,0.17461066298038364,0.5850073513186601,0.0,0.17083383032942165,False,0.0,0.0,-0.002980329056567396,0.0005411397109300214,0.18238186609667828,0.18430890579941012,2.94,-1.69,-0.02086230339597177,0.0037879779765101497,0.01642701054800927,0.00298265982402374,
1791390707.9516406,balance,-0.14758046122279891,0.02229143633755826,-0.15039672122521439,0.29886445695060543,-0.0002958891097973697,0.002520370892618107,0.17453401396168092,0.5817899795649905,0.0,0.17665128090446283,False,0.0,0.0,-0.0002982325454937609,0.0032741728278374363,0.18238186609667828,0.18410631773933706,2.91,-1.8900000000000001,-0.002087627818456326,0.022919209794862054,0.0016438014318553749,0.018046621885718154,
1791390707.9616396,balance,-0.14426506660664803,0.020513260999880586,-0.14709048537912406,0.3138752706248879,-0.0003050478798579115,0.002520370892618107,0.17445736495760575,0.5807115379342583,0.0,0.18244905385061563,False,0.0,0.0,0.004178781965581927,0.008192154510860722,0.18238186609667828,0.18390361620789641,3.0300000000000002,-2.0,0.02925147375907349,0.05734508157602505,-0.023032656503207474,0.04515360754017721,
1791390707.9716437,balance,-0.14158440056756333,0.018764991233721454,-0.1444299540871352,0.2632350833489293,-0.0003251826269537565,0.002520370892618107,0.17430382688662882,0.5730380899491532,0.0,0.18818995253627208,False,0.0,0.0,0.0029183408621668845,0.006349424628390444,0.18238186609667828,0.18349812557975423,2.91,-2.34,0.02042838603516819,0.04444597239873311,-0.016085343334778103,0.03499682866041977,
1791390707.9816408,balance,-0.13911741342984968,0.016810325015223507,-0.1419837679884644,0.2262820469669485,-0.0003459836659966027,0.002520370892618107,0.17415020449555435,0.5724987300831402,0.0,0.1938905378235885,False,0.0,0.0,0.002676185817715776,0.006154320992614019,0.18238186609667828,0.18309238737256509,2.96,-2.54,0.018733300724010433,0.04308024694829814,-0.014750630491346797,0.033921454289998536,
1791390707.991653,balance,-0.13729629596380877,0.014598352633846757,-0.14017306480986533,0.15312114919943898,-0.00035639795343844066,0.002520370892618107,0.17407339332831143,0.5733054253212212,0.0,0.19962280954570422,False,0.0,0.0,0.00018745105272292134,0.0032423281673242205,0.18238186609667828,0.1828894047573843,2.96,-2.66,0.0013121573690604493,0.022696297171269544,-0.0010331947787877553,0.01787110013485791,
1791390708.0016472,balance,-0.13610679758109415,0.01219327210277894,-0.13899457836056262,0.1068261036045382,-0.0003674098868503631,0.002520370892618107,0.17399656317399326,0.566125725336751,0.0,0.20528970129894214,False,0.0,0.0,-0.003863147399165946,-0.001289482277369133,0.18238186609667828,0.18268642214220357,2.95,-2.93,-0.02704203179416162,-0.009026375941583932,0.021292938420599702,-0.007107382631168451,
1791390708.011643,balance,-0.13510797833957494,0.010152326570221411,-0.13801909006590335,0.07445315945232242,-0.0003907408337102958,0.002520370892618107,0.17384286169714006,0.5585433938353077,0.0,0.21087354056452523,False,0.0,0.0,-0.006774865149699331,-0.004691961123730847,0.18238186609667828,0.18228032526567667,2.89,-2.99,-0.04742405604789532,-0.03284372786611593,0.037341776415665606,-0.025861203044185772,
1791390708.0216575,balance,-0.13432482531976406,0.007661560379146184,-0.13722426641798374,0.08981948271739976,-0.0003790702056015692,0.002520370892618107,0.17391971242373286,0.5519273503249855,0.0,0.21641270439704774,False,0.0,0.0,-0.007440974988527616,-0.006130447741891732,0.18258493369347872,0.18228032526567667,2.81,-2.96,-0.05208682491969331,-0.04291313419324212,0.04101324796826245,-0.03378986944349773,
1791390708.0316508,balance,-0.1335386657273584,0.005188886503940274,-0.13640440746011065,0.07654512219205058,-0.00034537084013413696,0.002520370892618107,0.17415022430863203,0.5333683138221198,0.0,0.2217988999579221,False,0.0,0.0,-0.009834995998662983,-0.008869893519508747,0.18299090309463303,0.1824833928624771,2.5300000000000002,-2.84,-0.06884497199064088,-0.06208925463656123,0.05420863936270935,-0.048889176879182074,
1791390708.0416665,balance,-0.13266756985435424,0.003288431625316293,-0.13552413194769092,0.10925113101328403,-0.00033619120071857675,0.002520370892618107,0.17422699586480067,0.5196412140157629,0.0,0.22702632724323804,False,0.0,0.0,-0.009530512785019648,-0.009491929679055756,0.18339669919636176,0.18228032526567667,2.31,-2.87,-0.06671358949513753,-0.0664435077533903,0.05253038542924215,-0.052317722640464796,
1791390708.0516503,balance,-0.1313127872220061,0.0011135957775226522,-0.13414734195321756,0.13526728050901218,-0.00031418383859336055,0.002520370892618107,0.17438065792681678,0.5113269002324708,0.0,0.23217265580773272,False,0.0,0.0,-0.006882899661752652,-0.006605681986501686,0.1835995660144428,0.1824833928624771,2.1,-2.7800000000000002,-0.04818029763226857,-0.0462397739055118,0.03793724223013273,-0.036409270791741576,
1791390708.0619721,balance,-0.12959338697716172,-0.0014456190709983944,-0.13241758877564452,0.21090472390442172,-0.00030383090586468334,0.002520370892618107,0.17445746589656652,0.5095834809903328,0.0,0.23729665043320056,False,0.0,0.0,-0.0004133987918228489,-0.0007724910062302054,0.18380227246209999,0.1824833928624771,1.98,-2.79,-0.0028937915427599426,-0.0054074370436114376,0.0022785760179212145,-0.004257824443788533,
1791390708.0716443,balance,-0.12776502595402858,-0.0036536453426723446,-0.13058006952219822,0.1655693851253122,-0.00029467267555153415,0.002520370892618107,0.17453411490258608,0.5016540892457791,0.0,0.24233732553450996,False,0.0,0.0,0.0008815461661571521,-0.0002469416942779546,0.1840049739935406,0.1824833928624771,1.8,-2.74,0.006170823163100065,-0.0017285918599456822,-0.004858915876456744,-0.0013610959527131355,
1791390708.0816412,balance,-0.12610428960001194,-0.00513014356542685,-0.12891933316818158,0.18409007135116623,-0.00029467267555153415,0.002520370892618107,0.17453411490258608,0.49059537384698826,0.0,0.24725684753797444,False,0.0,0.0,0.0016834609504555319,-0.0005115305272947646,0.1840049739935406,0.1824833928624771,1.84,-2.86,0.011784226653188724,-0.0035807136910633516,-0.00927891862455805,-0.0028194595992624815,
1791390708.0916433,balance,-0.12438223902032765,-0.006844634910256712,-0.1271881323985741,0.14173729807420898,-0.0002855224856283395,0.002520370892618107,0.17461076392323158,0.48781772247715366,0.0,0.2521308733869445,False,0.0,0.0,0.0014708279177932124,-0.0008127504675476597,0.18420761995138657,0.1824833928624771,1.85,-2.9,0.010295795424552487,-0.005689253272833618,-0.00810692553114369,-0.004479726986483163,
1791390708.1016884,balance,-0.12306082407092184,-0.008331300047976588,-0.12587830067751152,0.13325813691536098,-0.0002971057139715613,0.002520370892618107,0.17453391300704996,0.487625758418995,0.0,0.25700123078953685,False,0.0,0.0,0.0019940498729143627,-0.0014117416912179331,0.18420761995138657,0.18228032526567667,1.75,-2.99,0.013958349110400538,-0.009882191838525532,-0.010990826071181526,-0.007781253416161836,
1791390708.111672,balance,-0.12195342474193326,-0.00984837642497098,-0.12479166322439776,0.09679128184263494,-0.00031786758984638994,0.002520370892618107,0.17438041313071778,0.4877092521703948,0.0,0.26188538057746974,False,0.0,0.0,0.0015500443035895203,-0.0023227525538695136,0.1840049739935406,0.18207724849767246,1.81,-3.29,0.010850310125126642,-0.016259267877086595,-0.008543551279627276,-0.012802573131564248,
1791390708.1216707,balance,-0.12102282000913053,-0.011084824563182745,-0.12388487290657854,0.10888737631901425,-0.00034168200482990324,0.002520370892618107,0.17422665281592487,0.4864890143031064,0.0,0.26675620937453703,False,0.0,0.0,0.002224993375470439,-0.002018985246811549,0.1840049739935406,0.18167080140947076,1.93,-3.37,0.015574953628293071,-0.014132896727680843,-0.012263743014403992,-0.011128265139906175,
1791390708.1316502,balance,-0.12016352165152284,-0.01213250877464665,-0.12304761876374576,0.06225528421421891,-0.00036372621960480134,0.002520370892618107,0.17407303095189738,0.4810197249849183,0.0,0.2715804469766578,False,0.0,0.0,0.0009905861264459489,-0.004405654864437531,0.18380227246209999,0.18146750672806256,1.95,-3.62,0.006934102885121642,-0.03083958405106272,-0.005459923531591844,-0.024283137048080883,
1791390708.1416473,balance,-0.11966942417775862,-0.01284733380053967,-0.12256638178374409,0.05449450919352557,-0.0003765867133673495,0.002520370892618107,0.17399605804741575,0.48327948800428466,0.0,0.2764150143119055,False,0.0,0.0,-5.9855573426832e-05,-0.004478721779589122,0.18380227246209999,0.1812641580410549,2.02,-3.5500000000000003,-0.000418989013987824,-0.03135105245712386,0.0003299126094392315,-0.02468586807647548,
1791390708.1516604,balance,-0.11919726922880536,-0.013340679797291345,-0.12210709871211567,0.04160750538579341,-0.00038945859069219185,0.002520370892618107,0.1739190851717373,0.48020428922886216,0.0,0.28123201323383856,False,0.0,0.0,-0.0002669060175965626,-0.004948258788176591,0.18380227246209999,0.18106080344386152,2.0,-3.7600000000000002,-0.001868342123175938,-0.03463781151723614,0.0014711355300597937,-0.02727386733640641,
1791390708.161645,balance,-0.11881193262238314,-0.013794052801618984,-0.12173464538169741,0.0518641766349953,-0.0004023418666961598,0.002520370892618107,0.17384211232490016,0.4713646618661915,0.0,0.28594647240750437,False,0.0,0.0,-0.0019734484282131386,-0.0055724945603665785,0.18380227246209999,0.1808573791256606,1.99,-3.79,-0.013814138997491971,-0.03900746192256605,0.01087727480117478,-0.0307145369469024,
1791390708.1717956,balance,-0.11822279997445473,-0.014040542394733341,-0.121145512733769,0.05563399860530221,-0.0004023418666961598,0.002520370892618107,0.17384211232490016,0.4645181475706366,0.0,0.2906210573862745,False,0.0,0.0,-0.0017039990881502977,-0.005249097865611782,0.18380227246209999,0.1808573791256606,1.98,-3.87,-0.011927993617052084,-0.03674368505928247,0.009392120958308728,-0.028932035479749978,
1791390708.1816428,balance,-0.11758217766169839,-0.014011223896992107,-0.12048278285625778,0.0730169144699109,-0.00038023430194128807,0.002520370892618107,0.17399573404068966,0.45185134184555176,0.0,0.2951555680019812,False,0.0,0.0,-0.0020793007521472677,-0.005315148729667043,0.1840049739935406,0.18106080344386152,1.94,-3.66,-0.014555105265030874,-0.037206041107669306,0.011460712807110925,-0.02929609536036953,
1791390708.1916509,balance,-0.11689147846849951,-0.01331840596158309,-0.11979208366305891,0.06974337127756795,-0.00038023430194128807,0.002520370892618107,0.17399573404068966,0.4378934287081906,0.0,0.29957616593737596,False,0.0,0.0,-0.0033127078749722472,-0.006631997471841129,0.1840049739935406,0.18106080344386152,1.8,-3.68,-0.023188955124805732,-0.046423982302887905,0.0182590197833116,-0.03655431677392748,
1791390708.2016304,balance,-0.11604499439254772,-0.012630766492533155,-0.11893273745648597,0.08663882963454743,-0.00036737217132015026,0.002520370892618107,0.1740727069370086,0.4295312008239456,0.0,0.3,False,0.0,0.0,-0.003683315207302322,-0.00621787813658561,0.1840049739935406,0.1812641580410549,1.84,-3.5,-0.025783206451116255,-0.04352514695609927,0.020301737363083664,-0.03427176925677108,
1791390708.211644,balance,-0.11514553698508023,-0.011929116076735831,-0.11801123257847457,0.10957726699479568,-0.00034532470077622626,0.002520370892618107,0.17422632878704455,0.41721601224311,0.0,0.3,False,0.0,0.0,-0.0042731228683577215,-0.005754508091449566,0.18420761995138657,0.18146750672806256,1.73,-3.33,-0.02991186007850405,-0.04028155664014696,0.02355264573110555,-0.03171776113397398,
1791390708.22163,balance,-0.11398859877320555,-0.010998111508314777,-0.1168414646681511,0.14408313946703055,-0.000332495002327432,0.002520370892618107,0.17430330176142378,0.4059911571290691,0.0,0.3,False,0.0,0.0,-0.0030207142375486278,-0.0046990941570725,0.18420761995138657,0.18167080140947076,1.68,-3.24,-0.021144999662840395,-0.0328936590995075,0.016649606033732594,-0.025900518975990154,
1791390708.2316508,balance,-0.11242460019433309,-0.009811624620680118,-0.11526527388659438,0.16256878401844174,-0.00032030279964317607,0.002520370892618107,0.17438021124503184,0.39882773338020255,0.0,0.3,False,0.0,0.0,-0.0004881908403246538,-0.002127027806490807,0.18420761995138657,0.1818740249535716,1.78,-3.27,-0.0034173358822725763,-0.014889194645435649,0.0026908156553327373,-0.011723775311366653,
1791390708.2416484,balance,-0.11075030933318303,-0.008239862353610529,-0.11360016061283729,0.15529480675875543,-0.00032948038703614277,0.002520370892618107,0.17430356228001165,0.39326612196019933,0.0,0.3,False,0.0,0.0,0.0008493390818954486,-0.0015127264823076789,0.1840049739935406,0.1818740249535716,1.84,-3.18,0.00594537357326814,-0.010589085376153752,-0.004681396514384362,-0.008337862500908465,
1791390708.2516494,balance,-0.10924742208407688,-0.007409489181588624,-0.11209727336373114,0.17005314563881482,-0.00032948038703614277,0.002520370892618107,0.17430356228001165,0.37921781809635174,0.0,0.3,False,0.0,0.0,0.00010901112885320998,-0.0018690679401418646,0.1840049739935406,0.1818740249535716,1.95,-3.21,0.0007630779019724698,-0.013083475580993053,-0.0006008487417106062,-0.010301949276372482,
1791390708.2616613,balance,-0.10785695658492202,-0.006304103416239904,-0.11071599352709947,0.11641648039789987,-0.00033866604955934757,0.002520370892618107,0.17422691332968568,0.375430386016837,0.0,0.3,False,0.0,0.0,-0.0022342864918844384,-0.003972247690244384,0.18380227246209999,0.1818740249535716,2.06,-3.21,-0.01564000544319107,-0.02780573383171069,0.01231496491589848,-0.02189427860764621,
1791390708.2716482,balance,-0.10662542897279531,-0.004520640298400222,-0.10948321626069743,0.13096953412109874,-0.00033741639528401396,0.002520370892618107,0.17422695623400622,0.3718038564709937,0.0,0.3,False,0.0,0.0,-0.0027743205343802465,-0.0037372848324593384,0.1835995660144428,0.18207724849767246,2.22,-3.12,-0.019420243740661727,-0.02616099382721537,0.015291530504458053,-0.020599207737964857,
1791390708.2816412,balance,-0.1052051634910689,-0.0027554775988134746,-0.1080733566979058,0.1494616275081708,-0.00034782231421879445,0.002520370892618107,0.17415014505122395,0.36414453879175884,0.0,0.3,False,0.0,0.0,-0.0018991567859507744,-0.0016186062103446426,0.18339669919636176,0.18207724849767246,2.36,-3.0700000000000003,-0.013294097501655422,-0.011330243472412498,0.010467793308390096,-0.008921451553080707,
1791390708.2916527,balance,-0.10374654013739436,-0.0014625062337110524,-0.10662514844654672,0.13431698211261592,-0.0003582374165342489,0.002520370892618107,0.17407333388731586,0.36429417880974074,0.0,0.3,False,0.0,0.0,-0.0014980303778742805,-0.0008053393380937229,0.18319383237828066,0.18207724849767246,2.46,-3.09,-0.010486212645119963,-0.005637375366656061,0.008256860350488159,-0.004438878241461465,
1791390708.3016665,balance,-0.10234984923488084,-0.00041787006798781783,-0.1052284575440332,0.14421902033477882,-0.0003582374165342489,0.002520370892618107,0.17407333388731586,0.36308654178886607,0.0,0.3,False,0.0,0.0,0.00015816058853727145,0.0007410748928367866,0.18319383237828066,0.18207724849767246,2.46,-3.04,0.0011071241197609001,0.005187524249857506,-0.0008717512754022836,0.004084664763667327,
1791390708.311644,balance,-0.10088353563247908,0.0009853475864092884,-0.10376091766107354,0.13473709512257528,-0.0003570111359763456,0.002520370892618107,0.1740733735136659,0.3604391784837378,0.0,0.3,False,0.0,0.0,0.002344915249588363,0.0013337612933198941,0.18299090309463303,0.18228032526567667,2.62,-2.92,0.01641440674711854,0.00933632905323926,-0.012924729722140583,0.007351440199400991,
1791390708.321649,balance,-0.0996947165495076,0.0022263985414032943,-0.10258252233223986,0.11988668820318248,-0.0003674348901141454,0.002520370892618107,0.1739965623664318,0.35275632318721484,0.0,0.3,False,0.0,0.0,0.0014899042314912812,-0.0003770855685157669,0.18278792047945228,0.18228032526567667,2.6,-2.88,0.010429329620438969,-0.0026395989796103685,-0.008212070567274778,-0.0020784243933939907,
1791390708.3316483,balance,-0.09843776844266784,0.0034748865688733394,-0.1013139241912627,0.13039535284866446,-0.0003557848559767457,0.002520370892618107,0.1740734131402777,0.35240788207889795,0.0,0.3,False,0.0,0.0,0.0022474505562254036,0.0012577893946438892,0.18278792047945228,0.1824833928624771,2.65,-2.74,0.015732153893577825,0.008804525762507225,-0.012387522750848682,0.00693269745079309,
1791390708.3416495,balance,-0.09721680094733097,0.00468162663672456,-0.10008131694387765,0.10756623748626407,-0.00034414510392857117,0.002520370892618107,0.17415026393772856,0.3458983602722655,0.0,0.3,False,0.0,0.0,0.0011693190210307213,0.0015400579648237552,0.18278792047945228,0.18268642214220357,2.68,-2.79,0.00818523314721505,0.010780405753766287,-0.00644506547024807,0.00848850846753251,
1791390708.351651,balance,-0.09625571866689335,0.0057027571441696885,-0.09912023466344003,0.07874489774813578,-0.00034414510392857117,0.002520370892618107,0.17415026393772856,0.33881925091453824,0.0,0.3,False,0.0,0.0,-0.002261441515146825,-0.00029608657040367014,0.18278792047945228,0.18268642214220357,2.67,-2.68,-0.015830090606027775,-0.002072605992825691,0.012464638272462815,-0.0016319732226973945,
1791390708.361641,balance,-0.09537249787964772,0.006498761311832954,-0.09822660958552572,0.10409521129659793,-0.000333740813259889,0.002520370892618107,0.17422707512717414,0.3357327641839522,0.0,0.3,False,0.0,0.0,-0.0026099496593203994,0.00041886608403793606,0.18299090309463303,0.18268642214220357,2.67,-2.67,-0.018269647615242794,0.0029320625882655526,0.014385549303340782,0.002308710699421695,
1791390708.3716507,balance,-0.09433966177045403,0.007306618666385702,-0.0971931858074064,0.09501027068865689,-0.00033315314433425905,0.002520370892618107,0.17422709413659285,0.3323007035700204,0.0,0.3,False,0.0,0.0,-0.0017521807316073304,0.0007634137100193621,0.18278792047945228,0.1828894047573843,2.58,-2.69,-0.012265265121251312,0.005343895970135535,0.009657689071851426,0.004207792102468925,
1791390708.3816426,balance,-0.0932171113849627,0.008205087361983358,-0.09607063542191507,0.12695334031488034,-0.00033315314433425905,0.002520370892618107,0.17422709413659285,0.32711753740917904,0.0,0.3,False,0.0,0.0,0.00021274870746428994,0.0022636390204587554,0.18278792047945228,0.1828894047573843,2.66,-2.58,0.0014892409522500297,0.01584547314321129,-0.0011726306710630155,0.012476750506465581,
1791390708.3916514,balance,-0.09189007242210671,0.008752303776121954,-0.09474359645905908,0.14538469908249,-0.00033315314433425905,0.002520370892618107,0.17422709413659285,0.3229447663520131,0.0,0.3,False,0.0,0.0,0.0027821939204452396,0.004935159552505893,0.18278792047945228,0.1828894047573843,2.7,-2.6,0.019475357443116677,0.03454611686754125,-0.015334927120564312,0.02720166682483563,
1791390708.4016552,balance,-0.09038887347840305,0.009073994379206803,-0.09324239751535542,0.13932169058555033,-0.00033315314433425905,0.002520370892618107,0.17422709413659285,0.3152086648433111,0.0,0.3,False,0.0,0.0,0.004025196996854377,0.0060058481820830486,0.18278792047945228,0.1828894047573843,2.69,-2.57,0.028176378977980636,0.04204093727458134,-0.022186125179512312,0.03310310021620578,
1791390708.411648,balance,-0.08905480562793212,0.009306027625984977,-0.09190832966488449,0.13891374722499716,-0.00033315314433425905,0.002520370892618107,0.17422709413659285,0.3069473470919803,0.0,0.3,False,0.0,0.0,0.002982519257282887,0.005368101791541382,0.18278792047945228,0.1828894047573843,2.66,-2.56,0.020877634800980212,0.037576712540789675,-0.01643908252045686,0.02958796263054305,
1791390708.421646,balance,-0.08766884601387735,0.009837721814915008,-0.09052237005082972,0.13527978775699256,-0.00033315314433425905,0.002520370892618107,0.17422709413659285,0.3010476218511023,0.0,0.3,False,0.0,0.0,0.003205777931309819,0.005516881137892949,0.18278792047945228,0.1828894047573843,2.69,-2.59,0.022440445519168732,0.038618167965250645,-0.017669642141077743,0.0304080062718509,
1791390708.4316487,balance,-0.0864411916973828,0.009957187766048623,-0.08929471573433517,0.11357947955598718,-0.00033315314433425905,0.002520370892618107,0.17422709413659285,0.2943807972781699,0.0,0.3,False,0.0,0.0,0.0017268086741161614,0.00406573389185344,0.18278792047945228,0.1828894047573843,2.66,-2.58,0.012087660718813129,0.028460137242974082,-0.009517843085679628,0.02240955688423156,
1791390708.4416442,balance,-0.0852969253182737,0.009831461034237708,-0.08815044935522606,0.11530471410941952,-0.00033315314433425905,0.002520370892618107,0.17422709413659285,0.2911316807420557,0.0,0.3,False,0.0,0.0,0.001506288792574225,0.003558731229262542,0.18278792047945228,0.1828894047573843,2.69,-2.61,0.010544021548019575,0.024911118604837794,-0.008302379171668957,0.019615054019557317,
1791390708.4516475,balance,-0.0840177184721027,0.00981454095347415,-0.08687124250905506,0.13437873675425618,-0.00033315314433425905,0.002520370892618107,0.17422709413659285,0.2881730839275417,0.0,0.3,False,0.0,0.0,0.003750115789108893,0.0055407325009742105,0.18278792047945228,0.1828894047573843,2.68,-2.59,0.02625081052376225,0.03878512750681947,-0.020669929546269488,0.030539470477810606,
1791390708.4616654,balance,-0.08268338894099411,0.009460641964602792,-0.08553691297794648,0.13493585076534162,-0.00033315314433425905,0.002520370892618107,0.17422709413659285,0.28381616940362564,0.0,0.3,False,0.0,0.0,0.0048447719424855205,0.006178435053152488,0.18278792047945228,0.1828894047573843,2.66,-2.6,0.033913403597398646,0.04324904537206742,-0.026703467399526493,0.03405436643469875,
1791390708.4716456,balance,-0.08143925949540781,0.008924089204414565,-0.08429278353236018,0.11651988281792174,-0.00033315314433425905,0.002520370892618107,0.17422709413659285,0.27770409680786023,0.0,0.3,False,0.0,0.0,0.004656176000016734,0.0052637995528413166,0.18278792047945228,0.1828894047573843,2.65,-2.59,0.032593232000117135,0.03684659686988922,-0.02566396220481664,0.029013068401487572,
1791390708.4816506,balance,-0.08031480349898387,0.008462261877455694,-0.08316832753593624,0.1143474966037267,-0.00033315314433425905,0.002520370892618107,0.17422709413659285,0.27675664834097896,0.0,0.3,False,0.0,0.0,0.004626921215623643,0.004925730387645476,0.18278792047945228,0.1828894047573843,2.66,-2.59,0.0323884485093655,0.034480112713518335,-0.02550271536170512,0.027149695050014435,
1791390708.491651,balance,-0.07920141337005072,0.00777932181231674,-0.08204454254624031,0.0992672785504556,-0.00032275828357148165,0.002520370892618107,0.17430390534594606,0.272606335018274,0.0,0.3,False,0.0,0.0,0.00476327469018196,0.00453808115680657,0.18299090309463303,0.1828894047573843,2.65,-2.61,0.03334292283127372,0.03176656809764599,-0.02625426994588482,0.025013045746177943,
1791390708.5016284,balance,-0.07824753239542237,0.006922167669048931,-0.08109066157161196,0.0797352905737749,-0.00032275828357148165,0.002520370892618107,0.17430390534594606,0.26770225890871296,0.0,0.3,False,0.0,0.0,0.0032682257016248433,0.003173929092897653,0.18299090309463303,0.1828894047573843,2.5300000000000002,-2.62,0.022877579911373902,0.02221750365028357,-0.01801384244990071,0.017494097362428008,
1791390708.5116475,balance,-0.07743866556225025,0.006416625149329211,-0.08028179473843984,0.08404191540036532,-0.00032275828357148165,0.002520370892618107,0.17430390534594606,0.2680088110197636,0.0,0.3,False,0.0,0.0,0.003286780047610172,0.003401127947391602,0.18299090309463303,0.1828894047573843,2.52,-2.62,0.023007460333271203,0.023807895631741214,-0.018116110498638743,0.01874637451318206,
1791390708.5216315,balance,-0.07647331869497326,0.00574430796033927,-0.07931644787116285,0.11003626524123039,-0.00032275828357148165,0.002520370892618107,0.17430390534594606,0.26646039930256527,0.0,0.3,False,0.0,0.0,0.005611150656440552,0.005187821110772307,0.18299090309463303,0.1828894047573843,2.52,-2.63,0.039278054595083864,0.03631474777540615,-0.03092760204337312,0.028594289586933976,
1791390708.5316494,balance,-0.07543323784234227,0.004671897738907771,-0.07828734954822027,0.0947057388426221,-0.000333740813259889,0.002520370892618107,0.17422707512717414,0.26380192208357084,0.0,0.3,False,0.0,0.0,0.006866725433091714,0.005367261737717656,0.18299090309463303,0.18268642214220357,2.52,-2.77,0.048067078031642,0.03757083216402359,-0.037848092938300784,0.029583332412617,
1791390708.541925,balance,-0.07452831123807391,0.003584742897307346,-0.07737202782308497,0.07138130166314016,-0.00032334569239294425,0.002520370892618107,0.17430388633546304,0.26338913973259526,0.0,0.3,False,0.0,0.0,0.006682457564416322,0.004273940588140982,0.18319383237828066,0.18268642214220357,2.5300000000000002,-2.75,0.046777202950914254,0.029917584116986872,-0.03683244326843642,0.023557152848021158,
1791390708.5516424,balance,-0.0739607051694746,0.0027778792425582647,-0.0768148168753526,0.04814062083762434,-0.000333740813259889,0.002520370892618107,0.17422707512717414,0.25973429260290526,0.0,0.3,False,0.0,0.0,0.0049326989374754915,0.0019949355549278174,0.18299090309463303,0.18268642214220357,2.44,-2.75,0.03452889256232844,0.013964548884494722,-0.027188104379786172,0.01099570778306671,
1791390708.5616508,balance,-0.07326661232585996,0.001965018397346046,-0.07612194922518863,0.08101205434158594,-0.0003349660067105513,0.002520370892618107,0.1742270354958566,0.256314538362076,0.0,0.3,False,0.0,0.0,0.006577187842338994,0.0032683446652360436,0.18319383237828066,0.1824833928624771,2.52,-2.91,0.046040314896372954,0.022878412656652306,-0.03625221645383697,0.018014498154844336,
1791390708.5716643,balance,-0.07246399995596252,0.001045371836367078,-0.07531933685529119,0.08572772113174645,-0.0003349660067105513,0.002520370892618107,0.1742270354958566,0.2511950138650656,0.0,0.3,False,0.0,0.0,0.007008582495351148,0.0034010346373068803,0.18319383237828066,0.1824833928624771,2.42,-2.87,0.04906007746745804,0.02380724246114816,-0.03862998225784097,0.018745860205628472,
1791390708.5816426,balance,-0.07172925831082479,0.00048280378256622863,-0.07459622578034045,0.06602481050890763,-0.00034659657689755166,0.002520370892618107,0.17415018467979715,0.2514785811581099,0.0,0.3,False,0.0,0.0,0.007142581482572972,0.003153102718557748,0.18319383237828066,0.18228032526567667,2.41,-2.9,0.04999807037801081,0.022071719029904235,-0.03936855935276442,0.01737930632275924,
1791390708.591719,balance,-0.07128096645949482,-7.576778814709096e-05,-0.07414793392901048,0.049253926805506214,-0.00034659657689755166,0.002520370892618107,0.17415018467979715,0.2443707459769778,0.0,0.3,False,0.0,0.0,0.0048140951862774345,0.0006739575085140965,0.18319383237828066,0.18228032526567667,2.4,-2.99,0.03369866630394204,0.004717702559598675,-0.026534382916489796,0.003714726424880847,
1791390708.6016502,balance,-0.07091477307101213,-0.0005240477994455688,-0.07378174054052779,0.022280196498387063,-0.00034659657689755166,0.002520370892618107,0.17415018467979715,0.2385848735307659,0.0,0.3,False,0.0,0.0,0.002035438629431609,-0.0017350262230808563,0.18319383237828066,0.18228032526567667,2.4,-3.0100000000000002,0.014248070406021263,-0.012145183561565994,-0.011218953075607293,-0.00956313666265039,
1791390708.6116703,balance,-0.07053296719040929,-0.0008969795730637477,-0.07339993465992495,0.0382595917921614,-0.00034659657689755166,0.002520370892618107,0.17415018467979715,0.23153909434821818,0.0,0.3,False,0.0,0.0,0.000984185902631358,-0.002487839581276572,0.18319383237828066,0.18228032526567667,2.41,-3.0100000000000002,0.006889301318419506,-0.017414877068936005,-0.005424646707416933,-0.013712501629083468,
1791390708.6216338,balance,-0.07020885896165464,-0.0010676596427681509,-0.073087467270807,0.035185945574228286,-0.0003582374165342489,0.002520370892618107,0.17407333388731586,0.22199873261771486,0.0,0.3,False,0.0,0.0,-0.001558589179053069,-0.003658142706534033,0.18319383237828066,0.18207724849767246,2.42,-2.99,-0.010910124253371484,-0.025606998945738233,0.008590649018402743,-0.020162991295856875,
1791390708.6316404,balance,-0.06965375597838941,-0.0015142445301750556,-0.07253236428754177,0.07252407370313328,-0.0003582374165342489,0.002520370892618107,0.17407333388731586,0.21729212667831702,0.0,0.3,False,0.0,0.0,-0.0009177742912173578,-0.0012124051542980888,0.18319383237828066,0.18207724849767246,2.42,-3.08,-0.006424420038521505,-0.008486836080086622,0.005058598455528744,-0.006682548094556396,
1791390708.6416643,balance,-0.06901678161800705,-0.0018012086974075901,-0.07189538992715941,0.06251238600008266,-0.0003582374165342489,0.002520370892618107,0.17407333388731586,0.20908069374277563,0.0,0.3,False,0.0,0.0,-0.002392118137605424,-0.0014377507946857144,0.18319383237828066,0.18207724849767246,2.4,-3.1,-0.016744826963237966,-0.0100642555628,0.013184903120659815,-0.00792461067937008,
1791390708.651638,balance,-0.06835105714557399,-0.001911365632858554,-0.07122966545472635,0.06647840267632242,-0.0003582374165342489,0.002520370892618107,0.17407333388731586,0.1999836472931522,0.0,0.3,False,0.0,0.0,-0.004277196354874815,-0.0014197890617987986,0.18319383237828066,0.18207724849767246,2.42,-3.13,-0.029940374484123705,-0.00993852343259159,0.023575098018995044,-0.007825609002040622,
1791390708.6616468,balance,-0.06782906026898282,-0.001977246677849293,-0.07070766857813518,0.045385102530313914,-0.0003582374165342489,0.002520370892618107,0.17407333388731586,0.18617334182222225,0.0,0.3,False,0.0,0.0,-0.009008038935115918,-0.003880659473473061,0.18319383237828066,0.18207724849767246,2.4,-3.13,-0.06305627254581142,-0.027164616314311427,0.04965060830378852,-0.02138946166481215,
1791390708.6716337,balance,-0.06749587807902055,-0.002369547622914743,-0.07037448638817291,0.028145717359822898,-0.0003582374165342489,0.002520370892618107,0.17407333388731586,0.17386914518978325,0.0,0.3,False,0.0,0.0,-0.014778571921938207,-0.00646782549494483,0.18319383237828066,0.18207724849767246,2.41,-3.16,-0.10345000345356745,-0.04527477846461381,0.08145669563273027,-0.035649431861900636,
1791390708.6816456,balance,-0.06715895849782436,-0.0027842616275118165,-0.0700492179296674,0.03234713344857025,-0.00036988853922492043,0.002520370892618107,0.17399648311844387,0.15484188044940994,0.0,0.3,False,0.0,0.0,-0.020011342839126325,-0.008489341906290436,0.18319383237828066,0.1818740249535716,2.4,-3.2800000000000002,-0.1400793998738843,-0.05942539334403305,0.11029874005817661,-0.04679164830238823,
1791390708.6916525,balance,-0.06659392333702258,-0.0029190464755968013,-0.06948418276886562,0.08601655475754863,-0.00036988853922492043,0.002520370892618107,0.17399648311844387,0.13349290965110303,0.0,0.3,False,0.0,0.0,-0.022651628097174484,-0.007733807891371045,0.18319383237828066,0.1818740249535716,2.39,-3.22,-0.1585613966802214,-0.05413665523959732,0.12485149344899323,-0.04262728759023411,
1791390708.7016292,balance,-0.06540347268272277,-0.0030859716734243396,-0.0682937321145658,0.14638870200873652,-0.00036988853922492043,0.002520370892618107,0.17399648311844387,0.11396680021180869,0.0,0.3,False,0.0,0.0,-0.022921123188092914,-0.005102114524507099,0.18319383237828066,0.1818740249535716,2.41,-3.25,-0.1604478623166504,-0.035714801671549695,0.12633689946192944,-0.02812189107996039,
1791390708.7116463,balance,-0.06374475550447725,-0.0033177595065861146,-0.06663501493632029,0.17776148631148564,-0.00036988853922492043,0.002520370892618107,0.17399648311844387,0.08897051682739722,0.0,0.3,False,0.0,0.0,-0.023401165881947267,-0.0035027970673967945,0.18319383237828066,0.1818740249535716,2.41,-3.2800000000000002,-0.16380816117363087,-0.02451957947177756,0.1289828040737251,-0.019306755489588632,
1791390708.7216258,balance,-0.061604596284884836,-0.0035842942793038856,-0.0645070967471621,0.23160325942596083,-0.0003821295696591516,0.002520370892618107,0.1739195737403823,0.06730523993509714,0.0,0.3,False,0.0,0.0,-0.021959106100797137,-0.0007751001230017885,0.18319383237828066,0.18167080140947076,2.47,-3.38,-0.15371374270557997,-0.005425700861012519,0.12103444307525982,-0.004272205402372062,
1791390708.7316463,balance,-0.0593565631835818,-0.0035081246449710536,-0.06226950772034766,0.20896375707411982,-0.0003925736441477562,0.002520370892618107,0.1738427626387582,0.04714155092297844,0.0,0.3,False,0.0,0.0,-0.02353366451637457,-0.0024819462733552578,0.18299090309463303,0.18167080140947076,2.46,-3.35,-0.164735651614622,-0.017373623913486805,0.1297131115075764,-0.013680018829517169,
1791390708.741652,balance,-0.057622698279748516,-0.0033796576731697655,-0.06053564281651438,0.14635829556070315,-0.0003925736441477562,0.002520370892618107,0.1738427626387582,0.025186371134693557,0.0,0.3,False,0.0,0.0,-0.029528091469243727,-0.009845503982535425,0.18299090309463303,0.18167080140947076,2.5500000000000003,-3.36,-0.20669664028470608,-0.06891852787774798,0.16275326006669769,-0.054266557384053525,
1791390708.75165,balance,-0.05661330007964698,-0.0034201790451592004,-0.05952624461641284,0.07773657036784432,-0.0003925736441477562,0.002520370892618107,0.1738427626387582,-0.0007826591280125255,0.0,0.2999960867043599,False,0.0,0.0,-0.03965084446424936,-0.021533109680514393,0.18299090309463303,0.18167080140947076,2.5300000000000002,-3.38,-0.2775559112497455,-0.15073176776360075,0.21854796161397283,-0.11868643130992185,
1791390708.7617514,balance,-0.055728760478916346,-0.003490850352523472,-0.05864170501568221,0.10853254059121274,-0.0003925736441477562,0.002520370892618107,0.1738427626387582,-0.029961139037976998,0.0,0.2997592124295805,False,0.0,0.0,-0.04609664274530572,-0.02793173307318702,0.18299090309463303,0.18167080140947076,2.52,-3.36,-0.32267649921714003,-0.19552213151230913,0.25407598363554335,-0.15395443426166072,
1791390708.7716491,balance,-0.05414325445242553,-0.0035030701607123467,-0.05705619898919139,0.17420929513340067,-0.0003925736441477562,0.002520370892618107,0.1738427626387582,-0.04980940097269509,0.0,0.29931073543157094,False,0.0,0.0,-0.04512631663881988,-0.025924162500727366,0.18299090309463303,0.18167080140947076,2.5500000000000003,-3.35,-0.31588421647173914,-0.18146913750509155,0.24872772950530642,-0.1428890846496784,
1791390708.7816443,balance,-0.052200829244766926,-0.0033952135480448497,-0.05511377378153279,0.1904031655505163,-0.0003925736441477562,0.002520370892618107,0.1738427626387582,-0.07115571019876289,0.0,0.2986603079392016,False,0.0,0.0,-0.046555193271714146,-0.024704872740156127,0.18299090309463303,0.18167080140947076,2.5500000000000003,-3.35,-0.325886352901999,-0.1729341091810929,0.25660342748188897,-0.13616858990637234,
1791390708.791653,balance,-0.050482469274474064,-0.0033956099092649623,-0.053395413811239925,0.16143370578017807,-0.0003925736441477562,0.002520370892618107,0.1738427626387582,-0.09840122059857728,0.0,0.2977445162368624,False,0.0,0.0,-0.05445677205140913,-0.027520237502060653,0.18299090309463303,0.18167080140947076,2.5100000000000002,-3.33,-0.3811974043598639,-0.19264166251442458,0.3001554365038298,-0.1516863484365548,
1791390708.8016295,balance,-0.04872253214954345,-0.0034829625341589645,-0.051635476686309315,0.19444190142891388,-0.0003925736441477562,0.002520370892618107,0.1738427626387582,-0.12885694743849552,0.0,0.29652868399118104,False,0.0,0.0,-0.059429019255423134,-0.029376698763177576,0.18299090309463303,0.18167080140947076,2.52,-3.34,-0.4160031347879619,-0.20563689134224303,0.3275615234550881,-0.16191881208050632,
1791390708.8116443,balance,-0.046323994488366334,-0.0035809330969784415,-0.049236939025132195,0.2782655482947035,-0.0003925736441477562,0.002520370892618107,0.1738427626387582,-0.15728118865480656,0.0,0.29502481829059446,False,0.0,0.0,-0.058471520161749016,-0.028068890028964216,0.18299090309463303,0.18167080140947076,2.58,-3.35,-0.4093006411322431,-0.19648223020274952,0.32228396939546705,-0.15471041748247993,
1791390708.8216486,balance,-0.04303785703850404,-0.0034289995797837833,-0.0459508015752699,0.3596258792514049,-0.0003925736441477562,0.002520370892618107,0.1738427626387582,-0.18292865455526128,0.0,0.29326297499788806,False,0.0,0.0,-0.05139510793047572,-0.023994748760272414,0.18299090309463303,0.18167080140947076,2.57,-3.35,-0.35976575551333,-0.1679632413219069,0.28328012245144096,-0.13225452072591096,
1791390708.8316464,balance,-0.03902389479352806,-0.003173932634732643,-0.04193683933029392,0.42278739867880955,-0.0003925736441477562,0.002520370892618107,0.1738427626387582,-0.2134863457187617,0.0,0.2912029283883366,False,0.0,0.0,-0.04635435308280391,-0.021083930067045124,0.18299090309463303,0.18167080140947076,2.59,-3.35,-0.3244804715796274,-0.14758751046931587,0.25549643431466723,-0.11621063816481564,
1791390708.8416502,balance,-0.03484159097770683,-0.0028909557348991265,-0.03776742582902398,0.40425862601278534,-0.0004054639586990455,0.002520370892618107,0.1737657897989075,-0.2454132077502957,0.0,0.28883199402023124,False,0.0,0.0,-0.047112364066186255,-0.02188354534660469,0.18299090309463303,0.18146750672806256,2.58,-3.39,-0.3297865484633038,-0.15318481742623283,0.2596744476089006,-0.12061796647734868,
1791390708.851644,balance,-0.030925459030812494,-0.00268149735817007,-0.033851293882129645,0.39574947107586317,-0.0004054639586990455,0.002520370892618107,0.1737657897989075,-0.28018888781844653,0.0,0.2861152857884695,False,0.0,0.0,-0.05179404174908956,-0.025225854760504422,0.18299090309463303,0.18146750672806256,2.54,-3.48,-0.3625582922436269,-0.17658098332353095,0.28547897027057234,-0.13904014434923698,
1791390708.8616607,balance,-0.026467412448456552,-0.0025130032424563304,-0.029403710940675655,0.4917511351635665,-0.0004159275996009938,0.002520370892618107,0.173688978739698,-0.31385897688565745,0.0,0.28306034219082143,False,0.0,0.0,-0.0506347615335547,-0.022366126084876974,0.18278792047945228,0.18146750672806256,2.65,-3.47,-0.3544433307348829,-0.1565628825941388,0.2790892367991204,-0.12327786031034552,
1791390708.8716438,balance,-0.020820271853375566,-0.0021902469102057422,-0.02375657034559467,0.5968571220066397,-0.0004159275996009938,0.002520370892618107,0.173688978739698,-0.33635162915923533,0.0,0.27975106580595316,False,0.0,0.0,-0.040520464175351344,-0.011970779335317337,0.18278792047945228,0.18146750672806256,2.66,-3.48,-0.2836432492274594,-0.08379545534722135,0.2233411411239838,-0.06598067350174909,
1791390708.881649,balance,-0.014553528439001392,-0.0017678778185209077,-0.017489826931220493,0.6457432226768808,-0.0004159275996009938,0.002520370892618107,0.173688978739698,-0.3587572631482848,0.0,0.2762197295401448,False,0.0,0.0,-0.03227349169949077,-0.005157565403922594,0.18278792047945228,0.18146750672806256,2.67,-3.45,-0.2259144418964354,-0.03610295782745816,0.17788538732002787,-0.028427525848392254,
1791390708.8916473,balance,-0.008177642239171013,-0.0014789819005097964,-0.011101040083773675,0.577106624170095,-0.00040302695198455446,0.002520370892618107,0.17376595155611338,-0.38915418823887954,0.0,0.27240299945069896,False,0.0,0.0,-0.03139016183314468,-0.0057636902721213135,0.18278792047945228,0.18167080140947076,2.6,-3.35,-0.21973113283201273,-0.040345831904849194,0.17301664002520686,-0.03176837157862141,
1791390708.901631,balance,-0.00300798726558401,-0.0014179721389528503,-0.005931385110186671,0.5147642053598476,-0.00040302695198455446,0.002520370892618107,0.17376595155611338,-0.4224937567076686,0.0,0.26825959783482506,False,0.0,0.0,-0.03875639403166641,-0.014723998132831479,0.18278792047945228,0.18167080140947076,2.65,-3.3200000000000003,-0.2712947582216649,-0.10306798692982035,0.21361791985957865,-0.08115589522033098,
1791390708.9116461,balance,0.0020611008786319855,-0.0012048080413229593,-0.0008622969659706761,0.5019573678793736,-0.00040302695198455446,0.002520370892618107,0.17376595155611338,-0.446556257124425,0.0,0.2638511150716598,False,0.0,0.0,-0.04143605019584694,-0.018532709425873886,0.18278792047945228,0.18167080140947076,2.68,-3.3200000000000003,-0.29005235137092855,-0.12972896598111722,0.22838767824482561,-0.10214879211111592,
1791390708.921629,balance,0.007763347936917448,-0.0007292227917222375,0.004839950092314786,0.5973702143317509,-0.00040302695198455446,0.002520370892618107,0.17376595155611338,-0.4724203813756528,0.0,0.2591933390599926,False,0.0,0.0,-0.03530697355285105,-0.011474209893965387,0.18278792047945228,0.18167080140947076,2.71,-3.31,-0.24714881486995732,-0.08031946925775771,0.19460536603933648,-0.06324367658091158,
1791390708.9316452,balance,0.013994863067940734,-0.0006453573819720675,0.011083726316133791,0.6314590293567529,-0.0003907658591888359,0.002520370892618107,0.1738428608896801,-0.49778375420206006,0.0,0.25428271858491264,False,0.0,0.0,-0.03127012135979162,-0.005863414046587847,0.18278792047945228,0.1818740249535716,2.71,-3.16,-0.21889084951854132,-0.04104389832611493,0.17235499962089867,-0.03231803017804325,
1791390708.9416406,balance,0.019989284833950228,-0.0010031913662431147,0.017078148082143287,0.5746027141000014,-0.0003907658591888359,0.002520370892618107,0.1738428608896801,-0.5291528699722362,0.0,0.24905539552163497,False,0.0,0.0,-0.034071368561193,-0.007035901273215758,0.18278792047945228,0.1818740249535716,2.74,-3.23,-0.238499579928351,-0.049251308912510304,0.18779494482547324,-0.03878055819882701,
1791390708.9516459,balance,0.02551272717885156,-0.0010500000104015504,0.022589934501381692,0.5488189538625338,-0.00040242178485176,0.002520370892618107,0.1737660109942462,-0.5583057809692391,0.0,0.2435611510081852,False,0.0,0.0,-0.03808428340613056,-0.010201667334496185,0.18258493369347872,0.1818740249535716,2.77,-3.22,-0.26658998384291394,-0.0714116713414733,0.20991337310465663,-0.056229662473601026,
1791390708.9616377,balance,0.031253910437865094,-0.0007081681209270391,0.02834277368605815,0.5739351386888832,-0.0003907658591888359,0.002520370892618107,0.1738428608896801,-0.5809418357278353,0.0,0.23779649078144552,False,0.0,0.0,-0.03685804756642742,-0.00932349279926915,0.18278792047945228,0.1818740249535716,2.7800000000000002,-3.22,-0.2580063329649919,-0.06526444959488405,0.2031545928858204,-0.05138933038967248,
1791390708.9716437,balance,0.03755851640495683,-0.0005148810659038283,0.034647379653149894,0.654677009443826,-0.0003907658591888359,0.002520370892618107,0.1738428608896801,-0.6047062861085786,0.0,0.2318115644227141,False,0.0,0.0,-0.029168331040958503,-0.0018877429917436566,0.18278792047945228,0.1818740249535716,2.69,-3.25,-0.20417831728670952,-0.013214200942205595,0.1607703285722122,-0.010404882631657949,
1791390708.9816482,balance,0.04423177335013964,-0.0008487521708007853,0.041296708993643495,0.6982931962357081,-0.0004146934638780443,0.002520370892618107,0.17368910168553514,-0.6301401896518558,0.0,0.2255858130141047,False,0.0,0.0,-0.02364060554377717,0.003572809214169468,0.18258493369347872,0.18167080140947076,2.77,-3.46,-0.1654842388064402,0.025009664499186277,0.1303025502412915,0.019692649211957697,
1791390708.9916382,balance,0.051289294565204084,-0.00113866382512562,0.04834131867811304,0.6780796384689757,-0.0004276049944729361,0.002520370892618107,0.17361212889528413,-0.6516667079670048,0.0,0.21913059230798893,False,0.0,0.0,-0.018741849808721966,0.007158523111497143,0.18258493369347872,0.18146750672806256,2.81,-3.56,-0.13119294866105377,0.05010966178048,0.10330153437878249,0.03945642659880315,
1791390709.0016403,balance,0.057716595321338326,-0.001400954499224184,0.05476738474221333,0.6366211086959229,-0.0004288396865068933,0.002520370892618107,0.17361200595221468,-0.6707528840674699,0.0,0.2124720354230228,False,0.0,0.0,-0.019559696895826234,0.0062228902764766315,0.18278792047945228,0.1812641580410549,2.77,-3.75,-0.13691787827078364,0.043560231935336424,0.10780935296912098,0.03429939522467435,
1791390709.0116434,balance,0.06388476553271383,-0.0014807431734441174,0.06091093220717143,0.5737018922321849,-0.0004534624329242988,0.002520370892618107,0.17345818340172509,-0.6946173444185583,0.0,0.20560938789981414,False,0.0,0.0,-0.02207095091487512,0.00355407684620835,0.18258493369347872,0.18106080344386152,2.7,-3.77,-0.15449665640412583,0.02487853792345845,0.12165091055442978,0.019589399939731064,
1791390709.021638,balance,0.06966481623054578,-0.0019713567069902537,0.06669098290500337,0.5730640476384962,-0.0004534624329242988,0.002520370892618107,0.17345818340172509,-0.7162121586431368,0.0,0.1984922702877356,False,0.0,0.0,-0.023655096443208377,0.001539896817423764,0.18258493369347872,0.18106080344386152,2.83,-3.74,-0.16558567510245864,0.010779277721966348,0.1303824213405186,0.00848762025351681,
1791390709.0316505,balance,0.07558217074852032,-0.0024887498291303366,0.07262127187682851,0.6330725287680397,-0.0004405279790736967,0.002520370892618107,0.17353515613400125,-0.7303042324636267,0.0,0.19120784323902335,False,0.0,0.0,-0.018248728315060032,0.005707436391443852,0.18258493369347872,0.1812641580410549,2.7800000000000002,-3.48,-0.12774109820542023,0.03995205474010696,0.10058354189403168,0.03145831081898186,
1791390709.0416422,balance,0.08166507085091844,-0.0031744101240132987,0.07872877235869934,0.593234030460258,-0.0004159275996009938,0.002520370892618107,0.173688978739698,-0.7480803573150194,0.0,0.18377112352130714,False,0.0,0.0,-0.01581281561648156,0.007732606717741521,0.18278792047945228,0.18146750672806256,2.69,-3.41,-0.11068970931537092,0.05412824702419065,0.08715725142942592,0.04262066694818161,
1791390709.0516438,balance,0.08793286202006713,-0.0037283215676077,0.08502172526826018,0.5842690886807121,-0.0003907658591888359,0.002520370892618107,0.1738428608896801,-0.759134230134566,0.0,0.17618113789447337,False,0.0,0.0,-0.01227782904140551,0.01117387540297257,0.18278792047945228,0.1818740249535716,2.66,-3.0700000000000003,-0.08594480328983857,0.07821712782080799,0.0676730734565658,0.06158828962268346,
1791390709.0616288,balance,0.09384872851505999,-0.004305345902421483,0.09094926240247406,0.5909495850208334,-0.00037909521996781423,0.002520370892618107,0.17391971161622213,-0.7695719248448707,0.0,0.16849238285296916,False,0.0,0.0,-0.008753726857329986,0.01402933601462764,0.18278792047945228,0.18207724849767246,2.66,-3.02,-0.0612760880013099,0.09820535210239348,0.0482488881900078,0.07732704889952242,
1791390709.0716739,balance,0.09924181961135765,-0.005127584266004092,0.09635278700434938,0.5333170404573481,-0.0003686617143901609,0.002520370892618107,0.17399652274230687,-0.7792578631322341,0.0,0.1607148371468729,False,0.0,0.0,-0.00895777399492867,0.013363991799701345,0.18299090309463303,0.18207724849767246,2.5500000000000003,-3.12,-0.06270441796450069,0.09354794259790941,0.04937355745236274,0.0736597973211885,
1791390709.081664,balance,0.10431742658514938,-0.005493398980645147,0.1014283939781411,0.46789224606482377,-0.0003686617143901609,0.002520370892618107,0.17399652274230687,-0.789336492020051,0.0,0.15281666847676242,False,0.0,0.0,-0.010429587320733551,0.011837029067637617,0.18299090309463303,0.18207724849767246,2.5300000000000002,-3.14,-0.07300711124513486,0.08285920347346332,0.05748591436624792,0.06524346730193961,
1791390709.0916657,balance,0.1088381466729123,-0.005795675056877627,0.10592700992110536,0.43476731867443175,-0.0003907658591888359,0.002520370892618107,0.1738428608896801,-0.7944150117621501,0.0,0.1448560062358779,False,0.0,0.0,-0.011822600683416324,0.010556688954327046,0.18278792047945228,0.1818740249535716,2.62,-3.22,-0.08275820478391427,0.07389682268028933,0.06516394077473564,0.05818647455140892,
1791390709.1016278,balance,0.11318307497884991,-0.006325283236925254,0.11027013044208404,0.4551160555961863,-0.0003925736441477562,0.002520370892618107,0.1738427626387582,-0.7851009731234169,0.0,0.1369887970929755,False,0.0,0.0,-0.006586716449071313,0.014808082218402952,0.18299090309463303,0.18167080140947076,2.6,-3.47,-0.04610701514349919,0.10365657552882067,0.036304736333463934,0.08161935081009501,
1791390709.1116414,balance,0.11746594927404591,-0.006497326238199325,0.11452721268310187,0.3992447523246165,-0.0004183656983259357,0.002520370892618107,0.17368881698795535,-0.7933596270042527,0.0,0.12907766254686193,False,0.0,0.0,-0.005752537358154499,0.01568115641939289,0.18299090309463303,0.1812641580410549,2.48,-3.75,-0.040267761507081494,0.10976809493575024,0.03170689882447362,0.08643157081555136,
1791390709.1217058,balance,0.12148628480415355,-0.006275025304589848,0.118521710397934,0.36380807525287695,-0.00044420351360144675,0.002520370892618107,0.17353487145290056,-0.7983282262174087,0.0,0.12110988428654892,False,0.0,0.0,-0.005145431561086227,0.015670668328430934,0.18299090309463303,0.1808573791256606,2.5100000000000002,-3.86,-0.03601802092760359,0.10969467829901654,0.028360646399687866,0.0863737624401705,
1791390709.1316242,balance,0.12502020525311505,-0.006718436020030324,0.1220556308468955,0.3400190014488477,-0.00044420351360144675,0.002520370892618107,0.17353487145290056,-0.7992060475731866,0.0,0.11312781764899806,False,0.0,0.0,-0.004666923535519339,0.015727756256213216,0.18299090309463303,0.1808573791256606,2.52,-3.86,-0.03266846474863537,0.11009429379349252,0.02572320058947667,0.08668842030983663,
1791390709.141662,balance,0.12807997876293312,-0.007770041297633426,0.12512832899209458,0.2826736391795719,-0.0004312788782204133,0.002520370892618107,0.1736118442059402,-0.8088522300075215,0.0,0.10509224188546692,False,0.0,0.0,-0.007416013318210458,0.011868838323061778,0.18299090309463303,0.18106080344386152,2.48,-3.7600000000000002,-0.051912093227473206,0.08308186826143245,0.04087566395864032,0.06541879390663972,
1791390709.1516407,balance,0.13083113552457337,-0.008623744999898656,0.12789239893362933,0.24834421750868516,-0.0004183656983259357,0.002520370892618107,0.17368881698795535,-0.8210169209681382,0.0,0.09691024646889429,False,0.0,0.0,-0.010416694283375364,0.007577756339910849,0.18299090309463303,0.1812641580410549,2.52,-3.74,-0.07291685998362754,0.053044294379375946,0.05741485038080909,0.04176716092864248,
1791390709.1616333,balance,0.1334044078400333,-0.008561055419461137,0.13046567124908925,0.27566314442260914,-0.0004183656983259357,0.002520370892618107,0.17368881698795535,-0.8279606952727941,0.0,0.08865103635438147,False,0.0,0.0,-0.010328961998199883,0.007242438925371158,0.18299090309463303,0.1812641580410549,2.5,-3.5500000000000003,-0.07230273398739918,0.0506970724775981,0.05693128660425133,0.039918954706770156,
1791390709.17165,balance,0.13611703135496966,-0.009272874104327521,0.1331911965036525,0.27312732647028776,-0.0004054639586990455,0.002520370892618107,0.1737657897989075,-0.8499661847241702,0.0,0.08020960376626299,False,0.0,0.0,-0.01227492398092204,0.00646311838210906,0.18299090309463303,0.18146750672806256,2.5,-3.36,-0.08592446786645427,0.045241828674763424,0.06765706131216871,0.03562348714548301,
1791390709.1816473,balance,0.1388118673677183,-0.010001245711052606,0.13590936690544103,0.2412069314666552,-0.0003821295696591516,0.002520370892618107,0.1739195737403823,-0.8664301752216249,0.0,0.07158282508680454,False,0.0,0.0,-0.016555021722279094,0.0038402211077584038,0.18319383237828066,0.18167080140947076,2.41,-3.23,-0.11588515205595365,0.026881547754308826,0.09124815122516035,0.02116657303488884,
1791390709.191647,balance,0.14141392326409202,-0.009339800144673685,0.13851142280181475,0.2865939813590293,-0.0003821295696591516,0.002520370892618107,0.1739195737403823,-0.8788869864617659,0.0,0.06282636321709371,False,0.0,0.0,-0.017218399478182687,0.004887650051127074,0.18319383237828066,0.18167080140947076,2.33,-3.54,-0.12052879634727881,0.03421355035788952,0.09490456405297544,0.02693980343140907,
1791390709.2016451,balance,0.1446941930862327,-0.007948962358957552,0.14176592122366385,0.37010787274193047,-0.00040790096995070926,0.002520370892618107,0.1737656280427336,-0.8997434152348216,0.0,0.05386368016851671,False,0.0,0.0,-0.013760707532953881,0.010200053909400012,0.18319383237828066,0.1812641580410549,2.37,-3.68,-0.09632495273067716,0.07140037736580009,0.07584641947297414,0.056220769579370146,
1791390709.2116473,balance,0.14898299740664817,-0.007462550390456772,0.14606274509564,0.449703746686555,-0.0003998814183900738,0.002520370892618107,0.17384227735695454,-0.9109572297470517,0.0,0.04480032813811252,False,0.0,0.0,-0.0034117228148008273,0.020189572983472643,0.1835995660144428,0.18106080344386152,2.11,-3.87,-0.023882059703605792,0.1413270108843085,0.018804771420162042,0.11128111093252636,
1791390709.2216377,balance,0.15288550082887503,-0.007307337289195673,0.14997567134556472,0.36228672344164625,-0.00038945859069219185,0.002520370892618107,0.1739190851717373,-0.9226992699335946,0.0,0.03561326041149575,False,0.0,0.0,-0.0051163173564704,0.017420850985563684,0.18380227246209999,0.18106080344386152,1.95,-3.7600000000000002,-0.0358142214952928,0.12194595689894579,0.02820017440574236,0.09602043850310692,
1791390709.2316446,balance,0.15650686999649854,-0.007028809887432191,0.15359704051318823,0.33698531303417534,-0.00038945859069219185,0.002520370892618107,0.1739190851717373,-0.9509011939277745,0.0,-0.004766809511679714,False,0.0,0.0,0.04641714121974934,0.06709127656134399,0.18380227246209999,0.18106080344386152,1.93,-3.64,0.3249199885382454,0.4696389359294079,-0.2558425106600357,0.3697944377396913,
1791390709.2416472,balance,0.1600639783377781,-0.007479295451582974,0.15716702073179264,0.38315360870802695,-0.0003765867133673495,0.002520370892618107,0.17399605804741575,-0.9073845459742113,0.0,-0.013974490632226097,False,0.0,0.0,0.013886152939301519,0.032580542247036354,0.18380227246209999,0.1812641580410549,2.09,-3.46,0.09720307057511063,0.22806379572925448,-0.0765378508465438,0.1795777919127988,
1791390709.2516482,balance,0.16127479113379514,-0.007894664456865985,0.15835453882278697,-0.13922984931684346,-0.0003998814183900738,0.002520370892618107,0.17384227735695454,-0.8951561862596327,0.0,-0.022915456681797355,False,0.0,0.0,-0.02201544875755208,-0.004079175200167073,0.1835995660144428,0.18106080344386152,2.23,-3.69,-0.15410814130286457,-0.02855422640116951,0.12134499315186187,-0.02248364283556654,
1791390709.2616472,balance,0.15858067598667247,-0.007994530084173734,0.15565240412410364,-0.2971727395386816,-0.00040790096995070926,0.002520370892618107,0.1737656280427336,-0.9294618535458543,0.0,-0.032104596957901445,False,0.0,0.0,-0.05842475587262292,-0.03841629395594726,0.18319383237828066,0.1812641580410549,2.41,-3.56,-0.40897329110836045,-0.26891405769163085,0.32202621347114996,-0.21174335251309515,
1791390709.2716413,balance,0.1568941820214012,-0.0079243391083286,0.15397880156442117,-0.016281632933944308,-0.00039500956436193044,0.002520370892618107,0.17384260087712544,-0.9546531475271192,-0.9224705554355145,-0.0001609129604580234,False,0.0,0.0,0.04453457879714127,0.06682449735294888,0.18319383237828066,0.18146750672806256,2.42,-3.39,0.31174205157998885,0.4677714814706421,-0.2454661823464479,0.3683240011579859,
1791390709.2816453,balance,0.15944160363240317,-0.007716377583494869,0.15652622317542314,0.4921080222962455,-0.00039500956436193044,0.002520370892618107,0.17384260087712544,-0.9576903841709664,0.0,-0.005057986039648672,False,0.0,0.0,0.05960397462280957,0.08397340952146753,0.18319383237828066,0.18146750672806256,2.23,-3.5,0.417227822359667,0.5878138666502728,-0.32852584437769056,0.4628455642915534,
1791390709.2916481,balance,0.16556848508869915,-0.006742687431980603,0.16265066870697165,0.5299288630987196,-0.00039744548910937774,0.002520370892618107,0.17384243911652422,-0.8764658015892237,0.0,-0.013988367790842298,False,0.0,0.0,0.03899468188431464,0.06627029104410137,0.18339669919636176,0.1812641580410549,2.24,-3.7800000000000002,0.27296277319020246,0.4638920373087096,-0.21493131747260036,0.3652693207155194,
1791390709.301633,balance,0.16601164678069186,-0.005856418418646156,0.16305755781359488,-0.36633126624060924,-0.00043371807447887753,0.002520370892618107,0.17361168246069866,-0.869650239218503,0.0,-0.022668670746735543,False,0.0,0.0,-0.024990606051923884,0.005105692029383858,0.18319383237828066,0.1808573791256606,2.34,-4.03,-0.1749342423634672,0.03573984420568701,0.1377434979239899,0.028141609610777173,
1791390709.3116527,balance,0.1612940292284165,-0.005611260363739605,0.15833711005996703,-0.5093247599063001,-0.00043654827583135963,0.002520370892618107,0.173611552872561,-0.8867427655197737,0.0,-0.03147219292011218,False,0.0,0.0,-0.06761224417528652,-0.03817165341348135,0.18339669919636176,0.1806539548074597,2.2800000000000002,-3.87,-0.47328570922700564,-0.2672015738943695,0.37266591277716976,-0.21039494007430667,
1791390709.3216462,balance,0.15602780118889756,-0.005592796450399041,0.15307088202044808,-0.4459856658088408,-0.00043654827583135963,0.002520370892618107,0.173611552872561,-0.9153090701338977,0.0,-0.04053540290343764,False,0.0,0.0,-0.08909911007859991,-0.059958404710928614,0.18339669919636176,0.1806539548074597,2.29,-4.0,-0.6236937705501994,-0.4197088329765003,0.4910974571261412,-0.3304793960444884,
1791390709.331639,balance,0.15517689252790676,-0.005105983969140144,0.1522332797258897,0.18047223629824222,-0.0004232419093989255,0.002520370892618107,0.17368849348756754,-0.9610533840209311,-0.8629170790422938,-0.0004906815248931867,False,0.0,0.0,0.0362647745640463,0.06363633602221493,0.18339669919636176,0.1808573791256606,2.17,-3.7600000000000002,0.2538534219483241,0.4454543521555045,-0.19988458421127883,0.35075145839016103,
1791390709.3416445,balance,0.1605852414145402,-0.005707389406588914,0.15771399342760756,0.7825209531637254,-0.0003508770943145244,0.002520370892618107,0.17415000388514382,-0.9699401846697554,-0.8256606280076542,-0.0007213977833105062,False,0.0,0.0,0.17136253955338088,0.19549792381953618,0.18380227246209999,0.18167080140947076,1.94,-2.89,1.1995377768736661,1.3684854667367532,-0.9445179345461938,1.0775476116037426,
1791390709.351638,balance,0.16884995954284748,-0.007655373404196537,0.1660233236263739,0.6525887220347478,-0.00030626502385547316,0.002520370892618107,0.17445726400491962,-0.8914572999099547,0.0,-0.009846703816341952,False,0.0,0.0,0.08567339809730838,0.10650385717187233,0.1840049739935406,0.18228032526567667,1.96,-2.71,0.5997137866811587,0.7455270002031062,-0.4722155800639045,0.5870291340181939,
1791390709.3616369,balance,0.17048239519024894,-0.008527297585388172,0.1676349802018892,-0.14070378452708218,-0.00032704409574163887,0.002520370892618107,0.1743037641618006,-0.8001829253111409,0.0,-0.018096579339423543,False,0.0,0.0,0.02025214312978725,0.038179974593623954,0.18380227246209999,0.18207724849767246,1.96,-3.14,0.14176500190851077,0.2672598221553677,-0.11162598575473288,0.2104408048467462,
1791390709.371639,balance,0.16772287025133997,-0.008032014006091494,0.16485345130662396,-0.4894594897155454,-0.0003490480520979,0.002520370892618107,0.17415010542291234,-0.7391763178183804,0.0,-0.02559096959018193,False,0.0,0.0,-0.011776512848932543,0.0005147555074220452,0.1835995660144428,0.1818740249535716,2.25,-3.39,-0.08243558994252781,0.0036032885519543165,0.06490991334057308,0.002837235080278989,
1791390709.3816507,balance,0.15906787676292225,-0.009458204325659634,0.1561291401719782,-1.0737977360466093,-0.0004183656983259357,0.002520370892618107,0.17368881698795535,-0.7650783800001112,0.0,-0.03315405051517669,False,0.0,0.0,-0.07320645754182376,-0.06149839427336085,0.18299090309463303,0.1812641580410549,2.59,-3.7600000000000002,-0.5124452027927663,-0.430488759913526,0.40350015967934355,-0.3389675274909653,
1791390709.391643,balance,0.15108041852613446,-0.011654421303725057,0.14812876875529593,-0.5923107436695643,-0.0004312788782204133,0.002520370892618107,0.1736118442059402,-0.7956383410703367,0.0,-0.041054987394117344,False,0.0,0.0,-0.08368205509030946,-0.0663417723956926,0.18299090309463303,0.18106080344386152,2.5100000000000002,-3.79,-0.5857743856321662,-0.46439240676984817,0.46123967372611513,-0.3656633124172033,
1791390709.4016488,balance,0.1483460686399688,-0.011937170331599292,0.14540245583795175,0.08282748831377343,-0.0004232419093989255,0.002520370892618107,0.17368849348756754,-0.8103255161216694,0.0,-0.049163114724021476,False,0.0,0.0,-0.049721865131149,-0.02779828554885451,0.18339669919636176,0.1808573791256606,2.19,-3.89,-0.348053055918043,-0.19458799884198158,0.2740575243449157,-0.15321889672596975,
1791390709.4116395,balance,0.1526642834390987,-0.010951699415495196,0.1497544539557884,0.4931338055989797,-0.00038945859069219185,0.002520370892618107,0.1739190851717373,-0.8343771670274656,0.0,-0.057421265138789535,False,0.0,0.0,-0.004342716964069911,0.02143154173668555,0.18380227246209999,0.18106080344386152,1.87,-3.64,-0.030399018748489375,0.15002079215679887,0.023936235235031002,0.11812660799747943,
1791390709.4216306,balance,0.15769682199591084,-0.010599509683743081,0.154853135027148,0.5504940182632475,-0.0003233160761447196,0.002520370892618107,0.17437995072162116,-0.8563149453750059,0.0,-0.06596598063653124,False,0.0,0.0,0.012652729483718983,0.039191294355682686,0.18441020567926045,0.18167080140947076,1.46,-2.96,0.08856910638603288,0.2743390604897788,-0.06973945384726998,0.21601500825966835,
1791390709.431601,balance,0.16249425562051692,-0.011923456028977814,0.15969263801364142,0.3786266315570054,-0.0002812467142573917,0.002520370892618107,0.17468701123020364,-0.8589569671645779,0.0,-0.07454460423463577,False,0.0,0.0,0.01531530636169342,0.035858028410135634,0.1848152533120094,0.18207724849767246,1.28,-3.0300000000000002,0.10720714453185394,0.25100619887094944,-0.08441507443453065,0.19764267627633814,
1791390709.4416559,balance,0.16619097064666455,-0.01254427650152535,0.16338935303978905,0.37542062955960076,-0.0002812467142573917,0.002520370892618107,0.17468701123020364,-0.8595872594868658,0.0,-0.0831208693077169,False,0.0,0.0,0.018806021714472192,0.032635240572178745,0.1848152533120094,0.18207724849767246,1.37,-3.12,0.13164215200130536,0.2284466840052512,-0.10365523779630342,0.17987927874429227,
1791390709.4516447,balance,0.16989663052120776,-0.012966700718630595,0.16709501291433226,0.36120258951531103,-0.0002812467142573917,0.002520370892618107,0.17468701123020364,-0.8432914283207212,0.0,-0.09160184191538155,False,0.0,0.0,0.0228350677031897,0.03620965077699711,0.1848152533120094,0.18207724849767246,1.37,-3.08,0.1598454739223279,0.25346755543897975,-0.12586257789159677,0.19958075231415728,
1791390709.4616394,balance,0.17378951149252456,-0.013079936204930372,0.1709787541890421,0.3761568597628458,-0.00029038641086433226,0.002520370892618107,0.17461036012542033,-0.812820507912487,0.0,-0.09978830075306254,False,0.0,0.0,0.03280618625808483,0.04829294537706212,0.18461279140713438,0.18207724849767246,1.59,-3.17,0.2296433038065938,0.33805061763943484,-0.1808214990603101,0.2661815886924684,
1791390709.471642,balance,0.17680347844406577,-0.013309411392733395,0.17394142554661776,0.2811914981149002,-0.00034168200482990324,0.002520370892618107,0.17422665281592487,-0.7904997156855644,0.0,-0.10772708921706677,False,0.0,0.0,0.032832698597977716,0.05217042375375448,0.1840049739935406,0.18167080140947076,2.0100000000000002,-3.39,0.22982889018584401,0.3651929662762814,-0.1809676300675937,0.28755351675297747,
1791390709.4816494,balance,0.17944002515541188,-0.01375661619241124,0.17653265501924198,0.20880016215810915,-0.0003869992435517784,0.002520370892618107,0.173919250209302,-0.7657073763970954,0.0,-0.11544688754637494,False,0.0,0.0,0.03460698882118228,0.05393902731189776,0.1835995660144428,0.1812641580410549,2.2,-3.8200000000000003,0.24224892174827595,0.3775731911832843,-0.19074718247895744,0.2973017253411687,
1791390709.491652,balance,0.18123677626877907,-0.013142940257128847,0.17826937040065613,0.13698007081450134,-0.0004470349755048182,0.002520370892618107,0.1735347418699153,-0.7359533823328784,0.0,-0.12286976879175739,False,0.0,0.0,0.037493312412924924,0.0540830939646001,0.18319383237828066,0.1806539548074597,2.45,-4.13,0.2624531868904745,0.3785816577522007,-0.20665605266966494,0.29809579350566984,
1791390709.501688,balance,0.1819836313620907,-0.012743948173199057,0.17897818984970057,0.03886643178632203,-0.0004850706197720156,0.002520370892618107,0.17330411957423023,-0.720421342080884,0.0,-0.13011951861658616,False,0.0,0.0,0.034751488876979014,0.04794459812714717,0.18299090309463303,0.18024684370521019,2.46,-4.26,0.2432604221388531,0.3356121868900302,-0.1915436394794119,0.2642615644803387,
1791390709.5116467,balance,0.1821677755711077,-0.012649115979009695,0.17916233405871757,-0.01705140149003497,-0.0004850706197720156,0.002520370892618107,0.17330411957423023,-0.695258393991798,0.0,-0.13712644672001126,False,0.0,0.0,0.03528699896267164,0.04565410029486053,0.18299090309463303,0.18024684370521019,2.46,-4.21,0.24700899273870147,0.3195787020640237,-0.1944952698729933,0.25163677327875883,
1791390709.5216663,balance,0.1815882089356091,-0.012808717302396076,0.17859328492225285,-0.09950230670588604,-0.0004745531207381269,0.002520370892618107,0.1733809305076156,-0.6698820098871644,0.0,-0.14388018641624373,False,0.0,0.0,0.03239473790903851,0.042424522031284176,0.18319383237828066,0.18024684370521019,2.43,-4.23,0.22676316536326957,0.29697165421898924,-0.17855367351438547,0.23383594820392853,
1791390709.5316465,balance,0.18029019061558443,-0.011964021014235217,0.1773090317751795,-0.1469723338482163,-0.00046078794778679766,0.002520370892618107,0.17345783617234664,-0.6354909458871586,0.0,-0.15031411472455025,False,0.0,0.0,0.032058570328244135,0.04197895562275507,0.18319383237828066,0.1804504333266811,2.21,-3.9,0.22440999229770894,0.2938526893592855,-0.1767007813367787,0.23138007036164213,
1791390709.541658,balance,0.17845492233656451,-0.011177401233494966,0.17552177643788094,-0.20361037778988675,-0.0004127750060654613,0.002520370892618107,0.17376530453348185,-0.6167270214104879,0.0,-0.15652346369671638,False,0.0,0.0,0.029236506984919856,0.03983956094309534,0.1835995660144428,0.1808573791256606,2.04,-3.7,0.204655548894439,0.2788769266016674,-0.16114610149168423,0.21958813118241527,
1791390709.5516417,balance,0.17621011810408121,-0.010583167842029713,0.17331316049809575,-0.27113808062658856,-0.0003765867133673495,0.002520370892618107,0.17399605804741575,-0.5929580830972034,0.0,-0.16251642962484925,False,0.0,0.0,0.025493933887878014,0.035880628511760056,0.18380227246209999,0.1812641580410549,1.97,-3.46,0.1784575372151461,0.2511643995823204,-0.14051774583869772,0.19776724376560662,
1791390709.5616255,balance,0.17349705817941713,-0.010204261361529729,0.1706258101924845,-0.23929963707811877,-0.0003508770943145244,0.002520370892618107,0.17415000388514382,-0.5699536326727658,0.0,-0.16827771547829873,False,0.0,0.0,0.026367880506551297,0.03570029131329625,0.18380227246209999,0.18167080140947076,2.0100000000000002,-3.14,0.18457516354585907,0.24990203919307377,-0.1453347744455583,0.1967732592071447,
1791390709.5716424,balance,0.17073458549172216,-0.009595081862552715,0.1678755485495447,-0.30036409506476913,-0.00033866604955934757,0.002520370892618107,0.17422691332968568,-0.5527595200822023,0.0,-0.1738535998848437,False,0.0,0.0,0.02440446321691907,0.031849670534115304,0.18380227246209999,0.1818740249535716,1.97,-3.16,0.17083124251843348,0.22294769373880713,-0.1345127893845933,0.17554936514866704,
1791390709.5816364,balance,0.16771592711183914,-0.008748144200403507,0.16485689016966168,-0.3322038336753398,-0.00033866604955934757,0.002520370892618107,0.17422691332968568,-0.5294713462180436,0.0,-0.17918796894712205,False,0.0,0.0,0.023573606261867528,0.030055849872057432,0.18380227246209999,0.1818740249535716,2.05,-3.19,0.1650152438330727,0.21039094910440204,-0.12993326286068715,0.16566216464913547,
1791390709.5917094,balance,0.16398310118840662,-0.008091075343398101,0.16112406424622916,-0.3904358283710133,-0.00033866604955934757,0.002520370892618107,0.17422691332968568,-0.5099251328169457,0.0,-0.1843347738813257,False,0.0,0.0,0.017742260429584586,0.02462894675968499,0.18380227246209999,0.1818740249535716,2.13,-3.18,0.1241958230070921,0.17240262731779493,-0.09779198661975756,0.13575010025023224,
1791390709.601647,balance,0.16020086511236775,-0.007379142549565886,0.1573210305220992,-0.36198429247288855,-0.00035946369765045214,0.002520370892618107,0.17407329426122753,-0.4954725034342811,0.0,-0.1893166203531673,False,0.0,0.0,0.016152931627317093,0.024197157968751076,0.18339669919636176,0.1818740249535716,2.27,-3.22,0.11307052139121965,0.16938010578125753,-0.08903190660725957,0.13337016203248625,
1791390709.611644,balance,0.15674447818251902,-0.006250181119215163,0.15385421875067598,-0.35464823196854567,-0.00036988853922492043,0.002520370892618107,0.17399648311844387,-0.4753321045839921,0.0,-0.19412164223546396,False,0.0,0.0,0.01652353340319472,0.025122867962723776,0.18319383237828066,0.1818740249535716,2.49,-3.2600000000000002,0.11566473382236304,0.17586007573906642,-0.09107459356091578,0.13847250058194208,
1791390709.621649,balance,0.15335095556048153,-0.00484280077303231,0.1504502620788602,-0.31905713865713375,-0.000380322589003234,0.002520370892618107,0.17391967199458636,-0.4550555358057008,0.0,-0.19872066449680018,False,0.0,0.0,0.019019492825623905,0.026392538843433355,0.18299090309463303,0.1818740249535716,2.62,-3.22,0.13313644977936734,0.1847477719040335,-0.10483185021997428,0.14547068653860903,
1791390709.6316519,balance,0.1498797809814506,-0.004014536246371389,0.14696864422964365,-0.37492461692440565,-0.0003907658591888359,0.002520370892618107,0.1738428608896801,-0.44905764987720104,0.0,-0.20322777133077463,False,0.0,0.0,0.016288248663511733,0.021466710148703532,0.18278792047945228,0.1818740249535716,2.66,-3.23,0.11401774064458213,0.15026697104092474,-0.08977774853904105,0.11832044963852341,
1791390709.6416504,balance,0.14639584616457088,-0.0037947001502896607,0.14348470941276392,-0.3449146577170129,-0.0003907658591888359,0.002520370892618107,0.1738428608896801,-0.4339147957874362,0.0,-0.20760703499473457,False,0.0,0.0,0.016090660570603866,0.019478060593121602,0.18278792047945228,0.1818740249535716,2.63,-3.22,0.11263462399422706,0.13634642415185122,-0.088688680310415,0.10735938909594583,
1791390709.651644,balance,0.1428044770337413,-0.00286272040832296,0.13990378355211996,-0.36173197280988295,-0.000380322589003234,0.002520370892618107,0.17391967199458636,-0.42018123620907544,0.0,-0.21184067156085656,False,0.0,0.0,0.014082529679381863,0.016664432298646167,0.18299090309463303,0.1818740249535716,2.63,-3.18,0.09857770775567304,0.11665102609052316,-0.07762024232730161,0.09185120164608122,
1791390709.66163,balance,0.1391473527641628,-0.0014762904392912836,0.13624665928254145,-0.37796001977039434,-0.000380322589003234,0.002520370892618107,0.17391967199458636,-0.41407294292717045,0.0,-0.21600184772344194,False,0.0,0.0,0.009948571920358602,0.01304325338373088,0.18299090309463303,0.1818740249535716,2.52,-3.1,0.06964000344251021,0.09130277368611615,-0.0548346483799293,0.07189194778434342,
1791390709.6716468,balance,0.13555719448055156,-0.0007422063448583397,0.1326681618735433,-0.3496553291484122,-0.0003686617143901609,0.002520370892618107,0.17399652274230687,-0.3992117848494071,0.0,-0.2200342914126256,False,0.0,0.0,0.009121058775552396,0.012249099107262853,0.18299090309463303,0.18207724849767246,2.48,-3.0300000000000002,0.06384741142886677,0.08574369375083997,-0.050273552306194305,0.06751471948885036,
1791390709.6816447,balance,0.13212820728190242,-0.0004816101619671762,0.12924959897275004,-0.3167437823486929,-0.0003582374165342489,0.002520370892618107,0.17407333388731586,-0.37992120852416583,0.0,-0.22388803160105342,False,0.0,0.0,0.010815980837104172,0.013399083603580738,0.18319383237828066,0.18207724849767246,2.42,-3.02,0.07571186585972921,0.09379358522506517,-0.05961564240923559,0.07385321671264974,
1791390709.6916492,balance,0.1290696700528047,9.963436018218592e-05,0.12620270258328903,-0.32057767396928044,-0.00034659657689755166,0.002520370892618107,0.17415018467979715,-0.3687566447455871,0.0,-0.22761225049381442,False,0.0,0.0,0.011703492289217717,0.013936870479048234,0.18319383237828066,0.18228032526567667,2.36,-2.9,0.08192444602452402,0.09755809335333764,-0.06450743781458584,0.07681739634121074,
1791390709.7016292,balance,0.1259471781482256,0.00104574973456096,0.12308021067870992,-0.30721534215178076,-0.00034659657689755166,0.002520370892618107,0.17415018467979715,-0.35251094842596076,0.0,-0.23117979265279545,False,0.0,0.0,0.011994537693398682,0.01351749824861191,0.18319383237828066,0.18228032526567667,2.34,-2.98,0.08396176385379077,0.09462248774028337,-0.06611162508172501,0.07450589585849084,
1791390709.7116382,balance,0.12281473954751057,0.0018174259859072492,0.1199697983113236,-0.31699781851522796,-0.0003245703435688606,0.002520370892618107,0.17430384670192647,-0.33811562333617434,0.0,-0.23460464891969549,False,0.0,0.0,0.011022060223128544,0.012870496564435386,0.18339669919636176,0.1824833928624771,2.32,-2.8000000000000003,0.0771544215618998,0.0900934759510477,-0.060751513040865984,0.07093974484334464,
1791390709.7216437,balance,0.11955678857724893,0.0023645287174128902,0.11670145167792026,-0.3158706597001354,-0.0003349660067105513,0.002520370892618107,0.1742270354958566,-0.32853302494616315,0.0,-0.23791116212519497,False,0.0,0.0,0.008906249040921849,0.01160869978509425,0.18319383237828066,0.1824833928624771,2.37,-2.83,0.062343743286452945,0.08126089849565975,-0.04908956164287633,0.06398495944540138,
1791390709.7316408,balance,0.11637379396934536,0.0025724995424159913,0.11351845707001669,-0.3274912650044118,-0.0003349660067105513,0.002520370892618107,0.1742270354958566,-0.3204097286855959,0.0,-0.24112904480629668,False,0.0,0.0,0.006746205275864367,0.008887746436727306,0.18319383237828066,0.1824833928624771,2.41,-2.86,0.04722343693105057,0.062214225057091135,-0.03718380860712643,0.04898757878511113,
1791390709.7416465,balance,0.11352708801428982,0.003273634598233233,0.11067175111496115,-0.26633042320422706,-0.0003349660067105513,0.002520370892618107,0.1742270354958566,-0.310517306381001,0.0,-0.24426781704290984,False,0.0,0.0,0.008139194225994838,0.01066354236207951,0.18319383237828066,0.1824833928624771,2.48,-2.85,0.05697435958196387,0.07464479653455658,-0.04486170045823926,0.05877543034217053,
1791390709.7516441,balance,0.11110596712901889,0.004136940716432043,0.10824022539626664,-0.23055545124959334,-0.00034537084013413696,0.002520370892618107,0.17415022430863203,-0.30207500697680645,0.0,-0.24730686493180817,False,0.0,0.0,0.01057951528788445,0.013050851583519985,0.18299090309463303,0.1824833928624771,2.57,-2.84,0.07405660701519115,0.09135596108463989,-0.05831228898833949,0.0719338276257007,
1791390709.7616425,balance,0.10876996882637098,0.0043271507089387255,0.10590422709361873,-0.24791616733095106,-0.00034537084013413696,0.002520370892618107,0.17415022430863203,-0.2944237194613553,0.0,-0.25027315620408525,False,0.0,0.0,0.010432233656354678,0.012174627680229063,0.18299090309463303,0.1824833928624771,2.5500000000000003,-2.86,0.07302563559448275,0.08522239376160344,-0.05750050046809665,0.06710424705638066,
1791390709.7716434,balance,0.10623897383485158,0.004594942659235679,0.10337323210209932,-0.25319052164428235,-0.00034537084013413696,0.002520370892618107,0.17415022430863203,-0.29013447815224486,0.0,-0.2531809465196962,False,0.0,0.0,0.008033414125578094,0.00905722154145799,0.18299090309463303,0.1824833928624771,2.5,-2.87,0.05623389887904666,0.06340055079020593,-0.04427866053468241,0.04992169353559522,
1791390709.7816422,balance,0.10393105983920828,0.005274847993288921,0.10106531810645603,-0.2176410410316506,-0.00034537084013413696,0.002520370892618107,0.17415022430863203,-0.28446814453956437,0.0,-0.2560322575947034,False,0.0,0.0,0.008419656443959098,0.008993644566418693,0.18299090309463303,0.1824833928624771,2.52,-2.83,0.05893759510771369,0.06295551196493085,-0.04640755520292416,0.04957126926372508,
1791390709.791673,balance,0.10196911140407953,0.005498336347474688,0.09910336967132728,-0.18337144879969755,-0.00034537084013413696,0.002520370892618107,0.17415022430863203,-0.2785443651329331,0.0,-0.25883189169552545,False,0.0,0.0,0.010063679390963344,0.010206677036835726,0.18299090309463303,0.1824833928624771,2.5100000000000002,-2.84,0.07044575573674342,0.07144673925785008,-0.055469099005309774,0.05625727500618117,
1791390709.801667,balance,0.10021022087730336,0.005304937271143594,0.0973444791445511,-0.17379651322920334,-0.00034537084013413696,0.002520370892618107,0.17415022430863203,-0.2693449629638178,0.0,-0.26154272064968304,False,0.0,0.0,0.011597754270705788,0.01106344213461222,0.18299090309463303,0.1824833928624771,2.5100000000000002,-2.85,0.08118427989494051,0.07744409494228555,-0.06392462983853583,0.06097960231676027,
1791390709.8116426,balance,0.09847567247757205,0.005327707977275046,0.0956099307448198,-0.1805578596322667,-0.00034537084013413696,0.002520370892618107,0.17415022430863203,-0.2641669809253893,0.0,-0.2641936775874071,False,0.0,0.0,0.010811285930705338,0.010762654155679844,0.18299090309463303,0.1824833928624771,2.52,-2.83,0.07567900151493737,0.07533857908975891,-0.05958976497239163,0.0593217158187078,
1791390709.8216443,balance,0.0967405178532342,0.005866907507988036,0.09387477612048195,-0.16368888277942897,-0.00034537084013413696,0.002520370892618107,0.17415022430863203,-0.258905946057396,0.0,-0.2667990059262917,False,0.0,0.0,0.010088226289467421,0.010767359416450569,0.18299090309463303,0.1824833928624771,2.5100000000000002,-2.84,0.07061758402627194,0.07537151591515398,-0.055604396871080264,0.059347650326892896,
1791390709.8316443,balance,0.09508120218040299,0.00605338400440176,0.09221546044765074,-0.1627511192392959,-0.00034537084013413696,0.002520370892618107,0.17415022430863203,-0.2488657061869175,0.0,-0.26931517817357004,False,0.0,0.0,0.010188890536784165,0.01112246292568224,0.18299090309463303,0.1824833928624771,2.5,-2.82,0.07132223375748915,0.07785724047977569,-0.05615923917912532,0.0613049137636029,
1791390709.841643,balance,0.09342776898259476,0.005840858041483341,0.09056202724984251,-0.16481416550797306,-0.00034537084013413696,0.002520370892618107,0.17415022430863203,-0.24251636592091577,0.0,-0.27175461063688455,False,0.0,0.0,0.009833748630578046,0.0106229002338091,0.18299090309463303,0.1824833928624771,2.5,-2.85,0.06883624041404632,0.0743603016366637,-0.05420176410554828,0.05855141861154622,
1791390709.851642,balance,0.09170982678947459,0.0057592028245277834,0.08883244476088013,-0.18208553499458419,-0.0003570111359763456,0.002520370892618107,0.1740733735136659,-0.23076899483178967,0.0,-0.2740918521427565,False,0.0,0.0,0.008665370847282697,0.010157129472894441,0.18299090309463303,0.18228032526567667,2.54,-2.84,0.060657595930978886,0.07109990631026109,-0.04776188655982589,0.05598417819705597,
1791390709.8616488,balance,0.09012253873989762,0.005991621013645301,0.08724515671130316,-0.1474221865346795,-0.0003570111359763456,0.002520370892618107,0.1740733735136659,-0.21822418178658223,0.0,-0.2763049006899584,False,0.0,0.0,0.010260662649907748,0.01261339509295444,0.18299090309463303,0.18228032526567667,2.5300000000000002,-2.96,0.07182463854935424,0.08829376565068109,-0.056554833503428534,0.06952265011864653,
1791390709.8716488,balance,0.08855641610062503,0.005954312645722547,0.08567903407203058,-0.16969317125022512,-0.0003570111359763456,0.002520370892618107,0.1740733735136659,-0.2090422944049591,0.0,-0.2784146964505164,False,0.0,0.0,0.010111769444981109,0.012233622622489875,0.18299090309463303,0.18228032526567667,2.5,-2.96,0.07078238611486776,0.08563535835742912,-0.05573416229517146,0.06742941602947175,
1791390709.881648,balance,0.08685120361977745,0.005672923510752904,0.0839854618870252,-0.17064888082918472,-0.00034537084013413696,0.002520370892618107,0.17415022430863203,-0.19805045177675062,0.0,-0.2804288668861866,False,0.0,0.0,0.009710626529546825,0.011938398779108236,0.18299090309463303,0.1824833928624771,2.5100000000000002,-2.84,0.06797438570682778,0.08356879145375765,-0.053523138351832894,0.06580219799508476,
1791390709.8916504,balance,0.08503313730944848,0.00534418126593375,0.08215575528085402,-0.18334166043645464,-0.0003570111359763456,0.002520370892618107,0.1740733735136659,-0.18974641589945332,0.0,-0.2823488967319754,False,0.0,0.0,0.00823209139604222,0.010354494284119263,0.18299090309463303,0.18228032526567667,2.5,-2.98,0.05762463977229554,0.07248145998883485,-0.045373732104169714,0.057072015739240034,
1791390709.9016266,balance,0.08315878026786354,0.005285773905951622,0.08029303853511129,-0.18811259937898137,-0.00034537084013413696,0.002520370892618107,0.17415022430863203,-0.18079055196150193,0.0,-0.28418007393054195,False,0.0,0.0,0.00717926944537472,0.010038904611948521,0.18299090309463303,0.1824833928624771,2.5100000000000002,-2.93,0.05025488611762304,0.07027233228363965,-0.03957077647056932,0.055332545105228066,
1791390709.9116468,balance,0.08140921790981784,0.0052055356559197906,0.07854347617706559,-0.18482973862328134,-0.00034537084013413696,0.002520370892618107,0.17415022430863203,-0.16984088968296418,0.0,-0.2859040562782282,False,0.0,0.0,0.007596553355008841,0.010709944488048831,0.18299090309463303,0.1824833928624771,2.49,-2.87,0.053175873485061885,0.07496961141634181,-0.04187076652367078,0.059031190091607726,
1791390709.9216747,balance,0.0794652264150695,0.004966811459812502,0.07659948468231725,-0.19758615174253097,-0.00034537084013413696,0.002520370892618107,0.17415022430863203,-0.16121952511639803,0.0,-0.2875356231072246,False,0.0,0.0,0.0060974226117959844,0.009623446219719925,0.18299090309463303,0.1824833928624771,2.48,-2.95,0.04268195828257189,0.06736412353803947,-0.033607841167379436,0.0530426169590862,
1791390709.9316466,balance,0.07758366347230515,0.004740980415613795,0.0747179217395529,-0.19541048257969615,-0.00034537084013413696,0.002520370892618107,0.17415022430863203,-0.15126868794668813,0.0,-0.28907231230199026,False,0.0,0.0,0.0058618871064218215,0.009376185705067624,0.18299090309463303,0.1824833928624771,2.5100000000000002,-2.86,0.04103320974495275,0.06563329993547337,-0.03230961397240374,0.05167976372871919,
1791390709.9416409,balance,0.07575881310790775,0.004625494097536271,0.07288143107931329,-0.18062306834622124,-0.0003570111359763456,0.002520370892618107,0.1740733735136659,-0.14287079006877076,0.0,-0.29052575979301853,False,0.0,0.0,0.006914489560493967,0.009697237079668125,0.18299090309463303,0.18228032526567667,2.5100000000000002,-2.96,0.048401426923457766,0.06788065955767687,-0.038111359782250206,0.053449338234391235,
1791390709.951641,balance,0.0740188733522571,0.004790719423508882,0.07115313161950484,-0.1728705755830768,-0.00034537084013413696,0.002520370892618107,0.17415022430863203,-0.13055591152911003,0.0,-0.2918656937514902,False,0.0,0.0,0.00848923509751185,0.010164861832605777,0.18299090309463303,0.1824833928624771,2.52,-2.99,0.059424645682582954,0.07115403282824044,-0.046791059592585005,0.056026797502551524,
1791390709.9616387,balance,0.07221630608521837,0.004811070886005094,0.06933892405662391,-0.2041742754668799,-0.0003570111359763456,0.002520370892618107,0.1740733735136659,-0.11921856183580166,0.0,-0.2930839529076903,False,0.0,0.0,0.00826910737614975,0.00887485508031249,0.18299090309463303,0.18228032526567667,2.54,-2.98,0.05788375163304825,0.06212398556218743,-0.04557775719137657,0.04891652406471451,
1791390709.9716487,balance,0.07006354134200513,0.0045738753420980615,0.06718615931341067,-0.21826980307103105,-0.0003570111359763456,0.002520370892618107,0.1740733735136659,-0.10913813302812632,0.0,-0.2942053286906187,False,0.0,0.0,0.0053962784484861874,0.0070716814099076285,0.18299090309463303,0.18228032526567667,2.5100000000000002,-2.95,0.03777394913940331,0.049501769869353396,-0.029743267038900244,0.03897777155067197,
1791390709.9816537,balance,0.0679049109843794,0.004524636449933881,0.06503794351486374,-0.20327979653371192,-0.00034659657689755166,0.002520370892618107,0.17415018467979715,-0.09897138243510421,0.0,-0.2952113651264209,False,0.0,0.0,0.004820289261458954,0.007165281246825057,0.18319383237828066,0.18228032526567667,2.41,-2.98,0.03374202483021267,0.0501569687277754,-0.026568523488356435,0.03949367616360268,
1791390709.9916458,balance,0.06598852774897813,0.004782150521299093,0.06312278601622588,-0.1726925220031491,-0.00034537084013413696,0.002520370892618107,0.17415022430863203,-0.08685282892472292,0.0,-0.29611963039245703,False,0.0,0.0,0.0064271507367184445,0.009684113362170899,0.18299090309463303,0.1824833928624771,2.48,-2.95,0.04499005515702911,0.06778879353519629,-0.035425240281125286,0.05337700278361913,
1791390710.0016475,balance,0.06439372636099963,0.005050338956668914,0.06152675889148398,-0.1844356791664693,-0.00034659657689755166,0.002520370892618107,0.17415018467979715,-0.0702973177856683,0.0,-0.2968584773433307,False,0.0,0.0,0.008906184926500102,0.012577019325308976,0.18319383237828066,0.18228032526567667,2.44,-2.87,0.06234329448550071,0.08803913527716284,-0.04908920825629977,0.06932215376154555,
1791390710.011638,balance,0.062187044198205574,0.005055258306120851,0.05932130246545333,-0.24606410006356816,-0.00034537084013413696,0.002520370892618107,0.17415022430863203,-0.06427676220784168,0.0,-0.2975131835048597,False,0.0,0.0,0.004169510169340504,0.008696909866197462,0.18299090309463303,0.1824833928624771,2.52,-2.95,0.029186571185383526,0.06087836906338223,-0.022981552114475216,0.04793572367195451,
1791390710.0216439,balance,0.05958409129765154,0.00502365411156541,0.05672875439832289,-0.25860050437265375,-0.0003349660067105513,0.002520370892618107,0.1742270354958566,-0.05636843221926641,0.0,-0.2980963827195459,False,0.0,0.0,-0.00043327362991899346,0.004362955325569509,0.18319383237828066,0.1824833928624771,2.5100000000000002,-2.86,-0.0030329154094329543,0.03054068727898656,0.0023881223696322475,0.024047785259044534,
1791390710.0316765,balance,0.05741660839532053,0.005203614475251033,0.05455086666256829,-0.19620236308079675,-0.00034537084013413696,0.002520370892618107,0.17415022430863203,-0.043000808339616614,0.0,-0.2985606576125742,False,0.0,0.0,0.003604284261933217,0.006668371634925682,0.18299090309463303,0.1824833928624771,2.5100000000000002,-2.86,0.02522998983353252,0.04667860144447977,-0.019866133727190958,0.036754804286991946,
1791390710.0416474,balance,0.05563978356543645,0.005248593800345467,0.052774041832684214,-0.18260503249953036,-0.00034537084013413696,0.002520370892618107,0.17415022430863203,-0.029221956083237858,0.0,-0.29888952663550533,False,0.0,0.0,0.008466421466376568,0.008747719211460992,0.18299090309463303,0.1824833928624771,2.5100000000000002,-2.83,0.05926495026463598,0.06123403448022695,-0.046665315169004705,0.04821577518128106,
1791390710.0516465,balance,0.05389248929364031,0.005038868941943699,0.05101510726504586,-0.17673256309588525,-0.0003570111359763456,0.002520370892618107,0.1740733735136659,-0.021708224764115328,0.0,-0.2991194239043762,False,0.0,0.0,0.011644486190448338,0.008140467661272893,0.18299090309463303,0.18228032526567667,2.52,-2.85,0.08151140333313837,0.056983273628910244,-0.06418220734892785,0.04486871939284271,
1791390710.0616562,balance,0.05208329812964379,0.004727927154577554,0.04920591610104934,-0.16896341703205806,-0.0003570111359763456,0.002520370892618107,0.1740733735136659,-0.015295365489807693,0.0,-0.2992882420538071,False,0.0,0.0,0.0126578405093982,0.0068245903337865775,0.18299090309463303,0.18228032526567667,2.52,-2.96,0.08860488356578741,0.04777213233650604,-0.06976762485495072,0.037615852233469325,
1791390710.071649,balance,0.05071040353381787,0.004662347212943169,0.04784343606430221,-0.09057228629740906,-0.00034659657689755166,0.002520370892618107,0.17415018467979715,-0.008294781532962273,0.0,-0.299390571219949,False,0.0,0.0,0.01730047562994934,0.011386086540642146,0.18319383237828066,0.18228032526567667,2.52,-2.98,0.12110332940964537,0.07970260578449502,-0.09535695229105934,0.062757957310626,
1791390710.081663,balance,0.0508674694042331,0.004180485364329581,0.048000501934717436,0.11626630883599268,-0.00034659657689755166,0.002520370892618107,0.17415018467979715,-0.001376988460152891,0.0,-0.2994259497681102,False,0.0,0.0,0.034098124197694174,0.027802122448580067,0.18319383237828066,0.18228032526567667,2.4,-3.02,0.23868686938385922,0.19461485714006047,-0.18794241683768442,0.15324004499217359,
1791390710.0916514,balance,0.053579100867484554,0.0029527239798096106,0.0507017188388901,0.3723828677534357,-0.0003570111359763456,0.002520370892618107,0.1740733735136659,0.011537989054460041,0.0,-0.29935104834436,False,0.0,0.0,0.06134337716599898,0.053857564854187086,0.18299090309463303,0.18228032526567667,2.5100000000000002,-3.1,0.4294036401619929,0.3770029539793096,-0.3381131024897582,0.2968527196687477,
1791390710.1016724,balance,0.0575821937010986,0.0016305229878277306,0.05468150021947726,0.3754557957366027,-0.000380322589003234,0.002520370892618107,0.17391967199458636,0.03036706407907902,0.0,-0.29909825372668986,False,0.0,0.0,0.08045451803323495,0.07294610445499188,0.18299090309463303,0.1818740249535716,2.57,-3.34,0.5631816262326446,0.5106227311849432,-0.4434500993957831,0.40206514266530957,
1791390710.1116438,balance,0.060561736346028516,0.0009050005178399545,0.057648791809262655,0.21851639292003186,-0.0003925736441477562,0.002520370892618107,0.1738427626387582,0.05134621875608476,0.0,-0.2986453376209422,False,0.0,0.0,0.08183373049063476,0.07588054611138371,0.18299090309463303,0.18167080140947076,2.61,-3.49,0.5728361134344433,0.531163822779686,-0.45105205782239627,0.4182392305351858,
1791390710.1216452,balance,0.061781054346881324,0.00037689016976127584,0.05884475585466222,0.04957392917241612,-0.0004159275996009938,0.002520370892618107,0.173688978739698,0.08807913654358235,0.0,-0.2978663748623899,False,0.0,0.0,0.07622312230652199,0.07095021363836279,0.18278792047945228,0.18146750672806256,2.7,-3.5700000000000003,0.533561856145654,0.49665149546853954,-0.42012744578397954,0.39106416966026736,
1791390710.1316442,balance,0.06153385403134028,-0.0009020515843072967,0.05858464345221528,-0.11202457922453632,-0.0004288396865068933,0.002520370892618107,0.17361200595221468,0.1366749209255165,0.0,-0.29662549038417474,False,0.0,0.0,0.07228730876308623,0.06509961703950846,0.18278792047945228,0.1812641580410549,2.7,-3.8000000000000003,0.5060111613416036,0.45569731927655927,-0.3984339853083493,0.3588167868319364,
1791390710.1416662,balance,0.059272648971761606,-0.0024148522232997024,0.05629757984005892,-0.30769534305540314,-0.0004546982390845819,0.002520370892618107,0.17345806046419854,0.17876624479910452,0.0,-0.2949405285496026,False,0.0,0.0,0.06351814278385357,0.054276364120441824,0.18278792047945228,0.1808573791256606,2.65,-3.92,0.4446269994869749,0.37993454884309275,-0.35009999959604327,0.2991610620811754,
1791390710.1516454,balance,0.055738931048921234,-0.003766002879034325,0.05275052390666032,-0.3854672073788032,-0.0004680362496428149,0.002520370892618107,0.17338111992195127,0.21292618531185836,0.0,-0.2928955209256291,False,0.0,0.0,0.05691829301212744,0.04643710497762982,0.18278792047945228,0.1806539548074597,2.62,-4.05,0.3984280510848921,0.3250597348434087,-0.3137228748699938,0.25595254712079424,
1791390710.1615896,balance,0.0519655783934779,-0.004856649566366486,0.048977171251216985,-0.3708546760048262,-0.0004680362496428149,0.002520370892618107,0.17338111992195127,0.24390516070047266,0.0,-0.2905340479800477,False,0.0,0.0,0.05668303458618612,0.04699199359428031,0.18278792047945228,0.1806539548074597,2.6,-3.96,0.39678124210330284,0.32894395515996216,-0.3124261748844904,0.25901098831493086,
1791390710.1716487,balance,0.04834309590167582,-0.005835214958271028,0.04536519404639616,-0.34510542147656365,-0.0004575309626615523,0.002520370892618107,0.17345793088637024,0.2738871716806138,0.0,-0.28786287474938443,False,0.0,0.0,0.06027068037750415,0.05156263654933778,0.18299090309463303,0.1806539548074597,2.57,-3.97,0.42189476264252906,0.36093845584536444,-0.33220060050592837,0.28420350853965703,
1791390710.181642,balance,0.045113230857024324,-0.006563287904834311,0.042135329001744666,-0.29002083516504745,-0.0004575309626615523,0.002520370892618107,0.17345793088637024,0.29496742314788377,0.0,-0.284964626435744,False,0.0,0.0,0.06679015948208882,0.05664100660448843,0.18299090309463303,0.1806539548074597,2.42,-3.99,0.4675311163746217,0.396487046231419,-0.36813473730285173,0.3121945245916685,
1791390710.191648,balance,0.04254432361490899,-0.007525866420378138,0.03957691774678606,-0.24638717513328556,-0.0004470349755048182,0.002520370892618107,0.1735347418699153,0.314345662874378,0.0,-0.2818756114018243,False,0.0,0.0,0.07533036580069617,0.06224810670857464,0.18319383237828066,0.1806539548074597,2.41,-3.99,0.5273125606048732,0.4357367469600225,-0.4152067406337584,0.3430998007559232,
1791390710.2016263,balance,0.04031928369168195,-0.008762648744487614,0.037351877823559025,-0.18670169381347285,-0.0004470349755048182,0.002520370892618107,0.1735347418699153,0.3421866237563949,0.0,-0.27851229287083334,False,0.0,0.0,0.0857238267818734,0.06881823298619895,0.18319383237828066,0.1806539548074597,2.29,-4.04,0.6000667874731138,0.48172763090339266,-0.4724935334433967,0.3793130951995218,
1791390710.211644,balance,0.038923624906072665,-0.009423862517802913,0.035963451645924384,-0.09685934413101877,-0.000439802367530176,0.002520370892618107,0.1736114581466824,0.3784160390353929,0.0,-0.27481397888189785,False,0.0,0.0,0.1017749893488255,0.08119500430389975,0.1835995660144428,0.1804504333266811,2.12,-4.17,0.7124249254417785,0.5683650301272982,-0.5609645082218728,0.44753151978527417,
1791390710.2216485,balance,0.03871017722827236,-0.008685730708752695,0.035750003968124076,0.024331462668717663,-0.000439802367530176,0.002520370892618107,0.1736114581466824,0.4125660664497087,0.0,-0.2707749975283806,False,0.0,0.0,0.12399550530373174,0.09706576538800289,0.1835995660144428,0.1804504333266811,2.2800000000000002,-4.17,0.8679685371261222,0.6794603577160202,-0.6834397930126946,0.5350081556819056,
1791390710.2316415,balance,0.03876266791981161,-0.008806839572213563,0.03574343823918325,0.01545858550475732,-0.0004988587880102487,0.002520370892618107,0.17322721396751573,0.4489443166565461,0.0,-0.26639448870819393,False,0.0,0.0,0.1374790056489286,0.1070261651472335,0.18299090309463303,0.18004324671175093,2.58,-4.42,0.9623530395425002,0.7491831560306345,-0.7577582988523623,0.5899079968745153,
1791390710.2416408,balance,0.039269996511520355,-0.01009346835214307,0.036250766830892005,0.03628871377782794,-0.0004988587880102487,0.002520370892618107,0.17322721396751573,0.5092962104387752,0.0,-0.2614435714872832,False,0.0,0.0,0.15613837830107424,0.12177325977933058,0.18299090309463303,0.18004324671175093,2.5100000000000002,-4.46,1.0929686481075196,0.852412818455314,-0.8606052347303303,0.6711911956341056,
1791390710.2516465,balance,0.03922722283728475,-0.009127049264658139,0.036194192740248037,-0.05986600611369675,-0.0005126592044186022,0.002520370892618107,0.17315030839376322,0.5716698938028396,0.0,-0.25588172412848015,False,0.0,0.0,0.1696651349178714,0.12727907076212636,0.18299090309463303,0.1798395814646299,2.66,-4.65,1.1876559444250998,0.8909534953348845,-0.9351621609646456,0.7015381853030587,
1791390710.261628,balance,0.037171015098556685,-0.008123541446308113,0.0341010579316038,-0.28206725646459563,-0.0005495862743347818,0.002520370892618107,0.1729196614092247,0.6438063422273539,0.0,-0.2496526542964567,False,0.0,0.0,0.16997608582729495,0.12272411086660964,0.18258493369347872,0.17963591621750888,2.89,-4.7,1.1898326007910647,0.8590687760662675,-0.9368760636150115,0.6764321071387933,
1791390710.2716408,balance,0.033436869428021376,-0.008206795180978445,0.030369722093242207,-0.4456753138323381,-0.0005467764421610635,0.002520370892618107,0.17291979749444636,0.7286409456068125,0.0,-0.24256106592425133,False,0.0,0.0,0.17136784851298284,0.11971898552308888,0.18238186609667828,0.1798395814646299,2.93,-4.46,1.19957493959088,0.8380328986616221,-0.9445471965282519,0.6598684241430095,
1791390710.281646,balance,0.02796213041463448,-0.00931743056010196,0.02490881705153502,-0.6824833547773158,-0.0005329424704813568,0.002520370892618107,0.1729967029866514,0.8093605590251779,0.0,-0.23463906934506623,False,0.0,0.0,0.166216670407356,0.11324658919864829,0.18238186609667828,0.18004324671175093,2.89,-4.3,1.163516692851492,0.792726124390538,-0.9161548762610173,0.6241937987327071,
1791390710.2916448,balance,0.019512528389736463,-0.009272106763617923,0.016486846103500638,-0.9563317273949871,-0.0005053113936177162,0.002520370892618107,0.17315051407025278,0.8882301112775994,0.7450583362846349,0.0007158588749648226,False,0.0,0.0,0.04564014532199991,-0.007504806998078024,0.18238186609667828,0.1804504333266811,2.86,-3.99,0.3194810172539994,-0.052533648986546166,-0.25155985610551135,-0.041365077942162334,
1791390710.3016794,balance,0.008859061540569946,-0.009050272857914436,0.005847176392241797,-1.1079413379531724,-0.0004915142557100419,0.002520370892618107,0.17322741966156105,0.9498723089262773,0.6358083693625575,0.001570319697818599,False,0.0,0.0,0.015162095852950601,-0.03436044110019777,0.18238186609667828,0.1806539548074597,2.79,-3.85,0.10613467097065421,-0.24052308770138442,-0.08357060706350725,-0.18938825803258616,
1791390710.3117173,balance,-0.0012817984954699875,-0.009089468557980242,-0.004268577759383865,-0.8562703831784277,-0.0004664083712957699,0.002520370892618107,0.17338121069849424,0.9667069064556507,0.6696193075358032,0.0014854379945992374,False,0.0,0.0,-0.0009992009843453335,-0.04495996687455715,0.18258493369347872,0.1808573791256606,2.63,-3.8200000000000003,-0.006994406890417335,-0.31471976812190006,0.00550740700032861,-0.24781084104086618,
1791390710.321647,balance,-0.007547892354307048,-0.009028093966603609,-0.010515298222429973,-0.36451983625559564,-0.0004470349755048182,0.002520370892618107,0.1735347418699153,0.9804889473435353,0.7858639728616567,0.0009731248724093933,False,0.0,0.0,0.005854990292077755,-0.035869699361879503,0.18319383237828066,0.1806539548074597,2.24,-3.96,0.04098493204454429,-0.2510878955331565,-0.03227160003507424,-0.19770700435681615,
1791390710.3316536,balance,-0.008812472742797466,-0.008226856176102077,-0.011745618641481034,0.04655513558689969,-0.0004127750060654613,0.002520370892618107,0.17376530453348185,0.9808806647088992,0.9569631151694126,0.0001195877476974333,False,0.0,0.0,0.011282719294308047,-0.027798151897812134,0.1835995660144428,0.1808573791256606,2.07,-3.74,0.07897903506015633,-0.19458706328468495,-0.06218821658280026,-0.15321816006668107,
1791390710.3416429,balance,-0.007584685604265407,-0.008183473545372464,-0.010481643210250862,0.18639568336023474,-0.0003765867133673495,0.002520370892618107,0.17399605804741575,0.9674204891440188,0.0,0.004849990706748141,False,0.0,0.0,0.12888061601967887,0.09264551697880616,0.18380227246209999,0.1812641580410549,1.8900000000000001,-3.39,0.9021643121377521,0.6485186188516431,-0.7103656001084662,0.5106445817729472,
1791390710.3516467,balance,-0.0052883346469036205,-0.009562612312254347,-0.008129008339164905,0.22601713445228971,-0.00032030279964317607,0.002520370892618107,0.17438021124503184,0.9418715147301716,0.0,0.014285475297102633,False,0.0,0.0,0.22311933737278503,0.18996729553421338,0.18420761995138657,0.1818740249535716,1.61,-3.04,1.561835361609495,1.3297710687394937,-1.2297916233145632,1.0470638336531446,
1791390710.3615923,balance,-0.0035437338378801466,-0.010419151296774343,-0.006363643488518763,0.07188649242477413,-0.00029953875802050944,0.002520370892618107,0.17453371111254695,1.0241488735970485,0.7508036875012908,0.0013667259304787887,False,0.0,0.0,0.1670497610910155,0.13949738574211953,0.18441020567926045,0.18207724849767246,1.61,-2.99,1.1693483276371084,0.9764817001948367,-0.9207467146748884,0.7688832284998715,
1791390710.3716495,balance,-0.0072148234992470825,-0.010469325123627965,-0.010043893539345233,-0.6611496803904494,-0.0003086991474800446,0.002520370892618107,0.17445706211430634,1.0845954763198837,0.6838343864912328,0.0020038054491432543,False,0.0,0.0,0.0753960746623861,0.05210582992134494,0.18420761995138657,0.18207724849767246,1.69,-3.04,0.5277725226367027,0.36474080944941456,-0.4155689154619706,0.2871974877554445,
1791390710.3816445,balance,-0.01584826389834261,-0.010342275806587909,-0.018665740504932277,-0.9880926564365546,-0.0002971057139715613,0.002520370892618107,0.17453391300704996,1.105321123829932,0.7347049244641912,0.0018530809968287044,False,0.0,0.0,0.010284791323632267,-0.014417415291552334,0.18420761995138657,0.18228032526567667,1.79,-2.95,0.07199353926542587,-0.10092190704086634,-0.05668782619324872,-0.07946606853611524,
1791390710.391664,balance,-0.02714391266799053,-0.01083278635459295,-0.029984586360251815,-1.1912932442019595,-0.00032030279964317607,0.002520370892618107,0.17438021124503184,1.1258863676449926,0.5558424673386083,0.0028502195015319217,False,0.0,0.0,-0.01320097179809876,-0.035107028252260586,0.18420761995138657,0.1818740249535716,1.82,-3.39,-0.09240680258669132,-0.2457491977658241,0.0727612618792845,-0.19350330532742055,
1791390710.4016337,balance,-0.03853283008998218,-0.011078905232544336,-0.04140772239323843,-1.1193184343900406,-0.00035452141063814155,0.002520370892618107,0.17414967986209973,1.1488467186831628,0.5689638230942867,0.0028994144779443806,False,0.0,0.0,-0.017733219391952992,-0.0323921340652181,0.1840049739935406,0.18146750672806256,1.9100000000000001,-3.79,-0.12413253574367095,-0.22674493845652668,0.09774215412887476,-0.17853932161931235,
1791390710.4116378,balance,-0.048678227315799225,-0.009977514085526029,-0.051578832510358615,-0.9108098907923498,-0.00038023430194128807,0.002520370892618107,0.17399573404068966,1.165716389644514,0.48308349142822327,0.0034131644910814535,False,0.0,0.0,-0.009497091705510805,-0.01817059053719655,0.1840049739935406,0.18106080344386152,1.8,-3.84,-0.06647964193857564,-0.12719413376037586,0.05234617475478397,-0.1001528612286424,
1791390710.4216337,balance,-0.05748036958073727,-0.009763483595940392,-0.060390199064047564,-0.8801704374166234,-0.00038945859069219185,0.002520370892618107,0.1739190851717373,1.154602749412789,0.67233080922414,0.0024113597009432454,False,0.0,0.0,-0.037717487347039155,-0.04043223207220355,0.18380227246209999,0.18106080344386152,1.99,-3.58,-0.2640224114292741,-0.28302562450542484,0.2078916625427355,-0.2228548224452164,
1791390710.4316483,balance,-0.0667282091227392,-0.011084233397535075,-0.06961230623496212,-0.9056788674147488,-0.00036372621960480134,0.002520370892618107,0.17407303095189738,1.154397519387781,0.7170766857199994,0.0021866041683389075,False,0.0,0.0,-0.059008994698362516,-0.061360720731741855,0.18380227246209999,0.18146750672806256,2.06,-3.39,-0.4130629628885376,-0.42952504512219297,0.32524642747128946,-0.33820869694660866,
1791390710.4416475,balance,-0.07563753828984121,-0.0118346994955869,-0.07853203764886763,-0.9218168566372307,-0.0003741284664083022,0.002520370892618107,0.17399622309048593,1.110884888671572,0.855837176685158,0.0012752385599320705,False,0.0,0.0,-0.10659227475785986,-0.11100745072736078,0.1835995660144428,0.18146750672806256,2.15,-3.41,-0.746145923305019,-0.7770521550915255,0.587516475043322,-0.6118520906232484,
1791390710.4516444,balance,-0.08259104092644286,-0.010860122008330473,-0.08546045987115887,-0.45894958916957085,-0.0003490480520979,0.002520370892618107,0.17415010542291234,1.0323850732236415,0.0,0.011796615601747221,False,0.0,0.0,0.0392446448019414,0.02993820330427705,0.1835995660144428,0.1818740249535716,2.11,-3.15,0.2747125136135898,0.20956742312993937,-0.21630906583747225,0.16501371899995226,
1791390710.46163,balance,-0.08323376406251307,-0.009971283747509873,-0.08608117905087281,0.2524888792499592,-0.00032704409574163887,0.002520370892618107,0.1743037641618006,1.0379043314438736,0.9690313956773248,0.00034436467883274425,False,0.0,0.0,0.01680241275652078,0.005185548015291022,0.18380227246209999,0.18207724849767246,1.92,-3.06,0.11761688929564545,0.03629883610703715,-0.09261172385483894,0.02858176071420248,
1791390710.4716442,balance,-0.07967875387142423,-0.009400645339366841,-0.08252860515107849,0.21786413353729747,-0.00032948038703614277,0.002520370892618107,0.17430356228001165,1.0884008618715737,0.8825077067303029,0.0010294657757063542,False,0.0,0.0,-0.008979278086387764,-0.016312163985129916,0.1840049739935406,0.1818740249535716,1.98,-3.33,-0.06285494660471434,-0.11418514789590942,0.04949208394071995,-0.08990956527236962,
1791390710.4816437,balance,-0.08168915516786886,-0.008615519569805665,-0.08455120806531688,-0.48358417803854953,-0.00034168200482990324,0.002520370892618107,0.17422665281592487,1.0278002995275985,0.0,0.011502576828116541,False,0.0,0.0,0.07879175360062599,0.07546282066123221,0.1840049739935406,0.18167080140947076,1.82,-3.36,0.5515422752043819,0.5282397446286254,-0.43428525606644247,0.41593680679419326,
1791390710.491643,balance,-0.08663594319317566,-0.0067955278971443675,-0.08948880908812121,-0.40670976624885075,-0.000332495002327432,0.002520370892618107,0.17430330176142378,1.0091275304812444,0.9578519566585584,0.00025637786911342995,False,0.0,0.0,-0.023043439422966275,-0.02669104771748477,0.18420761995138657,0.18167080140947076,1.83,-3.3200000000000003,-0.16130407596076393,-0.1868373340223934,0.12701108343367237,-0.14711601104125463,
1791390710.5016463,balance,-0.09095263397497419,-0.004311220221917781,-0.0938146868724222,-0.45418483884708954,-0.00034168200482990324,0.002520370892618107,0.17422665281592487,1.0575528261198186,0.8377664663917513,0.0010989317986403364,False,0.0,0.0,-0.08202942949810124,-0.08700824584384934,0.1840049739935406,0.18167080140947076,1.95,-3.3000000000000003,-0.5742060064867087,-0.6090577209069453,0.452130713769062,-0.4795730085881459,
1791390710.5116463,balance,-0.09611633073690971,-0.004706356084847534,-0.09898757872384235,-0.579135171279486,-0.0003508770943145244,0.002520370892618107,0.17415000388514382,1.0153694919646874,0.0,0.005319835260422979,False,0.0,0.0,-0.03142494172484085,-0.036541733796589974,0.18380227246209999,0.18167080140947076,2.08,-3.31,-0.21997459207388598,-0.2557921365761298,0.17320834021565826,-0.20141113116230694,
1791390710.5216837,balance,-0.10098924452494054,-0.004706177149349201,-0.10384703181284266,-0.19393945459462522,-0.00033741639528401396,0.002520370892618107,0.17422695623400622,0.9290262730505064,0.0,0.014736925407607593,False,0.0,0.0,0.04112595433052068,0.03426362803755614,0.1835995660144428,0.18207724849767246,2.13,-2.95,0.28788168031364475,0.239845396262893,-0.22667848843594074,0.1888546427266874,
1791390710.53164,balance,-0.0981522894843391,-0.003694910137026596,-0.10099845537225892,0.6367575861687036,-0.0003257949953017099,0.002520370892618107,0.17430380706865142,0.9701118161603237,0.0,0.02425465993200598,False,0.0,0.0,0.12584367441263586,0.11999344619145581,0.1835995660144428,0.18228032526567667,2.12,-2.75,0.880905720888451,0.8399541233401907,-0.69362655188067,0.6613811994804651,
1791390710.541653,balance,-0.0920045970983629,-0.0019043709152475766,-0.09485993399769156,0.3993260263419003,-0.0003349660067105513,0.002520370892618107,0.1742270354958566,1.0440049618281335,0.8448871938439372,0.0009955888399209817,False,0.0,0.0,0.01282979905618272,0.010613245878469473,0.18319383237828066,0.1824833928624771,2.47,-2.9,0.08980859339327904,0.07429272114928631,-0.07071542786872365,0.0584982056293593,
1791390710.551694,balance,-0.09424781784830301,-0.0006816145614396959,-0.09712519987689747,-0.7094792184782743,-0.0003570111359763456,0.002520370892618107,0.1740733735136659,1.014415600299801,0.0,0.005451000599426583,False,0.0,0.0,0.000712202626786455,0.0012778861333410543,0.18299090309463303,0.18228032526567667,2.54,-2.97,0.004985418387505185,0.00894520293338738,-0.003925526289374161,0.007043466876682977,
1791390710.5616412,balance,-0.10214471734791222,-0.0009522871973658036,-0.10501045908066448,-0.663793894766431,-0.00034537084013413696,0.002520370892618107,0.17415022430863203,0.9523267511586971,0.0,0.01511114816686246,False,0.0,0.0,0.021456150084644708,0.021927898744876467,0.18299090309463303,0.1824833928624771,2.4,-2.91,0.15019305059251295,0.15349529121413527,-0.11826224456103382,0.12086243402687817,
1791390710.5716496,balance,-0.1068246791444229,0.0005961335273137158,-0.10969164661393856,-0.1970303649026366,-0.00034659657689755166,0.002520370892618107,0.17415018467979715,0.9760536983546454,0.920389210175728,0.00027832244089458723,False,0.0,0.0,-0.04949414514810045,-0.04923910153030364,0.18319383237828066,0.18228032526567667,2.46,-3.13,-0.34645901603670315,-0.3446737107121255,0.2728023748320497,-0.2713966226079728,
1791390710.581648,balance,-0.10660645186560615,0.003463900162807161,-0.10949548447261442,-0.02064210232298161,-0.0003686617143901609,0.002520370892618107,0.17399652274230687,1.028773612023381,0.8901364195231198,0.0006931859625013059,False,0.0,0.0,-0.0832469474276998,-0.08568698751854495,0.18299090309463303,0.18207724849767246,2.58,-3.06,-0.5827286319938986,-0.5998089126298146,0.45884144251488074,-0.4722904823856808,
1791390710.5916502,balance,-0.10896844759299859,0.0033765704976818646,-0.11185625337573085,-0.4222938065820811,-0.0003674348901141454,0.002520370892618107,0.1739965623664318,0.943867648096481,0.0,0.01041786867978561,False,0.0,0.0,0.02100139326153918,0.0180977081004575,0.18278792047945228,0.18228032526567667,2.66,-2.9,0.14700975283077425,0.1266839567032025,-0.11575571089037343,0.09975114701039568,
1791390710.6016471,balance,-0.11260151164916303,0.0022095946721601752,-0.11546725338191528,-0.21242345666203444,-0.00034537084013413696,0.002520370892618107,0.17415022430863203,0.8782283080577197,0.0,0.019301815587926673,False,0.0,0.0,0.038706901993907715,0.03467950741819238,0.18299090309463303,0.1824833928624771,2.48,-2.67,0.270948313957354,0.2427565519273467,-0.21334512910027875,0.19114689128137535,
1791390710.611648,balance,-0.11080530937172882,0.002614299504352454,-0.11364843854791841,0.422489212382058,-0.00032275828357148165,0.002520370892618107,0.17430390534594606,0.9168055182159119,0.0,0.028332037827830878,False,0.0,0.0,0.0933554129410788,0.08824521244198466,0.18299090309463303,0.1828894047573843,2.66,-2.46,0.6534878905875516,0.6177164870938926,-0.5145573941634265,0.4863909347196005,
1791390710.6216457,balance,-0.1085042744523648,0.003445790285237874,-0.11135899871246775,0.053891171535065896,-0.00033435336748484715,0.002520370892618107,0.1742270553128552,0.9790863369272009,0.8912852540062877,0.00043900541460456635,False,0.0,0.0,0.00572359068704791,0.003365658119467701,0.18258493369347872,0.18309238737256509,2.75,-2.3000000000000003,0.040065134809335365,0.023559606836273908,-0.03154735024357115,0.018550871524625125,
1791390710.6316419,balance,-0.11283954526005649,0.003502726498005531,-0.11568387412817398,-0.8386799158797418,-0.0003239579754993789,0.002520370892618107,0.17430386652003466,0.9866370073719832,0.0,0.005499400155976685,False,0.0,0.0,-0.030072047053704778,-0.03093216271464171,0.18258493369347872,0.18329525876167316,2.73,-2.41,-0.21050432937593344,-0.21652513900249196,0.16575144045349088,-0.17049223543503303,
1791390710.6416428,balance,-0.12273495230304494,0.0023013040364080715,-0.12556889493710335,-0.956014388135272,-0.0003135717414403001,0.002520370892618107,0.17438067774603352,0.9167498995487148,0.0,0.01485637841430009,False,0.0,0.0,-0.030019798564642545,-0.02955738880615126,0.18258493369347872,0.18349812557975423,2.75,-2.13,-0.21013858995249782,-0.2069017216430588,0.1654634566555101,-0.16291474145122742,
1791390710.6516442,balance,-0.12985267907486106,0.0012584814925016203,-0.13267504598980148,-0.3149690292131597,-0.0003019960223223164,0.002520370892618107,0.17445752782108012,0.9147808625318974,0.0,0.023939326538065953,False,0.0,0.0,-0.0038270353572075278,-0.003637043354766597,0.18278792047945228,0.18349812557975423,2.57,-2.25,-0.026789247500452695,-0.02545930348336618,0.02109389566964779,-0.020046695656193842,
1791390710.6616797,balance,-0.12941584192853967,0.0023362251375869804,-0.1322485854014231,0.20565333916046044,-0.0003123725802653132,0.002520370892618107,0.1743807165741168,0.954148185878356,0.0,0.03338076521458994,False,0.0,0.0,0.05804358035048886,0.05618049387415758,0.18299090309463303,0.18309238737256509,2.5300000000000002,-2.57,0.406305062453422,0.39326345711910304,-0.31992524602631656,0.30965626544811264,
1791390710.6716502,balance,-0.1288252270494822,0.0037762574283789364,-0.1316787510864346,-0.07738938659219577,-0.00033315314433425905,0.002520370892618107,0.17422709413659285,0.9652369928650903,0.0,0.04302845767279835,False,0.0,0.0,0.06720339240885269,0.06646754429866272,0.18278792047945228,0.1828894047573843,2.58,-2.6,0.4704237468619688,0.46527281009063903,-0.37041239910391244,0.3663565433784559,
1791390710.6816428,balance,-0.13346071491328948,0.002028002900132019,-0.13630384408947907,-0.7988430066787012,-0.0003227582835714782,0.002520370892618107,0.17430390534594606,0.9520452744933448,0.0,0.05258202118649281,False,0.0,0.0,0.019134806693857666,0.020773665240735713,0.18278792047945228,0.18309238737256509,2.57,-2.56,0.13394364685700366,0.14541565668515,-0.10546743847008162,0.11450051707492126,
1791390710.6916432,balance,-0.14361346165012867,-7.720964899288494e-05,-0.14646757335600666,-1.1058918778857942,-0.000333740813259889,0.002520370892618107,0.17422707512717414,0.9471285660370616,0.0,0.062055393267158934,False,0.0,0.0,-0.035073032192242545,-0.032351209120118726,0.18299090309463303,0.18268642214220357,2.58,-2.85,-0.2455112253456978,-0.22645846384083107,0.19331592546905338,-0.1783137510557725,
1791390710.7016478,balance,-0.1545529774911544,8.003163197028862e-05,-0.157396106667344,-1.005570576037298,-0.00032275828357148165,0.002520370892618107,0.17430390534594606,0.9434505430062521,0.0,0.0714901627423513,False,0.0,0.0,-0.058009098545639404,-0.05722043833111796,0.18299090309463303,0.1828894047573843,2.57,-2.46,-0.4060636898194758,-0.4005430683178257,0.3197351888342329,-0.3153882427699415,
1791390710.7116425,balance,-0.1627963223352207,-0.00041225255433732815,-0.1656394515114103,-0.6513260236333042,-0.0003227582835714782,0.002520370892618107,0.17430390534594606,0.9362651940971282,0.0,0.08086548780572565,False,0.0,0.0,-0.04885053211605765,-0.04959242273483234,0.18278792047945228,0.18309238737256509,2.61,-2.32,-0.34195372481240355,-0.3471469591438264,0.2692549014270894,-0.27334406231797354,
1791390710.7216456,balance,-0.1681027328106753,-0.002005684429476048,-0.17093547628355873,-0.37646570173184707,-0.0003123725802653132,0.002520370892618107,0.1743807165741168,0.9360264827443362,0.0,0.0902349619764577,False,0.0,0.0,-0.02889866775503395,-0.031340375349720194,0.18299090309463303,0.18309238737256509,2.46,-2.54,-0.20229067428523767,-0.21938262744804135,0.15928399550018715,-0.17274222633704042,
1791390710.731646,balance,-0.17135573866212064,-0.003445721212957478,-0.17419886783831023,-0.30071148749717197,-0.00032275828357148165,0.002520370892618107,0.17430390534594606,0.9113749990230688,0.0,0.0994122498304656,False,0.0,0.0,-0.020358053232847825,-0.021032130173329475,0.18299090309463303,0.1828894047573843,2.5100000000000002,-2.7,-0.14250637262993476,-0.14722491121330633,0.11220974222829509,-0.11592512693961128,
1791390710.74164,balance,-0.17437644347694245,-0.0036123578458879626,-0.17721957265313204,-0.2682350761047666,-0.00032275828357148165,0.002520370892618107,0.17430390534594606,0.8812231853576019,0.0,0.10831810455938619,False,0.0,0.0,-0.02477997662151684,-0.021953867863073004,0.18299090309463303,0.1828894047573843,2.46,-2.61,-0.17345983635061787,-0.153677075041511,0.13658254830757313,-0.12100557089882757,
1791390710.7516453,balance,-0.17716464955010905,-0.003383939028457612,-0.1800083661351201,-0.24782030273164513,-0.00032334569239294425,0.002520370892618107,0.17430388633546304,0.8514631484191096,0.0,0.11687357831591161,False,0.0,0.0,-0.03241242284980369,-0.027882686603929216,0.18319383237828066,0.18268642214220357,2.46,-2.87,-0.22688695994862582,-0.1951788062275045,0.1786511495658471,-0.15368409939173583,
1791390710.7616477,balance,-0.17945137143184053,-0.004512645207130117,-0.1823183389013562,-0.22209996485766564,-0.00034659657689755166,0.002520370892618107,0.17415018467979715,0.8281478778048974,0.0,0.12520242138748697,False,0.0,0.0,-0.0368193666345821,-0.03264950181433599,0.18319383237828066,0.18228032526567667,2.35,-3.06,-0.25773556644207474,-0.22854651270035195,0.20294139089927143,-0.17995788401602517,
1791390710.7716463,balance,-0.1806620252935572,-0.005285638396790417,-0.1835302185003941,-0.02165343638539973,-0.00034782231421879445,0.002520370892618107,0.17415014505122395,0.803767201364343,0.0,0.1332902160510367,False,0.0,0.0,-0.0279581579985922,-0.027499122786879132,0.18339669919636176,0.18207724849767246,2.14,-3.3200000000000003,-0.1957071059901454,-0.19249385950815392,0.1541000834568074,-0.15156996811665663,
1791390710.7816374,balance,-0.1806711190898144,-0.005143664355257141,-0.1835405380345304,0.026447591049953572,-0.0003490480520979,0.002520370892618107,0.17415010542291234,0.777013999721909,0.0,0.14109958536685596,False,0.0,0.0,-0.024506294754249484,-0.026286591329500515,0.1835995660144428,0.1818740249535716,2.2,-3.25,-0.1715440632797464,-0.1840061393065036,0.13507406557460344,-0.14488672386338866,
1791390710.7916431,balance,-0.1799492834486719,-0.005250487738163199,-0.18282911803894045,0.08710568763100685,-0.00035946369765045214,0.002520370892618107,0.17407329426122753,0.7530423967582772,0.0,0.14868704549734227,False,0.0,0.0,-0.022114016385817153,-0.02403590993489336,0.18339669919636176,0.1818740249535716,2.18,-3.21,-0.15479811470072008,-0.16825136954425352,0.12188827929190557,-0.1324813933419319,
1791390710.8016293,balance,-0.17893618363565794,-0.0060498505060325,-0.1818160182259265,0.17572067295724436,-0.00035946369765045214,0.002520370892618107,0.17407329426122753,0.7256124590600567,0.0,0.15600409376680335,False,0.0,0.0,-0.02056667529538472,-0.020430546301096635,0.18339669919636176,0.1818740249535716,2.22,-3.15,-0.14396672706769303,-0.14301382410767643,0.11335962761235671,-0.11260931032100506,
1791390710.8116512,balance,-0.1771594015013346,-0.006761870313208455,-0.18002882044605062,0.19194499678480204,-0.0003490480520979,0.002520370892618107,0.17415010542291234,0.7074589497147934,0.0,0.16310004189924415,False,0.0,0.0,-0.019153374650958458,-0.01819308762466193,0.1835995660144428,0.1818740249535716,2.17,-3.12,-0.1340736225567092,-0.1273516133726335,0.10556978154071592,-0.10027686092333347,
1791390710.8216329,balance,-0.17481560991109235,-0.006766898227309794,-0.17768380311792925,0.23131071297104847,-0.00034782231421879445,0.002520370892618107,0.17415014505122395,0.6875125607271785,0.0,0.1700243373248651,False,0.0,0.0,-0.015268151711557161,-0.014328635209791368,0.18339669919636176,0.18207724849767246,2.3000000000000003,-3.0700000000000003,-0.10687706198090013,-0.10030044646853957,0.0841551669140946,-0.07897672950278706,
1791390710.8316474,balance,-0.172320359709215,-0.007137844101315891,-0.1751885529160519,0.3029376844738133,-0.00034782231421879445,0.002520370892618107,0.17415014505122395,0.6636289168664571,0.0,0.176722856034353,False,0.0,0.0,-0.0121183849793485,-0.01255372806556332,0.18339669919636176,0.18207724849767246,2.22,-3.0500000000000003,-0.0848286948554395,-0.08787609645894325,0.06679424791766889,-0.06919377673932539,
1791390710.841646,balance,-0.1693834535699998,-0.007479958207886049,-0.17224001566333647,0.30120050716017116,-0.00033619120071857675,0.002520370892618107,0.17422699586480067,0.6457167389488604,0.0,0.18322381370691748,False,0.0,0.0,-0.009061895830440158,-0.0108390423395762,0.18339669919636176,0.18228032526567667,2.22,-3.0300000000000002,-0.0634332708130811,-0.07587329637703341,0.04994745733313473,-0.05974275305278221,
1791390710.8516488,balance,-0.1661359510719438,-0.007429870439901697,-0.16899251316528047,0.2859045983076124,-0.00033619120071857675,0.002520370892618107,0.17422699586480067,0.6390934155555079,0.0,0.18963816010146586,False,0.0,0.0,-0.006048448477202119,-0.007959854053744256,0.18339669919636176,0.18228032526567667,2.3000000000000003,-3.0100000000000002,-0.04233913934041483,-0.055718978376209795,0.03333790499245262,-0.04387321131985023,
1791390710.861651,balance,-0.16305759830752908,-0.007437365067731645,-0.16592579151436598,0.3353481865171122,-0.00034782231421879445,0.002520370892618107,0.17415014505122395,0.6300837354900821,0.0,0.19595490289032177,False,0.0,0.0,-0.0028665159083508416,-0.00423291255372421,0.18339669919636176,0.18207724849767246,2.2600000000000002,-3.04,-0.02006561135845589,-0.029630387876069468,0.015799693983036135,-0.02333101407564525,
1791390710.871648,balance,-0.16019752399739942,-0.0076459128344385004,-0.16306571720423632,0.28451663171692726,-0.00034782231421879445,0.002520370892618107,0.17415014505122395,0.6184994433042185,0.0,0.20217000812104327,False,0.0,0.0,-0.0037794211218491404,-0.004202232677617331,0.18339669919636176,0.18207724849767246,2.21,-3.12,-0.026455947852943983,-0.02941562874332132,0.020831455002318096,-0.023161912396316,
1791390710.8816438,balance,-0.157373229275614,-0.007324007100213024,-0.1602414224824509,0.22978997373140955,-0.00034782231421879445,0.002520370892618107,0.17415014505122395,0.6150717837534475,0.0,0.20832950356514365,False,0.0,0.0,-0.003689498166812325,-0.003995905909665334,0.18339669919636176,0.18207724849767246,2.25,-3.13,-0.025826487167686277,-0.027971341367657335,0.02033581666746951,-0.02202467824224987,
1791390710.8916538,balance,-0.15492421444339752,-0.0068177557349108015,-0.15779363338811353,0.25659591473307136,-0.0003490480520979,0.002520370892618107,0.17415010542291234,0.6077924465031602,0.0,0.21442524368971133,False,0.0,0.0,-0.0026298745552206433,-0.0032064289699091195,0.1835995660144428,0.1818740249535716,2.13,-3.14,-0.0184091218865445,-0.022445002789363837,0.014495371564208269,-0.01767323054280617,
1791390710.901634,balance,-0.15261465279699446,-0.0062963203600101296,-0.15548407174171047,0.24673331865723602,-0.0003490480520979,0.002520370892618107,0.17415010542291234,0.5918881165636414,0.0,0.22039506111323276,False,0.0,0.0,-0.002420811524998101,-0.004086160830606772,0.1835995660144428,0.1818740249535716,2.06,-3.25,-0.016945680674986707,-0.028603125814247402,0.013343055649595831,-0.022522146310431024,
1791390710.9116364,balance,-0.15016107207725207,-0.0055972094892627385,-0.15303049102196808,0.227606234297164,-0.0003490480520979,0.002520370892618107,0.17415010542291234,0.5850074270989312,0.0,0.2262628376391021,False,0.0,0.0,-0.0015413539887165898,-0.003806090929394882,0.1835995660144428,0.1818740249535716,2.05,-3.21,-0.010789477921016128,-0.026642636505764174,0.008495651906311913,-0.020978453941546595,
1791390710.9216447,balance,-0.14801488829793924,-0.004984528388804873,-0.1508739252401167,0.21402079119321754,-0.00033866604955934757,0.002520370892618107,0.17422691332968568,0.5805650461465136,0.0,0.2321028397201102,False,0.0,0.0,-0.0007722699692612437,-0.0034779551000099344,0.18380227246209999,0.1818740249535716,2.05,-3.2,-0.005405889784828706,-0.02434568570006954,0.004256606129786383,-0.019169831259897276,
1791390710.9316442,balance,-0.1461466659763151,-0.0048200412486803556,-0.1490160849210311,0.18596632254708367,-0.0003490480520979,0.002520370892618107,0.17415010542291234,0.5714725472118617,0.0,0.23785195177495613,False,0.0,0.0,-0.0018915163411791524,-0.004706395882680625,0.1835995660144428,0.1818740249535716,2.12,-3.14,-0.013240614388254067,-0.032944771178764376,0.010425680620672494,-0.025940764707688486,
1791390710.9416437,balance,-0.14422381958732444,-0.004451484676048375,-0.14708160687522656,0.19655930188446147,-0.00033741639528401396,0.002520370892618107,0.17422695623400622,0.5713387538501403,0.0,0.24356923101500758,False,0.0,0.0,3.494563221721601e-05,-0.00226711889589159,0.1835995660144428,0.18207724849767246,2.12,-3.0300000000000002,0.00024461942552051207,-0.01586983227124113,-0.00019261372088229297,-0.01249593092223711,
1791390710.9516351,balance,-0.14241270030540806,-0.0034009304176234245,-0.1452588661933279,0.167974450342036,-0.0003257949953017099,0.002520370892618107,0.17430380706865142,0.5676799255694406,0.0,0.24927752688328692,False,0.0,0.0,0.000740589012403979,-0.0020299649608401383,0.1835995660144428,0.18228032526567667,2.2,-2.99,0.005184123086827854,-0.014209754725880968,-0.004081986682541617,-0.011188783248725171,
1791390710.9616458,balance,-0.14060152045607247,-0.002922361044892712,-0.14345808254940914,0.1671239461466892,-0.00033619120071857675,0.002520370892618107,0.17422699586480067,0.5636880765599044,0.0,0.2549078216903575,False,0.0,0.0,0.0015926941459698724,-0.0010533237154238375,0.18339669919636176,0.18228032526567667,2.42,-2.93,0.011148859021789108,-0.007373266007966862,-0.008778629151015046,-0.00580572126611564,
1791390710.9716458,balance,-0.1392429404891714,-0.0029143647176319417,-0.14210990795868708,0.14929050720401987,-0.00034659657689755166,0.002520370892618107,0.17415018467979715,0.5493746738109969,0.0,0.2604308697226349,False,0.0,0.0,-0.0004825038502359281,-0.0033814337194855923,0.18319383237828066,0.18228032526567667,2.4,-2.94,-0.003377526951651497,-0.023670036036399146,0.0026594700406704697,-0.01863782365070799,
1791390710.9816422,balance,-0.13779863479084822,-0.002493270377869129,-0.14066437652360048,0.10945933971877511,-0.00034537084013413696,0.002520370892618107,0.17415022430863203,0.5458816504508298,0.0,0.26589793261483685,False,0.0,0.0,-0.001565269626974775,-0.005020602270669275,0.18299090309463303,0.1824833928624771,2.47,-2.93,-0.010956887388823425,-0.03514421589468492,0.008627470384900334,-0.027672610940696788,
1791390710.991664,balance,-0.13680697686918128,-0.0018153949924091084,-0.13968313261777612,0.1220289661483396,-0.0003557848559767457,0.002520370892618107,0.1740734131402777,0.5419883802130134,0.0,0.2713186621724849,False,0.0,0.0,-0.002368968095288802,-0.0060371814541692005,0.18278792047945228,0.1824833928624771,2.58,-2.72,-0.016582776667021612,-0.042260270179184406,0.013057304462221742,-0.03327580329069638,
1791390711.0016422,balance,-0.13569815938896423,-0.0015692153045746631,-0.13856267538551092,0.10183117027058766,-0.00034414510392857117,0.002520370892618107,0.17415026393772856,0.5314374814444319,0.0,0.2766578407423841,False,0.0,0.0,-0.003118425775245672,-0.006812929959194234,0.18278792047945228,0.18268642214220357,2.61,-2.7,-0.021828980426719706,-0.04769050971435964,0.017188173564346224,-0.03755158245225169,
1791390711.0116513,balance,-0.13446903697188578,-0.0016680223756173388,-0.13733477870463803,0.13510225708456028,-0.00034537084013413696,0.002520370892618107,0.17415022430863203,0.5294079696273312,0.0,0.28195587361397306,False,0.0,0.0,-0.0010769108885646755,-0.004015861334625995,0.18299090309463303,0.1824833928624771,2.62,-2.86,-0.007538376219952729,-0.028111029342381966,0.005935729307049393,-0.022134668773529105,
1791390711.0216422,balance,-0.133150346095574,-0.0012090521191530303,-0.136004457801452,0.1122918996364949,-0.000333740813259889,0.002520370892618107,0.17422707512717414,0.5223140490116471,0.0,0.2871904900896527,False,0.0,0.0,-0.0009193868113574193,-0.0033253144190163782,0.18299090309463303,0.18268642214220357,2.49,-2.8000000000000003,-0.006435707679501935,-0.023277200933114646,0.005067486361812547,-0.018328504671743816,
1791390711.0316803,balance,-0.13182939837604912,-0.000984659385881993,-0.1346835100819271,0.13674383329694176,-0.000333740813259889,0.002520370892618107,0.17422707512717414,0.5162076521929244,0.0,0.2923587768699395,False,0.0,0.0,0.00011193257355119646,-0.0010380107841612325,0.18299090309463303,0.18268642214220357,2.45,-2.72,0.0007835280148583752,-0.007266075489128628,-0.0006169511928018702,-0.005721319282778447,
1791390711.0416415,balance,-0.130702566356541,-0.0008460044613070056,-0.13355790325586966,0.10377651959221562,-0.0003349660067105513,0.002520370892618107,0.1742270354958566,0.5079524787534399,0.0,0.29743590638141043,False,0.0,0.0,-0.0018607983578844871,-0.002918376544638272,0.18319383237828066,0.1824833928624771,2.46,-2.89,-0.01302558850519141,-0.020428635812467903,0.01025636890172552,-0.016085540009817247,
1791390711.051651,balance,-0.1296107917138018,-0.0005079960257605949,-0.13246612861313045,0.10974860024391889,-0.0003349660067105513,0.002520370892618107,0.1742270354958566,0.5052397935784824,0.0,0.3,False,0.0,0.0,-0.001554824807621215,-0.002434351639098376,0.18319383237828066,0.1824833928624771,2.31,-2.85,-0.010883773653348505,-0.017040461473688633,0.00856990051444764,-0.013417686199754829,
1791390711.0616474,balance,-0.12833554645991035,0.0001923256785599515,-0.131190883359239,0.11728646110154986,-0.0003349660067105513,0.002520370892618107,0.1742270354958566,0.49505116613925415,0.0,0.3,False,0.0,0.0,-0.0006077115665177838,-0.0015727874052199407,0.18319383237828066,0.1824833928624771,2.33,-2.95,-0.004253980965624487,-0.011009511836539585,0.0033495913115153438,-0.008668906957905185,
1791390711.0716345,balance,-0.12724537006788356,0.0005626914338934877,-0.13010193216122024,0.12204143014492184,-0.00033619120071857675,0.002520370892618107,0.17422699586480067,0.4901277755105807,0.0,0.3,False,0.0,0.0,-0.0009981866817912206,-0.0020579929402565257,0.18339669919636176,0.18228032526567667,2.23,-2.99,-0.006987306772538544,-0.01440595058179568,0.005501816356329562,-0.011343268174642268,
1791390711.0816479,balance,-0.12602119720589877,0.0003564320085359991,-0.12887775929923545,0.11251965594240732,-0.00033619120071857675,0.002520370892618107,0.17422699586480067,0.48471110801498496,0.0,0.3,False,0.0,0.0,-0.00043455011020259306,-0.0018306347542690901,0.18339669919636176,0.18228032526567667,2.27,-2.97,-0.003041850771418151,-0.012814443279883632,0.0023951580877308275,-0.01009011281880601,
1791390711.0916507,balance,-0.1248334785026363,0.000349606217492939,-0.127690040595973,0.12258818806994189,-0.00033619120071857675,0.002520370892618107,0.17422699586480067,0.480016389778708,0.0,0.3,False,0.0,0.0,6.081985499232746e-05,-0.0012595608803051149,0.18339669919636176,0.18228032526567667,2.2600000000000002,-2.96,0.0004257389849462922,-0.008816926162135804,-0.00033522754720180487,-0.006942461544988822,
1791390711.1016488,balance,-0.12374280384783301,0.0010141899473898937,-0.1265993659411697,0.10313747554366293,-0.00033619120071857675,0.002520370892618107,0.17422699586480067,0.47179419714197196,0.0,0.3,False,0.0,0.0,-0.001716516334478457,-0.00264070652809798,0.18339669919636176,0.18228032526567667,2.27,-2.95,-0.0120156143413492,-0.018484945696685857,0.009461113654605668,-0.014555075351721148,
1791390711.1116464,balance,-0.12284516685812309,0.0015013444855174884,-0.12570172895145978,0.07647470996560386,-0.00033619120071857675,0.002520370892618107,0.17422699586480067,0.470315432295035,0.0,0.3,False,0.0,0.0,-0.00341862771713113,-0.003736932158075699,0.18339669919636176,0.18228032526567667,2.29,-2.97,-0.023930394019917912,-0.02615852510652989,0.018842829936943237,-0.020597263863409362,
1791390711.121634,balance,-0.12203390121730683,0.0015303099494082476,-0.12488923811663549,0.09260757725515437,-0.0003349660067105513,0.002520370892618107,0.1742270354958566,0.4634050699430154,0.0,0.3,False,0.0,0.0,-0.00398828016431949,-0.0043669905895341,0.18319383237828066,0.1824833928624771,2.39,-2.83,-0.02791796115023643,-0.0305689341267387,0.021982646574989315,-0.024070026871447794,
1791390711.1316493,balance,-0.12089638692663897,0.0014340541638818943,-0.12375172382596764,0.12847845374470515,-0.0003349660067105513,0.002520370892618107,0.1742270354958566,0.45372509932389793,0.0,0.3,False,0.0,0.0,-0.0016324419473595472,-0.0026838644487780453,0.18319383237828066,0.1824833928624771,2.49,-2.85,-0.011427093631516831,-0.01878705114144632,0.008997711520879394,-0.014792953654682141,
1791390711.141641,balance,-0.11969233847337594,0.0016726893000796469,-0.1225580802061282,0.12094662592524638,-0.00034537084013413696,0.002520370892618107,0.17415022430863203,0.45327310044490343,0.0,0.3,False,0.0,0.0,-8.12725138651265e-05,-0.0021489261636282756,0.18299090309463303,0.1824833928624771,2.54,-2.7600000000000002,-0.0005689075970558855,-0.015042483145397929,0.00044795873783927995,-0.011844474917636164,
1791390711.1516485,balance,-0.11832820934193562,0.0019638704567745704,-0.12118232104781362,0.12636423849819212,-0.000333740813259889,0.002520370892618107,0.17422707512717414,0.448809427256731,0.0,0.3,False,0.0,0.0,0.0016046882997246203,-0.00014911897300309094,0.18299090309463303,0.18268642214220357,2.5100000000000002,-2.63,0.011232818098072342,-0.0010438328110216365,-0.008844738659899482,-0.0008219155992296351,
1791390711.1616595,balance,-0.11741438881779842,0.0019501058326698096,-0.12027890481434511,0.07816657948518178,-0.00034414510392857117,0.002520370892618107,0.17415026393772856,0.43739115730038874,0.0,0.3,False,0.0,0.0,-0.003133584530504618,-0.0045363342421286075,0.18278792047945228,0.18268642214220357,2.52,-2.62,-0.021935091713532327,-0.031754339694900255,0.017271725758686872,-0.025003417082598626,
1791390711.1716337,balance,-0.11663900868252117,0.0017966510498498396,-0.11949253271947353,0.08227405071228709,-0.00033315314433425905,0.002520370892618107,0.17422709413659285,0.4360565738467336,0.0,0.3,False,0.0,0.0,-0.00458807091245608,-0.005462832078730179,0.18278792047945228,0.1828894047573843,2.64,-2.5500000000000003,-0.03211649638719256,-0.03823982455111126,0.025288579832435085,-0.03011009807174115,
1791390711.1816359,balance,-0.11575891383105362,0.0015303026234370978,-0.11861243786800599,0.09655306561072903,-0.00033315314433425905,0.002520370892618107,0.17422709413659285,0.43397626176371373,0.0,0.3,False,0.0,0.0,-0.0027275091492682192,-0.004479700498975046,0.18278792047945228,0.1828894047573843,2.63,-2.61,-0.019092564044877535,-0.03135790349282532,0.015033514995966562,-0.024691262592775844,
1791390711.1916382,balance,-0.11477925833244666,0.0013627259473455082,-0.11763278236939903,0.09051945883686027,-0.00033315314433425905,0.002520370892618107,0.17422709413659285,0.42396306438076337,0.0,0.3,False,0.0,0.0,-0.0022050807751536447,-0.005067592022277622,0.18278792047945228,0.1828894047573843,2.61,-2.57,-0.015435565426075513,-0.035473144155943354,0.012153988524468909,-0.02793160957160894,
1791390711.2016485,balance,-0.11373235635041186,0.0008860021755256191,-0.11657548552660145,0.09588826588151557,-0.00032275828357148165,0.002520370892618107,0.17430390534594606,0.41882301682333417,0.0,0.3,False,0.0,0.0,-0.0019818252235880383,-0.00511336190594611,0.18299090309463303,0.1828894047573843,2.5100000000000002,-2.59,-0.013872776565116268,-0.035793533341622774,0.010923446114264778,-0.028183884520962814,
1791390711.2116466,balance,-0.11292877921682347,0.000493992268333189,-0.11577190839301306,0.0812820383468262,-0.00032275828357148165,0.002520370892618107,0.17430390534594606,0.41203340207903827,0.0,0.3,False,0.0,0.0,-0.0036644343251381363,-0.0066745790482390386,0.18299090309463303,0.1828894047573843,2.46,-2.59,-0.025651040275966954,-0.04672205333767327,0.020197669508635396,-0.03678901837612068,
1791390711.221649,balance,-0.11200528688197059,0.0001385397361577895,-0.11484841605816018,0.1082050621018511,-0.00032275828357148165,0.002520370892618107,0.17430390534594606,0.4020674509224275,0.0,0.3,False,0.0,0.0,-0.0041111210355768936,-0.005837358348593959,0.18299090309463303,0.1828894047573843,2.5,-2.65,-0.028777847249038254,-0.040861508440157714,0.022659722243337208,-0.03217441609461237,
1791390711.2316604,balance,-0.11058792528977948,-0.00017196661800018213,-0.11344203699565748,0.16150642923855668,-0.000333740813259889,0.002520370892618107,0.17422707512717414,0.3924031497620306,0.0,0.3,False,0.0,0.0,-0.0009958697979798095,-0.0017557974043505324,0.18299090309463303,0.18268642214220357,2.48,-2.87,-0.0069710885858586666,-0.012290581830453727,0.005489046130597375,-0.009677623488546241,
1791390711.2416465,balance,-0.10881129559023925,-0.00049602384849451,-0.1116770373229915,0.17920766128575594,-0.00034537084013413696,0.002520370892618107,0.17415022430863203,0.38836075005440457,0.0,0.3,False,0.0,0.0,0.0013080243343732572,0.002263510971214489,0.18299090309463303,0.1824833928624771,2.42,-2.92,0.0091561703406128,0.015844576798501424,-0.007209582945364409,0.012476044723229468,
1791390711.2516496,balance,-0.10715187129392861,-0.0010664171195952426,-0.11000720819325728,0.1441775415107059,-0.0003349660067105513,0.002520370892618107,0.1742270354958566,0.3770327189778565,0.0,0.3,False,0.0,0.0,8.334280706000684e-05,0.0010622735469939804,0.18319383237828066,0.1824833928624771,2.37,-2.92,0.0005833996494200479,0.0074359148289578625,-0.00045936980269295106,0.0058550510464235135,
1791390711.2616446,balance,-0.10591499930047298,-0.001715495498997607,-0.10878196676998864,0.12396838131765332,-0.00034659657689755166,0.002520370892618107,0.17415018467979715,0.36559116910443945,0.0,0.3,False,0.0,0.0,-0.003302842568021815,-0.002423799177626769,0.18319383237828066,0.18228032526567667,2.33,-3.04,-0.023119897976152708,-0.016966594243387385,0.018204644075710794,-0.01335952302628928,
1791390711.2716482,balance,-0.10446677074068075,-0.0020262557926733534,-0.10732333283401745,0.15774903822736341,-0.00033619120071857675,0.002520370892618107,0.17422699586480067,0.36482939148388926,0.0,0.3,False,0.0,0.0,-0.0008316232341958311,-0.00025413213851576956,0.18339669919636176,0.18228032526567667,2.21,-2.98,-0.005821362639370818,-0.0017789249696103869,0.004583750109740801,-0.0014007283225278637,
1791390711.281648,balance,-0.10275809286380069,-0.0021653399428211034,-0.10561465495713739,0.18153386431183866,-0.00033619120071857675,0.002520370892618107,0.17422699586480067,0.36273807056603585,0.0,0.3,False,0.0,0.0,0.0031287983290679217,0.002948268931771972,0.18339669919636176,0.18228032526567667,2.27,-3.02,0.021901588303475453,0.020637882522403804,-0.017245345120846814,0.016250301198743152,
1791390711.291642,balance,-0.10117484616487032,-0.002467063437643696,-0.10404303937170722,0.15084438028811795,-0.00034782231421879445,0.002520370892618107,0.17415014505122395,0.3561562739454041,0.0,0.3,False,0.0,0.0,0.0021984662235663287,0.0028471832979622106,0.18339669919636176,0.18207724849767246,2.2,-3.11,0.015389263564964301,0.019930283085735474,-0.012117530366113623,0.015693136287980688,
1791390711.3016531,balance,-0.09957326784989791,-0.002901543569299861,-0.10243105513780004,0.15883591832432079,-0.00033741639528401396,0.002520370892618107,0.17422695623400622,0.3577940708614398,0.0,0.3,False,0.0,0.0,0.004108810103644725,0.004878661380576681,0.1835995660144428,0.18207724849767246,2.14,-3.11,0.028761670725513073,0.034150629664036765,-0.02264698482323864,0.026890259577981704,
1791390711.3116508,balance,-0.09834046152007393,-0.003005154153480422,-0.10119824880797607,0.1225577911164461,-0.00033741639528401396,0.002520370892618107,0.17422695623400622,0.3542679173397486,0.0,0.3,False,0.0,0.0,0.0025072915646759284,0.0034903135351537777,0.1835995660144428,0.18207724849767246,2.12,-3.09,0.017551040952731498,0.024432194746076445,-0.013819717285615353,0.01923794861895783,
1791390711.3216314,balance,-0.09705422336014048,-0.002824274607703947,-0.09991201064804262,0.11789775336152225,-0.00033741639528401396,0.002520370892618107,0.17422695623400622,0.34861465765583655,0.0,0.3,False,0.0,0.0,0.002536866262295386,0.0029441903921100417,0.1835995660144428,0.18207724849767246,2.13,-3.1,0.017758063836067702,0.02060933274477029,-0.013982727429974568,0.016227821058874246,
1791390711.3316429,balance,-0.09583669246026046,-0.0029422362602946803,-0.09869447974816259,0.12079814827839942,-0.00033741639528401396,0.002520370892618107,0.17422695623400622,0.3487898024952687,0.0,0.3,False,0.0,0.0,0.0040883294401729605,0.0026610147840944397,0.1835995660144428,0.18207724849767246,2.14,-3.09,0.028618306081210722,0.01862710348866108,-0.022534099276543876,0.014667010620992975,
1791390711.341649,balance,-0.09485493329234614,-0.0030295028316496527,-0.09771149538568283,0.08242751828668539,-0.00033619120071857675,0.002520370892618107,0.17422699586480067,0.34963131396141106,0.0,0.3,False,0.0,0.0,0.004222490178426373,0.0009587912130499021,0.18339669919636176,0.18228032526567667,2.14,-3.04,0.029557431248984613,0.006711538491349315,-0.02327356791258631,0.0052846759774404055,
1791390711.351651,balance,-0.09399571464506404,-0.002886189081904755,-0.09685227673840073,0.09255060380155503,-0.00033619120071857675,0.002520370892618107,0.17422699586480067,0.3436164143868281,0.0,0.3,False,0.0,0.0,0.0041671513277241785,-0.00020919487589631612,0.18339669919636176,0.18228032526567667,2.33,-2.96,0.02917005929406925,-0.0014643641312742128,-0.022968550625251376,-0.0011530426230505612,
1791390711.3616395,balance,-0.09305303972653862,-0.0027685064292646126,-0.09592000719605429,0.10085810194166844,-0.00034659657689755166,0.002520370892618107,0.17415018467979715,0.3411719515613877,0.0,0.3,False,0.0,0.0,0.005572308679347631,0.00030687564555285696,0.18319383237828066,0.18228032526567667,2.37,-2.92,0.039006160755433415,0.0021481295188699985,-0.030713512405853082,0.0016914405660393688,
1791390711.3716455,balance,-0.09200955149525593,-0.0026263321316719324,-0.09487651896477159,0.11752783753932461,-0.00034659657689755166,0.002520370892618107,0.17415018467979715,0.3415008165192958,0.0,0.3,False,0.0,0.0,0.007662063907337105,0.0025775884963948445,0.18319383237828066,0.18228032526567667,2.47,-2.9,0.053634447351359735,0.018043119474763912,-0.04223184830815727,0.014207180688790481,
1791390711.381637,balance,-0.09087088733816227,-0.0027544920978875326,-0.09373662907091453,0.10288034857434838,-0.00034537084013413696,0.002520370892618107,0.17415022430863203,0.3345788367234187,0.0,0.3,False,0.0,0.0,0.00809923521699169,0.003124061512709987,0.18299090309463303,0.1824833928624771,2.5500000000000003,-2.91,0.05669464651894183,0.02186843058896991,-0.0446414539519227,0.017219236684228274,
1791390711.391647,balance,-0.08981198772010995,-0.0023458383648870427,-0.0926777294528622,0.09280896707050115,-0.00034537084013413696,0.002520370892618107,0.17415022430863203,0.3285953232941403,0.0,0.3,False,0.0,0.0,0.007524187443456111,0.0019214421483377778,0.18299090309463303,0.1824833928624771,2.5300000000000002,-2.83,0.052669312104192775,0.013450095038364444,-0.04147189929463998,0.010590626014460192,
1791390711.4016454,balance,-0.08916209403901128,-0.0022451047124044205,-0.09202783577176353,0.05448764886788331,-0.00034537084013413696,0.002520370892618107,0.17415022430863203,0.3253905352759296,0.0,0.3,False,0.0,0.0,0.004045086957912246,-0.001056582806364364,0.18299090309463303,0.1824833928624771,2.52,-2.8000000000000003,0.02831560870538572,-0.007396079644550548,-0.02229575488613049,-0.00582368475948862,
1791390711.41164,balance,-0.0886742045177726,-0.002554802645513946,-0.09153872051431927,0.04802633686939893,-0.00034414510392857117,0.002520370892618107,0.17415026393772856,0.3217846619655855,0.0,0.3,False,0.0,0.0,0.0017843944849130005,-0.002989797733787256,0.18278792047945228,0.18268642214220357,2.5100000000000002,-2.77,0.012490761394391004,-0.020928584136510792,-0.009835245192433862,-0.016479200107488812,
1791390711.4216497,balance,-0.08793885287100461,-0.0030748643987090433,-0.09079296457688261,0.09442371674878546,-0.000333740813259889,0.002520370892618107,0.17422707512717414,0.3200161067303799,0.0,0.3,False,0.0,0.0,0.004853049067758805,-0.00020712070280639761,0.18299090309463303,0.18268642214220357,2.5500000000000003,-2.66,0.03397134347431164,-0.0014498449196447833,-0.026749089349851686,-0.0011416101729486482,
1791390711.431663,balance,-0.08696038901347311,-0.0029082236807074302,-0.08981450071935111,0.09981435521538354,-0.000333740813259889,0.002520370892618107,0.17422707512717414,0.3149373919525806,0.0,0.3,False,0.0,0.0,0.007254673428634855,0.0005358295168644295,0.18299090309463303,0.18268642214220357,2.52,-2.7,0.050782714000443985,0.003750806618051007,-0.039986388976727544,0.0029533910378354384,
1791390711.4416468,balance,-0.08604741404461899,-0.0027499700391955648,-0.08891193004116568,0.08771255480485449,-0.00034414510392857117,0.002520370892618107,0.17415026393772856,0.31210294221422163,0.0,0.3,False,0.0,0.0,0.009026503075783848,-0.0006260316934110922,0.18278792047945228,0.18268642214220357,2.61,-2.73,0.06318552153048694,-0.004382221853877645,-0.049752379157863735,-0.0034505683888800356,
1791390711.4516492,balance,-0.08513229054508197,-0.0030268323660867795,-0.08798640225095997,0.06078451375275237,-0.000333740813259889,0.002520370892618107,0.17422707512717414,0.30246047588515745,0.0,0.3,False,0.0,0.0,0.009010830601965778,-0.004084774112566122,0.18299090309463303,0.18268642214220357,2.62,-2.7600000000000002,0.06307581421376045,-0.02859341878796285,-0.04966599544390586,-0.022514502982647913,
1791390711.4616292,balance,-0.08495473841171663,-0.0029479582540536302,-0.08780885011759464,-0.01279031836064364,-0.000333740813259889,0.002520370892618107,0.17422707512717414,0.29188726709916346,0.0,0.3,False,0.0,0.0,0.0025967098495597056,-0.012781317472170803,0.18299090309463303,0.18268642214220357,2.5,-2.73,0.018176968946917938,-0.08946922230519562,-0.014312573973951132,-0.0704482065395241,
1791390711.471648,balance,-0.08513928266992139,-0.0023489733371044805,-0.0879933943757994,-0.008963106027439162,-0.000333740813259889,0.002520370892618107,0.17422707512717414,0.2820644274997948,0.0,0.3,False,0.0,0.0,-0.001572193047877767,-0.018583480459843173,0.18299090309463303,0.18268642214220357,2.5,-2.74,-0.011005351335144369,-0.1300843632189022,0.00866563097255462,-0.1024286324558285,
1791390711.4816504,balance,-0.0847904919708229,-0.001494013790065062,-0.0876446036767009,0.06488287665306608,-0.000333740813259889,0.002520370892618107,0.17422707512717414,0.27123015071708373,0.0,0.3,False,0.0,0.0,0.0010397426588786478,-0.016771918563700975,0.18299090309463303,0.18268642214220357,2.52,-2.71,0.007278198612150535,-0.11740342994590683,-0.005730865048937429,-0.0924436456266983,
1791390711.4916396,balance,-0.08390630188836241,-0.0008120432833317597,-0.08676041359424042,0.1121023768244779,-0.000333740813259889,0.002520370892618107,0.17422707512717414,0.2553619500256875,0.0,0.3,False,0.0,0.0,0.0035155062573373926,-0.015491307517226088,0.18299090309463303,0.18268642214220357,2.52,-2.69,0.024608543801361748,-0.10843915262058261,-0.019376806142804525,-0.08538515954376584,
1791390711.5016513,balance,-0.08283359137013158,-0.00012974667293630862,-0.08568770307600958,0.1057388791420931,-0.000333740813259889,0.002520370892618107,0.17422707512717414,0.23917087683199334,0.0,0.3,False,0.0,0.0,0.003601634212327929,-0.017555260951959435,0.18299090309463303,0.18268642214220357,2.49,-2.65,0.025211439486295503,-0.12288682666371605,-0.019851527154563387,-0.09676128083757168,
1791390711.5116453,balance,-0.08181953601357213,0.0009152523371492038,-0.08466266518976172,0.08485710018585037,-0.00032275828357148165,0.002520370892618107,0.17430390534594606,0.22087254657370112,0.0,0.3,False,0.0,0.0,8.356986947540777e-05,-0.020982875063079016,0.18299090309463303,0.1828894047573843,2.52,-2.5500000000000003,0.0005849890863278543,-0.1468801254415531,-0.00046062132781720815,-0.11565364207996306,
1791390711.5216343,balance,-0.08093576024294086,0.002097435846842988,-0.08377888941913045,0.08187835751772861,-0.00032275828357148165,0.002520370892618107,0.17430390534594606,0.2032627507710931,0.0,0.3,False,0.0,0.0,-0.004757742838989002,-0.023877647175742603,0.18299090309463303,0.1828894047573843,2.48,-2.56,-0.03330419987292302,-0.16714353023019823,0.02622377942749844,-0.13160907892141593,
1791390711.5316525,balance,-0.08024588925853106,0.0025912687018460924,-0.08308901843472065,0.05091141706303113,-0.00032275828357148165,0.002520370892618107,0.17430390534594606,0.18295818422389212,0.0,0.3,False,0.0,0.0,-0.012568700625269299,-0.027815081135118862,0.18299090309463303,0.1828894047573843,2.49,-2.52,-0.08798090437688509,-0.19470556794583205,0.06927630265896464,-0.1533114708234898,
1791390711.541643,balance,-0.07969465273602559,0.0029617288805853853,-0.08252739620890902,0.0621180031526656,-0.0003123725802653132,0.002520370892618107,0.1743807165741168,0.16375193271139155,0.0,0.3,False,0.0,0.0,-0.019471635795349225,-0.03020354385611544,0.18299090309463303,0.18309238737256509,2.48,-2.36,-0.13630145056744458,-0.21142480699280808,0.10732397682475951,-0.16647622597858905,
1791390711.5516465,balance,-0.07881048293725007,0.00348811568207375,-0.08163284985219049,0.10856790420229231,-0.00030199602232231296,0.002520370892618107,0.17445752782108012,0.14947253852431935,0.0,0.3,False,0.0,0.0,-0.020827826808002298,-0.029166852797839683,0.18299090309463303,0.18329525876167316,2.48,-2.44,-0.14579478765601608,-0.2041679695848778,0.11479904539843785,-0.1607621807754943,
1791390711.56163,balance,-0.07762503653455072,0.0037706938240601325,-0.08044740344949114,0.1165483781241577,-0.00030199602232231296,0.002520370892618107,0.17445752782108012,0.12322379614631451,0.0,0.3,False,0.0,0.0,-0.02301981712188972,-0.03045420587282001,0.18299090309463303,0.18329525876167316,2.48,-2.31,-0.16113871985322803,-0.21317944110974008,0.1268808817741953,-0.1678578276454646,
1791390711.571657,balance,-0.07615352880377603,0.0035979132794020144,-0.07896552829406445,0.1795683894975932,-0.0002916285976702973,0.002520370892618107,0.17453433908681126,0.09276693245530054,0.0,0.3,False,0.0,0.0,-0.023272486966968563,-0.031216343674349795,0.18319383237828066,0.18329525876167316,2.37,-2.34,-0.16290740876877993,-0.21851440572044856,0.12827355021163775,-0.17205858718145556,
1791390711.581648,balance,-0.0740500866255687,0.0032212319950708254,-0.0768620861158571,0.24845713176122888,-0.0002916285976702973,0.002520370892618107,0.17453433908681126,0.06200351019213578,0.0,0.3,False,0.0,0.0,-0.0228906890560252,-0.029843336403415667,0.18319383237828066,0.18329525876167316,2.38,-2.35,-0.1602348233921764,-0.20890335482390968,0.12616915227730424,-0.16449083057000763,
1791390711.591646,balance,-0.07135853960526777,0.0031074694828825437,-0.07418090652020819,0.2721847918802804,-0.00030199602232231296,0.002520370892618107,0.17445752782108012,0.03918131153811273,0.0,0.3,False,0.0,0.0,-0.02271483685860245,-0.02688186638798596,0.18319383237828066,0.18309238737256509,2.39,-2.35,-0.15900385801021716,-0.18817306471590173,0.12519988819702138,-0.148167767492836,
1791390711.6016414,balance,-0.06889807446369108,0.0027699287094970107,-0.0717204413786315,0.20653809837871936,-0.00030199602232231296,0.002520370892618107,0.17445752782108012,0.01824863021837126,0.0,0.3,False,0.0,0.0,-0.028578425098338262,-0.030266865203598982,0.18319383237828066,0.18309238737256509,2.4,-2.5100000000000002,-0.20004897568836782,-0.21186805642519288,0.1575188784947778,-0.16682524127967943,
1791390711.6116407,balance,-0.06750263385620707,0.0021529265218648216,-0.0703353773290905,0.08588408500470361,-0.0003123725802653132,0.002520370892618107,0.1743807165741168,-0.011401137848370583,0.0,0.29994299431075816,False,0.0,0.0,-0.04284799489101646,-0.042775406194422355,0.18299090309463303,0.18309238737256509,2.45,-2.5500000000000003,-0.2999359642371152,-0.2994278433609565,0.2361700505804057,-0.23576995540232795,
1791390711.621642,balance,-0.06674718948386962,0.001612324039532919,-0.06959031866005921,0.0996070556185527,-0.00032275828357148165,0.002520370892618107,0.17430390534594606,-0.04338365453402909,0.0,0.299588442687524,False,0.0,0.0,-0.052761080791005395,-0.05341641833090562,0.18299090309463303,0.1828894047573843,2.5100000000000002,-2.69,-0.36932756553703777,-0.3739149283163394,0.290809106722077,-0.29442120339869243,
1791390711.6316397,balance,-0.06517231531253102,0.0009871949603783411,-0.06801544448872061,0.20882090500149894,-0.00032275828357148165,0.002520370892618107,0.17430390534594606,-0.06963332560469547,0.0,0.29894784557583814,False,0.0,0.0,-0.0509398829866264,-0.053048707230452234,0.18299090309463303,0.1828894047573843,2.52,-2.62,-0.3565791809063848,-0.37134095061316563,0.28077100858770454,-0.2923944493017052,
1791390711.6416414,balance,-0.06270049107918386,0.0002449827205445699,-0.06555460278506187,0.26366667136200894,-0.000333740813259889,0.002520370892618107,0.17422707512717414,-0.0991576638691381,0.0,0.2980383907400844,False,0.0,0.0,-0.04852399329972406,-0.05011518246879417,0.18299090309463303,0.18268642214220357,2.5,-2.74,-0.3396679530980684,-0.3508062772815592,0.26745508117958144,-0.27622541518233007,
1791390711.6516497,balance,-0.06010772020994573,-0.0005630390835881196,-0.06296183191582373,0.25902072120985226,-0.000333740813259889,0.002520370892618107,0.17422707512717414,-0.1360160928797366,0.0,0.2967645588019727,False,0.0,0.0,-0.05329718201641349,-0.05286070788338737,0.18299090309463303,0.18268642214220357,2.48,-2.72,-0.3730802741148944,-0.3700249551837116,0.2937639953660586,-0.29135823242811937,
1791390711.6616282,balance,-0.05740998909649179,-0.0011976384403158623,-0.06025370568150284,0.28178194071442186,-0.00032334569239294425,0.002520370892618107,0.17430388633546304,-0.1748030335071973,0.0,0.2951074601862401,False,0.0,0.0,-0.058052719728637014,-0.05582034309822779,0.18319383237828066,0.18268642214220357,2.39,-2.7,-0.4063690381004591,-0.3907424016875945,0.3199756205515426,-0.30767118243117675,
1791390711.6716492,balance,-0.05439690536110971,-0.001902859957315354,-0.057229648833993126,0.3313207863742556,-0.0003123725802653132,0.002520370892618107,0.1743807165741168,-0.21875247452067986,0.0,0.29303403250728816,False,0.0,0.0,-0.06129243048529195,-0.05838715784392879,0.18319383237828066,0.1828894047573843,2.34,-2.67,-0.42904701339704365,-0.40871010490750154,0.3378322940134202,-0.3218189802421272,
1791390711.6816382,balance,-0.050574526627388885,-0.002803985784970754,-0.0533968935423293,0.40644356044836993,-0.00030199602232231296,0.002520370892618107,0.17445752782108012,-0.2570295856813235,0.0,0.2905590133600756,False,0.0,0.0,-0.05980265721013217,-0.05801598069526168,0.18339669919636176,0.1828894047573843,2.29,-2.57,-0.4186186004709252,-0.40611186486683176,0.329620945252697,-0.3197731219423872,
1791390711.6916459,balance,-0.04609974591704151,-0.003955082555658331,-0.048922112831981925,0.4792441544434696,-0.00030199602232231296,0.002520370892618107,0.17445752782108012,-0.29838643815993365,0.0,0.2876912547974855,False,0.0,0.0,-0.056223670149244266,-0.055421716043483824,0.18339669919636176,0.1828894047573843,2.2,-2.58,-0.39356569104470984,-0.38795201230438675,0.3098942449170944,-0.305474025436525,
1791390711.7016492,balance,-0.040888780779422,-0.0047973162103323985,-0.04370078026971041,0.5649345303178688,-0.0002916285976703008,0.002520370892618107,0.17453433908681124,-0.3407806821540314,0.0,0.2843939724649944,False,0.0,0.0,-0.05377527893055846,-0.05225247609505721,0.1835995660144428,0.1828894047573843,2.1,-2.56,-0.37642695251390923,-0.36576733266540046,0.2963991752078025,-0.2880057737522838,
1791390711.7116396,balance,-0.035100026449979026,-0.005342156684356623,-0.03791202594026743,0.5802977742742239,-0.0002916285976703008,0.002520370892618107,0.17453433908681124,-0.37969538244115225,0.0,0.2806907810187969,False,0.0,0.0,-0.052659447871167955,-0.05008269813919341,0.1835995660144428,0.1828894047573843,2.04,-2.59,-0.3686161350981757,-0.35057888697435385,0.2902489252741541,-0.2760463676963416,
1791390711.7216501,balance,-0.029152958168132792,-0.006238675271842997,-0.0319546237592634,0.6178645617586012,-0.00028129469851249575,0.002520370892618107,0.1746111470972534,-0.4276942304172959,0.0,0.2765288551420212,False,0.0,0.0,-0.05389397138305211,-0.049796467676975556,0.18380227246209999,0.1828894047573843,2.0100000000000002,-2.64,-0.37725779968136475,-0.3485752737388289,0.29705338557587774,-0.27446871947939283,
1791390711.7316525,balance,-0.022668902027480477,-0.007319775462469135,-0.02547056761861108,0.6878883238916376,-0.00028129469851249575,0.002520370892618107,0.1746111470972534,-0.46991876502996865,0.0,0.2719149202986242,False,0.0,0.0,-0.052056176841974194,-0.047878238206511485,0.18380227246209999,0.1828894047573843,1.98,-2.67,-0.3643932378938194,-0.3351476674455804,0.2869238093652121,-0.2638958011382523,
1791390711.7416446,balance,-0.015498496259625941,-0.00842450419803485,-0.01832269805810873,0.7328026084112287,-0.00030383090586468334,0.002520370892618107,0.17445746589656652,-0.5058806410701877,0.0,0.2669255651881305,False,0.0,0.0,-0.04687291966080151,-0.043587945807841956,0.18380227246209999,0.1824833928624771,2.0,-2.88,-0.32811043762561054,-0.30511562065489367,0.25835467529575634,-0.24024852020070367,
1791390711.751646,balance,-0.008196828629127954,-0.009027417513459509,-0.011032631907434287,0.7300806095664424,-0.0003154323856882253,0.002520370892618107,0.1743806150174379,-0.5462345112497154,0.0,0.2615613005639378,False,0.0,0.0,-0.04547004076773728,-0.043783107563985256,0.18380227246209999,0.18228032526567667,1.93,-3.0500000000000003,-0.31829028537416093,-0.3064817529478968,0.2506222719481582,-0.2413242149196038,
1791390711.7616315,balance,-0.0007759291111792158,-0.009282471875672134,-0.0036257803908334657,0.7423719402188087,-0.00032948038703614277,0.002520370892618107,0.17430356228001165,-0.5816592663085264,0.0,0.2558282877780492,False,0.0,0.0,-0.04445582493129597,-0.04335616589432706,0.1840049739935406,0.1818740249535716,1.76,-3.3000000000000003,-0.3111907745190718,-0.3034931612602894,0.24503210592052896,-0.2389709931183381,
1791390711.7716403,balance,0.006816975496596462,-0.010141841246361444,0.003964109601650923,0.7734767229261622,-0.000332495002327432,0.002520370892618107,0.17430330176142378,-0.6129136386070602,0.0,0.24978067068682774,False,0.0,0.0,-0.04193245552249359,-0.03948024254647319,0.18420761995138657,0.18167080140947076,1.8,-3.38,-0.29352718865745514,-0.27636169782531234,0.23112377059642136,-0.2176076360829231,
1791390711.7816377,balance,0.014326443082945835,-0.011044346865627894,0.011460747489551502,0.7522742963058593,-0.00034532470077622626,0.002520370892618107,0.17422632878704455,-0.6444730470931626,0.0,0.24343531325323486,False,0.0,0.0,-0.04132014489254153,-0.03824791014146065,0.18420761995138657,0.18146750672806256,1.72,-3.68,-0.2892410142477907,-0.26773537099022454,0.22774883011637062,-0.2108152527482083,
1791390711.7916915,balance,0.021985070103920895,-0.011360787677890855,0.019106533470779806,0.7570516282115927,-0.0003581657405229803,0.002520370892618107,0.17414935584136854,-0.6782981226855017,0.0,0.23674156853880166,False,0.0,0.0,-0.03955735491657382,-0.03708401079627881,0.18420761995138657,0.1812641580410549,1.72,-3.66,-0.27690148441601675,-0.25958807557395164,0.21803266489450138,-0.20440005950704854,
1791390711.8016503,balance,0.029675466401881633,-0.011598213641140002,0.026806128098991508,0.7649261978339723,-0.0003489674102720164,0.002520370892618107,0.17422600476047612,-0.7070103032668225,0.0,0.22975059696280448,False,0.0,0.0,-0.03622652767524505,-0.0355998486571779,0.18441020567926045,0.1812641580410549,1.69,-3.47,-0.25358569372671536,-0.24919894060024528,0.19967377458796484,-0.19621963826790967,
1791390711.8116403,balance,0.037140987673829534,-0.012718891572685763,0.034284480701875446,0.7461286255347231,-0.000336136079335983,0.002520370892618107,0.17430297772671244,-0.7363227999893983,0.0,0.2224599060584518,False,0.0,0.0,-0.03578567942791976,-0.03718601394861785,0.18441020567926045,0.18146750672806256,1.59,-3.38,-0.25049975599543833,-0.2603020976403249,0.19724390235861286,-0.20496228160655505,
1791390711.8216403,balance,0.044598035733414546,-0.013622121597207755,0.04175434876465172,0.7644743382159106,-0.0003233160761447196,0.002520370892618107,0.17437995072162116,-0.7648291726509194,0.0,0.21490896681103544,False,0.0,0.0,-0.032991714525187635,-0.035160733245503034,0.18441020567926045,0.18167080140947076,1.59,-3.43,-0.23094200167631346,-0.24612513271852124,0.18184409580812083,-0.19379931710119783,
1791390711.8316493,balance,0.052301350481694875,-0.013467679161802797,0.049479007781378405,0.7660196985700464,-0.0003019718076983646,0.002520370892618107,0.17453350921907718,-0.7953978820663601,0.0,0.20703512722369297,False,0.0,0.0,-0.03094625430411845,-0.03185880528157349,0.18461279140713438,0.1818740249535716,1.44,-3.17,-0.21662378012882913,-0.22301163697101445,0.17056990561325128,-0.17559971415040507,
1791390711.84165,balance,0.059991946469574536,-0.013260241852447507,0.0571811891660921,0.7496624276303945,-0.00029038641086433226,0.002520370892618107,0.17461036012542033,-0.8349480181086003,0.0,0.19881830259903274,False,0.0,0.0,-0.03257722234937193,-0.03103090839972612,0.18461279140713438,0.18207724849767246,1.51,-2.84,-0.2280405564456035,-0.21721635879808285,0.17955949326425472,-0.1710365029906164,
1791390711.8516452,balance,0.06707762163027713,-0.014112059222956596,0.06426686432679468,0.6941452938284941,-0.00029038641086433226,0.002520370892618107,0.17461036012542033,-0.8524374898836778,0.0,0.19033406763953492,False,0.0,0.0,-0.03580025933539924,-0.033461520531062605,0.18461279140713438,0.18207724849767246,1.5,-3.15,-0.2506018153477947,-0.23423064371743824,0.19732426405338163,-0.18443357773026633,
1791390711.8616319,balance,0.07451628411633524,-0.01385098963682491,0.07169394141601876,0.7682726101093528,-0.0003019718076983646,0.002520370892618107,0.17453350921907718,-0.8705717518910921,0.0,0.18163686074831542,False,0.0,0.0,-0.029674042401856577,-0.028289646793289124,0.18461279140713438,0.1818740249535716,1.5,-3.25,-0.20771829681299603,-0.19802752755302386,0.16355771402598113,-0.15592718704962508,
1791390711.8716478,balance,0.08237538141213892,-0.012526455249878395,0.07954086530388267,0.8028413189391016,-0.0003141452156381376,0.002520370892618107,0.17445659969649757,-0.8975418502327834,0.0,0.17273052121525442,False,0.0,0.0,-0.0222697645689241,-0.021356840153637206,0.18461279140713438,0.18167080140947076,1.45,-3.37,-0.1558883519824687,-0.14949788107546044,0.12274673384446354,-0.11771486698855153,
1791390711.8816495,balance,0.09004888916680359,-0.011227098162450336,0.08720156273853236,0.7479154483324042,-0.0003269555356531263,0.002520370892618107,0.17437962668108387,-0.9172104054412255,0.0,0.16360463673156048,False,0.0,0.0,-0.020845004646740696,-0.019870500659579068,0.18461279140713438,0.18146750672806256,1.51,-3.63,-0.14591503252718488,-0.13909350461705347,0.11489372639935817,-0.10952244458035706,
1791390711.891641,balance,0.09750871242598075,-0.010844887485230154,0.09463937412309062,0.7293510430075577,-0.0003489674102720164,0.002520370892618107,0.17422600476047612,-0.9345755863322778,0.0,0.15428779465147804,False,0.0,0.0,-0.018934195244464297,-0.017161961504588197,0.18441020567926045,0.1812641580410549,1.52,-3.62,-0.13253936671125008,-0.12013373053211739,0.10436170607185045,-0.09459348860796644,
1791390711.9016452,balance,0.10459777591580179,-0.010936907815376198,0.10174126894384769,0.7312171705107856,-0.000336136079335983,0.002520370892618107,0.17430297772671244,-0.9662750768955702,-0.8630990818600422,-0.0005158799751776399,False,0.0,0.0,0.12576090885278376,0.12740068711810254,0.18441020567926045,0.18146750672806256,1.61,-3.49,0.8803263619694863,0.8918048098267177,-0.693170363755501,0.7022085116745809,
1791390711.9116478,balance,0.11157246369422541,-0.010263224786174571,0.10871595672227131,0.6658739687144761,-0.000336136079335983,0.002520370892618107,0.17430297772671244,-0.9193884987324851,0.0,-0.009896378154527246,False,0.0,0.0,0.01982571008999071,0.020319929151434556,0.18441020567926045,0.18146750672806256,1.74,-3.37,0.13877997062993497,0.1422395040600419,-0.10927556742514564,0.11199960949609598,
1791390711.9216406,balance,0.11493361946727793,-0.010393981676553534,0.11207156656982992,-0.0486222618453129,-0.00034168200482990324,0.002520370892618107,0.17422665281592487,-0.8804755203514731,0.0,-0.018734876192029893,False,0.0,0.0,-0.03759476391637816,-0.04061209823596855,0.1840049739935406,0.18167080140947076,1.95,-3.3000000000000003,-0.2631633474146471,-0.28428468765177983,0.20721523418476148,-0.22384621074943292,
1791390711.93165,balance,0.11205123616472434,-0.010803732033313808,0.1091799881777917,-0.3482635622422586,-0.0003508770943145244,0.002520370892618107,0.17415000388514382,-0.9117630649938513,0.0,-0.02778239779810757,False,0.0,0.0,-0.09174336853066546,-0.10170007084113193,0.18380227246209999,0.18167080140947076,2.0300000000000002,-3.35,-0.6422035797146582,-0.7119004958879235,0.5056721100115419,-0.5605515715652941,
1791390711.941645,balance,0.10909830126708947,-0.010061068582290814,0.10621666130262714,-0.2211895345846472,-0.00036126907184421547,0.002520370892618107,0.174073196000468,-0.9836823434156013,-0.9535795858751397,-0.0001505137877023083,False,0.0,0.0,0.05153923295896547,0.0364639807324846,0.1835995660144428,0.18167080140947076,2.23,-3.45,0.3607746307127583,0.2552478651273922,-0.2840745123722506,0.20098257096645056,
1791390711.9516425,balance,0.11040958666294767,-0.009368671291068406,0.10752794669848534,0.45814041097555813,-0.00036126907184421547,0.002520370892618107,0.174073196000468,-0.9881883606614865,0.0,-0.0050469261629628465,False,0.0,0.0,0.02764216873941371,0.015002982343768496,0.1835995660144428,0.18167080140947076,2.07,-3.3000000000000003,0.19349518117589595,0.10502087640637947,-0.15235841037472123,0.08269360346959014,
1791390711.961648,balance,0.11526776523086157,-0.008388019177045193,0.11236039509469169,0.3182898601420183,-0.0003869992435517784,0.002520370892618107,0.173919250209302,-0.9194461520781964,0.0,-0.014397700655936202,False,0.0,0.0,-0.02280740718355289,-0.031484491432409153,0.1835995660144428,0.1812641580410549,2.2,-3.81,-0.15965185028487022,-0.22039144002686406,0.12571011833454349,-0.17353656695028666,
1791390711.9716454,balance,0.11333440477925628,-0.007349097700960101,0.11039079197723925,-0.5205593601688439,-0.0004232419093989255,0.002520370892618107,0.17368849348756754,-0.9556643796888312,0.0,-0.023849347110402,False,0.0,0.0,-0.10172940910108538,-0.11232966290316944,0.18339669919636176,0.1808573791256606,2.2800000000000002,-3.9,-0.7121058637075977,-0.786307640322186,0.5607132785099194,-0.6191398742694378,
1791390711.9816391,balance,0.1081367483117772,-0.006220816959323832,0.10519313550976017,-0.42858396630904766,-0.0004232419093989255,0.002520370892618107,0.17368849348756754,-1.0380004611991587,-0.886824202581473,-0.0007558812930884284,False,0.0,0.0,0.018255512811925605,-0.003770296689062518,0.18339669919636176,0.1808573791256606,2.25,-3.85,0.12778858968347923,-0.026392076823437624,-0.10062093675864506,-0.020781162853100492,
1791390711.9916477,balance,0.10614717246491438,-0.005511035312690852,0.10320355966289735,0.13936561224307692,-0.0004232419093989255,0.002520370892618107,0.17368849348756754,-1.0852703716956398,-0.9440811472530484,-0.000705946122212957,False,0.0,0.0,0.06548837293387379,0.04057391160334669,0.18339669919636176,0.1808573791256606,2.2800000000000002,-3.7600000000000002,0.4584186105371165,0.28401738122342685,-0.36095953585599727,0.22363573324679278,
1791390712.0016418,balance,0.11056935236409186,-0.004463459086097391,0.10764108050152305,0.4932258629566907,-0.00040790096995070926,0.002520370892618107,0.1737656280427336,-1.0454052290201823,-1.023164682489712,-0.00011120273265235126,False,0.0,0.0,0.15225811288179303,0.13177491133406558,0.18319383237828066,0.1812641580410549,2.45,-3.41,1.0658067901725512,0.922424379338459,-0.8392179450177568,0.7263184089279204,
1791390712.0116482,balance,0.11235262060221585,-0.004210703952984486,0.10947278601194728,-0.10616161210205076,-0.00035946369765045214,0.002520370892618107,0.17407329426122753,-0.980349699160954,0.0,-0.01008908292759305,False,0.0,0.0,-0.024952817993190445,-0.04056587999423763,0.18339669919636176,0.1818740249535716,2.23,-2.85,-0.17466972595233313,-0.2839611599596634,0.1375352172853017,-0.22359146453516804,
1791390712.0216792,balance,0.1081698743634257,-0.0025463541121942194,0.10532493312723873,-0.6452438254154126,-0.0003245703435688606,0.002520370892618107,0.17430384670192647,-0.9466873500804018,0.0,-0.019563744191202118,False,0.0,0.0,-0.11006898790470884,-0.13128592373367953,0.18339669919636176,0.1824833928624771,2.33,-2.89,-0.7704829153329619,-0.9190014661357567,0.6066794608920959,-0.7236232016816982,
1791390712.031643,balance,0.09842521588095805,-0.00023603913500086323,0.09553618327394978,-1.1805152890568529,-0.0003686617143901609,0.002520370892618107,0.17399652274230687,-1.0619418635083933,-0.724030540715625,-0.0016895566139638414,False,0.0,0.0,-0.11128666181825027,-0.1412741249671613,0.18299090309463303,0.18207724849767246,2.67,-3.16,-0.7790066327277518,-0.9889188747701291,0.6133910493919306,-0.7786762793465584,
1791390712.041644,balance,0.08891380512116118,0.0004123520889915393,0.08602599933842892,-0.5627368552701185,-0.0003674348901141454,0.002520370892618107,0.1739965623664318,-1.1481790325625372,-0.707859106175986,-0.002201599631932756,False,0.0,0.0,-0.0650585622200799,-0.09077461247483927,0.18278792047945228,0.18228032526567667,2.54,-2.89,-0.4554099355405593,-0.6354222873238748,0.3585905004256372,-0.5003325097038385,
1791390712.0516427,balance,0.08948697782409165,0.002936424357145897,0.0866095957954972,0.41346906507880127,-0.0003570111359763456,0.002520370892618107,0.1740733735136659,-1.1543128729128806,-0.7277910082620537,-0.002132609323254135,False,0.0,0.0,0.018709873514829677,-0.0018675388485635024,0.18299090309463303,0.18228032526567667,2.5300000000000002,-2.97,0.13096911460380775,-0.013072771939944517,-0.1031252870896124,-0.010293521212554738,
1791390712.0616283,balance,0.09534590786541988,0.006102543107169265,0.09244644175283395,0.6538665881478276,-0.00037909521996781423,0.002520370892618107,0.17391971161622213,-1.1790118453821936,-0.5032562935088413,-0.0033787777593667617,False,0.0,0.0,0.02099147462501062,0.011865314062746242,0.18278792047945228,0.18207724849767246,2.73,-3.1,0.14694032237507434,0.0830571984392237,-0.11570104124021602,0.06539936884978244,
1791390712.071653,balance,0.09996132433897907,0.007895823718790848,0.09707354355951059,0.26676475036545505,-0.0003674098868503631,0.002520370892618107,0.17399656317399326,-1.2108516850474265,-0.5752007274932017,-0.0031782547877711237,False,0.0,0.0,-0.0012391994075596558,0.0018804165760408541,0.18238186609667828,0.18268642214220357,2.96,-2.5,-0.00867439585291759,0.01316291603228598,0.006830232955053221,0.010364500812823606,
1791390712.0816529,balance,0.1011580116980709,0.007932856164704948,0.0983020622442386,-0.00991541532405415,-0.00033557856121418234,0.002520370892618107,0.17422701568166843,-1.24279643973907,-0.497118575895628,-0.0037283893192172103,False,0.0,0.0,-0.03225914132936905,-0.023660252783827145,0.18238186609667828,0.18329525876167316,2.96,-2.09,-0.22581398930558336,-0.16562176948679003,0.1778062907917979,-0.1304108421155827,
1791390712.0916445,balance,0.10069642191344116,0.008862569063907196,0.09785086839386929,-0.021358322401864367,-0.0003251826269537565,0.002520370892618107,0.17430382688662882,-1.2598965169040255,-0.6024161390966931,-0.003287401889036662,False,0.0,0.0,-0.0423974117028603,-0.03361970046058567,0.18238186609667828,0.18349812557975423,2.91,-2.08,-0.2967818819200221,-0.2353379032240997,0.23368652119686778,-0.1853054356095273,
1791390712.101646,balance,0.10095185594630421,0.010335125818972857,0.09811668920258686,0.06471380616298351,-0.0003147958510992428,0.002520370892618107,0.17438063811041063,-1.2660794980804018,-0.5994678098032026,-0.003333058441385996,False,0.0,0.0,-0.04255080625254634,-0.03689032107611059,0.18238186609667828,0.18370091467645575,2.9,-1.99,-0.29785564376782436,-0.25823224753277413,0.23453200296679083,-0.2033324783722631,
1791390712.1116464,balance,0.10254014860244293,0.010711765493427573,0.0997147298299669,0.21946628780699823,-0.0003050478798579115,0.002520370892618107,0.17445736495760575,-1.2713242856407088,-0.5085297142562836,-0.0038139728569221262,False,0.0,0.0,-0.04119333101665052,-0.039344058055810475,0.18238186609667828,0.18390361620789641,2.86,-2.06,-0.28835331711655365,-0.2754084063906733,0.22704985599728633,-0.21685701290604198,
1791390712.1216428,balance,0.10508286917222935,0.010752408696361782,0.10225930362639772,0.2837662725161088,-0.0003031946532135142,0.002520370892618107,0.174457488990827,-1.2650948387727374,-0.506037935509095,-0.003795284516318212,False,0.0,0.0,-0.02518881973479331,-0.028001715938716844,0.18258493369347872,0.18370091467645575,2.7,-2.31,-0.17632173814355317,-0.1960120115710179,0.13883601428626233,-0.1543401665913527,
1791390712.1316388,balance,0.10823577517800274,0.010766767397962,0.10540303170511932,0.3291567109921328,-0.0003123725802653132,0.002520370892618107,0.1743807165741168,-1.2572943589927137,-0.5308071249826193,-0.003632436170050472,False,0.0,0.0,-0.00965467133482125,-0.01357679139289365,0.18278792047945228,0.18329525876167316,2.65,-2.46,-0.06758269934374875,-0.09503753975025554,0.053214723892715546,-0.07483270846476814,
1791390712.1416833,balance,0.1116209110972542,0.011727611476315025,0.1087765822291367,0.3539620641344734,-0.0003239579754993789,0.002520370892618107,0.17430386652003466,-1.2433721101241924,-0.6041797101491937,-0.0031959619998749933,False,0.0,0.0,0.012664211083368017,0.009879578166900004,0.18258493369347872,0.18329525876167316,2.7800000000000002,-2.25,0.08864947758357612,0.06915704716830003,-0.06980273825478435,0.054454367849055135,
1791390712.1516461,balance,0.11520312058498122,0.010513696311936323,0.11234717113114892,0.3749015510473003,-0.00033557856121418234,0.002520370892618107,0.17422701568166843,-1.2414718911882872,-0.7094052718243202,-0.0026603330968198347,False,0.0,0.0,0.025799035821855155,0.02481203307727246,0.18238186609667828,0.18329525876167316,2.95,-2.3000000000000003,0.18059325075298607,0.17368423154090723,-0.14219941004172132,0.1367592374337852,
1791390712.161627,balance,0.11956363861357715,0.00827792175875996,0.11671930974545966,0.4782515904102985,-0.0003239579754993789,0.002520370892618107,0.17430386652003466,-1.2444947522453464,-0.5079912441045105,-0.00368251754070418,False,0.0,0.0,0.02234154731477681,0.02121327163779236,0.18258493369347872,0.18329525876167316,2.7800000000000002,-2.33,0.15639083120343766,0.14849290146454652,-0.12314238677436036,0.11692354446027285,
1791390712.1716423,balance,0.12436696359513957,0.0076373957068537396,0.12153422012225615,0.47354792383157185,-0.0003123725802653132,0.002520370892618107,0.1743807165741168,-1.2476184223200053,-0.5325407250056757,-0.003575388486571648,False,0.0,0.0,0.02340830167717461,0.022276962381434968,0.18278792047945228,0.18329525876167316,2.43,-2.31,0.16385811174022227,0.15593873667004476,-0.12902213522852146,0.1227864068268069,
1791390712.1816442,balance,0.12886087583770903,0.008599484174328962,0.1260281323648256,0.4087775610707247,-0.0003123725802653132,0.002520370892618107,0.1743807165741168,-1.2481242302459485,-0.5385775929027599,-0.0035477331867159435,False,0.0,0.0,0.02917079889650274,0.028446685594796395,0.18299090309463303,0.18309238737256509,2.5500000000000003,-2.54,0.2041955922755192,0.19912679916357476,-0.16078393092560567,0.15679275524690925,
1791390712.1916497,balance,0.1332563772199161,0.009131245649443636,0.13041266063490503,0.5016071229104503,-0.00032334569239294425,0.002520370892618107,0.17430388633546304,-1.2406774244399819,-0.5353642246749821,-0.0035265659988249986,False,0.0,0.0,0.04991899363103702,0.05046899567748622,0.18319383237828066,0.18268642214220357,2.35,-2.86,0.34943295541725916,0.3532829697424036,-0.27514405938366865,0.27817556672630206,
1791390712.2016726,balance,0.13908707168720255,0.008535065349316686,0.13622010421768688,0.6332054846302185,-0.00034659657689755166,0.002520370892618107,0.17415018467979715,-1.2314874531508897,-0.5869179628985891,-0.003222847451261503,False,0.0,0.0,0.06918567317634827,0.07226567654645483,0.18319383237828066,0.18228032526567667,2.38,-3.15,0.4842997122344379,0.5058597358251837,-0.3813383560901086,0.3983147526182549,
1791390712.2116492,balance,0.1457343710107997,0.007592303634674405,0.14284411157895666,0.6912139880794077,-0.00036988853922492043,0.002520370892618107,0.17399648311844387,-1.194118756936979,-0.7287557533396625,-0.0023268150179865834,False,0.0,0.0,0.10839236356674606,0.11386859497181652,0.18319383237828066,0.1818740249535716,2.5,-3.22,0.7587465449672224,0.7970801648027156,-0.5974382243836397,0.6276221770100122,
1791390712.2216494,balance,0.15167285872888178,0.006165377951315825,0.14878382612187352,0.4393886713289062,-0.0003686617143901609,0.002520370892618107,0.17399652274230687,-1.1538178561758226,-0.7400349008575964,-0.002068914776591131,False,0.0,0.0,0.1302486195439181,0.134901000431398,0.18299090309463303,0.18207724849767246,2.64,-3.0500000000000003,0.9117403368074266,0.944307003019786,-0.7179057770137217,0.743548821275422,
1791390712.2316449,balance,0.15433178990715582,0.004414439163399977,0.15143109642553448,0.04935818854589518,-0.000380322589003234,0.002520370892618107,0.17391967199458636,-1.0746867016685726,0.0,-0.013021875978302086,False,0.0,0.0,-0.007632669012806883,-0.009705309858687183,0.18299090309463303,0.1818740249535716,2.6,-3.33,-0.05342868308964818,-0.06793716901081027,0.042069829204447386,-0.05349383386677974,
1791390712.2416413,balance,0.15144209196942793,0.003974355870099712,0.14851869412482527,-0.5735489791847639,-0.00040302695198455446,0.002520370892618107,0.17376595155611338,-1.0476011268708083,0.0,-0.02348838942460194,False,0.0,0.0,-0.0822146163227844,-0.08890223213298888,0.18278792047945228,0.18167080140947076,2.8000000000000003,-3.29,-0.5755023142594908,-0.6223156249309222,0.45315142855078017,-0.4900123030952143,
1791390712.2516537,balance,0.14508628986065344,0.00279621120529345,0.1421512255041573,-0.5444390453805797,-0.0004146934638780443,0.002520370892618107,0.17368910168553514,-1.109341040193397,-0.7942877967500099,-0.0015752662172169353,False,0.0,0.0,0.015511815154363767,0.0071876832347399795,0.18258493369347872,0.18167080140947076,2.7600000000000002,-3.36,0.10858270608054636,0.05031378264317986,-0.08549819376420974,0.03961715168754319,
1791390712.261629,balance,0.1438689200507439,0.0014982437984044053,0.140955975513978,0.3151599897783066,-0.0003925736441477562,0.002520370892618107,0.1738427626387582,-1.103746685509259,-1.0734014535224252,-0.00015172615993416905,False,0.0,0.0,0.11519191725180357,0.10841278498435437,0.18299090309463303,0.18167080140947076,2.43,-3.29,0.806343420762625,0.7588894948904806,-0.6349160793406496,0.5975507833783312,
1791390712.271644,balance,0.15103781421098264,0.0020279431136020383,0.14814574860207178,0.7850542412661674,-0.0003716947162927635,0.002520370892618107,0.1739963848609606,-1.0038761818575854,0.0,-0.01046346741132665,False,0.0,0.0,0.04130939285361774,0.040554680657198035,0.18339669919636176,0.18167080140947076,2.18,-3.5100000000000002,0.2891657499753242,0.28388276460038625,-0.22768956690970407,0.22352973590581593,
1791390712.2816463,balance,0.15490598020398166,0.0036703045828602524,0.1520010449070228,0.00041206756071427044,-0.0003845644043407627,0.002520370892618107,0.17391941197432664,-0.9585564603175244,0.0,-0.020081740444814637,False,0.0,0.0,-0.009115037187485272,-0.0048623500959739975,0.18339669919636176,0.18146750672806256,2.3000000000000003,-3.45,-0.0638052603123969,-0.034036450671817986,0.05024036245070622,-0.026800354859699203,
1791390712.2916446,balance,0.153658205891274,0.003250748390329385,0.15078878694655798,-0.12117865208799702,-0.0003490480520979,0.002520370892618107,0.17415010542291234,-0.9499673618808149,0.0,-0.029581227260424572,False,0.0,0.0,-0.04520298355705153,-0.04241454877662004,0.1835995660144428,0.1818740249535716,2.09,-3.0700000000000003,-0.3164208848993607,-0.2969018414363403,0.24915030307036276,-0.23378097750892937,
1791390712.3016481,balance,0.15148679809595358,0.0028114947589933928,0.14860696350568503,-0.30206267373175616,-0.00035946369765045214,0.002520370892618107,0.17407329426122753,-0.9994076901039916,-0.8911402230021999,-0.0005413373355089584,False,0.0,0.0,0.02981759329663293,0.03144558993414718,0.18339669919636176,0.1818740249535716,2.22,-3.39,0.20872315307643052,0.22011912953903026,-0.16434893943026024,0.17332214924333092,
1791390712.3116398,balance,0.15128670322009571,0.0029820411255650266,0.14841851001325881,0.29880570283619357,-0.00034782231421879445,0.002520370892618107,0.17415014505122395,-1.021457091749841,-0.9790827152966871,-0.0002118718822657689,False,0.0,0.0,0.13946473661011982,0.1397526711554014,0.18339669919636176,0.18207724849767246,2.21,-2.94,0.9762531562708388,0.9782686980878099,-0.7687032726542037,0.7702903134549685,
1791390712.3216517,balance,0.15698100239975213,0.002188739932692319,0.15416900290946373,0.6761600746414732,-0.0002916285976703008,0.002520370892618107,0.17453433908681124,-0.932276543554187,0.0,-0.00982429754319185,False,0.0,0.0,0.060287752266162765,0.05923379887671101,0.1835995660144428,0.1828894047573843,1.98,-2.24,0.42201426586313934,0.41463659213697707,-0.332294697530031,0.326485505619667,
1791390712.3316379,balance,0.1604894832838693,0.0013139812666804144,0.1576981668978651,-0.030354132621038855,-0.00027094549338611135,0.002520370892618107,0.17468795840040185,-0.8647903172897988,0.0,-0.01859556153738269,False,0.0,0.0,0.01260224765419085,0.011685185399788288,0.18380227246209999,0.18309238737256509,2.06,-2.49,0.08821573357933594,0.08179629779851802,-0.0694612075427842,0.06440653369962049,
1791390712.3416455,balance,0.15852908411583538,0.0016508473406668378,0.15570613031159208,-0.224225140394598,-0.0003025829116251877,0.002520370892618107,0.17445750880847125,-0.8318879086727003,0.0,-0.02693812246312671,False,0.0,0.0,-0.016949726831374787,-0.02233525374166577,0.1835995660144428,0.18268642214220357,2.12,-2.85,-0.11864808781962351,-0.15634677619166037,0.09342369119655394,-0.12310769778870896,
1791390712.3516438,balance,0.15335750622492617,0.0019888358645234264,0.15047889791577382,-0.74211896908478,-0.0003582374165342489,0.002520370892618107,0.17407333388731586,-0.8767053999963915,0.0,-0.035585051288975066,False,0.0,0.0,-0.0677303072503696,-0.07335846219853227,0.18319383237828066,0.18207724849767246,2.5,-3.31,-0.4741121507525872,-0.5135092353897259,0.37331665413589543,-0.4043379806218314,
1791390712.3616273,balance,0.1485617585335708,0.001397277497580586,0.14567272592656252,-0.17050146973244543,-0.0003686617143901609,0.002520370892618107,0.17399652274230687,-0.9065541363728484,0.0,-0.0445876901348294,False,-0.0015833333333332977,-0.0015833333333332977,-0.07378863586898693,-0.0728011553345645,0.18299090309463303,0.18207724849767246,2.42,-3.06,-0.5165204510829084,-0.5096080873419515,0.4067090166007153,-0.4012662105054736,
1791390712.3716426,balance,0.14979564992062067,0.0019623402703170343,0.1468931494583434,0.4176849053050924,-0.0003821295696591516,0.002520370892618107,0.1739195737403823,-0.938306431229204,-0.8964641327986648,-0.0002092114921526961,False,-0.0031666666666665955,-0.0031666666666665955,0.06557785636173061,0.0741821669030057,0.18319383237828066,0.18167080140947076,2.18,-3.21,0.4590449945321142,0.5192751683210399,-0.36145275160008994,0.4088780852921574,
1791390712.3816416,balance,0.15776664092833162,0.0037677001923434868,0.15485369639156574,1.0071413166080072,-0.0003925736441477562,0.002520370892618107,0.1738427626387582,-0.9330246178816608,0.0,-0.009575397126955772,False,-0.004749999999999893,-0.004749999999999893,0.054445483166574125,0.06895390624461024,0.18299090309463303,0.18167080140947076,2.2,-2.99,0.3811183821660189,0.4826773437122717,-0.30009321430395186,0.38006090056084385,
1791390712.3916466,balance,0.16734312416819755,0.005075541573424204,0.1644424306865762,0.8534213113839803,-0.000380322589003234,0.002520370892618107,0.17391967199458636,-0.8950198763142971,0.0,-0.018599152717776804,False,-0.0063333333333334225,-0.0063333333333334225,0.06657130558305982,0.07803553190421805,0.18299090309463303,0.1818740249535716,2.07,-2.64,0.46599913908141877,0.5462487233295263,-0.3669284559696211,0.430117104983879,
1791390712.40165,balance,0.1732192024036503,0.0036912124752044987,0.17031850892202896,0.3928350620195938,-0.000380322589003234,0.002520370892618107,0.17391967199458636,-0.8852255029996694,0.0,-0.027481134966712062,False,-0.007916666666666721,-0.007916666666666721,0.04923420072793135,0.05583233723209721,0.18299090309463303,0.1818740249535716,2.08,-2.69,0.3446394050955195,0.39082636062468046,-0.27136961031143264,0.30773729183045706,
1791390712.411646,balance,0.17534237883630202,0.0034704847692100045,0.17241958615883216,0.017544329251150806,-0.00040242178485176,0.002520370892618107,0.1737660109942462,-0.8688917247218463,0.0,-0.03619106408918695,False,-0.009500000000000019,-0.009500000000000019,0.0201097645758929,0.02702422917827167,0.18258493369347872,0.1818740249535716,2.34,-2.7,0.14076835203125032,0.1891696042479017,-0.11084122207185064,0.14895244428968638,
1791390712.4217057,balance,0.17375514106216922,0.0045285307265896515,0.17077199560248402,-0.21724431992474252,-0.00046277456706709727,0.002520370892618107,0.17338157708289814,-0.8598299351409657,0.0,-0.04480790460582818,False,-0.011083333333333317,-0.011083333333333317,-0.008176391572760667,-0.006567204187328163,0.18197564376362416,0.18146750672806256,2.48,-2.7600000000000002,-0.05723474100932467,-0.04597042931129714,0.04506672520419265,-0.03619718843409224,
1791390712.4316454,balance,0.17263684053857342,0.004200803202300091,0.16961603030996342,-0.04509512508980978,-0.0005004393359918993,0.002520370892618107,0.1731507836874852,-0.8479327647003246,0.0,-0.053346961565552124,False,-0.012666666666666614,-0.012666666666666614,-0.0066187997259834885,-0.0098083047479292,0.1815691881139024,0.1812641580410549,2.54,-2.82,-0.04633159808188442,-0.0686581332355044,0.036481573292822374,-0.05406152223268063,
1791390712.4416435,balance,0.17383314443466344,0.004092952097058423,0.17079934438170197,0.26929094003561815,-0.0005134291603433629,0.002520370892618107,0.1730738110898556,-0.8413214312624346,0.0,-0.06177561764992455,False,-0.014249999999999912,-0.014249999999999912,0.015850923260529007,0.011890011784425216,0.1815691881139024,0.18106080344386152,2.54,-2.68,0.11095646282370306,0.08323008249097652,-0.08736729356197091,0.06553549802439096,
1791390712.4516695,balance,0.1776426041535779,0.003337535260459938,0.17458278975861088,0.42967080378498884,-0.0005394435023489269,0.002520370892618107,0.17291986598232442,-0.8231819965152267,0.0,-0.0700523342463546,False,-0.015833333333333442,-0.015833333333333442,0.043766149019623495,0.03976886127524717,0.18136583942689477,0.1808573791256606,2.37,-2.7600000000000002,0.30636304313736445,0.2783820289267302,-0.24123074262784602,0.2191984479738033,
1791390712.4616342,balance,0.18218431770842822,0.003930944351776091,0.17911108604724052,0.4399340613969321,-0.0005528607685695922,0.002520370892618107,0.17284292563646722,-0.8222667069368979,0.0,-0.07828241506843933,False,-0.01741666666666674,-0.01741666666666674,0.05649726172037241,0.05545437038157921,0.18136583942689477,0.1806539548074597,2.29,-2.89,0.39548083204260687,0.3881805926710545,-0.31140222995480854,0.30565400997720826,
1791390712.4716473,balance,0.18586272844398932,0.004755412473176942,0.18274789428984928,0.309766268548433,-0.0005944632615219256,0.002520370892618107,0.17261220940257774,-0.8025797029013927,0.0,-0.08636271449497383,False,-0.019000000000000038,-0.019000000000000038,0.056697228656949705,0.05732088467833775,0.18136583942689477,0.18004324671175093,2.33,-3.15,0.39688060059864794,0.40124619274836426,-0.31250440992019524,0.3159418840538301,
1791390712.4816868,balance,0.1885403972853925,0.004225344428941899,0.1853854905258538,0.22674624531596668,-0.0006345358669206033,0.002520370892618107,0.17238135937853227,-0.7636700774322226,0.0,-0.09409955782852038,False,-0.020583333333333335,-0.020583333333333335,0.05959342075014879,0.05863366429472745,0.18095909832971635,0.1798395814646299,2.5300000000000002,-3.21,0.41715394525104155,0.4104356500630922,-0.32846767342601696,0.3231776772150332,
1791390712.4916396,balance,0.19046842741769948,0.0038335089728967517,0.18725616021065408,0.12769660737947638,-0.0006918963144272941,0.002520370892618107,0.17207342033007827,-0.7200855603687336,0.0,-0.10141463415165089,False,-0.022166666666666633,-0.022166666666666633,0.0638796986659825,0.05882846614247715,0.1805522351880966,0.1794321506082759,2.52,-3.31,0.4471578906618775,0.41179926299734004,-0.35209282729281693,0.32425138818688193,
1791390712.5016499,balance,0.19127338626651752,0.0038962504284374634,0.18798620064388935,0.03080353748772139,-0.000766814730010057,0.002520370892618107,0.1716883885981468,-0.6729834989830367,0.0,-0.10828314505376152,False,-0.02374999999999993,-0.02374999999999993,0.06730871266828196,0.05778813051654699,0.1801450559451548,0.1788205744867898,2.74,-3.5100000000000002,0.47116098867797374,0.404516913615829,-0.37099290447084543,0.3185172548156134,
1791390712.5116448,balance,0.19105481403539085,0.00423259976036516,0.18773952733135488,-0.06210406145832015,-0.0007949158114178706,0.002520370892618107,0.17153457877150122,-0.6235904278939267,0.0,-0.11464405073208828,False,-0.02533333333333323,-0.02533333333333323,0.06893089718919926,0.05930864791906026,0.1797377558943685,0.1788205744867898,2.92,-3.33,0.4825162803243948,0.4151605354334218,-0.37993407899558646,0.3268980593963951,
1791390712.5216384,balance,0.18962096268217957,0.004653706090032177,0.1862578682019946,-0.2128046265081039,-0.000842723587566839,0.002520370892618107,0.1713033362306011,-0.5787108740822263,0.0,-0.1205636875617871,False,-0.026916666666666755,-0.026916666666666755,0.062335072961587704,0.05697428772297237,0.17933024238933284,0.17861666831074868,3.0100000000000002,-3.43,0.43634551073111394,0.3988200140608066,-0.3435791423079637,0.31403150713449335,
1791390712.5316398,balance,0.18700414135499863,0.005173686527926548,0.18360810671713107,-0.33733790808370456,-0.0008756637452494373,0.002520370892618107,0.17114913697384,-0.5313513529676702,0.0,-0.12600229528715684,False,-0.028500000000000053,-0.028500000000000053,0.05500157027638508,0.05681611861522493,0.1791264118333987,0.17841270888430985,3.06,-3.33,0.38501099193469557,0.3977128303065745,-0.303158261365902,0.3131597089028146,
1791390712.5417101,balance,0.18264249842404506,0.006317622520898792,0.17921489822585343,-0.49741387364371786,-0.0009072293055735342,0.002520370892618107,0.17099499007586433,-0.48367709282567173,0.0,-0.1309688011846233,False,-0.03008333333333335,-0.03008333333333335,0.04279172576475469,0.05124960608157068,0.17871862846041217,0.17841270888430985,3.3000000000000003,-3.16,0.29954208035328284,0.3587472425709947,-0.23585990578998647,0.2824781437566887,
1791390712.5516582,balance,0.17719466849584464,0.007144710551431135,0.1737326039251363,-0.582627270725783,-0.0009416936780902371,0.002520370892618107,0.1708407400645958,-0.4406235704981351,0.0,-0.13548418782438268,False,-0.03166666666666665,-0.03166666666666665,0.033746027874619035,0.0457060205574642,0.17831072035944173,0.17841270888430985,3.34,-3.0700000000000003,0.23622219512233325,0.3199421439022494,-0.1860017284427821,0.2519229479545271,
1791390712.56163,balance,0.1710269258122055,0.008197175841593346,0.16753030578042935,-0.6442629696952957,-0.0009762491391580239,0.002520370892618107,0.1706864892111359,-0.3968752635377744,0.0,-0.13955484090074663,False,-0.033249999999999946,-0.033249999999999946,0.028218387552478644,0.042093399516122496,0.1779026388146077,0.17841270888430985,3.2600000000000002,-2.91,0.19752871286735052,0.29465379661285745,-0.15553441958059097,0.2320108634746909,
1791390712.571636,balance,0.1642247668320807,0.00901025688430172,0.16072814680030456,-0.6925955408481362,-0.0009762491391580239,0.002520370892618107,0.1706864892111359,-0.35950891660233003,0.0,-0.14322895972283364,False,-0.034833333333333244,-0.034833333333333244,0.023290669963747065,0.03739613647560309,0.1779026388146077,0.17841270888430985,3.29,-2.81,0.16303468974622945,0.2617729553292216,-0.12837377145372397,0.20612043726710363,
1791390712.581646,balance,0.15683771608973185,0.009547201984420812,0.15332379489579315,-0.750377077181811,-0.0009935503013205754,0.002520370892618107,0.17060936386093964,-0.33301154602142197,0.0,-0.14662338644952458,False,-0.03641666666666678,-0.03641666666666678,0.01466024700605998,0.03052066228207369,0.1776984917096465,0.17841270888430985,3.27,-2.65,0.10262172904241987,0.21364463597451583,-0.08080451105702352,0.16822412281457938,
1791390712.5916433,balance,0.14939797483280245,0.010162847943951395,0.14588405363886378,-0.7452641097831236,-0.0009935503013205754,0.002520370892618107,0.17060936386093964,-0.3088948384879057,0.0,-0.14975964660997682,False,-0.038000000000000075,-0.038000000000000075,0.008916788836171165,0.027045391892864295,0.1776984917096465,0.17841270888430985,3.16,-2.6,0.062417521853198155,0.18931774325005007,-0.049147655002518234,0.14906908917326778,
1791390712.6016674,balance,0.14212640375831573,0.010644800828336114,0.13859417342672245,-0.6895805896248481,-0.0010118594389751795,0.002520370892618107,0.1705323052688377,-0.2818260014983797,0.0,-0.15264257336410475,False,-0.03958333333333337,-0.03958333333333337,0.007116715577120549,0.027298193484014417,0.17749433221431168,0.17841270888430985,3.14,-2.43,0.049817009039843846,0.19108735438810093,-0.03922599136995578,0.1504624837701582,
1791390712.6116498,balance,0.1353373897527226,0.010606612423174023,0.13180515942112933,-0.6593437092410264,-0.0010118594389751795,0.002520370892618107,0.1705323052688377,-0.2587869726800639,0.0,-0.15528562053852693,False,-0.04116666666666667,-0.04116666666666667,0.00756466512904215,0.02768130015441518,0.17749433221431168,0.17841270888430985,3.02,-2.39,0.05295265590329505,0.19376910108090628,-0.04169500464826382,0.15257409533929628,
1791390712.6216624,balance,0.12890801578091182,0.010080154992843263,0.12534009017227568,-0.6192779567418021,-0.0010475547160180149,0.002520370892618107,0.17037812292190202,-0.2361252841410765,0.0,-0.1577012283432363,False,-0.04274999999999997,-0.04274999999999997,0.009723082430467402,0.027469238209990844,0.1772901001009387,0.17820871770540014,2.93,-2.48,0.06806157701327181,0.19228466746993592,-0.05359179292383607,0.15140524997632748,
1791390712.6316493,balance,0.12295027302593557,0.00936272798699538,0.1193649826351137,-0.5714597708264205,-0.0010649194982037535,0.002520370892618107,0.17030099778251898,-0.20886420137805858,0.0,-0.15986042109477466,False,-0.044333333333333266,-0.044333333333333266,0.013719706072120499,0.02890029319062882,0.1772901001009387,0.17800470529710158,2.91,-2.5300000000000002,0.09603794250484349,0.20230205233440174,-0.0756204271691681,0.15929295459401713,
1791390712.6416416,balance,0.11744497506551489,0.008334579541935411,0.11380599303893534,-0.5250039061215287,-0.0011186111339614446,0.002520370892618107,0.17006972345238283,-0.185581786921921,0.0,-0.16177511806516875,False,-0.04591666666666679,-0.04591666666666679,0.017426435379977987,0.03127390987434309,0.17708586798756573,0.17759641108717913,2.83,-2.6,0.12198504765984591,0.2189173691204016,-0.09605121862979993,0.17237588119716662,
1791390712.651641,balance,0.11241716064508916,0.006967984269177121,0.10872279484110545,-0.47217485605519643,-0.0011739949113656056,0.002520370892618107,0.16983855316095164,-0.1499582751279014,0.0,-0.16337258939331803,False,-0.04750000000000009,-0.04750000000000009,0.022922052715448026,0.036826670870487285,0.1768815599954663,0.1771879769713215,2.87,-2.7600000000000002,0.16045436900813617,0.257786696093411,-0.12634202284105212,0.20298165046725275,
1791390712.661633,balance,0.10735608892960659,0.0054208886771449916,0.10362471677152049,-0.5403727950161832,-0.0012110012654679841,0.002520370892618107,0.1696844399234083,-0.11663961793352312,0.0,-0.1646202728790576,False,-0.04908333333333339,-0.04908333333333339,0.022495925406818156,0.03787478393574163,0.1768815599954663,0.17677937897899573,2.88,-2.97,0.15747147784772708,0.26512348755019144,-0.1239932896438796,0.20875865161432397,
1791390712.671638,balance,0.1016808803523196,0.003625704959156833,0.09789083327009762,-0.5851279147501816,-0.0012696761896038647,0.002520370892618107,0.16945307040403915,-0.09041943721514162,0.0,-0.1655939390518013,False,-0.050666666666666686,-0.050666666666666686,0.017078608887052333,0.03493498399744578,0.17667721211640502,0.1763706266766241,2.87,-3.15,0.11955026220936633,0.24454488798212048,-0.09413406473178451,0.19255502990718149,
1791390712.6816375,balance,0.09615978880771824,0.0017625642186543358,0.09228712907470865,-0.523210482580791,-0.0013522888403914787,0.002520370892618107,0.1691443072824815,-0.05549811162715856,0.0,-0.1662344307576397,False,-0.052249999999999984,-0.052249999999999984,0.018381762873747126,0.03804895974550204,0.17647285020255438,0.1757571920018433,2.83,-3.35,0.12867234011622988,0.2663427182185143,-0.1013168032411259,0.2097186757626097,
1791390712.6916447,balance,0.091233438120632,-9.084383120333951e-05,0.08731892540422123,-0.47440187608741835,-0.0013941418237926537,0.002520370892618107,0.16898989826405245,-0.02735137233039602,0.0,-0.16658126154260852,False,-0.05383333333333328,-0.05383333333333328,0.02366153025153837,0.043383711714062294,0.17626841731046197,0.17555264334868192,2.81,-3.45,0.1656307117607686,0.30368598199843605,-0.13041788327619575,0.23912282047120947,
1791390712.7016375,balance,0.08684319618366569,-0.0019467641757138063,0.0828854466515078,-0.4187240037326165,-0.0014373786395397922,0.002520370892618107,0.16883540559498392,-0.004292198186566638,0.0,-0.16667958823827347,False,-0.05541666666666681,-0.05541666666666681,0.02918329170541703,0.0492466948923727,0.17626841731046197,0.17514333519282424,2.7,-3.46,0.2042830419379192,0.34472686424660887,-0.16085278892749544,0.2714384757847314,
1791390712.7116466,balance,0.08327310317444221,-0.003935375183177651,0.07929370554799496,-0.3004295546661739,-0.0014590267338291385,0.002520370892618107,0.16875815937897148,0.02462195689859394,0.0,-0.16651889946914497,False,-0.057000000000000106,-0.057000000000000106,0.039184618443930806,0.060197692502616695,0.17626841731046197,0.1749386466879445,2.57,-3.59,0.27429232910751566,0.42138384751831687,-0.21597821189568162,0.33179830513253294,
1791390712.7216465,balance,0.08071757321338678,-0.005894323269901293,0.07669412118130572,-0.23246059884434922,-0.0015030811394629445,0.002520370892618107,0.16860363798766298,0.06350955008023468,0.0,-0.16598006333028503,False,-0.058583333333333404,-0.058583333333333404,0.05179056482475928,0.07440145199804418,0.17626841731046197,0.17452914783342158,2.44,-3.54,0.36253395377331493,0.5208101639863093,-0.2854598061207204,0.4100867432963065,
1791390712.731721,balance,0.0784429478908632,-0.007779536481624862,0.07441949585878214,-0.26461200794533135,-0.0015030811394629445,0.002520370892618107,0.16860363798766298,0.10743929556161012,0.0,-0.16501092613419835,False,-0.0601666666666667,-0.0601666666666667,0.05922784170378698,0.08478385213997727,0.17626841731046197,0.17452914783342158,2.33,-3.5,0.4145948919265089,0.5934869649798409,-0.3264526708082747,0.4673125708502684,
1791390712.741643,balance,0.07478225586794136,-0.009451835487298188,0.07069156572329692,-0.449541425155373,-0.001570319252026331,0.002520370892618107,0.16837183382286774,0.15145288374844607,0.0,-0.1636106515392113,False,-0.06175,-0.06175,0.05246449607614684,0.08190898743494927,0.17606398441836957,0.17411951214774707,2.23,-3.6,0.36725147253302787,0.573362912044645,-0.2891743878212818,0.4514668598776732,
1791390712.751643,balance,0.06990773670167481,-0.011214833812352783,0.06579381871033474,-0.5056761804053224,-0.0015935470987219688,0.002520370892618107,0.16829452725735508,0.19872059710745701,0.0,-0.16174840565776125,False,-0.0633333333333333,-0.0633333333333333,0.047117415509910096,0.07938662788659054,0.17606398441836957,0.17391466426382507,2.3000000000000003,-3.67,0.32982190856937066,0.5557063952061337,-0.2597022902121029,0.4375640907134911,
1791390712.7616544,balance,0.06475258980493473,-0.012953384384731668,0.060594476154054173,-0.5367339085026693,-0.0016377427582624574,0.002520370892618107,0.16814003042137432,0.2523665465491952,0.0,-0.15934903161134206,False,-0.0649166666666666,-0.0649166666666666,0.04831374153038606,0.08148563137139762,0.17585947341231709,0.17370974950280613,2.23,-3.72,0.33819619071270246,0.5703994195997834,-0.2662962131596082,0.44913340125967194,
1791390712.7716444,balance,0.05926314072485222,-0.014447276995369726,0.05505513812495904,-0.602507391198847,-0.0016876317072750738,0.002520370892618107,0.16798551525758526,0.30634626604203075,0.0,-0.15643676426425557,False,-0.06650000000000013,-0.06650000000000013,0.049457911311394716,0.08208433467241161,0.17585947341231709,0.17329983627847875,2.13,-3.8200000000000003,0.346205379179763,0.5745903427068813,-0.27260266077146694,0.4524333407140797,
1791390712.7816393,balance,0.052805812711941326,-0.01557386908440112,0.04852562164521717,-0.6725514510810461,-0.0017598201741060512,0.002520370892618107,0.16775384483539296,0.35880251554167836,0.0,-0.15297725330898562,False,-0.06808333333333343,-0.06808333333333343,0.04734407005361752,0.0795075642514651,0.17565492475915573,0.17288975546442303,2.0,-3.86,0.33140849037532266,0.5565529497602557,-0.2609515672246635,0.43823066910256353,
1791390712.7916536,balance,0.04567198268153025,-0.0164386210893169,0.0413661659833975,-0.766463131200904,-0.0017854458055146447,0.002520370892618107,0.1676766048450653,0.41243366231134443,0.0,-0.14897748501094635,False,-0.06966666666666672,-0.06966666666666672,0.04307372844363844,0.07671288384064989,0.17565492475915573,0.1726846399246847,2.0300000000000002,-3.92,0.30151609910546906,0.5369901868845492,-0.23741425126414886,0.4228269188067317,
1791390712.8016393,balance,0.03803558433615392,-0.017297847827518597,0.033681453539438425,-0.8059380382960241,-0.0018337599040973915,0.002520370892618107,0.16752209630786916,0.4642878455088045,0.0,-0.14447943162862564,False,-0.07125000000000002,-0.07125000000000002,0.04178448695165386,0.07635709373564886,0.1754503530208858,0.17247952438494635,2.02,-4.03,0.292491408661577,0.5344996561495421,-0.23030819579651735,0.4208658709838914,
1791390712.811638,balance,0.02969897588598701,-0.018221156946499686,0.025268456110480765,-0.8714974705694155,-0.001910148882888138,0.002520370892618107,0.1672902686869274,0.5051666914210299,0.0,-0.13950521885944484,False,-0.07283333333333332,-0.07283333333333332,0.03682270497803186,0.0727016974103726,0.17524567919433012,0.1720690916231995,1.94,-4.05,0.25775893484622303,0.5089118818726083,-0.20295979121749844,0.4007180172225262,
1791390712.8216527,balance,0.02119651395192166,-0.018179169597495545,0.016711505334523938,-0.877432207787035,-0.0019646377247796165,0.002520370892618107,0.1671356863226254,0.551201473411097,0.0,-0.13412036434193178,False,-0.07441666666666662,-0.07441666666666662,0.03513632582875256,0.07055335331575273,0.17524567919433012,0.171658572861551,1.9000000000000001,-4.19,0.24595428080126794,0.4938734732102691,-0.19366478803249443,0.388876750559267,
1791390712.8316479,balance,0.012585574903196159,-0.017552026696798066,0.008072572428098139,-0.878595092915783,-0.001992631582479913,0.002520370892618107,0.16705833325319946,0.6037122412761327,0.0,-0.1282304017513111,False,-0.07600000000000015,-0.07600000000000015,0.03635888809346858,0.07078556182304618,0.17524567919433012,0.17145329669883716,1.85,-4.17,0.25451221665428003,0.4954989327613233,-0.2004033202002205,0.3901566399695459,
1791390712.841638,balance,0.003744791480650283,-0.01687238840591046,-0.0008413413435006049,-0.9086308884537763,-0.0020657619315327808,0.002520370892618107,0.16682642494227157,0.6480410406383161,0.0,-0.12188151956004693,False,-0.07758333333333345,-0.07758333333333345,0.03560537975537764,0.06954488638169967,0.17483627906516003,0.17124796295403202,1.97,-4.23,0.2492376582876435,0.48681420467189773,-0.19625012463593974,0.3833182713951951,
1791390712.8516457,balance,-0.005376128631408299,-0.015824437356007102,-0.01003703969857539,-0.9528984382867705,-0.0021405401745489827,0.002520370892618107,0.1665944580553854,0.6843063434854033,0.0,-0.11515572349440428,False,-0.07916666666666675,-0.07916666666666675,0.03175053517660948,0.06493108281608868,0.17442676384672678,0.17104261120447029,2.04,-4.17,0.22225374623626637,0.4545175797126208,-0.17500294979233572,0.3578878580414337,
1791390712.8616407,balance,-0.014775912412847762,-0.014522565246710435,-0.019460563981214388,-0.9629045447953668,-0.0021642806757485172,0.002520370892618107,0.16651715373302783,0.7315152341601946,0.0,-0.10795644333865569,False,-0.08075000000000004,-0.08075000000000004,0.0300836608991209,0.062439684694373034,0.1742219341098253,0.17104261120447029,2.07,-3.95,0.2105856262938463,0.4370777928606112,-0.16581545377468213,0.3441557424099301,
1791390712.8716476,balance,-0.024879962871550608,-0.012889197809309689,-0.029583174132091015,-1.0480622962582669,-0.002182840367922302,0.002520370892618107,0.16643996471122616,0.7660446789915424,0.0,-0.10036027527037754,False,-0.08233333333333334,-0.08233333333333334,0.02329949282280547,0.053568405235950856,0.17381221397988766,0.17124796295403202,2.29,-3.69,0.1630964497596383,0.374978836651656,-0.12842240138554198,0.2952589264973669,
1791390712.88164,balance,-0.035305307126888584,-0.011680707959690033,-0.04003230059108544,-1.0603010765691703,-0.002206622571578748,0.002520370892618107,0.16636266055628018,0.8032244196587439,0.0,-0.09244807484713428,False,-0.08391666666666664,-0.08391666666666664,0.01825715264920407,0.045870708138621555,0.17360729921886872,0.17124796295403202,2.25,-3.5500000000000003,0.1278000685444285,0.3210949569703509,-0.10062997523183345,0.25283067477980387,
1791390712.8916407,balance,-0.045499837777680636,-0.010040638018451054,-0.05022382223131388,-0.9964348074846967,-0.0022036135610151372,0.002520370892618107,0.16636284038349047,0.852205881668054,0.7903561420259241,0.0003092486982106496,False,-0.08550000000000016,-0.08550000000000016,-0.06668726081979175,-0.04102020614409744,0.17340235863456022,0.17145329669883716,2.3000000000000003,-3.29,-0.4668108257385422,-0.28714144300868205,0.36756757932168677,-0.22609562441628508,
1791390712.9016252,balance,-0.0556335881511978,-0.00772840842775033,-0.060409689080282596,-1.0199744558131312,-0.0022557300364666882,0.002520370892618107,0.16620836434746003,0.8756507285676748,0.0,0.009013334840318857,False,-0.08708333333333346,-0.08708333333333346,-0.0011148976826852175,0.022822946888225306,0.17299229761255708,0.17145329669883716,2.5,-3.25,-0.0078042837787965225,0.15976062821757714,0.006145105337635057,0.12579577025006075,
1791390712.9116385,balance,-0.06511245733221875,-0.005166813348436056,-0.06991246177856097,-0.8569138425628628,-0.0022796335537241114,0.002520370892618107,0.16613124035510518,0.8635194489354487,0.0,0.01768554034996247,False,-0.08866666666666675,-0.08866666666666675,0.017506405945382542,0.03957505039892285,0.1725820892583409,0.171658572861551,2.43,-2.97,0.1225448416176778,0.27702535279245993,-0.09649200127376205,0.21813019904918104,
1791390712.92165,balance,-0.07105132771435427,-0.0020246169205238996,-0.07585133216069649,-0.42254957410239463,-0.0022796335537241114,0.002520370892618107,0.16613124035510518,0.9120852572753858,0.8189492479103256,0.00046568004682530085,False,-0.09025000000000005,-0.09025000000000005,-0.040295784170490595,-0.021168586455841326,0.1725820892583409,0.171658572861551,2.5300000000000002,-3.02,-0.28207048919343414,-0.14818010519088928,0.22210274739640484,-0.11667724818180258,
1791390712.9316473,balance,-0.07558386117016001,0.0011514589160462082,-0.08052427554763997,-0.5498758481178772,-0.002420043484861835,0.002520370892618107,0.16574460357415752,0.949183185494394,0.8994778999205992,0.0002485264278689736,False,-0.09183333333333335,-0.09183333333333335,-0.11089290698014932,-0.0953381554268044,0.17196648308818252,0.17124796295403202,2.94,-3.11,-0.7762503488610453,-0.6673670879876308,0.6112207471346813,-0.5254858960532526,
1791390712.941693,balance,-0.08250969877927779,0.004494444626671786,-0.08759345814335823,-0.7665547947171079,-0.0025633884714623204,0.002520370892618107,0.16535777515689912,0.8683235469257999,0.0,0.009200241021931156,False,-0.09341666666666665,-0.09341666666666665,-0.010043658036627698,0.001619490723759729,0.17114529419095692,0.17104261120447029,3.22,-3.16,-0.07030560625639388,0.011336435066318103,0.05535874508377471,0.008926326823872522,
1791390712.9516523,balance,-0.08728037650955638,0.007569989994220076,-0.09242287448551448,-0.10830860970096957,-0.0026221270833399896,0.002520370892618107,0.16520294030171426,0.8165210038035692,0.0,0.017414603281549847,False,-0.09500000000000018,-0.09500000000000018,0.03657252708326693,0.044752239357649,0.17073449411823335,0.17104261120447029,3.15,-2.83,0.2560076895828685,0.313265675503543,-0.20158085793926656,0.24666588622326222,
1791390712.9616265,balance,-0.08432589608781817,0.010156349482719162,-0.08949780467816847,0.4600467997567302,-0.002651537697732187,0.002520370892618107,0.16512552308816766,0.8782152436408235,0.0,0.02601312952929972,False,-0.09658333333333348,-0.09658333333333348,0.10925350977628659,0.11525143261228721,0.1705290171768001,0.17104261120447029,3.4,-2.77,0.7647745684340062,0.8067600282860105,-0.6021846995543355,0.6352441167606382,
1791390712.9716406,balance,-0.08167788104168873,0.012054295168147032,-0.0869130991769046,-0.006906806670152935,-0.002714847242597747,0.002520370892618107,0.16497068677968088,0.9331490234563593,0.0,0.03526083853918076,False,-0.09816666666666678,-0.09816666666666678,0.12530727240327635,0.13086339195442304,0.16991250553900494,0.17124796295403202,3.58,-2.61,0.8771509068229345,0.9160437436809612,-0.6906700053723893,0.7212942863629616,
1791390712.9816499,balance,-0.08679998356758918,0.013503822267338922,-0.09206617658448796,-0.8390479923068477,-0.002745822124280657,0.002520370892618107,0.1648932692495143,0.970418004033318,0.8155071535842771,0.0007745542522452049,False,-0.09975000000000007,-0.09975000000000007,-0.022474803486649854,-0.014949527419645626,0.1697068941730331,0.17124796295403202,3.43,-2.22,-0.15732362440654898,-0.10464669193751938,0.12387686961145589,-0.08239897002954281,
1791390712.9916475,balance,-0.0971828671183373,0.013966181304851286,-0.10241956386956151,-1.2652764265192125,-0.0027163258586060945,0.002520370892618107,0.16497068600493087,0.9963125698563764,0.927101851446673,0.00034605359204851696,False,-0.10133333333333337,-0.10133333333333337,-0.16073629422374178,-0.1527786662284063,0.1697068941730331,0.17145329669883716,3.45,-2.18,-1.1251540595661924,-1.069450663598844,0.8859480783985767,-0.8420871366920032,
1791390713.0016375,balance,-0.11235273397547214,0.014683763829679347,-0.11758943072669635,-1.4804069119388004,-0.0027163258586060945,0.002520370892618107,0.16497068600493087,0.8946652381932754,0.0,0.009634494099143858,False,-0.10291666666666667,-0.10291666666666667,-0.0971535777664602,-0.09273496538699266,0.1697068941730331,0.17145329669883716,3.11,-1.9100000000000001,-0.6800750443652215,-0.6491447577089486,0.5354921609174972,-0.5111376044952352,
1791390713.0116374,balance,-0.12204324308204244,0.01621600994354887,-0.12719242167734351,-0.45162348860563134,-0.002628807702682971,0.002520370892618107,0.16520274144716168,0.8030851608985684,0.0,0.017826448330514753,False,-0.10449999999999997,-0.10449999999999997,-0.045113844516483356,-0.04786937500756697,0.16991250553900494,0.17186384902426485,2.94,-1.69,-0.3157969116153835,-0.3350856250529688,0.248658985523924,-0.26384694886060533,
1791390713.021663,balance,-0.12162760279104494,0.017313699463395445,-0.12686429954226913,0.3308623997932772,-0.0027163258586060945,0.002520370892618107,0.16497068600493087,0.7729349375693857,0.0,0.025597738009367384,False,-0.1060833333333335,-0.1060833333333335,0.029791839495642135,0.021677740679511684,0.1697068941730331,0.17145329669883716,3.08,-1.94,0.20854287646949496,0.1517441847565818,-0.164206989346059,0.1194836100445526,
1791390713.0316544,balance,-0.11612537823583871,0.017109921251017544,-0.12145212765335153,0.6722287385765604,-0.0028063785248947024,0.002520370892618107,0.16473843541689015,0.7749917997453284,0.0,0.03333528452020822,False,-0.1076666666666668,-0.1076666666666668,0.08476211274783689,0.0761530094248125,0.16950125660862433,0.17104261120447029,3.1,-2.0,0.5933347892348583,0.5330710659736875,-0.4671927474290223,0.4197409968296752,
1791390713.041641,balance,-0.11142098215232743,0.0176326601440838,-0.11684362047304445,0.20209282881139654,-0.0029022674280989105,0.002520370892618107,0.164506349613595,0.7735879401161815,0.0,0.041119297849705826,False,-0.1092500000000001,-0.1092500000000001,0.08148921528324732,0.07617727368739646,0.16908993541353018,0.17083722547290858,3.2600000000000002,-2.09,0.5704245069827312,0.5332409158117752,-0.4491531551045127,0.41987473685966553,
1791390713.0516484,balance,-0.11368227155857273,0.01901969495538197,-0.11926284734660725,-0.5236691552863599,-0.0030602048954164046,0.002520370892618107,0.16411943536377618,0.7525959366957988,0.0,0.04870882543967783,False,-0.1108333333333334,-0.1108333333333334,0.025396578031233064,0.02507556915474422,0.16867852054565124,0.17022076697499927,3.4,-2.57,0.17777604621863144,0.17552898408320955,-0.1399811387548279,0.1382117984907162,
1791390713.0616317,balance,-0.12040414478791953,0.019518048632454845,-0.12615197719808074,-0.728839663025387,-0.0032274615175431204,0.002520370892618107,0.1637322788885992,0.7412647482443231,0.0,0.056144809306048836,False,-0.11241666666666669,-0.11241666666666669,-0.02248364124921383,-0.020243882898209352,0.16806114670800743,0.16980970583363347,3.63,-2.4,-0.15738548874449682,-0.14170718028746546,0.12392558168858017,-0.11158045691926413,
1791390713.0716383,balance,-0.12706768260402382,0.018892557829146388,-0.13281551501418506,-0.6004087870735637,-0.0032274615175431204,0.002520370892618107,0.1637322788885992,0.721572108794462,0.0,0.0634334270187989,False,-0.11399999999999999,-0.11399999999999999,-0.03823393592363507,-0.035955124508120793,0.16806114670800743,0.16980970583363347,3.49,-2.3000000000000003,-0.2676375514654455,-0.2516858715568456,0.2107382295003508,-0.19817785161956344,
1791390713.081645,balance,-0.13213898858736092,0.018143330561637333,-0.13788682099752217,-0.4043538825409911,-0.0032274615175431204,0.002520370892618107,0.1637322788885992,0.6869880542998161,0.0,0.07041497211879721,False,-0.11558333333333351,-0.11558333333333351,-0.040394976976371046,-0.03725646583251874,0.16806114670800743,0.16980970583363347,3.31,-2.11,-0.2827648388345973,-0.26079526082763116,0.22264947939732072,-0.20535059907687492,
1791390713.0916464,balance,-0.13492209771219402,0.018704592049793783,-0.14066993012235526,-0.17624869237564994,-0.0032274615175431204,0.002520370892618107,0.1637322788885992,0.6534622676147235,0.0,0.07703001564866843,False,-0.11716666666666681,-0.11716666666666681,-0.03250916885217514,-0.029532794241203593,0.16806114670800743,0.16980970583363347,3.18,-2.0,-0.227564181965226,-0.20672955968842516,0.17918439524820945,-0.1627791808570277,
1791390713.1016505,balance,-0.13541672130581234,0.018652687040402138,-0.14113313167934036,0.07602316272896163,-0.0031960394809099207,0.002520370892618107,0.16380969395036263,0.6159828834108851,0.0,0.08328632950419533,False,-0.1187500000000001,-0.1187500000000001,-0.019271492018039023,-0.014498735059739578,0.16806114670800743,0.17001525460615752,3.0500000000000003,-1.87,-0.13490044412627317,-0.10149114541817705,0.10622082214667178,-0.07991428773084808,
1791390713.1116447,balance,-0.13405633912740134,0.018023612538372685,-0.13980417153756255,0.16147038415682055,-0.0032274615175431204,0.002520370892618107,0.1637322788885992,0.5853210477522307,0.0,0.08921541621280853,False,-0.1203333333333334,-0.1203333333333334,-0.011826625054983195,-0.004901254918789413,0.16806114670800743,0.16980970583363347,2.99,-1.82,-0.08278637538488237,-0.03430878443152589,0.06518612235030108,-0.02701479089096527,
1791390713.121643,balance,-0.13198983452695934,0.01750911244848787,-0.13777333623333052,0.20233486292985464,-0.003263130813753068,0.002520370892618107,0.16365478116887522,0.5485673031448545,0.0,0.0947770416361359,False,-0.1219166666666667,-0.1219166666666667,-0.010373211068908083,-0.0024015313997892422,0.16785531310060553,0.16980970583363347,2.99,-1.7,-0.07261247748235658,-0.016810719798524696,0.05717517911996581,-0.013236787242932832,
1791390713.1316378,balance,-0.13041755138848096,0.017207158380131454,-0.13620105309485214,0.13490156204049872,-0.003263130813753068,0.002520370892618107,0.16365478116887522,0.5188385720973403,0.0,0.10004255939685802,False,-0.1235,-0.1235,-0.017107635491707317,-0.009487595451935225,0.16785531310060553,0.16980970583363347,2.86,-1.6400000000000001,-0.11975344844195121,-0.06641316816354657,0.09429405389130016,-0.052293833199642974,
1791390713.1416428,balance,-0.1293435057701822,0.017637105455136304,-0.13519422594442482,0.09315871755626268,-0.0033303492816245117,0.002520370892618107,0.16349986912543427,0.4887235974682512,0.0,0.10501084931410933,False,-0.12508333333333355,-0.12508333333333355,-0.02589995624295893,-0.01953005106548667,0.16764940895417135,0.16960406826922467,2.84,-1.74,-0.1812996937007125,-0.1367103574584067,0.14275566433126968,-0.10764595075465094,
1791390713.1516504,balance,-0.1285926427863673,0.017413375625541277,-0.13450956875466138,0.08209980376945761,-0.003396555075675968,0.002520370892618107,0.1633451635151265,0.46084565985786063,0.0,0.10969623102294046,False,-0.12666666666666684,-0.12666666666666684,-0.033520695461070976,-0.028070865901381886,0.16764940895417135,0.16919276478476025,2.83,-1.75,-0.23464486822749683,-0.1964960613096732,0.18475973876180854,-0.15472130811785292,
1791390713.1616461,balance,-0.12738075751148817,0.01697235416529957,-0.13336724299023048,0.16700790155075262,-0.00346611458612419,0.002520370892618107,0.16319033605708005,0.4284365181598035,0.0,0.11405392043760498,False,-0.12825000000000014,-0.12825000000000014,-0.03472138118689127,-0.030738583246518528,0.16744349029955544,0.16898709179663846,2.87,-1.78,-0.24304966830823888,-0.2151700827256297,0.19137769158129045,-0.1694252619886848,
1791390713.1716466,balance,-0.12503645244425118,0.016800409668124572,-0.13113149205906624,0.3047706410466646,-0.003574668722196958,0.002520370892618107,0.16295830732128536,0.4038037983176756,0.0,0.11814585035527929,False,-0.12983333333333344,-0.12983333333333344,-0.02905210941288956,-0.0238808451866422,0.1670316055628591,0.1687813924356954,2.9,-1.97,-0.20336476589022692,-0.1671659163064954,0.16012973692143853,-0.131626705753146,
1791390713.181637,balance,-0.12123973111027415,0.0170386597716247,-0.1274410818331876,0.4319456896528342,-0.003680979830295361,0.002520370892618107,0.16272622127206893,0.3798857799494567,0.0,0.12199289952188629,False,-0.13141666666666674,-0.13141666666666674,-0.020074564667632876,-0.011829357551216342,0.16682565149099715,0.16836987637241457,3.0100000000000002,-2.0300000000000002,-0.14052195267343012,-0.0828055028585144,0.11064720682947253,-0.06520118335316094,
1791390713.1916409,balance,-0.11671604820570439,0.017035999473883397,-0.12310120759837676,0.44914238471807433,-0.003864788500054256,0.002520370892618107,0.16233904503492197,0.35545606936018104,0.0,0.12559955800384123,False,-0.13300000000000003,-0.13300000000000003,-0.015399702371404507,-0.004280761775524242,0.16641366034924823,0.16775236115014058,3.0500000000000003,-2.41,-0.10779791659983155,-0.029965332428669694,0.08488024929120594,-0.023594749943834405,
1791390713.2016296,balance,-0.1122600604259377,0.016475526701152505,-0.1187582652931037,0.44279981225708354,-0.003977833974547887,0.002520370892618107,0.16210659824190948,0.338282859087907,0.0,0.12903245470434954,False,-0.13458333333333333,-0.13458333333333333,-0.013689178518619134,-0.0013188318084070745,0.1662076199024666,0.16734052384090872,3.1,-2.4,-0.09582424963033394,-0.00923182265884952,0.07545216506325507,-0.007269151699881512,
1791390713.2116835,balance,-0.10825721709189039,0.015985171617617845,-0.11483313859453292,0.3786574330327817,-0.004055550610024418,0.002520370892618107,0.16195171979338283,0.3200878783644526,0.0,0.13228399983179423,False,-0.13616666666666685,-0.13616666666666685,-0.015716102345699187,-0.004385311856022137,0.16600150521132462,0.16713457546622476,3.1,-2.49,-0.11001271641989431,-0.03069718299215496,0.08662418615739709,-0.024171010230043276,
1791390713.2216554,balance,-0.10474488297375464,0.015898339279967973,-0.11139866989838516,0.3157790680438125,-0.0041334160320124075,0.002520370892618107,0.16179684232489708,0.297434099083098,0.0,0.1353214100719826,False,-0.13775000000000015,-0.13775000000000015,-0.02043562451210245,-0.010471971317895776,0.16579539052018263,0.16692862139436282,3.0100000000000002,-2.39,-0.14304937158471714,-0.07330379922527043,0.1126373004604072,-0.05771952694903183,
1791390713.2316532,balance,-0.1016724870709473,0.01622584174191233,-0.10832627399557782,0.3192638463105637,-0.0041334160320124075,0.002520370892618107,0.16179684232489708,0.280556238832816,0.0,0.13817567034951195,False,-0.13933333333333345,-0.13933333333333345,-0.022794630345388298,-0.014508651400472276,0.16579539052018263,0.16692862139436282,3.0,-2.25,-0.15956241241771807,-0.10156055980330593,0.12563969481710083,-0.07996894472701255,
1791390713.2416472,balance,-0.0986313591485782,0.015740276330035587,-0.10528514607320871,0.3084605003232067,-0.0041334160320124075,0.002520370892618107,0.16179684232489708,0.25763406296589003,0.0,0.14080857062482108,False,-0.14091666666666675,-0.14091666666666675,-0.02483294307796896,-0.01712662893609697,0.16579539052018263,0.16692862139436282,2.82,-2.21,-0.17383060154578273,-0.11988640255267878,0.13687448940612812,-0.0943987421674636,
1791390713.2516458,balance,-0.09520591395914364,0.01506880369536382,-0.10185970088377416,0.3596858696339748,-0.0041334160320124075,0.002520370892618107,0.16179684232489708,0.2315640008892938,0.0,0.14319593680453788,False,-0.14250000000000004,-0.14250000000000004,-0.02290751708792911,-0.015046899757990409,0.16579539052018263,0.16692862139436282,2.69,-1.96,-0.1603526196155038,-0.10532829830593286,0.1262619052090581,-0.08293566795742745,
1791390713.2616308,balance,-0.09129888215663118,0.014760332233821498,-0.0979526690812617,0.4196957592310182,-0.0041334160320124075,0.002520370892618107,0.16179684232489708,0.21198096150038795,0.0,0.14537386455530835,False,-0.14408333333333334,-0.14408333333333334,-0.01867276037774447,-0.011679274022521427,0.16579539052018263,0.16692862139436282,2.59,-1.85,-0.1307093226442113,-0.08175491815764999,0.10292072649150497,-0.06437395130523621,
1791390713.271643,balance,-0.086910688940814,0.014764718624192947,-0.09360445055195771,0.4495797273636945,-0.004173390718525592,0.002520370892618107,0.16171930944098012,0.18838235618522228,0.0,0.14731397265586288,False,-0.14566666666666686,-0.14566666666666686,-0.01394350589998869,-0.008776714592918624,0.16558927171243443,0.16692862139436282,2.56,-1.74,-0.09760454129992083,-0.06143700215043037,0.07685396952749671,-0.04837559224443336,
1791390713.2816403,balance,-0.08225437031209835,0.014609396413808021,-0.08898617187196278,0.4646519930443058,-0.004211430667246309,0.002520370892618107,0.16164196583926932,0.16752457587213834,0.0,0.14904227427095115,False,-0.14725000000000016,-0.14725000000000016,-0.009482274354188355,-0.0064036695140044925,0.16558927171243443,0.1667226516642837,2.52,-1.67,-0.06637592047931848,-0.04482568659803145,0.052264504314424,-0.0352958162189224,
1791390713.2916508,balance,-0.07779968490066558,0.014696479866302676,-0.08457153690510814,0.4402987776772263,-0.004251481111824454,0.002520370892618107,0.16156443346029387,0.14489620154508506,0.0,0.15055736115960552,False,-0.14883333333333346,-0.14883333333333346,-0.00975715246231076,-0.007477376916839153,0.1653831522790991,0.1667226516642837,2.48,-1.73,-0.06830006723617532,-0.05234163841787407,0.05377958050092545,-0.04121388851801108,
1791390713.3017154,balance,-0.07341407161116473,0.015119623176912404,-0.08026642855067204,0.4362176677025267,-0.00433198604688919,0.002520370892618107,0.16140962386090968,0.12442292982226992,0.0,0.15184112639180627,False,-0.15041666666666675,-0.15041666666666675,-0.01008501337220204,-0.008245621917133697,0.16517700429813034,0.16651665269818003,2.49,-1.81,-0.07059509360541429,-0.05771935341993588,0.055586687878278966,-0.04544830977947707,
1791390713.3116379,balance,-0.0689698351946902,0.01516783945744476,-0.07594409192987042,0.442191095666977,-0.004453885842562108,0.002520370892618107,0.1611771949312484,0.10811645709209862,0.0,0.1529651549790015,False,-0.15200000000000005,-0.15200000000000005,-0.009020393539857953,-0.006865804216700207,0.16497080929734834,0.16610455541876779,2.65,-1.85,-0.06314275477900567,-0.048060629516901446,0.04971870455039817,-0.037843015367638934,
1791390713.3216307,balance,-0.0648943320182634,0.014873723176936238,-0.07195151018888525,0.3843645587607393,-0.004536807278003735,0.002520370892618107,0.1610222004111189,0.08725622153042256,0.0,0.15388800655368642,False,-0.15358333333333335,-0.15358333333333335,-0.012766721349134147,-0.00985529583576162,0.16476461429656628,0.16589844072762577,2.64,-1.98,-0.08936704944393903,-0.06898707085033134,0.07036775546766852,-0.054320528228607355,
1791390713.3316784,balance,-0.06098520897409379,0.014554476456163517,-0.06820870984066298,0.394479259944359,-0.004703129973951073,0.002520370892618107,0.16071221470201882,0.06454275928034976,0.0,0.15458918061256935,False,-0.1551666666666669,-0.1551666666666669,-0.01363736378351571,-0.011585872164908712,0.16435206375985217,0.16548620485747473,2.71,-2.0,-0.09546154648460997,-0.08110110515436099,0.07516657203512596,-0.06385913791681967,
1791390713.3416498,balance,-0.05670120734184745,0.014588723511997859,-0.06405474234862762,0.4655546090281084,-0.004833164114162063,0.002520370892618107,0.1604798882961068,0.0464855442702795,0.0,0.15509299673348204,False,-0.1567500000000002,-0.1567500000000002,-0.009239076090551947,-0.008993054043865535,0.16393951027776887,0.1652800854241394,2.77,-2.08,-0.06467353263386363,-0.06295137830705874,0.050924041443987114,-0.049568014415006884,
1791390713.3516612,balance,-0.051812440537281235,0.014796145355352855,-0.05925195150630674,0.47759570539360524,-0.004919140076407397,0.002520370892618107,0.16032496583290518,0.03602016257887847,0.0,0.15547668615513094,False,-0.1583333333333335,-0.1583333333333335,-0.002366324619602354,-0.0037198081700089832,0.16393951027776887,0.16486770465604822,2.81,-2.11,-0.01656427233721648,-0.026038657190062882,0.013042734123792503,-0.020502879677214866,
1791390713.3616352,balance,-0.047663917666008145,0.014210584887303356,-0.055235329761561876,0.352683502694086,-0.005051041202935626,0.002520370892618107,0.16009267978094696,0.029896364445065618,0.0,0.15579272408587064,False,-0.1599166666666668,-0.1599166666666668,-0.0052686753941315265,-0.006975545740788572,0.16352688253106387,0.16466147670046372,2.81,-2.32,-0.036880727758920685,-0.048828820185520004,0.02903994311726038,-0.03844788990985827,
1791390713.371639,balance,-0.044873932531844594,0.013357600023366147,-0.05253237044328823,0.21422356878788992,-0.005138067018825528,0.002520370892618107,0.1599377832383779,0.022949022901586104,0.0,0.1560386943132717,False,-0.1615000000000001,-0.1615000000000001,-0.015114377733624633,-0.01624487946886939,0.16352688253106387,0.164248916587842,2.8000000000000003,-2.29,-0.10580064413537243,-0.11371415628208574,0.08330759380737987,-0.08953870573392578,
1791390713.3816373,balance,-0.043133546167881016,0.012496305320567197,-0.050881177530741666,0.14090089048344362,-0.005227260470242544,0.002520370892618107,0.15978296048074223,0.010279447965796813,0.0,0.15617800047666705,False,-0.16308333333333339,-0.16308333333333339,-0.024447259334887315,-0.025232552661202556,0.16332052216326529,0.16404264078928954,2.77,-2.37,-0.1711308153442112,-0.1766278686284179,0.1347486734993789,-0.13907706191214006,
1791390713.391689,balance,-0.04216033248494859,0.012045092104420514,-0.04999964427932755,0.07438259214525338,-0.005318940901760855,0.002520370892618107,0.15962808489955538,-0.008209016690864237,0.0,0.15613798289601047,False,-0.16466666666666668,-0.16466666666666668,-0.03505330008942826,-0.0353216932421633,0.16311414705028465,0.16383636547886749,2.71,-2.36,-0.24537310062599782,-0.24725185269514308,0.19320716584724237,-0.19468649818515202,
1791390713.401655,balance,-0.040813784433274686,0.011551698139664819,-0.048697845637253025,0.22085615195216415,-0.0053636903113602336,0.002520370892618107,0.15955067465283806,-0.01774662329955145,0.0,0.15597403215664882,False,-0.16624999999999998,-0.16624999999999998,-0.03252600891667276,-0.03150790309520553,0.16311414705028465,0.16363005556832716,2.64,-2.3000000000000003,-0.22768206241670932,-0.2205553216664387,0.17927721450134593,-0.17366560761136907,
1791390713.4116478,balance,-0.0381157512668989,0.010664055040847688,-0.045930812752170924,0.2879903595489817,-0.0053636903113602336,0.002451371173911791,0.15955067465283806,-0.019983351049275056,0.0,0.15577446692659871,False,-0.16783333333333328,-0.16783333333333328,-0.022980718362597935,-0.021803787081531932,0.16311414705028465,0.16363005556832716,2.48,-2.21,-0.16086502853818554,-0.15262650957072352,0.1266653768017209,-0.12017835399269568,
1791390713.421641,balance,-0.035465702026212596,0.009381966083624202,-0.043305123001004905,0.20974757850738432,-0.0054544543847269075,0.002384966590065402,0.15939582865165777,-0.021924514596403214,0.0,0.15557188478050316,False,-0.16941666666666658,-0.16941666666666658,-0.02074302739344805,-0.020594671958543826,0.16311414705028465,0.1632173348327299,2.4,-2.32,-0.14520119175413634,-0.14416270370980677,0.11433164705050106,-0.1135139399289817,
1791390713.4316518,balance,-0.034177025922783856,0.008331249327703271,-0.04211098659124666,0.08602261718706068,-0.005548994078397401,0.002384966590065402,0.15924090016265513,-0.0400619515287204,0.0,0.15522387809203905,False,-0.17099999999999987,-0.17099999999999987,-0.03162756486862019,-0.031298085371072336,0.16290775127540255,0.1630109420149813,2.4,-2.41,-0.22139295408034132,-0.21908659759750634,0.17432516069318213,-0.1725091319665404,
1791390713.441644,balance,-0.03331454794007715,0.0075865355349117895,-0.04129584747333237,0.10599971049538763,-0.00559633294318982,0.002384966590065402,0.15916343645265407,-0.05545191165142485,0.0,0.15469395171273675,False,-0.17258333333333317,-0.17258333333333317,-0.03711830895982068,-0.03684066811314529,0.16290775127540255,0.16280454624009924,2.34,-2.45,-0.25982816271874476,-0.25788467679201704,0.20458910450294862,-0.20305880062363546,
1791390713.451647,balance,-0.031210301162493383,0.00682894657155222,-0.03933389416675374,0.2847267164223965,-0.005738626414194953,0.002384966590065402,0.15893104746690437,-0.05759490854542752,0.0,0.1541177266580031,False,-0.17416666666666647,-0.17416666666666647,-0.027101686163420638,-0.026353007739901235,0.16270135550052042,0.16239169065122963,2.37,-2.42,-0.18971180314394448,-0.18447105417930865,0.149379372554287,-0.14525279856638476,
1791390713.4615872,balance,-0.027903964749731863,0.005965648467101819,-0.03612389843379882,0.34799038229506696,-0.005834967094001553,0.002384966590065402,0.15877612620133164,-0.0592321841075576,0.0,0.1535260614751914,False,-0.17574999999999977,-0.17574999999999977,-0.015231775699863392,-0.014468784328905143,0.1624949181402902,0.16218524997194325,2.36,-2.46,-0.10662242989904375,-0.101281490302336,0.08395466921184547,-0.07974920496246929,
1791390713.4716492,balance,-0.02464818139593273,0.004985816522585836,-0.03296599824623422,0.2803588562685526,-0.005932850260236086,0.002384966590065402,0.15862120961551018,-0.06300524526543669,0.0,0.15291683263538738,False,-0.17733333333333307,-0.17733333333333307,-0.011683037618973225,-0.012051374804232089,0.16228847746100386,0.1619787761598336,2.3000000000000003,-2.65,-0.08178126333281258,-0.08435962362962462,0.06439469553764769,-0.06642490049576742,
1791390713.4816673,balance,-0.02263335488447789,0.004316725370616786,-0.031102211703484293,0.14568775612116333,-0.006083890228941,0.002384966590065402,0.15838884679214868,-0.07054415859293915,0.0,0.15223010568342152,False,-0.17891666666666636,-0.17891666666666636,-0.020094082690178212,-0.0212228523885768,0.16208202135273822,0.16156580398703027,2.41,-2.8000000000000003,-0.1406585788312475,-0.1485599667200376,0.11075478648129723,-0.1169763517480611,
1791390713.49165,balance,-0.0211821602215747,0.0036955066912361407,-0.029803286271341912,0.1393636784269574,-0.006236159459701809,0.002384966590065402,0.15815651129191977,-0.07459082028109851,0.0,0.1514920170356242,False,-0.18049999999999966,-0.18049999999999966,-0.022900658557495523,-0.025148968757776904,0.16187554526821607,0.161152762005482,2.35,-2.7800000000000002,-0.16030460990246867,-0.17604278130443834,0.1262241022854084,-0.1386163632318412,
1791390713.5016594,balance,-0.019627240435170442,0.0031944068869933138,-0.02835116634575888,0.1741156142931297,-0.006338959320523037,0.002384966590065402,0.15800165641149683,-0.06762931538379303,0.0,0.15080311078421607,False,-0.18208333333333296,-0.18208333333333296,-0.019509413896560496,-0.02255557780033456,0.16166906918369395,0.16094624555304873,2.41,-2.85,-0.13656589727592347,-0.1578890446023419,0.1075322025794673,-0.12432208236404874,
1791390713.5116463,balance,-0.018185621023468827,0.0029264343750170013,-0.02701254849645111,0.09481644194764811,-0.006441960882916882,0.002384966590065402,0.15784680320408173,-0.07013370849895127,0.0,0.15012268126001296,False,-0.18366666666666626,-0.18366666666666626,-0.021223102973174843,-0.024309517190377244,0.1614625506438419,0.16073972931370656,2.34,-2.91,-0.1485617208122239,-0.1701666203326407,0.11697773292301095,-0.13398946482885096,
1791390713.5216484,balance,-0.017295964734199365,0.002775922075778028,-0.026226096063171035,0.09497833809883653,-0.006545164738906269,0.002384966590065402,0.15769195167460315,-0.07747940232652166,0.0,0.14936753633051497,False,-0.18524999999999955,-0.18524999999999955,-0.02393924238474453,-0.02699706132603463,0.1612560296530678,0.16053317353786997,2.34,-2.87,-0.1675746966932117,-0.1889794292822424,0.13194858007339505,-0.1488027002222381,
1791390713.5316565,balance,-0.016237939559769522,0.002452049872305369,-0.025220514107623847,0.13787887069988358,-0.006597607957788923,0.002384966590065402,0.15761455113820397,-0.07911690699729011,0.0,0.14857114171605923,False,-0.18683333333333285,-0.18683333333333285,-0.02188047050007706,-0.02579477354518519,0.1612560296530678,0.1603265722356081,2.27,-2.84,-0.15316329350053942,-0.1805634148162963,0.12060101850436175,-0.14217591717818606,
1791390713.5416517,balance,-0.01468039338842269,0.0020969762156483342,-0.023768936648079934,0.139200865085324,-0.006703576669591843,0.002384966590065402,0.1574597230225739,-0.07557698316945395,0.0,0.1478078148597501,False,-0.18841666666666615,-0.18841666666666615,-0.017710674189478363,-0.022394510387475326,0.161049510824754,0.16011997093334618,2.21,-2.89,-0.12397471932634854,-0.15676157271232727,0.09761788923334531,-0.12343430922230493,
1791390713.5516844,balance,-0.013568138321710043,0.002072835139526939,-0.022711278516835402,0.0988346340247481,-0.00675817360505996,0.002384966590065402,0.15738226679203784,-0.07829879657136535,0.0,0.1470368752065397,False,-0.18999999999999945,-0.18999999999999945,-0.018942601136489802,-0.023987386386849347,0.161049510824754,0.15991337426309554,2.2,-2.74,-0.13259820795542862,-0.16791170470794542,0.10440803776018001,-0.13221394071491765,
1791390713.5616689,balance,-0.012891243379411168,0.0020518599903318942,-0.022087034845713144,0.06625800527218072,-0.006810824876236576,0.002384966590065402,0.1573048680193802,-0.08784529985512568,0.0,0.14617254250430523,False,-0.19158333333333274,-0.19158333333333274,-0.022624298183503106,-0.028344954664332487,0.16084299458541182,0.15991337426309554,2.16,-2.74,-0.15837008728452173,-0.1984146826503274,0.12470085612954467,-0.15623203358293497,
1791390713.5716426,balance,-0.011839403949352446,0.002157013909419764,-0.02108989895833253,0.11696909133487436,-0.006865528418914683,0.002384966590065402,0.15722741271151458,-0.08585689317232209,0.0,0.145304873751883,False,-0.19316666666666604,-0.19316666666666604,-0.01993612233278229,-0.025652339274983945,0.16084299458541182,0.15970677771411335,2.08,-2.77,-0.139552856329476,-0.1795663749248876,0.10988413884210708,-0.14139084639754929,
1791390713.5816374,balance,-0.010603478220514457,0.0022597861177940837,-0.0199067292561422,0.13670798205251877,-0.006918284445562341,0.002384966590065402,0.15715001482910085,-0.0884186829176723,0.0,0.14442367318518706,False,-0.19474999999999934,-0.19474999999999934,-0.017298064715117863,-0.022207167474879542,0.16063647834606967,0.15970677771411335,2.11,-2.63,-0.12108645300582505,-0.15545017232415678,0.09534366378411421,-0.12240171049146203,
1791390713.5916367,balance,-0.00924586986414668,0.002561766860420884,-0.018656792454732604,0.14647651541194723,-0.007025956000520521,0.002384966590065402,0.15699516345710052,-0.09160240617336456,0.0,0.14351140493772901,False,-0.19633333333333264,-0.19633333333333264,-0.015747322112629428,-0.020030304199966296,0.16042988004171907,0.15950015942348914,2.06,-2.65,-0.110231254788406,-0.14021212939976407,0.0867962636129181,-0.11040325149587722,
1791390713.6016467,balance,-0.0076593665182078385,0.00293123757156238,-0.017123202346199233,0.154494575171117,-0.007078869237925993,0.002384966590065402,0.15691776690670556,-0.09535465053301509,0.0,0.142572921310905,False,-0.19791666666666594,-0.19791666666666594,-0.013199181272492923,-0.017799597912204455,0.16022327873945721,0.15950015942348914,2.07,-2.5500000000000003,-0.09239426890745046,-0.12459718538543119,0.07275139284051217,-0.09810801998852849,
1791390713.6116755,balance,-0.006205910737627877,0.003333401878151419,-0.015779702099663222,0.14744067229598576,-0.007188824771969943,0.002384966590065402,0.15676286253717056,-0.09781025905145688,0.0,0.14159813959767717,False,-0.19949999999999923,-0.19949999999999923,-0.012749094176247425,-0.017359969918977574,0.16001667969240208,0.15929351796548336,2.1,-2.6,-0.08924365923373198,-0.12151978943284301,0.0702705978218362,-0.09568487356916773,
1791390713.6216457,balance,-0.004862439273218234,0.0038019241163784,-0.0145478009830724,0.12711528659304286,-0.007300395119788763,0.002384966590065402,0.15660797770840607,-0.09289600533328604,0.0,0.14065399109300242,False,-0.20108333333333253,-0.20108333333333253,-0.011710880616560594,-0.01662261296768224,0.1598100831434199,0.15908687650747758,2.11,-2.59,-0.08197616431592417,-0.11635829077377567,0.06454816087868044,-0.09162070139667376,
1791390713.6316872,balance,-0.004003183782446104,0.004382987765257439,-0.013801810346137571,0.06593707534613184,-0.007413659973626065,0.002384966590065402,0.15645311525268507,-0.09338390966961505,0.0,0.13972437701840362,False,-0.20266666666666583,-0.20266666666666583,-0.014767367848111657,-0.019442266413892996,0.15960348659443768,0.15888023977430674,2.13,-2.61,-0.1033715749367816,-0.13609586489725098,0.08139494089510363,-0.1071620983442921,
1791390713.6416473,balance,-0.0034717044171060744,0.005156701198492001,-0.013383820281921404,0.05767380553339171,-0.007527149274749928,0.002384966590065402,0.15629825480806706,-0.09516660205274813,0.0,0.13877568170660304,False,-0.20424999999999913,-0.20424999999999913,-0.017616325704971014,-0.021273281953093564,0.15939684585085695,0.15867360307050454,2.17,-2.48,-0.1233142799347971,-0.14891297367165496,0.09709785821637566,-0.11725430997768106,
1791390713.651644,balance,-0.0027969911274329843,0.005805294681048768,-0.012764518161890675,0.07012294211654965,-0.007582560444392289,0.002384966590065402,0.1562208056856852,-0.08911010495077543,0.0,0.13786892436141632,False,-0.20583333333333242,-0.20583333333333242,-0.015938400265989652,-0.01928779825187579,0.1591902043928512,0.15867360307050454,2.18,-2.5100000000000002,-0.11156880186192757,-0.13501458776313052,0.08784945028498234,-0.10631069902608703,
1791390713.662457,balance,-0.002319179176270963,0.006311781602239198,-0.012461731438871118,0.011740584124099018,-0.0077575856725347545,0.002384966590065402,0.1559885785590816,-0.0937001406578388,0.0,0.13695200121150453,False,-0.20741666666666572,-0.20741666666666572,-0.018719751439435824,-0.02195403765635304,0.15877692857861173,0.15846694615029477,2.27,-2.5300000000000002,-0.13103826007605077,-0.1536782635944713,0.10317973234334706,-0.12100650676730022,
1791390713.6716504,balance,-0.0021123498173371536,0.006869632667603744,-0.012371914141667549,0.03716614774286393,-0.007874597734264993,0.002384966590065402,0.1558337636739475,-0.10024133805847432,0.0,0.1359625682146257,False,-0.20899999999999902,-0.20899999999999902,-0.020326286015355466,-0.023595789870293885,0.1585702917372026,0.15826026929167256,2.24,-2.4,-0.14228400210748826,-0.1651705290920572,0.11203464732873092,-0.13005553471815529,
1791390713.6816607,balance,-0.0015121113478642908,0.007580573979759732,-0.011830268931243936,0.09815561161166089,-0.007933190993314243,0.002384966590065402,0.15575635703269142,-0.10036620939450412,0.0,0.1349558416203599,False,-0.21058333333333232,-0.21058333333333232,-0.01713193079018852,-0.02052118709088988,0.1583636148785804,0.15826026929167256,2.24,-2.33,-0.11992351553131964,-0.14364830963622915,0.09442796498529105,-0.11310890522537728,
1791390713.6916463,balance,-0.0007847151933505726,0.00840261354986721,-0.011161524303023414,0.03734134594161762,-0.00799184251960744,0.002384966590065402,0.1556789509267052,-0.10347121944980128,0.0,0.13393589491264646,False,-0.21216666666666562,-0.21216666666666562,-0.018034755573087553,-0.020972397096987984,0.15815693801995817,0.15826026929167256,2.29,-2.2800000000000002,-0.12624328901161286,-0.1468067796789159,0.09940416457607311,-0.1155958895109574,
1791390713.7016454,balance,-0.0005604741003502624,0.008993152397146084,-0.011057035319414774,0.02573199059119725,-0.00811159462899911,0.002384966590065402,0.15552416700782803,-0.11224103500766251,0.0,0.13282491585807102,False,-0.2137499999999989,-0.2137499999999989,-0.02215104133455431,-0.024719504477190943,0.15795025872164245,0.1580535923707559,2.24,-2.2800000000000002,-0.15505728934188018,-0.17303653134033659,0.12209235381250408,-0.13624923727585558,
1791390713.711642,balance,-9.52467243824032e-05,0.009292278899749633,-0.010591807943446914,0.06830203818798208,-0.00811159462899911,0.002384966590065402,0.15552416700782803,-0.11202734609681958,0.0,0.13170395425043926,False,-0.2153333333333322,-0.2153333333333322,-0.021127465848651248,-0.023203719334087512,0.15795025872164245,0.1580535923707559,2.27,-2.11,-0.14789226094055874,-0.16242603533861258,0.11645059916579428,-0.12789451601465557,
1791390713.7216518,balance,0.00043123242313863175,0.009547715352582817,-0.010186161672577305,0.04998384971143086,-0.008232427505650536,0.002384966590065402,0.15536939521260798,-0.11683322061915495,0.0,0.13055310554515698,False,-0.2169166666666655,-0.2169166666666655,-0.021818154509326462,-0.022934313818203718,0.1577435771078928,0.15784691075700621,2.2600000000000002,-2.18,-0.15272708156528525,-0.16054019672742603,0.12025754453959468,-0.1264096037223827,
1791390713.7316535,balance,0.0010548731046026308,0.009869974161890617,-0.0097442223575612,0.05948424246883793,-0.008414128872098428,0.002384966590065402,0.15513724178379368,-0.11625418748025233,0.0,0.12938102752704383,False,-0.2184999999999988,-0.2184999999999988,-0.021561658552869827,-0.022428065655266956,0.15733017767492985,0.15764022914325657,2.2800000000000002,-2.06,-0.1509316098700888,-0.1569964595868687,0.11884378729928252,-0.12361925951721944,
1791390713.741651,balance,0.0016823890226223192,0.010083162931736292,-0.009177394467934462,0.07141463009840192,-0.008474816900491379,0.002384966590065402,0.15505985844799788,-0.1117978368705946,0.0,0.12825675866440936,False,-0.2200833333333321,-0.2200833333333321,-0.019439766817981527,-0.020546721619005847,0.15733017767492985,0.1574335290226636,2.29,-2.08,-0.13607836772587067,-0.14382705133304094,0.10714832104399266,-0.11324964671892987,
1791390713.7516482,balance,0.001986063654551805,0.010119123573262459,-0.008997874839957655,0.006632039508793508,-0.008598971904444058,0.002384966590065402,0.15490513993612848,-0.11673962162703899,0.0,0.1271071282986832,False,-0.2216666666666654,-0.2216666666666654,-0.022713744315863274,-0.023713348587980833,0.15691674111591875,0.1574335290226636,2.3000000000000003,-2.13,-0.15899621021104293,-0.16599344011586584,0.12519386630790783,-0.13070349615422508,
1791390713.761643,balance,0.00226583099894345,0.01018668839513923,-0.008842564596978167,0.028485441319817124,-0.008723429005856216,0.002384966590065402,0.154750424779763,-0.11139117072576613,0.0,0.12597967429375345,False,-0.2232499999999987,-0.2232499999999987,-0.022393033517548927,-0.023501341218809313,0.1567100193464252,0.15722681200922137,2.34,-2.16,-0.1567512346228425,-0.1645093885316652,0.12342616899436416,-0.12953495159973638,
1791390713.7716515,balance,0.0022994487468361636,0.010157562488829954,-0.008934927284663568,-0.015201998302056723,-0.008849409441434329,0.002384966590065402,0.15459573481730887,-0.1049515624205972,0.0,0.12492544180218385,False,-0.224833333333332,-0.224833333333332,-0.02459778280612146,-0.024490374197706808,0.1565032977771485,0.15702009484151344,2.37,-2.14,-0.17218447964285022,-0.17143261938394766,0.1355783304274411,-0.13498631447554935,
1791390713.781651,balance,0.0018591068411848344,0.009962099636634796,-0.009502885187200523,-0.06261978199965597,-0.008977025438319956,0.002384966590065402,0.15444107205741336,-0.11012903401283267,0.0,0.12384131092649182,False,-0.2264166666666653,-0.2264166666666653,-0.029698864927242965,-0.029000943264466658,0.15629658076370626,0.15681337307201992,2.33,-2.11,-0.20789205449070075,-0.2030066028512666,0.16369453109503995,-0.15984771878052487,
1791390713.7916543,balance,0.001303057745591756,0.009590279014483467,-0.01012283817811752,-0.033573417589652155,-0.009040929333643873,0.002384966590065402,0.1543637416220843,-0.10803150053067095,0.0,0.12275724743732908,False,-0.2279999999999986,-0.2279999999999986,-0.030874661428968223,-0.030312194673904672,0.15629658076370626,0.1566066513025264,2.33,-2.09,-0.21612263000277757,-0.2121853627173327,0.17017529921478547,-0.16707508875380528,
1791390713.8016288,balance,0.000868964424153831,0.00924559507986747,-0.010684931562241732,-0.06099060043031899,-0.009168929396330162,0.002384966590065402,0.15420908264540037,-0.10664347209982811,0.0,0.12169266983472003,False,-0.2295833333333319,-0.2295833333333319,-0.032178659627254906,-0.03148696051896372,0.156089863750264,0.15639993211144002,2.29,-2.17,-0.22525061739078434,-0.22040872363274605,0.1773626908588853,-0.1735501760887764,
1791390713.811649,balance,0.00019269262494303282,0.00891708303051116,-0.011425299720695014,-0.07898810927109026,-0.009233025755572645,0.002384966590065402,0.15413175410594598,-0.11505420148094156,0.0,0.12057305840373304,False,-0.2311666666666652,-0.2311666666666652,-0.03575284542158857,-0.03528349506073494,0.156089863750264,0.15619321509799777,2.19,-2.0300000000000002,-0.25026991795111997,-0.2469844654251446,0.1970629275205669,-0.19447595702767292,
1791390713.8216991,balance,-0.0004983017013836605,0.008484881614484126,-0.01224790528814003,-0.023450613763378446,-0.009364636996690968,0.002384966590065402,0.15397725179517324,-0.11722604081363677,0.0,0.11940042842332677,False,-0.23274999999999849,-0.23274999999999849,-0.035987965568429134,-0.03575472185523869,0.15588314411273602,0.1559864978383307,2.13,-1.99,-0.2519157589790039,-0.2502830529866708,0.19835886533779837,-0.19707327006824474,
1791390713.83164,balance,-0.0006343261953340393,0.007948875574834676,-0.01238392978209041,-0.020990256383959016,-0.009364636996690968,0.002384966590065402,0.15397725179517324,-0.12149952001944582,0.0,0.118203358976061,False,-0.23433333333333178,-0.23433333333333178,-0.03515621337739324,-0.03464369571978397,0.15588314411273602,0.1559864978383307,2.09,-2.06,-0.24609349364175268,-0.24250587003848778,0.19377440444232494,-0.19094950396731322,
1791390713.8416688,balance,-0.0005936882617873064,0.007429408837154162,-0.012476364458414439,0.02640559871398978,-0.009497709606561731,0.002384966590065402,0.1538228088575803,-0.12971461029186168,0.0,0.11692016052724152,False,-0.23591666666666508,-0.23591666666666508,-0.03415616032236352,-0.03346843054697723,0.1556764223432425,0.1557797760688372,1.96,-2.04,-0.23909312225654467,-0.2342790138288406,0.18826230098940525,-0.18447166443215793,
1791390713.8517306,balance,-0.0002505163920873307,0.006908785727373397,-0.012266532682954055,0.03173313286696775,-0.009631049700801322,0.002384966590065402,0.15366836864940606,-0.13198988743453074,0.0,0.11560306264071776,False,-0.23749999999999838,-0.23749999999999838,-0.033182843409757766,-0.032529375558179696,0.15546970086592485,0.15557305429934368,2.02,-2.07,-0.23227990386830435,-0.22770562890725787,0.18289756210102706,-0.17929577079311643,
1791390713.8616583,balance,-0.00020891319682361955,0.006371815467045348,-0.012291700092119587,-0.0018610637023711055,-0.009697820305230566,0.002384966590065402,0.15359114957142395,-0.1376222341038613,0.0,0.11424327964307941,False,-0.23908333333333168,-0.23908333333333168,-0.03657188490741226,-0.03538975236922724,0.15546970086592485,0.1553663352002164,2.0300000000000002,-2.06,-0.25600319435188584,-0.24772826658459068,0.2015773183873117,-0.19506162723196116,
1791390713.8716657,balance,-0.00019630013076733923,0.005817737147533289,-0.012412829852628164,0.004868520847709328,-0.009831563131795423,0.002384966590065402,0.1534367134728338,-0.141303788226581,0.0,0.11283725409483338,False,-0.24066666666666497,-0.24066666666666497,-0.03844284290922167,-0.03682044327374648,0.15526298385248263,0.15515961818677418,2.0,-2.09,-0.26909990036455167,-0.2577431029162254,0.21188968532641864,-0.20294732513088612,
1791390713.8816454,balance,-3.842840266549422e-05,0.0052264900427395865,-0.012390049968808808,0.009239021196576871,-0.009966654976077911,0.002384966590065402,0.15328225810582402,-0.1456442288492129,0.0,0.11139781236981339,False,-0.24224999999999827,-0.24224999999999827,-0.03950911809990666,-0.03707554765621897,0.15505626683904042,0.154952900835148,2.0300000000000002,-2.13,-0.27656382669934665,-0.2595288335935328,0.2177667926766509,-0.20435341227837228,
1791390713.8916483,balance,0.00018390874399646975,0.004503045996826925,-0.012375953368234107,0.033517755131167414,-0.010174895522165175,0.002384966590065402,0.15305047678433223,-0.14863379214263536,0.0,0.10991607197329864,False,-0.24383333333333157,-0.24383333333333157,-0.03955408079418573,-0.03665811239048254,0.15484954710955331,0.15453945729616092,1.95,-2.18,-0.2768785655593001,-0.2566067867333778,0.21801461855063,-0.2020525879790376,
1791390713.901647,balance,0.0006216045593929732,0.003667858699196181,-0.012077465590376162,0.05767164999633334,-0.010314103559703733,0.002384966590065402,0.15289595898592342,-0.15637124187065005,0.0,0.1083756479394447,False,-0.24541666666666487,-0.24541666666666487,-0.038847915137029745,-0.03568005377476813,0.15464282534005977,0.1543327382889928,1.99,-2.29,-0.27193540595920823,-0.2497603764233769,0.21412236689701436,-0.19666171371919441,
1791390713.9116457,balance,0.001198338185055963,0.002999944123135709,-0.01171137041622377,0.06105995390780641,-0.010524742011214332,0.002384966590065402,0.1526641917293029,-0.16142776114790652,0.0,0.10676554489154495,False,-0.24699999999999817,-0.24699999999999817,-0.03882680173873193,-0.035702207894595106,0.15443610395470128,0.15391930746369953,2.0,-2.29,-0.2717876121711235,-0.24991545526216574,0.21400599383553032,-0.1967838230410754,
1791390713.921649,balance,0.0017986965516127735,0.0022701461749199676,-0.011253635734140134,0.05305330684606619,-0.010667365695687506,0.002384966590065402,0.15250968952684887,-0.16336126874338344,0.0,0.10513861116789229,False,-0.24858333333333146,-0.24858333333333146,-0.03928252023290311,-0.03609783191597779,0.154229386941259,0.15371262584994988,2.0100000000000002,-2.43,-0.27497764163032173,-0.2526848234118445,0.21651782805537145,-0.19896442788334212,
1791390713.9317245,balance,0.002244184443891438,0.0016041219461076952,-0.011023982373504004,0.04777183381576687,-0.01088320022733004,0.002384966590065402,0.15227794616388235,-0.1668406740644039,0.0,0.10346932708735564,False,-0.25016666666666476,-0.25016666666666476,-0.04090405438442423,-0.03746998296068755,0.1540226699278168,0.15329926547618067,2.05,-2.43,-0.2863283806909696,-0.26228988072481285,0.2254554178669052,-0.20652746513764791,
1791390713.941645,balance,0.0026126318366467673,0.0007263106386167668,-0.01072853058103895,0.012555086347801394,-0.010956195827620314,0.002384966590065402,0.15220070270536823,-0.1731696580199767,0.0,0.10175534836243848,False,-0.25174999999999803,-0.25174999999999803,-0.043768549904817634,-0.03991222686121226,0.1540226699278168,0.15309258861755845,1.97,-2.48,-0.3063798493337234,-0.27938558802848584,0.24124397585332552,-0.21998865199093373,
1791390713.9516418,balance,0.002877301301171286,-0.00011789581422997909,-0.010686263178165687,0.060675224476464076,-0.011178597889271571,0.002384966590065402,0.15196900940678792,-0.1757181187239671,0.0,0.10000229229441397,False,-0.25333333333333136,-0.25333333333333136,-0.04372334542239025,-0.03967961857482539,0.15381597381458612,0.1526792296231858,1.93,-2.59,-0.30606341795673175,-0.2777573300237777,0.24099481728876515,-0.21870655907384073,
1791390713.9616473,balance,0.0036040976906100823,-0.0009630624205606784,-0.010108176003550776,0.07991997367347506,-0.011327307104095456,0.002384966590065402,0.15181455179928624,-0.18516557664871042,0.0,0.09816710597418132,False,-0.2549166666666646,-0.2549166666666646,-0.04249285682504929,-0.03891795869621928,0.15360929220083647,0.15247254800943616,1.83,-2.6,-0.29744999777534503,-0.27242571087353495,0.23421259667350003,-0.21450843375868894,
1791390713.9716518,balance,0.004775263577735856,-0.0015200714882537684,-0.009012501800088361,0.15016041943246164,-0.011402798787758815,0.002384966590065402,0.15173733522688115,-0.18855031665547733,0.0,0.09627789287087377,False,-0.25649999999999795,-0.25649999999999795,-0.03760621258946531,-0.034866548535091454,0.15360929220083647,0.15226586934135783,1.82,-2.52,-0.2632434881262572,-0.24406583974564017,0.20727833710728913,-0.1921778265713702,
1791390713.9816473,balance,0.006069565242135905,-0.002250977521599217,-0.007793768690930226,0.11597979330392125,-0.011478367343000728,0.002384966590065402,0.1516601195201068,-0.19001638068503982,0.0,0.0943805438032227,False,-0.2580833333333312,-0.2580833333333312,-0.03640288284044449,-0.033874372241456036,0.15360929220083647,0.1520591924827356,1.7,-2.57,-0.25482017988311145,-0.23712060569019225,0.20064581093158382,-0.18670913833873407,
1791390713.9916475,balance,0.007231917909547878,-0.002865466795558486,-0.0067819024938265225,0.10023540822538353,-0.011628853813308998,0.002384966590065402,0.15150573923003804,-0.19691374867085942,0.0,0.09243065336004622,False,-0.25966666666666455,-0.25966666666666455,-0.037479300029238806,-0.03447739488771487,0.1534026110630885,0.1518525253793145,1.6,-2.57,-0.2623551002046716,-0.24134176421400408,0.20657881905879655,-0.19003288520787723,
1791390714.001629,balance,0.0081159181214433,-0.003276665296267364,-0.005976137776401727,0.10325110723105371,-0.011707089307779625,0.002384966590065402,0.1514286731271832,-0.1956917477624656,0.0,0.09046591706379432,False,-0.2612499999999978,-0.2612499999999978,-0.038376182199395266,-0.034977054302424274,0.1534026110630885,0.1516459240770526,1.58,-2.59,-0.26863327539576687,-0.24483938011696993,0.21152226409115502,-0.19278691347792906,
1791390714.01164,balance,0.009035096479051978,-0.0037387702865418096,-0.005135274585603637,0.08288105814766007,-0.011785404474590214,0.002384966590065402,0.15135160795213576,-0.19811911181837347,0.0,0.08848176525350641,False,-0.26283333333333114,-0.26283333333333114,-0.039531245905669435,-0.035531660003366716,0.1534026110630885,0.15143932277479072,1.47,-2.62,-0.27671872133968606,-0.248721620023567,0.2178887569603827,-0.19584379529414725,
1791390714.0216513,balance,0.00991831895006012,-0.004146870661660542,-0.004404428030223586,0.0884401027092707,-0.011937780390218304,0.002384966590065402,0.1511973111876502,-0.19836587121254012,0.0,0.08649243984139073,False,-0.2644166666666644,-0.2644166666666644,-0.0387446211667869,-0.03506045665542339,0.15319593420446628,0.15123269885774804,1.43,-2.62,-0.2712123481675083,-0.24542319658796374,0.21355303005315612,-0.19324661148658562,
1791390714.0337412,balance,0.01140760067214345,-0.004748551337617373,-0.002993699014095788,0.08512133250075582,-0.012016333096173837,0.002384966590065402,0.15112024875117,-0.19709075285391237,0.0,0.08354450427283583,False,-0.2667916666666645,-0.2667916666666645,-0.0366647882851612,-0.03401212111240147,0.15319593420446628,0.15102606215394582,1.32,-2.58,-0.2566535179961284,-0.23808484778681027,0.20208938424892,-0.18746838408410257,
1791390714.0416489,balance,0.011757610475074069,-0.004832726170162619,-0.0026436892111651703,0.08825885387516666,-0.012016333096173837,0.002384966590065402,0.15112024875117,-0.1966492488709224,0.0,0.08256125802848122,False,-0.267583333333331,-0.267583333333331,-0.03611329619544577,-0.03375928787888535,0.15319593420446628,0.15102606215394582,1.31,-2.65,-0.25279307336812035,-0.23631501515219747,0.1990496640693861,-0.18607481508047044,
1791390714.0516467,balance,0.012596806786980094,-0.004871500659349476,-0.0019585561160899924,0.07576604142096355,-0.012170396313004685,0.002384966590065402,0.15096594588266576,-0.1973277150411292,0.0,0.08059510008102815,False,-0.26916666666666433,-0.26916666666666433,-0.036102470032861926,-0.03393214014485933,0.15298925734584407,0.1508194366663779,1.27,-2.63,-0.2527172902300335,-0.2375249810140153,0.19898999230711298,-0.18702754410552386,
1791390714.0616333,balance,0.01336788716803207,-0.004685925816053995,-0.0012637823268260785,0.06928686706756394,-0.012246702904792746,0.002384966590065402,0.15088873855952062,-0.1941931235655663,0.0,0.07864974101391661,False,-0.2707499999999976,-0.2707499999999976,-0.0359056527078466,-0.0334497355589735,0.15278257758782204,0.1508194366663779,1.28,-2.52,-0.25133956895492615,-0.2341481489128145,0.19790517240545366,-0.18436862119119252,
1791390714.0716405,balance,0.013813314719302748,-0.004714708520695394,-0.0010578508237300784,0.026081456694794728,-0.012486198952967424,0.002384966590065402,0.15065737035006035,-0.19145734410387286,0.0,0.07672661170360019,False,-0.27233333333333093,-0.27233333333333093,-0.03780803412887595,-0.03533564538990089,0.1525758959740724,0.15040631437334187,1.21,-2.57,-0.26465623890213164,-0.24734951772930622,0.20839073929301705,-0.19476339978685528,
1791390714.0816376,balance,0.01388676105949645,-0.004890763736692143,-0.0009844044835363758,0.00018123328601745477,-0.012486198952967424,0.002384966590065402,0.15065737035006035,-0.1902780377259139,0.0,0.07483153012620128,False,-0.2739166666666642,-0.2739166666666642,-0.039719068675508805,-0.038215485836561126,0.1525758959740724,0.15040631437334187,1.24,-2.56,-0.27803348072856165,-0.26750840085592786,0.2189240005736706,-0.21063653610702981,
1791390714.0916498,balance,0.013660659532047472,-0.004757100071040329,-0.0014457395014703827,-0.037396959422170424,-0.012721432443452453,0.002384966590065402,0.1504258870540067,-0.18900162465189266,0.0,0.07294142657367093,False,-0.2754999999999975,-0.2754999999999975,-0.04260097293222027,-0.04217894066002917,0.15216253806964342,0.15019978278216742,1.24,-2.6,-0.2982068105255419,-0.2952525846202042,0.23480851222483612,-0.232482350094649,
1791390714.101682,balance,0.013402873213258408,-0.004380012013778056,-0.0018624188595206454,-0.026266818364518548,-0.012880325482713652,0.002384966590065402,0.1502716107833744,-0.18790736026249397,0.0,0.07106307573053935,False,-0.2770833333333308,-0.2770833333333308,-0.043075446337264324,-0.04363741811599291,0.15195586121102123,0.14999326654282527,1.25,-2.6,-0.30152812436085025,-0.30546192681195034,0.2374237199691734,-0.24052120221413412,
1791390714.1116478,balance,0.013215113955688822,-0.004264939865730776,-0.002133320069769211,0.010428034230580379,-0.012963467435392631,0.002384966590065402,0.15019462543073708,-0.18970761425714355,0.0,0.06917111783875131,False,-0.2786666666666641,-0.2786666666666641,-0.042348107971673966,-0.043526221471158054,0.15195586121102123,0.14978674950627863,1.24,-2.57,-0.29643675580171774,-0.3046835502981064,0.23341476834780925,-0.2399083073213436,
1791390714.1216486,balance,0.013377683087000316,-0.004236755633277527,-0.0021347757393834163,0.004925697646192573,-0.01312749223631833,0.002384966590065402,0.1500406857802551,-0.19331267123763643,0.0,0.06723968804369888,False,-0.2802499999999974,-0.2802499999999974,-0.04219993981749806,-0.04309890127471226,0.1517492318831636,0.14958022851550448,1.24,-2.56,-0.29539957872248646,-0.3016923089229858,0.23259809348227278,-0.23755299915195732,
1791390714.1321752,balance,0.01366025952187804,-0.004012656386365576,-0.0019319691666331734,0.03612008223853072,-0.013207262098445811,0.002384966590065402,0.14996363753214592,-0.19375476749687714,0.0,0.06529859877332898,False,-0.2818333333333307,-0.2818333333333307,-0.04074239132227034,-0.04114928613780496,0.15154263058090173,0.14958022851550448,1.1400000000000001,-2.46,-0.2851967392558924,-0.28804500296463476,0.2245643616188129,-0.2268070889485313,
1791390714.1416464,balance,0.013640211988417953,-0.0037464201980870445,-0.0020366581357497125,-6.914145275552257e-05,-0.013291903534102263,0.002384966590065402,0.14988675315002398,-0.19557303857969796,0.0,0.06334545294013917,False,-0.283416666666664,-0.283416666666664,-0.043125295375922676,-0.043224026889717125,0.15154263058090173,0.14937370752473036,1.1400000000000001,-2.46,-0.3018770676314587,-0.3025681882280199,0.2376984784499675,-0.23824266789607865,
1791390714.1516426,balance,0.013572094176833725,-0.0036247524097414,-0.002269525286292967,-0.022054562131910434,-0.01345665287306129,0.002384966590065402,0.14973282457972334,-0.20446947099513574,0.0,0.061329120292385485,False,-0.2849999999999973,-0.2849999999999973,-0.0465995652654925,-0.04638942418844169,0.15133602436585522,0.14916724416097693,1.1300000000000001,-2.34,-0.3261969568584475,-0.3247259693190918,0.25684799752633664,-0.2556897396213321,
1791390714.1616504,balance,0.013566408501414282,-0.003660765382118517,-0.002355314379214975,0.033684213883923494,-0.013536756290563855,0.002384966590065402,0.14965578027640897,-0.21136068162753216,0.0,0.05922506517385735,False,-0.2865833333333306,-0.2865833333333306,-0.047309928860779074,-0.0465981780094798,0.151129387662053,0.14916724416097693,1.08,-2.32,-0.33116950202545353,-0.3261872460663586,0.260763387421617,-0.25684035123335325,
1791390714.1716423,balance,0.013938315575025827,-0.003597842638947897,-0.002068392302891456,0.04206107775343701,-0.013621741287851881,0.002384966590065402,0.14957890008188715,-0.21886342040880616,0.0,0.057046320554807295,False,-0.2881666666666639,-0.2881666666666639,-0.047466619998605915,-0.04591363369928138,0.151129387662053,0.1489608082312748,1.0,-2.27,-0.3322663399902414,-0.32139543589496966,0.2616270393623948,-0.25306727235824383,
1791390714.1816475,balance,0.014463771275066862,-0.0035752657163022126,-0.0016232075684876513,0.06082272357121938,-0.013702012253489111,0.002384966590065402,0.14950185776020736,-0.22655294091312103,0.0,0.054806485745899476,False,-0.2897499999999972,-0.2897499999999972,-0.04763443373293413,-0.044633400328507995,0.1509227509582508,0.1489608082312748,0.9400000000000001,-2.25,-0.3334410361305389,-0.312433802299556,0.2625519969531802,-0.2460108679524063,
1791390714.191651,balance,0.014786626932074437,-0.003523782166082811,-0.0014698906433859836,0.025131871797651813,-0.013871550985395019,0.002384966590065402,0.14934791105941747,-0.23315079521319246,0.0,0.05250422116849108,False,-0.2913333333333305,-0.2913333333333305,-0.05135671338126631,-0.046946961175240366,0.15071616324670828,0.14875437141284412,0.9500000000000001,-2.32,-0.3594969936688642,-0.32862872822668254,0.28306849895186154,-0.2587627781312461,
1791390714.2016497,balance,0.015024897827815686,-0.003779778464756071,-0.001319929740229105,0.029395763688475293,-0.01395986097797939,0.002384966590065402,0.14927102358678598,-0.24425507645617034,0.0,0.050091571092394704,False,-0.29291666666666377,-0.29291666666666377,-0.05480748428306935,-0.04983080046460732,0.15071616324670828,0.14854793073355774,0.91,-2.31,-0.38365238998148543,-0.34881560325225125,0.3020884960484137,-0.27465795531673326,
1791390714.2116528,balance,0.01537097486782762,-0.004278730167040948,-0.0011455226767405125,0.036304166043626365,-0.01413153095450273,0.002384966590065402,0.14911707699619306,-0.2512069323229973,0.0,0.047590371048995946,False,-0.2944999999999971,-0.2944999999999971,-0.05634886647832475,-0.05206669764705958,0.1505096021001903,0.14834149005427136,0.81,-2.14,-0.39444206534827325,-0.3644668835294171,0.3105843034238372,-0.2869817980546591,
1791390714.221649,balance,0.015802803896296333,-0.004758660573462701,-0.0008022745312717063,0.05809287166627871,-0.014220111837502637,0.002384966590065402,0.14904019295591864,-0.254257296232678,0.0,0.04505400255946489,False,-0.29608333333333064,-0.29608333333333064,-0.055715996913166886,-0.05195012396210022,0.1505096021001903,0.14813510864538953,0.87,-2.22,-0.3900119783921682,-0.36365086773470157,0.3070960459780852,-0.2863392659328359,
1791390714.2316394,balance,0.016323531227727867,-0.005274019426970738,-0.0004537524170522213,0.05094392381079168,-0.014392317054714686,0.002384966590065402,0.14888625304298184,-0.26396667872649376,0.0,0.042424236297768834,False,-0.2976666666666637,-0.2976666666666637,-0.05759268531645965,-0.053658197604618464,0.15030304805387268,0.14792875302532746,0.8300000000000001,-2.22,-0.4031487972152175,-0.37560738323232923,0.3174399978072579,-0.29575384506482616,
1791390714.2416396,balance,0.017093575057148595,-0.00599745194951678,0.00014271904087858082,0.08699419201490065,-0.014565889426204612,0.002384966590065402,0.1487323200811787,-0.2686870261366926,0.0,0.039732881596049596,False,-0.29924999999999696,-0.29924999999999696,-0.056344935789221305,-0.05198400946455302,0.15009653181453053,0.14772240471533032,0.78,-2.23,-0.39441455052454916,-0.36388806625187115,0.31056263820830643,-0.28652603641879615,
1791390714.2516408,balance,0.018084935875826377,-0.007004283259696514,0.0010429367915852877,0.11196893870498122,-0.014657032494175687,0.002384966590065402,0.14865544708367032,-0.2669597840657007,0.0,0.037061276588615376,False,-0.3008333333333305,-0.3008333333333305,-0.054189697699000935,-0.048854408956339704,0.15009653181453053,0.14751608450327558,0.6900000000000001,-2.23,-0.37932788389300653,-0.34198086269437794,0.29868337314409965,-0.2692762698380929,
1791390714.261631,balance,0.019185254981126082,-0.00818222489871145,0.0019680411661874976,0.10739449647589927,-0.014832247224873182,0.002384966590065402,0.14850152375647221,-0.2681239569760534,0.0,0.03437570639297787,False,-0.30241666666666356,-0.30241666666666356,-0.053314303399100094,-0.04663996580580364,0.14989001557518838,0.14730976429122083,0.58,-2.2600000000000002,-0.37320012379370066,-0.32647976064062545,0.2938583651918903,-0.2570706776697838,
1791390714.2716467,balance,0.020314647240274007,-0.009348770722892984,0.003006010683060965,0.12250735716437833,-0.01492366996714764,0.002384966590065402,0.1484246543733801,-0.27585021398641557,0.0,0.03163905534218164,False,-0.3039999999999969,-0.3039999999999969,-0.05308262969629819,-0.045633366733318394,0.14989001557518838,0.14710350499222144,0.55,-2.24,-0.37157840787408736,-0.31943356713322874,0.29258142352290345,-0.2515224938056919,
1791390714.2816372,balance,0.021609746963394082,-0.010634814015508563,0.004209592919613748,0.12752500695400495,-0.015015187453714933,0.002384966590065402,0.1483477862321244,-0.2841122927583889,0.0,0.028833914468700907,False,-0.30558333333333043,-0.30558333333333043,-0.05266411417667369,-0.04496572831448401,0.14989001557518838,0.14689726983661938,0.44,-2.24,-0.3686487992367158,-0.31476009820138806,0.29027464506828016,-0.24784259700896696,
1791390714.291647,balance,0.022828306295041515,-0.011854069678553396,0.0052486776073039955,0.11097960586582131,-0.015194662097672118,0.002384966590065402,0.14819411669342006,-0.2823594976084109,0.0,0.026025166591606676,False,-0.3071666666666635,-0.3071666666666635,-0.05298839354009865,-0.044711499898187235,0.1496834961630903,0.14669104267632838,0.38,-2.2600000000000002,-0.37091875478069053,-0.31298049928731064,0.292062011638339,-0.24644133802150445,
1791390714.302433,balance,0.023839801734000597,-0.012956631759159927,0.00616563414667675,0.09754235859112423,-0.015289200997258445,0.002384966590065402,0.14811737981901257,-0.28081973164474394,0.0,0.02322805281484051,False,-0.30874999999999675,-0.30874999999999675,-0.053708893449983544,-0.04458612900800008,0.1496834961630903,0.1464848429315053,0.34,-2.3000000000000003,-0.3759622541498848,-0.3121029030560006,0.29603327098416127,-0.2457503173669296,
1791390714.3116453,balance,0.02475316760116289,-0.014174688090968668,0.006897490866830308,0.07845649197318764,-0.01547071014426718,0.002384966590065402,0.14796378770459856,-0.2734277562712634,0.0,0.020485110405521423,False,-0.3103333333333303,-0.3103333333333303,-0.05366123788597541,-0.04410304431883021,0.14947697517231615,0.1462786431866822,0.37,-2.46,-0.37562866520182786,-0.3087213102318115,0.2957706025211243,-0.24308764585182005,
1791390714.321657,balance,0.025646126441880933,-0.015517987360492997,0.007695620333609154,0.08491232265023871,-0.015565539518206377,0.002384966590065402,0.14788705470161345,-0.2658410650786318,0.0,0.01780419526051747,False,-0.31191666666666334,-0.31191666666666334,-0.05178751861824929,-0.042588470443501475,0.14947697517231615,0.14607250599745802,0.24,-2.44,-0.36251263032774506,-0.29811929310451035,0.28544301600609845,-0.2347396008696932,
1791390714.331667,balance,0.026516082928497702,-0.01698153409182203,0.00847064898929965,0.09084869613018122,-0.01566046734913265,0.002384966590065402,0.14781032302989977,-0.2584274575732387,0.0,0.015215122127397495,False,-0.3134999999999969,-0.3134999999999969,-0.04883256497738313,-0.04040321075755365,0.14947697517231615,0.14586639130631604,0.13,-2.43,-0.3418279548416819,-0.2828224753028755,0.2691558699540802,-0.22269486244320907,
1791390714.3416615,balance,0.027002292862221406,-0.017829797170750044,0.00867597230686493,0.08041147859272828,-0.015941353965291075,0.002384966590065402,0.1475801845686859,-0.2571625444023024,0.0,0.012646150104880762,False,-0.3150833333333302,-0.3150833333333302,-0.04772632477326894,-0.03974749703600704,0.1492704692750809,0.14545420601824688,0.15,-2.43,-0.3340842734128826,-0.27823247925204925,0.26305848300226975,-0.2190806923244482,
1791390714.3516588,balance,0.02822873684713872,-0.01939205993929685,0.009902416291782245,0.08154012586684929,-0.015941353965291075,0.002384966590065402,0.1475801845686859,-0.2499141364450742,0.0,0.010130852065032123,False,-0.31666666666666327,-0.31666666666666327,-0.044721820299514554,-0.037745807331707126,0.1492704692750809,0.14545420601824688,0.03,-2.44,-0.3130527420966019,-0.2642206513219499,0.24649822212330857,-0.20804775694641722,
1791390714.3617015,balance,0.029008404515908737,-0.020415249192317374,0.010399125217558213,0.07920800213337292,-0.016224312708285123,0.002384966590065402,0.1473501181008615,-0.2342816962336104,0.0,0.0077533090181150215,False,-0.3182499999999968,-0.3182499999999968,-0.04133238829179005,-0.035348484437946796,0.14906403334537877,0.14504214197071702,0.05,-2.45,-0.28932671804253035,-0.24743939106562757,0.22781631341931524,-0.19483416619340754,
1791390714.3716452,balance,0.0298171976535707,-0.021584610446632794,0.011207918355220177,0.07420171835380589,-0.016224312708285123,0.002384966590065402,0.1473501181008615,-0.22016193981095378,0.0,0.005520708704430117,False,-0.3198333333333301,-0.3198333333333301,-0.036922717241465015,-0.032058634689469935,0.14906403334537877,0.14504214197071702,-0.05,-2.42,-0.2584590206902551,-0.22441044282628955,0.2035110399135867,-0.17670113608369256,
1791390714.3816667,balance,0.03042470137316613,-0.022723389707421594,0.011530230663516577,0.04962708769451714,-0.01650950411958415,0.002384966590065402,0.14712006855608623,-0.20959548320094318,0.0,0.0034007635365960235,False,-0.3214166666666634,-0.3214166666666634,-0.034752235385804346,-0.030997916294780426,0.14885759741567667,0.1446302431933622,-0.03,-2.5,-0.24326564770063042,-0.21698541406346297,0.1915477540949846,-0.17085465674288422,
1791390714.39165,balance,0.030928305880018728,-0.02363098715959769,0.011841740718998461,0.040269843502142216,-0.016701598570954865,0.002384966590065402,0.14696662605669403,-0.19569146858079567,0.0,0.001407355663867593,False,-0.3229999999999967,-0.3229999999999967,-0.03197852211275577,-0.029193857475318153,0.14865115822261832,0.14442432453874626,-0.05,-2.46,-0.22384965478929042,-0.20435700232722706,0.17625957070022868,-0.1609110254545095,
1791390714.401687,balance,0.031017154742819134,-0.024386108460888352,0.011738032468287026,-0.013168786220085995,-0.016894155684466707,0.002384966590065402,0.14681318878503044,-0.1837479118763768,0.0,-0.00046466626254501885,False,-0.32458333333333,-0.32458333333333,-0.032619550227426665,-0.03087251110341405,0.14844471754333194,0.14421840588413035,-0.16,-2.45,-0.22833685159198666,-0.21610757772389835,0.17979279652912336,-0.17016344702669162,
1791390714.411672,balance,0.030686211664651342,-0.02524568402929595,0.011305649093262257,-0.0453710086212018,-0.016995595981323684,0.002384966590065402,0.14673660285214074,-0.16707906393395194,0.0,-0.0021744459084473734,False,-0.3261666666666633,-0.3261666666666633,-0.03235227083975348,-0.031434488636751155,0.14844471754333194,0.14401255306916377,-0.18,-2.46,-0.22646589587827434,-0.22004142045725808,0.17831960305375932,-0.173260960989967,
1791390714.421646,balance,0.0301696469019873,-0.025970293579761702,0.010697564609780427,-0.05628889242696355,-0.01708711570214147,0.002384966590065402,0.14665975696833192,-0.15480420072602014,0.0,-0.003762893928936015,False,-0.3277499999999966,-0.3277499999999966,-0.03139841722131905,-0.031454468873310035,0.1482382936018922,0.14401255306916377,-0.13,-2.46,-0.21978892054923335,-0.22018128211317023,0.17306214216475066,-0.17337108827808678,
1791390714.4320605,balance,0.029704554112793546,-0.02645283250514856,0.0100391076472914,-0.0545416381372064,-0.017280479875436745,0.002384966590065402,0.146506330623737,-0.1411538971166076,0.0,-0.005214097273140081,False,-0.32933333333332987,-0.32933333333332987,-0.029095830968957983,-0.029974917312827216,0.14803193798183012,0.14380671946176188,-0.23,-2.45,-0.20367081678270588,-0.2098244211897905,0.16037072187614634,-0.1652160796770004,
1791390714.4416459,balance,0.028842295184182087,-0.026868555766403287,0.008981647774487355,-0.1078542860245555,-0.01747568081962933,0.002384966590065402,0.14635297213719364,-0.13938314422752185,0.0,-0.00661040717127709,False,-0.3309166666666632,-0.3309166666666632,-0.03179019827194345,-0.03305372978282882,0.14782558236176804,0.14360091869815597,-0.21,-2.3000000000000003,-0.22253138790360416,-0.23137610847980172,0.17522156527842847,-0.18218591218882024,
1791390714.4516437,balance,0.02769355402729434,-0.0271504245421604,0.007738795915669613,-0.09694375100082875,-0.017569791521559325,0.002384966590065402,0.14627613879385445,-0.12887192319270938,0.0,-0.007926468244445825,False,-0.33249999999999647,-0.33249999999999647,-0.03282197914021293,-0.03383777413546138,0.14761925175454835,0.14360091869815597,-0.12,-2.2800000000000002,-0.22975385398149054,-0.23686441894822965,0.18090854644211854,-0.186507416494669,
1791390714.461634,balance,0.026480354599460697,-0.027284570539976172,0.006525596487835971,-0.14660489438614813,-0.017569791521559325,0.002384966590065402,0.14627613879385445,-0.11683568298976735,0.0,-0.009120038001843005,False,-0.3340833333333298,-0.3340833333333298,-0.0349622057098571,-0.03500577807709588,0.14761925175454835,0.14360091869815597,-0.26,-2.19,-0.2447354399689997,-0.24504044653967116,0.19270507084173205,-0.19294523349580406,
1791390714.471647,balance,0.024875959606310193,-0.027476452559236246,0.004826948155521198,-0.17580260975028772,-0.017664044860723593,0.002384966590065402,0.14619930687467603,-0.1161866790560951,0.0,-0.010279191683896044,False,-0.33566666666666306,-0.33566666666666306,-0.03876902580728902,-0.03875447244553841,0.1474129315424936,0.14360091869815597,-0.2,-2.0300000000000002,-0.2713831806510231,-0.27128130711876886,0.21368754381970326,-0.21360732843997549,
1791390714.4816475,balance,0.023540565925117572,-0.027508380520811417,0.0033972020182608527,-0.10009947668926739,-0.017758397316791318,0.002384966590065402,0.14612247625565308,-0.10609065788230397,0.0,-0.011355758405330079,False,-0.3372499999999964,-0.3372499999999964,-0.03512586882382995,-0.03580290770092999,0.1472066297123222,0.14360091869815597,-0.32,-1.8900000000000001,-0.24588108176680967,-0.25062035390650994,0.19360715099748793,-0.19733886134370862,
1791390714.4916496,balance,0.022504279599479097,-0.027509723280888913,0.0022664639649043502,-0.11170819120024317,-0.017852849044509345,0.002384966590065402,0.1460456469388374,-0.09990576296995096,0.0,-0.01236489148845256,False,-0.33883333333332966,-0.33883333333332966,-0.03349026201477349,-0.03507293464778697,0.14700039455672015,0.14360091869815597,-0.34,-1.77,-0.23443183410341442,-0.2455105425345088,0.18459199535701923,-0.19331538782244787,
1791390714.5016747,balance,0.021143655906270604,-0.027430821771805055,0.0008003740566043453,-0.14177721389936748,-0.017958315259600857,0.002384966590065402,0.14596920547502643,-0.10414250398094042,0.0,-0.013394847490453853,False,-0.340416666666663,-0.340416666666663,-0.036564288720455404,-0.03928493603958924,0.14700039455672015,0.14339520082225946,-0.36,-1.69,-0.2559500210431878,-0.27499455227712466,0.20153544964030537,-0.216531143525295,
1791390714.5116422,balance,0.019889056081774,-0.02734582614802048,-0.0005488820014452754,-0.09937063148971641,-0.018052971493153873,0.002384966590065402,0.14589237891960435,-0.10681199023011864,0.0,-0.014469474846668946,False,-0.34199999999999625,-0.34199999999999625,-0.03702396230345798,-0.04079176578594482,0.1467941594011181,0.14339520082225946,-0.3,-1.7,-0.25916773612420585,-0.28554236050161375,0.2040690835623668,-0.22483650433197933,
1791390714.521697,balance,0.01901626330309459,-0.027013100974596898,-0.0015191541525460543,-0.09197624514325517,-0.018150450865575242,0.002384966590065402,0.1458156798366039,-0.0985223764542209,0.0,-0.015478706428035362,False,-0.3435833333333296,-0.3435833333333296,-0.03528002658470316,-0.039097238342730295,0.14658794994499025,0.14339520082225946,-0.28,-1.6300000000000001,-0.2469601860929221,-0.2736806683991121,0.19445683944324577,-0.21549658929063945,
1791390714.5316653,balance,0.018187262523880615,-0.02666429191998047,-0.002551688243054955,-0.07288438697043036,-0.018353984176870168,0.002384966590065402,0.1456625493513016,-0.09941443304534732,0.0,-0.0164682225536741,False,-0.34516666666666285,-0.34516666666666285,-0.03484196339633506,-0.03870890424440654,0.14638175020016714,0.1431894829463629,-0.25,-1.7,-0.24389374377434542,-0.2709623297108458,0.19204231793255544,-0.2133561651266502,
1791390714.5416472,balance,0.017693481424125728,-0.02637653135818861,-0.003249431032401381,-0.011763360749992109,-0.018557945866461707,0.002384966590065402,0.14550942491288854,-0.10226811815774006,0.0,-0.017490610842565615,False,-0.3467499999999962,-0.3467499999999962,-0.03168871237430051,-0.03643807708717241,0.14617557048115684,0.1429838006884345,-0.22,-1.7,-0.22182098662010355,-0.25506653961020687,0.1746621941890579,-0.20083979496866683,
1791390714.5516553,balance,0.017745766384652063,-0.025934066124327824,-0.003499806862137044,0.007198013079386593,-0.018860606656723705,0.002384966590065402,0.14527962015153134,-0.0972091611387972,0.0,-0.018473977655414555,False,-0.34833333333332944,-0.34833333333332944,-0.028690195887319445,-0.03309023346312645,0.14576334109887285,0.14277812770031267,-0.17,-1.61,-0.20083137121123612,-0.23163163424188515,0.15813493796160324,-0.1823871135762875,
1791390714.5616343,balance,0.017601978517620687,-0.02530286777634924,-0.0038519259485281583,-0.019902444419162106,-0.019068937876083443,0.002384966590065402,0.14512668067670784,-0.08909499193423272,0.0,-0.0193779900284433,False,-0.34991666666666277,-0.34991666666666277,-0.028070070481326533,-0.032775467865655626,0.14555725279394402,0.1425725034004281,-0.28,-1.82,-0.19649049336928573,-0.22942827505958938,0.1547169239128234,-0.18065218508629086,
1791390714.571652,balance,0.017365120306806262,-0.024591323999111993,-0.004407818909613673,-0.022289631968661922,-0.019387972626354534,0.002384966590065402,0.14489750596050668,-0.09530843953357226,0.0,-0.020315719949011657,False,-0.35149999999999604,-0.35149999999999604,-0.029100874587440873,-0.03499688472025507,0.14535117351635254,0.1421614786627446,-0.27,-1.81,-0.2037061221120861,-0.24497819304178547,0.1603985213480993,-0.19289621499353188,
1791390714.5816598,balance,0.01732031716835358,-0.023589365946534675,-0.004561852891828835,0.016701136871536387,-0.019497203470117012,0.002384966590065402,0.14482120372384946,-0.09352889993071924,0.0,-0.021246726887140664,False,-0.35308333333332936,-0.35308333333332936,-0.027137763370671718,-0.03400834801603708,0.14535117351635254,0.14195599508813733,-0.25,-1.94,-0.18996434359470202,-0.23805843611225957,0.14957822330291498,-0.18744758748996818,
1791390714.5916698,balance,0.01761307179588275,-0.02237692103372392,-0.004692202813471588,0.048560694436665726,-0.019920308019288936,0.002384966590065402,0.14451553106253223,-0.09132815917600261,0.0,-0.02217196869956555,False,-0.35466666666666263,-0.35466666666666263,-0.023965372855868982,-0.031810116726212756,0.14493917206735132,0.14154508157506832,-0.02,-1.99,-0.16775760999108288,-0.2226708170834893,0.13209260629219124,-0.17533135203424355,
1791390714.6016445,balance,0.01777356996540482,-0.02126005131474897,-0.004955379359248502,0.01623761327340281,-0.020343982734587922,0.002384966590065402,0.14420968881227036,-0.09621023647302071,0.0,-0.023110258966230472,False,-0.35624999999999596,-0.35624999999999596,-0.02519142989276041,-0.03394425113362521,0.14432137234277703,0.14133972982550663,0.24,-2.1,-0.17634000924932286,-0.23760975793537648,0.13885040098371879,-0.1870942975869106,
1791390714.6116476,balance,0.017820056638629216,-0.020127231538988117,-0.005344615029701131,0.0056890993218794905,-0.020779705078264946,0.002384966590065402,0.14390420832748418,-0.10085664716052921,0.0,-0.024118417427945217,False,-0.35783333333332923,-0.35783333333332923,-0.027808684394149328,-0.03630562866042089,0.1439096433938562,0.14092912263606594,0.32,-2.16,-0.1946607907590453,-0.25413940062294627,0.15327621319609866,-0.20010976427003643,
1791390714.6216493,balance,0.01826766223546327,-0.019116862111650194,-0.005115565035973706,0.08103625213456518,-0.020998260681371575,0.002384966590065402,0.1437514783630423,-0.09662667782620477,0.0,-0.025095426708282454,False,-0.35941666666666255,-0.35941666666666255,-0.023920537120289204,-0.032315862691986275,0.1437038097864543,0.14072388662909596,0.41000000000000003,-2.1,-0.16744375984202442,-0.22621103884390392,0.1318454801905704,-0.17811892822354639,
1791390714.6316392,balance,0.0187686284842503,-0.017967007682611127,-0.004832300107640481,0.03600302073004014,-0.021215962001825378,0.002384966590065402,0.1435986921792779,-0.09138670180918416,0.0,-0.026010532841406312,False,-0.3609999999999958,-0.3609999999999958,-0.022894845103752018,-0.031245604851125555,0.14329234900869658,0.14072388662909596,0.47000000000000003,-2.09,-0.16026391572626414,-0.2187192339578789,0.12619205962697963,-0.17221986925817237,
1791390714.6416473,balance,0.01923666877057773,-0.01657065649284251,-0.004697867051493419,0.06998233317999458,-0.021549569232005746,0.002384966590065402,0.1433697875977593,-0.09703494019649961,0.0,-0.026966328010349008,False,-0.36258333333332915,-0.36258333333332915,-0.02179567804855535,-0.030765138827933136,0.1428809713172044,0.14051869341063658,0.52,-2.07,-0.15256974633988746,-0.21535597179553195,0.12013365853534445,-0.16957163133506453,
1791390714.651646,balance,0.020093112928025618,-0.015217331874226995,-0.0038414228940455296,0.0989042585265691,-0.021549569232005746,0.002384966590065402,0.1433697875977593,-0.09418522080662707,0.0,-0.027924585875469938,False,-0.3641666666666624,-0.3641666666666624,-0.018445704007336756,-0.027959093479378746,0.1428809713172044,0.14051869341063658,0.46,-1.9100000000000001,-0.1291199280513573,-0.19571365435565122,0.10166923468610811,-0.15410523965011907,
1791390714.6616328,balance,0.02084025003115523,-0.01410314772204614,-0.003203692777546716,0.05376440622361892,-0.021658976218636543,0.002384966590065402,0.143293403612265,-0.08686931429268206,0.0,-0.028806989942862973,False,-0.36574999999999575,-0.36574999999999575,-0.01759254186259025,-0.027009072485686084,0.1426752983290826,0.14051869341063658,0.51,-1.77,-0.12314779303813174,-0.1890635073998026,0.09696676617175727,-0.1488689034644115,
1791390714.6716516,balance,0.02116507522511836,-0.013013429689190241,-0.0029904881279224018,0.01723903971266269,-0.02177059676297536,0.002384966590065402,0.14321713517186407,-0.09215495927725458,0.0,-0.029729619997759478,False,-0.367333333333329,-0.367333333333329,-0.020840689790370435,-0.030587050123319814,0.14246975433327552,0.14051869341063658,0.48,-1.6400000000000001,-0.14588482853259305,-0.2141093508632387,0.11486994372645122,-0.16859004004979425,
1791390714.681647,balance,0.021367775853852522,-0.01194816724988905,-0.002899570379351985,0.041021498229429264,-0.021882379643139105,0.002384966590065402,0.14314087087269106,-0.08745217128002035,0.0,-0.030630134944007455,False,-0.36891666666666234,-0.36891666666666234,-0.02111892683409323,-0.0298121013877639,0.14226424196443377,0.14051869341063658,0.34,-1.53,-0.14783248783865263,-0.2086847097143473,0.11640353373122254,-0.1643186690664152,
1791390714.6916428,balance,0.021767893014818362,-0.011053095181736349,-0.002499453218386145,0.055659317424244355,-0.021882379643139105,0.002384966590065402,0.14314087087269106,-0.08210449926792728,0.0,-0.031480552022318926,False,-0.3704999999999956,-0.3704999999999956,-0.01901702944549778,-0.026839986552191025,0.14226424196443377,0.14051869341063658,0.33,-1.42,-0.13311920611848446,-0.18787990586533718,0.10481827253423973,-0.147936933752234,
1791390714.701633,balance,0.022170675490191548,-0.010327708525782603,-0.00220857279930381,0.01070415948053364,-0.021994281699429956,0.002384966590065402,0.14306460836402915,-0.07404817671086181,0.0,-0.03223454381014473,False,-0.37208333333332894,-0.37208333333332894,-0.018957429835737356,-0.025948440555183076,0.14205874067489532,0.14051869341063658,0.31,-1.3,-0.13270200885016148,-0.18163908388628153,0.10448977074815864,-0.14302290069785947,
1791390714.7116401,balance,0.02195627184685281,-0.009422418446946529,-0.0025349978629427357,-0.032490421596923745,-0.022106303119730143,0.002384966590065402,0.14298834764874324,-0.07900163423155702,0.0,-0.03301340224625547,False,-0.3736666666666622,-0.3736666666666622,-0.023330682627081118,-0.029696668417880493,0.14185326373346208,0.14051869341063658,0.46,-1.26,-0.16331477838956782,-0.20787667892516346,0.12859431369257307,-0.1636824243505224,
1791390714.7216485,balance,0.021853020181902952,-0.008710005608628337,-0.0028685707771011278,0.01895145761624883,-0.022336624368938678,0.002384966590065402,0.14283604528711322,-0.0745776208636755,0.0,-0.033781136832934405,False,-0.37524999999999553,-0.37524999999999553,-0.022592293125520663,-0.02838127419357965,0.14164778679202883,0.14031358258999496,0.28,-1.28,-0.15814605187864464,-0.19866891935505754,0.12452445029814538,-0.15643221996461223,
1791390714.73165,balance,0.022255857899155282,-0.008159764806997951,-0.002580243531561319,0.03874037057049574,-0.0224511348406512,0.002384966590065402,0.14275986490512912,-0.06508731993269873,0.0,-0.0344528911517372,False,-0.3768333333333288,-0.3768333333333288,-0.01852738124052109,-0.02297296283493274,0.14144241281199324,0.14031358258999496,0.35000000000000003,-1.17,-0.12969166868364765,-0.16081073984452918,0.10211942416035248,-0.12662262979884187,
1791390714.7416468,balance,0.022057930143491052,-0.007854562481495643,-0.0031300845330612084,-0.05154287721513757,-0.02280304808648686,0.002384966590065402,0.14253161482894136,-0.06139290590734596,0.0,-0.03508251188257762,False,-0.3784166666666621,-0.3784166666666621,-0.023051652115006312,-0.026067853381425247,0.14123706106243156,0.1399034595010183,0.47000000000000003,-1.26,-0.16136156480504418,-0.18247497366997673,0.12705635024019227,-0.14368108162990292,
1791390714.7516453,balance,0.021589415671731123,-0.007770278161948819,-0.003832581080740576,-0.04341430887237418,-0.023037030162406297,0.002384966590065402,0.14237941204883128,-0.053424569926718214,0.0,-0.0356354375062825,False,-0.3799999999999954,-0.3799999999999954,-0.024532740792403765,-0.02669959776979704,0.1410317477472483,0.1396984644285116,0.49,-1.22,-0.17172918554682637,-0.18689718438857927,0.13521983113923336,-0.14716313731384195,
1791390714.761627,balance,0.02124388987192438,-0.007737698172126012,-0.00429340429576151,-0.003913243444478153,-0.023152327577620486,0.002384966590065402,0.1423032447127246,-0.05668094983908228,0.0,-0.03619189034082282,False,-0.3815833333333287,-0.3815833333333287,-0.023513204407946155,-0.025687149787660152,0.14082651174027835,0.1396984644285116,0.45,-1.22,-0.16459243085562308,-0.17981004851362106,0.12960033925639614,-0.14158271536505596,
1791390714.7716374,balance,0.02147376205578461,-0.007728690595701839,-0.004420910679250382,0.02322396751405938,-0.02350970614496959,0.002384966590065402,0.14207515640611235,-0.06434032582015817,0.0,-0.03681539980549497,False,-0.383166666666662,-0.383166666666662,-0.021788874069316146,-0.023808710942225145,0.14062127573330838,0.139288590015211,0.47000000000000003,-1.3,-0.15252211848521302,-0.16666097659557602,0.12009615628756931,-0.13122911542958743,
1791390714.7816496,balance,0.021611994318277705,-0.007831418235737275,-0.00452403720717743,-0.008281359121528838,-0.023751064935389733,0.002384966590065402,0.14192319806865583,-0.06418678402821956,0.0,-0.03745952854544339,False,-0.3847499999999953,-0.3847499999999953,-0.02414998470371861,-0.024330451831086567,0.14041614510367775,0.13908367996866947,0.51,-1.26,-0.1690498929260303,-0.17031316281760597,0.13311015191026007,-0.13410485261228816,
1791390714.7916467,balance,0.021101178155468633,-0.008054652655814273,-0.005276805430754542,-0.05963915069125703,-0.023993016996157773,0.002384966590065402,0.14177125079372607,-0.05865979067338179,0.0,-0.038067926253589,False,-0.3863333333333286,-0.3863333333333286,-0.02941091759283285,-0.027922100950927186,0.14021103428303613,0.13887890568299438,0.46,-1.27,-0.20587642314982996,-0.1954547066564903,0.1621074198030157,-0.1539013438240081,
1791390714.8016384,balance,0.02057437633224811,-0.008482389253109165,-0.006046078494653752,-0.04216173337398522,-0.02423548823683646,0.002384966590065402,0.14161931183600773,-0.04893933525137155,0.0,-0.03857962234746521,False,-0.3879166666666619,-0.3879166666666619,-0.02950417799761079,-0.027114679877001828,0.14000596413662503,0.13867415154495097,0.45,-1.41,-0.20652924598327552,-0.1898027591390128,0.1626214535301382,-0.14945099144804155,
1791390714.8116455,balance,0.02055077176364077,-0.00914585993443546,-0.006304107045588003,0.02837206723115234,-0.024479525095890083,0.0023753537133386913,0.141467433167905,-0.05102105003141722,0.0,-0.039075307588746194,False,-0.3894999999999952,-0.3894999999999952,-0.024611829737342196,-0.023192626247010333,0.13980096906411835,0.13846944503220118,0.44,-1.3900000000000001,-0.17228280816139538,-0.16234838372907234,0.13565575445779163,-0.1278333730150176,
1791390714.8216445,balance,0.0211123429840886,-0.009800732505812437,-0.005867496906872807,0.07149807616072315,-0.024604486177622717,0.0023753537133386913,0.1413916222782762,-0.06299790551224425,0.0,-0.03967324327084042,False,-0.3910833333333285,-0.3910833333333285,-0.020486159726899503,-0.020837527096960344,0.13980096906411835,0.13826481606939978,0.35000000000000003,-1.37,-0.14340311808829653,-0.1458626896787224,0.11291584101440671,-0.11485251155804914,
1791390714.8316462,balance,0.021567669856748146,-0.010226923668747962,-0.005658132722813955,0.024202733509331494,-0.02485044886622341,0.0023753537133386913,0.1412398128192375,-0.0735373554605148,0.0,-0.040387977812259335,False,-0.3926666666666618,-0.3926666666666618,-0.023950208348789994,-0.02436966570210199,0.13959597399161164,0.13806018710659837,0.41000000000000003,-1.3800000000000001,-0.16765145844152995,-0.17058765991471392,0.13200902239490547,-0.13432099205882986,
1791390714.8416457,balance,0.021466472032211494,-0.010733936860975412,-0.006133590634402168,-0.02633448276068365,-0.02522470895327497,0.0023753537133386913,0.14101229620807382,-0.07955472198523535,0.0,-0.041184468101514674,False,-0.3942499999999951,-0.3942499999999951,-0.03112266474156941,-0.030368992273358097,0.13939105213489053,0.13765122387710277,0.38,-1.4000000000000001,-0.21785865319098588,-0.21258294591350668,0.17154224660707548,-0.16738814638858793,
1791390714.851666,balance,0.02154465217315562,-0.011522817445799305,-0.006306692879997002,0.04743915912254965,-0.02547599133981393,0.0023753537133386913,0.14086070902078865,-0.06935246021673248,0.0,-0.041908182224055526,False,-0.3958333333333284,-0.3958333333333284,-0.028309432829010325,-0.026291070250399968,0.13918614208834904,0.13744680087226074,0.33,-1.49,-0.19816602980307227,-0.18403749175279976,0.15603624393942697,-0.14491141082897618,
1791390714.861629,balance,0.02242619164721391,-0.012456264901421005,-0.005554949531569782,0.11898708024110335,-0.025605787465445,0.0023753537133386913,0.14078515464860633,-0.07067540362878842,0.0,-0.042610353725836526,False,-0.3974166666666617,-0.3974166666666617,-0.021474552682849996,-0.01961265089890896,0.13918614208834904,0.13724245299319945,0.19,-1.5,-0.15032186877994996,-0.13728855629236272,0.118363676204685,-0.10810122542705726,
1791390714.8716416,balance,0.023954930479510306,-0.013377104900912875,-0.004280267111064996,0.15708493393653308,-0.02585984387723661,0.0023753537133386913,0.14063370528281233,-0.07229654119081685,0.0,-0.04332886248644509,False,-0.39899999999999497,-0.39899999999999497,-0.015059070580120926,-0.013838122630659543,0.13898128984302546,0.13703810511413816,0.26,-1.51,-0.10541349406084648,-0.0968668584146168,0.08300275122901297,-0.076273116861903,
1791390714.8816395,balance,0.025170987419458765,-0.014109702066949878,-0.0034493038453430125,0.07923470848597675,-0.026244937551463086,0.0023753537133386913,0.14040672233319687,-0.07725326438209683,0.0,-0.044075185700005,False,-0.4005833333333283,-0.4005833333333283,-0.017443462034714786,-0.016332447380048406,0.13877653570498208,0.1366297070791156,0.14,-1.55,-0.12210423424300351,-0.11432713166033884,0.09614506633307363,-0.09002136351207782,
1791390714.8916433,balance,0.025663594389061326,-0.01476473210809298,-0.0030883861948096504,0.048747965883931224,-0.026376626870532285,0.0023753537133386913,0.140331219316678,-0.0825518273944041,0.0,-0.04488836234070642,False,-0.40216666666666157,-0.40216666666666157,-0.02222262300854603,-0.021557563371654417,0.13877653570498208,0.13642558441239527,0.12,-1.49,-0.1555583610598222,-0.1509029436015809,0.12248689847230095,-0.11882121543431567,
1791390714.9016478,balance,0.026008962554409334,-0.015371570964629032,-0.0030009404062047657,0.02754648562737618,-0.02663454924727541,0.0023753537133386913,0.14017987535701373,-0.08931976371051079,0.0,-0.04576554284270952,False,-0.4037499999999949,-0.4037499999999949,-0.026188819535065577,-0.025761856368021627,0.13857178156693867,0.13622155777189415,0.11,-1.61,-0.18332173674545904,-0.18033299457615137,0.14434782420902287,-0.1419944839182294,
1791390714.9116447,balance,0.026596114647072604,-0.015849748299378186,-0.0026744223992076115,0.05408033505959727,-0.026895183332941525,0.0023753537133386913,0.1400286475761664,-0.08995476501631859,0.0,-0.04665917253047384,False,-0.40533333333332816,-0.40533333333332816,-0.025126557390186335,-0.024474683144604256,0.13836713763747482,0.13601753113139298,0.01,-1.51,-0.17588590173130436,-0.17132278201222978,0.13849283600890108,-0.13489982835608644,
1791390714.9216435,balance,0.02688588420601885,-0.0164481585142717,-0.0025182005771868703,0.03916799192847679,-0.02702873106986703,0.0023753537133386913,0.13995319713210938,-0.08609114408915643,0.0,-0.04753495937468562,False,-0.4069166666666615,-0.4069166666666615,-0.026320586930525063,-0.025130911819886897,0.13836713763747482,0.13581361201841144,0.0,-1.53,-0.18424410851367545,-0.1759163827392083,0.14507410119187045,-0.13851683680252622,
1791390714.9316704,balance,0.027284190693269268,-0.01712692072971736,-0.002381422292672666,0.03059518880234172,-0.027290259272603243,0.0023753537133386913,0.13980198601101246,-0.08496317275666132,0.0,-0.04838218376262386,False,-0.40849999999999476,-0.40849999999999476,-0.026282279837164968,-0.02526878328881175,0.13816250867467342,0.13560970115098947,0.04,-1.67,-0.18397595886015478,-0.17688148302168225,0.14486295973240534,-0.13927675828478916,
1791390714.941648,balance,0.027992083761692668,-0.017459279128118996,-0.0018086639945038225,0.08151500159924033,-0.0274253940428578,0.0023753537133386913,0.13972658958912035,-0.08266306637151354,0.0,-0.049218903476113685,False,-0.4100833333333281,-0.4100833333333281,-0.02148156593720396,-0.021504951153416975,0.13816250867467342,0.13540588037494236,-0.06,-1.61,-0.15037096156042773,-0.15053465807391883,0.11840233193734467,-0.11853122682985734,
1791390714.9516845,balance,0.028576239037553488,-0.017491117842941592,-0.0013526261464976612,0.03813898635582979,-0.027553511470712458,0.0023753537133386913,0.1396508311194933,-0.08578358341033501,0.0,-0.05007079912838253,False,-0.41166666666666135,-0.41166666666666135,-0.022597024971034132,-0.02335924777356763,0.1379579405301319,0.13540588037494236,-0.02,-1.5,-0.15817917479723892,-0.1635147344149734,0.1245505313364086,-0.12875175938186884,
1791390714.9616373,balance,0.02856650228624263,-0.017523111421521145,-0.001764409668910426,-0.022537683811734488,-0.027955558241814366,0.0023753537133386913,0.13942440065575226,-0.08604634194728644,0.0,-0.050938335509278745,False,-0.4132499999999947,-0.4132499999999947,-0.027502702361920463,-0.02851879556534029,0.13775346748229564,0.13499846957106026,-0.02,-1.59,-0.19251891653344325,-0.19963156895738204,0.15158969805782932,-0.15719021177746617,
1791390714.971651,balance,0.0283360016859546,-0.017736647596875547,-0.0021235937374884982,-0.0027970567485462398,-0.02808424171010441,0.0023753537133386913,0.13934865168996122,-0.08838939051899541,0.0,-0.051825695952043914,False,-0.41483333333332795,-0.41483333333332795,-0.02942822652820325,-0.030494231190763922,0.13754899443445937,0.13499846957106026,-0.07,-1.46,-0.20599758569742274,-0.21345961833534746,0.16220282338379743,-0.16807843963413185,
1791390714.9816449,balance,0.028477300575676708,-0.017824381563725122,-0.0022522457243442347,0.03105166439260241,-0.02835419258668225,0.0023753537133386913,0.13919781221800773,-0.08583972066116519,0.0,-0.05270133200071504,False,-0.4164166666666613,-0.4164166666666613,-0.02752593330491562,-0.028485880093756258,0.13734463400967004,0.13479491201434066,-0.17,-1.52,-0.19268153313440933,-0.19940116065629382,0.15171774262551915,-0.15700878791834158,
1791390714.9916396,balance,0.02878009662331722,-0.01780310441786122,-0.0022200627578979866,0.02148024401372309,-0.028624805667876514,0.0023753537133386913,0.13904698775253974,-0.09062403542063438,0.0,-0.053600861581120686,False,-0.41799999999999454,-0.41799999999999454,-0.02772872999119824,-0.028388404588055197,0.13714028613060872,0.13459136254861365,-0.1,-1.4000000000000001,-0.19410110993838767,-0.19871883211638638,0.15283551963652572,-0.15647152135148534,
1791390715.0016522,balance,0.028922379914375913,-0.01778316754987705,-0.0023507119495832516,0.023777126785361043,-0.028897738150620474,0.0023753537133386913,0.1388962688982795,-0.08767589026423836,0.0,-0.05447878171287113,False,-0.41958333333332787,-0.41958333333332787,-0.027368924118043286,-0.028564650140442575,0.1369360020870993,0.13438788875990187,-0.02,-1.43,-0.191582468826303,-0.19995255098309803,0.1508523376585063,-0.15744295352999843,
1791390715.011638,balance,0.02938399437788996,-0.017768432583970917,-0.002164501764964661,0.04869789762252829,-0.02917314242951593,0.0023753537133386913,0.13874566389642135,-0.0903739073604371,0.0,-0.05537295932505221,False,-0.42116666666666114,-0.42116666666666114,-0.025264761862678887,-0.02718043566928691,0.13673181012947022,0.13418450459652098,-0.11,-1.47,-0.1768533330387522,-0.19026304968500837,0.13925459294389936,-0.1498134249488255,
1791390715.0216455,balance,0.029847877368680404,-0.01762656324273947,-0.0018344080483106056,0.05073950665241202,-0.02930693170365232,0.0023753537133386913,0.13867017765502904,-0.09097853282359412,0.0,-0.05627752037854277,False,-0.42274999999999446,-0.42274999999999446,-0.02481783318403831,-0.026771748209451034,0.13652761817184111,0.13418450459652098,0.0,-1.44,-0.17372483228826818,-0.18740223746615725,0.13679120652619542,-0.14756081690248601,
1791390715.03164,balance,0.030219504366267396,-0.017467323220080024,-0.0018837888427498924,0.007962830773738041,-0.029727939495678597,0.0023753537133386913,0.1384445626989264,-0.08935106574106551,0.0,-0.0571818799029016,False,-0.42433333333332773,-0.42433333333332773,-0.02687925708513609,-0.028689671146485032,0.13632357815795954,0.1337779259858055,0.05,-1.5,-0.18815479959595263,-0.20082769802539524,0.1481533855086241,-0.1581320456892876,
1791390715.0416462,balance,0.030370962473574643,-0.017316438496899702,-0.001868951446063358,0.026649631134608498,-0.02986456020629931,0.0023753537133386913,0.13836916554628095,-0.08934691675764199,0.0,-0.05807789456197765,False,-0.42591666666666106,-0.42591666666666106,-0.027334825670415893,-0.029319033016579683,0.1361195515174584,0.1337779259858055,0.03,-1.46,-0.19134377969291125,-0.2052332311160578,0.15066439345898522,-0.16160096938272267,
1791390715.0516515,balance,0.030381477168109995,-0.01701823299524697,-0.002138184533352982,-0.007004352658255319,-0.030144307988124286,0.0023753537133386913,0.1382186764810842,-0.08731577997815254,0.0,-0.05896739056359707,False,-0.42749999999999433,-0.42749999999999433,-0.02915650463432821,-0.031138669892424867,0.1359155745139278,0.1335747379217734,0.04,-1.45,-0.2040955324402975,-0.21797068924697408,0.16070514365377755,-0.17163046397399534,
1791390715.0616276,balance,0.03035941395960529,-0.01663583867889233,-0.0024413278833655865,-0.007614648854849236,-0.030425388129632185,0.0023753537133386913,0.13806824821161118,-0.08416382288679737,0.0,-0.059819905405509265,False,-0.42908333333332765,-0.42908333333332765,-0.029396811032138766,-0.031174085516075516,0.13571166364650583,0.13337162872694028,0.05,-1.31,-0.20577767722497137,-0.21821859861252862,0.16202966710627667,-0.17182566819884143,
1791390715.071641,balance,0.030252706606317438,-0.01644890873339686,-0.002685409554994891,0.01113255908161553,-0.030562762447973638,0.0023753537133386913,0.13799286427267196,-0.08486503239917664,0.0,-0.060665266986298774,False,-0.4306666666666609,-0.4306666666666609,-0.029068779134272693,-0.031238547951273517,0.13550775277908392,0.13337162872694028,0.02,-1.31,-0.20348145393990885,-0.21866983565891462,0.16022161727551879,-0.1721809729597753,
1791390715.0816464,balance,0.030383852909430277,-0.016126589280447655,-0.002839437412565337,0.008739258907146025,-0.030847936608656923,0.0023753537133386913,0.13784260283199848,-0.08706194835893084,0.0,-0.061530037907668,False,-0.43224999999999425,-0.43224999999999425,-0.028723437114556914,-0.031528916344820954,0.1353040347286616,0.13316860595693952,0.07,-1.23,-0.2010640598018984,-0.22070241441374666,0.15831815732432944,-0.17378142867224147,
1791390715.0916443,balance,0.030358162306104882,-0.01575631796689438,-0.003005400493404105,-0.0010171315404326152,-0.030988209086170296,0.0023753537133386913,0.13776732523877727,-0.09350579358312874,0.0,-0.0624522125454557,False,-0.4338333333333275,-0.4338333333333275,-0.030756135587308966,-0.03371455193526013,0.13510032932672053,0.13316860595693952,0.08,-1.21,-0.21529294911116276,-0.2360018635468209,0.1695220071741439,-0.1858282390132448,
1791390715.101638,balance,0.030301182281707053,-0.015259572857072733,-0.0033485353398007888,0.015482396469273317,-0.03127436390816915,0.0023753537133386913,0.1376170825278855,-0.09360192312066169,0.0,-0.06339406662237489,False,-0.43541666666666085,-0.43541666666666085,-0.03145795497572184,-0.03456973039215603,0.13489669379649355,0.13296558318693877,0.07,-1.23,-0.22020568483005287,-0.24198811274509222,0.17339030301578967,-0.19054182105912773,
1791390715.1116526,balance,0.030609105413016247,-0.014735604654762419,-0.0031813480532803017,0.03857291738844834,-0.03141509975295786,0.0023753537133386913,0.13754181318893666,-0.0967806491386346,0.0,-0.06433765189572432,False,-0.4369999999999941,-0.4369999999999941,-0.029505921971332068,-0.0326469020509107,0.13469314433076654,0.13296558318693877,0.13,-1.09,-0.20654145379932448,-0.22852831435637488,0.16263106598372007,-0.1799435546113188,
1791390715.1216412,balance,0.030843151370395755,-0.014222496548404356,-0.0033791672702530038,0.03267618862553425,-0.03184696492731007,0.0023753537133386913,0.13731652254216825,-0.0999401840205585,0.0,-0.06533240943980895,False,-0.43858333333332744,-0.43858333333332744,-0.030951632761355933,-0.033620400558622754,0.1342862037217761,0.13276275393280598,0.13,-1.1400000000000001,-0.21666142932949153,-0.23534280391035928,0.17059955065314295,-0.18530929441760574,
1791390715.13165,balance,0.03125777751772713,-0.01377151660684552,-0.003256226408626655,0.04981459899118376,-0.032138650213015096,0.0023753537133386913,0.13716651420080686,-0.09814029834067281,0.0,-0.06632173445012861,False,-0.4401666666666607,-0.4401666666666607,-0.02968740394546451,-0.032329108895805404,0.13408281955839518,0.13255992727046878,0.14,-1.1500000000000001,-0.20781182761825157,-0.22630376227063784,0.16363136032933193,-0.17819193879577783,
1791390715.141648,balance,0.031664917099932896,-0.013394797532076981,-0.00314326573991404,0.03439611625199748,-0.032432829126508245,0.0023753537133386913,0.13701661891287845,-0.09520971308076293,0.0,-0.06728171883398797,False,-0.44174999999999404,-0.44174999999999404,-0.029460942798236255,-0.032167339138798046,0.13387952705459497,0.13235720260525988,0.15,-1.16,-0.2062265995876538,-0.22517137397158632,0.16238314928161715,-0.177300294465816,
1791390715.1534503,balance,0.031745082963682836,-0.01267314796241482,-0.0035059011102479562,-0.004897275411784319,-0.0328756303605921,0.0023753537133386913,0.13679180512233208,-0.09943425337528268,0.0,-0.0687605792167149,False,-0.44412499999999405,-0.44412499999999405,-0.03362648839955943,-0.03650280070417704,0.13347315092653075,0.13215458138345929,0.23,-1.12,-0.23538541879691602,-0.25551960492923925,0.18534284944639057,-0.2011965393143616,
1791390715.1616423,balance,0.03179250746353357,-0.012386584189345563,-0.003757773788352071,0.007641676763506638,-0.03317492753854695,0.0023753537133386913,0.13664215220634712,-0.09948950606824679,0.0,-0.06925802674705613,False,-0.44491666666666063,-0.44491666666666063,-0.03368109622490523,-0.036812295298155315,0.13327012437298885,0.13195196136169712,0.26,-1.07,-0.2357676735743366,-0.2576860670870872,0.18564383746010754,-0.2029024150292025,
1791390715.1716533,balance,0.03180983702790064,-0.011981998752913784,-0.0040404286744675855,0.003820513160343958,-0.033474911989029535,0.0023753537133386913,0.1364925136916779,-0.10446052688807424,0.0,-0.07027570961037122,False,-0.4464999999999939,-0.4464999999999939,-0.034831097916400496,-0.03810394376078143,0.1330671016029881,0.13174953625679875,0.28,-1.03,-0.24381768541480348,-0.26672760632547005,0.19198242946047517,-0.21002173726414963,
1791390715.181641,balance,0.031641744883467306,-0.011598205368029253,-0.0045091637178492705,-0.016377979044555676,-0.033775554887977885,0.0023753537133386913,0.13634288748702247,-0.10835370486025626,0.0,-0.07134721150121054,False,-0.4480833333333272,-0.4480833333333272,-0.03835056353389875,-0.04143667981330845,0.13286417428823197,0.13154711115190038,0.31,-1.05,-0.26845394473729123,-0.29005675869315917,0.2113810588482608,-0.22839114857729068,
1791390715.1916409,balance,0.031878609646763735,-0.011079449468216663,-0.004420926416692069,0.041301517112396297,-0.03392418235011711,0.0023753537133386913,0.13626797304543414,-0.11242031512586181,0.0,-0.07247370323302947,False,-0.4496666666666605,-0.4496666666666605,-0.036109788744279114,-0.039531445738047774,0.13266134762589477,0.13154711115190038,0.26,-1.06,-0.2527685212099538,-0.2767201201663344,0.19903033166138095,-0.2178898583986885,
1791390715.2016513,balance,0.03230332566169937,-0.010556527470857247,-0.00429892550804284,0.03400719980834198,-0.03422689745640352,0.0023753537133386913,0.1361184078901518,-0.11852981479798128,0.0,-0.07364218528956501,False,-0.4512499999999938,-0.4512499999999938,-0.0361670403626097,-0.039400352239663754,0.1324585209635576,0.13134479201159516,0.4,-1.07,-0.25316928253826787,-0.27580246567764627,0.19934589176241566,-0.2171672958091703,
1791390715.2116413,balance,0.032669340721922596,-0.010232647425753385,-0.004241279050758357,0.04148532184805676,-0.03453526605934226,0.0023753537133386913,0.1359691094654969,-0.1211444331695201,0.0,-0.07485362962126021,False,-0.4528333333333271,-0.4528333333333271,-0.037076524359334666,-0.03998223150969354,0.1322558990115022,0.1311425723379947,0.29,-0.92,-0.25953567051534265,-0.27987562056785475,0.20435879568137216,-0.2203745043841376,
1791390715.2216432,balance,0.03302388971608169,-0.00991320883958453,-0.004040077696892582,0.04463429593565758,-0.03468861369963558,0.0023753537133386913,0.1358944227839806,-0.1211444331695201,0.0,-0.07606507395295542,False,-0.4544166666666604,-0.4544166666666604,-0.03721534003342766,-0.039922076797499984,0.1320532777897016,0.1311425723379947,0.24,-0.91,-0.26050738023399367,-0.2794545375824999,0.2051239214440895,-0.22004294297834637,
1791390715.231666,balance,0.033354285454473914,-0.0096784961140815,-0.004019145065335198,0.014336010282263861,-0.03499807680647042,0.0023753537133386913,0.13574514801608603,-0.1211444331695201,0.0,-0.07727651828465062,False,-0.4559999999999937,-0.4559999999999937,-0.0382381746580607,-0.040891203603205056,0.13185075581959865,0.13094035867875545,0.26,-0.9400000000000001,-0.26766722260642495,-0.28623842522243537,0.2107615926034842,-0.2253845867893192,
1791390715.2416391,balance,0.03378811203646203,-0.009512129017429587,-0.0037414367775365715,0.06097642052863747,-0.03515419510065991,0.0023753537133386913,0.13567056003544004,-0.1211444331695201,0.0,-0.07848796261634583,False,-0.457583333333327,-0.457583333333327,-0.036014009180526274,-0.03913590110317229,0.13185075581959865,0.13073837528703972,0.25,-0.81,-0.2520980642636839,-0.27395130772220605,0.19850241280605033,-0.21570969111984728,
1791390715.2516801,balance,0.03419414129947329,-0.009503616819796636,-0.003645894587489957,0.03433155822843542,-0.03546468217362456,0.0023753537133386913,0.13552130487421765,-0.1211444331695201,0.0,-0.07969940694804103,False,-0.4591666666666603,-0.4591666666666603,-0.03713376671248179,-0.04040364667058336,0.13164833071470025,0.130536391895324,0.29,-0.85,-0.2599363669873725,-0.2828255266940835,0.20467430471446652,-0.2226972651134516,
1791390715.2616653,balance,0.03463342088097181,-0.009288920180847208,-0.0033609820461276427,0.04276619589751833,-0.03561904921376076,0.0023753537133386913,0.1354466376091209,-0.1211444331695201,0.0,-0.08091085127973624,False,-0.4607499999999936,-0.4607499999999936,-0.0362821548424206,-0.0402916906275137,0.13144590885163163,0.130536391895324,0.27,-0.8300000000000001,-0.25397508389694423,-0.2820418343925959,0.19998038102121593,-0.22208018456109913,
1791390715.2716632,balance,0.03514504146793406,-0.009017578645840066,-0.003164501243426273,0.04957353436214944,-0.03593418899802164,0.0023753537133386913,0.13529762716741614,-0.1211444331695201,0.0,-0.08212229561143145,False,-0.4623333333333269,-0.4623333333333269,-0.035656478746391114,-0.03953830543312961,0.1312436891780312,0.1303345184348147,0.18,-0.85,-0.2495953512247378,-0.27676813803190725,0.19653177261790378,-0.21792766774165925,
1791390715.2816465,balance,0.03573000345217437,-0.008832608666266584,-0.0028969437726397923,0.0636349408149778,-0.03625159351147547,0.0023753537133386913,0.13514878138858638,-0.1211444331695201,0.0,-0.08333373994312665,False,-0.4639166666666602,-0.4639166666666602,-0.034526626795823294,-0.03826720549321578,0.1310414695044307,0.13013274046423443,0.17,-0.87,-0.24168638757076305,-0.26787043845251046,0.1903042421817032,-0.2109216050807169,
1791390715.2916515,balance,0.03619154139875666,-0.008806748105092113,-0.002753510223596629,0.03599159076316731,-0.0365696979090146,0.0023753537133386913,0.13499994925542846,-0.1211444331695201,0.0,-0.08454518427482186,False,-0.4654999999999935,-0.4654999999999935,-0.03585310943568569,-0.039197076341308215,0.13083937397795098,0.12993097127847383,0.19,-0.89,-0.2509717660497998,-0.2743795343891575,0.19761556381874001,-0.21604687747177756,
1791390715.3016589,balance,0.03646457864784039,-0.008837772436553044,-0.0027992795089908937,0.025090855926617302,-0.03688850444349259,0.0023753537133386913,0.13485113081312364,-0.1211444331695201,0.0,-0.08575662860651706,False,-0.4670833333333268,-0.4670833333333268,-0.03728829216228554,-0.040487645761408224,0.13063739058623525,0.12972938944419693,0.18,-0.91,-0.2610180451359988,-0.28341352032985756,0.20552601979212504,-0.2231602522282343,
1791390715.3116589,balance,0.036483584468258445,-0.008970283318651002,-0.0031039241294341527,-0.008288261442644267,-0.03721215488435391,0.0023753537133386913,0.1347026467266623,-0.1211444331695201,0.0,-0.08696807293821227,False,-0.46866666666666007,-0.46866666666666007,-0.04008560098717991,-0.04328158910769183,0.13063739058623525,0.12932638420412093,0.18,-0.87,-0.2805992069102594,-0.30297112375384283,0.22094425740965307,-0.23855993996365576,
1791390715.3217764,balance,0.0364777211216497,-0.009074712485903733,-0.0032683409333186886,0.007576679704138164,-0.0373707083416297,0.0023753537133386913,0.13462810586330665,-0.1211444331695201,0.0,-0.08817951726990747,False,-0.4702499999999934,-0.4702499999999934,-0.040429016767186576,-0.04399018318809795,0.1304354144080441,0.12932638420412093,0.21,-0.88,-0.28300311737030603,-0.30793128231668565,0.22283710029157955,-0.24246557662731152,
1791390715.3316884,balance,0.03651505153393639,-0.008998690135370656,-0.0037215141048481956,0.0030818721758662337,-0.03786121192544589,0.0023753537133386913,0.13440549949147892,-0.1211444331695201,0.0,-0.08939096160160268,False,-0.47183333333332667,-0.47183333333332667,-0.040990675315788594,-0.04484741916438015,0.13023363643746383,0.1289238045565026,0.18,-0.91,-0.28693472721052016,-0.313931934150661,0.22593285607127572,-0.24719049933122914,
1791390715.3416498,balance,0.036717316465779797,-0.008953076059233765,-0.0036814561353893044,0.03705768465630891,-0.03802341888783041,0.0023753537133386913,0.13433126029679707,-0.1211444331695201,0.0,-0.09060240593329788,False,-0.47341666666666,-0.47341666666666,-0.03986993799084819,-0.04337772301482566,0.1300318584668836,0.1289238045565026,0.18,-0.9,-0.2790895659359373,-0.3036440611037796,0.2197555637290845,-0.23908981189273984,
1791390715.35167,balance,0.03691028893778139,-0.009011567857708768,-0.0039812163286654595,0.010764967701574429,-0.038516151553108155,0.0023753537133386913,0.13410870298645564,-0.1211444331695201,0.0,-0.09181385026499309,False,-0.4749999999999935,-0.4749999999999935,-0.040865971136444565,-0.04383234942192361,0.12983018734248208,0.1285216046258019,0.17,-0.97,-0.28606179795511194,-0.30682644595346525,0.22524551020087555,-0.241595626735012,
1791390715.361701,balance,0.036920862620873615,-0.009325659255073804,-0.004300623704782403,-0.003975052472068275,-0.03884613261231733,0.0023753537133386913,0.13396043581367034,-0.1309069913642672,0.0,-0.09307410738766203,False,-0.475,-0.475,-0.04357871479302036,-0.046247007195302905,0.1296286055082052,0.1283206686070459,0.1,-1.07,-0.30505100355114256,-0.32372905036712035,0.24019764059145082,-0.2549047640685987,
1791390715.3716502,balance,0.036907950210067195,-0.009402334013970684,-0.004313536115588824,0.01988737279456455,-0.03884613261231733,0.0023753537133386913,0.13396043581367034,-0.13589092806326739,0.0,-0.09442691320739456,False,-0.475,-0.475,-0.04513252262154565,-0.04820248888267697,0.1296286055082052,0.1283206686070459,0.2,-0.99,-0.31592765835081954,-0.33741742217873877,0.24876193570930671,-0.2656830095895581,
1791390715.3816411,balance,0.03721378056453766,-0.009377787895258893,-0.004339962307539588,0.02839815955871114,-0.03917838915873856,0.0023753537133386913,0.13381230197995903,-0.14095821206952577,0.0,-0.09581727121734447,False,-0.475,-0.475,-0.044726670380364944,-0.0488047407370458,0.12942703923174262,0.128119854352146,0.3,-1.1300000000000001,-0.3130866926625546,-0.3416331851593206,0.24652495485240522,-0.26900250799946507,
1791390715.3916497,balance,0.037590443980597174,-0.009364062534996189,-0.003963298891480075,0.04222771002755534,-0.03917838915873856,0.0023753537133386913,0.13381230197995903,-0.15051480571337478,0.0,-0.09729040953746455,False,-0.475,-0.475,-0.044408888780109894,-0.049836217068316986,0.12942703923174262,0.128119854352146,0.27,-1.1,-0.31086222146076925,-0.3488535194782189,0.24477340272501516,-0.2746878106127708,
1791390715.4016442,balance,0.03819517717493067,-0.009397910356308953,-0.0033585656971465783,0.0808086898257503,-0.03917838915873856,0.0023753537133386913,0.13381230197995903,-0.16630297574110262,0.0,-0.0989115847795482,False,-0.475,-0.475,-0.04464902636093077,-0.05066889567125556,0.12942703923174262,0.128119854352146,0.27,-1.08,-0.3125431845265154,-0.3546822696987889,0.24609699569016963,-0.2792773777155818,
1791390715.4116504,balance,0.03910030179541798,-0.009268637554240509,-0.0024534410766592707,0.10009213659507323,-0.03917838915873856,0.0023753537133386913,0.13381230197995903,-0.17555022199448597,0.0,-0.10064625182129519,False,-0.475,-0.475,-0.044213079778190535,-0.05014226150449422,0.12942703923174262,0.128119854352146,0.25,-1.07,-0.3094915584473337,-0.35099583053145955,0.24369414050971158,-0.27637466970981067,
1791390715.4216514,balance,0.0402294333458018,-0.009105086176256228,-0.0013243095262754504,0.12398691944677939,-0.03917838915873856,0.0023753537133386913,0.13381230197995903,-0.1811373325439928,0.0,-0.10244387857610225,False,-0.475,-0.475,-0.04307390983278982,-0.048513241535963675,0.12942703923174262,0.128119854352146,0.16,-1.06,-0.30151736882952873,-0.3395926907517457,0.23741525104687303,-0.26739581948956354,
1791390715.4316432,balance,0.041548472338582505,-0.008873997697838568,0.00015820549024587235,0.1462028188373397,-0.03901491313499794,0.0023753537133386913,0.13388651596587947,-0.17867309918719013,0.0,-0.10423285187703557,False,-0.475,-0.475,-0.040044286477376206,-0.0452580067269665,0.1296286055082052,0.128119854352146,0.15,-1.07,-0.2803100053416334,-0.3168060470887655,0.22071653963908142,-0.2494535803848547,
1791390715.4416082,balance,0.04302939182438667,-0.008702639805289195,0.001475648952309421,0.16662040641380801,-0.03917838915873856,0.0023753537133386913,0.13381230197995903,-0.18186923787987785,0.0,-0.10604339426099248,False,-0.475,-0.475,-0.0371539690466334,-0.042782730880527274,0.12942703923174262,0.128119854352146,0.16,-1.06,-0.26007778332643383,-0.29947911616369094,0.20478565616254632,-0.23581032768794563,
1791390715.451835,balance,0.044649172184542466,-0.008492378948960985,0.0030954293124652163,0.16803381994293032,-0.03917838915873856,0.0023753537133386913,0.13381230197995903,-0.18491361447796226,0.0,-0.10787630054590706,False,-0.475,-0.475,-0.03489538728888362,-0.04099344241633631,0.12942703923174262,0.128119854352146,0.27,-1.08,-0.24426771102218534,-0.2869540969143542,0.1923367803324294,-0.2259481078065781,
1791390715.4616294,balance,0.04616626234218937,-0.008407055771741745,0.0046125194701121175,0.14590984102694632,-0.03917838915873856,0.0023753537133386913,0.13381230197995903,-0.18725340785875502,0.0,-0.10974289814619169,False,-0.475,-0.475,-0.03453073605659676,-0.04126493732873426,0.12942703923174262,0.128119854352146,0.28,-1.07,-0.24171515239617733,-0.2888545613011398,0.19032689165053332,-0.22744453645759038,
1791390715.471647,balance,0.047542220280676756,-0.008247864023589678,0.0059884774085995065,0.12670845316581475,-0.03917838915873856,0.0023753537133386913,0.13381230197995903,-0.19551968922513854,0.0,-0.11169736227861073,False,-0.475,-0.475,-0.0360017497832913,-0.042836163517780614,0.12942703923174262,0.128119854352146,0.29,-1.07,-0.2520122484830391,-0.2998531446244643,0.19843484132522765,-0.23610483828697973,
1791390715.4816444,balance,0.048702368440359134,-0.007922531026735598,0.007148625568281885,0.1199956567412428,-0.03917838915873856,0.0023753537133386913,0.13381230197995903,-0.19599688887206343,0.0,-0.11366670714239005,False,-0.475,-0.475,-0.03671401544463584,-0.04358126467625678,0.12942703923174262,0.128119854352146,0.32,-1.07,-0.2569981081124509,-0.30506885273379747,0.2023607150491739,-0.24021169506598225,
1791390715.491643,balance,0.04990936553400453,-0.007569023334346284,0.008189492071019142,0.13214146977107855,-0.0393445197496467,0.0023753537133386913,0.13373815996612481,-0.19687211678739897,0.0,-0.11564546482851903,False,-0.475,-0.475,-0.03578213033606012,-0.04238731425591374,0.12922574311900256,0.128119854352146,0.36,-1.07,-0.2504749123524208,-0.29671119979139615,0.19722434043497702,-0.2336308659774773,
1791390715.501649,balance,0.05141807896876154,-0.007301567863599463,0.009698205505776152,0.1735798212506138,-0.0393445197496467,0.0023753537133386913,0.13373815996612481,-0.19173758569184365,0.0,-0.11758642124991325,False,-0.475,-0.475,-0.031132585537952888,-0.038024635609756774,0.12922574311900256,0.128119854352146,0.38,-1.07,-0.2179280987656702,-0.2661724492682974,0.17159692816194505,-0.20958460572306883,
1791390715.511647,balance,0.05325100488270769,-0.007143980558706485,0.011531131419722299,0.18160423000250073,-0.0393445197496467,0.0023753537133386913,0.13373815996612481,-0.1877445987886563,0.0,-0.11947859143105825,False,-0.475,-0.475,-0.026030727743914045,-0.033560905748834226,0.12922574311900256,0.128119854352146,0.41000000000000003,-1.08,-0.18221509420739831,-0.2349263402418396,0.1434764521318097,-0.18498137026916503,
1791390715.5216558,balance,0.054962753746168574,-0.00700701236225843,0.013242880283183184,0.15184693525841506,-0.0393445197496467,0.0023753537133386913,0.13373815996612481,-0.19000454444134407,0.0,-0.12138233044701206,False,-0.475,-0.475,-0.024706673705538282,-0.03294835643277357,0.12922574311900256,0.128119854352146,0.46,-1.08,-0.17294671593876798,-0.230638495029415,0.13617851648721888,-0.18160511419638975,
1791390715.5316496,balance,0.056098908802526395,-0.0067762451129060935,0.014212669866583455,0.08998591663180144,-0.03951088522260425,0.0023753537133386913,0.13366402304675298,-0.18713273593573929,0.0,-0.12325647863541943,False,-0.475,-0.475,-0.027090833920601513,-0.03588876594707506,0.12902444700626245,0.128119854352146,0.43,-1.09,-0.1896358374442106,-0.2512213616295254,0.14931955704268549,-0.19781209577127984,
1791390715.5416415,balance,0.057034945223095476,-0.0064595280839317825,0.015148706287152536,0.10064826666987,-0.03951088522260425,0.0023753537133386913,0.13366402304675298,-0.18268971301053177,0.0,-0.125099764871819,False,-0.475,-0.475,-0.026562818868881125,-0.03553555512906408,0.12902444700626245,0.128119854352146,0.53,-1.07,-0.18593973208216788,-0.24874888590344857,0.1464092378599747,-0.19586526449090438,
1791390715.551785,balance,0.0580748322662789,-0.006276685966954446,0.01618859333033596,0.10073439084485497,-0.03951088522260425,0.0023753537133386913,0.13366402304675298,-0.18405812286915407,0.0,-0.1269426669032862,False,-0.475,-0.475,-0.025376055688594107,-0.034398111538191355,0.12902444700626245,0.128119854352146,0.52,-1.1,-0.17763238982015875,-0.24078678076733948,0.13986802348043995,-0.18959589036798383,
1791390715.5616295,balance,0.05896680202746977,-0.0061422421150922404,0.017080563091526828,0.08292095876029192,-0.03951088522260425,0.0023753537133386913,0.13366402304675298,-0.17978753830010896,0.0,-0.12873374209609206,False,-0.475,-0.475,-0.024970160805922757,-0.03339442360797282,0.12902444700626245,0.128119854352146,0.59,-1.05,-0.1747911256414593,-0.23376096525580972,0.13763080759170024,-0.1840637521699289,
1791390715.5716388,balance,0.05951444473509754,-0.005996763495988893,0.01729194656833742,0.04263698612793062,-0.039847144453421426,0.0023753537133386913,0.13351598880973453,-0.17813135355575707,0.0,-0.13051387682268184,False,-0.475,-0.475,-0.02747468704980254,-0.0353078796127839,0.12882326153828616,0.12791905646857885,0.68,-1.1500000000000001,-0.19232280934861778,-0.2471551572894873,0.15143528295166755,-0.19461036007046245,
1791390715.581648,balance,0.05993946511677609,-0.005813805525533524,0.017716966950015976,0.04133986434148924,-0.039847144453421426,0.0023753537133386913,0.13351598880973453,-0.17412041843789003,0.0,-0.13225556467146907,False,-0.475,-0.475,-0.027232827656856595,-0.035028688185660864,0.12882326153828616,0.12791905646857885,0.67,-1.1300000000000001,-0.19062979359799617,-0.24520081729962606,0.15010219968346156,-0.19307150968474493,
1791390715.5916479,balance,0.06032974517777308,-0.005732675376280326,0.01810724701101296,0.04601350837721351,-0.039847144453421426,0.0023753537133386913,0.13351598880973453,-0.1681499285406612,0.0,-0.13396498983486582,False,-0.475,-0.475,-0.02644541630233761,-0.0339685108579796,0.12882326153828616,0.12791905646857885,0.65,-1.1400000000000001,-0.18511791411636327,-0.2377795760058572,0.14576213709949865,-0.18722801260303715,
1791390715.6016557,balance,0.06074547482094655,-0.005738406567104522,0.01852297665418643,0.035824277424175544,-0.039847144453421426,0.0023753537133386913,0.13351598880973453,-0.172118395527612,0.0,-0.13566458340067408,False,-0.475,-0.475,-0.02666886696914756,-0.033589767565220176,0.12882326153828616,0.12791905646857885,0.6900000000000001,-1.1400000000000001,-0.18668206878403293,-0.23512837295654124,0.14699375494805741,-0.18514045114688285,
1791390715.6116374,balance,0.06110382967927719,-0.005746298319436058,0.01871440983543815,0.039226143182966466,-0.04001406613050035,0.0023753537133386913,0.13344186308592607,-0.1692159711660553,0.0,-0.13736304524483053,False,-0.475,-0.475,-0.026576405731750453,-0.03327739283069989,0.1286221615729358,0.12791905646857885,0.75,-1.1300000000000001,-0.18603484012225316,-0.2329417498148992,0.1464841260805143,-0.18341870064165292,
1791390715.621647,balance,0.06154472888827294,-0.00587773276450062,0.019155309044433903,0.04328619450648187,-0.04001406613050035,0.0023753537133386913,0.13344186308592607,-0.1705300599554463,0.0,-0.13906497861848943,False,-0.475,-0.475,-0.0261826684747639,-0.032050516935906756,0.1286221615729358,0.12791905646857885,0.75,-1.1500000000000001,-0.1832786793233473,-0.22435361855134728,0.1443139207270451,-0.17665639256011598,
1791390715.6316528,balance,0.06201544209600469,-0.0062265700887769665,0.01979294392924457,0.05559516545866331,-0.039847144453421426,0.0023753537133386913,0.13351598880973453,-0.16455153786860563,0.0,-0.1407254452963524,False,-0.475,-0.475,-0.02431772381500733,-0.030035501839568452,0.12882326153828616,0.12791905646857885,0.75,-1.1400000000000001,-0.1702240667050513,-0.21024851287697915,0.13403469819295377,-0.16555001013935366,
1791390715.6416821,balance,0.062442430666696205,-0.00644166028328449,0.02021993249993609,0.0366394256773147,-0.039847144453421426,0.0023753537133386913,0.13351598880973453,-0.16306751000875233,0.0,-0.14235831257429568,False,-0.475,-0.475,-0.024013796406144136,-0.030003312806990208,0.12882326153828616,0.12791905646857885,0.73,-1.1300000000000001,-0.16809657484300894,-0.21002318964893146,0.13235950775040073,-0.16537259027474918,
1791390715.6516483,balance,0.0629893388555705,-0.006565984060370019,0.02076684068881038,0.04431085200861192,-0.039847144453421426,0.0023753537133386913,0.13351598880973453,-0.16022199365871964,0.0,-0.14396729758018906,False,-0.475,-0.475,-0.02184909510390978,-0.028440556817062188,0.12882326153828616,0.12791905646857885,0.63,-1.17,-0.15294366572736845,-0.1990838977194353,0.12042808324989641,-0.1567589745822325,
1791390715.661629,balance,0.06354480828984295,-0.006473388644643614,0.021322310123082833,0.059126674251470064,-0.039847144453421426,0.0023753537133386913,0.13351598880973453,-0.15750511654694807,0.0,-0.14555358517643577,False,-0.475,-0.475,-0.019482774948612724,-0.027023802229385337,0.12882326153828616,0.12791905646857885,0.64,-1.1500000000000001,-0.13637942464028907,-0.18916661560569736,0.10738537373251107,-0.14895009102810816,
1791390715.6716385,balance,0.06415325027508118,-0.006520509763450554,0.021930752108321058,0.057858504677201675,-0.039847144453421426,0.0023753537133386913,0.13351598880973453,-0.15934444812208398,0.0,-0.1471360591593104,False,-0.475,-0.475,-0.018884886730706298,-0.02615937149509175,0.12882326153828616,0.12791905646857885,0.62,-1.16,-0.1321942071149441,-0.18311560046564224,0.1040899268621607,-0.14418551217767106,
1791390715.681636,balance,0.06457784041831119,-0.006875330181521956,0.022355342251551072,0.038002260162374436,-0.039847144453421426,0.0023753537133386913,0.13351598880973453,-0.16146255780879035,0.0,-0.1487415219490863,False,-0.475,-0.475,-0.020488590050347585,-0.027055092493778538,0.12882326153828616,0.12791905646857885,0.64,-1.18,-0.1434201303524331,-0.18938564745644976,0.11292923649797881,-0.14912255705232264,
1791390715.69165,balance,0.06492021676613333,-0.007328959780296583,0.022527821522026897,0.027175882752814753,-0.04001704153076774,0.0023753537133386913,0.13344209163817713,-0.1570221549204747,0.0,-0.15031929112636616,False,-0.475,-0.475,-0.021254148446702953,-0.027281932793810817,0.12882326153828616,0.12771843837215507,0.64,-1.32,-0.14877903912692067,-0.19097352955667574,0.11714884970623675,-0.1503728579186423,
1791390715.7016509,balance,0.06497208078828799,-0.007610472413332033,0.02241257695456357,-0.013084932024805483,-0.04018415012038573,0.0023753537133386913,0.13336796970291764,-0.15236926263906786,0.0,-0.15185500660229337,False,-0.475,-0.475,-0.02330692827499225,-0.02913611160537707,0.1286221615729358,0.12771843837215507,0.76,-1.27,-0.16314849792494573,-0.2039527812376395,0.12846338419287065,-0.1605927411319996,
1791390715.7116401,balance,0.06482945204506782,-0.007695851275397172,0.0222699482113434,-0.021193440729077268,-0.04018415012038573,0.0023753537133386913,0.13336796970291764,-0.14515502652855042,0.0,-0.15331723499413424,False,-0.475,-0.475,-0.02324367427341648,-0.029481518645786294,0.1286221615729358,0.12771843837215507,0.77,-1.27,-0.16270571991391536,-0.20637063052050406,0.12811474008969714,-0.16249655946496383,
1791390715.7216463,balance,0.06441390118187226,-0.007703992013398779,0.02185439734814784,-0.06251744506001396,-0.04018415012038573,0.0023753537133386913,0.13336796970291764,-0.14790387976681393,0.0,-0.1547837732152127,False,-0.475,-0.475,-0.02620587000565923,-0.033131989665633445,0.1286221615729358,0.12771843837215507,0.76,-1.25,-0.18344109003961462,-0.23192392765943412,0.1444418031807989,-0.18261726587357016,
1791390715.7316673,balance,0.06385142634209219,-0.007773980931782288,0.02129192250836777,-0.04493035199058512,-0.04018415012038573,0.0023753537133386913,0.13336796970291764,-0.14425710788399798,0.0,-0.15624764058268353,False,-0.475,-0.475,-0.02673663035508841,-0.034106355552107455,0.1286221615729358,0.12771843837215507,0.77,-1.23,-0.18715641248561887,-0.2387444888647522,0.14736725392568414,-0.1879877865076789,
1791390715.741648,balance,0.06339784319122502,-0.00772686171908282,0.020838339357500596,-0.047531000231821816,-0.04018415012038573,0.0023753537133386913,0.13336796970291764,-0.14485165289255977,0.0,-0.15770054798762345,False,-0.475,-0.475,-0.02732795041883325,-0.03471964425271631,0.1286221615729358,0.12771843837215507,0.75,-1.24,-0.19129565293183276,-0.24303750976901414,0.15062649837152187,-0.1913681179283576,
1791390715.7517292,balance,0.06283784352382105,-0.007558085768729704,0.020278339690096625,-0.05103715417873799,-0.04018415012038573,0.0023753537133386913,0.13336796970291764,-0.13890886632028976,0.0,-0.15911415460399533,False,-0.475,-0.475,-0.02754614457746904,-0.035282250964533246,0.1286221615729358,0.12771843837215507,0.75,-1.23,-0.19282301204228328,-0.24697575675173272,0.15182914334038053,-0.19446909980451396,
1791390715.7616386,balance,0.06224774290335342,-0.007275963211415666,0.019688239069629,-0.07093936139406937,-0.04018415012038573,0.0023753537133386913,0.13336796970291764,-0.13180330200282675,0.0,-0.16044733039594442,False,-0.475,-0.475,-0.027660226863942507,-0.03553032635251037,0.1286221615729358,0.12771843837215507,0.77,-1.24,-0.19362158804759755,-0.2487122844675726,0.152457943344565,-0.19583644446265558,
1791390715.7716496,balance,0.06138595043665245,-0.007020365251836146,0.01882644660292803,-0.0995670717510757,-0.04018415012038573,0.0023753537133386913,0.13336796970291764,-0.12717679730434772,0.0,-0.16173714728100913,False,-0.475,-0.475,-0.02932945314053331,-0.03807305593163167,0.1286221615729358,0.12771843837215507,0.77,-1.23,-0.20530617198373316,-0.26651139152142167,0.16165840313679777,-0.2098514893869462,
1791390715.7816389,balance,0.06027485806047888,-0.006635549535693268,0.017715354226754458,-0.12778516743133828,-0.04018415012038573,0.0023753537133386913,0.13336796970291764,-0.12017387383269688,0.0,-0.16295424630855854,False,-0.475,-0.475,-0.031164104660840408,-0.04059295143652103,0.1286221615729358,0.12771843837215507,0.8,-1.23,-0.21814873262588286,-0.2841506600556472,0.17177065561093138,-0.22374067720917104,
1791390715.791649,balance,0.058882942805772456,-0.006104104502417092,0.016323438972048035,-0.14599895837985566,-0.04018415012038573,0.0023753537133386913,0.13336796970291764,-0.11974453553754145,0.0,-0.16414497799090969,False,-0.475,-0.475,-0.033755178553970346,-0.044328650851334035,0.1286221615729358,0.12771843837215507,0.79,-1.23,-0.23628624987779243,-0.31030055595933825,0.18605216525810428,-0.2443311464246758,
1791390715.8016298,balance,0.05740253617785482,-0.00539914504123775,0.014843032344130397,-0.1450475662648218,-0.04018415012038573,0.0023753537133386913,0.13336796970291764,-0.12384046874986136,0.0,-0.16538076433708326,False,-0.475,-0.475,-0.03660335826041231,-0.04764196819148849,0.1286221615729358,0.12771843837215507,0.8,-1.21,-0.25622350782288617,-0.33349377734041946,0.2017507935613277,-0.2625935254648972,
1791390715.811651,balance,0.0561160239862769,-0.0045861652178289265,0.013389225716393123,-0.12176976841439893,-0.04035144455654509,0.0023753537133386913,0.13329385149613815,-0.12483697374896305,0.0,-0.16662757630684105,False,-0.475,-0.475,-0.037618515910519644,-0.048199848246313085,0.1284210826890599,0.12771843837215507,0.81,-1.22,-0.26332961137363753,-0.3373989377241916,0.20734615068790357,-0.26566845490093827,
1791390715.8217218,balance,0.05493515907504402,-0.0038167206889599126,0.012208360805160239,-0.10294820210794016,-0.04035144455654509,0.0023753537133386913,0.13329385149613815,-0.13147784944196272,0.0,-0.1679249998367143,False,-0.475,-0.475,-0.03929480458500061,-0.04941281394117589,0.1284210826890599,0.12771843837215507,0.89,-1.24,-0.2750636320950043,-0.3458896975882312,0.21658553708268052,-0.2723540925891584,
1791390715.83163,balance,0.054073630546372424,-0.0031703802168009886,0.011346832276488646,-0.07678621311929616,-0.04035144455654509,0.0023753537133386913,0.13329385149613815,-0.1275444258091123,0.0,-0.16921328113833878,False,-0.475,-0.475,-0.03848561323849536,-0.04795505559988053,0.1284210826890599,0.12771843837215507,0.93,-1.23,-0.2693992926694675,-0.3356853891991637,0.2121254272987933,-0.2643192040938297,
1791390715.8416486,balance,0.05322950228853303,-0.002449476003201972,0.01050270401864925,-0.09652942325033409,-0.04035144455654509,0.0023753537133386913,0.13329385149613815,-0.12651216693305573,0.0,-0.17046406987269755,False,-0.475,-0.475,-0.03937970709310091,-0.048433215945093325,0.1284210826890599,0.12771843837215507,0.97,-1.25,-0.27565794965170637,-0.3390325116156533,0.2170535036627609,-0.2669547335556325,
1791390715.851676,balance,0.05202159038024815,-0.001600502994366322,0.009124392325641585,-0.1325126011054538,-0.040521844341267876,0.0023753537133386913,0.13321996114763354,-0.1308255167371711,0.0,-0.1717726611372258,False,-0.475,-0.475,-0.044102780489500275,-0.053630209233680864,0.12822026843416,0.12771843837215507,0.97,-1.24,-0.3087194634265019,-0.375411464635766,0.24308619167441095,-0.29559957845335905,
1791390715.8616292,disarmed,0.04588321793610579,0.0007617112802385138,0.009124392325641585,-0.1325126011054538,-0.04348675729171199,0.0023753537133386913,0.1319680781355351,-0.1308255167371711,0.0,-0.1717726611372258,False,-0.475,-0.475,-0.044102780489500275,-0.053630209233680864,0.12641664546527226,0.12611697630800206,0.97,-1.24,-0.3087194634265019,-0.375411464635766,0.24308619167441095,-0.29559957845335905,
1791390715.8743055,disarmed,0.04588321793610579,0.0007617112802385138,0.009124392325641585,-0.1325126011054538,-0.04348675729171199,0.0023753537133386913,0.1319680781355351,-0.1308255167371711,0.0,-0.1717726611372258,False,-0.475,-0.475,-0.044102780489500275,-0.053630209233680864,0.12641664546527226,0.12611697630800206,0.97,-1.24,-0.3087194634265019,-0.375411464635766,0.24308619167441095,-0.29559957845335905,
1791390715.881635,disarmed,0.04426164058792659,0.0011612901441698641,0.009124392325641585,-0.1325126011054538,-0.04402554869141817,0.0023753537133386913,0.13174802810982483,-0.1308255167371711,0.0,-0.1717726611372258,False,-0.475,-0.475,-0.044102780489500275,-0.053630209233680864,0.12601709581366763,0.12591723146820796,0.97,-1.24,-0.3087194634265019,-0.375411464635766,0.24308619167441095,-0.29559957845335905,
1791390715.8916402,disarmed,0.03861940403468237,0.002013620097232169,0.009124392325641585,-0.1325126011054538,-0.04566182533392797,0.0023753537133386913,0.13108844679429793,-0.1308255167371711,0.0,-0.1717726611372258,False,-0.475,-0.475,-0.044102780489500275,-0.053630209233680864,0.1250199459488598,0.1251195654489377,0.97,-1.24,-0.3087194634265019,-0.375411464635766,0.24308619167441095,-0.29559957845335905,
1791390715.9016323,disarmed,0.03197439947473687,0.0030204347542182337,0.009124392325641585,-0.1325126011054538,-0.0480945528624625,0.0023753537133386913,0.13013943712659726,-0.1308255167371711,0.0,-0.1717726611372258,False,-0.475,-0.475,-0.044102780489500275,-0.053630209233680864,0.12382735384495829,0.12372818464858414,0.97,-1.24,-0.3087194634265019,-0.375411464635766,0.24308619167441095,-0.29559957845335905,
1791390715.911637,disarmed,0.023331118494665973,0.004034334367559282,0.009124392325641585,-0.1325126011054538,-0.05071734138160469,0.0023753537133386913,0.1291563573025948,-0.1308255167371711,0.0,-0.1717726611372258,False,-0.475,-0.475,-0.044102780489500275,-0.053630209233680864,0.1224791,0.1224791,0.97,-1.24,-0.3087194634265019,-0.375411464635766,0.24308619167441095,-0.29559957845335905,
1791390715.9216511,disarmed,0.015305309479374514,0.004838726724194135,0.009124392325641585,-0.1325126011054538,-0.05071734138160469,0.0023753537133386913,0.1291563573025948,-0.1308255167371711,0.0,-0.1717726611372258,False,-0.475,-0.475,-0.044102780489500275,-0.053630209233680864,0.1224791,0.1224791,0.97,-1.24,-0.3087194634265019,-0.375411464635766,0.24308619167441095,-0.29559957845335905,
1791390715.9316273,disarmed,0.007758930885118032,0.0056636184463485185,0.009124392325641585,-0.1325126011054538,-0.05071734138160469,0.0023753537133386913,0.1291563573025948,-0.1308255167371711,0.0,-0.1717726611372258,False,-0.475,-0.475,-0.044102780489500275,-0.053630209233680864,0.1224791,0.1224791,0.97,-1.24,-0.3087194634265019,-0.375411464635766,0.24308619167441095,-0.29559957845335905,
1791390715.94165,disarmed,-0.0009229747170011553,0.006064447276461047,0.009124392325641585,-0.1325126011054538,-0.05071734138160469,0.0023753537133386913,0.1291563573025948,-0.1308255167371711,0.0,-0.1717726611372258,False,-0.475,-0.475,-0.044102780489500275,-0.053630209233680864,0.1224791,0.1224791,0.97,-1.24,-0.3087194634265019,-0.375411464635766,0.24308619167441095,-0.29559957845335905,
1791390715.9516737,disarmed,-0.01174872472903605,0.0077234355404747984,0.009124392325641585,-0.1325126011054538,-0.05071734138160469,0.0023753537133386913,0.1291563573025948,-0.1308255167371711,0.0,-0.1717726611372258,False,-0.475,-0.475,-0.044102780489500275,-0.053630209233680864,0.1224791,0.1224791,0.97,-1.24,-0.3087194634265019,-0.375411464635766,0.24308619167441095,-0.29559957845335905,
1791390715.9616318,disarmed,-0.021438994918793464,0.012508678070924359,0.009124392325641585,-0.1325126011054538,-0.05071734138160469,0.0023753537133386913,0.1291563573025948,-0.1308255167371711,0.0,-0.1717726611372258,False,-0.475,-0.475,-0.044102780489500275,-0.053630209233680864,0.1224791,0.1224791,0.97,-1.24,-0.3087194634265019,-0.375411464635766,0.24308619167441095,-0.29559957845335905,
1791390715.9716454,disarmed,-0.03197444025651401,0.01658074177382613,0.009124392325641585,-0.1325126011054538,-0.05071734138160469,0.0023753537133386913,0.1291563573025948,-0.1308255167371711,0.0,-0.1717726611372258,False,-0.475,-0.475,-0.044102780489500275,-0.053630209233680864,0.1224791,0.1224791,0.97,-1.24,-0.3087194634265019,-0.375411464635766,0.24308619167441095,-0.29559957845335905,
1791390715.9816504,disarmed,-0.044739970304495995,0.01756099778817,0.009124392325641585,-0.1325126011054538,-0.05071734138160469,0.0023753537133386913,0.1291563573025948,-0.1308255167371711,0.0,-0.1717726611372258,False,-0.475,-0.475,-0.044102780489500275,-0.053630209233680864,0.1224791,0.1224791,0.97,-1.24,-0.3087194634265019,-0.375411464635766,0.24308619167441095,-0.29559957845335905,
1791390715.9916468,disarmed,-0.05822053409520602,0.016594095826800118,0.009124392325641585,-0.1325126011054538,-0.05071734138160469,0.0023753537133386913,0.1291563573025948,-0.1308255167371711,0.0,-0.1717726611372258,False,-0.475,-0.475,-0.044102780489500275,-0.053630209233680864,0.1224791,0.1224791,0.97,-1.24,-0.3087194634265019,-0.375411464635766,0.24308619167441095,-0.29559957845335905,
1791390716.0016365,disarmed,-0.06909908015246431,0.016012495059613243,0.009124392325641585,-0.1325126011054538,-0.05071734138160469,0.0023753537133386913,0.1291563573025948,-0.1308255167371711,0.0,-0.1717726611372258,False,-0.475,-0.475,-0.044102780489500275,-0.053630209233680864,0.1224791,0.1224791,0.97,-1.24,-0.3087194634265019,-0.375411464635766,0.24308619167441095,-0.29559957845335905,
1791390716.0116396,disarmed,-0.0777616842859527,0.01809314911356953,0.009124392325641585,-0.1325126011054538,-0.05071734138160469,0.0023753537133386913,0.1291563573025948,-0.1308255167371711,0.0,-0.1717726611372258,False,-0.475,-0.475,-0.044102780489500275,-0.053630209233680864,0.1224791,0.1224791,0.97,-1.24,-0.3087194634265019,-0.375411464635766,0.24308619167441095,-0.29559957845335905,
1791390716.021713,disarmed,-0.08501008414719727,0.02027215183296036,0.009124392325641585,-0.1325126011054538,-0.05071734138160469,0.0023753537133386913,0.1291563573025948,-0.1308255167371711,0.0,-0.1717726611372258,False,-0.475,-0.475,-0.044102780489500275,-0.053630209233680864,0.1224791,0.1224791,0.97,-1.24,-0.3087194634265019,-0.375411464635766,0.24308619167441095,-0.29559957845335905,
1791390716.0316708,disarmed,-0.0925341695444567,0.02093094870096559,0.009124392325641585,-0.1325126011054538,-0.05071734138160469,0.0023753537133386913,0.1291563573025948,-0.1308255167371711,0.0,-0.1717726611372258,False,-0.475,-0.475,-0.044102780489500275,-0.053630209233680864,0.1224791,0.1224791,0.97,-1.24,-0.3087194634265019,-0.375411464635766,0.24308619167441095,-0.29559957845335905,
1791390716.0416615,disarmed,-0.09962064130323207,0.02102532355233192,0.009124392325641585,-0.1325126011054538,-0.05071734138160469,0.0023753537133386913,0.1291563573025948,-0.1308255167371711,0.0,-0.1717726611372258,False,-0.475,-0.475,-0.044102780489500275,-0.053630209233680864,0.1224791,0.1224791,0.97,-1.24,-0.3087194634265019,-0.375411464635766,0.24308619167441095,-0.29559957845335905,
1791390716.051716,disarmed,-0.10604766700243524,0.021158350659283547,0.009124392325641585,-0.1325126011054538,-0.05071734138160469,0.0023753537133386913,0.1291563573025948,-0.1308255167371711,0.0,-0.1717726611372258,False,-0.475,-0.475,-0.044102780489500275,-0.053630209233680864,0.1224791,0.1224791,0.97,-1.24,-0.3087194634265019,-0.375411464635766,0.24308619167441095,-0.29559957845335905,
1791390716.0616522,disarmed,-0.11260784606653204,0.02226718610716362,0.009124392325641585,-0.1325126011054538,-0.05071734138160469,0.0023753537133386913,0.1291563573025948,-0.1308255167371711,0.0,-0.1717726611372258,False,-0.475,-0.475,-0.044102780489500275,-0.053630209233680864,0.1224791,0.1224791,0.97,-1.24,-0.3087194634265019,-0.375411464635766,0.24308619167441095,-0.29559957845335905,
1791390716.0716407,disarmed,-0.1197230317626477,0.02210720508275391,0.009124392325641585,-0.1325126011054538,-0.05071734138160469,0.0023753537133386913,0.1291563573025948,-0.1308255167371711,0.0,-0.1717726611372258,False,-0.475,-0.475,-0.044102780489500275,-0.053630209233680864,0.1224791,0.1224791,0.97,-1.24,-0.3087194634265019,-0.375411464635766,0.24308619167441095,-0.29559957845335905,
1791390716.081646,disarmed,-0.1265609154430965,0.020973786408005495,0.009124392325641585,-0.1325126011054538,-0.05071734138160469,0.0023753537133386913,0.1291563573025948,-0.1308255167371711,0.0,-0.1717726611372258,False,-0.475,-0.475,-0.044102780489500275,-0.053630209233680864,0.1224791,0.1224791,0.97,-1.24,-0.3087194634265019,-0.375411464635766,0.24308619167441095,-0.29559957845335905,
1791390716.0916445,disarmed,-0.13186176632566637,0.019937350268358092,0.009124392325641585,-0.1325126011054538,-0.05071734138160469,0.0023753537133386913,0.1291563573025948,-0.1308255167371711,0.0,-0.1717726611372258,False,-0.475,-0.475,-0.044102780489500275,-0.053630209233680864,0.1224791,0.1224791,0.97,-1.24,-0.3087194634265019,-0.375411464635766,0.24308619167441095,-0.29559957845335905,
1791390716.101651,disarmed,-0.1362047285054881,0.01951185994209589,0.009124392325641585,-0.1325126011054538,-0.05071734138160469,0.0023753537133386913,0.1291563573025948,-0.1308255167371711,0.0,-0.1717726611372258,False,-0.475,-0.475,-0.044102780489500275,-0.053630209233680864,0.1224791,0.1224791,0.97,-1.24,-0.3087194634265019,-0.375411464635766,0.24308619167441095,-0.29559957845335905,
1791390716.1116333,disarmed,-0.14103626482938883,0.01886968580062686,0.009124392325641585,-0.1325126011054538,-0.05071734138160469,0.0023753537133386913,0.1291563573025948,-0.1308255167371711,0.0,-0.1717726611372258,False,-0.475,-0.475,-0.044102780489500275,-0.053630209233680864,0.1224791,0.1224791,0.97,-1.24,-0.3087194634265019,-0.375411464635766,0.24308619167441095,-0.29559957845335905,
1791390716.1216574,disarmed,-0.1458912044658959,0.017904972281478963,0.009124392325641585,-0.1325126011054538,-0.05071734138160469,0.0023753537133386913,0.1291563573025948,-0.1308255167371711,0.0,-0.1717726611372258,False,-0.475,-0.475,-0.044102780489500275,-0.053630209233680864,0.1224791,0.1224791,0.97,-1.24,-0.3087194634265019,-0.375411464635766,0.24308619167441095,-0.29559957845335905,
1791390716.13163,disarmed,-0.14968534149379134,0.016994098485259658,0.009124392325641585,-0.1325126011054538,-0.05071734138160469,0.0023753537133386913,0.1291563573025948,-0.1308255167371711,0.0,-0.1717726611372258,False,-0.475,-0.475,-0.044102780489500275,-0.053630209233680864,0.1224791,0.1224791,0.97,-1.24,-0.3087194634265019,-0.375411464635766,0.24308619167441095,-0.29559957845335905,
1791390716.1416416,disarmed,-0.1526046810715434,0.01631241238511299,0.009124392325641585,-0.1325126011054538,-0.05071734138160469,0.0023753537133386913,0.1291563573025948,-0.1308255167371711,0.0,-0.1717726611372258,False,-0.475,-0.475,-0.044102780489500275,-0.053630209233680864,0.1224791,0.1224791,0.97,-1.24,-0.3087194634265019,-0.375411464635766,0.24308619167441095,-0.29559957845335905,
1791390716.151746,disarmed,-0.15551109351100764,0.015840203835126687,0.009124392325641585,-0.1325126011054538,-0.05071734138160469,0.0023753537133386913,0.1291563573025948,-0.1308255167371711,0.0,-0.1717726611372258,False,-0.475,-0.475,-0.044102780489500275,-0.053630209233680864,0.1224791,0.1224791,0.97,-1.24,-0.3087194634265019,-0.375411464635766,0.24308619167441095,-0.29559957845335905,
1791390716.161631,disarmed,-0.1580469888217304,0.015679359206787518,0.009124392325641585,-0.1325126011054538,-0.05071734138160469,0.0023753537133386913,0.1291563573025948,-0.1308255167371711,0.0,-0.1717726611372258,False,-0.475,-0.475,-0.044102780489500275,-0.053630209233680864,0.1224791,0.1224791,0.97,-1.24,-0.3087194634265019,-0.375411464635766,0.24308619167441095,-0.29559957845335905,
1791390716.1716444,disarmed,-0.15960013057453362,0.015684640408917608,0.009124392325641585,-0.1325126011054538,-0.05071734138160469,0.0023753537133386913,0.1291563573025948,-0.1308255167371711,0.0,-0.1717726611372258,False,-0.475,-0.475,-0.044102780489500275,-0.053630209233680864,0.1224791,0.1224791,0.97,-1.24,-0.3087194634265019,-0.375411464635766,0.24308619167441095,-0.29559957845335905,
1791390716.181644,disarmed,-0.16054538053171274,0.015789624170690582,0.009124392325641585,-0.1325126011054538,-0.05071734138160469,0.0023753537133386913,0.1291563573025948,-0.1308255167371711,0.0,-0.1717726611372258,False,-0.475,-0.475,-0.044102780489500275,-0.053630209233680864,0.1224791,0.1224791,0.97,-1.24,-0.3087194634265019,-0.375411464635766,0.24308619167441095,-0.29559957845335905,
1791390716.1916401,disarmed,-0.1611958955348509,0.01607809039701173,0.009124392325641585,-0.1325126011054538,-0.05071734138160469,0.0023753537133386913,0.1291563573025948,-0.1308255167371711,0.0,-0.1717726611372258,False,-0.475,-0.475,-0.044102780489500275,-0.053630209233680864,0.1224791,0.1224791,0.97,-1.24,-0.3087194634265019,-0.375411464635766,0.24308619167441095,-0.29559957845335905,
1791390716.2016466,disarmed,-0.16182168886969295,0.016467010414630768,0.009124392325641585,-0.1325126011054538,-0.05071734138160469,0.0023753537133386913,0.1291563573025948,-0.1308255167371711,0.0,-0.1717726611372258,False,-0.475,-0.475,-0.044102780489500275,-0.053630209233680864,0.1224791,0.1224791,0.97,-1.24,-0.3087194634265019,-0.375411464635766,0.24308619167441095,-0.29559957845335905,
1791390716.211645,disarmed,-0.16227069222104404,0.017015593421705676,0.009124392325641585,-0.1325126011054538,-0.05071734138160469,0.0023753537133386913,0.1291563573025948,-0.1308255167371711,0.0,-0.1717726611372258,False,-0.475,-0.475,-0.044102780489500275,-0.053630209233680864,0.1224791,0.1224791,0.97,-1.24,-0.3087194634265019,-0.375411464635766,0.24308619167441095,-0.29559957845335905,
1791390716.2216456,disarmed,-0.16258910863466688,0.017613556008253446,0.009124392325641585,-0.1325126011054538,-0.05071734138160469,0.0023753537133386913,0.1291563573025948,-0.1308255167371711,0.0,-0.1717726611372258,False,-0.475,-0.475,-0.044102780489500275,-0.053630209233680864,0.1224791,0.1224791,0.97,-1.24,-0.3087194634265019,-0.375411464635766,0.24308619167441095,-0.29559957845335905,
1791390716.2317069,disarmed,-0.16293814104252166,0.018165804308533755,0.009124392325641585,-0.1325126011054538,-0.05071734138160469,0.0023753537133386913,0.1291563573025948,-0.1308255167371711,0.0,-0.1717726611372258,False,-0.475,-0.475,-0.044102780489500275,-0.053630209233680864,0.1224791,0.1224791,0.97,-1.24,-0.3087194634265019,-0.375411464635766,0.24308619167441095,-0.29559957845335905,
1791390716.24165,disarmed,-0.1630398388761114,0.01873349434109781,0.009124392325641585,-0.1325126011054538,-0.05071734138160469,0.0023753537133386913,0.1291563573025948,-0.1308255167371711,0.0,-0.1717726611372258,False,-0.475,-0.475,-0.044102780489500275,-0.053630209233680864,0.1224791,0.1224791,0.97,-1.24,-0.3087194634265019,-0.375411464635766,0.24308619167441095,-0.29559957845335905,
1791390716.251704,disarmed,-0.16297675435639086,0.019210865304230114,0.009124392325641585,-0.1325126011054538,-0.05071734138160469,0.0023753537133386913,0.1291563573025948,-0.1308255167371711,0.0,-0.1717726611372258,False,-0.475,-0.475,-0.044102780489500275,-0.053630209233680864,0.1224791,0.1224791,0.97,-1.24,-0.3087194634265019,-0.375411464635766,0.24308619167441095,-0.29559957845335905,
1791390716.2616546,disarmed,-0.16277570690412063,0.019524027279445678,0.009124392325641585,-0.1325126011054538,-0.05071734138160469,0.0023753537133386913,0.1291563573025948,-0.1308255167371711,0.0,-0.1717726611372258,False,-0.475,-0.475,-0.044102780489500275,-0.053630209233680864,0.1224791,0.1224791,0.97,-1.24,-0.3087194634265019,-0.375411464635766,0.24308619167441095,-0.29559957845335905,
1791390716.2716498,disarmed,-0.1623744200017975,0.01960927211377919,0.009124392325641585,-0.1325126011054538,-0.05071734138160469,0.0023753537133386913,0.1291563573025948,-0.1308255167371711,0.0,-0.1717726611372258,False,-0.475,-0.475,-0.044102780489500275,-0.053630209233680864,0.1224791,0.1224791,0.97,-1.24,-0.3087194634265019,-0.375411464635766,0.24308619167441095,-0.29559957845335905,
1791390716.2816405,disarmed,-0.16198429507010642,0.019430143797860566,0.009124392325641585,-0.1325126011054538,-0.05071734138160469,0.0023753537133386913,0.1291563573025948,-0.1308255167371711,0.0,-0.1717726611372258,False,-0.475,-0.475,-0.044102780489500275,-0.053630209233680864,0.1224791,0.1224791,0.97,-1.24,-0.3087194634265019,-0.375411464635766,0.24308619167441095,-0.29559957845335905,
1791390716.2916932,disarmed,-0.16174007955614705,0.018971778418188076,0.009124392325641585,-0.1325126011054538,-0.05071734138160469,0.0023753537133386913,0.1291563573025948,-0.1308255167371711,0.0,-0.1717726611372258,False,-0.475,-0.475,-0.044102780489500275,-0.053630209233680864,0.1224791,0.1224791,0.97,-1.24,-0.3087194634265019,-0.375411464635766,0.24308619167441095,-0.29559957845335905,
1791390716.3016634,disarmed,-0.16166100552352666,0.01844585822462259,0.009124392325641585,-0.1325126011054538,-0.05071734138160469,0.0023753537133386913,0.1291563573025948,-0.1308255167371711,0.0,-0.1717726611372258,False,-0.475,-0.475,-0.044102780489500275,-0.053630209233680864,0.1224791,0.1224791,0.97,-1.24,-0.3087194634265019,-0.375411464635766,0.24308619167441095,-0.29559957845335905,
1791390716.3116474,disarmed,-0.16168378651543,0.017959607448342362,0.009124392325641585,-0.1325126011054538,-0.05071734138160469,0.0023753537133386913,0.1291563573025948,-0.1308255167371711,0.0,-0.1717726611372258,False,-0.475,-0.475,-0.044102780489500275,-0.053630209233680864,0.1224791,0.1224791,0.97,-1.24,-0.3087194634265019,-0.375411464635766,0.24308619167441095,-0.29559957845335905,
1791390716.3217664,disarmed,-0.16197004207150453,0.017482877384974227,0.009124392325641585,-0.1325126011054538,-0.05071734138160469,0.0023753537133386913,0.1291563573025948,-0.1308255167371711,0.0,-0.1717726611372258,False,-0.475,-0.475,-0.044102780489500275,-0.053630209233680864,0.1224791,0.1224791,0.97,-1.24,-0.3087194634265019,-0.375411464635766,0.24308619167441095,-0.29559957845335905,
1791390716.3316371,disarmed,-0.16257519759618716,0.016946495658301385,0.009124392325641585,-0.1325126011054538,-0.05071734138160469,0.0023753537133386913,0.1291563573025948,-0.1308255167371711,0.0,-0.1717726611372258,False,-0.475,-0.475,-0.044102780489500275,-0.053630209233680864,0.1224791,0.1224791,0.97,-1.24,-0.3087194634265019,-0.375411464635766,0.24308619167441095,-0.29559957845335905,
1791390716.3416505,disarmed,-0.16335405222862479,0.01636169331432133,0.009124392325641585,-0.1325126011054538,-0.05071734138160469,0.0023753537133386913,0.1291563573025948,-0.1308255167371711,0.0,-0.1717726611372258,False,-0.475,-0.475,-0.044102780489500275,-0.053630209233680864,0.1224791,0.1224791,0.97,-1.24,-0.3087194634265019,-0.375411464635766,0.24308619167441095,-0.29559957845335905,
1791390716.3516629,disarmed,-0.16418908071728072,0.016000811639332046,0.009124392325641585,-0.1325126011054538,-0.05071734138160469,0.0023753537133386913,0.1291563573025948,-0.1308255167371711,0.0,-0.1717726611372258,False,-0.475,-0.475,-0.044102780489500275,-0.053630209233680864,0.1224791,0.1224791,0.97,-1.24,-0.3087194634265019,-0.375411464635766,0.24308619167441095,-0.29559957845335905,
1791390716.3616297,disarmed,-0.16535964969844674,0.015798560384506062,0.009124392325641585,-0.1325126011054538,-0.05071734138160469,0.0023753537133386913,0.1291563573025948,-0.1308255167371711,0.0,-0.1717726611372258,False,-0.475,-0.475,-0.044102780489500275,-0.053630209233680864,0.1224791,0.1224791,0.97,-1.24,-0.3087194634265019,-0.375411464635766,0.24308619167441095,-0.29559957845335905,
1791390716.3716476,disarmed,-0.1667193669843514,0.015472161133168117,0.009124392325641585,-0.1325126011054538,-0.05071734138160469,0.0023753537133386913,0.1291563573025948,-0.1308255167371711,0.0,-0.1717726611372258,False,-0.475,-0.475,-0.044102780489500275,-0.053630209233680864,0.1224791,0.1224791,0.97,-1.24,-0.3087194634265019,-0.375411464635766,0.24308619167441095,-0.29559957845335905,
1791390716.3816476,disarmed,-0.16812305939707559,0.015158517133265633,0.009124392325641585,-0.1325126011054538,-0.05071734138160469,0.0023753537133386913,0.1291563573025948,-0.1308255167371711,0.0,-0.1717726611372258,False,-0.475,-0.475,-0.044102780489500275,-0.053630209233680864,0.1224791,0.1224791,0.97,-1.24,-0.3087194634265019,-0.375411464635766,0.24308619167441095,-0.29559957845335905,
1791390716.3916376,disarmed,-0.16924221398471478,0.015187328424721133,0.009124392325641585,-0.1325126011054538,-0.05071734138160469,0.0023753537133386913,0.1291563573025948,-0.1308255167371711,0.0,-0.1717726611372258,False,-0.475,-0.475,-0.044102780489500275,-0.053630209233680864,0.1224791,0.1224791,0.97,-1.24,-0.3087194634265019,-0.375411464635766,0.24308619167441095,-0.29559957845335905,
1791390716.4016373,disarmed,-0.1701970818330594,0.015294520144735575,0.009124392325641585,-0.1325126011054538,-0.05071734138160469,0.0023753537133386913,0.1291563573025948,-0.1308255167371711,0.0,-0.1717726611372258,False,-0.475,-0.475,-0.044102780489500275,-0.053630209233680864,0.1224791,0.1224791,0.97,-1.24,-0.3087194634265019,-0.375411464635766,0.24308619167441095,-0.29559957845335905,
1791390716.4116378,disarmed,-0.1709212483739046,0.015389340172164492,0.009124392325641585,-0.1325126011054538,-0.05071734138160469,0.0023753537133386913,0.1291563573025948,-0.1308255167371711,0.0,-0.1717726611372258,False,-0.475,-0.475,-0.044102780489500275,-0.053630209233680864,0.1224791,0.1224791,0.97,-1.24,-0.3087194634265019,-0.375411464635766,0.24308619167441095,-0.29559957845335905,
1791390716.421656,disarmed,-0.17152374203620266,0.015505001583305646,0.009124392325641585,-0.1325126011054538,-0.05071734138160469,0.0023753537133386913,0.1291563573025948,-0.1308255167371711,0.0,-0.1717726611372258,False,-0.475,-0.475,-0.044102780489500275,-0.053630209233680864,0.1224791,0.1224791,0.97,-1.24,-0.3087194634265019,-0.375411464635766,0.24308619167441095,-0.29559957845335905,
1791390716.4316452,disarmed,-0.17180933602934248,0.015789598759489296,0.009124392325641585,-0.1325126011054538,-0.05071734138160469,0.0023753537133386913,0.1291563573025948,-0.1308255167371711,0.0,-0.1717726611372258,False,-0.475,-0.475,-0.044102780489500275,-0.053630209233680864,0.1224791,0.1224791,0.97,-1.24,-0.3087194634265019,-0.375411464635766,0.24308619167441095,-0.29559957845335905,
1791390716.4416363,disarmed,-0.17179887009879882,0.016111502481269437,0.009124392325641585,-0.1325126011054538,-0.05071734138160469,0.0023753537133386913,0.1291563573025948,-0.1308255167371711,0.0,-0.1717726611372258,False,-0.475,-0.475,-0.044102780489500275,-0.053630209233680864,0.1224791,0.1224791,0.97,-1.24,-0.3087194634265019,-0.375411464635766,0.24308619167441095,-0.29559957845335905,
1791390716.451646,disarmed,-0.17162226822194332,0.016482824417746397,0.009124392325641585,-0.1325126011054538,-0.05071734138160469,0.0023753537133386913,0.1291563573025948,-0.1308255167371711,0.0,-0.1717726611372258,False,-0.475,-0.475,-0.044102780489500275,-0.053630209233680864,0.1224791,0.1224791,0.97,-1.24,-0.3087194634265019,-0.375411464635766,0.24308619167441095,-0.29559957845335905,
1791390716.461634,disarmed,-0.17114657563781152,0.016680707896247305,0.009124392325641585,-0.1325126011054538,-0.05071734138160469,0.0023753537133386913,0.1291563573025948,-0.1308255167371711,0.0,-0.1717726611372258,False,-0.475,-0.475,-0.044102780489500275,-0.053630209233680864,0.1224791,0.1224791,0.97,-1.24,-0.3087194634265019,-0.375411464635766,0.24308619167441095,-0.29559957845335905,
1791390716.4716382,disarmed,-0.17034045714704013,0.016630453691374707,0.009124392325641585,-0.1325126011054538,-0.05071734138160469,0.0023753537133386913,0.1291563573025948,-0.1308255167371711,0.0,-0.1717726611372258,False,-0.475,-0.475,-0.044102780489500275,-0.053630209233680864,0.1224791,0.1224791,0.97,-1.24,-0.3087194634265019,-0.375411464635766,0.24308619167441095,-0.29559957845335905,
1791390716.481652,disarmed,-0.16899651754505826,0.016247571470220427,0.009124392325641585,-0.1325126011054538,-0.05071734138160469,0.0023753537133386913,0.1291563573025948,-0.1308255167371711,0.0,-0.1717726611372258,False,-0.475,-0.475,-0.044102780489500275,-0.053630209233680864,0.1224791,0.1224791,0.97,-1.24,-0.3087194634265019,-0.375411464635766,0.24308619167441095,-0.29559957845335905,
1791390716.491644,disarmed,-0.16762108940469636,0.015862758825978606,0.009124392325641585,-0.1325126011054538,-0.05071734138160469,0.0023753537133386913,0.1291563573025948,-0.1308255167371711,0.0,-0.1717726611372258,False,-0.475,-0.475,-0.044102780489500275,-0.053630209233680864,0.1224791,0.1224791,0.97,-1.24,-0.3087194634265019,-0.375411464635766,0.24308619167441095,-0.29559957845335905,
1791390716.5016353,disarmed,-0.16631064528863668,0.015544420668262648,0.009124392325641585,-0.1325126011054538,-0.05071734138160469,0.0023753537133386913,0.1291563573025948,-0.1308255167371711,0.0,-0.1717726611372258,False,-0.475,-0.475,-0.044102780489500275,-0.053630209233680864,0.1224791,0.1224791,0.97,-1.24,-0.3087194634265019,-0.375411464635766,0.24308619167441095,-0.29559957845335905,
1791390716.5116339,disarmed,-0.1649121487252081,0.01501480285580165,0.009124392325641585,-0.1325126011054538,-0.05071734138160469,0.0023753537133386913,0.1291563573025948,-0.1308255167371711,0.0,-0.1717726611372258,False,-0.475,-0.475,-0.044102780489500275,-0.053630209233680864,0.1224791,0.1224791,0.97,-1.24,-0.3087194634265019,-0.375411464635766,0.24308619167441095,-0.29559957845335905,
