t,mode,pitch,roll,th,thd,th_kin,th_bias,l_pend,v,v_ref,x_err,lifted,a0,a1,a2,a3,hL,hR,IhL,IhR,tauwL,tauwR,IwL,IwR,fault
1791372902.205657,disarmed,0.08160498178650795,0.0010384951275765018,0.0,0.0,-0.08126060329150546,0.0,0.1291563573025948,0.0,0.0,0.0,False,0.0,0.0,0.0,0.0,0.1224791,0.1224791,0.0,0.0,0.0,0.0,0.0,0.0,
1791372902.2156518,disarmed,0.08148072482829465,0.0010366247734894072,0.0,0.0,-0.08126060329150546,0.0,0.1291563573025948,0.0,0.0,0.0,False,0.0,0.0,0.0,0.0,0.1224791,0.1224791,0.0,0.0,0.0,0.0,0.0,0.0,
1791372902.2256427,disarmed,0.08134047043687305,0.0010344814825081507,0.0,0.0,-0.08126060329150546,0.0,0.1291563573025948,0.0,0.0,0.0,False,0.0,0.0,0.0,0.0,0.1224791,0.1224791,0.0,0.0,0.0,0.0,0.0,0.0,
1791372902.2356577,disarmed,0.08117075883537689,0.0010025283798018184,0.0,0.0,-0.08126060329150546,0.0,0.1291563573025948,0.0,0.0,0.0,False,0.0,0.0,0.0,0.0,0.1224791,0.1224791,0.0,0.0,0.0,0.0,0.0,0.0,
1791372902.2456546,disarmed,0.08101372788978929,0.0009981385951218088,0.0,0.0,-0.08126060329150546,0.0,0.1291563573025948,0.0,0.0,0.0,False,0.0,0.0,0.0,0.0,0.1224791,0.1224791,0.0,0.0,0.0,0.0,0.0,0.0,
1791372902.2556036,disarmed,0.08086150094611386,0.0010247393454765519,0.0,0.0,-0.08126060329150546,0.0,0.1291563573025948,0.0,0.0,0.0,False,0.0,0.0,0.0,0.0,0.1224791,0.1224791,0.0,0.0,0.0,0.0,0.0,0.0,
1791372902.2656574,disarmed,0.08074800958766017,0.0010468236987428504,0.0,0.0,-0.08126060329150546,0.0,0.1291563573025948,0.0,0.0,0.0,False,0.0,0.0,0.0,0.0,0.1224791,0.1224791,0.0,0.0,0.0,0.0,0.0,0.0,
1791372902.2757037,disarmed,0.08070085459063371,0.0009722592359203999,0.0,0.0,-0.08126060329150546,0.0,0.1291563573025948,0.0,0.0,0.0,False,0.0,0.0,0.0,0.0,0.1224791,0.1224791,0.0,0.0,0.0,0.0,0.0,0.0,
1791372902.2856317,disarmed,0.08066096115508657,0.0009238989924642237,0.0,0.0,-0.08126060329150546,0.0,0.1291563573025948,0.0,0.0,0.0,False,0.0,0.0,0.0,0.0,0.1224791,0.1224791,0.0,0.0,0.0,0.0,0.0,0.0,
1791372902.2957108,disarmed,0.08061566587398633,0.0009259104486308877,0.0,0.0,-0.08126060329150546,0.0,0.1291563573025948,0.0,0.0,0.0,False,0.0,0.0,0.0,0.0,0.1224791,0.1224791,0.0,0.0,0.0,0.0,0.0,0.0,
1791372902.305604,disarmed,0.08060950433726552,0.0009279023176726703,0.0,0.0,-0.08126060329150546,0.0,0.1291563573025948,0.0,0.0,0.0,False,0.0,0.0,0.0,0.0,0.1224791,0.1224791,0.0,0.0,0.0,0.0,0.0,0.0,
1791372902.315685,disarmed,0.08058413706832064,0.000918052800798301,0.0,0.0,-0.08126060329150546,0.0,0.1291563573025948,0.0,0.0,0.0,False,0.0,0.0,0.0,0.0,0.1224791,0.1224791,0.0,0.0,0.0,0.0,0.0,0.0,
1791372902.3256636,disarmed,0.0805815337419221,0.0009165925219003857,0.0,0.0,-0.08126060329150546,0.0,0.1291563573025948,0.0,0.0,0.0,False,0.0,0.0,0.0,0.0,0.1224791,0.1224791,0.0,0.0,0.0,0.0,0.0,0.0,
1791372902.335649,disarmed,0.08057443120452808,0.0008894391413798766,0.0,0.0,-0.08126060329150546,0.0,0.1291563573025948,0.0,0.0,0.0,False,0.0,0.0,0.0,0.0,0.1224791,0.1224791,0.0,0.0,0.0,0.0,0.0,0.0,
1791372902.3456755,disarmed,0.0805953894027569,0.0008794289276883764,0.0,0.0,-0.08126060329150546,0.0,0.1291563573025948,0.0,0.0,0.0,False,0.0,0.0,0.0,0.0,0.1224791,0.1224791,0.0,0.0,0.0,0.0,0.0,0.0,
1791372902.355692,disarmed,0.08062050235383605,0.0009034258809749626,0.0,0.0,-0.08126060329150546,0.0,0.1291563573025948,0.0,0.0,0.0,False,0.0,0.0,0.0,0.0,0.1224791,0.1224791,0.0,0.0,0.0,0.0,0.0,0.0,
1791372902.365719,disarmed,0.08060703465499999,0.0009640416573388023,0.0,0.0,-0.08126060329150546,0.0,0.1291563573025948,0.0,0.0,0.0,False,0.0,0.0,0.0,0.0,0.1224791,0.1224791,0.0,0.0,0.0,0.0,0.0,0.0,
1791372902.3756688,disarmed,0.08064197809909959,0.0009834860993413028,0.0,0.0,-0.08126060329150546,0.0,0.1291563573025948,0.0,0.0,0.0,False,0.0,0.0,0.0,0.0,0.1224791,0.1224791,0.0,0.0,0.0,0.0,0.0,0.0,
1791372902.3856735,disarmed,0.08066457942313221,0.000986562871683521,0.0,0.0,-0.08126060329150546,0.0,0.1291563573025948,0.0,0.0,0.0,False,0.0,0.0,0.0,0.0,0.1224791,0.1224791,0.0,0.0,0.0,0.0,0.0,0.0,
1791372902.3956084,disarmed,0.08073129566256619,0.000999621155107079,0.0,0.0,-0.08126060329150546,0.0,0.1291563573025948,0.0,0.0,0.0,False,0.0,0.0,0.0,0.0,0.1224791,0.1224791,0.0,0.0,0.0,0.0,0.0,0.0,
1791372902.4056902,disarmed,0.08083792831659321,0.0010219456516088335,0.0,0.0,-0.08126060329150546,0.0,0.1291563573025948,0.0,0.0,0.0,False,0.0,0.0,0.0,0.0,0.1224791,0.1224791,0.0,0.0,0.0,0.0,0.0,0.0,
1791372902.415675,disarmed,0.08088589260467377,0.0010084567579519404,0.0,0.0,-0.08126060329150546,0.0,0.1291563573025948,0.0,0.0,0.0,False,0.0,0.0,0.0,0.0,0.1224791,0.1224791,0.0,0.0,0.0,0.0,0.0,0.0,
1791372902.4257312,disarmed,0.08099496556786233,0.0009938799597823606,0.0,0.0,-0.08126060329150546,0.0,0.1291563573025948,0.0,0.0,0.0,False,0.0,0.0,0.0,0.0,0.1224791,0.1224791,0.0,0.0,0.0,0.0,0.0,0.0,
1791372902.4357417,disarmed,0.08112185182428491,0.0010098310132438094,0.0,0.0,-0.08126060329150546,0.0,0.1291563573025948,0.0,0.0,0.0,False,0.0,0.0,0.0,0.0,0.1224791,0.1224791,0.0,0.0,0.0,0.0,0.0,0.0,
1791372902.44567,disarmed,0.08126774290858932,0.0009921545592152916,0.0,0.0,-0.08126060329150546,0.0,0.1291563573025948,0.0,0.0,0.0,False,0.0,0.0,0.0,0.0,0.1224791,0.1224791,0.0,0.0,0.0,0.0,0.0,0.0,
1791372902.4556339,disarmed,0.0814431034838153,0.0010252179623322431,0.0,0.0,-0.08126060329150546,0.0,0.1291563573025948,0.0,0.0,0.0,False,0.0,0.0,0.0,0.0,0.1224791,0.1224791,0.0,0.0,0.0,0.0,0.0,0.0,
1791372902.4657423,disarmed,0.08158006261035164,0.001081285171253106,0.0,0.0,-0.08126060329150546,0.0,0.1291563573025948,0.0,0.0,0.0,False,0.0,0.0,0.0,0.0,0.1224791,0.1224791,0.0,0.0,0.0,0.0,0.0,0.0,
1791372902.4756036,disarmed,0.08173355794988377,0.0010562409697578673,0.0,0.0,-0.08126060329150546,0.0,0.1291563573025948,0.0,0.0,0.0,False,0.0,0.0,0.0,0.0,0.1224791,0.1224791,0.0,0.0,0.0,0.0,0.0,0.0,
1791372902.4856145,disarmed,0.08184633040807558,0.0010382261130495096,0.0,0.0,-0.08126060329150546,0.0,0.1291563573025948,0.0,0.0,0.0,False,0.0,0.0,0.0,0.0,0.1224791,0.1224791,0.0,0.0,0.0,0.0,0.0,0.0,
1791372902.4956603,disarmed,0.08200071787915546,0.0009700675382209051,0.0,0.0,-0.08126060329150546,0.0,0.1291563573025948,0.0,0.0,0.0,False,0.0,0.0,0.0,0.0,0.1224791,0.1224791,0.0,0.0,0.0,0.0,0.0,0.0,
1791372902.5057104,disarmed,0.08217342574164378,0.00092990812190749,0.0,0.0,-0.08126060329150546,0.0,0.1291563573025948,0.0,0.0,0.0,False,0.0,0.0,0.0,0.0,0.1224791,0.1224791,0.0,0.0,0.0,0.0,0.0,0.0,
1791372902.5156069,disarmed,0.0822442904345091,0.0008130299347877512,0.0,0.0,-0.08126060329150546,0.0,0.1291563573025948,0.0,0.0,0.0,False,0.0,0.0,0.0,0.0,0.1224791,0.1224791,0.0,0.0,0.0,0.0,0.0,0.0,
1791372902.5256455,disarmed,0.0823234911950989,0.0008279485007524686,0.0,0.0,-0.08126060329150546,0.0,0.1291563573025948,0.0,0.0,0.0,False,0.0,0.0,0.0,0.0,0.1224791,0.1224791,0.0,0.0,0.0,0.0,0.0,0.0,
1791372902.5356295,disarmed,0.08239742051947903,0.0008141102102632056,0.0,0.0,-0.08126060329150546,0.0,0.1291563573025948,0.0,0.0,0.0,False,0.0,0.0,0.0,0.0,0.1224791,0.1224791,0.0,0.0,0.0,0.0,0.0,0.0,
1791372902.5456655,disarmed,0.08250381688654641,0.0007912400443138579,0.0,0.0,-0.08126060329150546,0.0,0.1291563573025948,0.0,0.0,0.0,False,0.0,0.0,0.0,0.0,0.1224791,0.1224791,0.0,0.0,0.0,0.0,0.0,0.0,
1791372902.555752,disarmed,0.08259037513529062,0.0008056913275811849,0.0,0.0,-0.08126060329150546,0.0,0.1291563573025948,0.0,0.0,0.0,False,0.0,0.0,0.0,0.0,0.1224791,0.1224791,0.0,0.0,0.0,0.0,0.0,0.0,
1791372902.5656264,disarmed,0.08269139264880267,0.000833931018922683,0.0,0.0,-0.08126060329150546,0.0,0.1291563573025948,0.0,0.0,0.0,False,0.0,0.0,0.0,0.0,0.1224791,0.1224791,0.0,0.0,0.0,0.0,0.0,0.0,
1791372902.5756202,disarmed,0.08280553291113733,0.0008160387754950173,0.0,0.0,-0.08126060329150546,0.0,0.1291563573025948,0.0,0.0,0.0,False,0.0,0.0,0.0,0.0,0.1224791,0.1224791,0.0,0.0,0.0,0.0,0.0,0.0,
1791372902.5857055,disarmed,0.08287095181959042,0.0008154581069360006,0.0,0.0,-0.08126060329150546,0.0,0.1291563573025948,0.0,0.0,0.0,False,0.0,0.0,0.0,0.0,0.1224791,0.1224791,0.0,0.0,0.0,0.0,0.0,0.0,
1791372902.5956545,disarmed,0.0828996234307337,0.0008045398165549884,0.0,0.0,-0.08126060329150546,0.0,0.1291563573025948,0.0,0.0,0.0,False,0.0,0.0,0.0,0.0,0.1224791,0.1224791,0.0,0.0,0.0,0.0,0.0,0.0,
1791372902.6056755,disarmed,0.08284503068408004,0.000829074014826969,0.0,0.0,-0.08126060329150546,0.0,0.1291563573025948,0.0,0.0,0.0,False,0.0,0.0,0.0,0.0,0.1224791,0.1224791,0.0,0.0,0.0,0.0,0.0,0.0,
1791372902.6156373,disarmed,0.0828058182417949,0.000836366572931598,0.0,0.0,-0.08126060329150546,0.0,0.1291563573025948,0.0,0.0,0.0,False,0.0,0.0,0.0,0.0,0.1224791,0.1224791,0.0,0.0,0.0,0.0,0.0,0.0,
1791372902.625612,disarmed,0.08275828776412743,0.0008742801158227013,0.0,0.0,-0.08126060329150546,0.0,0.1291563573025948,0.0,0.0,0.0,False,0.0,0.0,0.0,0.0,0.1224791,0.1224791,0.0,0.0,0.0,0.0,0.0,0.0,
1791372902.6356885,disarmed,0.08279530936885421,0.0008638865267717986,0.0,0.0,-0.08126060329150546,0.0,0.1291563573025948,0.0,0.0,0.0,False,0.0,0.0,0.0,0.0,0.1224791,0.1224791,0.0,0.0,0.0,0.0,0.0,0.0,
1791372902.64572,disarmed,0.0827360701666356,0.0008693567106561077,0.0,0.0,-0.08126060329150546,0.0,0.1291563573025948,0.0,0.0,0.0,False,0.0,0.0,0.0,0.0,0.1224791,0.1224791,0.0,0.0,0.0,0.0,0.0,0.0,
1791372902.6556308,disarmed,0.0826434715807062,0.0009005568121174756,0.0,0.0,-0.08126060329150546,0.0,0.1291563573025948,0.0,0.0,0.0,False,0.0,0.0,0.0,0.0,0.1224791,0.1224791,0.0,0.0,0.0,0.0,0.0,0.0,
1791372902.6656182,disarmed,0.08259972504625435,0.0009340424862970304,0.0,0.0,-0.08126060329150546,0.0,0.1291563573025948,0.0,0.0,0.0,False,0.0,0.0,0.0,0.0,0.1224791,0.1224791,0.0,0.0,0.0,0.0,0.0,0.0,
1791372902.6756594,disarmed,0.0825687617194179,0.0009561676008688576,0.0,0.0,-0.08126060329150546,0.0,0.1291563573025948,0.0,0.0,0.0,False,0.0,0.0,0.0,0.0,0.1224791,0.1224791,0.0,0.0,0.0,0.0,0.0,0.0,
1791372902.6856465,disarmed,0.08249120657530759,0.0010049058461384026,0.0,0.0,-0.08126060329150546,0.0,0.1291563573025948,0.0,0.0,0.0,False,0.0,0.0,0.0,0.0,0.1224791,0.1224791,0.0,0.0,0.0,0.0,0.0,0.0,
1791372902.6956356,disarmed,0.08240074433810171,0.001001158820322791,0.0,0.0,-0.08126060329150546,0.0,0.1291563573025948,0.0,0.0,0.0,False,0.0,0.0,0.0,0.0,0.1224791,0.1224791,0.0,0.0,0.0,0.0,0.0,0.0,
1791372902.7057219,disarmed,0.08229407669124875,0.0010049584026780686,0.0,0.0,-0.08126060329150546,0.0,0.1291563573025948,0.0,0.0,0.0,False,0.0,0.0,0.0,0.0,0.1224791,0.1224791,0.0,0.0,0.0,0.0,0.0,0.0,
1791372902.7156925,disarmed,0.08223372802653219,0.0010090253709164735,0.0,0.0,-0.08126060329150546,0.0,0.1291563573025948,0.0,0.0,0.0,False,0.0,0.0,0.0,0.0,0.1224791,0.1224791,0.0,0.0,0.0,0.0,0.0,0.0,
1791372902.725665,disarmed,0.08215539816951829,0.0010479125690296435,0.0,0.0,-0.08126060329150546,0.0,0.1291563573025948,0.0,0.0,0.0,False,0.0,0.0,0.0,0.0,0.1224791,0.1224791,0.0,0.0,0.0,0.0,0.0,0.0,
1791372902.7356548,disarmed,0.082139758224978,0.0011178965696898619,0.0,0.0,-0.08126060329150546,0.0,0.1291563573025948,0.0,0.0,0.0,False,0.0,0.0,0.0,0.0,0.1224791,0.1224791,0.0,0.0,0.0,0.0,0.0,0.0,
1791372902.7456949,disarmed,0.0820671634183487,0.0011248784997646703,0.0,0.0,-0.08126060329150546,0.0,0.1291563573025948,0.0,0.0,0.0,False,0.0,0.0,0.0,0.0,0.1224791,0.1224791,0.0,0.0,0.0,0.0,0.0,0.0,
1791372902.7556112,disarmed,0.08209403193493896,0.0011471606901701573,0.0,0.0,-0.08126060329150546,0.0,0.1291563573025948,0.0,0.0,0.0,False,0.0,0.0,0.0,0.0,0.1224791,0.1224791,0.0,0.0,0.0,0.0,0.0,0.0,
1791372902.7657008,disarmed,0.08213622794227435,0.0011725558759747444,0.0,0.0,-0.08126060329150546,0.0,0.1291563573025948,0.0,0.0,0.0,False,0.0,0.0,0.0,0.0,0.1224791,0.1224791,0.0,0.0,0.0,0.0,0.0,0.0,
1791372902.775703,disarmed,0.08219592270070043,0.0011782108309868339,0.0,0.0,-0.08126060329150546,0.0,0.1291563573025948,0.0,0.0,0.0,False,0.0,0.0,0.0,0.0,0.1224791,0.1224791,0.0,0.0,0.0,0.0,0.0,0.0,
1791372902.7857113,disarmed,0.08220178935513389,0.0011322938705984012,0.0,0.0,-0.08126060329150546,0.0,0.1291563573025948,0.0,0.0,0.0,False,0.0,0.0,0.0,0.0,0.1224791,0.1224791,0.0,0.0,0.0,0.0,0.0,0.0,
1791372902.7957509,disarmed,0.08217621952972047,0.001005263790658505,0.0,0.0,-0.08126060329150546,0.0,0.1291563573025948,0.0,0.0,0.0,False,0.0,0.0,0.0,0.0,0.1224791,0.1224791,0.0,0.0,0.0,0.0,0.0,0.0,
1791372902.8056889,disarmed,0.08215895667034945,0.0009126302915726228,0.0,0.0,-0.08126060329150546,0.0,0.1291563573025948,0.0,0.0,0.0,False,0.0,0.0,0.0,0.0,0.1224791,0.1224791,0.0,0.0,0.0,0.0,0.0,0.0,
1791372902.815694,disarmed,0.08218023817147181,0.0007960135284978585,0.0,0.0,-0.08126060329150546,0.0,0.1291563573025948,0.0,0.0,0.0,False,0.0,0.0,0.0,0.0,0.1224791,0.1224791,0.0,0.0,0.0,0.0,0.0,0.0,
1791372902.8257895,disarmed,0.08221472478851304,0.0006582193813802984,0.0,0.0,-0.08126060329150546,0.0,0.1291563573025948,0.0,0.0,0.0,False,0.0,0.0,0.0,0.0,0.1224791,0.1224791,0.0,0.0,0.0,0.0,0.0,0.0,
1791372902.835625,disarmed,0.08228715319105263,0.0005520367570107442,0.0,0.0,-0.08126060329150546,0.0,0.1291563573025948,0.0,0.0,0.0,False,0.0,0.0,0.0,0.0,0.1224791,0.1224791,0.0,0.0,0.0,0.0,0.0,0.0,
1791372902.8457205,disarmed,0.08223325223925988,0.00048624610540254327,0.0,0.0,-0.08126060329150546,0.0,0.1291563573025948,0.0,0.0,0.0,False,0.0,0.0,0.0,0.0,0.1224791,0.1224791,0.0,0.0,0.0,0.0,0.0,0.0,
1791372902.8556814,disarmed,0.08223570402123268,0.00044750494273840984,0.0,0.0,-0.08126060329150546,0.0,0.1291563573025948,0.0,0.0,0.0,False,0.0,0.0,0.0,0.0,0.1224791,0.1224791,0.0,0.0,0.0,0.0,0.0,0.0,
1791372902.865637,disarmed,0.08229550343829026,0.00045802720330244374,0.0,0.0,-0.08126060329150546,0.0,0.1291563573025948,0.0,0.0,0.0,False,0.0,0.0,0.0,0.0,0.1224791,0.1224791,0.0,0.0,0.0,0.0,0.0,0.0,
1791372902.8756847,disarmed,0.0822481547169559,0.000501233812528612,0.0,0.0,-0.08126060329150546,0.0,0.1291563573025948,0.0,0.0,0.0,False,0.0,0.0,0.0,0.0,0.1224791,0.1224791,0.0,0.0,0.0,0.0,0.0,0.0,
1791372902.8857281,disarmed,0.08219578010737892,0.000515036356981273,0.0,0.0,-0.08126060329150546,0.0,0.1291563573025948,0.0,0.0,0.0,False,0.0,0.0,0.0,0.0,0.1224791,0.1224791,0.0,0.0,0.0,0.0,0.0,0.0,
1791372902.8957052,disarmed,0.08215073760153188,0.0005482719043549054,0.0,0.0,-0.08126060329150546,0.0,0.1291563573025948,0.0,0.0,0.0,False,0.0,0.0,0.0,0.0,0.1224791,0.1224791,0.0,0.0,0.0,0.0,0.0,0.0,
1791372902.9057121,disarmed,0.08211306612498691,0.0005677448711253806,0.0,0.0,-0.08126060329150546,0.0,0.1291563573025948,0.0,0.0,0.0,False,0.0,0.0,0.0,0.0,0.1224791,0.1224791,0.0,0.0,0.0,0.0,0.0,0.0,
1791372902.9156673,disarmed,0.08201951587030448,0.000604334561320036,0.0,0.0,-0.08126060329150546,0.0,0.1291563573025948,0.0,0.0,0.0,False,0.0,0.0,0.0,0.0,0.1224791,0.1224791,0.0,0.0,0.0,0.0,0.0,0.0,
1791372902.9256916,disarmed,0.08191846109839881,0.0006027362043949528,0.0,0.0,-0.08126060329150546,0.0,0.1291563573025948,0.0,0.0,0.0,False,0.0,0.0,0.0,0.0,0.1224791,0.1224791,0.0,0.0,0.0,0.0,0.0,0.0,
1791372902.9356577,disarmed,0.08183412164004512,0.0006039999891533941,0.0,0.0,-0.08126060329150546,0.0,0.1291563573025948,0.0,0.0,0.0,False,0.0,0.0,0.0,0.0,0.1224791,0.1224791,0.0,0.0,0.0,0.0,0.0,0.0,
1791372902.9456735,disarmed,0.081740543288314,0.0006532396308011273,0.0,0.0,-0.08126060329150546,0.0,0.1291563573025948,0.0,0.0,0.0,False,0.0,0.0,0.0,0.0,0.1224791,0.1224791,0.0,0.0,0.0,0.0,0.0,0.0,
1791372902.9556835,disarmed,0.08167578655886784,0.0007224881880513892,0.0,0.0,-0.08126060329150546,0.0,0.1291563573025948,0.0,0.0,0.0,False,0.0,0.0,0.0,0.0,0.1224791,0.1224791,0.0,0.0,0.0,0.0,0.0,0.0,
1791372902.9657154,disarmed,0.08149161173089396,0.0007155728559298444,0.0,0.0,-0.08126060329150546,0.0,0.1291563573025948,0.0,0.0,0.0,False,0.0,0.0,0.0,0.0,0.1224791,0.1224791,0.0,0.0,0.0,0.0,0.0,0.0,
1791372902.975671,disarmed,0.08128037360613627,0.0007060724400145425,0.0,0.0,-0.08126060329150546,0.0,0.1291563573025948,0.0,0.0,0.0,False,0.0,0.0,0.0,0.0,0.1224791,0.1224791,0.0,0.0,0.0,0.0,0.0,0.0,
1791372902.9856281,disarmed,0.08105196612739869,0.0007346286547198685,0.0,0.0,-0.08126060329150546,0.0,0.1291563573025948,0.0,0.0,0.0,False,0.0,0.0,0.0,0.0,0.1224791,0.1224791,0.0,0.0,0.0,0.0,0.0,0.0,
1791372902.9956927,disarmed,0.08087401251603343,0.0007708697291147054,0.0,0.0,-0.08126060329150546,0.0,0.1291563573025948,0.0,0.0,0.0,False,0.0,0.0,0.0,0.0,0.1224791,0.1224791,0.0,0.0,0.0,0.0,0.0,0.0,
1791372903.00573,disarmed,0.0807465576030724,0.0008874904673047444,0.0,0.0,-0.08126060329150546,0.0,0.1291563573025948,0.0,0.0,0.0,False,0.0,0.0,0.0,0.0,0.1224791,0.1224791,0.0,0.0,0.0,0.0,0.0,0.0,
1791372903.0156708,disarmed,0.08070554192846935,0.0008231017170368914,0.0,0.0,-0.08126060329150546,0.0,0.1291563573025948,0.0,0.0,0.0,False,0.0,0.0,0.0,0.0,0.1224791,0.1224791,0.0,0.0,0.0,0.0,0.0,0.0,
1791372903.0257466,disarmed,0.0808361922927743,0.0008030360471391486,0.0,0.0,-0.08126060329150546,0.0,0.1291563573025948,0.0,0.0,0.0,False,0.0,0.0,0.0,0.0,0.1224791,0.1224791,0.0,0.0,0.0,0.0,0.0,0.0,
1791372903.035644,disarmed,0.08073112128132175,0.000742552811157658,0.0,0.0,-0.08126060329150546,0.0,0.1291563573025948,0.0,0.0,0.0,False,0.0,0.0,0.0,0.0,0.1224791,0.1224791,0.0,0.0,0.0,0.0,0.0,0.0,
1791372903.045731,disarmed,0.08047289084824483,0.0006276243681431188,0.0,0.0,-0.08126060329150546,0.0,0.1291563573025948,0.0,0.0,0.0,False,0.0,0.0,0.0,0.0,0.1224791,0.1224791,0.0,0.0,0.0,0.0,0.0,0.0,
1791372903.055649,disarmed,0.0801543135147086,0.0004511602157111911,0.0,0.0,-0.08126060329150546,0.0,0.1291563573025948,0.0,0.0,0.0,False,0.0,0.0,0.0,0.0,0.1224791,0.1224791,0.0,0.0,0.0,0.0,0.0,0.0,
1791372903.0656533,disarmed,0.07991428111154941,0.0003254018901741546,0.0,0.0,-0.08126060329150546,0.0,0.1291563573025948,0.0,0.0,0.0,False,0.0,0.0,0.0,0.0,0.1224791,0.1224791,0.0,0.0,0.0,0.0,0.0,0.0,
1791372903.0756092,disarmed,0.07969840466125172,0.0001868782966310951,0.0,0.0,-0.08126060329150546,0.0,0.1291563573025948,0.0,0.0,0.0,False,0.0,0.0,0.0,0.0,0.1224791,0.1224791,0.0,0.0,0.0,0.0,0.0,0.0,
1791372903.0857193,disarmed,0.07935496671921048,2.713439752680244e-05,0.0,0.0,-0.08126060329150546,0.0,0.1291563573025948,0.0,0.0,0.0,False,0.0,0.0,0.0,0.0,0.1224791,0.1224791,0.0,0.0,0.0,0.0,0.0,0.0,
1791372903.095656,disarmed,0.07895580522121058,-0.00018261861478211511,0.0,0.0,-0.08126060329150546,0.0,0.1291563573025948,0.0,0.0,0.0,False,0.0,0.0,0.0,0.0,0.1224791,0.1224791,0.0,0.0,0.0,0.0,0.0,0.0,
1791372903.1056273,disarmed,0.0785087136518988,-0.00033315833206102994,0.0,0.0,-0.08126060329150546,0.0,0.1291563573025948,0.0,0.0,0.0,False,0.0,0.0,0.0,0.0,0.1224791,0.1224791,0.0,0.0,0.0,0.0,0.0,0.0,
1791372903.1156824,disarmed,0.07797800654134554,-0.0003679550478579663,0.0,0.0,-0.08126060329150546,0.0,0.1291563573025948,0.0,0.0,0.0,False,0.0,0.0,0.0,0.0,0.1224791,0.1224791,0.0,0.0,0.0,0.0,0.0,0.0,
1791372903.1256022,disarmed,0.07743925957874592,-0.0003657834266938157,0.0,0.0,-0.08126060329150546,0.0,0.1291563573025948,0.0,0.0,0.0,False,0.0,0.0,0.0,0.0,0.1224791,0.1224791,0.0,0.0,0.0,0.0,0.0,0.0,
1791372903.135691,disarmed,0.07691132335391193,-0.0003988216892477464,0.0,0.0,-0.08126060329150546,0.0,0.1291563573025948,0.0,0.0,0.0,False,0.0,0.0,0.0,0.0,0.1224791,0.1224791,0.0,0.0,0.0,0.0,0.0,0.0,
1791372903.1457007,disarmed,0.07644888998617241,-0.00041887414890267563,0.0,0.0,-0.08126060329150546,0.0,0.1291563573025948,0.0,0.0,0.0,False,0.0,0.0,0.0,0.0,0.1224791,0.1224791,0.0,0.0,0.0,0.0,0.0,0.0,
1791372903.1556618,disarmed,0.07606001116649043,-0.00039671521538718146,0.0,0.0,-0.08126060329150546,0.0,0.1291563573025948,0.0,0.0,0.0,False,0.0,0.0,0.0,0.0,0.1224791,0.1224791,0.0,0.0,0.0,0.0,0.0,0.0,
1791372903.1657124,disarmed,0.07563197785542518,-0.0001960912144190462,0.0,0.0,-0.08126060329150546,0.0,0.1291563573025948,0.0,0.0,0.0,False,0.0,0.0,0.0,0.0,0.1224791,0.1224791,0.0,0.0,0.0,0.0,0.0,0.0,
1791372903.1756222,disarmed,0.07493031658232925,-0.00018699574391590665,0.0,0.0,-0.08126060329150546,0.0,0.1291563573025948,0.0,0.0,0.0,False,0.0,0.0,0.0,0.0,0.1224791,0.1224791,0.0,0.0,0.0,0.0,0.0,0.0,
1791372903.1857133,disarmed,0.07414545565031293,-0.00020175498694354607,0.0,0.0,-0.08126060329150546,0.0,0.1291563573025948,0.0,0.0,0.0,False,0.0,0.0,0.0,0.0,0.1224791,0.1224791,0.0,0.0,0.0,0.0,0.0,0.0,
1791372903.195664,disarmed,0.07337441954354679,-0.0002070077483998098,0.0,0.0,-0.08126060329150546,0.0,0.1291563573025948,0.0,0.0,0.0,False,0.0,0.0,0.0,0.0,0.1224791,0.1224791,0.0,0.0,0.0,0.0,0.0,0.0,
1791372903.2057633,disarmed,0.07258670399303102,-0.00018993916783420847,0.0,0.0,-0.08126060329150546,0.0,0.1291563573025948,0.0,0.0,0.0,False,0.0,0.0,0.0,0.0,0.1224791,0.1224791,0.0,0.0,0.0,0.0,0.0,0.0,
1791372903.2156963,disarmed,0.07173330307270347,-0.0002099319976139298,0.0,0.0,-0.08126060329150546,0.0,0.1291563573025948,0.0,0.0,0.0,False,0.0,0.0,0.0,0.0,0.1224791,0.1224791,0.0,0.0,0.0,0.0,0.0,0.0,
1791372903.2256575,disarmed,0.0707799587075318,-0.000243315450529328,0.0,0.0,-0.08126060329150546,0.0,0.1291563573025948,0.0,0.0,0.0,False,0.0,0.0,0.0,0.0,0.1224791,0.1224791,0.0,0.0,0.0,0.0,0.0,0.0,
1791372903.2356613,disarmed,0.06978499309195806,-0.0002588948280311337,0.0,0.0,-0.08126060329150546,0.0,0.1291563573025948,0.0,0.0,0.0,False,0.0,0.0,0.0,0.0,0.1224791,0.1224791,0.0,0.0,0.0,0.0,0.0,0.0,
1791372903.2456691,disarmed,0.06885739033348605,-0.0002506818017736201,0.0,0.0,-0.08126060329150546,0.0,0.1291563573025948,0.0,0.0,0.0,False,0.0,0.0,0.0,0.0,0.1224791,0.1224791,0.0,0.0,0.0,0.0,0.0,0.0,
1791372903.2557006,disarmed,0.06792616308063872,-0.0002518646335325547,0.0,0.0,-0.08126060329150546,0.0,0.1291563573025948,0.0,0.0,0.0,False,0.0,0.0,0.0,0.0,0.1224791,0.1224791,0.0,0.0,0.0,0.0,0.0,0.0,
1791372903.2656841,disarmed,0.06705028379407448,-0.00026072542478391714,0.0,0.0,-0.08126060329150546,0.0,0.1291563573025948,0.0,0.0,0.0,False,0.0,0.0,0.0,0.0,0.1224791,0.1224791,0.0,0.0,0.0,0.0,0.0,0.0,
1791372903.2756274,disarmed,0.06613573459340942,-0.0002582064693751697,0.0,0.0,-0.08126060329150546,0.0,0.1291563573025948,0.0,0.0,0.0,False,0.0,0.0,0.0,0.0,0.1224791,0.1224791,0.0,0.0,0.0,0.0,0.0,0.0,
1791372903.2856145,disarmed,0.06524923482301027,-0.00021837037065831948,0.0,0.0,-0.08126060329150546,0.0,0.1291563573025948,0.0,0.0,0.0,False,0.0,0.0,0.0,0.0,0.1224791,0.1224791,0.0,0.0,0.0,0.0,0.0,0.0,
1791372903.295711,disarmed,0.0645157729397052,-0.00038747439065584427,0.0,0.0,-0.08126060329150546,0.0,0.1291563573025948,0.0,0.0,0.0,False,0.0,0.0,0.0,0.0,0.1224791,0.1224791,0.0,0.0,0.0,0.0,0.0,0.0,
1791372903.3057592,disarmed,0.06381581976939688,-0.00046558730402384283,0.0,0.0,-0.08126060329150546,0.0,0.1291563573025948,0.0,0.0,0.0,False,0.0,0.0,0.0,0.0,0.1224791,0.1224791,0.0,0.0,0.0,0.0,0.0,0.0,
1791372903.3156936,disarmed,0.0630013899920052,0.0001552575606424218,0.0,0.0,-0.08126060329150546,0.0,0.1291563573025948,0.0,0.0,0.0,False,0.0,0.0,0.0,0.0,0.1224791,0.1224791,0.0,0.0,0.0,0.0,0.0,0.0,
1791372903.3257349,disarmed,0.062182202125127255,0.0005018133415624052,0.0,0.0,-0.08126060329150546,0.0,0.1291563573025948,0.0,0.0,0.0,False,0.0,0.0,0.0,0.0,0.1224791,0.1224791,0.0,0.0,0.0,0.0,0.0,0.0,
1791372903.3356307,disarmed,0.061435966379390035,0.00027879108553510533,0.0,0.0,-0.08126060329150546,0.0,0.1291563573025948,0.0,0.0,0.0,False,0.0,0.0,0.0,0.0,0.1224791,0.1224791,0.0,0.0,0.0,0.0,0.0,0.0,
1791372903.3457115,disarmed,0.06092753189474794,0.0001274398232459314,0.0,0.0,-0.08126060329150546,0.0,0.1291563573025948,0.0,0.0,0.0,False,0.0,0.0,0.0,0.0,0.1224791,0.1224791,0.0,0.0,0.0,0.0,0.0,0.0,
1791372903.3556387,disarmed,0.060498163061085554,0.0005654447788141517,0.0,0.0,-0.08126060329150546,0.0,0.1291563573025948,0.0,0.0,0.0,False,0.0,0.0,0.0,0.0,0.1224791,0.1224791,0.0,0.0,0.0,0.0,0.0,0.0,
1791372903.3656614,disarmed,0.06021523512944566,0.0008706241731533489,0.0,0.0,-0.08126060329150546,0.0,0.1291563573025948,0.0,0.0,0.0,False,0.0,0.0,0.0,0.0,0.1224791,0.1224791,0.0,0.0,0.0,0.0,0.0,0.0,
1791372903.3756647,disarmed,0.05990515768630942,0.0006864810952227319,0.0,0.0,-0.08126060329150546,0.0,0.1291563573025948,0.0,0.0,0.0,False,0.0,0.0,0.0,0.0,0.1224791,0.1224791,0.0,0.0,0.0,0.0,0.0,0.0,
1791372903.3857045,disarmed,0.05968680384988902,-8.59357091391214e-05,0.0,0.0,-0.08126060329150546,0.0,0.1291563573025948,0.0,0.0,0.0,False,0.0,0.0,0.0,0.0,0.1224791,0.1224791,0.0,0.0,0.0,0.0,0.0,0.0,
1791372903.3957155,disarmed,0.05959122936209277,-0.00035088511686003846,0.0,0.0,-0.08126060329150546,0.0,0.1291563573025948,0.0,0.0,0.0,False,0.0,0.0,0.0,0.0,0.1224791,0.1224791,0.0,0.0,0.0,0.0,0.0,0.0,
1791372903.4056394,disarmed,0.059531495804356634,0.0008226117222427283,0.0,0.0,-0.08126060329150546,0.0,0.1291563573025948,0.0,0.0,0.0,False,0.0,0.0,0.0,0.0,0.1224791,0.1224791,0.0,0.0,0.0,0.0,0.0,0.0,
1791372903.4156122,disarmed,0.0594598307888475,0.0016060776630240298,0.0,0.0,-0.08126060329150546,0.0,0.1291563573025948,0.0,0.0,0.0,False,0.0,0.0,0.0,0.0,0.1224791,0.1224791,0.0,0.0,0.0,0.0,0.0,0.0,
1791372903.4256175,disarmed,0.059253497882055216,0.0010055611680227297,0.0,0.0,-0.08126060329150546,0.0,0.1291563573025948,0.0,0.0,0.0,False,0.0,0.0,0.0,0.0,0.1224791,0.1224791,0.0,0.0,0.0,0.0,0.0,0.0,
1791372903.435654,disarmed,0.05907923084142426,0.0003822470552375328,0.0,0.0,-0.08126060329150546,0.0,0.1291563573025948,0.0,0.0,0.0,False,0.0,0.0,0.0,0.0,0.1224791,0.1224791,0.0,0.0,0.0,0.0,0.0,0.0,
1791372903.4456084,disarmed,0.05895099903032509,0.0009758589161816515,0.0,0.0,-0.08126060329150546,0.0,0.1291563573025948,0.0,0.0,0.0,False,0.0,0.0,0.0,0.0,0.1224791,0.1224791,0.0,0.0,0.0,0.0,0.0,0.0,
1791372903.4557283,disarmed,0.058979166691434264,0.0014406437516182463,0.0,0.0,-0.08126060329150546,0.0,0.1291563573025948,0.0,0.0,0.0,False,0.0,0.0,0.0,0.0,0.1224791,0.1224791,0.0,0.0,0.0,0.0,0.0,0.0,
1791372903.4656773,disarmed,0.0591457861332845,0.000980628511466225,0.0,0.0,-0.08126060329150546,0.0,0.1291563573025948,0.0,0.0,0.0,False,0.0,0.0,0.0,0.0,0.1224791,0.1224791,0.0,0.0,0.0,0.0,0.0,0.0,
1791372903.475622,disarmed,0.0593850785394848,0.0003312301413939791,0.0,0.0,-0.08126060329150546,0.0,0.1291563573025948,0.0,0.0,0.0,False,0.0,0.0,0.0,0.0,0.1224791,0.1224791,0.0,0.0,0.0,0.0,0.0,0.0,
1791372903.4856753,disarmed,0.059645995738812435,0.0003695391947006929,0.0,0.0,-0.08126060329150546,0.0,0.1291563573025948,0.0,0.0,0.0,False,0.0,0.0,0.0,0.0,0.1224791,0.1224791,0.0,0.0,0.0,0.0,0.0,0.0,
1791372903.4956088,disarmed,0.059925702972692604,0.0005663452760461024,0.0,0.0,-0.08126060329150546,0.0,0.1291563573025948,0.0,0.0,0.0,False,0.0,0.0,0.0,0.0,0.1224791,0.1224791,0.0,0.0,0.0,0.0,0.0,0.0,
1791372903.5056992,disarmed,0.06024002236775179,0.00018478516152092316,0.0,0.0,-0.08126060329150546,0.0,0.1291563573025948,0.0,0.0,0.0,False,0.0,0.0,0.0,0.0,0.1224791,0.1224791,0.0,0.0,0.0,0.0,0.0,0.0,
1791372903.515708,disarmed,0.06064579326817662,-0.0004088557476199547,0.0,0.0,-0.08126060329150546,0.0,0.1291563573025948,0.0,0.0,0.0,False,0.0,0.0,0.0,0.0,0.1224791,0.1224791,0.0,0.0,0.0,0.0,0.0,0.0,
1791372903.52566,disarmed,0.061071954942000475,-0.0004707335074730622,0.0,0.0,-0.08126060329150546,0.0,0.1291563573025948,0.0,0.0,0.0,False,0.0,0.0,0.0,0.0,0.1224791,0.1224791,0.0,0.0,0.0,0.0,0.0,0.0,
1791372903.5356514,disarmed,0.061366075879309354,-0.00016902931469829443,0.0,0.0,-0.08126060329150546,0.0,0.1291563573025948,0.0,0.0,0.0,False,0.0,0.0,0.0,0.0,0.1224791,0.1224791,0.0,0.0,0.0,0.0,0.0,0.0,
1791372903.5457115,disarmed,0.061522945218034884,-0.00017873143118301958,0.0,0.0,-0.08126060329150546,0.0,0.1291563573025948,0.0,0.0,0.0,False,0.0,0.0,0.0,0.0,0.1224791,0.1224791,0.0,0.0,0.0,0.0,0.0,0.0,
1791372903.5556145,disarmed,0.061590865008469976,-0.0003907248904568345,0.0,0.0,-0.08126060329150546,0.0,0.1291563573025948,0.0,0.0,0.0,False,0.0,0.0,0.0,0.0,0.1224791,0.1224791,0.0,0.0,0.0,0.0,0.0,0.0,
1791372903.5656636,disarmed,0.06162828765893506,-0.00029118463392001733,0.0,0.0,-0.08126060329150546,0.0,0.1291563573025948,0.0,0.0,0.0,False,0.0,0.0,0.0,0.0,0.1224791,0.1224791,0.0,0.0,0.0,0.0,0.0,0.0,
1791372903.5756106,disarmed,0.06173361699227654,0.00012145584626202898,0.0,0.0,-0.08126060329150546,0.0,0.1291563573025948,0.0,0.0,0.0,False,0.0,0.0,0.0,0.0,0.1224791,0.1224791,0.0,0.0,0.0,0.0,0.0,0.0,
1791372903.5856497,disarmed,0.06191011317519154,0.0003411495454152026,0.0,0.0,-0.08126060329150546,0.0,0.1291563573025948,0.0,0.0,0.0,False,0.0,0.0,0.0,0.0,0.1224791,0.1224791,0.0,0.0,0.0,0.0,0.0,0.0,
1791372903.595761,disarmed,0.062041401409827314,0.0003035338932950944,0.0,0.0,-0.08126060329150546,0.0,0.1291563573025948,0.0,0.0,0.0,False,0.0,0.0,0.0,0.0,0.1224791,0.1224791,0.0,0.0,0.0,0.0,0.0,0.0,
1791372903.6057458,disarmed,0.06204737058131464,0.0003892389948723223,0.0,0.0,-0.08126060329150546,0.0,0.1291563573025948,0.0,0.0,0.0,False,0.0,0.0,0.0,0.0,0.1224791,0.1224791,0.0,0.0,0.0,0.0,0.0,0.0,
1791372903.6157267,disarmed,0.06193987933553306,0.0007022353726537674,0.0,0.0,-0.08126060329150546,0.0,0.1291563573025948,0.0,0.0,0.0,False,0.0,0.0,0.0,0.0,0.1224791,0.1224791,0.0,0.0,0.0,0.0,0.0,0.0,
1791372903.6256413,disarmed,0.061797090015657606,0.0011900491707160113,0.0,0.0,-0.08126060329150546,0.0,0.1291563573025948,0.0,0.0,0.0,False,0.0,0.0,0.0,0.0,0.1224791,0.1224791,0.0,0.0,0.0,0.0,0.0,0.0,
1791372903.6356268,disarmed,0.06173575490886565,0.0017553148965134694,0.0,0.0,-0.08126060329150546,0.0,0.1291563573025948,0.0,0.0,0.0,False,0.0,0.0,0.0,0.0,0.1224791,0.1224791,0.0,0.0,0.0,0.0,0.0,0.0,
1791372903.6456718,disarmed,0.0617169865992421,0.001907002231634119,0.0,0.0,-0.08126060329150546,0.0,0.1291563573025948,0.0,0.0,0.0,False,0.0,0.0,0.0,0.0,0.1224791,0.1224791,0.0,0.0,0.0,0.0,0.0,0.0,
1791372903.655715,disarmed,0.061817002143682284,0.002297271833253388,0.0,0.0,-0.08126060329150546,0.0,0.1291563573025948,0.0,0.0,0.0,False,0.0,0.0,0.0,0.0,0.1224791,0.1224791,0.0,0.0,0.0,0.0,0.0,0.0,
1791372903.665682,disarmed,0.061824227816782505,0.002317155404829904,0.0,0.0,-0.08126060329150546,0.0,0.1291563573025948,0.0,0.0,0.0,False,0.0,0.0,0.0,0.0,0.1224791,0.1224791,0.0,0.0,0.0,0.0,0.0,0.0,
1791372903.6755998,disarmed,0.06182650539212367,0.002081360939748822,0.0,0.0,-0.08126060329150546,0.0,0.1291563573025948,0.0,0.0,0.0,False,0.0,0.0,0.0,0.0,0.1224791,0.1224791,0.0,0.0,0.0,0.0,0.0,0.0,
1791372903.6856947,disarmed,0.06179595217274686,0.0018635832134283037,0.0,0.0,-0.08126060329150546,0.0,0.1291563573025948,0.0,0.0,0.0,False,0.0,0.0,0.0,0.0,0.1224791,0.1224791,0.0,0.0,0.0,0.0,0.0,0.0,
1791372903.6956189,disarmed,0.06177026003548351,0.0018223167758097286,0.0,0.0,-0.08126060329150546,0.0,0.1291563573025948,0.0,0.0,0.0,False,0.0,0.0,0.0,0.0,0.1224791,0.1224791,0.0,0.0,0.0,0.0,0.0,0.0,
1791372903.7056699,disarmed,0.061710547808094256,0.0018108165119175266,0.0,0.0,-0.08126060329150546,0.0,0.1291563573025948,0.0,0.0,0.0,False,0.0,0.0,0.0,0.0,0.1224791,0.1224791,0.0,0.0,0.0,0.0,0.0,0.0,
1791372903.7157435,disarmed,0.06165513881962388,0.0015875690814573366,0.0,0.0,-0.08126060329150546,0.0,0.1291563573025948,0.0,0.0,0.0,False,0.0,0.0,0.0,0.0,0.1224791,0.1224791,0.0,0.0,0.0,0.0,0.0,0.0,
1791372903.7257283,disarmed,0.061729366571654,0.0010230126056007586,0.0,0.0,-0.08126060329150546,0.0,0.1291563573025948,0.0,0.0,0.0,False,0.0,0.0,0.0,0.0,0.1224791,0.1224791,0.0,0.0,0.0,0.0,0.0,0.0,
1791372903.7356303,disarmed,0.06182129648002449,0.0004693879120915533,0.0,0.0,-0.08126060329150546,0.0,0.1291563573025948,0.0,0.0,0.0,False,0.0,0.0,0.0,0.0,0.1224791,0.1224791,0.0,0.0,0.0,0.0,0.0,0.0,
1791372903.7456558,disarmed,0.06200017316127924,0.00010093228119620395,0.0,0.0,-0.08126060329150546,0.0,0.1291563573025948,0.0,0.0,0.0,False,0.0,0.0,0.0,0.0,0.1224791,0.1224791,0.0,0.0,0.0,0.0,0.0,0.0,
1791372903.7556381,disarmed,0.06212706201137185,-8.968009942700871e-05,0.0,0.0,-0.08126060329150546,0.0,0.1291563573025948,0.0,0.0,0.0,False,0.0,0.0,0.0,0.0,0.1224791,0.1224791,0.0,0.0,0.0,0.0,0.0,0.0,
1791372903.765658,disarmed,0.0621257145781641,-0.00017707543230845423,0.0,0.0,-0.08126060329150546,0.0,0.1291563573025948,0.0,0.0,0.0,False,0.0,0.0,0.0,0.0,0.1224791,0.1224791,0.0,0.0,0.0,0.0,0.0,0.0,
1791372903.775721,disarmed,0.0619329767344764,-1.0307822041934252e-05,0.0,0.0,-0.08126060329150546,0.0,0.1291563573025948,0.0,0.0,0.0,False,0.0,0.0,0.0,0.0,0.1224791,0.1224791,0.0,0.0,0.0,0.0,0.0,0.0,
1791372903.7856243,disarmed,0.061644612716705724,0.00019676736942917682,0.0,0.0,-0.08126060329150546,0.0,0.1291563573025948,0.0,0.0,0.0,False,0.0,0.0,0.0,0.0,0.1224791,0.1224791,0.0,0.0,0.0,0.0,0.0,0.0,
1791372903.7957094,disarmed,0.06131358949195579,0.00028742296881325045,0.0,0.0,-0.08126060329150546,0.0,0.1291563573025948,0.0,0.0,0.0,False,0.0,0.0,0.0,0.0,0.1224791,0.1224791,0.0,0.0,0.0,0.0,0.0,0.0,
1791372903.8057072,disarmed,0.061169773774410297,0.0005493289423901297,0.0,0.0,-0.08126060329150546,0.0,0.1291563573025948,0.0,0.0,0.0,False,0.0,0.0,0.0,0.0,0.1224791,0.1224791,0.0,0.0,0.0,0.0,0.0,0.0,
1791372903.815726,disarmed,0.06098369768002098,0.0008727809767496894,0.0,0.0,-0.08126060329150546,0.0,0.1291563573025948,0.0,0.0,0.0,False,0.0,0.0,0.0,0.0,0.1224791,0.1224791,0.0,0.0,0.0,0.0,0.0,0.0,
1791372903.8256276,disarmed,0.060644918432470864,0.0009329626485350896,0.0,0.0,-0.08126060329150546,0.0,0.1291563573025948,0.0,0.0,0.0,False,0.0,0.0,0.0,0.0,0.1224791,0.1224791,0.0,0.0,0.0,0.0,0.0,0.0,
1791372903.8356726,disarmed,0.06051995358605543,0.0009089439784494227,0.0,0.0,-0.08126060329150546,0.0,0.1291563573025948,0.0,0.0,0.0,False,0.0,0.0,0.0,0.0,0.1224791,0.1224791,0.0,0.0,0.0,0.0,0.0,0.0,
1791372903.845717,disarmed,0.061065305798524004,0.0008850196170229714,0.0,0.0,-0.08126060329150546,0.0,0.1291563573025948,0.0,0.0,0.0,False,0.0,0.0,0.0,0.0,0.1224791,0.1224791,0.0,0.0,0.0,0.0,0.0,0.0,
1791372903.8557036,disarmed,0.06231196368113695,0.0008245722901774504,0.0,0.0,-0.08126060329150546,0.0,0.1291563573025948,0.0,0.0,0.0,False,0.0,0.0,0.0,0.0,0.1224791,0.1224791,0.0,0.0,0.0,0.0,0.0,0.0,
1791372903.8656662,disarmed,0.06336367238309255,0.0007602726316494543,0.0,0.0,-0.08126060329150546,0.0,0.1291563573025948,0.0,0.0,0.0,False,0.0,0.0,0.0,0.0,0.1224791,0.1224791,0.0,0.0,0.0,0.0,0.0,0.0,
1791372903.875734,disarmed,0.06338056938082806,0.0006681643174403683,0.0,0.0,-0.08126060329150546,0.0,0.1291563573025948,0.0,0.0,0.0,False,0.0,0.0,0.0,0.0,0.1224791,0.1224791,0.0,0.0,0.0,0.0,0.0,0.0,
1791372903.8857334,disarmed,0.06296177108932435,0.0006451999378625496,0.0,0.0,-0.08126060329150546,0.0,0.1291563573025948,0.0,0.0,0.0,False,0.0,0.0,0.0,0.0,0.1224791,0.1224791,0.0,0.0,0.0,0.0,0.0,0.0,
1791372903.8957467,disarmed,0.06353276766410608,0.0006541994529662596,0.0,0.0,-0.08126060329150546,0.0,0.1291563573025948,0.0,0.0,0.0,False,0.0,0.0,0.0,0.0,0.1224791,0.1224791,0.0,0.0,0.0,0.0,0.0,0.0,
1791372903.9056723,disarmed,0.06469720275789896,0.0006102531536564814,0.0,0.0,-0.08126060329150546,0.0,0.1291563573025948,0.0,0.0,0.0,False,0.0,0.0,0.0,0.0,0.1224791,0.1224791,0.0,0.0,0.0,0.0,0.0,0.0,
1791372903.915665,disarmed,0.06533848709579122,0.0006046625330530357,0.0,0.0,-0.08126060329150546,0.0,0.1291563573025948,0.0,0.0,0.0,False,0.0,0.0,0.0,0.0,0.1224791,0.1224791,0.0,0.0,0.0,0.0,0.0,0.0,
1791372903.9257026,disarmed,0.0655451415858259,0.0007859745437141959,0.0,0.0,-0.08126060329150546,0.0,0.1291563573025948,0.0,0.0,0.0,False,0.0,0.0,0.0,0.0,0.1224791,0.1224791,0.0,0.0,0.0,0.0,0.0,0.0,
1791372903.935714,disarmed,0.06638437889202248,0.0010960659866423317,0.0,0.0,-0.08126060329150546,0.0,0.1291563573025948,0.0,0.0,0.0,False,0.0,0.0,0.0,0.0,0.1224791,0.1224791,0.0,0.0,0.0,0.0,0.0,0.0,
1791372903.9456658,disarmed,0.06765618042268219,0.0012208551434366207,0.0,0.0,-0.08126060329150546,0.0,0.1291563573025948,0.0,0.0,0.0,False,0.0,0.0,0.0,0.0,0.1224791,0.1224791,0.0,0.0,0.0,0.0,0.0,0.0,
1791372903.9556162,disarmed,0.0685802269217991,0.0012363785199438827,0.0,0.0,-0.08126060329150546,0.0,0.1291563573025948,0.0,0.0,0.0,False,0.0,0.0,0.0,0.0,0.1224791,0.1224791,0.0,0.0,0.0,0.0,0.0,0.0,
1791372903.965711,disarmed,0.06885056794870238,0.0013803506277434352,0.0,0.0,-0.08126060329150546,0.0,0.1291563573025948,0.0,0.0,0.0,False,0.0,0.0,0.0,0.0,0.1224791,0.1224791,0.0,0.0,0.0,0.0,0.0,0.0,
1791372903.9757578,disarmed,0.06898544794829073,0.001583549487253869,0.0,0.0,-0.08126060329150546,0.0,0.1291563573025948,0.0,0.0,0.0,False,0.0,0.0,0.0,0.0,0.1224791,0.1224791,0.0,0.0,0.0,0.0,0.0,0.0,
1791372903.9857132,disarmed,0.06945422285760836,0.0017124658993345483,0.0,0.0,-0.08126060329150546,0.0,0.1291563573025948,0.0,0.0,0.0,False,0.0,0.0,0.0,0.0,0.1224791,0.1224791,0.0,0.0,0.0,0.0,0.0,0.0,
1791372903.9956582,disarmed,0.06997903391098177,0.001666391497372354,0.0,0.0,-0.08126060329150546,0.0,0.1291563573025948,0.0,0.0,0.0,False,0.0,0.0,0.0,0.0,0.1224791,0.1224791,0.0,0.0,0.0,0.0,0.0,0.0,
1791372904.0056608,disarmed,0.07029086741735839,0.0016746943192439273,0.0,0.0,-0.08126060329150546,0.0,0.1291563573025948,0.0,0.0,0.0,False,0.0,0.0,0.0,0.0,0.1224791,0.1224791,0.0,0.0,0.0,0.0,0.0,0.0,
1791372904.0156646,disarmed,0.0705346856602116,0.0017877895528469914,0.0,0.0,-0.08126060329150546,0.0,0.1291563573025948,0.0,0.0,0.0,False,0.0,0.0,0.0,0.0,0.1224791,0.1224791,0.0,0.0,0.0,0.0,0.0,0.0,
1791372904.0256186,disarmed,0.07064429051322607,0.001798163299703861,0.0,0.0,-0.08126060329150546,0.0,0.1291563573025948,0.0,0.0,0.0,False,0.0,0.0,0.0,0.0,0.1224791,0.1224791,0.0,0.0,0.0,0.0,0.0,0.0,
1791372904.0356567,disarmed,0.07053048539056112,0.0016432065773990944,0.0,0.0,-0.08126060329150546,0.0,0.1291563573025948,0.0,0.0,0.0,False,0.0,0.0,0.0,0.0,0.1224791,0.1224791,0.0,0.0,0.0,0.0,0.0,0.0,
1791372904.0456703,disarmed,0.07033573968712567,0.0015188701019244416,0.0,0.0,-0.08126060329150546,0.0,0.1291563573025948,0.0,0.0,0.0,False,0.0,0.0,0.0,0.0,0.1224791,0.1224791,0.0,0.0,0.0,0.0,0.0,0.0,
1791372904.0556135,disarmed,0.0701840300919403,0.0014552218452960084,0.0,0.0,-0.08126060329150546,0.0,0.1291563573025948,0.0,0.0,0.0,False,0.0,0.0,0.0,0.0,0.1224791,0.1224791,0.0,0.0,0.0,0.0,0.0,0.0,
1791372904.0657358,disarmed,0.07013817634411246,0.0014029277258392119,0.0,0.0,-0.08126060329150546,0.0,0.1291563573025948,0.0,0.0,0.0,False,0.0,0.0,0.0,0.0,0.1224791,0.1224791,0.0,0.0,0.0,0.0,0.0,0.0,
1791372904.0756683,disarmed,0.06950608896455882,0.0011844455028412314,0.0,0.0,-0.08126060329150546,0.0,0.1291563573025948,0.0,0.0,0.0,False,0.0,0.0,0.0,0.0,0.1224791,0.1224791,0.0,0.0,0.0,0.0,0.0,0.0,
1791372904.0856597,disarmed,0.06839211567181766,0.0010066252407977293,0.0,0.0,-0.08126060329150546,0.0,0.1291563573025948,0.0,0.0,0.0,False,0.0,0.0,0.0,0.0,0.1224791,0.1224791,0.0,0.0,0.0,0.0,0.0,0.0,
1791372904.0957854,disarmed,0.06722325340618114,0.0009573979133970904,0.0,0.0,-0.08126060329150546,0.0,0.1291563573025948,0.0,0.0,0.0,False,0.0,0.0,0.0,0.0,0.1224791,0.1224791,0.0,0.0,0.0,0.0,0.0,0.0,
1791372904.1057763,disarmed,0.06621304397657014,0.0009288331293915807,0.0,0.0,-0.08126060329150546,0.0,0.1291563573025948,0.0,0.0,0.0,False,0.0,0.0,0.0,0.0,0.1224791,0.1224791,0.0,0.0,0.0,0.0,0.0,0.0,
1791372904.1157217,disarmed,0.06540552145391414,0.0008567158521044771,0.0,0.0,-0.08126060329150546,0.0,0.1291563573025948,0.0,0.0,0.0,False,0.0,0.0,0.0,0.0,0.1224791,0.1224791,0.0,0.0,0.0,0.0,0.0,0.0,
1791372904.1256657,disarmed,0.06470641532633721,0.0006320536571854852,0.0,0.0,-0.08126060329150546,0.0,0.1291563573025948,0.0,0.0,0.0,False,0.0,0.0,0.0,0.0,0.1224791,0.1224791,0.0,0.0,0.0,0.0,0.0,0.0,
1791372904.1358151,disarmed,0.06412031398472427,0.0006741032942833554,0.0,0.0,-0.08126060329150546,0.0,0.1291563573025948,0.0,0.0,0.0,False,0.0,0.0,0.0,0.0,0.1224791,0.1224791,0.0,0.0,0.0,0.0,0.0,0.0,
1791372904.145671,disarmed,0.06309791453614431,0.0007295991799381385,0.0,0.0,-0.08126060329150546,0.0,0.1291563573025948,0.0,0.0,0.0,False,0.0,0.0,0.0,0.0,0.1224791,0.1224791,0.0,0.0,0.0,0.0,0.0,0.0,
1791372904.1556845,disarmed,0.0619191883095959,0.0007812355270273365,0.0,0.0,-0.08126060329150546,0.0,0.1291563573025948,0.0,0.0,0.0,False,0.0,0.0,0.0,0.0,0.1224791,0.1224791,0.0,0.0,0.0,0.0,0.0,0.0,
1791372904.1657298,disarmed,0.060734922601296454,0.0008009754348060854,0.0,0.0,-0.08126060329150546,0.0,0.1291563573025948,0.0,0.0,0.0,False,0.0,0.0,0.0,0.0,0.1224791,0.1224791,0.0,0.0,0.0,0.0,0.0,0.0,
1791372904.1756656,disarmed,0.059834304658101876,0.0009045256616723755,0.0,0.0,-0.08126060329150546,0.0,0.1291563573025948,0.0,0.0,0.0,False,0.0,0.0,0.0,0.0,0.1224791,0.1224791,0.0,0.0,0.0,0.0,0.0,0.0,
1791372904.1856098,disarmed,0.05904986598912272,0.0010259992080815573,0.0,0.0,-0.08126060329150546,0.0,0.1291563573025948,0.0,0.0,0.0,False,0.0,0.0,0.0,0.0,0.1224791,0.1224791,0.0,0.0,0.0,0.0,0.0,0.0,
1791372904.1957297,disarmed,0.05806682159451827,0.0011088124162723528,0.0,0.0,-0.08126060329150546,0.0,0.1291563573025948,0.0,0.0,0.0,False,0.0,0.0,0.0,0.0,0.1224791,0.1224791,0.0,0.0,0.0,0.0,0.0,0.0,
1791372904.205619,disarmed,0.057237828665519214,0.0011698449844681745,0.0,0.0,-0.08126060329150546,0.0,0.1291563573025948,0.0,0.0,0.0,False,0.0,0.0,0.0,0.0,0.1224791,0.1224791,0.0,0.0,0.0,0.0,0.0,0.0,
1791372904.215723,stand,0.056555863810802555,0.0012238097985272029,0.0,0.0,-0.08126060329150546,0.0,0.1291563573025948,0.0,0.0,0.0,False,0.0,0.0,0.0,0.0,0.1224791,0.1224791,3.39,-1.6600000000000001,0.0,0.0,0.0,-0.0,
1791372904.2256997,stand,0.05810960886171285,0.002086439204780358,0.0,0.0,-0.08126060329150546,0.0,0.1291563573025948,0.0,0.0,0.0,False,0.0,0.0,0.0,0.0,0.1224791,0.1224791,0.68,-1.97,0.0,0.0,0.0,-0.0,
1791372904.2356768,stand,0.0585868163902297,0.002376902756352058,0.0,0.0,-0.08126060329150546,0.0,0.1291563573025948,0.0,0.0,0.0,False,0.0,0.0,0.0,0.0,0.1224791,0.1224791,1.9000000000000001,-2.31,0.0,0.0,0.0,-0.0,
1791372904.2457206,stand,0.05789978449797393,0.00312290885913972,0.0,0.0,-0.08126060329150546,0.0,0.1291563573025948,0.0,0.0,0.0,False,0.0,0.0,0.0,0.0,0.1224791,0.1224791,1.81,-2.44,0.0,0.0,0.0,-0.0,
1791372904.2557132,stand,0.05657754697474401,0.002723482599651416,0.0,0.0,-0.08126060329150546,0.0,0.1291563573025948,0.0,0.0,0.0,False,0.0,0.0,0.0,0.0,0.1224791,0.1224791,2.02,-2.44,0.0,0.0,0.0,-0.0,
1791372904.2657094,stand,0.05625805421118402,0.0030916244859073485,0.0,0.0,-0.08126060329150546,0.0,0.1291563573025948,0.0,0.0,0.0,False,0.0,0.0,0.0,0.0,0.1224791,0.1224791,2.2600000000000002,-2.66,0.0,0.0,0.0,-0.0,
1791372904.2756681,stand,0.055703925433107995,0.003897253132577934,0.0,0.0,-0.08126060329150546,0.0,0.1291563573025948,0.0,0.0,0.0,False,0.0,0.0,0.0,0.0,0.1224791,0.1224791,2.44,-2.7,0.0,0.0,0.0,-0.0,
1791372904.2856514,stand,0.055443927737414134,0.004798961737630317,0.0,0.0,-0.08126060329150546,0.0,0.1291563573025948,0.0,0.0,0.0,False,0.0,0.0,0.0,0.0,0.1224791,0.1224791,2.66,-2.77,0.0,0.0,0.0,-0.0,
1791372904.2956781,stand,0.054987990216685725,0.0049807265320064706,0.0,0.0,-0.08126060329150546,0.0,0.1291563573025948,0.0,0.0,0.0,False,0.0,0.0,0.0,0.0,0.1224791,0.1224791,2.75,-2.93,0.0,0.0,0.0,-0.0,
1791372904.3056064,stand,0.05440658274143221,0.005294890938768915,0.0,0.0,-0.08126060329150546,0.0,0.1291563573025948,0.0,0.0,0.0,False,0.0,0.0,0.0,0.0,0.1224791,0.1224791,2.92,-3.06,0.0,0.0,0.0,-0.0,
1791372904.3156698,stand,0.05401236240158134,0.00617468369122043,0.0,0.0,-0.08126060329150546,0.0,0.1291563573025948,0.0,0.0,0.0,False,0.0,0.0,0.0,0.0,0.1224791,0.1224791,3.0100000000000002,-3.0,0.0,0.0,0.0,-0.0,
1791372904.3256717,stand,0.0535523441607934,0.00708968074623054,0.0,0.0,-0.08126060329150546,0.0,0.1291563573025948,0.0,0.0,0.0,False,0.0,0.0,0.0,0.0,0.1224791,0.1224791,2.98,-3.04,0.0,0.0,0.0,-0.0,
1791372904.3356147,stand,0.05293449525130436,0.007671163675479857,0.0,0.0,-0.08126060329150546,0.0,0.1291563573025948,0.0,0.0,0.0,False,0.0,0.0,0.0,0.0,0.1224791,0.1224791,3.16,-2.92,0.0,0.0,0.0,-0.0,
1791372904.3457155,stand,0.05211617627894756,0.008152728255056989,0.0,0.0,-0.08126060329150546,0.0,0.1291563573025948,0.0,0.0,0.0,False,0.0,0.0,0.0,0.0,0.1224791,0.1224791,2.98,-2.87,0.0,0.0,0.0,-0.0,
1791372904.355667,stand,0.05113998956946691,0.008843094836167653,0.0,0.0,-0.08126060329150546,0.0,0.1291563573025948,0.0,0.0,0.0,False,0.0,0.0,0.0,0.0,0.1224791,0.1224791,2.96,-2.7600000000000002,0.0,0.0,0.0,-0.0,
1791372904.3657303,stand,0.05023410308932663,0.009783802685259234,0.0,0.0,-0.08126060329150546,0.0,0.1291563573025948,0.0,0.0,0.0,False,0.0,0.0,0.0,0.0,0.1224791,0.1224791,2.94,-2.57,0.0,0.0,0.0,-0.0,
1791372904.375734,stand,0.04934117815060904,0.01049140737925236,0.0,0.0,-0.08126060329150546,0.0,0.1291563573025948,0.0,0.0,0.0,False,0.0,0.0,0.0,0.0,0.1224791,0.1224791,2.88,-2.42,0.0,0.0,0.0,-0.0,
1791372904.385628,stand,0.04860997651406955,0.010888679171049425,0.0,0.0,-0.08126060329150546,0.0,0.1291563573025948,0.0,0.0,0.0,False,0.0,0.0,0.0,0.0,0.1224791,0.1224791,2.79,-2.34,0.0,0.0,0.0,-0.0,
1791372904.3956664,stand,0.0480518892172021,0.011173175053486353,0.0,0.0,-0.08126060329150546,0.0,0.1291563573025948,0.0,0.0,0.0,False,0.0,0.0,0.0,0.0,0.1224791,0.1224791,2.62,-2.21,0.0,0.0,0.0,-0.0,
1791372904.4057257,stand,0.047208528207769086,0.011522486582079525,0.0,0.0,-0.08106078416416863,0.0,0.12923034084429474,0.0,0.0,0.0,False,0.0,0.0,0.0,0.0,0.1224791,0.12263925733028717,2.69,-2.19,0.0,0.0,0.0,-0.0,
1791372904.4157062,stand,0.04652220439431031,0.011772924895033897,0.0,0.0,-0.08047453225083975,0.0,0.12944792193300164,0.0,0.0,0.0,False,0.0,0.0,0.0,0.0,0.1224791,0.12323273385502426,2.69,-2.15,0.0,0.0,0.0,-0.0,
1791372904.4257553,stand,0.04611728066331045,0.01176978137827712,0.0,0.0,-0.0800878965236242,0.0,0.12959321429339268,0.0,0.0,0.0,False,0.0,0.0,0.0,0.0,0.1224791,0.123629012493204,2.5,-2.11,0.0,0.0,0.0,-0.0,
1791372904.4356422,stand,0.045992335146887636,0.011782649713766162,0.0,0.0,-0.07989639453604977,0.0,0.129665970322757,0.0,0.0,0.0,False,0.0,0.0,0.0,0.0,0.1224791,0.12382733714926288,2.62,-2.13,0.0,0.0,0.0,-0.0,
1791372904.4457092,stand,0.0458726558000876,0.011839202252760292,0.0,0.0,-0.07970510733983471,0.0,0.12973873110202946,0.0,0.0,0.0,False,0.0,0.0,0.0,0.0,0.1224791,0.12402577230341232,2.73,-2.17,0.0,0.0,0.0,-0.0,
1791372904.4556026,stand,0.04594113639596954,0.011542504878008534,0.0,0.0,-0.07951403458778719,0.0,0.1298114966232229,0.0,0.0,0.0,False,0.0,0.0,0.0,0.0,0.1224791,0.12422442276838598,2.75,-2.2800000000000002,0.0,0.0,0.0,-0.0,
1791372904.4656136,stand,0.046202304044240305,0.010930551697853478,0.0,0.0,-0.0793232366827792,0.0,0.12988427423178206,0.0,0.0,0.0,False,0.0,0.0,0.0,0.0,0.1224791,0.12442307323335965,2.73,-2.35,0.0,0.0,0.0,-0.0,
1791372904.47573,stand,0.04653206173213644,0.010403400714370748,0.0,0.0,-0.07913557000904103,0.0,0.12995740978014783,0.0,0.0,0.0,False,0.0,0.0,0.0,0.0,0.1224791,0.1246219584156782,2.84,-2.45,0.0,0.0,0.0,-0.0,
1791372904.485637,stand,0.04684202927356532,0.010040257889800288,0.0,0.0,-0.07894811444775686,0.0,0.13003054990030638,0.0,0.0,0.0,False,0.0,0.0,0.0,0.0,0.1224791,0.12482088539403735,2.97,-2.5300000000000002,0.0,0.0,0.0,-0.0,
1791372904.4956174,stand,0.04721267380295699,0.009646001312441609,0.0,0.0,-0.07876086965604788,0.0,0.13010369458454737,0.0,0.0,0.0,False,0.0,0.0,0.0,0.0,0.1224791,0.12501992917502977,3.02,-2.62,0.0,0.0,0.0,-0.0,
1791372904.5057788,stand,0.04755820660974978,0.008901874486201784,0.0,0.0,-0.07857383529174676,0.0,0.13017684382517733,0.0,0.0,0.0,False,0.0,0.0,0.0,0.0,0.1224791,0.12521918197616164,2.88,-2.71,0.0,0.0,0.0,-0.0,
1791372904.5157511,stand,0.04799747033092084,0.007994872455942475,0.0,0.0,-0.07838314975698588,0.0,0.13025147351970626,0.0,0.0,0.0,False,0.0,0.0,0.0,0.0,0.1224791,0.12541843477729353,2.84,-2.79,0.0,0.0,0.0,-0.0,
1791372904.5257082,stand,0.048364729676698553,0.007196563180404457,0.0,0.0,-0.07781453548806885,0.0,0.13046992032326726,0.0,0.0,0.0,False,0.0,0.0,0.0,0.0,0.12283695615083516,0.12561792763017587,2.89,-2.82,0.0,0.0,0.0,-0.0,
1791372904.5357268,stand,0.048705009828123855,0.006521299578804739,0.0,0.0,-0.07706504939595638,0.0,0.13076169006876626,0.0,0.0,0.0,False,0.0,0.0,0.0,0.0,0.12323275052406013,0.12601707899589162,2.85,-2.85,0.0,0.0,0.0,-0.0,
1791372904.545673,stand,0.04903065747143394,0.00598370759988903,0.0,0.0,-0.07632202806411309,0.0,0.13105374852341167,0.0,0.0,0.0,False,0.0,0.0,0.0,0.0,0.12362902918889938,0.12641662864749625,2.81,-2.85,0.0,0.0,0.0,-0.0,
1791372904.5556176,stand,0.049277089976686325,0.005500968342128942,0.0,0.0,-0.07576885379601732,0.0,0.1312729343097705,0.0,0.0,0.0,False,0.0,0.0,0.0,0.0,0.12402578902653548,0.12661664886055865,2.77,-2.88,0.0,0.0,0.0,-0.0,
1791372904.5657716,stand,0.04981985757283922,0.0047411356592226145,0.0,0.0,-0.07503956394345201,0.0,0.13156566788775353,0.0,0.0,0.0,False,0.0,0.0,0.0,0.0,0.12442308995648284,0.12701686312116217,2.74,-2.89,0.0,0.0,0.0,-0.0,
1791372904.575719,stand,0.05029765742266682,0.004208623997976042,0.0,0.0,-0.07449657134243771,0.0,0.1317856639272227,0.0,0.0,0.0,False,0.0,0.0,0.0,0.0,0.12482090214043844,0.12721719551822186,2.7,-2.93,0.0,0.0,0.0,-0.0,
1791372904.5856469,stand,0.050985014286419196,0.0037544358131730545,0.0,0.0,-0.07378180615397154,0.0,0.1320795243901292,0.0,0.0,0.0,False,0.0,0.0,0.0,0.0,0.1252191987499917,0.12761811938294831,2.69,-2.91,0.0,0.0,0.0,-0.0,
1791372904.5958161,stand,0.05158180701423624,0.0033302657969903797,0.0,0.0,-0.07324859617609178,0.0,0.13229999528011596,0.0,0.0,0.0,False,0.0,0.0,0.0,0.0,0.12561794442728264,0.12781873747937209,2.66,-2.93,0.0,0.0,0.0,-0.0,
1791372904.6056335,stand,0.05230294512683684,0.0031371951996728353,0.0,0.0,-0.0727251205747072,0.0,0.13252105513927478,0.0,0.0,0.0,False,0.0,0.0,0.0,0.0,0.12581747372794203,0.12822025152888109,2.7,-2.94,0.0,0.0,0.0,-0.0,
1791372904.6156113,stand,0.052897398462786745,0.00316931369539509,0.0,0.0,-0.07202927469758419,0.0,0.132815785371445,0.0,0.0,0.0,False,0.0,0.0,0.0,0.0,0.12621687063946996,0.12862214464360472,2.75,-2.9,0.0,0.0,0.0,-0.0,
1791372904.6256344,stand,0.05361950811134113,0.0030471729524062163,0.0,0.0,-0.07150992201825676,0.0,0.13303687276633336,0.0,0.0,0.0,False,0.0,0.0,0.0,0.0,0.12661666570161037,0.12882324460895508,2.69,-2.97,0.0,0.0,0.0,-0.0,
1791372904.6356716,stand,0.05427626838967634,0.0027621675170139267,0.0,0.0,-0.07082732625184658,0.0,0.13333227833449451,0.0,0.0,0.0,False,0.0,0.0,0.0,0.0,0.12701687998587655,0.12922572617315906,2.68,-2.9,0.0,0.0,0.0,-0.0,
1791372904.6456723,stand,0.05484416525568578,0.0027237739877019433,0.0,0.0,-0.07015038521742543,0.0,0.13362782292146563,0.0,0.0,0.0,False,0.0,0.0,0.0,0.0,0.12741754477999595,0.1296285885383086,2.69,-2.88,0.0,0.0,0.0,-0.0,
1791372904.655717,stand,0.05536274643957094,0.0031909838394270254,0.0,0.0,-0.06965362232916746,0.0,0.13385014958629635,0.0,0.0,0.0,False,0.0,0.0,0.0,0.0,0.1276181362717139,0.13003184148047553,2.67,-2.77,0.0,0.0,0.0,-0.0,
1791372904.6656892,stand,0.055660115290005495,0.0035570743836118362,0.0,0.0,-0.06899024068347338,0.0,0.13414644389409042,0.0,0.0,0.0,False,0.0,0.0,0.0,0.0,0.12801945417926014,0.13043539742163604,2.52,-2.74,0.0,0.0,0.0,-0.0,
1791372904.675714,stand,0.055999565433647404,0.0035983887339259397,0.0,0.0,-0.06817121059504411,0.0,0.1345175461408626,0.0,0.0,0.0,False,0.0,0.0,0.0,0.0,0.1286221615729358,0.13083935697424984,2.49,-2.66,0.0,0.0,0.0,-0.0,
1791372904.6856637,stand,0.056160347120182474,0.003578851811443517,0.0,0.0,-0.06752608164448606,0.0,0.134814995205465,0.0,0.0,0.0,False,0.0,0.0,0.0,0.0,0.12902444700626245,0.13124367215443894,2.58,-2.62,0.0,0.0,0.0,-0.0,
1791372904.6956713,stand,0.05632977578098957,0.00400975587490785,0.0,0.0,-0.06704913401760913,0.0,0.135038387946626,0.0,0.0,0.0,False,0.0,0.0,0.0,0.0,0.12922574311900256,0.13164831367381408,2.5500000000000003,-2.59,0.0,0.0,0.0,-0.0,
1791372904.7057,stand,0.05655426343103475,0.004603884465161612,0.0,0.0,-0.06626140321472061,0.0,0.13541084456361455,0.0,0.0,0.0,False,0.0,0.0,0.0,0.0,0.1296286055082052,0.13225588195410617,2.45,-2.5100000000000002,0.0,0.0,0.0,-0.0,
1791372904.7156692,stand,0.05685430584762951,0.005020600830136562,0.0,0.0,-0.06563818601962404,0.0,0.1357089901720473,0.0,0.0,0.0,False,0.0,0.0,0.0,0.0,0.1300318584668836,0.13266133055120402,2.57,-2.52,0.0,0.0,0.0,-0.0,
1791372904.7256656,stand,0.05717878003279257,0.005151196114863363,0.0,0.0,-0.0651709546575297,0.0,0.1359325019251925,0.0,0.0,0.0,False,0.0,0.0,0.0,0.0,0.1304354144080441,0.13286415721354122,2.63,-2.5300000000000002,0.0,0.0,0.0,-0.0,
1791372904.735665,stand,0.05746043420619348,0.0053926067430108545,0.0,0.0,-0.06471716190910111,0.0,0.1361569107402776,0.0,0.0,0.0,False,0.0,0.0,0.0,0.0,0.13063739058623525,0.13327010728178904,2.77,-2.54,0.0,0.0,0.0,-0.0,
1791372904.7456691,stand,0.058044216108807764,0.0059912719437249275,0.0,0.0,-0.064413449411172,0.0,0.13630643409342103,0.0,0.0,0.0,False,0.0,0.0,0.0,0.0,0.13083937397795098,0.13347313382141587,2.84,-2.5300000000000002,0.0,0.0,0.0,-0.0,
1791372904.7556012,stand,0.05862369498193955,0.006591644727207516,0.0,0.0,-0.06396518686588291,0.0,0.13653109907003905,0.0,0.0,0.0,False,0.0,0.0,0.0,0.0,0.1310414695044307,0.13387950994948009,2.92,-2.6,0.0,0.0,0.0,-0.0,
1791372904.765625,stand,0.058977307355140514,0.006755486756143396,0.0,0.0,-0.06366461736318048,0.0,0.13668075604231472,0.0,0.0,0.0,False,0.0,0.0,0.0,0.0,0.1312436891780312,0.13408280243677195,2.84,-2.7,0.0,0.0,0.0,-0.0,
1791372904.775666,stand,0.05918958017183839,0.006629577757270182,0.0,0.0,-0.06336475073091626,0.0,0.13683042711984836,0.0,0.0,0.0,False,0.0,0.0,0.0,0.0,0.13144590885163165,0.13428618660015285,2.97,-2.72,0.0,0.0,0.0,-0.0,
1791372904.7872708,stand,0.05947442761830647,0.0067412145701212815,0.0,0.0,-0.06306781031657316,0.0,0.13698020095378424,0.0,0.0,0.0,False,0.0,0.0,0.0,0.0,0.13164833071470025,0.13448957772950051,3.0300000000000002,-2.79,0.0,0.0,0.0,-0.0,
1791372904.7969027,stand,0.05995167258730355,0.007217343262997283,0.0,0.0,-0.06263348953588062,0.0,0.13720543680916625,0.0,0.0,0.0,False,0.0,0.0,0.0,0.0,0.13185075581959868,0.13489667666095456,3.13,-2.79,0.0,0.0,0.0,-0.0,
1791372904.8056087,stand,0.060349084251329094,0.00768709513102285,0.0,0.0,-0.062191583032467634,0.0,0.13743018312803326,0.0,0.0,0.0,False,0.0,0.0,0.0,0.0,0.13225589901150223,0.13510031217805427,3.15,-2.7800000000000002,0.0,0.0,0.0,-0.0,
1791372904.8157036,stand,0.060439617436528086,0.007635424439307447,0.0,0.0,-0.06176024149745413,0.0,0.13765547715058765,0.0,0.0,0.0,False,0.0,0.0,0.0,0.0,0.1324585209635576,0.13550773561312077,3.11,-2.81,0.0,0.0,0.0,-0.0,
1791372904.8257434,stand,0.060235566751655194,0.007435162614833624,0.0,0.0,-0.061331326192295914,0.0,0.13788079508619958,0.0,0.0,0.0,False,0.0,0.0,0.0,0.0,0.13286417428823197,0.13571164648054274,3.16,-2.88,0.0,0.0,0.0,-0.0,
1791372904.8356447,stand,0.06014611020427887,0.007313861074649734,0.0,0.0,-0.060766659117548506,0.0,0.13818152607437717,0.0,0.0,0.0,False,0.0,0.0,0.0,0.0,0.13327012437298888,0.13611953434174906,3.14,-2.86,0.0,0.0,0.0,-0.0,
1791372904.84568,stand,0.06017110065179883,0.007458714938338714,0.0,0.0,-0.0603486225593788,0.0,0.1384073074393617,0.0,0.0,0.0,False,0.0,0.0,0.0,0.0,0.13347315092653075,0.1365276009822148,3.14,-2.81,0.0,0.0,0.0,-0.0,
1791372904.8557158,stand,0.06023077328510198,0.007536068936612383,0.0,0.0,-0.059795695549003845,0.0,0.1387084796834868,0.0,0.0,0.0,False,0.0,0.0,0.0,0.0,0.133879527054595,0.136935984897473,3.1,-2.75,0.0,0.0,0.0,-0.0,
1791372904.8656626,stand,0.06011090851163001,0.007249918643656762,0.0,0.0,-0.059236981484715664,0.0,0.13900932347325415,0.0,0.0,0.0,False,0.0,0.0,0.0,0.0,0.13448959486503953,0.13714026892785636,2.98,-2.75,0.0,0.0,0.0,-0.0,
1791372904.8756092,stand,0.05967299777669693,0.006887163634076457,0.0,0.0,-0.05883345742241808,0.0,0.13923565277107636,0.0,0.0,0.0,False,0.0,0.0,0.0,0.0,0.13469314433076654,0.13754897722116985,3.04,-2.72,0.0,0.0,0.0,-0.0,
1791372904.8856905,stand,0.05922548395840331,0.006869429447981785,0.0,0.0,-0.05830185136728944,0.0,0.1395378169785368,0.0,0.0,0.0,False,0.0,0.0,0.0,0.0,0.13510032932672053,0.1379579233168424,3.06,-2.65,0.0,0.0,0.0,-0.0,
1791372904.8957288,stand,0.05908482322030089,0.006670716912012651,0.0,0.0,-0.05763882698004942,0.0,0.1399154690815442,0.0,0.0,0.0,False,0.0,0.0,0.0,0.0,0.13571166364650583,0.1383671204110598,2.82,-2.62,0.0,0.0,0.0,-0.0,
1791372904.9056087,stand,0.05881166750614058,0.006253524631117653,0.0,0.0,-0.05711941936080937,0.0,0.14021802627180463,0.0,0.0,0.0,False,0.0,0.0,0.0,0.0,0.1361195515174584,0.13877651846802935,2.91,-2.62,0.0,0.0,0.0,-0.0,
1791372904.9157166,stand,0.05831897160907492,0.00578709438168642,0.0,0.0,-0.056474155938389815,0.0,0.14059627534156202,0.0,0.0,0.0,False,0.0,0.0,0.0,0.0,0.13673181012947022,0.13918612483827136,2.72,-2.64,0.0,0.0,0.0,-0.0,
1791372904.9256618,stand,0.057670550845261716,0.005493868452144044,0.0,0.0,-0.055966345722029145,0.0,0.14089917981241598,0.0,0.0,0.0,False,0.0,0.0,0.0,0.0,0.13714028613060872,0.1395959567343762,2.74,-2.5300000000000002,0.0,0.0,0.0,-0.0,
1791372904.935715,stand,0.05708833525131609,0.0052909049942194515,0.0,0.0,-0.05558617493678992,0.0,0.14112629782107236,0.0,0.0,0.0,False,0.0,0.0,0.0,0.0,0.1375489944344594,0.1398009518068829,2.73,-2.5300000000000002,0.0,0.0,0.0,-0.0,
1791372904.945666,stand,0.05652713501761985,0.005067760174877109,0.0,0.0,-0.055093969567290936,0.0,0.14142991192482815,0.0,0.0,0.0,False,0.0,0.0,0.0,0.0,0.1379579405301319,0.14021101701605657,2.7,-2.56,0.0,0.0,0.0,-0.0,
1791372904.9556699,stand,0.05601217793562653,0.00458758713375029,0.0,0.0,-0.054724025234626904,0.0,0.14165754795346328,0.0,0.0,0.0,False,0.0,0.0,0.0,0.0,0.13836713763747482,0.14041612783669818,2.63,-2.56,0.0,0.0,0.0,-0.0,
1791372904.9656405,stand,0.055517125342486914,0.004108744515473119,0.0,0.0,-0.05436350460186935,0.0,0.1418855400652129,0.0,0.0,0.0,False,0.0,0.0,0.0,0.0,0.13857178156693867,0.14082649446276013,2.66,-2.62,0.0,0.0,0.0,-0.0,
1791372904.9757183,stand,0.054993651119378824,0.00395073311722835,0.0,0.0,-0.05400402320229052,0.0,0.14211356815161105,0.0,0.0,0.0,False,0.0,0.0,0.0,0.0,0.1389812898430255,0.1410317304697301,2.77,-2.61,0.0,0.0,0.0,-0.0,
1791372904.985642,stand,0.054422806676336845,0.0037851096853353033,0.0,0.0,-0.05376698540874412,0.0,0.1422656714368424,0.0,0.0,0.0,False,0.0,0.0,0.0,0.0,0.13918614208834904,0.1412370437751697,2.75,-2.71,0.0,0.0,0.0,-0.0,
1791372904.9956458,stand,0.053890710490688706,0.0035158495881363033,0.0,0.0,-0.05353045394484928,0.0,0.1424177826984686,0.0,0.0,0.0,False,0.0,0.0,0.0,0.0,0.13939105213489056,0.14144239552473142,2.81,-2.82,0.0,0.0,0.0,-0.0,
1791372905.005752,stand,0.05346755277114331,0.0030484522093582626,0.0,0.0,-0.05317589359038882,0.0,0.14264594163893757,0.0,0.0,0.0,False,0.0,0.0,0.0,0.0,0.13980096906411835,0.14164776949422786,2.86,-2.87,0.0,0.0,0.0,-0.0,
1791372905.015726,stand,0.053106535463374994,0.0028279215132772932,0.0,0.0,-0.05283262187283822,0.0,0.1428744902426179,0.0,0.0,0.0,False,0.0,0.0,0.0,0.0,0.14000596413662506,0.14205872337709438,2.88,-2.91,0.0,0.0,0.0,-0.0,
1791372905.0257008,stand,0.052517022473639055,0.0029563406756298546,0.0,0.0,-0.052602412864043484,0.0,0.14302679415797173,0.0,0.0,0.0,False,0.0,0.0,0.0,0.0,0.14021103428303613,0.1422642246636504,2.96,-2.97,0.0,0.0,0.0,-0.0,
1791372905.0356176,stand,0.051787941204765785,0.00304040296386373,0.0,0.0,-0.052143580884807396,0.0,0.14333142975069973,0.0,0.0,0.0,False,0.0,0.0,0.0,0.0,0.1406212757333084,0.14267528101477772,3.0300000000000002,-2.97,0.0,0.0,0.0,-0.0,
1791372905.045669,stand,0.05091779057185281,0.002817068638892721,0.0,0.0,-0.05180729917094365,0.0,0.1435602054668482,0.0,0.0,0.0,False,0.0,0.0,0.0,0.0,0.14103174774724833,0.14288095400289955,2.95,-3.0300000000000002,0.0,0.0,0.0,-0.0,
1791372905.055659,stand,0.05014077949836218,0.002634120580404342,0.0,0.0,-0.05158513653499378,0.0,0.14371279558183334,0.0,0.0,0.0,False,0.0,0.0,0.0,0.0,0.14123706106243156,0.14308662699102137,2.89,-2.96,0.0,0.0,0.0,-0.0,
1791372905.0656214,stand,0.04938299001932794,0.0028076612178347163,0.0,0.0,-0.05103403328906773,0.0,0.14409440175339341,0.0,0.0,0.0,False,0.0,0.0,0.0,0.0,0.14164778679202883,0.1437037924586279,2.95,-2.96,0.0,0.0,0.0,-0.0,
1791372905.075665,stand,0.04874352663334642,0.003219749812015638,0.0,0.0,-0.05060379187680991,0.0,0.14440005165036376,0.0,0.0,0.0,False,0.0,0.0,0.0,0.0,0.14205874067489535,0.14411545967343167,2.94,-2.95,0.0,0.0,0.0,-0.0,
1791372905.0856073,stand,0.04778959324780603,0.003386759633395217,0.0,0.0,-0.05038935348359096,0.0,0.14455288659064097,0.0,0.0,0.0,False,0.0,0.0,0.0,0.0,0.14226424196443377,0.14432135500779106,2.9,-2.99,0.0,0.0,0.0,-0.0,
1791372905.0956116,stand,0.046643397869980015,0.0032880245631950245,0.0,0.0,-0.05006602194654486,0.0,0.1447820306069088,0.0,0.0,0.0,False,0.0,0.0,0.0,0.0,0.14267529832908263,0.144527273662407,2.99,-2.99,0.0,0.0,0.0,-0.0,
1791372905.10575,stand,0.04581407126471799,0.0032583258887754715,0.0,0.0,-0.04964699587280049,0.0,0.14508798295651654,0.0,0.0,0.0,False,0.0,0.0,0.0,0.0,0.14308664430532625,0.14493915472938382,2.99,-2.96,0.0,0.0,0.0,-0.0,
1791372905.1155963,stand,0.04515860650000094,0.0037175908736716903,0.0,0.0,-0.049338897887354724,0.0,0.14531754339992375,0.0,0.0,0.0,False,0.0,0.0,0.0,0.0,0.14329234900869658,0.14535115616784475,3.0100000000000002,-2.93,0.0,0.0,0.0,-0.0,
1791372905.1256497,stand,0.04439776737593742,0.004373561557346125,0.0,0.0,-0.04903181861284264,0.0,0.14554711994503267,0.0,0.0,0.0,False,0.0,0.0,0.0,0.0,0.14349806688459313,0.1457633237473838,3.11,-2.89,0.0,0.0,0.0,-0.0,
1791372905.1357467,stand,0.043489082971598765,0.004540470375485249,0.0,0.0,-0.048725204028833714,0.0,0.1457768157406888,0.0,0.0,0.0,False,0.0,0.0,0.0,0.0,0.1439096433938562,0.1459694384385258,3.12,-2.89,0.0,0.0,0.0,-0.0,
1791372905.1456027,stand,0.04262172851914102,0.004244995037269079,0.0,0.0,-0.04832521802923964,0.0,0.14608335306491158,0.0,0.0,0.0,False,0.0,0.0,0.0,0.0,0.14432137234277703,0.14638173284151798,3.0500000000000003,-2.91,0.0,0.0,0.0,-0.0,
1791372905.1557202,stand,0.04185201999884993,0.004296210041753587,0.0,0.0,-0.04792702012952783,0.0,0.14638991644824523,0.0,0.0,0.0,False,0.0,0.0,0.0,0.0,0.1447332179954894,0.1467941420394879,2.95,-2.81,0.0,0.0,0.0,-0.0,
1791372905.1656287,stand,0.04102190795586891,0.004919132178898938,0.0,0.0,-0.04744795154698458,0.0,0.1467736194080062,0.0,0.0,0.0,False,0.0,0.0,0.0,0.0,0.1451451261392133,0.14741291417370306,3.11,-2.75,0.0,0.0,0.0,-0.0,
1791372905.1756527,stand,0.04010399451106184,0.005452213875559108,0.0,0.0,-0.047064516820211635,0.0,0.14708050838391634,0.0,0.0,0.0,False,0.0,0.0,0.0,0.0,0.14555725279394405,0.14782556498999672,3.0,-2.73,0.0,0.0,0.0,-0.0,
1791372905.1857321,stand,0.03914705858900254,0.005331352270196782,0.0,0.0,-0.04668923110594012,0.0,0.1473875485632417,0.0,0.0,0.0,False,0.0,0.0,0.0,0.0,0.14596945579001486,0.14823827623012087,2.95,-2.64,0.0,0.0,0.0,-0.0,
1791372905.1956182,stand,0.038139758981537555,0.005081069351999186,0.0,0.0,-0.04631775116263286,0.0,0.14769472286350643,0.0,0.0,0.0,False,0.0,0.0,0.0,0.0,0.14638175020016714,0.14865114084368639,2.84,-2.58,0.0,0.0,0.0,-0.0,
1791372905.205693,stand,0.03709937213318326,0.005355956763027717,0.0,0.0,-0.045950931458785024,0.0,0.1480019088991778,0.0,0.0,0.0,False,0.0,0.0,0.0,0.0,0.1467941594011181,0.14906401596684668,2.81,-2.48,0.0,0.0,0.0,-0.0,
1791372905.2156694,stand,0.03612653700170173,0.005662370002061537,0.0,0.0,-0.04559398301206944,0.0,0.14830935634674533,0.0,0.0,0.0,False,0.0,0.0,0.0,0.0,0.1472066297123222,0.14947695778662332,2.85,-2.46,0.0,0.0,0.0,-0.0,
1791372905.2262511,stand,0.03536690766050256,0.005396662445291026,0.0,0.0,-0.04532469043188104,0.0,0.14853995720776392,0.0,0.0,0.0,False,0.0,0.0,0.0,0.0,0.14761925175454838,0.14968347877739743,2.68,-2.54,0.0,0.0,0.0,-0.0,
1791372905.2356334,stand,0.034653796892399134,0.005157749263245278,0.0,0.0,-0.04497476565073452,0.0,0.14884763339902185,0.0,0.0,0.0,False,0.0,0.0,0.0,0.0,0.14803193798183012,0.15009651442923766,2.92,-2.52,0.0,0.0,0.0,-0.0,
1791372905.24572,stand,0.03394285198523032,0.005330144481842271,0.0,0.0,-0.044802475313843425,0.0,0.1490015723077066,0.0,0.0,0.0,False,0.0,0.0,0.0,0.0,0.14823829360189222,0.15030303066857983,3.0100000000000002,-2.5500000000000003,0.0,0.0,0.0,-0.0,
1791372905.255691,stand,0.03334890477107046,0.005507915310734613,0.0,0.0,-0.044630540613374056,0.0,0.14915551563021842,0.0,0.0,0.0,False,0.0,0.0,0.0,0.0,0.14844471754333194,0.15050958471111697,2.9,-2.66,0.0,0.0,0.0,-0.0,
1791372905.2655962,stand,0.032759887971915154,0.005223358847986615,0.0,0.0,-0.04437075599563764,0.0,0.14938635117322716,0.0,0.0,0.0,False,0.0,0.0,0.0,0.0,0.14885759741567667,0.150716145857635,2.98,-2.7,0.0,0.0,0.0,-0.0,
1791372905.2756937,stand,0.03237011068147102,0.00477000352957713,0.0,0.0,-0.04412250358907955,0.0,0.1496173362207859,0.0,0.0,0.0,False,0.0,0.0,0.0,0.0,0.14906403334537877,0.15112937026661902,3.16,-2.7800000000000002,0.0,0.0,0.0,-0.0,
1791372905.285629,stand,0.03188031621721622,0.004754585256397869,0.0,0.0,-0.043957501220175915,0.0,0.14977126176743433,0.0,0.0,0.0,False,0.0,0.0,0.0,0.0,0.1492704692750809,0.1513360069704212,3.25,-2.88,0.0,0.0,0.0,-0.0,
1791372905.2957017,stand,0.03129365257714208,0.004838681095284058,0.0,0.0,-0.04387273178134828,0.0,0.1498481445973672,0.0,0.0,0.0,False,0.0,0.0,0.0,0.0,0.14947697517231615,0.1513360069704212,3.2600000000000002,-2.93,0.0,0.0,0.0,-0.0,
1791372905.3057408,stand,0.030713319435270607,0.004602283899601013,0.0,0.0,-0.043628511892318644,0.0,0.15007912505601034,0.0,0.0,0.0,False,0.0,0.0,0.0,0.0,0.1496834961630903,0.15174921449070986,3.17,-3.0300000000000002,0.0,0.0,0.0,-0.0,
1791372905.3156807,stand,0.03007075765912972,0.004164096840636411,0.0,0.0,-0.043382586438157546,0.0,0.15031014470493959,0.0,0.0,0.0,False,0.0,0.0,0.0,0.0,0.15009653181453053,0.15195584381220684,3.2600000000000002,-3.06,0.0,0.0,0.0,-0.0,
1791372905.3256505,stand,0.02954150215749876,0.003902476695203758,0.0,0.0,-0.043065291164901064,0.0,0.15061870298998783,0.0,0.0,0.0,False,0.0,0.0,0.0,0.0,0.1505096021001903,0.1523691975294513,3.23,-2.99,0.0,0.0,0.0,-0.0,
1791372905.3356915,stand,0.028794402238393902,0.0039889736013052225,0.0,0.0,-0.04274934499558022,0.0,0.15092727589159344,0.0,0.0,0.0,False,0.0,0.0,0.0,0.0,0.1509227509582508,0.15278256018860736,3.19,-3.04,0.0,0.0,0.0,-0.0,
1791372905.3457034,stand,0.028013063404362045,0.003992151228368825,0.0,0.0,-0.04259440769240456,0.0,0.1510815447695762,0.0,0.0,0.0,False,0.0,0.0,0.0,0.0,0.151129387662053,0.15298923994702968,3.18,-3.0500000000000003,0.0,0.0,0.0,-0.0,
1791372905.3556736,stand,0.02725622381145728,0.003582428638561053,0.0,0.0,-0.042289502337307674,0.0,0.15139013659064104,0.0,0.0,0.0,False,0.0,0.0,0.0,0.0,0.15154263058090173,0.1534025936642741,3.13,-3.02,0.0,0.0,0.0,-0.0,
1791372905.365713,stand,0.02666599513414421,0.0029216893127879066,0.0,0.0,-0.04198383893123599,0.0,0.15169872343717947,0.0,0.0,0.0,False,0.0,0.0,0.0,0.0,0.15216253806964342,0.1536092748016218,2.95,-3.0,0.0,0.0,0.0,-0.0,
1791372905.3756776,stand,0.026219691645873965,0.0027191273513621347,0.0,0.0,-0.04168632089774898,0.0,0.15200763706852455,0.0,0.0,0.0,False,0.0,0.0,0.0,0.0,0.1525758959740724,0.15402265252562203,3.09,-2.98,0.0,0.0,0.0,-0.0,
1791372905.385595,stand,0.025619901976564777,0.0029565505815457673,0.0,0.0,-0.0414703805753149,0.0,0.15223935833275964,0.0,0.0,0.0,False,0.0,0.0,0.0,0.0,0.15278257758782207,0.1544360865525065,3.02,-2.98,0.0,0.0,0.0,-0.0,
1791372905.395675,stand,0.024970013376245572,0.0028317041094555284,0.0,0.0,-0.04110972590444894,0.0,0.1526255802541021,0.0,0.0,0.0,False,0.0,0.0,0.0,0.0,0.1534026110630885,0.15484952970695817,2.87,-3.0100000000000002,0.0,0.0,0.0,-0.0,
1791372905.4056695,stand,0.024315793762626357,0.0020526624715324535,0.0,0.0,-0.040894907650228546,0.0,0.15285733309080388,0.0,0.0,0.0,False,0.0,0.0,0.0,0.0,0.15381597381458612,0.15505624943684565,2.92,-2.98,0.0,0.0,0.0,-0.0,
1791372905.4156744,stand,0.023916673665461918,0.0014897391143347475,0.0,0.0,-0.04061848658335423,0.0,0.15316627064204624,0.0,0.0,0.0,False,0.0,0.0,0.0,0.0,0.154229386941259,0.1554696834637301,2.95,-2.91,0.0,0.0,0.0,-0.0,
1791372905.4256194,stand,0.02348440955886631,0.0014811091739976542,0.0,0.0,-0.04034581528664476,0.0,0.1534752274631325,0.0,0.0,0.0,False,0.0,0.0,0.0,0.0,0.15464282534005977,0.15588312671014087,2.85,-2.87,0.0,0.0,0.0,-0.0,
1791372905.4356194,stand,0.023005476714388365,0.0014824116715784102,0.0,0.0,-0.040076543173595054,0.0,0.15378430169076332,0.0,0.0,0.0,False,0.0,0.0,0.0,0.0,0.15505626683904042,0.15629656336151151,2.65,-2.86,0.0,0.0,0.0,-0.0,
1791372905.445751,stand,0.022260421309606336,0.0010071354865563516,0.0,0.0,-0.03974860526924561,0.0,0.15417062175149868,0.0,0.0,0.0,False,0.0,0.0,0.0,0.0,0.1556764223432425,0.15671000194383009,2.67,-2.79,0.0,0.0,0.0,-0.0,
1791372905.4556775,stand,0.021656881250832292,0.0004093955492640364,0.0,0.0,-0.03955444777489373,0.0,0.15440250639640357,0.0,0.0,0.0,False,0.0,0.0,0.0,0.0,0.15588314411273604,0.15712344325929287,2.63,-2.7600000000000002,0.0,0.0,0.0,-0.0,
1791372905.4656615,stand,0.0212791734003133,0.0002262646639560566,0.0,0.0,-0.03923887232438341,0.0,0.15478915881624195,0.0,0.0,0.0,False,0.0,0.0,0.0,0.0,0.1565032977771485,0.15753687728617735,2.57,-2.7600000000000002,0.0,0.0,0.0,-0.0,
1791372905.4756675,stand,0.02095580844441338,0.00016053244211432056,0.0,0.0,-0.0391144741134852,0.0,0.15494387450802802,0.0,0.0,0.0,False,0.0,0.0,0.0,0.0,0.1567100193464252,0.15774355970867812,2.63,-2.8000000000000003,0.0,0.0,0.0,-0.0,
1791372905.4856126,stand,0.020800255428469725,-0.00011074269117783672,0.0,0.0,-0.03886650638701998,0.0,0.155253314389614,0.0,0.0,0.0,False,0.0,0.0,0.0,0.0,0.1571234606614876,0.15815692062114378,2.73,-2.81,0.0,0.0,0.0,-0.0,
1791372905.4957092,stand,0.020590783012721905,-0.0007660488153186428,0.0,0.0,-0.03874705158508531,0.0,0.15540810278103956,0.0,0.0,0.0,False,0.0,0.0,0.0,0.0,0.15733017767492985,0.15836359747976603,2.62,-2.88,0.0,0.0,0.0,-0.0,
1791372905.5057847,stand,0.020470929545331026,-0.001173274648332517,0.0,0.0,-0.03856753665472079,0.0,0.15564028038693584,0.0,0.0,0.0,False,0.0,0.0,0.0,0.0,0.1577435771078928,0.15857027433838822,2.62,-2.96,0.0,0.0,0.0,-0.0,
1791372905.5157475,stand,0.02015700458727216,-0.0012896553430175736,0.0,0.0,-0.03844867560165864,0.0,0.15579507431332912,0.0,0.0,0.0,False,0.0,0.0,0.0,0.0,0.15795025872164248,0.15877691118317774,2.8000000000000003,-3.0100000000000002,0.0,0.0,0.0,-0.0,
1791372905.5256329,stand,0.019903739847115288,-0.0013988722427418986,0.0,0.0,-0.03833008171539891,0.0,0.15594987080202483,0.0,0.0,0.0,False,0.0,0.0,0.0,0.0,0.15815693801995817,0.15898354788697994,2.87,-3.0700000000000003,0.0,0.0,0.0,-0.0,
1791372905.535662,stand,0.019522613346988023,-0.001877989291351282,0.0,0.0,-0.038154969402090184,0.0,0.1561820971276637,0.0,0.0,0.0,False,0.0,0.0,0.0,0.0,0.1585702917372026,0.15919018699701698,2.86,-3.16,0.0,0.0,0.0,-0.0,
1791372905.5456648,stand,0.019223943984985007,-0.002321259864137218,0.0,0.0,-0.03804131201915487,0.0,0.1563369560725695,0.0,0.0,0.0,False,0.0,0.0,0.0,0.0,0.15877692857861173,0.15939682845502273,2.95,-3.24,0.0,0.0,0.0,-0.0,
1791372905.5557222,stand,0.019015649461173158,-0.002552745400784863,0.0,0.0,-0.037814729280252084,0.0,0.15664668080453448,0.0,0.0,0.0,False,0.0,0.0,0.0,0.0,0.1591902043928512,0.15981006575136628,2.93,-3.22,0.0,0.0,0.0,-0.0,
1791372905.5656302,stand,0.018657924212568396,-0.002695086089810838,0.0,0.0,-0.03770456999964529,0.0,0.15680158490185214,0.0,0.0,0.0,False,0.0,0.0,0.0,0.0,0.15939684585085695,0.16001666230034847,2.99,-3.2,0.0,0.0,0.0,-0.0,
1791372905.5756943,stand,0.018433679440483075,-0.0029765271000753257,0.0,0.0,-0.037486945437381944,0.0,0.15711134069214797,0.0,0.0,0.0,False,0.0,0.0,0.0,0.0,0.1598100831434199,0.16042986264926531,2.85,-3.27,0.0,0.0,0.0,-0.0,
1791372905.5857468,stand,0.0180126987279363,-0.0032911938545866527,0.0,0.0,-0.03737943443263715,0.0,0.1572661934536796,0.0,0.0,0.0,False,0.0,0.0,0.0,0.0,0.1600166796924021,0.1606364609607768,2.88,-3.34,0.0,0.0,0.0,-0.0,
1791372905.5956655,stand,0.017431672347448444,-0.003538070273548814,0.0,0.0,-0.03716708269982527,0.0,0.1575758462107225,0.0,0.0,0.0,False,0.0,0.0,0.0,0.0,0.16042988004171907,0.16104949343946115,2.75,-3.27,0.0,0.0,0.0,-0.0,
1791372905.6057,stand,0.016753581892032826,-0.003670303684172221,0.0,0.0,-0.03695907394278064,0.0,0.15788550022142683,0.0,0.0,0.0,False,0.0,0.0,0.0,0.0,0.16084299458541182,0.16146253325814908,2.74,-3.25,0.0,0.0,0.0,-0.0,
1791372905.615752,stand,0.01619694156785327,-0.003814611670499514,0.0,0.0,-0.03680399121530916,0.0,0.1581177577249542,0.0,0.0,0.0,False,0.0,0.0,0.0,0.0,0.1612560296530678,0.16166905180178145,2.77,-3.29,0.0,0.0,0.0,-0.0,
1791372905.6256802,stand,0.015681235971164796,-0.004025132582886945,0.0,0.0,-0.036601941671787486,0.0,0.15842756981903333,0.0,0.0,0.0,False,0.0,0.0,0.0,0.0,0.16166906918369395,0.16208200397082578,2.91,-3.31,0.0,0.0,0.0,-0.0,
1791372905.635614,stand,0.015275965412879981,-0.004385553055658897,0.0,0.0,-0.036450975269239065,0.0,0.15865993324447358,0.0,0.0,0.0,False,0.0,0.0,0.0,0.0,0.16208202135273825,0.1622884600820719,2.82,-3.3200000000000003,0.0,0.0,0.0,-0.0,
1791372905.6456707,stand,0.015047533905307674,-0.004684706136434238,0.0,0.0,-0.036210691961513254,0.0,0.1590472377188086,0.0,0.0,0.0,False,0.0,0.0,0.0,0.0,0.16270135550052045,0.16270133812536872,2.7,-3.2800000000000002,0.0,0.0,0.0,-0.0,
1791372905.6557605,stand,0.01460680099929212,-0.004709114401071349,0.0,0.0,-0.03602138396433722,0.0,0.1593570914468493,0.0,0.0,0.0,False,0.0,0.0,0.0,0.0,0.16290775127540255,0.16332050479109425,2.73,-3.22,0.0,0.0,0.0,-0.0,
1791372905.6656606,stand,0.014061012176596515,-0.00467929305519873,0.0,0.0,-0.03588225977451132,0.0,0.15958942998933184,0.0,0.0,0.0,False,0.0,0.0,0.0,0.0,0.16332052216326529,0.16352686515889286,2.8000000000000003,-3.23,0.0,0.0,0.0,-0.0,
1791372905.6756752,stand,0.01351533592066364,-0.005123509740950214,0.0,0.0,-0.0356590597475806,0.0,0.15997648529045622,0.0,0.0,0.0,False,0.0,0.0,0.0,0.0,0.16393951027776887,0.1639394929127583,2.6,-3.15,0.0,0.0,0.0,-0.0,
1791372905.6857178,stand,0.013076535236098155,-0.005591955586023271,0.0,0.0,-0.0354813282402056,0.0,0.16028613714970313,0.0,0.0,0.0,False,0.0,0.0,0.0,0.0,0.16435206375985217,0.16435204639444206,2.69,-3.0500000000000003,0.0,0.0,0.0,-0.0,
1791372905.6956801,stand,0.0128737163813489,-0.005652499269474179,0.0,0.0,-0.035352367935349314,0.0,0.160518520897852,0.0,0.0,0.0,False,0.0,0.0,0.0,0.0,0.16455834381616302,0.16476459693831647,2.67,-3.06,0.0,0.0,0.0,-0.0,
1791372905.705675,stand,0.01257868935358606,-0.005614145558658825,0.0,0.0,-0.03518100058143809,0.0,0.16082837003400896,0.0,0.0,0.0,False,0.0,0.0,0.0,0.0,0.16497080929734834,0.16517698693988053,2.63,-3.0700000000000003,0.0,0.0,0.0,-0.0,
1791372905.7156708,stand,0.01232165305611483,-0.00608280067361097,0.0,0.0,-0.035012702152032664,0.0,0.16113829339998278,0.0,0.0,0.0,False,0.0,0.0,0.0,0.0,0.16558927171243443,0.16538313492721082,2.44,-3.09,0.0,0.0,0.0,-0.0,
1791372905.7257087,stand,0.012090524041846861,-0.006605325344368441,0.0,0.0,-0.034892034822874785,0.0,0.16137088708420053,0.0,0.0,0.0,False,0.0,0.0,0.0,0.0,0.16579539052018263,0.16579537316869356,2.5500000000000003,-2.99,0.0,0.0,0.0,-0.0,
1791372905.7356985,stand,0.011936774129406852,-0.006650827022433773,0.0,0.0,-0.03477171484514281,0.0,0.16160348311131223,0.0,0.0,0.0,False,0.0,0.0,0.0,0.0,0.16600150521132462,0.16620760255097758,2.57,-3.02,0.0,0.0,0.0,-0.0,
1791372905.7456708,stand,0.012041381455532962,-0.006533366549917893,0.0,0.0,-0.034651820114053065,0.0,0.16183607385469273,0.0,0.0,0.0,False,0.0,0.0,0.0,0.0,0.16641366034924823,0.16641364300750133,2.57,-3.14,0.0,0.0,0.0,-0.0,
1791372905.755744,stand,0.012288284175125758,-0.006967291124553526,0.0,0.0,-0.03453809315431706,0.0,0.16206810725420714,0.0,0.0,0.0,False,0.0,0.0,0.0,0.0,0.16682565149099718,0.16661964197360501,2.41,-3.17,0.0,0.0,0.0,-0.0,
1791372905.765677,stand,0.01249957489655547,-0.007509950999255413,0.0,0.0,-0.03442469137694506,0.0,0.16230014274388796,0.0,0.0,0.0,False,0.0,0.0,0.0,0.0,0.1670316055628591,0.16703158822489156,2.64,-3.14,0.0,0.0,0.0,-0.0,
1791372905.775681,stand,0.012837164245004931,-0.007521703503107066,0.0,0.0,-0.03434927016224905,0.0,0.16245483422712254,0.0,0.0,0.0,False,0.0,0.0,0.0,0.0,0.16723755963472103,0.16723754229675347,2.63,-3.21,0.0,0.0,0.0,-0.0,
1791372905.7857065,stand,0.013464726550869235,-0.007121092987874179,0.0,0.0,-0.03420184277615781,0.0,0.1627645227289225,0.0,0.0,0.0,False,0.0,0.0,0.0,0.0,0.16764940895417135,0.16764939161918538,2.65,-3.18,0.0,0.0,0.0,-0.0,
1791372905.7956946,stand,0.014056230526395064,-0.007203753534149684,0.0,0.0,-0.03409378813468672,0.0,0.16299700958046193,0.0,0.0,0.0,False,0.0,0.0,0.0,0.0,0.16806114670800743,0.16785529577277916,2.7,-3.24,0.0,0.0,0.0,-0.0,
1791372905.805734,stand,0.014592543429740363,-0.007684076714879026,0.0,0.0,-0.03402192279060243,0.0,0.1631520018696002,0.0,0.0,0.0,False,0.0,0.0,0.0,0.0,0.16826698031540935,0.16806112938018106,2.83,-3.24,0.0,0.0,0.0,-0.0,
1791372905.8156781,stand,0.015142372473739677,-0.007849611902066983,0.0,0.0,-0.03391446736520758,0.0,0.16338448514320278,0.0,0.0,0.0,False,0.0,0.0,0.0,0.0,0.16847276251401083,0.16847274519254665,2.69,-3.2800000000000002,0.0,0.0,0.0,-0.0,
1791372905.8256755,stand,0.015995749156546606,-0.007281025946699346,0.0,0.0,-0.03378009638626603,0.0,0.16369381124746527,0.0,0.0,0.0,False,0.0,0.0,0.0,0.0,0.16888426242540838,0.1688842451111035,2.79,-3.22,0.0,0.0,0.0,-0.0,
1791372905.835723,stand,0.01699622135916103,-0.007098045708742915,0.0,0.0,-0.03371310115451712,0.0,0.1638484754048016,0.0,0.0,0.0,False,0.0,0.0,0.0,0.0,0.16908993541353018,0.1690899180992253,2.7800000000000002,-3.3000000000000003,0.0,0.0,0.0,-0.0,
1791372905.8456693,stand,0.01779245216231943,-0.00755049965038591,0.0,0.0,-0.03357957285769884,0.0,0.16415780925624318,0.0,0.0,0.0,False,0.0,0.0,0.0,0.0,0.16950125660862433,0.16950123929730154,2.67,-3.2800000000000002,0.0,0.0,0.0,-0.0,
1791372905.855734,stand,0.018454684259398613,-0.007934457692191777,0.0,0.0,-0.03348590959851328,0.0,0.16439005786745697,0.0,0.0,0.0,False,0.0,0.0,0.0,0.0,0.16991250553900494,0.16970687686171035,2.79,-3.29,0.0,0.0,0.0,-0.0,
1791372905.865659,stand,0.019446980672763577,-0.007677642628153329,0.0,0.0,-0.03336143616290766,0.0,0.16469972491839055,0.0,0.0,0.0,False,0.0,0.0,0.0,0.0,0.17032353027668845,0.17011800060706334,2.75,-3.24,0.0,0.0,0.0,-0.0,
1791372905.875669,stand,0.020547309731021667,-0.007496952086630262,0.0,0.0,-0.0332095167175873,0.0,0.1650868106988357,0.0,0.0,0.0,False,0.0,0.0,0.0,0.0,0.17093994244139524,0.17052899987899914,2.52,-3.23,0.0,0.0,0.0,-0.0,
1791372905.885674,stand,0.021517317933428978,-0.00808640643553282,0.0,0.0,-0.0330919843653487,0.0,0.16539648012354882,0.0,0.0,0.0,False,0.0,0.0,0.0,0.0,0.17135064594051866,0.1709399251541334,2.57,-3.18,0.0,0.0,0.0,-0.0,
1791372905.8956583,stand,0.02237635432952548,-0.008813031608479559,0.0,0.0,-0.03297641756520479,0.0,0.16570601991023096,0.0,0.0,0.0,False,0.0,0.0,0.0,0.0,0.17176121805199598,0.1713506286532568,2.56,-3.12,0.0,0.0,0.0,-0.0,
1791372905.9057376,stand,0.02321717762011684,-0.00895075360971653,0.0,0.0,-0.03280907984550876,0.0,0.16616988239268365,0.0,0.0,0.0,False,0.0,0.0,0.0,0.0,0.17237694565838582,0.1719664658110618,2.35,-3.02,0.0,0.0,0.0,-0.0,
1791372905.9156814,stand,0.02418107817684977,-0.008864250470246547,0.0,0.0,-0.032700513678361603,0.0,0.16647898923804527,0.0,0.0,0.0,False,0.0,0.0,0.0,0.0,0.17278720479807924,0.17237692838126512,2.2800000000000002,-2.88,0.0,0.0,0.0,-0.0,
1791372905.9256723,stand,0.025092589450858013,-0.009389274818896209,0.0,0.0,-0.03262119824100014,0.0,0.16671075556571055,0.0,0.0,0.0,False,0.0,0.0,0.0,0.0,0.17319732812355867,0.17258207199096406,2.25,-2.94,0.0,0.0,0.0,-0.0,
1791372905.9356003,stand,0.02621263064762967,-0.010094070847540706,0.0,0.0,-0.03249193610976477,0.0,0.16709695168549768,0.0,0.0,0.0,False,0.0,0.0,0.0,0.0,0.17360729921886872,0.17319731086333984,2.18,-2.89,0.0,0.0,0.0,-0.0,
1791372905.945711,stand,0.02746071228081171,-0.010372159888875725,0.0,0.0,-0.03239342151559567,0.0,0.16740604255993627,0.0,0.0,0.0,False,0.0,0.0,0.0,0.0,0.17401710437292386,0.17360728196839417,2.17,-2.81,0.0,0.0,0.0,-0.0,
1791372905.9557393,stand,0.02835420569209424,-0.010610275034268363,0.0,0.0,-0.03232307790996361,0.0,0.1676379595165608,0.0,0.0,0.0,False,0.0,0.0,0.0,0.0,0.1744267638467268,0.17381219672941314,2.3000000000000003,-2.92,0.0,0.0,0.0,-0.0,
1791372905.965724,stand,0.02929160571502105,-0.011373749214165358,0.0,0.0,-0.03229970297160178,0.0,0.1677152641196372,0.0,0.0,0.0,False,0.0,0.0,0.0,0.0,0.17463152963789857,0.17381219672941314,2.2800000000000002,-3.0300000000000002,0.0,0.0,0.0,-0.0,
1791372905.9756787,stand,0.030495222835505625,-0.012333578996251024,0.0,0.0,-0.03220922268291743,0.0,0.1680243667434125,0.0,0.0,0.0,False,0.0,0.0,0.0,0.0,0.17504100536777448,0.1742219168665084,2.32,-3.08,0.0,0.0,0.0,-0.0,
1791372905.9857025,stand,0.031970355294254064,-0.012799251209893751,0.0,0.0,-0.032142310350917525,0.0,0.16825616419368186,0.0,0.0,0.0,False,0.0,0.0,0.0,0.0,0.17545035302088582,0.1744267466034099,2.2600000000000002,-3.1,0.0,0.0,0.0,-0.0,
1791372905.9956958,stand,0.033323466744186216,-0.012918022328209301,0.0,0.0,-0.032097365197448297,0.0,0.1684107141889871,0.0,0.0,0.0,False,0.0,0.0,0.0,0.0,0.17565492475915573,0.17463151240134242,2.45,-3.17,0.0,0.0,0.0,-0.0,
1791372906.005606,stand,0.03424789025688448,-0.013371745092782605,0.0,0.0,-0.0320547738982629,0.0,0.16856515078936504,0.0,0.0,0.0,False,0.0,0.0,0.0,0.0,0.17585947341231709,0.17483626182860387,2.44,-3.2600000000000002,0.0,0.0,0.0,-0.0,
1791372906.0156724,stand,0.03535515619969536,-0.01413679280566676,0.0,0.0,-0.03199146319259185,0.0,0.1687967786493978,0.0,0.0,0.0,False,0.0,0.0,0.0,0.0,0.17626841731046197,0.17504098813758268,2.27,-3.33,0.0,0.0,0.0,-0.0,
1791372906.0256207,stand,0.036815829482045356,-0.014744327156053803,0.0,0.0,-0.03192746697559506,0.0,0.1690284624184758,0.0,0.0,0.0,False,0.0,0.0,0.0,0.0,0.17647285020255438,0.17545033579069402,2.24,-3.36,0.0,0.0,0.0,-0.0,
1791372906.0356805,stand,0.03814703421896707,-0.01497980026566081,0.0,0.0,-0.03186661946099935,0.0,0.1692599525426005,0.0,0.0,0.0,False,0.0,0.0,0.0,0.0,0.1768815599954663,0.17565490753950144,2.33,-3.34,0.0,0.0,0.0,-0.0,
1791372906.0456681,stand,0.03919556067159082,-0.01516959346693046,0.0,0.0,-0.03178817917491708,0.0,0.16956844833514903,0.0,0.0,0.0,False,0.0,0.0,0.0,0.0,0.1772901001009387,0.17606396720846054,2.27,-3.2800000000000002,0.0,0.0,0.0,-0.0,
1791372906.0556693,stand,0.040090965351981894,-0.015336853721320954,0.0,0.0,-0.031692590035159715,0.0,0.16995407138419377,0.0,0.0,0.0,False,0.0,0.0,0.0,0.0,0.1779026388146077,0.1764728329926453,2.2800000000000002,-3.2600000000000002,0.0,0.0,0.0,-0.0,
1791372906.0657167,stand,0.04132959997890856,-0.015522177560771306,0.0,0.0,-0.031636288771625415,0.0,0.17018544255288967,0.0,0.0,0.0,False,0.0,0.0,0.0,0.0,0.17810672918053205,0.17688154279271395,2.22,-3.2600000000000002,0.0,0.0,0.0,-0.0,
1791372906.0757294,stand,0.04250901639375012,-0.015599202798328538,0.0,0.0,-0.031564799853798585,0.0,0.17049380691123048,0.0,0.0,0.0,False,0.0,0.0,0.0,0.0,0.17851471153835144,0.17729008290793194,2.02,-3.19,0.0,0.0,0.0,-0.0,
1791372906.085627,stand,0.043431655696034965,-0.015606676579476422,0.0,0.0,-0.03147922606189168,0.0,0.1708791936099434,0.0,0.0,0.0,False,0.0,0.0,0.0,0.0,0.1791264118333987,0.17769847452379603,2.06,-3.0700000000000003,0.0,0.0,0.0,-0.0,
1791372906.0957053,stand,0.04444730260702953,-0.015541763678006346,0.0,0.0,-0.031413192570581866,0.0,0.1711875916297353,0.0,0.0,0.0,False,0.0,0.0,0.0,0.0,0.17953407294526705,0.178106712007808,2.0300000000000002,-3.04,0.0,0.0,0.0,-0.0,
1791372906.1057644,stand,0.045423659957387036,-0.015500392019138597,0.0,0.0,-0.03134906402438415,0.0,0.17149581811958925,0.0,0.0,0.0,False,0.0,0.0,0.0,0.0,0.17994142114148953,0.1785146943656274,2.02,-3.0500000000000003,0.0,0.0,0.0,-0.0,
1791372906.1156836,stand,0.04636373493521683,-0.015473702885796227,0.0,0.0,-0.03128821907239275,0.0,0.17180382665966826,0.0,0.0,0.0,False,0.0,0.0,0.0,0.0,0.1803486455666257,0.17892251747088514,2.0100000000000002,-2.98,0.0,0.0,0.0,-0.0,
1791372906.1257193,stand,0.04745041940100613,-0.015426155457496349,0.0,0.0,-0.031229004704102257,0.0,0.17211178600393254,0.0,0.0,0.0,False,0.0,0.0,0.0,0.0,0.18075567401151546,0.17933022523013067,2.0300000000000002,-2.92,0.0,0.0,0.0,-0.0,
1791372906.1357331,stand,0.048468210276047294,-0.015191915888015993,0.0,0.0,-0.031171659210194422,0.0,0.17241987524838448,0.0,0.0,0.0,False,0.0,0.0,0.0,0.0,0.18116249073988716,0.1797377387490826,2.02,-2.91,0.0,0.0,0.0,-0.0,
1791372906.1456647,stand,0.04924452935833382,-0.014956195942645493,0.0,0.0,-0.031131603752250395,0.0,0.1726507253147985,0.0,0.0,0.0,False,0.0,0.0,0.0,0.0,0.1815691881139024,0.17994140399620362,1.99,-2.94,0.0,0.0,0.0,-0.0,
1791372906.1556773,stand,0.04984363554649036,-0.01467202158678167,0.0,0.0,-0.031090861291374193,0.0,0.17288150618152692,0.0,0.0,0.0,False,0.0,0.0,0.0,0.0,0.1817724202195233,0.18034862842770624,2.02,-2.91,0.0,0.0,0.0,-0.0,
1791372906.1656444,stand,0.05040940497473398,-0.014290343979251432,0.0,0.0,-0.031039660840242986,0.0,0.17318901949601026,0.0,0.0,0.0,False,0.0,0.0,0.0,0.0,0.18217879849987784,0.18075565688651182,2.02,-2.85,0.0,0.0,0.0,-0.0,
1791372906.1756835,stand,0.05098240841388333,-0.013935516962008369,0.0,0.0,-0.031001985520547108,0.0,0.17341981536157766,0.0,0.0,0.0,False,0.0,0.0,0.0,0.0,0.18238186609667828,0.18116247362125046,2.23,-2.87,0.0,0.0,0.0,-0.0,
1791372906.1856604,stand,0.05100256917242318,-0.013597600286651208,0.0,0.0,-0.03097732760432882,0.0,0.1735736386968777,0.0,0.0,0.0,False,0.0,0.0,0.0,0.0,0.18258493369347872,0.1813658223082581,2.13,-2.86,0.0,0.0,0.0,-0.0,
1791372906.1957521,stand,0.050563505791666206,-0.013348651484002294,0.0,0.0,-0.030929419379879093,0.0,0.1738812428215059,0.0,0.0,0.0,False,0.0,0.0,0.0,0.0,0.18299090309463303,0.1817724031114216,2.21,-2.83,0.0,0.0,0.0,-0.0,
1791372906.2057188,stand,0.0506542072769766,-0.012941341206328212,0.0,0.0,-0.030884042495189015,0.0,0.1741886062767826,0.0,0.0,0.0,False,0.0,0.0,0.0,0.0,0.18319383237828069,0.18238184900170476,2.18,-2.7600000000000002,0.0,0.0,0.0,-0.0,
1791372906.2158556,stand,0.05138810589426579,-0.01242819406016144,0.0,0.0,-0.030851644581984652,0.0,0.1744190795566076,0.0,0.0,0.0,False,0.0,0.0,0.0,0.0,0.18359956601444283,0.18258491659850523,2.1,-2.73,0.0,0.0,0.0,-0.0,
1791372906.22561,stand,0.0519085476243688,-0.012248415942453792,0.0,0.0,-0.030829735139456072,0.0,0.17457273764655692,0.0,0.0,0.0,False,0.0,0.0,0.0,0.0,0.18380227246209999,0.18278790339163284,2.0300000000000002,-2.58,0.0,0.0,0.0,-0.0,
1791372906.2357318,stand,0.05166960367697477,-0.012028289884458303,0.0,0.0,-0.030819381380770693,0.0,0.17464954894034834,0.0,0.0,0.0,False,0.0,0.0,0.0,0.0,0.18380227246209999,0.1829908860068136,1.95,-2.52,0.0,0.0,0.0,-0.0,
1791372906.2457173,stand,0.05080502656052818,-0.011580522147235773,0.0,0.0,-0.03079990926996738,0.0,0.17480300931960174,0.0,0.0,0.0,False,0.0,0.0,0.0,0.0,0.1840049739935406,0.18319381530020945,1.92,-2.35,0.0,0.0,0.0,-0.0,
1791372906.2557201,stand,0.05013745101347117,-0.011040490941359402,0.0,0.0,-0.03078958224473828,0.0,0.1748798206672565,0.0,0.0,0.0,False,0.0,0.0,0.0,0.0,0.1840049739935406,0.18339668211829052,1.87,-2.3000000000000003,0.0,0.0,0.0,-0.0,
1791372906.2656593,stand,0.04979214537209906,-0.01050837197974476,0.0,0.0,-0.03078958224473828,0.0,0.1748798206672565,0.0,0.0,0.0,False,0.0,0.0,0.0,0.0,0.1840049739935406,0.18339668211829052,1.87,-2.21,0.0,0.0,0.0,-0.0,
1791372906.2757492,stand,0.04973709449714503,-0.010448634800219379,0.0,0.0,-0.03078958224473828,0.0,0.1748798206672565,0.0,0.0,0.0,False,0.0,0.0,0.0,0.0,0.1840049739935406,0.18339668211829052,1.8800000000000001,-2.2600000000000002,0.0,0.0,0.0,-0.0,
1791372906.2856274,stand,0.04953879402690796,-0.010308177003452209,0.0,0.0,-0.03078958224473828,0.0,0.1748798206672565,0.0,0.0,0.0,False,0.0,0.0,0.0,0.0,0.1840049739935406,0.18339668211829052,1.8900000000000001,-2.24,0.0,0.0,0.0,-0.0,
1791372906.295729,stand,0.04900380760352843,-0.010043460213956558,0.0,0.0,-0.03078958224473828,0.0,0.1748798206672565,0.0,0.0,0.0,False,0.0,0.0,0.0,0.0,0.1840049739935406,0.18339668211829052,1.9100000000000001,-2.22,0.0,0.0,0.0,-0.0,
1791372906.3057492,stand,0.04857335619059967,-0.009705392723852683,0.0,0.0,-0.030798701161042885,0.0,0.17480317158402464,0.0,0.0,0.0,False,0.0,0.0,0.0,0.0,0.18380227246209999,0.18339668211829052,2.06,-2.24,0.0,0.0,0.0,-0.0,
1791372906.3156784,stand,0.04890626733068107,-0.009507190975654058,0.0,0.0,-0.030798701161042885,0.0,0.17480317158402464,0.0,0.0,0.0,False,0.0,0.0,0.0,0.0,0.18380227246209999,0.18339668211829052,2.0100000000000002,-2.27,0.0,0.0,0.0,-0.0,
1791372906.3256335,stand,0.048947065226782493,-0.009516914069681685,0.0,0.0,-0.030798701161042885,0.0,0.17480317158402464,0.0,0.0,0.0,False,0.0,0.0,0.0,0.0,0.18380227246209999,0.18339668211829052,2.02,-2.2600000000000002,0.0,0.0,0.0,-0.0,
1791372906.335676,stand,0.04805600687849221,-0.009483407160765532,0.0,0.0,-0.030798701161042885,0.0,0.17480317158402464,0.0,0.0,0.0,False,0.0,0.0,0.0,0.0,0.18380227246209999,0.18339668211829052,2.0,-2.25,0.0,0.0,0.0,-0.0,
1791372906.3457065,stand,0.04717251946729133,-0.009293257042080916,0.0,0.0,-0.030798701161042885,0.0,0.17480317158402464,0.0,0.0,0.0,False,0.0,0.0,0.0,0.0,0.18380227246209999,0.18339668211829052,1.99,-2.24,0.0,0.0,0.0,-0.0,
1791372906.3556764,stand,0.04735186811664899,-0.009256420052671261,0.0,0.0,-0.030798701161042885,0.0,0.17480317158402464,0.0,0.0,0.0,False,0.0,0.0,0.0,0.0,0.18380227246209999,0.18339668211829052,2.02,-2.2600000000000002,0.0,0.0,0.0,-0.0,
1791372906.3656533,stand,0.046781070089585604,-0.00935935701516126,0.0,0.0,-0.030798701161042885,0.0,0.17480317158402464,0.0,0.0,0.0,False,0.0,0.0,0.0,0.0,0.18380227246209999,0.18339668211829052,1.99,-2.23,0.0,0.0,0.0,-0.0,
1791372906.375728,stand,0.04514284811826534,-0.009287705862393204,0.0,0.0,-0.030798701161042885,0.0,0.17480317158402464,0.0,0.0,0.0,False,0.0,0.0,0.0,0.0,0.18380227246209999,0.18339668211829052,2.0,-2.23,0.0,0.0,0.0,-0.0,
1791372906.3856487,stand,0.04352602378964457,-0.00897657005374934,0.0,0.0,-0.030798701161042885,0.0,0.17480317158402464,0.0,0.0,0.0,False,0.0,0.0,0.0,0.0,0.18380227246209999,0.18339668211829052,2.0,-2.22,0.0,0.0,0.0,-0.0,
1791372906.395756,stand,0.04241242062945156,-0.0087674610817525,0.0,0.0,-0.030798701161042885,0.0,0.17480317158402464,0.0,0.0,0.0,False,0.0,0.0,0.0,0.0,0.18380227246209999,0.18339668211829052,2.0100000000000002,-2.25,0.0,0.0,0.0,-0.0,
1791372906.4056127,stand,0.04171049362578221,-0.008850350987335021,0.0,0.0,-0.030798701161042885,0.0,0.17480317158402464,0.0,0.0,0.0,False,0.0,0.0,0.0,0.0,0.18380227246209999,0.18339668211829052,2.02,-2.22,0.0,0.0,0.0,-0.0,
1791372906.4157555,stand,0.040626399725908716,-0.008768249798390559,0.0,0.0,-0.030798701161042885,0.0,0.17480317158402464,0.0,0.0,0.0,False,0.0,0.0,0.0,0.0,0.18380227246209999,0.18339668211829052,1.99,-2.24,0.0,0.0,0.0,-0.0,
1791372906.4256308,stand,0.039282541358110955,-0.008516217580162137,0.0,0.0,-0.030798701161042885,0.0,0.17480317158402464,0.0,0.0,0.0,False,0.0,0.0,0.0,0.0,0.18380227246209999,0.18339668211829052,2.0,-2.24,0.0,0.0,0.0,-0.0,
1791372906.4356308,stand,0.03799174072588653,-0.008441929062317565,0.0,0.0,-0.030798701161042885,0.0,0.17480317158402464,0.0,0.0,0.0,False,0.0,0.0,0.0,0.0,0.18380227246209999,0.18339668211829052,2.0,-2.24,0.0,0.0,0.0,-0.0,
1791372906.4457033,stand,0.036871827622014554,-0.00854706799752064,0.0,0.0,-0.030798701161042885,0.0,0.17480317158402464,0.0,0.0,0.0,False,0.0,0.0,0.0,0.0,0.18380227246209999,0.18339668211829052,2.0,-2.22,0.0,0.0,0.0,-0.0,
1791372906.4557397,stand,0.03561817963205765,-0.00865330192094648,0.0,0.0,-0.030798701161042885,0.0,0.17480317158402464,0.0,0.0,0.0,False,0.0,0.0,0.0,0.0,0.18380227246209999,0.18339668211829052,2.0,-2.25,0.0,0.0,0.0,-0.0,
1791372906.4656615,stand,0.03392940432966952,-0.008527272612722651,0.0,0.0,-0.030798701161042885,0.0,0.17480317158402464,0.0,0.0,0.0,False,0.0,0.0,0.0,0.0,0.18380227246209999,0.18339668211829052,2.0,-2.24,0.0,0.0,0.0,-0.0,
1791372906.4757235,stand,0.032154371447343295,-0.008468331597859024,0.0,0.0,-0.030798701161042885,0.0,0.17480317158402464,0.0,0.0,0.0,False,0.0,0.0,0.0,0.0,0.18380227246209999,0.18339668211829052,2.02,-2.25,0.0,0.0,0.0,-0.0,
1791372906.4857275,stand,0.030444906678161063,-0.008561006435329652,0.0,0.0,-0.030798701161042885,0.0,0.17480317158402464,0.0,0.0,0.0,False,0.0,0.0,0.0,0.0,0.18380227246209999,0.18339668211829052,2.0,-2.25,0.0,0.0,0.0,-0.0,
1791372906.4957814,stand,0.02886922535311766,-0.008676889949208556,0.0,0.0,-0.030798701161042885,0.0,0.17480317158402464,0.0,0.0,0.0,False,0.0,0.0,0.0,0.0,0.18380227246209999,0.18339668211829052,2.0100000000000002,-2.24,0.0,0.0,0.0,-0.0,
1791372906.505601,stand,0.027108959771241704,-0.008683509238238936,0.0,0.0,-0.030798701161042885,0.0,0.17480317158402464,0.0,0.0,0.0,False,0.0,0.0,0.0,0.0,0.18380227246209999,0.18339668211829052,1.99,-2.27,0.0,0.0,0.0,-0.0,
1791372906.515606,stand,0.02532906193377405,-0.008633620336127336,0.0,0.0,-0.030798701161042885,0.0,0.17480317158402464,0.0,0.0,0.0,False,0.0,0.0,0.0,0.0,0.18380227246209999,0.18339668211829052,2.02,-2.25,0.0,0.0,0.0,-0.0,
1791372906.5256567,stand,0.0235879104908916,-0.008788897863138665,0.0,0.0,-0.030798701161042885,0.0,0.17480317158402464,0.0,0.0,0.0,False,0.0,0.0,0.0,0.0,0.18380227246209999,0.18339668211829052,2.0100000000000002,-2.23,0.0,0.0,0.0,-0.0,
1791372906.5356827,stand,0.021846095989754833,-0.008904726646395668,0.0,0.0,-0.030798701161042885,0.0,0.17480317158402464,0.0,0.0,0.0,False,0.0,0.0,0.0,0.0,0.18380227246209999,0.18339668211829052,2.02,-2.23,0.0,0.0,0.0,-0.0,
1791372906.5456638,stand,0.020153235001056702,-0.008934883399729716,0.0,0.0,-0.030798701161042885,0.0,0.17480317158402464,0.0,0.0,0.0,False,0.0,0.0,0.0,0.0,0.18380227246209999,0.18339668211829052,2.0100000000000002,-2.25,0.0,0.0,0.0,-0.0,
1791372906.5557024,stand,0.01828937280290637,-0.008808183584796354,0.0,0.0,-0.030798701161042885,0.0,0.17480317158402464,0.0,0.0,0.0,False,0.0,0.0,0.0,0.0,0.18380227246209999,0.18339668211829052,2.0,-2.24,0.0,0.0,0.0,-0.0,
1791372906.5656657,stand,0.01656636927943046,-0.008859543313091385,0.0,0.0,-0.030798701161042885,0.0,0.17480317158402464,0.0,0.0,0.0,False,0.0,0.0,0.0,0.0,0.18380227246209999,0.18339668211829052,2.0100000000000002,-2.24,0.0,0.0,0.0,-0.0,
1791372906.5756977,stand,0.01493772262915316,-0.008910408545464758,0.0,0.0,-0.030798701161042885,0.0,0.17480317158402464,0.0,0.0,0.0,False,0.0,0.0,0.0,0.0,0.18380227246209999,0.18339668211829052,2.0,-2.24,0.0,0.0,0.0,-0.0,
1791372906.5856905,stand,0.01342997258501663,-0.008876375061101094,0.0,0.0,-0.030798701161042885,0.0,0.17480317158402464,0.0,0.0,0.0,False,0.0,0.0,0.0,0.0,0.18380227246209999,0.18339668211829052,2.0100000000000002,-2.2600000000000002,0.0,0.0,0.0,-0.0,
1791372906.5956104,stand,0.011934218083843273,-0.008832348485994637,0.0,0.0,-0.030798701161042885,0.0,0.17480317158402464,0.0,0.0,0.0,False,0.0,0.0,0.0,0.0,0.18380227246209999,0.18339668211829052,2.0,-2.24,0.0,0.0,0.0,-0.0,
1791372906.6056695,stand,0.010554083701470266,-0.008717461826650473,0.0,0.0,-0.030798701161042885,0.0,0.17480317158402464,0.0,0.0,0.0,False,0.0,0.0,0.0,0.0,0.18380227246209999,0.18339668211829052,2.0,-2.23,0.0,0.0,0.0,-0.0,
1791372906.6156743,stand,0.009049071643341516,-0.008821460511910535,0.0,0.0,-0.030798701161042885,0.0,0.17480317158402464,0.0,0.0,0.0,False,0.0,0.0,0.0,0.0,0.18380227246209999,0.18339668211829052,2.0,-2.23,0.0,0.0,0.0,-0.0,
1791372906.625662,stand,0.0076081257532911355,-0.008842894316633093,0.0,0.0,-0.030798701161042885,0.0,0.17480317158402464,0.0,0.0,0.0,False,0.0,0.0,0.0,0.0,0.18380227246209999,0.18339668211829052,2.0100000000000002,-2.25,0.0,0.0,0.0,-0.0,
1791372906.6356025,stand,0.006462929740330641,-0.008765893886810747,0.0,0.0,-0.030798701161042885,0.0,0.17480317158402464,0.0,0.0,0.0,False,0.0,0.0,0.0,0.0,0.18380227246209999,0.18339668211829052,2.0100000000000002,-2.2600000000000002,0.0,0.0,0.0,-0.0,
1791372906.6456819,stand,0.0052012623964435714,-0.008747728196550189,0.0,0.0,-0.030798701161042885,0.0,0.17480317158402464,0.0,0.0,0.0,False,0.0,0.0,0.0,0.0,0.18380227246209999,0.18339668211829052,2.0300000000000002,-2.2600000000000002,0.0,0.0,0.0,-0.0,
1791372906.6556015,stand,0.0035764337919167526,-0.008774517145256929,0.0,0.0,-0.030798701161042885,0.0,0.17480317158402464,0.0,0.0,0.0,False,0.0,0.0,0.0,0.0,0.18380227246209999,0.18339668211829052,2.0100000000000002,-2.23,0.0,0.0,0.0,-0.0,
1791372906.6656568,stand,0.0021439238197070018,-0.008702995598931005,0.0,0.0,-0.030798701161042885,0.0,0.17480317158402464,0.0,0.0,0.0,False,0.0,0.0,0.0,0.0,0.18380227246209999,0.18339668211829052,2.0100000000000002,-2.25,0.0,0.0,0.0,-0.0,
1791372906.6756396,stand,0.0013978475189138078,-0.00867085875281231,0.0,0.0,-0.030798701161042885,0.0,0.17480317158402464,0.0,0.0,0.0,False,0.0,0.0,0.0,0.0,0.18380227246209999,0.18339668211829052,2.02,-2.24,0.0,0.0,0.0,-0.0,
1791372906.6856763,stand,0.0007253874614096016,-0.008774310753206515,0.0,0.0,-0.030798701161042885,0.0,0.17480317158402464,0.0,0.0,0.0,False,0.0,0.0,0.0,0.0,0.18380227246209999,0.18339668211829052,2.02,-2.25,0.0,0.0,0.0,-0.0,
1791372906.6956232,stand,-0.0006875951671786683,-0.008777745626131863,0.0,0.0,-0.030798701161042885,0.0,0.17480317158402464,0.0,0.0,0.0,False,0.0,0.0,0.0,0.0,0.18380227246209999,0.18339668211829052,2.02,-2.24,0.0,0.0,0.0,-0.0,
1791372906.7056723,stand,-0.0025967936981493413,-0.008561650845413915,0.0,0.0,-0.030798701161042885,0.0,0.17480317158402464,0.0,0.0,0.0,False,0.0,0.0,0.0,0.0,0.18380227246209999,0.18339668211829052,2.02,-2.24,0.0,0.0,0.0,-0.0,
1791372906.715746,stand,-0.004170336903633396,-0.008239347974391747,0.0,0.0,-0.030798701161042885,0.0,0.17480317158402464,0.0,0.0,0.0,False,0.0,0.0,0.0,0.0,0.18380227246209999,0.18339668211829052,2.0100000000000002,-2.23,0.0,0.0,0.0,-0.0,
1791372906.7257154,balance,-0.004911906788145732,-0.008232585360566556,-0.03565704203726483,-0.031443765108190705,-0.030798701161042885,-5.3565911923782926e-05,0.17480317158402464,-0.0006639812223884321,0.0,-3.3199061119421607e-06,False,0.0,0.0,0.0,0.0,0.18380227246209999,0.18339668211829052,2.0100000000000002,-2.24,0.0,0.0,0.0,-0.0,
1791372906.735708,balance,-0.004957646728629539,-0.008358438075788887,-0.03559573342967305,-0.00032303232405774934,-0.030798701161042885,-0.0001606144599993731,0.17480317158402464,-0.0015423036786500978,0.0,-1.556141998195786e-05,False,0.0,0.0,-0.09285714285714286,-0.09285714285714286,0.18380227246209999,0.18339668211829052,2.0300000000000002,-2.25,-0.65,-0.65,-0.5118110236220472,0.5118110236220472,
1791372906.7456884,balance,-0.005187908910820025,-0.00822377670371134,-0.03578280065091975,-0.052549013985895746,-0.030809012337427576,-0.0002141205973278538,0.17472636352694404,-0.008316332991182108,0.0,-7.104710761116047e-05,False,0.0,0.0,0.0,-0.09285714285714286,0.18359956601444283,0.18339668211829052,2.16,-2.23,0.0,-0.65,0.0,0.5118110236220472,
1791372906.7555988,balance,-0.005869192338795103,-0.008021242898475157,-0.03646408407889483,-0.06883596343905213,-0.030809012337427576,-0.0002141205973278538,0.17472636352694404,-0.01842089458436878,0.0,-0.00022769522630036184,False,0.0,0.0,0.0,0.0,0.18359956601444283,0.18339668211829052,2.14,-2.25,0.0,0.0,0.0,-0.0,
1791372906.7656612,balance,-0.006054796698372834,-0.00780906470253383,-0.03664968843847256,0.014019288110612321,-0.030809012337427576,-0.0002141205973278538,0.17472636352694404,-0.025228720903974718,0.0,-0.0004684421830495852,False,0.0,0.0,-0.09285714285714286,0.0,0.18359956601444283,0.18339668211829052,2.16,-2.2600000000000002,-0.65,0.0,-0.5118110236220472,-0.0,
1791372906.7757123,balance,-0.005528625665552813,-0.007837196300713747,-0.03612351740565253,0.07712086940384179,-0.030809012337427576,-0.0002141205973278538,0.17472636352694404,-0.03999746707154964,0.0,-0.0008227091998048117,False,0.0,0.0,-0.09285714285714286,0.0,0.18359956601444283,0.18339668211829052,2.15,-2.22,-0.65,0.0,-0.5118110236220472,-0.0,
1791372906.7857187,balance,-0.0036908077580803714,-0.00782670103944883,-0.034234270948932825,0.2847250937882403,-0.030809012337427576,-0.00026554914657512396,0.17472636352694404,-0.04388951802887896,0.0,-0.0012664062562785917,False,0.0,0.0,0.0,0.0,0.18359956601444283,0.18339668211829052,2.15,-2.21,0.0,0.0,0.0,-0.0,
1791372906.7956023,balance,-0.0004649459403114963,-0.007657055696416032,-0.03100840913116395,0.31195532210023114,-0.030809012337427576,-0.00026554914657512396,0.17472636352694404,-0.04084910830044437,0.0,-0.0016831372526983053,False,0.0,0.0,0.0,0.0,0.18359956601444283,0.18339668211829052,2.16,-2.25,0.0,0.0,0.0,-0.0,
1791372906.8057578,balance,0.002001483225454786,-0.007679478437532877,-0.028541979965397667,0.18958506242447024,-0.030809012337427576,-0.00026554914657512396,0.17472636352694404,-0.04783424880869635,0.0,-0.0021356931372249655,False,0.0,0.0,0.0,-0.09390793974094439,0.18359956601444283,0.18339668211829052,2.15,-2.2800000000000002,0.0,-0.6573555781866107,0.0,0.5176028174697722,
1791372906.8156672,balance,0.0029784533032642556,-0.00807493681270496,-0.027565009887588195,0.06013404938015864,-0.030809012337427576,-0.00026554914657512396,0.17472636352694404,-0.061987371834978086,0.0,-0.0027177305274338082,False,0.0,0.0,0.0,0.0,0.18359956601444283,0.18339668211829052,2.14,-2.25,0.0,0.0,0.0,-0.0,
1791372906.8256567,balance,0.004264581595583283,-0.008425733663368778,-0.026278881595269168,0.19683280420432964,-0.030809012337427576,-0.00026554914657512396,0.17472636352694404,-0.06616571698071044,0.0,-0.003386327645719556,False,0.0,0.0,0.0,0.0,0.18359956601444283,0.18339668211829052,2.16,-2.22,0.0,0.0,0.0,-0.0,
1791372906.835615,balance,0.007158254276185915,-0.008418716768492183,-0.023385208914666538,0.3132722819725121,-0.030809012337427576,-0.00026554914657512396,0.17472636352694404,-0.05833152397962373,0.0,-0.003992440456505742,False,0.0,0.0,-0.09285714285714286,0.0,0.18359956601444283,0.18339668211829052,2.18,-2.25,-0.65,0.0,-0.5118110236220472,-0.0,
1791372906.845673,balance,0.009923490826566964,-0.008502218827191543,-0.020630317008837416,0.23410550700610103,-0.030819356981979504,-0.00026554914657512396,0.17464955221440248,-0.05532573751030546,0.0,-0.004540188837282467,False,0.0,0.0,0.0,0.0,0.18339669919636176,0.18339668211829052,2.2,-2.25,0.0,0.0,0.0,-0.0,
1791372906.855682,balance,0.011684357143011559,-0.00847443048086364,-0.01886945069239282,0.15307830973762848,-0.030819356981979504,-0.00026554914657512396,0.17464955221440248,-0.05845203250953568,0.0,-0.005126364051447959,False,0.0,0.0,-0.09285714285714286,-0.09285714285714286,0.18339669919636176,0.18339668211829052,2.2600000000000002,-2.24,-0.65,-0.65,-0.5118110236220472,0.5118110236220472,
1791372906.865683,balance,0.01324507824411981,-0.008601490767230711,-0.017298384946732644,0.15103281751645095,-0.030809012337427576,-0.00026554914657512396,0.17472636352694404,-0.05617760064486224,0.0,-0.005684150640558965,False,0.0,0.0,0.0,-0.09285714285714286,0.18359956601444283,0.18339668211829052,2.2800000000000002,-2.25,0.0,-0.65,0.0,0.5118110236220472,
1791372906.8756819,balance,0.014675426872493241,-0.008726649379597067,-0.015888734710666985,0.14801789357228937,-0.03082971072973535,-0.00026554914657512396,0.17457274092056693,-0.05865050717186468,0.0,-0.006265633498084251,False,0.0,0.0,0.0,-0.09285714285714286,0.18339669919636176,0.18319381530020945,2.15,-2.25,0.0,-0.65,0.0,0.5118110236220472,
1791372906.885717,balance,0.01690717170209453,-0.009000014306810748,-0.013646636133309853,0.300150211009095,-0.030819356981979507,-0.00026554914657512396,0.17464955221440248,-0.05063857625243616,0.0,-0.0067948408298536735,False,0.0,0.0,0.0,0.0,0.18359956601444283,0.18319381530020945,2.07,-2.29,0.0,0.0,0.0,-0.0,
1791372906.8956182,balance,0.019784545225760158,-0.009548088543765685,-0.010769262609644226,0.2586142022145135,-0.030819356981979507,-0.00026554914657512396,0.17464955221440248,-0.0412503116766426,0.0,-0.007232812774701891,False,0.0,0.0,0.0,-0.09285714285714286,0.18359956601444283,0.18319381530020945,2.16,-2.37,0.0,-0.65,0.0,0.5118110236220472,
1791372906.9056704,balance,0.021661884443096163,-0.009754670024549803,-0.00889192339230822,0.08384230552187005,-0.030819356981979507,-0.00026554914657512396,0.17464955221440248,-0.04407958701683573,0.0,-0.007650422786068916,False,0.0,0.0,0.0,-0.09285714285714286,0.18359956601444283,0.18319381530020945,2.17,-2.37,0.0,-0.65,0.0,0.5118110236220472,
1791372906.9156764,balance,0.022440361814092348,-0.009625262892945616,-0.008101275852280067,0.0909795216948786,-0.030819356981979507,-0.000277719315607092,0.17464955221440248,-0.046754757500742164,0.0,-0.008115514043644466,False,0.0,0.0,0.0,0.0,0.18359956601444283,0.18319381530020945,2.16,-2.35,0.0,0.0,0.0,-0.0,
1791372906.9256694,balance,0.023474792500148226,-0.009522086826699033,-0.007066845166224189,0.13436210473757118,-0.030819356981979507,-0.000277719315607092,0.17464955221440248,-0.0378611005258949,0.0,-0.008529845724216247,False,0.0,0.0,0.0,0.0,0.18359956601444283,0.18319381530020945,2.14,-2.37,0.0,0.0,0.0,-0.0,
1791372906.935749,balance,0.02493335024750295,-0.009669919703509607,-0.005608287418869467,0.12484831949865963,-0.030819356981979507,-0.000277719315607092,0.17464955221440248,-0.027888399707345822,0.0,-0.008830910587668512,False,0.0,0.0,0.0,-0.09285714285714286,0.18359956601444283,0.18319381530020945,2.17,-2.39,0.0,-0.65,0.0,0.5118110236220472,
1791372906.945665,balance,0.026008001119651895,-0.009934625507393104,-0.00453363654672052,0.09190157572933183,-0.030819356981979507,-0.000277719315607092,0.17464955221440248,-0.019859659750025304,0.0,-0.009044693408862676,False,0.0,0.0,0.0,0.0,0.18359956601444283,0.18319381530020945,2.17,-2.38,0.0,0.0,0.0,-0.0,
1791372906.9556236,balance,0.026582192898131095,-0.00991228774554844,-0.003959444768241321,0.030283741231271512,-0.030819356981979507,-0.000277719315607092,0.17464955221440248,-0.0158096560522309,0.0,-0.009213171027088476,False,0.0,0.0,0.0,-0.09285714285714286,0.18359956601444283,0.18319381530020945,2.15,-2.4,0.0,-0.65,0.0,0.5118110236220472,
1791372906.9657333,balance,0.026520803196372976,-0.009857093701461718,-0.00401480321829444,-0.02272893431379976,-0.030819356981979507,-0.00028375056731209117,0.17464955221440248,-0.012928229422964822,0.0,-0.0093453127868474,False,0.0,0.0,0.0,0.0,0.18359956601444283,0.18319381530020945,2.15,-2.4,0.0,0.0,0.0,-0.0,
1791372906.9756665,balance,0.02634386058276025,-0.010048662053735048,-0.004191745831907166,0.0011963979605132174,-0.030819356981979507,-0.00028375056731209117,0.17464955221440248,-0.006181079290711144,0.0,-0.009432214068037563,False,0.0,0.0,0.0,0.0,0.18359956601444283,0.18319381530020945,2.15,-2.39,0.0,0.0,0.0,-0.0,
1791372906.9856937,balance,0.02655044203706619,-0.010119956669041603,-0.003985164377601225,0.0135281686567755,-0.030819356981979507,-0.00028375056731209117,0.17464955221440248,0.0029673854257780212,0.0,-0.009423452669982334,False,0.0,0.0,-0.09285714285714286,0.0,0.18359956601444283,0.18319381530020945,2.16,-2.38,-0.65,0.0,-0.5118110236220472,-0.0,
1791372906.995665,balance,0.026378853181151928,-0.009980611708087906,-0.004156753233515488,-0.0417055974673945,-0.030819356981979507,-0.00028375056731209117,0.17464955221440248,0.002320368086300399,0.0,-0.00938574719920712,False,0.0,0.0,0.0,0.0,0.18359956601444283,0.18319381530020945,2.16,-2.37,0.0,0.0,0.0,-0.0,
1791372907.0056655,balance,0.02595180643079663,-0.009666537793301814,-0.004576924283894982,-0.023156264817234297,-0.030819356981979507,-0.0002906262672878974,0.17464955221440248,-0.002138825964961409,0.0,-0.009399877504213774,False,0.0,0.0,0.0,0.0,0.18359956601444283,0.18319381530020945,2.15,-2.35,0.0,0.0,0.0,-0.0,
1791372907.0156646,balance,0.026224513975630335,-0.00945418509544356,-0.004290994668551044,0.0643476211864102,-0.030819356981979507,-0.0003038483377981287,0.17464955221440248,3.589410073769111e-05,0.0,-0.009406798919815466,False,0.0,0.0,0.0,0.0,0.18359956601444283,0.18319381530020945,2.15,-2.37,0.0,0.0,0.0,-0.0,
1791372907.025657,balance,0.02687235796170508,-0.009452006148095363,-0.0036318541117715745,0.06403848446566325,-0.030819356981979507,-0.0003151449085028529,0.17464955221440248,0.0010311854327556083,0.0,-0.009397059027186454,False,0.0,0.0,0.0,0.0,0.18359956601444283,0.18319381530020945,2.16,-2.37,0.0,0.0,0.0,-0.0,
1791372907.0357158,balance,0.027454004229079846,-0.009471105717164691,-0.003040710973109383,0.059867365088288445,-0.030819356981979507,-0.0003246417797902785,0.17464955221440248,0.0012292166988233343,0.0,-0.009386850294809604,False,0.0,0.0,0.0,0.0,0.18359956601444283,0.18319381530020945,2.15,-2.38,0.0,0.0,0.0,-0.0,
1791372907.0456736,balance,0.028127613220775505,-0.009327631338162758,-0.0023595989527048535,0.06808720379644226,-0.030819356981979507,-0.0003321448084991492,0.17464955221440248,0.00033450877207042486,0.0,-0.009377189060496593,False,0.0,0.0,0.0,-0.09285714285714286,0.18359956601444283,0.18319381530020945,2.15,-2.36,0.0,-0.65,0.0,0.5118110236220472,
1791372907.055746,balance,0.028689821303836887,-0.00949736415284733,-0.0017973908696434712,0.05573155400537111,-0.030819356981979507,-0.0003321448084991492,0.17464955221440248,-0.005884849401275053,0.0,-0.00941689471257564,False,0.0,0.0,0.09285714285714286,0.0,0.18359956601444283,0.18319381530020945,2.15,-2.36,0.65,0.0,0.5118110236220472,-0.0,
1791372907.0656629,balance,0.02960942653226101,-0.009558938522528126,-0.0008757618624669119,0.12852364677502112,-0.030819356981979507,-0.00033416858725158463,0.17464955221440248,-0.00021510220336257754,0.0,-0.0094515075410808,False,0.0,0.0,0.0,0.0,0.18359956601444283,0.18319381530020945,2.14,-2.39,0.0,0.0,0.0,-0.0,
1791372907.0756717,balance,0.030712061680542007,-0.009602478300699152,0.000216194758751156,0.04780859047594979,-0.03082971072973535,-0.0003338438079444973,0.17457274092056693,0.003169127187694473,0.0,-0.009416979738824343,False,0.0,0.0,0.0,0.0,0.18339669919636176,0.18319381530020945,2.2,-2.39,0.0,0.0,0.0,-0.0,
1791372907.0857332,balance,0.030606071096481318,-0.009548328604173475,0.00011020417469046704,-0.006064006215269714,-0.03082971072973535,-0.0003338438079444973,0.17457274092056693,-0.002372963024533304,0.0,-0.009427394736426406,False,0.0,0.0,0.0,0.09285714285714286,0.18339669919636176,0.18319381530020945,2.29,-2.38,0.0,0.65,0.0,-0.5118110236220472,
1791372907.0956764,balance,0.0306612509614402,-0.009341948766715248,0.0001757377874051893,0.02164500338984709,-0.030819356981979507,-0.0003338438079444973,0.17464955221440248,-0.0001754891102688958,0.0,-0.009447730918272673,False,0.0,0.0,0.0,0.0,0.18359956601444283,0.18319381530020945,2.18,-2.36,0.0,0.0,0.0,-0.0,
1791372907.105689,balance,0.031015561094226412,-0.009245699294792175,0.0005196941724355609,0.04568191481814914,-0.03082971072973535,-0.0003338438079444973,0.17457274092056693,0.006632249910978388,0.0,-0.00939469218487062,False,0.0,0.0,0.0,0.0,0.18339669919636176,0.18319381530020945,2.33,-2.37,0.0,0.0,0.0,-0.0,
1791372907.1156642,balance,0.031330239713991806,-0.009165281591650167,0.0008423186591819318,0.00786058545774553,-0.030819356981979507,-0.0003314359271696331,0.17464955221440248,0.005951841873620132,0.0,-0.00932780847721094,False,0.0,0.0,0.0,0.0,0.18359956601444283,0.18319381530020945,2.29,-2.39,0.0,0.0,0.0,-0.0,
1791372907.125662,balance,0.031422642343372026,-0.009078431173642161,0.0009216399499066838,0.006982466061033647,-0.03082971072973535,-0.00032870833627000624,0.17457274092056693,0.004014919941366283,0.0,-0.009283863301149312,False,0.0,0.0,0.0,0.0,0.18339669919636176,0.18319381530020945,2.18,-2.35,0.0,0.0,0.0,-0.0,
1791372907.1356776,balance,0.03175179205986555,-0.008999815859257855,0.0012473368795914597,0.05319602184745786,-0.03082971072973535,-0.0003252555494612571,0.17457274092056693,0.004802637009933967,0.0,-0.009239160520972248,False,0.0,0.0,0.0,0.0,0.18339669919636176,0.18319381530020945,2.2800000000000002,-2.38,0.0,0.0,0.0,-0.0,
1791372907.145677,balance,0.03231195034874846,-0.008959039636227486,0.0018127470101343053,0.058858775331500086,-0.030819356981979507,-0.00032015364336535274,0.17464955221440248,0.005542297742013991,0.0,-0.009184011814355594,False,0.0,0.0,0.09285714285714286,0.0,0.18359956601444283,0.18319381530020945,2.15,-2.36,0.65,0.0,0.5118110236220472,-0.0,
1791372907.1556678,balance,0.032878263144931495,-0.009011588705537183,0.002365500075052093,0.06463534089826177,-0.03082971072973535,-0.00031694765985594613,0.17457274092056693,0.008810445020601911,0.0,-0.009113900828293754,False,0.0,0.0,0.0,0.0,0.18339669919636176,0.18319381530020945,2.27,-2.37,0.0,0.0,0.0,-0.0,
1791372907.1656592,balance,0.033368572204424955,-0.00890957467832925,0.002855809134545553,0.015053539011957233,-0.03082971072973535,-0.00031694765985594613,0.17457274092056693,0.008068780467980586,0.0,-0.009019596517073005,False,0.0,0.0,0.0,0.0,0.18339669919636176,0.18319381530020945,2.29,-2.38,0.0,0.0,0.0,-0.0,
1791372907.175675,balance,0.03346153152611928,-0.008767568451441048,0.0029487684562398806,0.035758112652168,-0.03082971072973535,-0.00031694765985594613,0.17457274092056693,0.0023879962566245617,0.0,-0.008983849900121335,False,0.0,0.0,0.0,0.0,0.18339669919636176,0.18319381530020945,2.3000000000000003,-2.37,0.0,0.0,0.0,-0.0,
1791372907.1856573,balance,0.03431005740046769,-0.008607993773326238,0.0037922970569003204,0.1249487378213197,-0.03082971072973535,-0.00031195038616797685,0.17457274092056693,0.0037393643954208616,0.0,-0.00895618011735216,False,0.0,0.0,0.0,0.0,0.18339669919636176,0.18319381530020945,2.3000000000000003,-2.35,0.0,0.0,0.0,-0.0,
1791372907.1957598,balance,0.035814868469561056,-0.00854950718869684,0.005289162463804694,0.1538684590118974,-0.03082971072973535,-0.0003040047239789863,0.17457274092056693,0.006551426892386826,0.0,-0.008888789632073216,False,0.0,0.0,0.09285714285714286,0.0,0.18339669919636176,0.18319381530020945,2.29,-2.36,0.65,0.0,0.5118110236220472,-0.0,
1791372907.2056973,balance,0.03718709331527985,-0.008471289379075679,0.006661387309523486,0.12372478702807826,-0.03082971072973535,-0.0003040047239789863,0.17457274092056693,0.006479415796225092,0.0,-0.00883236963209949,False,0.0,0.0,0.0,0.09285714285714286,0.18339669919636176,0.18319381530020945,2.29,-2.39,0.0,0.65,0.0,-0.5118110236220472,
1791372907.215678,balance,0.038169595066959085,-0.008271248226133896,0.007621417084746451,0.06171144577530703,-0.03082971072973535,-0.00028153274752271514,0.17457274092056693,0.007240154625415422,0.0,-0.008760376391444651,False,0.0,0.0,0.0,0.0,0.18339669919636176,0.18319381530020945,2.31,-2.36,0.0,0.0,0.0,-0.0,
1791372907.225658,balance,0.03852295888092984,-0.008149228366386351,0.00796295123393619,0.020419540774933638,-0.03082971072973535,-0.0002697030827416994,0.17457274092056693,0.003309067430264357,0.0,-0.0087140746993744,False,0.0,0.0,0.0,0.0,0.18339669919636176,0.18319381530020945,2.32,-2.37,0.0,0.0,0.0,-0.0,
1791372907.2356772,balance,0.03906456966929493,-0.007829812075934847,0.008492321328051083,0.10307936876055565,-0.03082971072973535,-0.00025746238849149973,0.17457274092056693,0.005676190684082181,0.0,-0.008673494956638116,False,0.0,0.0,0.0,0.09285714285714286,0.18339669919636176,0.18319381530020945,2.3000000000000003,-2.38,0.0,0.65,0.0,-0.5118110236220472,
1791372907.2456691,balance,0.04042440804287578,-0.007798592132005873,0.009852159701631932,0.1454290401062765,-0.03082971072973535,-0.00025746238849149973,0.17457274092056693,0.01809204764021529,0.0,-0.008518479328246094,False,0.0,0.0,0.0,0.0,0.18339669919636176,0.18319381530020945,2.34,-2.38,0.0,0.0,0.0,-0.0,
1791372907.2557156,balance,0.041268418607509974,-0.007724207000242664,0.01068580740328719,0.021010962961346302,-0.030840073592714283,-0.00025746238849149973,0.1744959296454621,0.008332803501285225,0.0,-0.008399250255373292,False,0.0,0.0,0.0,0.09285714285714286,0.18319383237828069,0.18319381530020945,2.5100000000000002,-2.4,0.0,0.65,0.0,-0.5118110236220472,
1791372907.265674,balance,0.041998509368902176,-0.0076192830105984155,0.011415898164679392,0.12976981150717148,-0.030840073592714283,-0.00025746238849149973,0.1744959296454621,0.008426634374926913,0.0,-0.008325673285232411,False,0.0,0.0,0.0,0.0,0.18319383237828069,0.18319381530020945,2.41,-2.39,0.0,0.0,0.0,-0.0,
1791372907.2757444,balance,0.043650838186962124,-0.007323927845030793,0.01304862464226523,0.18945358821618893,-0.030840073592714283,-0.0002378600480173907,0.1744959296454621,0.010656823436954982,0.0,-0.008221309911337427,False,0.0,0.0,0.0,0.09285714285714286,0.18319383237828069,0.18319381530020945,2.44,-2.36,0.0,0.65,0.0,-0.5118110236220472,
1791372907.2856607,balance,0.04564466779984727,-0.007336599246908017,0.014998574322517557,0.203525150462613,-0.030840073592714283,-0.00019398011538456823,0.1744959296454621,0.009889374704518741,0.0,-0.008123693635948911,False,0.0,0.0,0.0,0.09285714285714286,0.18319383237828069,0.18319381530020945,2.43,-2.37,0.0,0.65,0.0,-0.5118110236220472,
1791372907.2956688,balance,0.04801203514458642,-0.007519323771629977,0.017365941667256708,0.23173069677508754,-0.030840073592714283,-0.00019398011538456823,0.1744959296454621,0.01609640645683564,0.0,-0.00797592780412771,False,0.0,0.0,0.0,0.0,0.18319383237828069,0.18319381530020945,2.46,-2.43,0.0,0.0,0.0,-0.0,
1791372907.3059123,balance,0.049620010559658964,-0.0076962378068115185,0.018935814500859204,0.10930533817015381,-0.03085044558295667,-0.00016624952415690894,0.17441911838911267,0.01040777593632412,0.0,-0.007847766942631064,False,0.0,0.0,0.09285714285714286,0.0,0.18319383237828069,0.1829908860068136,2.46,-2.5100000000000002,0.65,0.0,0.5118110236220472,-0.0,
1791372907.315683,balance,0.05100543465738993,-0.0076033548102129945,0.02032123859859017,0.18560478080113915,-0.03085044558295667,-0.00016624952415690894,0.17441911838911267,0.010471512986796674,0.0,-0.007755917823107984,False,0.0,0.0,0.0,0.09285714285714286,0.18319383237828069,0.1829908860068136,2.42,-2.5,0.0,0.65,0.0,-0.5118110236220472,
1791372907.3257325,balance,0.05341138545042844,-0.007651263732215165,0.022727189391628683,0.2791611017090331,-0.03085044558295667,-0.00016624952415690894,0.17441911838911267,0.015415192712940015,0.0,-0.007612762871655757,False,0.0,0.0,0.0,0.09285714285714286,0.18319383237828069,0.1829908860068136,2.48,-2.5,0.0,0.65,0.0,-0.5118110236220472,
1791372907.3356922,balance,0.05629060995285425,-0.007840192767813335,0.02560641389405449,0.2978587141027277,-0.03085044558295667,-0.00016624952415690894,0.17441911838911267,0.01939773090223248,0.0,-0.007429493360807504,False,0.0,0.0,0.0,0.0,0.18319383237828069,0.1829908860068136,2.44,-2.5500000000000003,0.0,0.0,0.0,-0.0,
1791372907.3456674,balance,0.05915301606871954,-0.008275508860155864,0.02846882000991978,0.25206893041250955,-0.03085044558295667,-0.00016624952415690894,0.17441911838911267,0.02107558270242713,0.0,-0.007207311579134809,False,0.0,0.0,0.0,0.0,0.18319383237828069,0.1829908860068136,2.45,-2.5500000000000003,0.0,0.0,0.0,-0.0,
1791372907.355705,balance,0.06129813072023624,-0.008430653338381906,0.030557648201571273,0.21187393607201307,-0.03086082671252407,-0.00012034419385910532,0.17434230715154347,0.01924612984722912,0.0,-0.0070148424796006815,False,0.0,0.0,0.09285714285714286,0.0,0.18319383237828069,0.18278790339163284,2.38,-2.54,0.65,0.0,0.5118110236220472,-0.0,
1791372907.3656774,balance,0.06386451461988532,-0.00861378263054214,0.033124032101220356,0.2825781758842734,-0.03086082671252407,-0.00012034419385910532,0.17434230715154347,0.03259390262923147,0.0,-0.006725948158884749,False,0.0,0.0,0.09285714285714286,0.09285714285714286,0.18319383237828069,0.18278790339163284,2.46,-2.64,0.65,0.65,0.5118110236220472,-0.5118110236220472,
1791372907.3756888,balance,0.06623992260602274,-0.008896048252221284,0.035499440087357774,0.1827107476643845,-0.03086082671252407,-0.00012034419385910532,0.17434230715154347,0.03781060812745723,0.0,-0.006357450447311881,False,0.0,0.0,0.0,0.10546009607318127,0.18319383237828069,0.18278790339163284,2.44,-2.69,0.0,0.7382206725122689,0.0,-0.5812761200884007,
1791372907.3855996,balance,0.06800432750167379,-0.009268311118294811,0.03715319810846384,0.17815209060085335,-0.03086082671252407,-9.697319314120208e-06,0.17434230715154347,0.03811818718251226,0.0,-0.005976693467734793,False,0.0,0.0,0.09285714285714286,0.09285714285714286,0.18319383237828069,0.18278790339163284,2.45,-2.68,0.65,0.65,0.5118110236220472,-0.5118110236220472,
1791372907.395698,balance,0.07028729255196935,-0.009228962703475148,0.0394361631587594,0.27704902360110517,-0.03086082671252407,-9.697319314120208e-06,0.17434230715154347,0.05841912251230862,0.0,-0.00546572436776176,False,0.0,0.0,0.09285714285714286,0.09285714285714286,0.18319383237828069,0.18278790339163284,2.45,-2.65,0.65,0.65,0.5118110236220472,-0.5118110236220472,
1791372907.4056747,balance,0.07254900953593053,-0.00919138270955073,0.04167588982512942,0.12278763321714631,-0.030882817030115233,-9.697319314120208e-06,0.17418864590685898,0.08495646187191877,0.0,-0.004684516202683924,False,0.0,0.0,0.11360035045030145,0.09285714285714286,0.18299090309463303,0.18258491659850523,2.49,-2.7600000000000002,0.7952024531521101,0.65,0.6261436638992993,-0.5118110236220472,
1791372907.4156785,balance,0.07196983203002545,-0.009851703472459635,0.04108507715905621,-0.1792435485845836,-0.030894452190283365,-9.697319314120208e-06,0.17411179510010205,0.1051244850768747,0.0,-0.0036901778792927872,False,0.0,0.0,0.0,0.09285714285714286,0.18299090309463303,0.18238184900170476,2.58,-2.91,0.0,0.65,0.0,-0.5118110236220472,
1791372907.425602,balance,0.06925434363265766,-0.010625251481216158,0.03835794332575285,-0.31420752049757394,-0.030906097626218928,-9.697319314120208e-06,0.17403494431693675,0.11531320707040911,0.0,-0.002552594248723458,False,0.0,0.0,0.09285714285714286,0.0,0.18299090309463303,0.18217878140490432,2.54,-3.0500000000000003,0.65,0.0,0.5118110236220472,-0.0,
1791372907.4357781,balance,0.06674215049552226,-0.011209475793499598,0.0358445236359545,-0.16874667295181883,-0.03090732417888188,-9.697319314120208e-06,0.1740349046918301,0.1342560453244763,0.0,-0.0012698452030037242,False,0.0,0.0,0.0,0.0,0.18319383237828069,0.18197562665552244,2.4,-3.0700000000000003,0.0,0.0,0.0,-0.0,
1791372907.445684,balance,0.06555994088237725,-0.011312378507862856,0.03466231402280949,-0.10497556109868517,-0.03090732417888188,-9.697319314120208e-06,0.1740349046918301,0.16109916243057804,0.0,0.00029038821901256447,False,0.0,0.0,0.09285714285714286,0.09285714285714286,0.18319383237828069,0.18197562665552244,2.42,-3.18,0.65,0.65,0.5118110236220472,-0.5118110236220472,
1791372907.4556274,balance,0.06397158417740652,-0.011319203696356589,0.033073957317838756,-0.192991645482454,-0.03090732417888188,-9.697319314120208e-06,0.1740349046918301,0.1775210331594792,0.0,0.0020125965880679075,False,0.0,0.0,0.0,0.09285714285714286,0.18319383237828069,0.18197562665552244,2.44,-3.09,0.0,0.65,0.0,-0.5118110236220472,
1791372907.4656558,balance,0.06190099083261919,-0.01070657511735979,0.03100336397305143,-0.3025575612238875,-0.03090732417888188,-9.697319314120208e-06,0.1740349046918301,0.19203943540655735,0.0,0.003906146666806982,False,0.0,0.0,0.0,0.09285714285714286,0.18319383237828069,0.18197562665552244,2.47,-3.16,0.0,0.65,0.0,-0.5118110236220472,
1791372907.4756756,balance,0.057770987384128426,-0.010710885291562175,0.026885006504531853,-0.4887341810055129,-0.030895678198910693,-9.697319314120208e-06,0.17411175547250946,0.19891652542558932,0.0,0.005871802388418686,False,0.0,0.0,0.0,0.09285714285714286,0.18319383237828069,0.18217878140490432,2.47,-3.02,0.0,0.65,0.0,-0.5118110236220472,
1791372907.4877117,balance,0.05254552604653953,-0.010963146319146492,0.021659545166942958,-0.4909949013317958,-0.030895678198910693,-9.697319314120208e-06,0.17411175547250946,0.21502105072361494,0.0,0.007971385164938944,False,0.0,0.0,0.0,0.0,0.18319383237828069,0.18217878140490432,2.5500000000000003,-3.0500000000000003,0.0,0.0,0.0,-0.0,
1791372907.497377,balance,0.048196431761432686,-0.011367418325633465,0.017298804901864924,-0.42187578908571827,-0.03090732417888188,-9.697319314120208e-06,0.1740349046918301,0.22026722726391362,0.0,0.010180217924898906,False,0.0,0.0,0.09285714285714286,0.0,0.18319383237828069,0.18197562665552244,2.38,-3.09,0.65,0.0,0.5118110236220472,-0.0,
1791372907.505703,balance,0.044398630202141055,-0.011768337688386893,0.013511423313359066,-0.26359853349908335,-0.03089690420809611,-9.697319314120208e-06,0.17411171584517857,0.2325205299361962,0.0,0.01244974412419378,False,0.0,0.0,0.09285714285714286,-0.09285714285714286,0.18339669919636176,0.18197562665552244,2.27,-3.15,0.65,-0.65,0.5118110236220472,0.5118110236220472,
1791372907.5169945,balance,0.04168585384977994,-0.011601470933019416,0.010809057742084658,-0.33150644537314505,-0.030886493427009405,-9.697319314120208e-06,0.1741885270174147,0.2647946972051471,0.0,0.01501115239242079,False,0.0,0.0,0.0,0.0,0.18359956601444283,0.18197562665552244,2.27,-3.16,0.0,0.0,0.0,-0.0,
1791372907.5256293,balance,0.038608084945386124,-0.011788225478430153,0.007732514303879849,-0.249312360984787,-0.030885267960820396,-9.697319314120208e-06,0.17418856664696789,0.2976859914051249,0.0,0.01791724725503463,False,0.0,0.0,0.0,0.09585757526950597,0.18339669919636176,0.18217878140490432,2.34,-3.0,0.0,0.6710030268865418,0.0,-0.5283488400681431,
1791372907.535652,balance,0.03584767974541858,-0.010666292600404496,0.004983735088049367,-0.4114873785470773,-0.030873641976683335,-9.697319314120208e-06,0.17426541747232188,0.2975064232392165,0.0,0.020922003208955882,False,0.0,0.0,0.0,0.09285714285714286,0.18339669919636176,0.18238184900170476,2.43,-2.92,0.0,0.65,0.0,-0.5118110236220472,
1791372907.545659,balance,0.03044725512819876,-0.010299781400741477,-0.00042709004767613494,-0.59870595396934,-0.030884042495189015,-9.697319314120208e-06,0.1741886062767826,0.2782608808319058,0.0,0.02375225018452923,False,0.0,0.0,0.0,0.10028457010677928,0.18319383237828069,0.18238184900170476,2.49,-2.82,0.0,0.701991990747455,0.0,-0.5527495990137441,
1791372907.555837,balance,0.023731949990506613,-0.010226356075804417,-0.007152804880462631,-0.7064349725904662,-0.030894452190283365,-9.697319314120208e-06,0.17411179510010205,0.2568351042209479,0.0,0.0263676978770513,False,0.0,0.0,0.0,0.0,0.18299090309463303,0.18238184900170476,2.44,-2.9,0.0,0.0,0.0,-0.0,
1791372907.5656564,balance,0.018589415189763633,-0.010179558181660692,-0.012284929986111262,-0.30218303521700995,-0.030884042495189015,-9.697319314120208e-06,0.1741886062767826,0.2574390496652938,0.0,0.028931263536795527,False,0.0,0.0,0.0,0.0,0.18319383237828069,0.18238184900170476,2.41,-2.92,0.0,0.0,0.0,-0.0,
1791372907.5756564,balance,0.015731642596804936,-0.00992861386305098,-0.01514270257906996,-0.28537382817517015,-0.030884042495189015,-9.697319314120208e-06,0.1741886062767826,0.25305046414451043,0.0,0.03148441741352015,False,0.0,0.0,0.0929682834317304,0.0,0.18319383237828069,0.18238184900170476,2.38,-2.9,0.6507779840221128,0.0,0.5124236094662306,-0.0,
1791372907.585656,balance,0.013560628086478031,-0.008722242634586926,-0.017313717089396864,-0.22509997828029285,-0.030884042495189015,-9.697319314120208e-06,0.1741886062767826,0.23148095646174854,0.0,0.03386392369351578,False,0.0,0.0,0.0,0.0,0.18319383237828069,0.18238184900170476,2.41,-3.0300000000000002,0.0,0.0,0.0,-0.0,
1791372907.5956664,balance,0.011077480479110152,-0.00937501744013117,-0.019786464178259064,-0.18757078281681333,-0.030873641976683335,-9.697319314120208e-06,0.17426541747232188,0.2153753664932462,0.0,0.036053083506000186,False,0.0,0.0,0.0,0.0,0.18339669919636176,0.18238184900170476,2.2800000000000002,-2.92,0.0,0.0,0.0,-0.0,
1791372907.6056545,balance,0.0093654490945215,-0.010034860154332923,-0.021508896081353396,-0.18424424827481103,-0.030884042495189015,-9.697319314120208e-06,0.1741886062767826,0.20072021028435083,0.0,0.03810078840716264,False,0.0,0.0,0.0,0.09285714285714286,0.18319383237828069,0.18238184900170476,2.5100000000000002,-2.7800000000000002,0.0,0.65,0.0,-0.5118110236220472,
1791372907.6156547,balance,0.008049195965102644,-0.010050708673079964,-0.022813523769707786,-0.09111553876893426,-0.030872417054124548,-9.697319314120208e-06,0.17426545710461827,0.19113386552883901,0.0,0.04002646927222739,False,0.0,0.0,0.0,0.09285714285714286,0.18319383237828069,0.18258491659850523,2.48,-2.74,0.0,0.65,0.0,-0.5118110236220472,
1791372907.62566,balance,0.007758010765060452,-0.009656050806735065,-0.023103508909124732,0.0075805425580873845,-0.030871216993499304,-9.697319314120208e-06,0.17426549593277932,0.1827576654904252,0.0,0.041875556696995955,False,0.0,0.0,0.09285714285714286,0.09285714285714286,0.18299090309463303,0.18278790339163284,2.5,-2.7,0.65,0.65,0.5118110236220472,-0.5118110236220472,
1791372907.6356556,balance,0.007935284938649399,-0.009003519005577719,-0.02291584445456055,0.03950451966921527,-0.03086082671252407,-9.697319314120208e-06,0.17434230715154347,0.1782232177014223,0.0,0.04365539322320259,False,0.0,0.0,0.09285714285714286,0.0,0.18319383237828069,0.18278790339163284,2.39,-2.68,0.65,0.0,0.5118110236220472,-0.0,
1791372907.6456568,balance,0.008376437233466408,-0.009293927049532824,-0.022486282501344018,0.022109800994026214,-0.030872417054124548,-9.697319314120208e-06,0.17426545710461827,0.17741544733108802,0.0,0.04543675206667051,False,0.0,0.0,0.0950687812781493,0.0,0.18319383237828069,0.18258491659850523,2.41,-2.79,0.6654814689470451,0.0,0.5240011566512166,-0.0,
1791372907.655671,balance,0.007644127593597211,-0.009298831789194958,-0.023218592141213218,-0.14230452910410318,-0.030872417054124548,-9.697319314120208e-06,0.17426545710461827,0.16201719380345964,0.0,0.04709850385450252,False,0.0,0.0,0.0,0.0,0.18319383237828069,0.18258491659850523,2.44,-2.7800000000000002,0.0,0.0,0.0,-0.0,
1791372907.6656666,balance,0.0067111000684944595,-0.009593303265491222,-0.024151619666315967,-0.019142660252887845,-0.030872417054124548,-9.697319314120208e-06,0.17426545710461827,0.1607692445818395,0.0,0.048701653781918035,False,0.0,0.0,0.0,0.0,0.18319383237828069,0.18258491659850523,2.49,-2.74,0.0,0.0,0.0,-0.0,
1791372907.6756682,balance,0.007101592032636814,-0.010024024083066125,-0.0237715276781643,0.07360317153855583,-0.030882817030115233,-9.697319314120208e-06,0.17418864590685898,0.1621402348382828,0.0,0.05032073630971265,False,0.0,0.0,0.0,0.0,0.18299090309463303,0.18258491659850523,2.52,-2.7,0.0,0.0,0.0,-0.0,
1791372907.6856537,balance,0.008326745228978047,-0.010249577350819673,-0.02254637448182307,0.16125698128751112,-0.030882817030115233,-9.697319314120208e-06,0.17418864590685898,0.16449029488596975,0.0,0.05196435828312738,False,0.0,0.0,0.09285714285714286,0.09285714285714286,0.18299090309463303,0.18258491659850523,2.59,-2.75,0.65,0.65,0.5118110236220472,-0.5118110236220472,
1791372907.6956801,balance,0.009687203448271859,-0.010548206809832044,-0.021185916262529254,0.10911291396032928,-0.030882817030115233,-9.697319314120208e-06,0.17418864590685898,0.16868189855852445,0.0,0.053631139838850234,False,0.0,0.0,0.0,0.09285714285714286,0.18299090309463303,0.18258491659850523,2.56,-2.7800000000000002,0.0,0.65,0.0,-0.5118110236220472,
1791372907.7057257,balance,0.010146049553372921,-0.010548505981441348,-0.020727070157428192,-0.023147886163120246,-0.030882817030115233,-9.697319314120208e-06,0.17418864590685898,0.1640102653906058,0.0,0.05529240970077744,False,0.0,0.0,0.09285714285714286,0.0,0.18299090309463303,0.18258491659850523,2.5300000000000002,-2.84,0.65,0.0,0.5118110236220472,-0.0,
1791372907.7156956,balance,0.009749923143225378,-0.01094442167592584,-0.02112442203264952,-0.007623348311846526,-0.030884042495189015,-9.697319314120208e-06,0.1741886062767826,0.1693545509083443,0.0,0.056964093847125225,False,0.0,0.0,0.09346284041358788,0.0,0.18319383237828069,0.18238184900170476,2.37,-2.92,0.6542398828951151,0.0,0.5151495140906418,-0.0,
1791372907.725711,balance,0.00900718628921715,-0.011604083143012298,-0.021867158886657745,-0.11610630806691652,-0.030884042495189015,-9.697319314120208e-06,0.1741886062767826,0.16924138369107183,0.0,0.05865410466855437,False,0.0,0.0,0.0,0.0,0.18319383237828069,0.18238184900170476,2.4,-2.92,0.0,0.0,0.0,-0.0,
1791372907.7357354,balance,0.008721988593862274,-0.012260277700924478,-0.022152356582012624,0.018783930034102517,-0.030884042495189015,-9.697319314120208e-06,0.1741886062767826,0.17292631727507654,0.0,0.06037945139021524,False,0.0,0.0,0.0,0.09285714285714286,0.18319383237828069,0.18238184900170476,2.49,-2.86,0.0,0.65,0.0,-0.5118110236220472,
1791372907.745664,balance,0.009282952855681708,-0.012349058757417377,-0.02160180201528754,0.08497838796629638,-0.030894452190283365,-9.697319314120208e-06,0.17411179510010205,0.17264181791343214,0.0,0.06210146392991534,False,0.0,0.0,0.0,0.10652371168297384,0.18299090309463303,0.18238184900170476,2.6,-2.9,0.0,0.7456659817808169,0.0,-0.5871385683313519,
1791372907.7556763,balance,0.01072483719088078,-0.013168749486235233,-0.020159917680088464,0.14732204730353038,-0.030894452190283365,-9.697319314120208e-06,0.17411179510010205,0.17695345441916802,0.0,0.06385772188465015,False,0.0,0.0,0.09285714285714286,0.0,0.18299090309463303,0.18238184900170476,2.57,-2.88,0.65,0.0,0.5118110236220472,-0.0,
1791372907.7656753,balance,0.011919538386409231,-0.01395684181169133,-0.018954806789465664,0.07786189557128756,-0.030884042495189015,-9.697319314120208e-06,0.1741886062767826,0.17983424922780578,0.0,0.06565978994031732,False,0.0,0.0,0.09285714285714286,0.0,0.18319383237828069,0.18238184900170476,2.5300000000000002,-2.91,0.65,0.0,0.5118110236220472,-0.0,
1791372907.7757294,balance,0.011903460115266532,-0.014309730022168609,-0.018970885060608365,-0.014999112847692158,-0.030884042495189015,-9.697319314120208e-06,0.1741886062767826,0.1752322387599712,0.0,0.0674201528668836,False,0.0,0.0,0.1048151833720992,0.0,0.18319383237828069,0.18238184900170476,2.31,-2.91,0.7337062836046945,0.0,0.5777214831533027,-0.0,
1791372907.7857125,balance,0.011839211525038015,-0.014693183303989133,-0.0190247331323312,0.02454266230835137,-0.030873641976683335,-9.697319314120208e-06,0.17426541747232188,0.17658171557362576,0.0,0.06917061121710376,False,0.0,0.0,0.09285714285714286,0.0,0.18339669919636176,0.18238184900170476,2.22,-2.92,0.65,0.0,0.5118110236220472,-0.0,
1791372907.79566,balance,0.012248757877390442,-0.01516103277041961,-0.018615186779978775,0.0643046428066601,-0.030873641976683335,-9.697319314120208e-06,0.17426541747232188,0.19499049937924767,0.0,0.07106022629578519,False,0.0,0.0,0.09285714285714286,0.09285714285714286,0.18339669919636176,0.18238184900170476,2.29,-2.92,0.65,0.65,0.5118110236220472,-0.5118110236220472,
1791372907.8057284,balance,0.01230587821733634,-0.015881883266955034,-0.018558066440032876,-0.08420740044035914,-0.030873641976683335,-9.697319314120208e-06,0.17426541747232188,0.20187305055002738,0.0,0.07307352943900981,False,0.0,0.0,0.0,0.09285714285714286,0.18339669919636176,0.18238184900170476,2.34,-2.9,0.0,0.65,0.0,-0.5118110236220472,
1791372907.8156786,balance,0.011079078560659164,-0.016035898074372664,-0.01978486609671005,-0.12476128724859066,-0.030873641976683335,-9.697319314120208e-06,0.17426541747232188,0.19696826177664636,0.0,0.07505322414236704,False,0.0,0.0,0.0,0.09285714285714286,0.18339669919636176,0.18238184900170476,2.2800000000000002,-2.89,0.0,0.65,0.0,-0.5118110236220472,
1791372907.8256638,balance,0.01008578188992542,-0.016099606646902534,-0.020778162767443795,-0.07609886337887015,-0.030873641976683335,-9.697319314120208e-06,0.17426541747232188,0.19755251671248916,0.0,0.07701760876160825,False,0.0,0.0,0.0,0.0,0.18339669919636176,0.18238184900170476,2.29,-2.87,0.0,0.0,0.0,-0.0,
1791372907.8357086,balance,0.009811188936922257,-0.01631299369386238,-0.02105275572044696,-0.003806576497952235,-0.030873641976683335,-9.697319314120208e-06,0.17426541747232188,0.20791714054769175,0.0,0.0790780348655833,False,0.0,0.0,0.0,0.09285714285714286,0.18339669919636176,0.18238184900170476,2.29,-2.93,0.0,0.65,0.0,-0.5118110236220472,
1791372907.845677,balance,0.00919644701427194,-0.016294176264184133,-0.021679123627234335,-0.08220161232212746,-0.030885267960820396,-9.697319314120208e-06,0.17418856664696789,0.2073957208650376,0.0,0.08115715625967469,False,0.0,0.0,0.0,0.0,0.18339669919636176,0.18217878140490432,2.25,-2.96,0.0,0.0,0.0,-0.0,
1791372907.8556898,balance,0.00826075732378902,-0.016513288609249995,-0.022614813317717256,-0.11706381297956124,-0.030885267960820396,-9.697319314120208e-06,0.17418856664696789,0.19884579158367477,0.0,0.08317771081550478,False,0.0,0.0,0.09285714285714286,0.0,0.18339669919636176,0.18217878140490432,2.2600000000000002,-3.06,0.65,0.0,0.5118110236220472,-0.0,
1791372907.8657422,balance,0.006753646164944018,-0.01645659578816266,-0.024111523415541125,-0.12797656492965712,-0.030874866899799264,-9.697319314120208e-06,0.17426537784028698,0.19133419016561268,0.0,0.08510163166870356,False,0.0,0.0,0.0,0.0,0.18359956601444283,0.18217878140490432,2.2,-3.02,0.0,0.0,0.0,-0.0,
1791372907.8756862,balance,0.006054766363932217,-0.016517843713293522,-0.024810403216552927,-0.08579402136924136,-0.030874866899799264,-9.697319314120208e-06,0.17426537784028698,0.18557570661716133,0.0,0.08697757839570316,False,0.0,0.0,0.0,0.0,0.18359956601444283,0.18217878140490432,2.18,-3.0100000000000002,0.0,0.0,0.0,-0.0,
1791372907.885671,balance,0.005741512605437428,-0.016629992515054048,-0.02513405803606885,0.003817479817311319,-0.030885267960820396,-9.697319314120208e-06,0.17418856664696789,0.1801080205077689,0.0,0.08879632824506094,False,0.0,0.0,0.0,0.09285714285714286,0.18339669919636176,0.18217878140490432,2.17,-2.98,0.0,0.65,0.0,-0.5118110236220472,
1791372907.8956666,balance,0.005862520145877565,-0.01638585478964375,-0.02500142451149165,0.02141340944507121,-0.030873641976683335,-9.697319314120208e-06,0.17426541747232188,0.17829334328820795,0.0,0.0905778877586617,False,0.0,0.0,0.0,0.09285714285714286,0.18339669919636176,0.18238184900170476,2.25,-2.98,0.0,0.65,0.0,-0.5118110236220472,
1791372907.9056659,balance,0.005580095786159715,-0.01563354610539424,-0.0252838488712095,-0.08876831440324039,-0.030873641976683335,-9.697319314120208e-06,0.17426541747232188,0.16713471447531322,0.0,0.09228680533061054,False,0.0,0.0,0.0,0.0,0.18339669919636176,0.18238184900170476,2.29,-2.9,0.0,0.0,0.0,-0.0,
1791372907.915665,balance,0.004664867539210781,-0.01464982514669903,-0.026188685764114695,-0.06928630578170449,-0.030863250622639594,-9.697319314120208e-06,0.17434222868669497,0.1533814371271956,0.0,0.09385474171990082,False,0.0,0.0,0.09285714285714286,0.0,0.18359956601444283,0.18238184900170476,2.11,-2.91,0.65,0.0,0.5118110236220472,-0.0,
1791372907.925659,balance,0.00441206858713423,-0.014153564478335436,-0.026441484716191246,0.019531132270801044,-0.030863250622639594,-9.697319314120208e-06,0.17434222868669497,0.1478466216441043,0.0,0.09533731975945661,False,0.0,0.0,0.09285714285714286,0.0,0.18359956601444283,0.18238184900170476,2.14,-2.9,0.65,0.0,0.5118110236220472,-0.0,
1791372907.9356709,balance,0.005081480398808767,-0.013785537133278514,-0.025772072904516708,0.08118673494765695,-0.030863250622639594,-9.697319314120208e-06,0.17434222868669497,0.1489121704618566,0.0,0.096821661291684,False,0.0,0.0,0.0,0.09285714285714286,0.18359956601444283,0.18238184900170476,2.2,-2.87,0.0,0.65,0.0,-0.5118110236220472,
1791372907.9456637,balance,0.005462427534427034,-0.0132538397821709,-0.025401517122942183,-0.004848848983118164,-0.030873641976683335,-9.697319314120208e-06,0.17426541747232188,0.14327835515474016,0.0,0.09826856085846321,False,0.0,0.0,0.0,0.09285714285714286,0.18339669919636176,0.18238184900170476,2.35,-2.85,0.0,0.65,0.0,-0.5118110236220472,
1791372907.9556656,balance,0.005302584901226332,-0.013006369396825597,-0.02554974402157549,-0.05786112244007519,-0.030862026242115943,-9.697319314120208e-06,0.17434226832120941,0.13733625113309406,0.0,0.09965890622101183,False,0.0,0.0,0.0,0.09285714285714286,0.18339669919636176,0.18258491659850523,2.35,-2.74,0.0,0.65,0.0,-0.5118110236220472,
1791372907.9656215,balance,0.0044298363044822904,-0.012042621778865932,-0.02641091195916026,-0.0708566989992203,-0.03085044558295667,-9.697319314120208e-06,0.17441911838911267,0.12943199718945697,0.0,0.10096610207557599,False,0.0,0.0,0.0,0.0,0.18339669919636176,0.18278790339163284,2.29,-2.7,0.0,0.0,0.0,-0.0,
1791372907.975666,balance,0.003965944632063102,-0.010844009808837082,-0.026874803631579448,-0.04488021295089325,-0.03085044558295667,-9.697319314120208e-06,0.17441911838911267,0.12382289649052315,0.0,0.10222278741991869,False,0.0,0.0,0.0,0.0,0.18339669919636176,0.18278790339163284,2.3000000000000003,-2.63,0.0,0.0,0.0,-0.0,
1791372907.9856684,balance,0.003811078304724922,-0.010220580517739226,-0.02702966995891763,0.002614064723434056,-0.03085044558295667,-9.697319314120208e-06,0.17441911838911267,0.11669594334061356,0.0,0.10340957902517048,False,0.0,0.0,0.0,0.0,0.18339669919636176,0.18278790339163284,2.3000000000000003,-2.61,0.0,0.0,0.0,-0.0,
1791372907.9956658,balance,0.003906140543377384,-0.009873776993907327,-0.026934607720265166,0.01173202356001071,-0.03085044558295667,-9.697319314120208e-06,0.17441911838911267,0.10867321522498807,0.0,0.10452286772877964,False,0.0,0.0,0.09285714285714286,0.09285714285714286,0.18339669919636176,0.18278790339163284,2.3000000000000003,-2.62,0.65,0.65,0.5118110236220472,-0.5118110236220472,
1791372908.0058296,balance,0.003912523791502279,-0.00984338416684265,-0.026928224472140272,0.001438818082636889,-0.03085044558295667,-9.697319314120208e-06,0.17441911838911267,0.10132357265905055,0.0,0.10554039353512513,False,0.0,0.0,0.0,0.0,0.18339669919636176,0.18278790339163284,2.32,-2.56,0.0,0.0,0.0,-0.0,
1791372908.0156648,balance,0.0040622145263129825,-0.009606004773333593,-0.026778533737329566,-0.00440308676218414,-0.03085044558295667,-9.697319314120208e-06,0.17441911838911267,0.0974329269173513,0.0,0.1065328790677426,False,0.0,0.0,0.0,0.0,0.18319383237828069,0.1829908860068136,2.54,-2.5500000000000003,0.0,0.0,0.0,-0.0,
1791372908.0256937,balance,0.0035301326614692956,-0.008885519927071149,-0.027310615602173256,-0.06959110187983368,-0.03085044558295667,-9.697319314120208e-06,0.17441911838911267,0.08662994714460583,0.0,0.10743150242334505,False,0.0,0.0,0.0,0.0,0.18319383237828069,0.1829908860068136,2.47,-2.46,0.0,0.0,0.0,-0.0,
1791372908.0356834,balance,0.0030108814951023584,-0.007919841517140314,-0.02782986676854019,-0.015860131446629715,-0.03085044558295667,-9.697319314120208e-06,0.17441911838911267,0.07306506275977202,0.0,0.10819535409524128,False,0.0,0.0,0.0,0.0,0.18319383237828069,0.1829908860068136,2.44,-2.5,0.0,0.0,0.0,-0.0,
1791372908.0456665,balance,0.0035220944723739897,-0.007514827012087932,-0.02731865379126856,0.09693722922965563,-0.03085044558295667,-9.697319314120208e-06,0.17441911838911267,0.06494960890444887,0.0,0.10886522514187079,False,0.0,0.0,0.09285714285714286,0.0,0.18319383237828069,0.1829908860068136,2.45,-2.5,0.65,0.0,0.5118110236220472,-0.0,
1791372908.0556154,balance,0.004861961309987431,-0.007703161753393849,-0.025978786953655117,0.14436722865049326,-0.03085044558295667,-9.697319314120208e-06,0.17441911838911267,0.05761103497857385,0.0,0.10945991640731395,False,0.0,0.0,0.0,0.0,0.18319383237828069,0.1829908860068136,2.44,-2.49,0.0,0.0,0.0,-0.0,
1791372908.065695,balance,0.005939287953161108,-0.007744151917058693,-0.024901460310481443,0.07222554426398048,-0.03085044558295667,-9.697319314120208e-06,0.17441911838911267,0.043509315924762516,0.0,0.10993505474592259,False,0.0,0.0,0.0,0.0,0.18319383237828069,0.1829908860068136,2.44,-2.47,0.0,0.0,0.0,-0.0,
1791372908.0756702,balance,0.006586034234346914,-0.007816763160483178,-0.024254714029295635,0.0629019283300384,-0.03085044558295667,-9.697319314120208e-06,0.17441911838911267,0.0395118636390806,0.0,0.11033970119788523,False,0.0,0.0,0.0,0.0,0.18319383237828069,0.1829908860068136,2.45,-2.48,0.0,0.0,0.0,-0.0,
1791372908.085671,balance,0.0068279336100287155,-0.007679306236972369,-0.024023195783181243,-0.009937094282975269,-0.03086082671252408,-9.697319314120208e-06,0.17434230715154347,0.028688056235365047,0.0,0.11065839867003564,False,0.0,0.0,-0.09285714285714286,0.09285714285714286,0.18299090309463303,0.1829908860068136,2.45,-2.49,-0.65,0.65,-0.5118110236220472,-0.5118110236220472,
1791372908.0956855,balance,0.006965267841263683,-0.007693863059596329,-0.023875480422378866,0.0318510212581739,-0.03085044558295667,-9.697319314120208e-06,0.17441911838911267,0.021290259572841582,0.0,0.11088570258568976,False,0.0,0.0,0.0,0.0,0.18319383237828069,0.1829908860068136,2.41,-2.49,0.0,0.0,0.0,-0.0,
1791372908.1056728,balance,0.007612191317176969,-0.00780710880295421,-0.02322855694646558,0.09414581946657868,-0.03085044558295667,-9.697319314120208e-06,0.17441911838911267,0.016172710820368724,0.0,0.1110625124117562,False,0.0,0.0,0.0,0.0,0.18319383237828069,0.1829908860068136,2.43,-2.49,0.0,0.0,0.0,-0.0,
1791372908.1156707,balance,0.008506477774448361,-0.0078095220672916325,-0.022300769083460396,0.09211255202401081,-0.03085044558295667,-4.319872504791149e-05,0.17441911838911267,0.011873294837933378,0.0,0.11118672289787664,False,0.0,0.0,0.09285714285714286,0.0,0.18319383237828069,0.1829908860068136,2.4,-2.5100000000000002,0.65,0.0,0.5118110236220472,-0.0,
1791372908.1256711,balance,0.009482213273506684,-0.00792158745826454,-0.021260624575609538,0.06858026046706331,-0.03085044558295667,-0.00010760773384045093,0.17441911838911267,0.011898031320569801,0.0,0.11130575641726118,False,0.0,0.0,0.0,0.0,0.18319383237828069,0.1829908860068136,2.43,-2.5100000000000002,0.0,0.0,0.0,-0.0,
1791372908.1356657,balance,0.009332651148260557,-0.008163156861683533,-0.021410186700855663,-0.07851549685247214,-0.03085044558295667,-0.00010760773384045093,0.17441911838911267,-0.001521458311841217,0.0,0.11132928215264262,False,0.0,0.0,0.0,0.0,0.18319383237828069,0.1829908860068136,2.42,-2.5100000000000002,0.0,0.0,0.0,-0.0,
1791372908.1456656,balance,0.00874084010714622,-0.00858860706722191,-0.021968994745357046,-0.0230035476083919,-0.03085044558295667,-0.00014061073045340593,0.17441911838911267,-0.004823473847156503,0.0,0.11127552311302502,False,0.0,0.0,-0.09285714285714286,-0.09285714285714286,0.18319383237828069,0.1829908860068136,2.42,-2.49,-0.65,-0.65,-0.5118110236220472,0.5118110236220472,
1791372908.1556718,balance,0.008874388904463619,-0.008644326369426535,-0.021835445948039645,0.01455975825209221,-0.03085044558295667,-0.00014061073045340593,0.17441911838911267,-0.004039564675268644,0.0,0.1112470504321901,False,0.0,0.0,0.0,0.0,0.18319383237828069,0.1829908860068136,2.44,-2.49,0.0,0.0,0.0,-0.0,
1791372908.1656528,balance,0.00885677231386731,-0.008914412141923895,-0.021820282944828,-0.0027626893948728276,-0.03085044558295667,-0.00017339032426135986,0.17441911838911267,-0.006403814741649196,0.0,0.11118073075929914,False,0.0,0.0,-0.09285714285714286,0.0,0.18319383237828069,0.1829908860068136,2.43,-2.48,-0.65,0.0,-0.5118110236220472,-0.0,
1791372908.1756666,balance,0.008855597685903263,-0.009158928445859655,-0.02178872538643286,-0.03147405609722225,-0.03085044558295667,-0.00020612251062054792,0.17441911838911267,-0.0055579776605048994,0.0,0.1111295891212363,False,0.0,0.0,0.0,0.0,0.18319383237828069,0.1829908860068136,2.44,-2.49,0.0,0.0,0.0,-0.0,
1791372908.1856687,balance,0.007978614449958019,-0.009015379252308227,-0.0226657086223781,-0.12266898441575443,-0.03085044558295667,-0.00020612251062054792,0.17441911838911267,-0.01086176999495716,0.0,0.11103494621475041,False,0.0,0.0,0.0,0.0,0.18319383237828069,0.1829908860068136,2.41,-2.49,0.0,0.0,0.0,-0.0,
1791372908.1956704,balance,0.006717225925655134,-0.009171479821371476,-0.023927097146680988,-0.11935107577350677,-0.03085044558295667,-0.00020612251062054792,0.17441911838911267,-0.015346272171973,0.0,0.11089177177002339,False,0.0,0.0,0.0,0.0,0.18319383237828069,0.1829908860068136,2.42,-2.48,0.0,0.0,0.0,-0.0,
1791372908.205674,balance,0.005497162274568738,-0.009355031397414093,-0.02514716079776738,-0.10639272227936566,-0.03085044558295667,-0.00020612251062054792,0.17441911838911267,-0.025690809601212342,0.0,0.11065705475900493,False,0.0,0.0,-0.09285714285714286,0.0,0.18319383237828069,0.1829908860068136,2.41,-2.5,-0.65,0.0,-0.5118110236220472,-0.0,
1791372908.2156663,balance,0.0053293529103264,-0.00952802085018829,-0.02522855926649557,0.04797052561870526,-0.030840073592714283,-0.0002821614158923137,0.1744959296454621,-0.028371161944960893,0.0,0.11037993384188702,False,0.0,0.0,0.0,-0.09285714285714286,0.18339669919636176,0.1829908860068136,2.25,-2.5,0.0,-0.65,0.0,0.5118110236220472,
1791372908.225754,balance,0.005892187200416732,-0.009519753873536572,-0.02459128581423708,0.06079947720644636,-0.030840073592714283,-0.00035660057806046966,0.1744959296454621,-0.028812034518488218,0.0,0.11009746143172355,False,0.0,0.0,0.0,-0.09285714285714286,0.18339669919636176,0.1829908860068136,2.3000000000000003,-2.48,0.0,-0.65,0.0,0.5118110236220472,
1791372908.2356653,balance,0.006100826824543633,-0.009744683836118435,-0.024382646190110182,-0.026120790366148675,-0.030840073592714283,-0.00035660057806046966,0.1744959296454621,-0.042230654340174395,0.0,0.10971944865199805,False,0.0,0.0,0.0,0.0,0.18339669919636176,0.1829908860068136,2.29,-2.5,0.0,0.0,0.0,-0.0,
1791372908.245667,balance,0.005892238828443192,-0.009919883010823489,-0.024591234186210623,0.009412491818990511,-0.030840073592714283,-0.00035660057806046966,0.1744959296454621,-0.05022702836810614,0.0,0.10922550927689223,False,0.0,0.0,0.0,0.0,0.18339669919636176,0.1829908860068136,2.27,-2.46,0.0,0.0,0.0,-0.0,
1791372908.255673,balance,0.005958409432949955,-0.009930763967967462,-0.02452506358170386,0.007998394109111462,-0.030840073592714283,-0.00035660057806046966,0.1744959296454621,-0.05457523011246524,0.0,0.10868526470298391,False,0.0,0.0,-0.09285714285714286,-0.09285714285714286,0.18339669919636176,0.1829908860068136,2.3000000000000003,-2.49,-0.65,-0.65,-0.5118110236220472,0.5118110236220472,
1791372908.2656713,balance,0.006136401517253518,-0.00980537718616826,-0.024347071497400296,0.01742419155748251,-0.030840073592714283,-0.00035660057806046966,0.1744959296454621,-0.057931006156035726,0.0,0.10812694638042897,False,0.0,0.0,-0.09285714285714286,-0.09285714285714286,0.18339669919636176,0.1829908860068136,2.29,-2.52,-0.65,-0.65,-0.5118110236220472,0.5118110236220472,
1791372908.2756674,balance,0.006184061041497902,-0.009986884151907377,-0.024299411973155913,0.009693276469213294,-0.030840073592714283,-0.00035660057806046966,0.1744959296454621,-0.06922087494807366,0.0,0.10747164612744402,False,0.0,0.0,0.0,0.0,0.18339669919636176,0.1829908860068136,2.29,-2.47,0.0,0.0,0.0,-0.0,
1791372908.2856736,balance,0.006735581549126532,-0.010030503374253444,-0.02374789146552728,0.10801059357791362,-0.030840073592714283,-0.00035660057806046966,0.1744959296454621,-0.07122203749793764,0.0,0.10675028045839165,False,0.0,0.0,0.0,0.0,0.18339669919636176,0.1829908860068136,2.2800000000000002,-2.5,0.0,0.0,0.0,-0.0,
1791372908.295667,balance,0.00790608189352263,-0.009906857041516644,-0.022577391121131184,0.07960699777764985,-0.030840073592714283,-0.00035660057806046966,0.1744959296454621,-0.07372865179100406,0.0,0.10602422792877832,False,0.0,0.0,-0.09285714285714286,-0.09285714285714286,0.18339669919636176,0.1829908860068136,2.33,-2.5,-0.65,-0.65,-0.5118110236220472,0.5118110236220472,
1791372908.3056653,balance,0.00850577120947352,-0.00987650579405344,-0.021977701805180293,0.04305484121278165,-0.030840073592714283,-0.00035660057806046966,0.1744959296454621,-0.08482778861678265,0.0,0.10522226363196571,False,0.0,0.0,0.0,-0.09285714285714286,0.18339669919636176,0.1829908860068136,2.3000000000000003,-2.5100000000000002,0.0,-0.65,0.0,0.5118110236220472,
1791372908.3156028,balance,0.008775361780858451,-0.00992972288709392,-0.021708111233795364,0.050999900070072005,-0.030840073592714283,-0.00035660057806046966,0.1744959296454621,-0.10275468380101645,0.0,0.10423572249434092,False,0.0,0.0,0.0,0.0,0.18339669919636176,0.1829908860068136,2.2800000000000002,-2.48,0.0,0.0,0.0,-0.0,
1791372908.3256674,balance,0.009891307438255857,-0.009963885341855144,-0.020592165576397956,0.17040523321992307,-0.030840073592714283,-0.00035660057806046966,0.1744959296454621,-0.10767923294896588,0.0,0.10315947740465514,False,0.0,0.0,0.0,0.0,0.18339669919636176,0.1829908860068136,2.29,-2.45,0.0,0.0,0.0,-0.0,
1791372908.335667,balance,0.011958302393285065,-0.009712646320958956,-0.01852517062136875,0.20151379081937001,-0.030840073592714283,-0.00035660057806046966,0.1744959296454621,-0.11376751555918965,0.0,0.10203965356667281,False,0.0,0.0,-0.09285714285714286,-0.09285714285714286,0.18339669919636176,0.1829908860068136,2.33,-2.49,-0.65,-0.65,-0.5118110236220472,0.5118110236220472,
1791372908.3456676,balance,0.014012002601313916,-0.009743740465580249,-0.016481842403582286,0.19966982188592874,-0.03085044558295667,-0.00035660057806046966,0.17441911838911267,-0.12149888328362478,0.0,0.10085602543349578,False,0.0,0.0,0.0,0.0,0.18319383237828069,0.1829908860068136,2.31,-2.52,0.0,0.0,0.0,-0.0,
1791372908.3556633,balance,0.015750169648934383,-0.009888831353100076,-0.01473330336571943,0.18521778083723187,-0.030840073592714283,-0.00035660057806046966,0.1744959296454621,-0.12875489718943806,0.0,0.09957701340007684,False,0.0,0.0,0.0,0.0,0.18339669919636176,0.1829908860068136,2.4,-2.49,0.0,0.0,0.0,-0.0,
1791372908.365664,balance,0.0176763068472698,-0.009894171196449095,-0.0128279192871938,0.19059577552511026,-0.03086082671252407,-0.00035660057806046966,0.17434230715154347,-0.12932689251219753,0.0,0.09828135094507172,False,0.0,0.0,0.0,-0.09285714285714286,0.18319383237828069,0.18278790339163284,2.31,-2.49,0.0,-0.65,0.0,0.5118110236220472,
1791372908.375667,balance,0.01980255369010701,-0.009559969517079993,-0.010701672444356589,0.21735421716591236,-0.03086082671252407,-0.00035660057806046966,0.17434230715154347,-0.13205983936643514,0.0,0.09697498276884157,False,0.0,0.0,0.0,0.0,0.18319383237828069,0.18278790339163284,2.42,-2.64,0.0,0.0,0.0,-0.0,
1791372908.3856535,balance,0.021955408548277388,-0.009593518795146541,-0.008538436456618812,0.23588542218489547,-0.03085044558295667,-0.00035660057806046966,0.17441911838911267,-0.13461670203409626,0.0,0.09562868575829091,False,0.0,0.0,0.0,-0.09285714285714286,0.18319383237828069,0.1829908860068136,2.43,-2.5100000000000002,0.0,-0.65,0.0,0.5118110236220472,
1791372908.3956652,balance,0.0244497329429187,-0.009808977423114788,-0.006054493191544899,0.2570979085841938,-0.03086082671252407,-0.00035660057806046966,0.17434230715154347,-0.13539070787846966,0.0,0.09428352518412218,False,0.0,0.0,-0.09285714285714286,0.0,0.18319383237828069,0.18278790339163284,2.43,-2.6,-0.65,0.0,-0.5118110236220472,-0.0,
1791372908.405716,balance,0.02697051342548337,-0.010016816062883942,-0.00353371270898023,0.23854645569318567,-0.03086082671252407,-0.00035660057806046966,0.17434230715154347,-0.1416611624757117,0.0,0.09288629391490973,False,0.0,0.0,0.0,0.0,0.18319383237828069,0.18278790339163284,2.45,-2.61,0.0,0.0,0.0,-0.0,
1791372908.415677,balance,0.029725310888195952,-0.009820969020348147,-0.0007789152462676467,0.2928987821779814,-0.03086082671252407,-0.00035660057806046966,0.17434230715154347,-0.14368794264666787,0.0,0.09144952262252745,False,0.0,0.0,0.0,0.0,0.18319383237828069,0.18278790339163284,2.46,-2.63,0.0,0.0,0.0,-0.0,
1791372908.4256907,balance,0.03260263419939718,-0.009628377372264003,0.002098408064933579,0.2864403711543042,-0.03086082671252407,-0.00035660057806046966,0.17434230715154347,-0.1395534498412646,0.0,0.09003974290782371,False,0.0,0.0,0.0,0.0,0.18319383237828069,0.18278790339163284,2.46,-2.61,0.0,0.0,0.0,-0.0,
1791372908.4356794,balance,0.035500791577193526,-0.009902323227174808,0.004996565442729927,0.2945828446990564,-0.03086082671252407,-0.00035660057806046966,0.17434230715154347,-0.13224418276383224,0.0,0.08869858191916191,False,0.0,0.0,0.0,0.0,0.18319383237828069,0.18278790339163284,2.47,-2.67,0.0,0.0,0.0,-0.0,
1791372908.4456592,balance,0.03829142938194823,-0.010213985337986023,0.007787203247484633,0.25660393584155805,-0.03086082671252407,-0.00035660057806046966,0.17434230715154347,-0.1283201388346224,0.0,0.08740840016035363,False,0.0,0.0,0.0,0.0,0.18319383237828069,0.18278790339163284,2.45,-2.69,0.0,0.0,0.0,-0.0,
1791372908.455701,balance,0.040688826682348016,-0.01034961217462599,0.010184600547884417,0.23639958213681553,-0.03086082671252407,-0.00035660057806046966,0.17434230715154347,-0.12735688256540534,0.0,0.08613138296477167,False,0.0,0.0,0.0,0.0,0.18319383237828069,0.18278790339163284,2.44,-2.67,0.0,0.0,0.0,-0.0,
1791372908.4656627,balance,0.043145133566560426,-0.01039620029818267,0.012629317090496348,0.26098516570678015,-0.030872417054124548,-0.00035660057806046966,0.17426545710461827,-0.12362219631985928,0.0,0.08488056145557074,False,0.0,0.0,0.0,0.0,0.18319383237828069,0.18258491659850523,2.43,-2.65,0.0,0.0,0.0,-0.0,
1791372908.4756892,balance,0.04593199196129513,-0.010741887070161979,0.015416175485231054,0.2834219657627251,-0.030872417054124548,-0.00035660057806046966,0.17426545710461827,-0.1162835735178068,0.0,0.08369938880400976,False,0.0,0.0,0.0,0.0,0.18319383237828069,0.18258491659850523,2.43,-2.7600000000000002,0.0,0.0,0.0,-0.0,
1791372908.4856737,balance,0.04869229883744558,-0.011090522252716506,0.018176482361381502,0.2550645673065644,-0.030872417054124548,-0.00035660057806046966,0.17426545710461827,-0.11058365070921569,0.0,0.08258263398399476,False,0.0,0.0,0.0,0.09285714285714286,0.18319383237828069,0.18258491659850523,2.42,-2.77,0.0,0.65,0.0,-0.5118110236220472,
1791372908.4956748,balance,0.051091951828158066,-0.01137256142120994,0.020576135352093988,0.23632950511913284,-0.030872417054124548,-0.00035660057806046966,0.17426545710461827,-0.10229102867806088,0.0,0.08152836036599616,False,0.0,0.0,0.09285714285714286,0.0,0.18319383237828069,0.18258491659850523,2.41,-2.7600000000000002,0.65,0.0,0.5118110236220472,-0.0,
1791372908.5056705,balance,0.053374688777644036,-0.011486693501559096,0.022858872301579958,0.2090860843348931,-0.030872417054124548,-0.00035660057806046966,0.17426545710461827,-0.08918438715755551,0.0,0.0805995233897795,False,0.0,0.0,0.0,0.0,0.18319383237828069,0.18258491659850523,2.44,-2.77,0.0,0.0,0.0,-0.0,
1791372908.5156643,balance,0.05504974891710653,-0.01175827021526171,0.024533932441042454,0.12915391955624875,-0.030872417054124548,-0.00035660057806046966,0.17426545710461827,-0.07947066453619435,0.0,0.0797850373700836,False,0.0,0.0,0.0,0.0,0.18319383237828069,0.18258491659850523,2.42,-2.81,0.0,0.0,0.0,-0.0,
1791372908.5256681,balance,0.05615692312867149,-0.012387398205297627,0.02564110665260741,0.11237732126424001,-0.030872417054124548,-0.00035660057806046966,0.17426545710461827,-0.0672465259865884,0.0,0.07907704697328484,False,0.0,0.0,0.0,0.0,0.18319383237828069,0.18258491659850523,2.43,-2.7600000000000002,0.0,0.0,0.0,-0.0,
1791372908.535678,balance,0.05706365043247494,-0.01262883333076222,0.02654783395641086,0.07486528111299237,-0.030872417054124548,-0.00035660057806046966,0.17426545710461827,-0.05502091482128192,0.0,0.07849426584420868,False,0.0,0.0,0.0,0.0,0.18319383237828069,0.18258491659850523,2.43,-2.8000000000000003,0.0,0.0,0.0,-0.0,
1791372908.5456684,balance,0.05783749675444124,-0.012833283750808116,0.027310054837312695,0.07071070592084386,-0.030884042495189015,-0.00035660057806046966,0.1741886062767826,-0.04141404722398595,0.0,0.07804892992093149,False,0.0,0.0,0.0,0.0,0.18319383237828069,0.18238184900170476,2.43,-2.81,0.0,0.0,0.0,-0.0,
1791372908.5556743,balance,0.05828757332734689,-0.013377778544245697,0.027760131410218342,0.03179640061612061,-0.030884042495189015,-0.00035660057806046966,0.1741886062767826,-0.03086657158879035,0.0,0.07771724753313443,False,0.0,0.0,0.0,0.0,0.18319383237828069,0.18238184900170476,2.42,-2.89,0.0,0.0,0.0,-0.0,
1791372908.565732,balance,0.058426644665841236,-0.01370750220668912,0.02789920274871269,0.008091361931928349,-0.030884042495189015,-0.00035660057806046966,0.1741886062767826,-0.024962763376593405,0.0,0.07745239160519923,False,0.0,0.0,0.0,0.0,0.18319383237828069,0.18238184900170476,2.41,-2.9,0.0,0.0,0.0,-0.0,
1791372908.575702,balance,0.05885150736709883,-0.014075260623629807,0.028324065449970282,0.05459241790960752,-0.030884042495189015,-0.00035660057806046966,0.1741886062767826,-0.013858038068428754,0.0,0.07728679224593961,False,0.0,0.0,0.09285714285714286,0.0,0.18319383237828069,0.18238184900170476,2.43,-2.89,0.65,0.0,0.5118110236220472,-0.0,
1791372908.5856192,balance,0.05930768837700503,-0.01420075482945914,0.028780246459876483,0.05499226319786948,-0.030884042495189015,-0.00035660057806046966,0.1741886062767826,-0.002412296338221168,0.0,0.07723323601600468,False,0.0,0.0,0.0,0.09285714285714286,0.18319383237828069,0.18238184900170476,2.44,-2.9,0.0,0.65,0.0,-0.5118110236220472,
1791372908.5956748,balance,0.05960953191444526,-0.014125639411332158,0.028994980875294875,0.008148213348098699,-0.030884042495189015,-0.0002694914560386281,0.1741886062767826,-0.0014500749284882364,0.0,0.07721924167177513,False,0.0,0.0,0.09285714285714286,0.09285714285714286,0.18319383237828069,0.18238184900170476,2.42,-2.91,0.65,0.65,0.5118110236220472,-0.5118110236220472,
1791372908.605691,balance,0.06011047919945088,-0.014556777340495554,0.029452151137223218,0.08681581596129126,-0.030884042495189015,-0.00022571443296135404,0.1741886062767826,0.006646044726375909,0.0,0.07724965822358393,False,0.0,0.0,0.0,0.09285714285714286,0.18319383237828069,0.18238184900170476,2.41,-2.89,0.0,0.65,0.0,-0.5118110236220472,
1791372908.6156657,balance,0.06101157206781609,-0.014853697461590161,0.03035324400558843,0.0846148660383221,-0.030884042495189015,-0.00022571443296135404,0.1741886062767826,0.016723467704674814,0.0,0.0773962399893206,False,0.0,0.0,0.0,0.09285714285714286,0.18319383237828069,0.18238184900170476,2.43,-2.91,0.0,0.65,0.0,-0.5118110236220472,
1791372908.6256814,balance,0.06143747854789969,-0.014760286749589352,0.030732981759943517,0.022453845530854208,-0.030884042495189015,-0.000179545707232846,0.1741886062767826,0.018539490280967824,0.0,0.07758184035020951,False,0.0,0.0,0.0,0.09285714285714286,0.18319383237828069,0.18238184900170476,2.4,-2.9,0.0,0.65,0.0,-0.5118110236220472,
1791372908.6356783,balance,0.061721970172779764,-0.014672281228277089,0.030924689086149187,0.03620041442037414,-0.030884042495189015,-8.676140855843924e-05,0.1741886062767826,0.019693268812110438,0.0,0.07777372085049157,False,0.0,0.0,0.0,0.09285714285714286,0.18319383237828069,0.18238184900170476,2.29,-2.89,0.0,0.65,0.0,-0.5118110236220472,
1791372908.645672,balance,0.06259147805588297,-0.014460043879230899,0.031804597487758074,0.12827039359164294,-0.030873641976683335,-8.676140855843924e-05,0.17426541747232188,0.02487998594606882,0.0,0.07800741592436991,False,0.0,0.0,0.09285714285714286,0.1015993821249683,0.18339669919636176,0.18238184900170476,2.42,-2.88,0.65,0.7111956748747781,0.5118110236220472,-0.559996594389589,
1791372908.6556673,balance,0.06414098587557135,-0.014463596811603632,0.033294678443871226,0.16659275594786738,-0.030884042495189015,-3.7735063488891984e-05,0.1741886062767826,0.030285103089319625,0.0,0.0782890740431034,False,0.0,0.0,0.09466427254054924,0.09285714285714286,0.18319383237828069,0.18238184900170476,2.44,-2.9,0.6626499077838447,0.65,0.5217715809321611,-0.5118110236220472,
1791372908.6656613,balance,0.0660563601865185,-0.0145021373393999,0.03521005275481838,0.16775935842497572,-0.030884042495189015,-3.7735063488891984e-05,0.1741886062767826,0.049302762535791265,0.0,0.07872743198936225,False,0.0,0.0,0.0,0.12833802838044944,0.18319383237828069,0.18238184900170476,2.43,-2.92,0.0,0.8983661986631462,0.0,-0.7073749595772805,
1791372908.6756763,balance,0.06657683258615149,-0.014483204892915973,0.03571888945072969,-0.06044077841798916,-0.030895678198910693,-3.7735063488891984e-05,0.17411175547250946,0.05190125808692183,0.0,0.07925385039832944,False,0.0,0.0,0.0,0.09285714285714286,0.18319383237828069,0.18217878140490432,2.46,-2.94,0.0,0.65,0.0,-0.5118110236220472,
1791372908.6856744,balance,0.06554809335239627,-0.014514321300517528,0.03469015021697447,-0.08384736116428393,-0.030895678198910693,-3.7735063488891984e-05,0.17411175547250946,0.059599923560804666,0.0,0.07981703047837885,False,0.0,0.0,0.09285714285714286,0.09285714285714286,0.18319383237828069,0.18217878140490432,2.44,-3.02,0.65,0.65,0.5118110236220472,-0.5118110236220472,
1791372908.6957319,balance,0.06471202596447966,-0.014411135600881838,0.03385408282905786,-0.07604680405698849,-0.030895678198910693,-3.7735063488891984e-05,0.17411175547250946,0.0835105328871707,0.0,0.08057595106541894,False,0.0,0.0,0.10364594434695029,0.09285714285714286,0.18319383237828069,0.18217878140490432,2.42,-3.0300000000000002,0.725521610428652,0.65,0.5712768586052378,-0.5118110236220472,
1791372908.7056787,balance,0.0639824876358672,-0.01437384122519955,0.0331245445004454,-0.11343126738550813,-0.030895678198910693,-3.7735063488891984e-05,0.17411175547250946,0.10447181875244377,0.0,0.08156747794060933,False,0.0,0.0,0.09285714285714286,0.0,0.18319383237828069,0.18217878140490432,2.44,-3.11,0.65,0.0,0.5118110236220472,-0.0,
1791372908.7156892,balance,0.062187753625164724,-0.014799982634564269,0.031329810489742926,-0.23144475750253787,-0.030895678198910693,-3.7735063488891984e-05,0.17411175547250946,0.11840602794085722,0.0,0.0827297621756614,False,0.0,0.0,0.09285714285714286,0.0,0.18319383237828069,0.18217878140490432,2.46,-3.04,0.65,0.0,0.5118110236220472,-0.0,
1791372908.72568,balance,0.059053682576603754,-0.014340084627576672,0.028195739441181953,-0.3444558593944912,-0.030895678198910693,-3.7735063488891984e-05,0.17411175547250946,0.11634643037967712,0.0,0.08389782198777986,False,0.0,0.0,0.0,0.0,0.18319383237828069,0.18217878140490432,2.41,-2.99,0.0,0.0,0.0,-0.0,
1791372908.7357564,balance,0.056722806816955254,-0.013539255849711898,0.02587649938525513,-0.12330472702835417,-0.030884042495189015,-3.7735063488891984e-05,0.1741886062767826,0.12434499833108666,0.0,0.08511619406421354,False,0.0,0.0,0.09285714285714286,0.09285714285714286,0.18319383237828069,0.18238184900170476,2.42,-2.94,0.65,0.65,0.5118110236220472,-0.5118110236220472,
1791372908.7456725,balance,0.05606608163683974,-0.012878441327095308,0.025219774205139614,-0.03732873259216049,-0.030884042495189015,-3.7735063488891984e-05,0.1741886062767826,0.1470827294878184,0.0,0.08651631308920663,False,0.0,0.0,0.0,0.09285714285714286,0.18319383237828069,0.18238184900170476,2.46,-2.87,0.0,0.65,0.0,-0.5118110236220472,
1791372908.7556598,balance,0.05528721390482044,-0.013204935612681993,0.02444090647312032,-0.1758747932156481,-0.030884042495189015,-3.7735063488891984e-05,0.1741886062767826,0.16898100999959723,0.0,0.08816372817474649,False,0.0,0.0,0.09285714285714286,0.0,0.18319383237828069,0.18238184900170476,2.48,-2.94,0.65,0.0,0.5118110236220472,-0.0,
1791372908.765669,balance,0.051811164946374576,-0.013350197438177077,0.020964857514674452,-0.4362392094250403,-0.030884042495189015,-3.7735063488891984e-05,0.1741886062767826,0.163716121119705,0.0,0.08983072979391894,False,0.0,0.0,0.10387131702636823,0.0,0.18319383237828069,0.18238184900170476,2.43,-2.9,0.7270992191845776,0.0,0.5725190702240769,-0.0,
1791372908.7756674,balance,0.04771989625795981,-0.01294890317335898,0.016873588826259688,-0.3244843363653014,-0.030884042495189015,-3.7735063488891984e-05,0.1741886062767826,0.15881211167273124,0.0,0.0914153855434811,False,0.0,0.0,0.09285714285714286,0.0,0.18319383237828069,0.18238184900170476,2.34,-2.89,0.65,0.0,0.5118110236220472,-0.0,
1791372908.785711,balance,0.04584348557751224,-0.012740275493785475,0.0150075786643178,-0.0833999981978669,-0.030873641976683335,-3.7735063488891984e-05,0.17426541747232188,0.1869269181595842,0.0,0.09320421943577367,False,0.0,0.0,0.12092803924140058,0.0,0.18339669919636176,0.18238184900170476,2.2800000000000002,-2.92,0.846496274689804,0.0,0.6665324997557512,-0.0,
1791372908.7956414,balance,0.04403736247276443,-0.012849727390676465,0.013179419337342627,-0.2600038967544583,-0.030895678198910693,-3.7735063488891984e-05,0.17411175547250946,0.19092052618356845,0.0,0.09512149426137838,False,0.0,0.0,0.0,0.0,0.18319383237828069,0.18217878140490432,2.48,-2.97,0.0,0.0,0.0,-0.0,
1791372908.8057296,balance,0.04169892346084039,-0.012991514673246357,0.010852616029140269,-0.19587444167442786,-0.030884042495189015,-3.7735063488891984e-05,0.1741886062767826,0.18232196005486523,0.0,0.0969718248686913,False,0.0,0.0,0.0,0.09285714285714286,0.18319383237828069,0.18238184900170476,2.44,-2.95,0.0,0.65,0.0,-0.5118110236220472,
1791372908.8156931,balance,0.040205306352108214,-0.01217886023571863,0.00935899892040809,-0.08966359552214495,-0.030884042495189015,-3.7735063488891984e-05,0.1741886062767826,0.18877045814085605,0.0,0.0988270259286948,False,0.0,0.0,0.0,0.11496569731899578,0.18319383237828069,0.18238184900170476,2.42,-2.85,0.0,0.8047598812329705,0.0,-0.6336691978212365,
1791372908.8256648,balance,0.03907544315151649,-0.011946757749036164,0.008240761160880832,-0.19806491236399199,-0.030872417054124548,-3.7735063488891984e-05,0.17426545710461827,0.18983828106668502,0.0,0.10072843290525893,False,0.0,0.0,0.09285714285714286,0.0,0.18319383237828069,0.18258491659850523,2.5500000000000003,-2.87,0.65,0.0,0.5118110236220472,-0.0,
1791372908.8356695,balance,0.036872095888695756,-0.011524322108490258,0.006025788456995633,-0.2115059527101966,-0.030884042495189015,-3.7735063488891984e-05,0.1741886062767826,0.19361021736233178,0.0,0.10265238773316354,False,0.0,0.0,0.09285714285714286,0.0,0.18319383237828069,0.18238184900170476,2.4,-2.83,0.65,0.0,0.5118110236220472,-0.0,
1791372908.8456655,balance,0.034314653563249455,-0.011748517992178664,0.003468346131549331,-0.2710461884379331,-0.030884042495189015,-3.7735063488891984e-05,0.1741886062767826,0.19575158014074412,0.0,0.10460300384535481,False,0.0,0.0,0.11520101420216391,0.0,0.18319383237828069,0.18238184900170476,2.43,-2.9,0.8064070994151474,0.0,0.6349662200119272,-0.0,
1791372908.855682,balance,0.031647629290183825,-0.011787036132802265,0.0008013218584837017,-0.27420573248200203,-0.030884042495189015,-3.7735063488891984e-05,0.1741886062767826,0.1954379732871784,0.0,0.10655235729608985,False,0.0,0.0,0.0,0.0,0.18319383237828069,0.18238184900170476,2.43,-2.97,0.0,0.0,0.0,-0.0,
1791372908.8657498,balance,0.029088681271594585,-0.01174364035275148,-0.001757626160105538,-0.2451020056704468,-0.030884042495189015,-3.7735063488891984e-05,0.1741886062767826,0.19642014073953426,0.0,0.10852244558275005,False,0.0,0.0,0.0,0.09285714285714286,0.18319383237828069,0.18238184900170476,2.43,-2.89,0.0,0.65,0.0,-0.5118110236220472,
1791372908.8756657,balance,0.02677763477322103,-0.011914619457683495,-0.004068672658479093,-0.22022378286159328,-0.030884042495189015,-3.7735063488891984e-05,0.1741886062767826,0.1949986356594351,0.0,0.11047245673886806,False,0.0,0.0,0.0,0.09285714285714286,0.18319383237828069,0.18238184900170476,2.46,-2.73,0.0,0.65,0.0,-0.5118110236220472,
1791372908.8856258,balance,0.024736059080180617,-0.01208790448388274,-0.006098622910455039,-0.2005028964704441,-0.030872417054124548,-3.7735063488891984e-05,0.17426545710461827,0.19238882584851183,0.0,0.11240312261722454,False,0.0,0.0,0.0,0.09285714285714286,0.18319383237828069,0.18258491659850523,2.43,-2.74,0.0,0.65,0.0,-0.5118110236220472,
1791372908.89572,balance,0.02262709450210152,-0.012537012243861488,-0.008207587488534136,-0.20293723457847296,-0.030872417054124548,-3.7735063488891984e-05,0.17426545710461827,0.18484425792860038,0.0,0.11426963327191599,False,0.0,0.0,0.0,0.09285714285714286,0.18319383237828069,0.18258491659850523,2.42,-2.73,0.0,0.65,0.0,-0.5118110236220472,
1791372908.9057229,balance,0.020953864711986108,-0.012176141688178505,-0.009880817278649548,-0.13087721122461382,-0.030872417054124548,-3.7735063488891984e-05,0.17426545710461827,0.18140374114156976,0.0,0.11609101398427349,False,0.0,0.0,0.09285714285714286,0.0,0.18319383237828069,0.18258491659850523,2.31,-2.7,0.65,0.0,0.5118110236220472,-0.0,
1791372908.915669,balance,0.019653389864827876,-0.01208391662573436,-0.011170901313799175,-0.1322624088684644,-0.030862026242115943,-3.7735063488891984e-05,0.17434226832120941,0.1762529052094657,0.0,0.11786299243848443,False,0.0,0.0,0.0,0.0,0.18339669919636176,0.18258491659850523,2.12,-2.77,0.0,0.0,0.0,-0.0,
1791372908.9256983,balance,0.0180112002610791,-0.012614235004231365,-0.01280270925741666,-0.21156647381044977,-0.030851644581984652,-3.7735063488891984e-05,0.1744190795566076,0.17396204347858907,0.0,0.11961957275230237,False,0.0,0.0,0.0,0.0,0.18359956601444283,0.18258491659850523,2.09,-2.7800000000000002,0.0,0.0,0.0,-0.0,
1791372908.9357343,balance,0.015507781949749444,-0.013261988940163153,-0.015306127568746317,-0.24679550496868044,-0.030851644581984652,-3.7735063488891984e-05,0.1744190795566076,0.16524031973722983,0.0,0.121296211198962,False,0.0,0.0,0.0,0.09285714285714286,0.18359956601444283,0.18258491659850523,2.16,-2.73,0.0,0.65,0.0,-0.5118110236220472,
1791372908.9456866,balance,0.013511236710203824,-0.013396295877723771,-0.017313054468423225,-0.20188889815666158,-0.030862026242115943,-3.7735063488891984e-05,0.17434226832120941,0.164479340873189,0.0,0.1229335857661383,False,0.0,0.0,-0.09285714285714286,0.0,0.18339669919636176,0.18258491659850523,2.22,-2.71,-0.65,0.0,-0.5118110236220472,-0.0,
1791372908.9556744,balance,0.011602980582064012,-0.013274598197062882,-0.019209729937403767,-0.23799811756187209,-0.03085044558295667,-3.7735063488891984e-05,0.17441911838911267,0.15381266945664804,0.0,0.1245247217842594,False,0.0,0.0,0.0,0.0,0.18339669919636176,0.18278790339163284,2.36,-2.63,0.0,0.0,0.0,-0.0,
1791372908.965706,balance,0.008979506044842225,-0.013428561275344348,-0.021833204474625553,-0.2073281942562735,-0.03085044558295667,-3.7735063488891984e-05,0.17441911838911267,0.13711700569122515,0.0,0.12592902432916972,False,0.0,0.0,0.0,0.0,0.18339669919636176,0.18278790339163284,2.2600000000000002,-2.62,0.0,0.0,0.0,-0.0,
1791372908.9756787,balance,0.007770855612125025,-0.013400893923583849,-0.023053435566502026,-0.06878302817930106,-0.030862026242115943,-3.7735063488891984e-05,0.17434226832120941,0.13004299848865317,0.0,0.12724485686125442,False,0.0,0.0,0.0,0.0,0.18339669919636176,0.18258491659850523,2.22,-2.69,0.0,0.0,0.0,-0.0,
1791372908.9856567,balance,0.00750553111315951,-0.01341811523096353,-0.023308378405336252,0.0036908058965561077,-0.030851644581984652,-3.7735063488891984e-05,0.1744190795566076,0.13116014708357943,0.0,0.1285575267755757,False,0.0,0.0,0.0,0.0,0.18359956601444283,0.18258491659850523,2.25,-2.8000000000000003,0.0,0.0,0.0,-0.0,
1791372908.9957178,balance,0.00667812853163075,-0.013221699404458602,-0.024146162646996303,-0.16588332295120384,-0.030862026242115943,-3.7735063488891984e-05,0.17434226832120941,0.11606411286987017,0.0,0.12977402564548673,False,0.0,0.0,0.0,0.0,0.18339669919636176,0.18258491659850523,2.2,-2.77,0.0,0.0,0.0,-0.0,
1791372909.0056772,balance,0.004817197560295265,-0.013817495271114,-0.026007093618331787,-0.1629978409592767,-0.030862026242115943,-3.7735063488891984e-05,0.17434226832120941,0.0986247878842975,0.0,0.1307964745112268,False,0.0,0.0,0.0,0.0,0.18339669919636176,0.18258491659850523,2.31,-2.69,0.0,0.0,0.0,-0.0,
1791372909.0156593,balance,0.003915115032441547,-0.01433750292093436,-0.026909176146185505,-0.06069730711359194,-0.030862026242115943,-3.7735063488891984e-05,0.17434226832120941,0.09335872410705874,0.0,0.13174050594422035,False,0.0,0.0,0.0,0.0,0.18339669919636176,0.18258491659850523,2.34,-2.75,0.0,0.0,0.0,-0.0,
1791372909.0256703,balance,0.0034921314136776324,-0.01442637378127858,-0.027332159764949418,-0.032983043680745824,-0.030862026242115943,-3.7735063488891984e-05,0.17434226832120941,0.08401225658362368,0.0,0.13261498601439262,False,0.0,0.0,0.0,0.0,0.18339669919636176,0.18258491659850523,2.3000000000000003,-2.75,0.0,0.0,0.0,-0.0,
1791372909.035666,balance,0.002915738524872284,-0.013828821577403996,-0.02790855265375477,-0.04380991389592041,-0.030862026242115943,-3.7735063488891984e-05,0.17434226832120941,0.0678395574013686,0.0,0.13333351800491705,False,0.0,0.0,0.09285714285714286,0.0,0.18339669919636176,0.18258491659850523,2.27,-2.75,0.65,0.0,0.5118110236220472,-0.0,
1791372909.0456753,balance,0.0027574148779611926,-0.013450053920422084,-0.028066876300665858,0.014271091602946364,-0.030862026242115943,-3.7735063488891984e-05,0.17434226832120941,0.05919377491215129,0.0,0.13393837409129442,False,0.0,0.0,0.09285714285714286,-0.09285714285714286,0.18339669919636176,0.18258491659850523,2.24,-2.77,0.65,-0.65,0.5118110236220472,0.5118110236220472,
1791372909.0556786,balance,0.0030682555079081233,-0.014003425533695766,-0.027745654010587636,0.025916046255534262,-0.030851644581984652,-3.7735063488891984e-05,0.1744190795566076,0.053017584740706156,0.0,0.1344919431067565,False,0.0,0.0,0.0,0.0,0.18359956601444283,0.18258491659850523,2.12,-2.77,0.0,0.0,0.0,-0.0,
1791372909.0656781,balance,0.0028189557339475756,-0.014320672245737569,-0.028005335444679477,-0.03692209152983302,-0.030862026242115943,-3.7735063488891984e-05,0.17434226832120941,0.04084104352202585,0.0,0.13492879893462667,False,0.0,0.0,0.0,0.0,0.18339669919636176,0.18258491659850523,2.32,-2.74,0.0,0.0,0.0,-0.0,
1791372909.075671,balance,0.002736679158508003,-0.01441258611133217,-0.028045474357018034,-0.005777986177696141,-0.030862026242115943,-7.987272658990498e-05,0.17434226832120941,0.04226290961370797,0.0,0.13534164530489756,False,0.0,0.0,0.0,0.0,0.18339669919636176,0.18258491659850523,2.33,-2.74,0.0,0.0,0.0,-0.0,
1791372909.0856547,balance,0.0023568276929592695,-0.014396050509715787,-0.02842532582256677,-0.08419670599316555,-0.030862026242115943,-7.987272658990498e-05,0.17434226832120941,0.03390739480257166,0.0,0.1357131839081623,False,0.0,0.0,0.0,0.0,0.18339669919636176,0.18258491659850523,2.32,-2.74,0.0,0.0,0.0,-0.0,
1791372909.0957704,balance,0.0011379852845071039,-0.014406058259512316,-0.029644168231018935,-0.11068196057807843,-0.030862026242115943,-7.987272658990498e-05,0.17434226832120941,0.02246508203784183,0.0,0.13595832291162202,False,0.0,0.0,0.0,0.0,0.18339669919636176,0.18258491659850523,2.29,-2.7600000000000002,0.0,0.0,0.0,-0.0,
1791372909.105713,balance,0.0004429743683312711,-0.014286648226724171,-0.030248479483201605,-0.03364710923141192,-0.030862026242115943,-0.00017057239058306548,0.17434226832120941,0.02207617197276651,0.0,0.1361777904073473,False,0.0,0.0,0.0,-0.09285714285714286,0.18339669919636176,0.18258491659850523,2.2800000000000002,-2.77,0.0,-0.65,0.0,0.5118110236220472,
1791372909.1156993,balance,0.00011737443693785174,-0.014407618428440136,-0.030574079414595026,-0.02170878230988434,-0.030862026242115943,-0.00017057239058306548,0.17434226832120941,0.011536530585182572,0.0,0.13633542415207742,False,0.0,0.0,0.0,0.0,0.18339669919636176,0.18258491659850523,2.2800000000000002,-2.75,0.0,0.0,0.0,-0.0,
1791372909.1257055,balance,0.00017710108699847953,-0.014392215424955914,-0.030514352764534396,0.05165302013795536,-0.030862026242115943,-0.00017057239058306548,0.17434226832120941,0.0025768867475322783,0.0,0.13637328749559252,False,0.0,0.0,0.0,0.0,0.18339669919636176,0.18258491659850523,2.27,-2.7600000000000002,0.0,0.0,0.0,-0.0,
1791372909.1357286,balance,0.0009512610528894719,-0.014480499217365356,-0.029740192798643404,0.07786266053792171,-0.030862026242115943,-0.00017057239058306548,0.17434226832120941,-0.0014501764998199464,0.0,0.13636972536010736,False,0.0,0.0,0.0,0.0,0.18339669919636176,0.18258491659850523,2.3000000000000003,-2.74,0.0,0.0,0.0,-0.0,
1791372909.1456711,balance,0.0012772031087491652,-0.014595873317802375,-0.029414250742783712,-0.006698490056960171,-0.030862026242115943,-0.00017057239058306548,0.17434226832120941,-0.015687749306418065,0.0,0.1362543360544708,False,0.0,0.0,0.0,0.0,0.18339669919636176,0.18258491659850523,2.31,-2.7600000000000002,0.0,0.0,0.0,-0.0,
1791372909.1556892,balance,0.001119030943465471,-0.014750457738034425,-0.029572422908067404,-0.012605051781988006,-0.030862026242115943,-0.00017057239058306548,0.17434226832120941,-0.023826226707065436,0.0,0.13602542819896965,False,0.0,0.0,0.0,0.0,0.18339669919636176,0.18258491659850523,2.29,-2.75,0.0,0.0,0.0,-0.0,
1791372909.1656573,balance,0.0011778612847740317,-0.014810624116512235,-0.029469322177908704,0.0037832446169790788,-0.030862026242115943,-0.00021484277943320374,0.17434226832120941,-0.027427093361908232,0.0,0.13575561425849705,False,0.0,0.0,-0.09285714285714286,-0.09285714285714286,0.18339669919636176,0.18258491659850523,2.29,-2.74,-0.65,-0.65,-0.5118110236220472,0.5118110236220472,
1791372909.175664,balance,0.001300755613102566,-0.01465909045272288,-0.029302340034363435,0.008625637443461218,-0.030862026242115943,-0.00025893059464994044,0.17434226832120941,-0.028761736611812118,0.0,0.13548144232375817,False,0.0,0.0,0.0,-0.09285714285714286,0.18339669919636176,0.18258491659850523,2.2800000000000002,-2.75,0.0,-0.65,0.0,0.5118110236220472,
1791372909.185657,balance,0.00122689230479255,-0.014583530739330655,-0.029376203342673452,-0.012004352086054994,-0.030862026242115943,-0.00025893059464994044,0.17434226832120941,-0.03293633162386548,0.0,0.13516290287927757,False,0.0,0.0,0.0,-0.09285714285714286,0.18339669919636176,0.18258491659850523,2.2800000000000002,-2.77,0.0,-0.65,0.0,0.5118110236220472,
1791372909.1956549,balance,0.0009885320758112335,-0.014570564657360553,-0.029570330303534318,-0.0374202074797949,-0.030862026242115943,-0.00030316386277039214,0.17434226832120941,-0.03687415694578469,0.0,0.134808248602481,False,0.0,0.0,0.0,0.0,0.18339669919636176,0.18258491659850523,2.27,-2.7600000000000002,0.0,0.0,0.0,-0.0,
1791372909.2056582,balance,0.0005573092492894643,-0.014753700880942551,-0.030001553130056088,-0.0440558721632157,-0.030862026242115943,-0.00030316386277039214,0.17434226832120941,-0.04405641108217143,0.0,0.1343819360861377,False,0.0,0.0,-0.09285714285714286,0.0,0.18339669919636176,0.18258491659850523,2.31,-2.73,-0.65,0.0,-0.5118110236220472,-0.0,
1791372909.2156544,balance,0.00030321203865036017,-0.014812255926239954,-0.03025565034069519,-0.01965553297220787,-0.030862026242115943,-0.00030316386277039214,0.17434226832120941,-0.04982934191734307,0.0,0.13390099850207626,False,0.0,0.0,-0.09285714285714286,-0.09285714285714286,0.18339669919636176,0.18258491659850523,2.29,-2.77,-0.65,-0.65,-0.5118110236220472,0.5118110236220472,
1791372909.2256603,balance,0.00029240208703371865,-0.014821121292957007,-0.030266460292311833,0.012953806920503168,-0.030862026242115943,-0.00030316386277039214,0.17434226832120941,-0.05346852776395966,0.0,0.1333785380057156,False,0.0,0.0,-0.09285714285714286,0.0,0.18339669919636176,0.18258491659850523,2.2800000000000002,-2.7600000000000002,-0.65,0.0,-0.5118110236220472,-0.0,
1791372909.2356567,balance,0.00037858195868841014,-0.014614884446527,-0.03018028042065714,-0.0017654369073981755,-0.030862026242115943,-0.00030316386277039214,0.17434226832120941,-0.054897054448200186,0.0,0.1328341058329496,False,0.0,0.0,0.0,0.0,0.18339669919636176,0.18258491659850523,2.27,-2.7600000000000002,0.0,0.0,0.0,-0.0,
1791372909.245659,balance,4.268628031189949e-05,-0.014322692693237424,-0.03050579443890236,-0.043021313505932,-0.030851644581984652,-0.00030316386277039214,0.1744190795566076,-0.061375659602034935,0.0,0.1322354663967122,False,0.0,0.0,0.0,-0.09285714285714286,0.18359956601444283,0.18258491659850523,2.25,-2.77,0.0,-0.65,0.0,0.5118110236220472,
1791372909.25566,balance,-0.0005155986669996654,-0.014386500573105214,-0.031064079386213923,-0.07087466184016265,-0.030851644581984652,-0.00030316386277039214,0.1744190795566076,-0.07669947652280718,0.0,0.13151194648635026,False,0.0,0.0,-0.09285714285714286,-0.09285714285714286,0.18359956601444283,0.18258491659850523,2.16,-2.77,-0.65,-0.65,-0.5118110236220472,0.5118110236220472,
1791372909.265656,balance,-0.00030489370978044366,-0.014213372478320814,-0.030853374428994704,0.10057344311779416,-0.030851644581984652,-0.00030316386277039214,0.1744190795566076,-0.07867814040461754,0.0,0.1307278612571703,False,0.0,0.0,-0.09285714285714286,-0.09285714285714286,0.18359956601444283,0.18258491659850523,2.15,-2.75,-0.65,-0.65,-0.5118110236220472,0.5118110236220472,
1791372909.2756615,balance,0.0009254912837641806,-0.01399878529082747,-0.02963337109558137,0.09330910228081515,-0.030862026242115943,-0.00030316386277039214,0.17434226832120941,-0.08292986333243994,0.0,0.12992263991786834,False,0.0,0.0,-0.09285714285714286,0.0,0.18339669919636176,0.18258491659850523,2.36,-2.7600000000000002,-0.65,0.0,-0.5118110236220472,-0.0,
1791372909.285658,balance,0.0015309004763481536,-0.014104314478953398,-0.029027961902997397,0.044957250050227104,-0.030862026242115943,-0.00030316386277039214,0.17434226832120941,-0.09489347249546705,0.0,0.12900844475841122,False,0.0,0.0,-0.09285714285714286,0.0,0.18339669919636176,0.18258491659850523,2.2800000000000002,-2.77,-0.65,0.0,-0.5118110236220472,-0.0,
1791372909.2956605,balance,0.0019688646228606813,-0.014006503824744327,-0.02858999775648487,0.0567624997395937,-0.030862026242115943,-0.00030316386277039214,0.17434226832120941,-0.10556680403932751,0.0,0.12797287009493377,False,0.0,0.0,-0.09285714285714286,-0.09285714285714286,0.18339669919636176,0.18258491659850523,2.27,-2.7600000000000002,-0.65,-0.65,-0.5118110236220472,0.5118110236220472,
1791372909.305746,balance,0.002916715558430452,-0.013550917274403551,-0.0276421468209151,0.12220458530484353,-0.030862026242115943,-0.00030316386277039214,0.17434226832120941,-0.1087232623737365,0.0,0.12690285972999188,False,0.0,0.0,0.0,-0.09945068029554469,0.18339669919636176,0.18258491659850523,2.2600000000000002,-2.7600000000000002,0.0,-0.6961547620688128,0.0,0.548153355959695,
1791372909.31568,balance,0.004009119106228731,-0.01304866116138817,-0.02654974327311682,0.12622754648078904,-0.030862026242115943,-0.00030316386277039214,0.17434226832120941,-0.11438959514585637,0.0,0.12577487210170044,False,0.0,0.0,0.0,0.0,0.18339669919636176,0.18258491659850523,2.27,-2.7600000000000002,0.0,0.0,0.0,-0.0,
1791372909.3256717,balance,0.005313848162160667,-0.01281364463975819,-0.025234632557053594,0.1273417355392075,-0.030851644581984652,-0.00030316386277039214,0.1744190795566076,-0.12808127376067904,0.0,0.12452465711078957,False,0.0,0.0,0.0,0.0,0.18359956601444283,0.18258491659850523,2.12,-2.77,0.0,0.0,0.0,-0.0,
1791372909.335731,balance,0.007108299960965952,-0.012702784066787452,-0.0234505624183796,0.2221952490902445,-0.030862026242115943,-0.00030316386277039214,0.17434226832120941,-0.13235192063306594,0.0,0.1232038718641429,False,0.0,0.0,0.0,0.0,0.18339669919636176,0.18258491659850523,2.17,-2.73,0.0,0.0,0.0,-0.0,
1791372909.345677,balance,0.009347963043797645,-0.012456778557540066,-0.021210899335547907,0.19735648135558984,-0.030862026242115943,-0.00030316386277039214,0.17434226832120941,-0.1378230916465459,0.0,0.12184099837889346,False,0.0,0.0,-0.09285714285714286,-0.09285714285714286,0.18339669919636176,0.18258491659850523,2.2800000000000002,-2.74,-0.65,-0.65,-0.5118110236220472,0.5118110236220472,
1791372909.3556757,balance,0.011129009678346517,-0.012335294422311495,-0.019429852700999034,0.14557590626376654,-0.030862026242115943,-0.00030316386277039214,0.17434226832120941,-0.14944457731811792,0.0,0.12038859482892213,False,0.0,0.0,0.0,0.0,0.18339669919636176,0.18258491659850523,2.34,-2.77,0.0,0.0,0.0,-0.0,
1791372909.3657136,balance,0.012633707164661473,-0.01198832990313773,-0.017925155214684078,0.18652048310948252,-0.030862026242115943,-0.00030316386277039214,0.17434226832120941,-0.15795481102623712,0.0,0.11881753125390494,False,0.0,0.0,0.0,0.0,0.18339669919636176,0.18258491659850523,2.29,-2.75,0.0,0.0,0.0,-0.0,
1791372909.3756552,balance,0.01504223404066862,-0.011484815415633665,-0.015516628338676931,0.2686567641570959,-0.030862026242115943,-0.00030316386277039214,0.17434226832120941,-0.16168063406879102,0.0,0.11720487620394826,False,0.0,0.0,0.0,-0.09285714285714286,0.18339669919636176,0.18258491659850523,2.29,-2.75,0.0,-0.65,0.0,0.5118110236220472,
1791372909.3856614,balance,0.018082486453733553,-0.01102859457256037,-0.012476375925611998,0.29826306603023556,-0.030862026242115943,-0.00030316386277039214,0.17434226832120941,-0.16178278350207073,0.0,0.11559558740471886,False,0.0,0.0,0.0,0.0,0.18339669919636176,0.18258491659850523,2.32,-2.7600000000000002,0.0,0.0,0.0,-0.0,
1791372909.3956575,balance,0.020508804621351757,-0.010799958397741267,-0.010050057757993794,0.20273292449412483,-0.030862026242115943,-0.00030316386277039214,0.17434226832120941,-0.16994424563113544,0.0,0.1139180946213976,False,0.0,0.0,0.0,0.0,0.18339669919636176,0.18258491659850523,2.32,-2.77,0.0,0.0,0.0,-0.0,
1791372909.405666,balance,0.022391364088708218,-0.010861255241229549,-0.008167498290637332,0.2041950160956643,-0.030862026242115943,-0.00030316386277039214,0.17434226832120941,-0.187162282979794,0.0,0.11208380579571516,False,0.0,0.0,0.0,0.0,0.18339669919636176,0.18258491659850523,2.31,-2.75,0.0,0.0,0.0,-0.0,
1791372909.4156725,balance,0.025453434512914937,-0.010594210736745541,-0.00510422833683874,0.39987475160245906,-0.03086082671252407,-0.00030316386277039214,0.17434230715154347,-0.17852686643632,0.0,0.1102577330295085,False,0.0,0.0,0.0,0.0,0.18319383237828069,0.18278790339163284,2.33,-2.75,0.0,0.0,0.0,-0.0,
1791372909.4256635,balance,0.02961092018287114,-0.010228785091573316,-0.0009583330084830149,0.3732567317212087,-0.030872417054124548,-0.00030316386277039214,0.17426545710461827,-0.16838380349347612,0.0,0.10855948703808595,False,0.0,0.0,0.0,0.0,0.18319383237828069,0.18258491659850523,2.49,-2.64,0.0,0.0,0.0,-0.0,
1791372909.4356594,balance,0.03231454046071708,-0.010175898807884283,0.0017452872693629227,0.20013271264084898,-0.030872417054124548,-0.00030316386277039214,0.17426545710461827,-0.1750795312647954,0.0,0.1068332802955689,False,0.0,0.0,0.0,0.0,0.18319383237828069,0.18258491659850523,2.43,-2.77,0.0,0.0,0.0,-0.0,
1791372909.4456708,balance,0.034138361963850346,-0.01014362336121815,0.00356910877249619,0.1923748762471353,-0.030872417054124548,-0.00030316386277039214,0.17426545710461827,-0.1840760459369183,0.0,0.10500663374495153,False,0.0,0.0,0.0,0.0,0.18319383237828069,0.18258491659850523,2.43,-2.8000000000000003,0.0,0.0,0.0,-0.0,
1791372909.4556584,balance,0.036872335557170025,-0.00995156741269623,0.006303082365815869,0.33960753213836775,-0.030872417054124548,-0.00030316386277039214,0.17426545710461827,-0.1729567837317146,0.0,0.10323771215174786,False,0.0,0.0,0.0,0.0,0.18319383237828069,0.18258491659850523,2.45,-2.77,0.0,0.0,0.0,-0.0,
1791372909.4656665,balance,0.04045885420197321,-0.009621855855720306,0.009889601010619056,0.34110947505765454,-0.030872417054124548,-0.00030316386277039214,0.17426545710461827,-0.16410383701161127,0.0,0.10158234817742154,False,0.0,0.0,0.0,0.0,0.18319383237828069,0.18258491659850523,2.44,-2.7800000000000002,0.0,0.0,0.0,-0.0,
1791372909.4756536,balance,0.04370770025520616,-0.010023515881358467,0.013138447063852001,0.29958266620690505,-0.030872417054124548,-0.00030316386277039214,0.17426545710461827,-0.16337413882575508,0.0,0.0999511390048295,False,0.0,0.0,0.0,0.0,0.18319383237828069,0.18258491659850523,2.46,-2.77,0.0,0.0,0.0,-0.0,
1791372909.4856577,balance,0.046548132209330864,-0.010157771899448895,0.01597887901797671,0.26935546591934234,-0.030872417054124548,-0.00030316386277039214,0.17426545710461827,-0.16033939487828022,0.0,0.09833900707215318,False,0.0,0.0,0.0,0.0,0.18319383237828069,0.18258491659850523,2.44,-2.74,0.0,0.0,0.0,-0.0,
1791372909.4956586,balance,0.049070380847838144,-0.009801328420185641,0.018501127656483988,0.24801501677066703,-0.030872417054124548,-0.00030316386277039214,0.17426545710461827,-0.15855082329251777,0.0,0.09674918234465889,False,0.0,0.0,0.09285714285714286,0.0,0.18319383237828069,0.18258491659850523,2.41,-2.75,0.65,0.0,0.5118110236220472,-0.0,
1791372909.5056596,balance,0.05170254733505931,-0.009789926563691074,0.021133294143705152,0.2786533464244234,-0.030872417054124548,-0.00030316386277039214,0.17426545710461827,-0.1490842315034329,0.0,0.09522066979069987,False,0.0,0.0,0.0,0.0,0.18319383237828069,0.18258491659850523,2.44,-2.7600000000000002,0.0,0.0,0.0,-0.0,
1791372909.5157087,balance,0.05458197835345222,-0.010093183176220452,0.024012725162098066,0.27441073470092403,-0.030872417054124548,-0.00030316386277039214,0.17426545710461827,-0.13740511677423237,0.0,0.09382562366360488,False,0.0,0.0,0.09285714285714286,0.0,0.18319383237828069,0.18258491659850523,2.43,-2.81,0.65,0.0,0.5118110236220472,-0.0,
1791372909.5256562,balance,0.05680446339242176,-0.010499002252166724,0.026235210201067605,0.19676227896664095,-0.030872417054124548,-0.00030316386277039214,0.17426545710461827,-0.13405262686688427,0.0,0.09247210707688565,False,0.0,0.0,0.0,0.0,0.18319383237828069,0.18258491659850523,2.44,-2.75,0.0,0.0,0.0,-0.0,
1791372909.5356529,balance,0.05894174618142451,-0.01051928077969341,0.028372492990070355,0.218718553737827,-0.030872417054124548,-0.00030316386277039214,0.17426545710461827,-0.12809151872295596,0.0,0.0911772987927296,False,0.0,0.0,0.0,0.09285714285714286,0.18319383237828069,0.18258491659850523,2.46,-2.75,0.0,0.65,0.0,-0.5118110236220472,
1791372909.545659,balance,0.06138762749153338,-0.010174924659270388,0.03081837430017922,0.2693322374780665,-0.030872417054124548,-0.00030316386277039214,0.17426545710461827,-0.11822716075671648,0.0,0.0899626590705676,False,0.0,0.0,0.0,0.0,0.18319383237828069,0.18258491659850523,2.43,-2.75,0.0,0.0,0.0,-0.0,
1791372909.5556555,balance,0.06397033026341835,-0.010205591996950633,0.033390677096073504,0.2114965729456357,-0.030882817030115233,-0.00030316386277039214,0.17418864590685898,-0.11244778071508903,0.0,0.08883242596042058,False,0.0,0.0,0.0,0.0,0.18299090309463303,0.18258491659850523,2.49,-2.7600000000000002,0.0,0.0,0.0,-0.0,
1791372909.5656574,balance,0.0657961817518488,-0.010550384646956559,0.035216528584503956,0.1859960578583789,-0.030882817030115233,-0.00030316386277039214,0.17418864590685898,-0.10559221577248439,0.0,0.08775134839701364,False,0.0,0.0,0.0,0.0,0.18299090309463303,0.18258491659850523,2.5300000000000002,-2.77,0.0,0.0,0.0,-0.0,
1791372909.5756605,balance,0.06762094552477448,-0.011127619043910223,0.03704129235742963,0.17141768885527214,-0.030882817030115233,-0.00030316386277039214,0.17418864590685898,-0.0858117487069037,0.0,0.08684268722668192,False,0.0,0.0,0.0,0.0,0.18299090309463303,0.18258491659850523,2.57,-2.77,0.0,0.0,0.0,-0.0,
1791372909.5856688,balance,0.06896688085262419,-0.011208759842314085,0.03837559252511122,0.08142803003920354,-0.030894452190283365,-0.00030316386277039214,0.17411179510010205,-0.07875989169668035,0.0,0.08604731832776641,False,0.0,0.0,0.0,0.0,0.18299090309463303,0.18238184900170476,2.58,-2.84,0.0,0.0,0.0,-0.0,
1791372909.5956793,balance,0.06968329475195878,-0.011632814879239608,0.039102416119540157,0.10682031282856327,-0.030884042495189015,-0.00030316386277039214,0.1741886062767826,-0.06807735363989684,0.0,0.08532856745332884,False,0.0,0.0,0.0,0.0,0.18319383237828069,0.18238184900170476,2.43,-2.89,0.0,0.0,0.0,-0.0,
1791372909.6056774,balance,0.0706832418624965,-0.011798110920332852,0.04009195353498353,0.08392473790538559,-0.030894452190283365,-0.00030316386277039214,0.17411179510010205,-0.0422495430281688,0.0,0.08484208437228992,False,0.0,0.0,0.0,0.09285714285714286,0.18299090309463303,0.18238184900170476,2.6,-2.9,0.0,0.65,0.0,-0.5118110236220472,
1791372909.6156683,balance,0.07073339471054012,-0.011967415845693614,0.04014210638302715,-0.08315966985888218,-0.030894452190283365,-0.00030316386277039214,0.17411179510010205,-0.03428950098075844,0.0,0.08448675232246805,False,0.0,0.0,0.09285714285714286,0.09285714285714286,0.18299090309463303,0.18238184900170476,2.57,-2.88,0.65,0.65,0.5118110236220472,-0.5118110236220472,
1791372909.6256568,balance,0.06994764157312404,-0.012212406422118835,0.03929666469066626,-0.061550259282489576,-0.030894452190283365,-0.00024347530782558712,0.17411179510010205,-0.029569758164305786,0.0,0.08416810902705354,False,0.0,0.0,0.0,0.09285714285714286,0.18299090309463303,0.18238184900170476,2.57,-2.89,0.0,0.65,0.0,-0.5118110236220472,
1791372909.6356716,balance,0.06977656302639912,-0.012179032821665643,0.03913599583903569,0.024794182538484387,-0.030884042495189015,-0.00024347530782558712,0.1741886062767826,-0.016963237096535817,0.0,0.08396233092605533,False,0.0,0.0,0.0,0.0,0.18319383237828069,0.18238184900170476,2.38,-2.89,0.0,0.0,0.0,-0.0,
1791372909.6456773,balance,0.07028027271951567,-0.012558396457155587,0.03963970553215224,0.06658994876729409,-0.030884042495189015,-0.00024347530782558712,0.1741886062767826,-0.010642219772987807,0.0,0.08384650877134787,False,0.0,0.0,0.09285714285714286,0.0,0.18319383237828069,0.18238184900170476,2.43,-2.89,0.65,0.0,0.5118110236220472,-0.0,
1791372909.6556692,balance,0.0712178278300825,-0.012889306532683302,0.04057726064271907,0.11984836917589234,-0.030884042495189015,-0.00024347530782558712,0.1741886062767826,-0.0014858439028922722,0.0,0.08380387149391183,False,0.0,0.0,0.09285714285714286,0.0,0.18319383237828069,0.18238184900170476,2.39,-2.88,0.65,0.0,0.5118110236220472,-0.0,
1791372909.6656775,balance,0.0723675572005864,-0.013375574690899254,0.04172699001322296,0.11138544318117069,-0.030884042495189015,-0.00024347530782558712,0.1741886062767826,0.010769101903386936,0.0,0.08388025011636531,False,0.0,0.0,0.0,0.0,0.18319383237828069,0.18238184900170476,2.38,-2.88,0.0,0.0,0.0,-0.0,
1791372909.6756659,balance,0.0727315737382373,-0.013639372200480258,0.042027870041047556,-0.03551063497745018,-0.030884042495189015,-0.00018033879799927633,0.1741886062767826,0.017300850979749587,0.0,0.08405052443375799,False,0.0,0.0,0.09285714285714286,0.0,0.18319383237828069,0.18238184900170476,2.41,-2.94,0.65,0.0,0.5118110236220472,-0.0,
1791372909.6856308,balance,0.07181368758286737,-0.014087817781209594,0.041109983885677624,-0.09346722615855349,-0.030884042495189015,-0.00018033879799927633,0.1741886062767826,0.024315012140779746,0.0,0.08426625361384431,False,0.0,0.0,0.09387664099450285,0.09285714285714286,0.18319383237828069,0.18238184900170476,2.42,-2.9,0.6571364869615199,0.65,0.5174303046941102,-0.5118110236220472,
1791372909.6956775,balance,0.0711288782923257,-0.014091541534974295,0.04041353889141428,-0.059165236210165104,-0.030895678198910693,-0.00018033879799927633,0.17411175547250946,0.03478725381750507,0.0,0.08457684679109419,False,0.0,0.0,0.0,0.09285714285714286,0.18319383237828069,0.18217878140490432,2.44,-3.0100000000000002,0.0,0.65,0.0,-0.5118110236220472,
1791372909.7056751,balance,0.07094854072210058,-0.013930505230533161,0.04023320132118916,-0.0064702310202571734,-0.030895678198910693,-0.00018033879799927633,0.17411175547250946,0.054499178375501625,0.0,0.08507462573776245,False,0.0,0.0,0.0,0.0,0.18319383237828069,0.18217878140490432,2.44,-3.0300000000000002,0.0,0.0,0.0,-0.0,
1791372909.715667,balance,0.07058575113368086,-0.013915654594305264,0.039870411732769444,-0.09019881863650359,-0.030895678198910693,-0.00018033879799927633,0.17411175547250946,0.058700565136223244,0.0,0.0856744337429384,False,0.0,0.0,0.0,0.09285714285714286,0.18319383237828069,0.18217878140490432,2.49,-3.04,0.0,0.65,0.0,-0.5118110236220472,
1791372909.725672,balance,0.06936081604744916,-0.013708045110981906,0.038645476646537745,-0.09400716607296931,-0.030895678198910693,-0.00018033879799927633,0.17411175547250946,0.061980024778381465,0.0,0.0862662654278819,False,0.0,0.0,0.0,0.0,0.18319383237828069,0.18217878140490432,2.38,-3.0,0.0,0.0,0.0,-0.0,
1791372909.7356732,balance,0.06866837193307317,-0.01349992507345335,0.03795303253216175,-0.09593307654977176,-0.030895678198910693,-0.00018033879799927633,0.17411175547250946,0.07316174985367692,0.0,0.08698634152654613,False,0.0,0.0,0.09285714285714286,0.09285714285714286,0.18319383237828069,0.18217878140490432,2.47,-3.02,0.65,0.65,0.5118110236220472,-0.5118110236220472,
1791372909.7456756,balance,0.06745107978016956,-0.013560663085335439,0.03673574037925815,-0.08836188564728938,-0.030895678198910693,-0.00018033879799927633,0.17411175547250946,0.08477228588240289,0.0,0.08777978567048302,False,0.0,0.0,0.0,0.0,0.18319383237828069,0.18217878140490432,2.35,-3.0300000000000002,0.0,0.0,0.0,-0.0,
1791372909.7556744,balance,0.06678675353828892,-0.01390161575429706,0.0360714141373775,-0.09353824470152196,-0.030895678198910693,-0.00018033879799927633,0.17411175547250946,0.10098450873706004,0.0,0.08877035986211967,False,0.0,0.0,0.10019947274719665,0.0,0.18319383237828069,0.18217878140490432,2.29,-3.1,0.7013963092303765,0.0,0.5522805584491154,-0.0,
1791372909.7656684,balance,0.06496531817411273,-0.014012450068090454,0.03426038901129161,-0.21550288733516892,-0.030885267960820396,-0.00018033879799927633,0.17418856664696789,0.11185908426468363,0.0,0.08985737586046615,False,0.0,0.0,0.09285714285714286,0.0,0.18339669919636176,0.18217878140490432,2.4,-3.0500000000000003,0.65,0.0,0.5118110236220472,-0.0,
1791372909.775666,balance,0.062423940849260354,-0.013732625154737265,0.03171901168643923,-0.25215123527270006,-0.030885267960820396,-0.00018033879799927633,0.17418856664696789,0.13201765809437738,0.0,0.09111633736395541,False,0.0,0.0,0.09285714285714286,0.0,0.18339669919636176,0.18217878140490432,2.2800000000000002,-2.98,0.65,0.0,0.5118110236220472,-0.0,
1791372909.7856948,balance,0.0600306788651027,-0.012938793442545306,0.029315339464191285,-0.3093124137828602,-0.030895678198910693,-0.00018033879799927633,0.17411175547250946,0.14206360331391937,0.0,0.09253112646352128,False,0.0,0.0,0.0,0.09285714285714286,0.18319383237828069,0.18217878140490432,2.54,-3.0100000000000002,0.0,0.65,0.0,-0.5118110236220472,
1791372909.7956553,balance,0.05667587356612385,-0.012508977379311366,0.025972169868934112,-0.2714918164922809,-0.030884042495189015,-0.00018033879799927633,0.1741886062767826,0.1471795495805951,0.0,0.09396859228272558,False,0.0,0.0,0.0,0.09285714285714286,0.18319383237828069,0.18238184900170476,2.39,-2.9,0.0,0.65,0.0,-0.5118110236220472,
1791372909.8056726,balance,0.05394463858712161,-0.011996937702065256,0.023240934889931873,-0.34155199254889607,-0.030884042495189015,-0.00018033879799927633,0.1741886062767826,0.16814069037401033,0.0,0.09559055903755602,False,0.0,0.0,0.0,0.11172914405082711,0.18319383237828069,0.18238184900170476,2.5300000000000002,-2.9,0.0,0.7821040083557897,0.0,-0.6158299278392045,
1791372909.8157115,balance,0.0501306672290185,-0.011487117828823445,0.019426963531828764,-0.372802346610848,-0.030884042495189015,-0.00018033879799927633,0.1741886062767826,0.18001261009181976,0.0,0.09736075374922663,False,0.0,0.0,0.0,0.09285714285714286,0.18319383237828069,0.18238184900170476,2.41,-2.88,0.0,0.65,0.0,-0.5118110236220472,
1791372909.82565,balance,0.04674544024419249,-0.011209474429299426,0.016041736547002753,-0.3132546324810134,-0.030884042495189015,-0.00018033879799927633,0.1741886062767826,0.1901962598389257,0.0,0.0992415764180503,False,0.0,0.0,0.09285714285714286,0.0,0.18319383237828069,0.18238184900170476,2.41,-2.95,0.65,0.0,0.5118110236220472,-0.0,
1791372909.8356876,balance,0.04268171911600838,-0.011041507966467764,0.011978015418818645,-0.46260091001138326,-0.030884042495189015,-0.00018033879799927633,0.1741886062767826,0.18664900457381964,0.0,0.10112535477724006,False,0.0,0.0,0.09831323149352532,0.0,0.18319383237828069,0.18238184900170476,2.42,-2.94,0.6881926204546772,0.0,0.541883953113919,-0.0,
1791372909.8456743,balance,0.03763895428807581,-0.011304069740024758,0.006923614887164392,-0.5185907006184474,-0.030895678198910693,-0.00018033879799927633,0.17411175547250946,0.16357322158108525,0.0,0.10282478542569315,False,0.0,0.0,0.09285714285714286,0.0,0.18319383237828069,0.18217878140490432,2.39,-2.88,0.65,0.0,0.5118110236220472,-0.0,
1791372909.855698,balance,0.034580789030641025,-0.011144597358624511,0.0038887107745157537,-0.11552393092348909,-0.030872417054124548,-0.00018033879799927633,0.17426545710461827,0.16382611423320662,0.0,0.10443798142432764,False,0.0,0.0,0.0,0.09285714285714286,0.18319383237828069,0.18258491659850523,2.4,-2.71,0.0,0.65,0.0,-0.5118110236220472,
1791372909.8657346,balance,0.03421252187795457,-0.009963011852376105,0.003532033963429781,-0.050600406383242445,-0.03086082671252407,-0.00018033879799927633,0.17434230715154347,0.17463936510140887,0.0,0.10615961757932449,False,0.0,0.0,0.0,0.0,0.18319383237828069,0.18278790339163284,2.47,-2.68,0.0,0.0,0.0,-0.0,
1791372909.87569,balance,0.03302895264766434,-0.010413416222000043,0.002348464733139547,-0.2450628679732791,-0.03086082671252407,-0.00018033879799927633,0.17434230715154347,0.17200907575211702,0.0,0.10790815267602472,False,0.0,0.0,0.09285714285714286,0.09285714285714286,0.18319383237828069,0.18278790339163284,2.5300000000000002,-2.65,0.65,0.65,0.5118110236220472,-0.5118110236220472,
1791372909.8856754,balance,0.030452230829034754,-0.010186682045291455,-0.0002282570854900378,-0.18289337315022117,-0.03086082671252407,-0.00018033879799927633,0.17434230715154347,0.1761227727315401,0.0,0.1096368354180001,False,0.0,0.0,0.0,0.0,0.18319383237828069,0.18278790339163284,2.38,-2.61,0.0,0.0,0.0,-0.0,
1791372909.8956392,balance,0.02831046890144502,-0.009788192192365729,-0.0023816093546802503,-0.32137045599363023,-0.030872417054124548,-0.00018033879799927633,0.17426545710461827,0.1682299007091261,0.0,0.11136792486827088,False,0.0,0.0,0.09285714285714286,0.0,0.18319383237828069,0.18258491659850523,2.45,-2.8000000000000003,0.65,0.0,0.5118110236220472,-0.0,
1791372909.9056692,balance,0.024774983011373243,-0.009633196977395427,-0.005917095244752028,-0.30858349044160277,-0.030872417054124548,-0.00018033879799927633,0.17426545710461827,0.1558191081057003,0.0,0.11294718674826325,False,0.0,0.0,0.09285714285714286,0.0,0.18319383237828069,0.18258491659850523,2.39,-2.85,0.65,0.0,0.5118110236220472,-0.0,
1791372909.915674,balance,0.021597052332605966,-0.010049976468479702,-0.009106651364583773,-0.31351967932397296,-0.030884042495189015,-0.00018033879799927633,0.1741886062767826,0.1458700849288466,0.0,0.11442863019986264,False,0.0,0.0,0.0,0.0,0.18319383237828069,0.18238184900170476,2.44,-2.88,0.0,0.0,0.0,-0.0,
1791372909.9256363,balance,0.019352981610329095,-0.010421593040916765,-0.011350722086860644,-0.18106960670241434,-0.030884042495189015,-0.00018033879799927633,0.1741886062767826,0.13264739492376645,0.0,0.11579150173647143,False,0.0,0.0,0.0,0.0,0.18319383237828069,0.18238184900170476,2.49,-2.79,0.0,0.0,0.0,-0.0,
1791372909.935675,balance,0.018426695925678957,-0.010078342921807662,-0.012275782306437,-0.014431956313520724,-0.030882817030115233,-0.00018033879799927633,0.17418864590685898,0.13174238219721163,0.0,0.11711268397645681,False,0.0,0.0,0.0,0.10239428765424749,0.18299090309463303,0.18258491659850523,2.59,-2.74,0.0,0.7167600135797324,0.0,-0.5643779634486081,
1791372909.9456742,balance,0.01785095886965042,-0.010334620518823449,-0.012839919325849606,-0.12418909966691685,-0.030871216993499304,-0.00018033879799927633,0.17426549593277932,0.1127881370919692,0.0,0.11829365140241757,False,0.0,0.0,0.0,0.0,0.18299090309463303,0.18278790339163284,2.59,-2.66,0.0,0.0,0.0,-0.0,
1791372909.9556673,balance,0.017181549721855698,-0.010105693296183826,-0.01350932847364433,-0.019188233123279722,-0.030871216993499304,-0.00018033879799927633,0.17426549593277932,0.09819094081145699,0.0,0.1193136739613105,False,0.0,0.0,0.0,0.0,0.18299090309463303,0.18278790339163284,2.5500000000000003,-2.62,0.0,0.0,0.0,-0.0,
1791372909.9656744,balance,0.017110063317109552,-0.010046009976593292,-0.01357042459741524,0.06015540365376476,-0.03086082671252407,-0.00018033879799927633,0.17434230715154347,0.09442901322638965,0.0,0.12025906852511807,False,0.0,0.0,0.0,0.0,0.18319383237828069,0.18278790339163284,2.31,-2.69,0.0,0.0,0.0,-0.0,
1791372909.975678,balance,0.01740028594625425,-0.0101375271884555,-0.013291792309871021,-0.030239606147195282,-0.030872417054124548,-0.00018033879799927633,0.17426545710461827,0.09083208647192235,0.0,0.12118999864119394,False,0.0,0.0,0.09285714285714286,0.0,0.18319383237828069,0.18258491659850523,2.42,-2.69,0.65,0.0,0.5118110236220472,-0.0,
1791372909.9857335,balance,0.016646598906540994,-0.010645504300375492,-0.014045479349584278,-0.07012354123260645,-0.030872417054124548,-0.00018033879799927633,0.17426545710461827,0.08460165650772118,0.0,0.12204302949261524,False,0.0,0.0,0.0,0.0,0.18319383237828069,0.18258491659850523,2.44,-2.73,0.0,0.0,0.0,-0.0,
1791372909.9956806,balance,0.016029500621597213,-0.011390838601318839,-0.014662577634528058,-0.07228932698385483,-0.030872417054124548,-0.00018033879799927633,0.17426545710461827,0.07931411938250055,0.0,0.12285292615036668,False,0.0,0.0,0.0,0.09285714285714286,0.18319383237828069,0.18258491659850523,2.49,-2.72,0.0,0.65,0.0,-0.5118110236220472,
1791372910.0056741,balance,0.015741060500750623,-0.011750687673606493,-0.01493942741377417,-0.008618862743384005,-0.03086082671252407,-0.00018033879799927633,0.17434230715154347,0.07885266546899422,0.0,0.12363162697956491,False,0.0,0.0,0.0,0.09285714285714286,0.18319383237828069,0.18278790339163284,2.49,-2.72,0.0,0.65,0.0,-0.5118110236220472,
1791372910.0156777,balance,0.015586737352816817,-0.011495953805271198,-0.01510414084268321,-0.03737369293650672,-0.030871216993499304,-0.00018033879799927633,0.17426549593277932,0.07591771838271712,0.0,0.12440254090207778,False,0.0,0.0,0.0,0.0,0.18299090309463303,0.18278790339163284,2.63,-2.66,0.0,0.0,0.0,-0.0,
1791372910.025665,balance,0.014887849672767947,-0.01137076502656574,-0.01581462855934801,-0.07730632413257293,-0.030882817030115233,-0.00018033879799927633,0.17418864590685898,0.06427267796896853,0.0,0.12508080780086886,False,0.0,0.0,0.09285714285714286,0.0,0.18299090309463303,0.18258491659850523,2.52,-2.75,0.65,0.0,0.5118110236220472,-0.0,
1791372910.0356958,balance,0.014516088685430797,-0.011698490414320674,-0.016175989570694476,0.02905215335873257,-0.030872417054124548,-0.00018033879799927633,0.17426545710461827,0.06375445501758181,0.0,0.12570183921013142,False,0.0,0.0,0.09285714285714286,0.0,0.18319383237828069,0.18258491659850523,2.36,-2.7800000000000002,0.65,0.0,0.5118110236220472,-0.0,
1791372910.0456645,balance,0.014882887328165763,-0.012308769243409618,-0.01580919092795951,0.014950190298829047,-0.030872417054124548,-0.00018033879799927633,0.17426545710461827,0.06499896659633808,0.0,0.12635679174876877,False,0.0,0.0,0.09285714285714286,0.0,0.18319383237828069,0.18258491659850523,2.41,-2.81,0.65,0.0,0.5118110236220472,-0.0,
1791372910.0556674,balance,0.014484468622877975,-0.012712272999059401,-0.016207609633247296,-0.07836811002538452,-0.030872417054124548,-0.00018033879799927633,0.17426545710461827,0.05502589070955038,0.0,0.12693212916052385,False,0.0,0.0,0.0,0.0,0.18319383237828069,0.18258491659850523,2.46,-2.7600000000000002,0.0,0.0,0.0,-0.0,
1791372910.0657167,balance,0.01395400103032295,-0.013141458284833932,-0.016738077225802322,-0.03319245780511984,-0.030872417054124548,-0.00018033879799927633,0.17426545710461827,0.04968402533260911,0.0,0.12744039810608276,False,0.0,0.0,0.0,0.0,0.18319383237828069,0.18258491659850523,2.44,-2.75,0.0,0.0,0.0,-0.0,
1791372910.075678,balance,0.01389862844459436,-0.013704862695058221,-0.01679344981153091,0.012527656072678695,-0.030872417054124548,-0.00018033879799927633,0.17426545710461827,0.04537841471760076,0.0,0.12790576996387334,False,0.0,0.0,0.0,0.0,0.18319383237828069,0.18258491659850523,2.42,-2.7600000000000002,0.0,0.0,0.0,-0.0,
1791372910.0857348,balance,0.014079184516389214,-0.01386922047914236,-0.01656293997037605,0.026719179183256316,-0.030872417054124548,-0.00023029256735928406,0.17426545710461827,0.04385941364735634,0.0,0.1283503487430746,False,0.0,0.0,0.0,0.0,0.18319383237828069,0.18258491659850523,2.42,-2.75,0.0,0.0,0.0,-0.0,
1791372910.0956752,balance,0.01411782422534147,-0.013848331585256599,-0.01652430026142379,-0.014558430778758987,-0.030872417054124548,-0.00023029256735928406,0.17426545710461827,0.03487366006484982,0.0,0.12872407129857,False,0.0,0.0,0.0,0.0,0.18319383237828069,0.18258491659850523,2.4,-2.75,0.0,0.0,0.0,-0.0,
1791372910.1056695,balance,0.014332395117150377,-0.014138119322948731,-0.01625017968753457,0.05542875118458943,-0.030862026242115943,-0.00027945143743099383,0.17434226832120941,0.033469691616362825,0.0,0.12906219187696355,False,0.0,0.0,0.09285714285714286,0.0,0.18339669919636176,0.18258491659850523,2.37,-2.7600000000000002,0.65,0.0,0.5118110236220472,-0.0,
1791372910.1156738,balance,0.014835173627416024,-0.01459763814881904,-0.015747401177268923,0.03913267199443073,-0.030862026242115943,-0.00027945143743099383,0.17434226832120941,0.026776406973428892,0.0,0.12934833525468406,False,0.0,0.0,0.0,0.0,0.18339669919636176,0.18258491659850523,2.29,-2.77,0.0,0.0,0.0,-0.0,
1791372910.1256616,balance,0.015459670198154852,-0.014906196212545098,-0.015122904606530096,0.07708924770546928,-0.030862026242115943,-0.00027945143743099383,0.17434226832120941,0.015771004210426383,0.0,0.1295377526265202,False,0.0,0.0,0.0,0.0,0.18339669919636176,0.18258491659850523,2.2800000000000002,-2.77,0.0,0.0,0.0,-0.0,
1791372910.13567,balance,0.01669007034000834,-0.014980558509149578,-0.01389250446467661,0.16162090903180162,-0.030862026242115943,-0.00027945143743099383,0.17434226832120941,0.008211911736000319,0.0,0.12963492362985277,False,0.0,0.0,0.0,0.09285714285714286,0.18339669919636176,0.18258491659850523,2.3000000000000003,-2.7600000000000002,0.0,0.65,0.0,-0.5118110236220472,
1791372910.145676,balance,0.018748377873067084,-0.014927642886593182,-0.011797372453806734,0.22422170924504428,-0.030862026242115943,-0.00031627591524212393,0.17434226832120941,0.0072140368277886155,0.0,0.12970620178083067,False,0.0,0.0,0.0,0.0,0.18339669919636176,0.18258491659850523,2.27,-2.77,0.0,0.0,0.0,-0.0,
1791372910.1556687,balance,0.020695807628621176,-0.015273801688147397,-0.009849942698252642,0.14904736700719257,-0.030862026242115943,-0.00031627591524212393,0.17434226832120941,0.00265200764880888,0.0,0.1297463844856303,False,0.0,0.0,0.0,0.0,0.18339669919636176,0.18258491659850523,2.2800000000000002,-2.75,0.0,0.0,0.0,-0.0,
1791372910.1656826,balance,0.02179698312777153,-0.01517225447899487,-0.00872199794618486,0.08055100879956298,-0.030862026242115943,-0.0003430451681595544,0.17434226832120941,0.0011243498906155678,0.0,0.12975799371175056,False,0.0,0.0,0.0,0.0,0.18339669919636176,0.18258491659850523,2.29,-2.75,0.0,0.0,0.0,-0.0,
1791372910.1756763,balance,0.022220433103931427,-0.015031363466162372,-0.00827353245782154,0.014722086703499582,-0.030862026242115943,-0.00036806068036297654,0.17434226832120941,0.0031340937284260757,0.0,0.1297854862528987,False,0.0,0.0,0.0,0.0,0.18339669919636176,0.18258491659850523,2.29,-2.77,0.0,0.0,0.0,-0.0,
1791372910.1856728,balance,0.022109511404620225,-0.014959420032974433,-0.00835945602267987,-0.024461545242381144,-0.030862026242115943,-0.0003930588148158486,0.17434226832120941,0.0009360187561667401,0.0,0.12980088765300046,False,0.0,0.0,0.0,0.0,0.18339669919636176,0.18258491659850523,2.29,-2.75,0.0,0.0,0.0,-0.0,
1791372910.1956706,balance,0.02217812268659489,-0.015081158162275472,-0.00826584904782373,0.028687340841651292,-0.030862026242115943,-0.00041805450769732223,0.17434226832120941,0.0016236021470451628,0.0,0.12981351507751573,False,0.0,0.0,0.0,0.0,0.18339669919636176,0.18258491659850523,2.29,-2.74,0.0,0.0,0.0,-0.0,
1791372910.2056704,balance,0.02267784704966446,-0.015010775726154559,-0.007742440811775486,0.08035950789022857,-0.030862026242115943,-0.00044173838067599567,0.17434226832120941,0.003170797033216173,0.0,0.12984214289821172,False,0.0,0.0,0.0,0.0,0.18339669919636176,0.18258491659850523,2.3000000000000003,-2.7600000000000002,0.0,0.0,0.0,-0.0,
1791372910.21568,balance,0.023592432628975608,-0.014729609787998888,-0.006806790985050431,0.09868400287687223,-0.030862026242115943,-0.00046280262808990355,0.17434226832120941,0.004326242972433253,0.0,0.1298835397817768,False,0.0,0.0,0.09285714285714286,0.09285714285714286,0.18339669919636176,0.18258491659850523,2.29,-2.75,0.65,0.65,0.5118110236220472,-0.5118110236220472,
1791372910.2256694,balance,0.024485062265681017,-0.01473388562257244,-0.00590482444445708,0.07036906523718264,-0.030862026242115943,-0.00047213953197784497,0.17434226832120941,0.007768486449104987,0.0,0.1299456949502609,False,0.0,0.0,0.0,0.0,0.18339669919636176,0.18258491659850523,2.27,-2.77,0.0,0.0,0.0,-0.0,
1791372910.2356675,balance,0.024704252359367407,-0.01473268985911883,-0.005677204779276656,-0.040902102298148245,-0.030862026242115943,-0.0004805691034718797,0.17434226832120941,0.0034338229360927276,0.0,0.13000180086237278,False,0.0,0.0,0.0,0.0,0.18339669919636176,0.18258491659850523,2.3000000000000003,-2.7600000000000002,0.0,0.0,0.0,-0.0,
1791372910.2457223,balance,0.024134543820032914,-0.014639310920375799,-0.0062469133186111485,-0.04305411643575719,-0.030862026242115943,-0.0004805691034718797,0.17434226832120941,-0.003448487633540281,0.0,0.1299785927547997,False,0.0,0.0,0.0,0.0,0.18339669919636176,0.18258491659850523,2.2800000000000002,-2.7600000000000002,0.0,0.0,0.0,-0.0,
1791372910.2556717,balance,0.024280495547271994,-0.014513508738512674,-0.006091590933170579,0.04905864867437943,-0.030862026242115943,-0.000489939761673369,0.17434226832120941,-3.262065221843328e-05,0.0,0.12996770742258842,False,0.0,0.0,0.0,0.0,0.18339669919636176,0.18258491659850523,2.32,-2.7600000000000002,0.0,0.0,0.0,-0.0,
1791372910.2657409,balance,0.024996939889096067,-0.014435129630117694,-0.005358553068560068,0.08405767779804384,-0.030862026242115943,-0.0005065332844598083,0.17434226832120941,0.0014263146172005744,0.0,0.1299805079212704,False,0.0,0.0,0.0,0.0,0.18339669919636176,0.18258491659850523,2.29,-2.74,0.0,0.0,0.0,-0.0,
1791372910.2756808,balance,0.02598513256533677,-0.014331398739123362,-0.0043566587407980525,0.09417903210816851,-0.030862026242115943,-0.0005202349359811184,0.17434226832120941,0.0038549979426176304,0.0,0.13001207303100737,False,0.0,0.0,0.0,0.09285714285714286,0.18339669919636176,0.18258491659850523,2.3000000000000003,-2.7600000000000002,0.0,0.65,0.0,-0.5118110236220472,
1791372910.2856646,balance,0.02649094033445568,-0.01434480245440003,-0.0038449462761131117,0.005038889402926198,-0.030862026242115943,-0.0005261396315471515,0.17434226832120941,0.0029747169191594383,0.0,0.1300514908026375,False,0.0,0.0,0.0,0.0,0.18339669919636176,0.18258491659850523,2.3000000000000003,-2.75,0.0,0.0,0.0,-0.0,
1791372910.2969408,balance,0.0260078170710131,-0.01427408474885129,-0.00432806953955569,-0.07535731502092814,-0.030862026242115943,-0.0005261396315471515,0.17434226832120941,-0.004388737305755708,0.0,0.1300218012685473,False,0.0,0.0,0.0,0.0,0.18339669919636176,0.18258491659850523,2.29,-2.7600000000000002,0.0,0.0,0.0,-0.0,
1791372910.3056676,balance,0.0257024013915919,-0.014256051889831475,-0.004626525982727265,0.008913733961922044,-0.030862026242115943,-0.0005330988677967768,0.17434226832120941,-0.001250839067486191,0.0,0.12999858544668105,False,0.0,0.0,0.0,0.0,0.18339669919636176,0.18258491659850523,2.29,-2.7600000000000002,0.0,0.0,0.0,-0.0,
1791372910.3156784,balance,0.02598887766907719,-0.014249408398031573,-0.0043335396306841125,0.03835117496978581,-0.030862026242115943,-0.0005396089423546398,0.17434226832120941,0.0018592692699662804,0.0,0.13001034022185298,False,0.0,0.0,0.0,0.0,0.18339669919636176,0.18258491659850523,2.3000000000000003,-2.75,0.0,0.0,0.0,-0.0,
1791372910.325662,balance,0.026355097750651552,-0.01411488726441666,-0.0039552376890436385,0.022326144283987725,-0.030862026242115943,-0.0005516908024207516,0.17434226832120941,0.002011055439275033,0.0,0.13003127799352454,False,0.0,0.0,0.0,0.0,0.18339669919636176,0.18258491659850523,2.3000000000000003,-2.7600000000000002,0.0,0.0,0.0,-0.0,
1791372910.3356714,balance,0.02640314365402978,-0.014128545567287078,-0.003901368234063881,-0.018163290378555363,-0.030862026242115943,-0.0005575143540222833,0.17434226832120941,0.0015313836495330496,0.0,0.13005418033682026,False,0.0,0.0,0.0,0.0,0.18339669919636176,0.18258491659850523,2.3000000000000003,-2.74,0.0,0.0,0.0,-0.0,
1791372910.345678,balance,0.026060397838229873,-0.014120352174492852,-0.00423774787878899,-0.04055440095798987,-0.030862026242115943,-0.000563880525097079,0.17434226832120941,-0.0018750070374625423,0.0,0.13003962480340198,False,0.0,0.0,0.0,0.0,0.18339669919636176,0.18258491659850523,2.3000000000000003,-2.7600000000000002,0.0,0.0,0.0,-0.0,
1791372910.3556705,balance,0.02590924807097748,-0.014074647546395236,-0.004375764307613912,-0.001089728611452891,-0.030862026242115943,-0.0005770138635245506,0.17434226832120941,3.964883255797779e-05,0.0,0.1300363699572077,False,0.0,0.0,0.0,0.0,0.18339669919636176,0.18258491659850523,2.3000000000000003,-2.7600000000000002,0.0,0.0,0.0,-0.0,
1791372910.3657563,balance,0.025947436566567058,-0.014007996397542558,-0.0043245576069201016,0.005446216277479808,-0.030862026242115943,-0.000590032068628783,0.17434226832120941,2.9685158726743244e-05,0.0,0.13003601800964676,False,0.0,0.0,0.0,0.09285714285714286,0.18339669919636176,0.18258491659850523,2.3000000000000003,-2.77,0.0,0.65,0.0,-0.5118110236220472,
1791372910.3756804,balance,0.0260668995423872,-0.013926845334155936,-0.004192391731741491,0.008516047990385743,-0.030862026242115943,-0.0006027349679872525,0.17434226832120941,0.0014710032679521596,0.0,0.13004654473588656,False,0.0,0.0,0.0,0.0,0.18339669919636176,0.18258491659850523,2.3000000000000003,-2.77,0.0,0.0,0.0,-0.0,
1791372910.3856573,balance,0.02597981972684746,-0.01392095497599459,-0.004273193251000657,-0.02608766324076448,-0.030862026242115943,-0.0006090132642678274,0.17434226832120941,-0.0016878134849883655,0.0,0.1300395851002383,False,0.0,0.0,0.0,0.0,0.18339669919636176,0.18258491659850523,2.3000000000000003,-2.7600000000000002,0.0,0.0,0.0,-0.0,
1791372910.3956642,balance,0.025758320309704964,-0.013982354815493588,-0.004481311002589261,-0.013923959346328965,-0.030862026242115943,-0.0006223949298217172,0.17434226832120941,-0.0010632108524523316,0.0,0.13002299166803102,False,0.0,0.0,0.0,0.0,0.18339669919636176,0.18258491659850523,2.3000000000000003,-2.75,0.0,0.0,0.0,-0.0,
1791372910.4056692,balance,0.025614832846242625,-0.013879756212885674,-0.0046110525278028735,-0.020322983322684153,-0.030862026242115943,-0.0006361408680704444,0.17434226832120941,-0.0007629021268845627,0.0,0.13001851280488685,False,0.0,0.0,0.0,0.0,0.18339669919636176,0.18258491659850523,2.2800000000000002,-2.74,0.0,0.0,0.0,-0.0,
1791372910.415678,balance,0.02547018423617197,-0.013947661624080407,-0.00474149522249813,-0.0038871720076441986,-0.030862026242115943,-0.0006503467834458413,0.17434226832120941,-0.0006098640670565048,0.0,0.13000937500656368,False,0.0,0.0,0.0,0.0,0.18339669919636176,0.18258491659850523,2.3000000000000003,-2.7800000000000002,0.0,0.0,0.0,-0.0,
1791372910.4256747,balance,0.02543563051019925,-0.014003613871781794,-0.004761767968774741,-0.006653985109457665,-0.030862026242115943,-0.0006646277631419496,0.17434226832120941,9.872047076872727e-06,0.0,0.13000696943285087,False,0.0,0.0,0.0,0.0,0.18339669919636176,0.18258491659850523,2.31,-2.77,0.0,0.0,0.0,-0.0,
1791372910.4356709,balance,0.025388671853049664,-0.014003209877204452,-0.004808726625924329,-0.0045663756443206855,-0.030862026242115943,-0.0006646277631419496,0.17434226832120941,0.0001340119058065244,0.0,0.13001591104893145,False,0.0,0.0,0.0,0.0,0.18339669919636176,0.18258491659850523,2.31,-2.7600000000000002,0.0,0.0,0.0,-0.0,
1791372910.4456751,balance,0.0251514701443506,-0.014052446926558982,-0.0050383594421214584,-0.0184430450270091,-0.030862026242115943,-0.0006721966556438847,0.17434226832120941,-0.002325704413808945,0.0,0.12999267708563614,False,0.0,0.0,0.0,0.0,0.18339669919636176,0.18258491659850523,2.31,-2.75,0.0,0.0,0.0,-0.0,
1791372910.455668,balance,0.02522120194147766,-0.014089431847618562,-0.004961174703526908,0.018805895915259073,-0.030862026242115943,-0.0006796495971113762,0.17434226832120941,0.00011332574064597271,0.0,0.12998965735552184,False,0.0,0.0,0.0,0.0,0.18339669919636176,0.18258491659850523,2.3000000000000003,-2.77,0.0,0.0,0.0,-0.0,
1791372910.4656572,balance,0.025316690283221244,-0.014195525082952964,-0.004851089393395689,-0.0004606199579138998,-0.030862026242115943,-0.0006942465654990091,0.17434226832120941,8.688079022108134e-05,0.0,0.1299897796898562,False,0.0,0.0,0.0,0.09285714285714286,0.18339669919636176,0.18258491659850523,2.3000000000000003,-2.77,0.0,0.65,0.0,-0.5118110236220472,
1791372910.475669,balance,0.025371286873613317,-0.014176283076362128,-0.004782092964381741,0.0016063365473446825,-0.030862026242115943,-0.000708646404120885,0.17434226832120941,0.0012071924495548935,0.0,0.12999807408466205,False,0.0,0.0,0.0,0.0,0.18339669919636176,0.18258491659850523,2.31,-2.77,0.0,0.0,0.0,-0.0,
1791372910.4856236,balance,0.025276293904138922,-0.014153980329972962,-0.004869899941275182,-0.024598358398192417,-0.030862026242115943,-0.0007158323967018387,0.17434226832120941,-0.0015052677596892237,0.0,0.1299926012406568,False,0.0,0.0,0.0,0.0,0.18339669919636176,0.18258491659850523,2.31,-2.7600000000000002,0.0,0.0,0.0,-0.0,
1791372910.4956713,balance,0.025225922681424588,-0.014303488970206769,-0.004912837462584588,0.012823913785377524,-0.030862026242115943,-0.0007232660981067668,0.17434226832120941,-2.314186406993086e-05,0.0,0.12998438932838224,False,0.0,0.0,0.0,0.0,0.18339669919636176,0.18258491659850523,2.31,-2.77,0.0,0.0,0.0,-0.0,
1791372910.5056803,balance,0.025373147007348724,-0.014258547740213567,-0.004751253791233145,0.010489622677737747,-0.030862026242115943,-0.0007376254435340731,0.17434226832120941,0.0003228877483700704,0.0,0.12999024110390967,False,0.0,0.0,0.0,0.0,0.18339669919636176,0.18258491659850523,2.3000000000000003,-2.77,0.0,0.0,0.0,-0.0,
1791372910.5156634,balance,0.02555999447798276,-0.014340533574002733,-0.004550565184847596,0.032118571299148635,-0.030862026242115943,-0.0007514665792855866,0.17434226832120941,0.0010264142817608174,0.0,0.1299968007263512,False,0.0,0.0,0.0,0.0,0.18339669919636176,0.18258491659850523,2.29,-2.77,0.0,0.0,0.0,-0.0,
1791372910.5256605,balance,0.025734754184851737,-0.01436856427856255,-0.004362615952986115,0.008628796995626678,-0.030862026242115943,-0.0007646561042780913,0.17434226832120941,0.001512853633647962,0.0,0.13000974127070464,False,0.0,0.0,0.0,0.0,0.18339669919636176,0.18258491659850523,2.32,-2.77,0.0,0.0,0.0,-0.0,
1791372910.5356755,balance,0.02583239712854719,-0.014387686897068435,-0.004258575549776725,0.00931678007163034,-0.030862026242115943,-0.0007710535637920273,0.17434226832120941,0.0017586952425827477,0.0,0.13003468512031985,False,0.0,0.0,0.0,0.0,0.18339669919636176,0.18258491659850523,2.3000000000000003,-2.77,0.0,0.0,0.0,-0.0,
1791372910.545668,balance,0.0256506214257668,-0.014462583938515433,-0.004433690725678281,-0.016387174164700626,-0.030862026242115943,-0.0007777140906708631,0.17434226832120941,-0.001113160750418555,0.0,0.13002361615306396,False,0.0,0.0,0.0,0.0,0.18339669919636176,0.18258491659850523,2.3000000000000003,-2.77,0.0,0.0,0.0,-0.0,
1791372910.555688,balance,0.025841726006850203,-0.0143939693286462,-0.004236222265377984,0.04263264375490521,-0.030862026242115943,-0.0007840779698877554,0.17434226832120941,0.002278996317458815,0.0,0.13004462131751435,False,0.0,0.0,0.0,0.0,0.18339669919636176,0.18258491659850523,2.3000000000000003,-2.77,0.0,0.0,0.0,-0.0,
1791372910.565674,balance,0.02617575302805275,-0.01443144025060699,-0.0038963419513091736,0.032741418368266474,-0.030862026242115943,-0.0007899312627540185,0.17434226832120941,0.00042848744278352563,0.0,0.1300488493195799,False,0.0,0.0,0.0,0.0,0.18339669919636176,0.18258491659850523,2.29,-2.75,0.0,0.0,0.0,-0.0,
1791372910.5756695,balance,0.02676291161640129,-0.014392264403328837,-0.0033042195879161916,0.05682978732306966,-0.030862026242115943,-0.0007948950377984595,0.17434226832120941,0.0026748988991661497,0.0,0.13007367638872372,False,0.0,0.0,0.0,0.0,0.18339669919636176,0.18258491659850523,2.31,-2.77,0.0,0.0,0.0,-0.0,
1791372910.5856614,balance,0.027157745803416632,-0.014299988979043334,-0.0029005134183186483,0.02085468935108039,-0.030862026242115943,-0.0008037670203806622,0.17434226832120941,0.0026123455369597287,0.0,0.1300970952500978,False,0.0,0.0,0.0,0.0,0.18339669919636176,0.18258491659850523,2.3000000000000003,-2.7800000000000002,0.0,0.0,0.0,-0.0,
1791372910.5956874,balance,0.027323768575705766,-0.014423090348988891,-0.00273038891006047,0.007998479787875247,-0.030862026242115943,-0.0008078687563497064,0.17434226832120941,0.004468417430916912,0.0,0.1301436779866617,False,0.0,0.0,0.0,0.0,0.18339669919636176,0.18258491659850523,2.31,-2.77,0.0,0.0,0.0,-0.0,
1791372910.6056736,balance,0.027072649613810323,-0.014310421191379801,-0.0029815078719559133,-0.0327124619562176,-0.030862026242115943,-0.0008078687563497064,0.17434226832120941,-0.0011736754685150433,0.0,0.1301489792058641,False,0.0,0.0,0.0,0.0,0.18339669919636176,0.18258491659850523,2.3000000000000003,-2.7600000000000002,0.0,0.0,0.0,-0.0,
1791372910.6156657,balance,0.027178499092173233,-0.014300669580624962,-0.0028711427408034933,0.047308442668083345,-0.030862026242115943,-0.0008123844091392164,0.17434226832120941,0.0008861685833657352,0.0,0.1301437014615789,False,0.0,0.0,0.0,0.0,0.18339669919636176,0.18258491659850523,2.31,-2.7600000000000002,0.0,0.0,0.0,-0.0,
1791372910.6256614,balance,0.027809709875543816,-0.01426623875453171,-0.0022365720594967604,0.05529517101682239,-0.030862026242115943,-0.0008157443070753658,0.17434226832120941,0.0020487487303571163,0.0,0.13016855711228,False,0.0,0.0,0.0,0.0,0.18339669919636176,0.18258491659850523,2.29,-2.7600000000000002,0.0,0.0,0.0,-0.0,
1791372910.6356769,balance,0.02851648188432458,-0.014192297273016224,-0.0015270718069126245,0.0736253150315911,-0.030862026242115943,-0.0008184725508787395,0.17434226832120941,0.0036650499585024828,0.0,0.1301971453470386,False,0.0,0.0,0.0,0.09285714285714286,0.18339669919636176,0.18258491659850523,2.31,-2.7800000000000002,0.0,0.65,0.0,-0.5118110236220472,
1791372910.64568,balance,0.02898132663169197,-0.01421689454394445,-0.001060633718955914,0.009272924858824538,-0.030862026242115943,-0.0008200658914680574,0.17434226832120941,0.005036960642792583,0.0,0.13025126446353966,False,0.0,0.0,0.0,0.0,0.18339669919636176,0.18258491659850523,2.3000000000000003,-2.77,0.0,0.0,0.0,-0.0,
1791372910.655678,balance,0.028582922647290534,-0.014232412558091021,-0.0014590377033573514,-0.06193107907497277,-0.030862026242115943,-0.0008200658914680574,0.17434226832120941,-0.002899697020032135,0.0,0.13023941155296923,False,0.0,0.0,0.0,0.0,0.18339669919636176,0.18258491659850523,2.3000000000000003,-2.7600000000000002,0.0,0.0,0.0,-0.0,
1791372910.6656728,balance,0.028443163927335938,-0.01420129716448119,-0.001596324155256954,0.022251931797033643,-0.030862026242115943,-0.0008225381595230507,0.17434226832120941,0.0005492658520022815,0.0,0.13023241368590965,False,0.0,0.0,0.0,0.0,0.18339669919636176,0.18258491659850523,2.31,-2.77,0.0,0.0,0.0,-0.0,
1791372910.6756678,balance,0.02884499781280852,-0.014316778636225753,-0.0011906270018650624,0.04498452287712553,-0.030862026242115943,-0.000826401427442361,0.17434226832120941,0.0016015719261780964,0.0,0.1302494390079894,False,0.0,0.0,0.09285714285714286,0.0,0.18339669919636176,0.18258491659850523,2.31,-2.7600000000000002,0.65,0.0,0.5118110236220472,-0.0,
1791372910.6856961,balance,0.02945459260223089,-0.014232893197167527,-0.0005797507111734797,0.07145473005198089,-0.030862026242115943,-0.0008276829287115746,0.17434226832120941,0.004677633007569522,0.0,0.13028450431621885,False,0.0,0.0,0.0,0.0,0.18339669919636176,0.18258491659850523,2.3000000000000003,-2.77,0.0,0.0,0.0,-0.0,
1791372910.6956747,balance,0.029887707311860908,-0.014326919982056296,-0.00014631661153769533,-0.001600349859080632,-0.030862026242115943,-0.0008280023187173392,0.17434226832120941,0.00040000940265599405,0.0,0.1303107084701326,False,0.0,0.0,0.0,0.0,0.18339669919636176,0.18258491659850523,2.3000000000000003,-2.7600000000000002,0.0,0.0,0.0,-0.0,
1791372910.7056823,balance,0.02977155311964381,-0.01442644105009824,-0.0002620770975491598,0.007042945531261031,-0.030862026242115943,-0.0008283960249229714,0.17434226832120941,-0.0012709829606088764,0.0,0.1302908778424825,False,0.0,0.0,0.0,0.0,0.18339669919636176,0.18258491659850523,2.29,-2.77,0.0,0.0,0.0,-0.0,
1791372910.7156985,balance,0.029992606568013946,-0.014346220653783796,-4.096211370525633e-05,0.012779878848499253,-0.030862026242115943,-0.0008284575603967399,0.17434226832120941,0.0014885361996267571,0.0,0.13030540986963704,False,0.0,0.0,0.09285714285714286,0.0,0.18339669919636176,0.18258491659850523,2.3000000000000003,-2.7600000000000002,0.65,0.0,0.5118110236220472,-0.0,
1791372910.7256806,balance,0.029953413917563846,-0.014477909778791974,-8.007445630787752e-05,0.006997205184366855,-0.030862026242115943,-0.0008285378682442191,0.17434226832120941,0.002747139133027509,0.0,0.13032158610984906,False,0.0,0.0,0.0,0.09285714285714286,0.18339669919636176,0.18258491659850523,2.31,-2.7600000000000002,0.0,0.65,0.0,-0.5118110236220472,
1791372910.7356734,balance,0.029976218398081726,-0.014374005061031026,-5.723744057513575e-05,-0.012620781926481108,-0.030862026242115943,-0.0008285704034590806,0.17434226832120941,0.001104176873423563,0.0,0.13034354354407068,False,0.0,0.0,0.0,0.0,0.18339669919636176,0.18258491659850523,2.31,-2.7800000000000002,0.0,0.0,0.0,-0.0,
1791372910.74567,balance,0.029810236578493087,-0.014505095140805191,-0.00022288443127352917,0.006696495174917482,-0.030862026242115943,-0.0008289052323493263,0.17434226832120941,-0.0021290319136773824,0.0,0.13032422316206263,False,0.0,0.0,0.0,0.0,0.18339669919636176,0.18258491659850523,2.3000000000000003,-2.77,0.0,0.0,0.0,-0.0,
1791372910.755683,balance,0.030165844437290156,-0.014518884037929676,0.00013272342752353985,0.05207237852023611,-0.030862026242115943,-0.0008289052323493263,0.17434226832120941,0.0019161250123515298,0.0,0.13033584513502536,False,0.0,0.0,0.0,0.0,0.18339669919636176,0.18258491659850523,2.3000000000000003,-2.77,0.0,0.0,0.0,-0.0,
1791372910.7656791,balance,0.03049575872609327,-0.014426814830977394,0.0004613983904580152,0.0182588234814978,-0.030862026242115943,-0.0008276659064806877,0.17434226832120941,0.0010397758559770626,0.0,0.13034580302455556,False,0.0,0.0,0.0,0.09285714285714286,0.18339669919636176,0.18258491659850523,2.3000000000000003,-2.7600000000000002,0.0,0.65,0.0,-0.5118110236220472,
1791372910.775677,balance,0.030661680525239633,-0.014406246296812749,0.0006263792093199718,-0.003208616027894314,-0.030862026242115943,-0.0008267249261962812,0.17434226832120941,0.00408611267005556,0.0,0.13038495652589688,False,0.0,0.0,0.0,0.0,0.18339669919636176,0.18258491659850523,2.29,-2.7600000000000002,0.0,0.0,0.0,-0.0,
1791372910.7856553,balance,0.030061560344141685,-0.01445582747662285,2.6259028222023507e-05,-0.08682868676864697,-0.030862026242115943,-0.0008267249261962812,0.17434226832120941,-0.005015996132709052,0.0,0.1303575324693716,False,0.0,0.0,0.0,0.0,0.18339669919636176,0.18258491659850523,2.3000000000000003,-2.7600000000000002,0.0,0.0,0.0,-0.0,
1791372910.7957091,balance,0.02971248134178985,-0.014487939908777045,-0.00032239146798332917,-0.0045386558457121496,-0.030862026242115943,-0.0008271534323427646,0.17434226832120941,-0.0008819594368042663,0.0,0.13033076089022858,False,0.0,0.0,0.0,0.0,0.18339669919636176,0.18258491659850523,2.31,-2.77,0.0,0.0,0.0,-0.0,
1791372910.8056912,balance,0.029800231110363385,-0.014408931792664411,-0.00023388598721164964,0.005671301514561462,-0.030862026242115943,-0.0008279091445409079,0.17434226832120941,-0.0009041075357347048,0.0,0.13032898180561425,False,0.0,0.0,0.0,0.0,0.18339669919636176,0.18258491659850523,2.3000000000000003,-2.77,0.0,0.0,0.0,-0.0,
1791372910.815667,balance,0.03005341088360799,-0.014379273447817406,1.9457034715231734e-05,0.039612626825804555,-0.030862026242115943,-0.0008280723932231829,0.17434226832120941,0.0005398174837677989,0.0,0.1303273598040087,False,0.0,0.0,0.09285714285714286,0.09285714285714286,0.18339669919636176,0.18258491659850523,2.3000000000000003,-2.77,0.65,0.65,0.5118110236220472,-0.5118110236220472,
1791372910.8256805,balance,0.030187160067136252,-0.014373564669773135,0.0001529362535060032,-0.015801202944885642,-0.030862026242115943,-0.0008278024284856933,0.17434226832120941,0.002532348636556759,0.0,0.13034490333129273,False,0.0,0.0,0.0,0.0,0.18339669919636176,0.18258491659850523,2.29,-2.75,0.0,0.0,0.0,-0.0,
1791372910.8356714,balance,0.02960051475659888,-0.014422229362185913,-0.0004337090570313706,-0.09709958999058,-0.030862026242115943,-0.0008278024284856933,0.17434226832120941,-0.0037465360305884666,0.0,0.1303290119788772,False,0.0,0.0,0.0,0.0,0.18339669919636176,0.18258491659850523,2.3000000000000003,-2.77,0.0,0.0,0.0,-0.0,
1791372910.8456776,balance,0.028733243523214536,-0.014347405231009884,-0.0012990288199800895,-0.06025384718692437,-0.030862026242115943,-0.0008297538989213169,0.17434226832120941,-0.00482138950280957,0.0,0.13027678511366655,False,0.0,0.0,0.0,0.0,0.18339669919636176,0.18258491659850523,2.3000000000000003,-2.7800000000000002,0.0,0.0,0.0,-0.0,
1791372910.855673,balance,0.02839352882957426,-0.014380188787927796,-0.0016362853983499341,-0.016227645366504298,-0.030862026242115943,-0.0008322120141917474,0.17434226832120941,-0.0017627125569178218,0.0,0.13025316963666891,False,0.0,0.0,0.0,0.0,0.18339669919636176,0.18258491659850523,2.29,-2.7800000000000002,0.0,0.0,0.0,-0.0,
1791372910.8656697,balance,0.028333218322586038,-0.014370637095339523,-0.0016915213160335794,0.0012164488268446003,-0.030862026242115943,-0.0008372866034963252,0.17434226832120941,-0.0017715101552573083,0.0,0.13023541012063936,False,0.0,0.0,0.0,0.0,0.18339669919636176,0.18258491659850523,2.31,-2.77,0.0,0.0,0.0,-0.0,
1791372910.8756683,balance,0.028329279993558196,-0.01433576952032292,-0.0016904083739054305,-0.009984845415013443,-0.030862026242115943,-0.0008423378746523156,0.17434226832120941,-0.001134720517522405,0.0,0.13022374182501442,False,0.0,0.0,0.0,0.0,0.18339669919636176,0.18258491659850523,2.3000000000000003,-2.7800000000000002,0.0,0.0,0.0,-0.0,
1791372910.8856812,balance,0.02788515436234137,-0.014393478258795679,-0.002128500690337041,-0.06419043979782812,-0.030862026242115943,-0.0008483711894375302,0.17434226832120941,-0.0025157607596261564,0.0,0.13020175073879442,False,0.0,0.0,0.0,0.0,0.18339669919636176,0.18258491659850523,2.3000000000000003,-2.77,0.0,0.0,0.0,-0.0,
1791372910.895677,balance,0.02706620733130198,-0.01439623314204352,-0.002939158944205748,-0.09620571976832092,-0.030862026242115943,-0.0008566599666082137,0.17434226832120941,-0.004084033382097994,0.0,0.1301653185993082,False,0.0,0.0,0.0,0.0,0.18339669919636176,0.18258491659850523,2.31,-2.7600000000000002,0.0,0.0,0.0,-0.0,
1791372910.9056754,balance,0.026164055479720755,-0.014450327739409782,-0.0038303034307172286,-0.07823384585350962,-0.030862026242115943,-0.0008676673316779593,0.17434226832120941,-0.004646372093890973,0.0,0.13011942034841076,False,0.0,0.0,0.0,0.0,0.18339669919636176,0.18258491659850523,2.3000000000000003,-2.77,0.0,0.0,0.0,-0.0,
1791372910.915668,balance,0.025551873774072482,-0.01445385665708531,-0.004429480473915241,-0.050846273492294904,-0.030862026242115943,-0.0008806719941282197,0.17434226832120941,-0.004277901884152443,0.0,0.13007531500956085,False,0.0,0.0,0.0,0.0,0.18339669919636176,0.18258491659850523,2.3000000000000003,-2.7600000000000002,0.0,0.0,0.0,-0.0,
1791372910.9256608,balance,0.026620641908609202,-0.013526784504698833,-0.0033486632076322027,-0.03235640401092178,-0.030862026242115943,-0.0008927211258745376,0.17434226832120941,-0.003550517689842208,0.0,0.1300384035862534,False,0.0,0.0,0.0,0.0,0.18339669919636176,0.18258491659850523,2.31,-2.79,0.0,0.0,0.0,-0.0,
1791372910.935682,balance,0.025925390634852892,-0.014423236263839255,-0.004032083357064351,-0.05218156496775108,-0.030862026242115943,-0.0009045522501987002,0.17434226832120941,-0.0035419517856730984,0.0,0.13000415479803368,False,0.0,0.0,0.0,0.0,0.18339669919636176,0.18258491659850523,2.3000000000000003,-2.77,0.0,0.0,0.0,-0.0,
1791372910.9456768,balance,0.02521323298259852,-0.014416971127988823,-0.004730527087956454,-0.08447591454360945,-0.030862026242115943,-0.0009182661715609702,0.17434226832120941,-0.0045419868407530995,0.0,0.1299612657672122,False,0.0,0.0,0.0,0.0,0.18339669919636176,0.18258491659850523,2.3000000000000003,-2.7800000000000002,0.0,0.0,0.0,-0.0,
1791372910.9556794,balance,0.02422886413659577,-0.01443186513194047,-0.0056983823087675325,-0.10099694901107632,-0.030862026242115943,-0.0009347797967526414,0.17434226832120941,-0.0056676958546600315,0.0,0.12990717642129943,False,0.0,0.0,0.0,0.0,0.18339669919636176,0.18258491659850523,2.3000000000000003,-2.75,0.0,0.0,0.0,-0.0,
1791372910.9656806,balance,0.02324862594960543,-0.014444906851593706,-0.006659181879222373,-0.09521723685097026,-0.030862026242115943,-0.0009542184132881387,0.17434226832120941,-0.005977231946970437,0.0,0.12984819062480224,False,0.0,0.0,0.0,0.0,0.18339669919636176,0.18258491659850523,2.3000000000000003,-2.77,0.0,0.0,0.0,-0.0,
1791372910.9756773,balance,0.022427314223733005,-0.014421618473400448,-0.00745853373427027,-0.07162220599216178,-0.030862026242115943,-0.000976178284112668,0.17434226832120941,-0.0056044115634408705,0.0,0.12979105605935196,False,0.0,0.0,0.0,0.0,0.18339669919636176,0.18258491659850523,2.31,-2.77,0.0,0.0,0.0,-0.0,
1791372910.9856682,balance,0.02176753428356498,-0.014438030203290594,-0.008094369313552344,-0.06340037559798932,-0.030862026242115943,-0.0010001226449986187,0.17434226832120941,-0.005081085233211349,0.0,0.12973905841675873,False,0.0,0.0,0.0,0.0,0.18339669919636176,0.18258491659850523,2.3000000000000003,-2.77,0.0,0.0,0.0,-0.0,
1791372910.9956636,balance,0.02100965262568242,-0.014408395276349961,-0.008826214185211068,-0.08283919768302594,-0.030862026242115943,-0.001026159431222456,0.17434226832120941,-0.005385742750572951,0.0,0.12968596319880588,False,0.0,0.0,0.0,-0.09285714285714286,0.18339669919636176,0.18258491659850523,2.3000000000000003,-2.77,0.0,-0.65,0.0,0.5118110236220472,
1791372911.005676,balance,0.020024519601041475,-0.014433229740993208,-0.009797268815091277,-0.10758218908743879,-0.030862026242115943,-0.001040237825983191,0.17434226832120941,-0.01114999841382642,0.0,0.12959967237923906,False,0.0,0.0,0.0,0.0,0.18339669919636176,0.18258491659850523,2.31,-2.7800000000000002,0.0,0.0,0.0,-0.0,
1791372911.0156813,balance,0.019064905698197524,-0.01439464395291859,-0.010740747393858325,-0.05721374679093298,-0.030862026242115943,-0.001056373150060094,0.17434226832120941,-0.013921412877596196,0.0,0.12945598142248302,False,0.0,0.0,0.0,0.0,0.18339669919636176,0.18258491659850523,2.2800000000000002,-2.77,0.0,0.0,0.0,-0.0,
1791372911.0256767,balance,0.018933814177004765,-0.01420406862651796,-0.010871838915051084,-0.008277335301000536,-0.030862026242115943,-0.001056373150060094,0.17434226832120941,-0.010676576621823634,0.0,0.1293407273291438,False,0.0,0.0,0.0,0.0,0.18339669919636176,0.18258491659850523,2.33,-2.77,0.0,0.0,0.0,-0.0,
1791372911.035683,balance,0.018678802798490518,-0.01424490478424775,-0.011110160018124983,-0.048879097526668296,-0.030862026242115943,-0.001073063425500442,0.17434226832120941,-0.007612066521818942,0.0,0.12925783920044223,False,0.0,0.0,0.0,0.0,0.18339669919636176,0.18258491659850523,2.31,-2.7800000000000002,0.0,0.0,0.0,-0.0,
1791372911.0456688,balance,0.017650967047672682,-0.014462877124088117,-0.012120609651411334,-0.15569035502319523,-0.030862026242115943,-0.0010904495430319274,0.17434226832120941,-0.009683534257570927,0.0,0.12917049321523488,False,0.0,0.0,0.0,0.0,0.18339669919636176,0.18258491659850523,2.31,-2.77,0.0,0.0,0.0,-0.0,
1791372911.055681,balance,0.01578423625275556,-0.014275197894667505,-0.013987340446328456,-0.18838302961721823,-0.030862026242115943,-0.0010904495430319274,0.17434226832120941,-0.016439967740915055,0.0,0.1290208656331477,False,0.0,0.0,0.0,0.0,0.18339669919636176,0.18258491659850523,2.3000000000000003,-2.77,0.0,0.0,0.0,-0.0,
1791372911.065659,balance,0.014396852561907387,-0.014056999331510205,-0.015351662050970863,-0.09899593972598353,-0.030862026242115943,-0.0011135116292376923,0.17434226832120941,-0.017527033319702432,0.0,0.1288395660450672,False,0.0,0.0,-0.09285714285714286,-0.09285714285714286,0.18339669919636176,0.18258491659850523,2.31,-2.77,-0.65,-0.65,-0.5118110236220472,0.5118110236220472,
1791372911.0756702,balance,0.014040699346533164,-0.01421781266155054,-0.01568425354344557,-0.006156621249026931,-0.030862026242115943,-0.00113707335213721,0.17434226832120941,-0.0146398850773033,0.0,0.1286973832167792,False,0.0,0.0,0.0,0.0,0.18339669919636176,0.18258491659850523,2.31,-2.77,0.0,0.0,0.0,-0.0,
1791372911.0857801,balance,0.014040430131341214,-0.01416898190631819,-0.01566097360053001,0.008143071603752869,-0.030862026242115943,-0.0011606225102447204,0.17434226832120941,-0.009936109034040626,0.0,0.12857766634443177,False,0.0,0.0,0.0,0.0,0.18339669919636176,0.18258491659850523,2.29,-2.77,0.0,0.0,0.0,-0.0,
1791372911.0956845,balance,0.013672867664718771,-0.014324290362891703,-0.01600449326305172,-0.10000108767575307,-0.030862026242115943,-0.001184665314345449,0.17434226832120941,-0.008541204791913056,0.0,0.1284966574978315,False,0.0,0.0,0.0,-0.09285714285714286,0.18339669919636176,0.18258491659850523,2.32,-2.77,0.0,-0.65,0.0,0.5118110236220472,
1791372911.1056721,balance,0.011735170403708048,-0.014229975621676777,-0.017942190524062446,-0.24098825372346155,-0.030862026242115943,-0.001184665314345449,0.17434226832120941,-0.016355096742339766,0.0,0.12835773017305452,False,0.0,0.0,0.0,0.0,0.18339669919636176,0.18258491659850523,2.3000000000000003,-2.77,0.0,0.0,0.0,-0.0,
1791372911.1156752,balance,0.009494082927161404,-0.014116190896620877,-0.020153003083608175,-0.17694902193892015,-0.030862026242115943,-0.0012149402313463627,0.17434226832120941,-0.021923384915995752,0.0,0.1281445703920443,False,0.0,0.0,-0.09285714285714286,0.0,0.18339669919636176,0.18258491659850523,2.3000000000000003,-2.7600000000000002,-0.65,0.0,-0.5118110236220472,-0.0,
1791372911.12567,balance,0.008417490382923732,-0.014177356787455044,-0.021198175863594054,-0.05036958541906988,-0.030862026242115943,-0.0012463599955981578,0.17434226832120941,-0.018884619935738943,0.0,0.12794428965771926,False,0.0,0.0,0.0,-0.09285714285714286,0.18339669919636176,0.18258491659850523,2.29,-2.77,0.0,-0.65,0.0,0.5118110236220472,
1791372911.1356761,balance,0.008349658415457914,-0.01402192480139143,-0.02126600783105987,0.0008773588227543979,-0.030862026242115943,-0.0012463599955981578,0.17434226832120941,-0.018227235467893965,0.0,0.12777029988975955,False,0.0,0.0,0.0,0.0,0.18339669919636176,0.18258491659850523,2.3000000000000003,-2.77,0.0,0.0,0.0,-0.0,
1791372911.1456745,balance,0.008174053869262923,-0.014231672314639274,-0.02144161237725486,-0.02793632343370259,-0.030862026242115943,-0.0012463599955981578,0.17434226832120941,-0.02830461442462194,0.0,0.12751303229484545,False,0.0,0.0,-0.09285714285714286,0.0,0.18339669919636176,0.18258491659850523,2.29,-2.74,-0.65,0.0,-0.5118110236220472,-0.0,
1791372911.1556673,balance,0.007971775875626821,-0.01420232857680371,-0.021643890370890963,-0.020116837403132134,-0.030862026242115943,-0.0012463599955981578,0.17434226832120941,-0.03334557434684352,0.0,0.12719165950515263,False,0.0,0.0,0.0,-0.09285714285714286,0.18339669919636176,0.18258491659850523,2.29,-2.77,0.0,-0.65,0.0,0.5118110236220472,
1791372911.165686,balance,0.007753875933792923,-0.013991007740393696,-0.021796398829657403,-0.023062594053387227,-0.030862026242115943,-0.0013117514786656174,0.17434226832120941,-0.03508232010931443,0.0,0.12684526297221788,False,0.0,0.0,0.0,0.0,0.18339669919636176,0.18258491659850523,2.29,-2.7600000000000002,0.0,0.0,0.0,-0.0,
1791372911.1756728,balance,0.007328955061590455,-0.014005306309484586,-0.02222131970185987,-0.04648773357695068,-0.030862026242115943,-0.0013117514786656174,0.17434226832120941,-0.04173007554031209,0.0,0.12644537183772606,False,0.0,0.0,0.0,0.0,0.18339669919636176,0.18258491659850523,2.3000000000000003,-2.77,0.0,0.0,0.0,-0.0,
1791372911.185681,balance,0.007019441118265161,-0.013981264565716713,-0.022530833645185166,-0.0011402976204542843,-0.030862026242115943,-0.0013117514786656174,0.17434226832120941,-0.049752109072536584,0.0,0.12596005821164194,False,0.0,0.0,0.0,0.0,0.18339669919636176,0.18258491659850523,2.29,-2.7800000000000002,0.0,0.0,0.0,-0.0,
1791372911.1956782,balance,0.0077628789406504655,-0.013877733077499042,-0.02178739582279986,0.12612703100997325,-0.030862026242115943,-0.0013117514786656174,0.17434226832120941,-0.04885720074732629,0.0,0.12546039241272822,False,0.0,0.0,0.0,0.0,0.18339669919636176,0.18258491659850523,2.3000000000000003,-2.79,0.0,0.0,0.0,-0.0,
1791372911.2056751,balance,0.009121984527323016,-0.013597682202229497,-0.02039764780077312,0.11199462956787556,-0.030862026242115943,-0.0013423939140198085,0.17434226832120941,-0.046215093034530516,0.0,0.12499656307297954,False,0.0,0.0,0.0,0.0,0.18339669919636176,0.18258491659850523,2.31,-2.77,0.0,0.0,0.0,-0.0,
1791372911.2156765,balance,0.009454711722868504,-0.013730825809861104,-0.020064920605227632,-0.029732416687349314,-0.030862026242115943,-0.0013423939140198085,0.17434226832120941,-0.05669881718241363,0.0,0.12446019587043147,False,0.0,0.0,-0.09285714285714286,0.0,0.18339669919636176,0.18258491659850523,2.32,-2.73,-0.65,0.0,-0.5118110236220472,-0.0,
1791372911.2256718,balance,0.009104004441752377,-0.013833486167121918,-0.020415627886343757,-0.02975764811451972,-0.030862026242115943,-0.0013423939140198085,0.17434226832120941,-0.06431612142462514,0.0,0.1238302187275234,False,0.0,0.0,-0.09285714285714286,0.0,0.18339669919636176,0.18258491659850523,2.29,-2.7600000000000002,-0.65,0.0,-0.5118110236220472,-0.0,
1791372911.2356753,balance,0.00951545193646137,-0.013437676193940418,-0.020004180391634763,0.09023786028325154,-0.030862026242115943,-0.0013423939140198085,0.17434226832120941,-0.05639202704975619,0.0,0.12324091825283348,False,0.0,0.0,0.0,0.0,0.18339669919636176,0.18258491659850523,2.3000000000000003,-2.77,0.0,0.0,0.0,-0.0,
1791372911.2456794,balance,0.010384016880190737,-0.013062654812434798,-0.019135615447905395,0.0689852528098073,-0.030862026242115943,-0.0013423939140198085,0.17434226832120941,-0.05631127394591294,0.0,0.12268286009175895,False,0.0,0.0,0.0,0.0,0.18339669919636176,0.18258491659850523,2.3000000000000003,-2.77,0.0,0.0,0.0,-0.0,
1791372911.2556808,balance,0.01104909535799866,-0.012747466656641664,-0.018470536970097474,0.08028952568700352,-0.030862026242115943,-0.0013423939140198085,0.17434226832120941,-0.05827858003351334,0.0,0.12210081677821162,False,0.0,0.0,0.0,-0.09285714285714286,0.18339669919636176,0.18258491659850523,2.3000000000000003,-2.77,0.0,-0.65,0.0,0.5118110236220472,
1791372911.2656798,balance,0.011895761687853315,-0.012571043560443803,-0.017623870640242817,0.0704923062632144,-0.030862026242115943,-0.0013423939140198085,0.17434226832120941,-0.054938217460764854,0.0,0.12154578317284881,False,0.0,0.0,0.0,0.0,0.18339669919636176,0.18258491659850523,2.33,-2.7600000000000002,0.0,0.0,0.0,-0.0,
1791372911.2756793,balance,0.012172597914635487,-0.012394389345710114,-0.017347034413460645,-0.004817971781736105,-0.030862026242115943,-0.0013423939140198085,0.17434226832120941,-0.05972648682075029,0.0,0.12096115476539869,False,0.0,0.0,-0.09285714285714286,0.0,0.18339669919636176,0.18258491659850523,2.32,-2.73,-0.65,0.0,-0.5118110236220472,-0.0,
1791372911.2856927,balance,0.012322656435502583,-0.01250397595094376,-0.01719697589259355,0.015409576326094727,-0.030862026242115943,-0.0013423939140198085,0.17434226832120941,-0.06487527498274709,0.0,0.1203273074334217,False,0.0,0.0,0.0,0.0,0.18339669919636176,0.18258491659850523,2.33,-2.77,0.0,0.0,0.0,-0.0,
1791372911.2956712,balance,0.013018924782648988,-0.012297563155834104,-0.016500707545447146,0.13159187327013,-0.030862026242115943,-0.0013423939140198085,0.17434226832120941,-0.057093301636191085,0.0,0.11972465528490545,False,0.0,0.0,0.0,-0.09285714285714286,0.18339669919636176,0.18258491659850523,2.3000000000000003,-2.7600000000000002,0.0,-0.65,0.0,0.5118110236220472,
1791372911.3056746,balance,0.014075074175192898,-0.011576408536818109,-0.015444558152903236,0.06457350057404283,-0.030862026242115943,-0.0013423939140198085,0.17434226832120941,-0.05669024712938044,0.0,0.11917330746719512,False,0.0,0.0,0.0,-0.09285714285714286,0.18339669919636176,0.18258491659850523,2.3000000000000003,-2.7800000000000002,0.0,-0.65,0.0,0.5118110236220472,
1791372911.3156743,balance,0.01448861562419891,-0.011135743112184397,-0.015042632438464619,0.030595842009840793,-0.030873641976683335,-0.0013423939140198085,0.17426541747232188,-0.06628937311089214,0.0,0.1185366871483423,False,0.0,0.0,0.0,-0.09285714285714286,0.18339669919636176,0.18238184900170476,2.29,-2.79,0.0,-0.65,0.0,0.5118110236220472,
1791372911.3256786,balance,0.015120697416274271,-0.011071124900138816,-0.014398934911821863,0.11225480597352665,-0.030862026242115943,-0.0013423939140198085,0.17434226832120941,-0.07190055344192332,0.0,0.11783215789334375,False,0.0,0.0,0.0,0.0,0.18339669919636176,0.18258491659850523,2.31,-2.84,0.0,0.0,0.0,-0.0,
1791372911.3356779,balance,0.016737082459585897,-0.010881306793987038,-0.012782549868510237,0.19052350204896795,-0.030862026242115943,-0.0013423939140198085,0.17434226832120941,-0.06939885875415004,0.0,0.11712618985632559,False,0.0,0.0,-0.09285714285714286,0.0,0.18339669919636176,0.18258491659850523,2.32,-2.74,-0.65,0.0,-0.5118110236220472,-0.0,
1791372911.3456771,balance,0.018823153933721776,-0.010909068926857259,-0.010706869206382964,0.18457473628314486,-0.030872417054124548,-0.0013423939140198085,0.17426545710461827,-0.06788985983809855,0.0,0.11645440090898453,False,0.0,0.0,0.0,0.0,0.18319383237828069,0.18258491659850523,2.48,-2.7600000000000002,0.0,0.0,0.0,-0.0,
1791372911.3556778,balance,0.019821829256373262,-0.01085108660167629,-0.009708193883731477,0.05029058515904732,-0.030872417054124548,-0.0013423939140198085,0.17426545710461827,-0.07492275301718822,0.0,0.11572063040785545,False,0.0,0.0,-0.09285714285714286,0.0,0.18319383237828069,0.18258491659850523,2.44,-2.73,-0.65,0.0,-0.5118110236220472,-0.0,
1791372911.3656764,balance,0.02049915627279014,-0.010292182761444023,-0.0090308668673146,0.07319570899579578,-0.030872417054124548,-0.0013423939140198085,0.17426545710461827,-0.07747539801403926,0.0,0.1149533628555519,False,0.0,0.0,0.0,0.0,0.18319383237828069,0.18258491659850523,2.43,-2.7800000000000002,0.0,0.0,0.0,-0.0,
1791372911.3756726,balance,0.021567750353046686,-0.009951056180134405,-0.007962272787058054,0.14127919703050254,-0.030872417054124548,-0.0013423939140198085,0.17426545710461827,-0.07129370666213755,0.0,0.11421428814712256,False,0.0,0.0,0.0,0.0,0.18319383237828069,0.18258491659850523,2.44,-2.77,0.0,0.0,0.0,-0.0,
1791372911.3856702,balance,0.023035320912396517,-0.009766694927759152,-0.006494702227708222,0.13683704103506547,-0.030872417054124548,-0.0013423939140198085,0.17426545710461827,-0.06427727508152081,0.0,0.11355696807982776,False,0.0,0.0,0.0,0.0,0.18319383237828069,0.18258491659850523,2.42,-2.79,0.0,0.0,0.0,-0.0,
1791372911.3956795,balance,0.024030982471889024,-0.009989103928782828,-0.005499040668215716,0.049894401962677984,-0.030872417054124548,-0.0013423939140198085,0.17426545710461827,-0.061234131189225244,0.0,0.11293726439419474,False,0.0,0.0,0.0,0.0,0.18319383237828069,0.18258491659850523,2.45,-2.77,0.0,0.0,0.0,-0.0,
1791372911.4056773,balance,0.024301401930783686,-0.01021189838864208,-0.005228621209321053,0.0014839884459210955,-0.030872417054124548,-0.0013423939140198085,0.17426545710461827,-0.06034231013794739,0.0,0.11232955003378317,False,0.0,0.0,0.0,0.0,0.18319383237828069,0.18258491659850523,2.47,-2.75,0.0,0.0,0.0,-0.0,
1791372911.4156737,balance,0.024406792633091402,-0.009974657832900548,-0.005123230507013337,0.008541761993560815,-0.030872417054124548,-0.0013423939140198085,0.17426545710461827,-0.055024791833109925,0.0,0.11176621983790383,False,0.0,0.0,0.0,0.0,0.18319383237828069,0.18258491659850523,2.46,-2.7800000000000002,0.0,0.0,0.0,-0.0,
1791372911.4256928,balance,0.024217001094248656,-0.009956979016654434,-0.005313022045856083,-0.02158737369875354,-0.030872417054124548,-0.0013423939140198085,0.17426545710461827,-0.05487802600574624,0.0,0.11121227766499531,False,0.0,0.0,0.0,-0.09285714285714286,0.18319383237828069,0.18258491659850523,2.5100000000000002,-2.7800000000000002,0.0,-0.65,0.0,0.5118110236220472,
1791372911.435675,balance,0.024453580015238823,-0.009764839619301503,-0.005076443124865916,0.06123475780622784,-0.030872417054124548,-0.0013423939140198085,0.17426545710461827,-0.05284430392903144,0.0,0.11069086182696954,False,0.0,0.0,0.0,0.0,0.18319383237828069,0.18258491659850523,2.42,-2.83,0.0,0.0,0.0,-0.0,
1791372911.4456768,balance,0.025335528056782748,-0.010101519703161404,-0.004194495083321991,0.118774688218106,-0.030872417054124548,-0.0013423939140198085,0.17426545710461827,-0.05611943246832445,0.0,0.11013432677304907,False,0.0,0.0,0.0,0.0,0.18319383237828069,0.18258491659850523,2.42,-2.82,0.0,0.0,0.0,-0.0,
1791372911.4556777,balance,0.02686626925126327,-0.009994086807135637,-0.0026637538888414705,0.17301678321701555,-0.030872417054124548,-0.0013423939140198085,0.17426545710461827,-0.057419502597910246,0.0,0.10956274679565851,False,0.0,0.0,0.0,0.0,0.18319383237828069,0.18258491659850523,2.43,-2.74,0.0,0.0,0.0,-0.0,
1791372911.4656785,balance,0.02852096421248974,-0.00999953019301041,-0.0010090589276149989,0.14698694545203705,-0.030872417054124548,-0.0013423939140198085,0.17426545710461827,-0.05969811532552507,0.0,0.10897460014341696,False,0.0,0.0,0.0,0.0,0.18319383237828069,0.18258491659850523,2.45,-2.75,0.0,0.0,0.0,-0.0,
1791372911.4756773,balance,0.02995578387443008,-0.01077999121451989,0.00042576073432534084,0.13628328259398537,-0.030872417054124548,-0.0013423939140198085,0.17426545710461827,-0.06503288756549733,0.0,0.1083369088748455,False,0.0,0.0,0.0,0.0,0.18319383237828069,0.18258491659850523,2.49,-2.77,0.0,0.0,0.0,-0.0,
1791372911.4857588,balance,0.03135253394378021,-0.010860672231187076,0.0018225108036754693,0.16915568556110455,-0.030872417054124548,-0.0013423939140198085,0.17426545710461827,-0.06438389558212237,0.0,0.10768526335994143,False,0.0,0.0,-0.09285714285714286,0.0,0.18319383237828069,0.18258491659850523,2.43,-2.77,-0.65,0.0,-0.5118110236220472,-0.0,
1791372911.4956715,balance,0.033104018015201755,-0.010469808122392258,0.003573994875097016,0.16795280200883086,-0.030872417054124548,-0.0013423939140198085,0.17426545710461827,-0.06234614864699664,0.0,0.10706032725802297,False,0.0,0.0,0.0,0.0,0.18319383237828069,0.18258491659850523,2.46,-2.7800000000000002,0.0,0.0,0.0,-0.0,
1791372911.5056784,balance,0.034689086824559116,-0.010234193385444734,0.005159063684454377,0.16129543411996744,-0.030872417054124548,-0.0013423939140198085,0.17426545710461827,-0.055004427793177456,0.0,0.10649121692033417,False,0.0,0.0,0.0,0.0,0.18319383237828069,0.18258491659850523,2.41,-2.8000000000000003,0.0,0.0,0.0,-0.0,
1791372911.5156703,balance,0.03583205821568122,-0.0108544024325318,0.006290409634512016,0.054960433833387334,-0.030884042495189015,-0.0013423939140198085,0.1741886062767826,-0.05383860192561334,0.0,0.10595388789695183,False,0.0,0.0,0.0,0.0,0.18319383237828069,0.18238184900170476,2.45,-2.79,0.0,0.0,0.0,-0.0,
1791372911.5256765,balance,0.03631161262498145,-0.011362486392582843,0.006769964043812242,0.05167408453913062,-0.030884042495189015,-0.0013423939140198085,0.1741886062767826,-0.04992579422279298,0.0,0.10543891798657057,False,0.0,0.0,0.0,0.0,0.18319383237828069,0.18238184900170476,2.45,-2.88,0.0,0.0,0.0,-0.0,
1791372911.5356672,balance,0.036960168520419986,-0.011033856702246651,0.007430145380315247,0.08018344464457396,-0.030872417054124548,-0.0013423939140198085,0.17426545710461827,-0.043276529417734154,0.0,0.10498888276177963,False,0.0,0.0,0.0,0.0,0.18319383237828069,0.18258491659850523,2.44,-2.79,0.0,0.0,0.0,-0.0,
1791372911.5456653,balance,0.03768679383671507,-0.010935103127727804,0.00815677069661033,0.06145551817669605,-0.030872417054124548,-0.0013423939140198085,0.17426545710461827,-0.03131738183285455,0.0,0.10464379346617657,False,0.0,0.0,0.0,0.0,0.18319383237828069,0.18258491659850523,2.44,-2.77,0.0,0.0,0.0,-0.0,
1791372911.5556722,balance,0.03772525838568611,-0.011013702906877488,0.008171334389810131,-0.044667811664931494,-0.030884042495189015,-0.0013301184993130331,0.1741886062767826,-0.02673025543719087,0.0,0.1043717675630492,False,0.0,0.0,0.0,0.0,0.18319383237828069,0.18238184900170476,2.43,-2.8000000000000003,0.0,0.0,0.0,-0.0,
1791372911.5657055,balance,0.03725380070629849,-0.011303852278667564,0.007676609698161139,-0.008074098260510275,-0.030884042495189015,-0.0013068514870516654,0.1741886062767826,-0.02580515919870317,0.0,0.10410946595421454,False,0.0,0.0,0.0,0.0,0.18319383237828069,0.18238184900170476,2.42,-2.9,0.0,0.0,0.0,-0.0,
1791372911.5756667,balance,0.03749623932949895,-0.011245136360949967,0.0079190483213616,0.05115145649606691,-0.030884042495189015,-0.0013068514870516654,0.1741886062767826,-0.01802545371812563,0.0,0.10390479775196731,False,0.0,0.0,0.09285714285714286,-0.09285714285714286,0.18319383237828069,0.18238184900170476,2.45,-2.89,0.65,-0.65,0.5118110236220472,0.5118110236220472,
1791372911.5857122,balance,0.03805604482788105,-0.010995454557964666,0.00849047926080817,0.051025704103142853,-0.030872417054124548,-0.0013068514870516654,0.17426545710461827,-0.010106631757595826,0.0,0.10378573477257698,False,0.0,0.0,0.0,0.0,0.18319383237828069,0.18258491659850523,2.44,-2.92,0.0,0.0,0.0,-0.0,
1791372911.5956712,balance,0.038058687246451506,-0.011391806285908846,0.008468773993956685,-0.04263532637517611,-0.030884042495189015,-0.0012941292426941942,0.1741886062767826,-0.00608185395482267,0.0,0.10372209886150141,False,0.0,0.0,0.0,0.0,0.18319383237828069,0.18238184900170476,2.45,-2.85,0.0,0.0,0.0,-0.0,
1791372911.6056764,balance,0.03731088405138688,-0.011622348803635054,0.00773259623995653,-0.09528146714914318,-0.030872417054124548,-0.0012941292426941942,0.17426545710461827,-0.013362111158139733,0.0,0.10361091423790768,False,0.0,0.0,0.0,0.0,0.18319383237828069,0.18258491659850523,2.42,-2.87,0.0,0.0,0.0,-0.0,
1791372911.6156764,balance,0.03704707300157555,-0.01121857564656233,0.0074576682376748145,0.032333464875290964,-0.030872417054124548,-0.00128301229022381,0.17426545710461827,-0.01132437378893711,0.0,0.10348303655216136,False,0.0,0.0,0.0,0.0,0.18319383237828069,0.18258491659850523,2.44,-2.77,0.0,0.0,0.0,-0.0,
1791372911.6256742,balance,0.03774355061844444,-0.010974198151038742,0.008154145854543705,0.09655498897140556,-0.030872417054124548,-0.00128301229022381,0.17426545710461827,-0.004274448856457609,0.0,0.10342331180989717,False,0.0,0.0,0.09285714285714286,0.0,0.18319383237828069,0.18258491659850523,2.45,-2.7600000000000002,0.65,0.0,0.5118110236220472,-0.0,
1791372911.6356714,balance,0.03874541910962148,-0.01113557668807821,0.009156014345720744,0.1009991335282968,-0.030872417054124548,-0.00128301229022381,0.17426545710461827,0.008780032491724946,0.0,0.10347706478562864,False,0.0,0.0,0.0,0.0,0.18319383237828069,0.18258491659850523,2.44,-2.7800000000000002,0.0,0.0,0.0,-0.0,
1791372911.645664,balance,0.03872389200319044,-0.011649568273958931,0.0091087383236794,-0.10448519811089017,-0.030884042495189015,-0.0012688888156779771,0.1741886062767826,-0.00026843417695255603,0.0,0.10351432889273691,False,0.0,0.0,0.0,0.0,0.18319383237828069,0.18238184900170476,2.47,-2.89,0.0,0.0,0.0,-0.0,
1791372911.6556802,balance,0.037736998494795115,-0.011469164644470613,0.008121844815284078,-0.042869040791164895,-0.030884042495189015,-0.0012688888156779771,0.1741886062767826,-0.002143079379109537,0.0,0.10348095260993927,False,0.0,0.0,0.0,0.0,0.18319383237828069,0.18238184900170476,2.43,-2.88,0.0,0.0,0.0,-0.0,
1791372911.6656857,balance,0.0377451960274251,-0.010765479006793718,0.008141667788978528,0.03527401008082319,-0.030872417054124548,-0.0012688888156779771,0.17426545710461827,0.008859034015417617,0.0,0.10354606492388313,False,0.0,0.0,0.0,0.0,0.18319383237828069,0.18258491659850523,2.46,-2.89,0.0,0.0,0.0,-0.0,
1791372911.6756651,balance,0.03804804997797654,-0.011020968169327383,0.008420383644194401,0.019060107250103424,-0.030884042495189015,-0.001256376161406876,0.1741886062767826,0.0068878624395401385,0.0,0.10362779380706336,False,0.0,0.0,0.0,0.0,0.18319383237828069,0.18238184900170476,2.44,-2.89,0.0,0.0,0.0,-0.0,
1791372911.6856954,balance,0.03855567166677036,-0.011588948130260006,0.008901665612557381,0.07313985757826515,-0.030884042495189015,-0.0012300364409760349,0.1741886062767826,0.007379824725311258,0.0,0.10370238090956184,False,0.0,0.0,0.0,0.0,0.18319383237828069,0.18238184900170476,2.45,-2.9,0.0,0.0,0.0,-0.0,
1791372911.6956794,balance,0.0392277700482402,-0.011401740151782918,0.009557093083959033,0.06826087976223393,-0.030872417054124548,-0.0012017400898433816,0.17426545710461827,0.009430544454754978,0.0,0.10379300787058766,False,0.0,0.0,0.09285714285714286,0.09285714285714286,0.18319383237828069,0.18258491659850523,2.41,-2.89,0.65,0.65,0.5118110236220472,-0.5118110236220472,
1791372911.7056751,balance,0.039647827869477986,-0.011060757302764158,0.009977150905196821,-0.010572190102884913,-0.030872417054124548,-0.0012017400898433816,0.17426545710461827,0.010278985406971777,0.0,0.10388394883578696,False,0.0,0.0,0.0,0.0,0.18319383237828069,0.18258491659850523,2.47,-2.7800000000000002,0.0,0.0,0.0,-0.0,
1791372911.7156804,balance,0.03942728678164819,-0.01086448823915191,0.009727221692181157,-0.022244005803607022,-0.030872417054124548,-0.0011723519646575165,0.17426545710461827,0.01019436975446662,0.0,0.10399308546292656,False,0.0,0.0,0.0,0.0,0.18319383237828069,0.18258491659850523,2.44,-2.7800000000000002,0.0,0.0,0.0,-0.0,
1791372911.7256708,balance,0.039327261159483345,-0.011269288357305887,0.009612848340773982,0.02861097867263096,-0.030872417054124548,-0.0011580042354151841,0.17426545710461827,0.012005466324877121,0.0,0.10410502664182922,False,0.0,0.0,0.0,0.0,0.18319383237828069,0.18258491659850523,2.45,-2.85,0.0,0.0,0.0,-0.0,
1791372911.7356842,balance,0.03962646103596888,-0.011215558560160035,0.00988557214203076,0.0265625771215626,-0.030884042495189015,-0.0011431536012508916,0.1741886062767826,0.014041807619131987,0.0,0.1042468556095039,False,0.0,0.0,0.09285714285714286,0.09285714285714286,0.18319383237828069,0.18238184900170476,2.44,-2.7800000000000002,0.65,0.65,0.5118110236220472,-0.5118110236220472,
1791372911.7456782,disarmed,0.03734363154531671,-0.012080608487931318,0.00988557214203076,0.0265625771215626,-0.0314289621123799,-0.0011431536012508916,0.17111051814395795,0.014041807619131987,0.0,0.1042468556095039,False,0.0,0.0,0.09285714285714286,0.09285714285714286,0.17933024238933284,0.178106712007808,2.44,-2.7800000000000002,0.65,0.65,0.5118110236220472,-0.5118110236220472,
1791372911.7590923,disarmed,0.03734363154531671,-0.012080608487931318,0.00988557214203076,0.0265625771215626,-0.0314289621123799,-0.0011431536012508916,0.17111051814395795,0.014041807619131987,0.0,0.1042468556095039,False,0.0,0.0,0.09285714285714286,0.09285714285714286,0.17933024238933284,0.178106712007808,2.44,-2.7800000000000002,0.65,0.65,0.5118110236220472,-0.5118110236220472,
1791372911.765673,disarmed,0.037498693145727416,-0.012546846389724574,0.00988557214203076,0.0265625771215626,-0.031564799853798585,-0.0011431536012508916,0.17049380691123048,0.014041807619131987,0.0,0.1042468556095039,False,0.0,0.0,0.09285714285714286,0.09285714285714286,0.17851471153835144,0.17729008290793194,2.44,-2.7800000000000002,0.65,0.65,0.5118110236220472,-0.5118110236220472,
1791372911.7756758,disarmed,0.036290442381185825,-0.01339474991847196,0.00988557214203076,0.0265625771215626,-0.03190590483150511,-0.0011431536012508916,0.16910570780301573,0.014041807619131987,0.0,0.1042468556095039,False,0.0,0.0,0.09285714285714286,0.09285714285714286,0.17647285020255438,0.17565490753950144,2.44,-2.7800000000000002,0.65,0.65,0.5118110236220472,-0.5118110236220472,
1791372911.785712,disarmed,0.03556889483093079,-0.014458717686387,0.00988557214203076,0.0265625771215626,-0.032397832804645955,-0.0011431536012508916,0.1674061729321041,0.014041807619131987,0.0,0.1042468556095039,False,0.0,0.0,0.09285714285714286,0.09285714285714286,0.1744267638467268,0.17319731086333984,2.44,-2.7800000000000002,0.65,0.65,0.5118110236220472,-0.5118110236220472,
1791372911.7956614,disarmed,0.03560213564293445,-0.01517105098429671,0.00988557214203076,0.0265625771215626,-0.03340108276287149,-0.0011431536012508916,0.16462246982917714,0.014041807619131987,0.0,0.1042468556095039,False,0.0,0.0,0.09285714285714286,0.09285714285714286,0.17114529419095692,0.1690899180992253,2.44,-2.7800000000000002,0.65,0.65,0.5118110236220472,-0.5118110236220472,
1791372911.8056757,disarmed,0.03667415035840697,-0.014778103575456518,0.00988557214203076,0.0265625771215626,-0.035104882912928966,-0.0011431536012508916,0.1609835650891117,0.014041807619131987,0.0,0.1042468556095039,False,0.0,0.0,0.09285714285714286,0.09285714285714286,0.16620761990246663,0.16435204639444206,2.44,-2.7800000000000002,0.65,0.65,0.5118110236220472,-0.5118110236220472,
